example_id,variant_id,source_scenario_id,source_match_id,variant_seed,queue_position,curriculum_priority,hard_example_rank,baseline_name,state_key,expert_move,sample_weight,split,actual_move,predicted_move,prediction_correct,predicted_move_legal,legal_move_signature,legal_move_count,probability__Ascension,probability__Bind Down,probability__Live Coal,probability__Pass,probability__Quick Attack,probability__Tuck Tail
NB48_LOSS_10__balanced_midgame__b38b454597c7,NB48_LOSS_10__balanced_midgame__b38b454597c7,NB48_LOSS_10,10,1941185082,87,2.0,87,Random Baseline,"[[[[""650"", ""Bulbasaur""], 60.0, 2, ""None"", 20.0, true], [], 4, 5], [[[""43"", ""Eevee""], 37.5, 2, ""None"", 12.5, true], [], 4, 5], 5, ""Opponent""]",Ascension,1.6335,Training,Ascension,Ascension,True,True,ascension,1.0,1.0,0.0,0.0,0.0,0.0,0.0
NB48_LOSS_10__counterfactual_side_early__d862febbde1a,NB48_LOSS_10__counterfactual_side_early__d862febbde1a,NB48_LOSS_10,10,1562815838,87,2.0,87,Random Baseline,"[[[[""650"", ""Bulbasaur""], 72.0, 1, ""None"", 8.0, true], [], 5, 6], [[[""43"", ""Eevee""], 45.0, 1, ""None"", 5.0, true], [], 5, 6], 3, ""Player""]",Bind Down,0.99,Training,Bind Down,Bind Down,True,True,bind down,1.0,0.0,1.0,0.0,0.0,0.0,0.0
NB48_LOSS_10__counterfactual_side_late__8c8e50dd4698,NB48_LOSS_10__counterfactual_side_late__8c8e50dd4698,NB48_LOSS_10,10,1102531231,87,2.0,87,Random Baseline,"[[[[""650"", ""Bulbasaur""], 44.0, 3, ""None"", 36.0, true], [], 3, 4], [[[""43"", ""Eevee""], 27.5, 3, ""None"", 22.5, true], [], 3, 4], 8, ""Player""]",Bind Down,0.99,Training,Bind Down,Bind Down,True,True,bind down,1.0,0.0,1.0,0.0,0.0,0.0,0.0
NB48_LOSS_10__critical_hp_decision__437af3f25399,NB48_LOSS_10__critical_hp_decision__437af3f25399,NB48_LOSS_10,10,1533408126,87,2.0,87,Random Baseline,"[[[[""650"", ""Bulbasaur""], 24.0, 4, ""None"", 56.0, true], [], 2, 3], [[[""43"", ""Eevee""], 22.5, 4, ""None"", 27.5, true], [], 2, 3], 10, ""Opponent""]",Quick Attack,1.8785,Training,Quick Attack,Quick Attack,True,True,ascension | quick attack,2.0,0.0,0.0,0.0,0.0,1.0,0.0
NB48_LOSS_10__early_pressure__86616f3937c2,NB48_LOSS_10__early_pressure__86616f3937c2,NB48_LOSS_10,10,1851208657,87,2.0,87,Random Baseline,"[[[[""650"", ""Bulbasaur""], 68.0, 1, ""None"", 12.0, true], [], 5, 6], [[[""43"", ""Eevee""], 47.5, 2, ""None"", 2.5, true], [], 5, 6], 3, ""Opponent""]",Ascension,1.6335,Training,Ascension,Ascension,True,True,ascension,1.0,1.0,0.0,0.0,0.0,0.0,0.0
NB48_LOSS_10__late_game_prize_pressure__7a59d0987687,NB48_LOSS_10__late_game_prize_pressure__7a59d0987687,NB48_LOSS_10,10,2244822415,87,2.0,87,Random Baseline,"[[[[""650"", ""Bulbasaur""], 48.0, 3, ""None"", 32.0, true], [], 2, 3], [[[""43"", ""Eevee""], 30.0, 3, ""None"", 20.0, true], [], 2, 3], 9, ""Opponent""]",Quick Attack,1.8785,Training,Quick Attack,Quick Attack,True,True,ascension | quick attack,2.0,0.0,0.0,0.0,0.0,1.0,0.0
NB48_LOSS_10__opening_one_energy__1ebb255cddbe,NB48_LOSS_10__opening_one_energy__1ebb255cddbe,NB48_LOSS_10,10,2332825554,87,2.0,87,Random Baseline,"[[[[""650"", ""Bulbasaur""], 80.0, 1, ""None"", 0.0, true], [], 6, 6], [[[""43"", ""Eevee""], 50.0, 1, ""None"", 0.0, true], [], 6, 6], 2, ""Opponent""]",Ascension,1.6335,Training,Ascension,Ascension,True,True,ascension,1.0,1.0,0.0,0.0,0.0,0.0,0.0
NB48_LOSS_10__opening_zero_energy__73ce727eea86,NB48_LOSS_10__opening_zero_energy__73ce727eea86,NB48_LOSS_10,10,1197621522,87,2.0,87,Random Baseline,"[[[[""650"", ""Bulbasaur""], 80.0, 0, ""None"", 0.0, true], [], 6, 7], [[[""43"", ""Eevee""], 50.0, 0, ""None"", 0.0, true], [], 6, 7], 1, ""Opponent""]",Pass,1.6335,Training,Pass,Pass,True,True,pass,1.0,0.0,0.0,0.0,1.0,0.0,0.0
NB48_LOSS_10__opponent_under_pressure__7f432504dc1c,NB48_LOSS_10__opponent_under_pressure__7f432504dc1c,NB48_LOSS_10,10,2443428846,87,2.0,87,Random Baseline,"[[[[""650"", ""Bulbasaur""], 68.0, 3, ""None"", 12.0, true], [], 4, 5], [[[""43"", ""Eevee""], 25.0, 2, ""None"", 25.0, true], [], 4, 5], 6, ""Opponent""]",Ascension,1.6335,Training,Ascension,Ascension,True,True,ascension,1.0,1.0,0.0,0.0,0.0,0.0,0.0
NB48_LOSS_10__player_under_pressure__68266a0c05f9,NB48_LOSS_10__player_under_pressure__68266a0c05f9,NB48_LOSS_10,10,2519685726,87,2.0,87,Random Baseline,"[[[[""650"", ""Bulbasaur""], 40.0, 2, ""None"", 40.0, true], [], 4, 4], [[[""43"", ""Eevee""], 42.5, 3, ""None"", 7.5, true], [], 4, 4], 6, ""Opponent""]",Quick Attack,1.8785,Training,Quick Attack,Quick Attack,True,True,ascension | quick attack,2.0,0.0,0.0,0.0,0.0,1.0,0.0
NB48_LOSS_102__balanced_midgame__6cbd98a5d3f9,NB48_LOSS_102__balanced_midgame__6cbd98a5d3f9,NB48_LOSS_102,102,2603467337,44,4.0,44,Greedy Damage Baseline,"[[[[""788"", ""Charmander""], 60.0, 2, ""None"", 20.0, true], [], 4, 5], [[[""43"", ""Eevee""], 37.5, 2, ""None"", 12.5, true], [], 4, 5], 5, ""Opponent""]",Ascension,1.6335,Training,Ascension,Ascension,True,True,ascension,1.0,1.0,0.0,0.0,0.0,0.0,0.0
NB48_LOSS_102__counterfactual_side_early__dbac05937892,NB48_LOSS_102__counterfactual_side_early__dbac05937892,NB48_LOSS_102,102,1446765481,44,4.0,44,Greedy Damage Baseline,"[[[[""788"", ""Charmander""], 72.0, 1, ""None"", 8.0, true], [], 5, 6], [[[""43"", ""Eevee""], 45.0, 1, ""None"", 5.0, true], [], 5, 6], 3, ""Player""]",Live Coal,0.99,Training,Live Coal,Live Coal,True,True,live coal,1.0,0.0,0.0,1.0,0.0,0.0,0.0
NB48_LOSS_102__counterfactual_side_late__27ad5dd904cd,NB48_LOSS_102__counterfactual_side_late__27ad5dd904cd,NB48_LOSS_102,102,100410829,44,4.0,44,Greedy Damage Baseline,"[[[[""788"", ""Charmander""], 44.0, 3, ""None"", 36.0, true], [], 3, 4], [[[""43"", ""Eevee""], 27.5, 3, ""None"", 22.5, true], [], 3, 4], 8, ""Player""]",Live Coal,0.99,Training,Live Coal,Live Coal,True,True,live coal,1.0,0.0,0.0,1.0,0.0,0.0,0.0
NB48_LOSS_102__critical_hp_decision__e5fbda022e6a,NB48_LOSS_102__critical_hp_decision__e5fbda022e6a,NB48_LOSS_102,102,4057317896,44,4.0,44,Greedy Damage Baseline,"[[[[""788"", ""Charmander""], 24.0, 4, ""None"", 56.0, true], [], 2, 3], [[[""43"", ""Eevee""], 22.5, 4, ""None"", 27.5, true], [], 2, 3], 10, ""Opponent""]",Quick Attack,1.8785,Training,Quick Attack,Quick Attack,True,True,ascension | quick attack,2.0,0.0,0.0,0.0,0.0,1.0,0.0
NB48_LOSS_102__early_pressure__0e36d85bc9ed,NB48_LOSS_102__early_pressure__0e36d85bc9ed,NB48_LOSS_102,102,617037287,44,4.0,44,Greedy Damage Baseline,"[[[[""788"", ""Charmander""], 68.0, 1, ""None"", 12.0, true], [], 5, 6], [[[""43"", ""Eevee""], 47.5, 2, ""None"", 2.5, true], [], 5, 6], 3, ""Opponent""]",Ascension,1.6335,Training,Ascension,Ascension,True,True,ascension,1.0,1.0,0.0,0.0,0.0,0.0,0.0
NB48_LOSS_102__late_game_prize_pressure__459abfae3091,NB48_LOSS_102__late_game_prize_pressure__459abfae3091,NB48_LOSS_102,102,2274584350,44,4.0,44,Greedy Damage Baseline,"[[[[""788"", ""Charmander""], 48.0, 3, ""None"", 32.0, true], [], 2, 3], [[[""43"", ""Eevee""], 30.0, 3, ""None"", 20.0, true], [], 2, 3], 9, ""Opponent""]",Quick Attack,1.8785,Training,Quick Attack,Quick Attack,True,True,ascension | quick attack,2.0,0.0,0.0,0.0,0.0,1.0,0.0
NB48_LOSS_102__opening_one_energy__e8252476e44b,NB48_LOSS_102__opening_one_energy__e8252476e44b,NB48_LOSS_102,102,2685710121,44,4.0,44,Greedy Damage Baseline,"[[[[""788"", ""Charmander""], 80.0, 1, ""None"", 0.0, true], [], 6, 6], [[[""43"", ""Eevee""], 50.0, 1, ""None"", 0.0, true], [], 6, 6], 2, ""Opponent""]",Ascension,1.6335,Training,Ascension,Ascension,True,True,ascension,1.0,1.0,0.0,0.0,0.0,0.0,0.0
NB48_LOSS_102__opening_zero_energy__0791f71be39c,NB48_LOSS_102__opening_zero_energy__0791f71be39c,NB48_LOSS_102,102,3443814157,44,4.0,44,Greedy Damage Baseline,"[[[[""788"", ""Charmander""], 80.0, 0, ""None"", 0.0, true], [], 6, 7], [[[""43"", ""Eevee""], 50.0, 0, ""None"", 0.0, true], [], 6, 7], 1, ""Opponent""]",Pass,1.6335,Training,Pass,Pass,True,True,pass,1.0,0.0,0.0,0.0,1.0,0.0,0.0
NB48_LOSS_102__opponent_under_pressure__d622f261ddf2,NB48_LOSS_102__opponent_under_pressure__d622f261ddf2,NB48_LOSS_102,102,3885320627,44,4.0,44,Greedy Damage Baseline,"[[[[""788"", ""Charmander""], 68.0, 3, ""None"", 12.0, true], [], 4, 5], [[[""43"", ""Eevee""], 25.0, 2, ""None"", 25.0, true], [], 4, 5], 6, ""Opponent""]",Ascension,1.6335,Training,Ascension,Ascension,True,True,ascension,1.0,1.0,0.0,0.0,0.0,0.0,0.0
NB48_LOSS_102__player_under_pressure__f269ffb3fd85,NB48_LOSS_102__player_under_pressure__f269ffb3fd85,NB48_LOSS_102,102,2279054716,44,4.0,44,Greedy Damage Baseline,"[[[[""788"", ""Charmander""], 40.0, 2, ""None"", 40.0, true], [], 4, 4], [[[""43"", ""Eevee""], 42.5, 3, ""None"", 7.5, true], [], 4, 4], 6, ""Opponent""]",Quick Attack,1.8785,Training,Quick Attack,Quick Attack,True,True,ascension | quick attack,2.0,0.0,0.0,0.0,0.0,1.0,0.0
NB48_LOSS_11__balanced_midgame__bd59f62f20d3,NB48_LOSS_11__balanced_midgame__bd59f62f20d3,NB48_LOSS_11,11,445076724,103,1.0,103,Random Baseline,"[[[[""43"", ""Eevee""], 37.5, 2, ""None"", 12.5, true], [], 4, 5], [[[""788"", ""Charmander""], 60.0, 2, ""None"", 20.0, true], [], 4, 5], 5, ""Player""]",Ascension,1.21,Training,Ascension,Ascension,True,True,ascension,1.0,1.0,0.0,0.0,0.0,0.0,0.0
NB48_LOSS_11__counterfactual_side_early__c07dc71a35cd,NB48_LOSS_11__counterfactual_side_early__c07dc71a35cd,NB48_LOSS_11,11,2484615175,103,1.0,103,Random Baseline,"[[[[""43"", ""Eevee""], 45.0, 1, ""None"", 5.0, true], [], 5, 6], [[[""788"", ""Charmander""], 72.0, 1, ""None"", 8.0, true], [], 5, 6], 3, ""Opponent""]",Live Coal,1.3365,Training,Live Coal,Live Coal,True,True,live coal,1.0,0.0,0.0,1.0,0.0,0.0,0.0
NB48_LOSS_11__counterfactual_side_late__4af1b8abf9b7,NB48_LOSS_11__counterfactual_side_late__4af1b8abf9b7,NB48_LOSS_11,11,3016273181,103,1.0,103,Random Baseline,"[[[[""43"", ""Eevee""], 27.5, 3, ""None"", 22.5, true], [], 3, 4], [[[""788"", ""Charmander""], 44.0, 3, ""None"", 36.0, true], [], 3, 4], 8, ""Opponent""]",Live Coal,1.3365,Training,Live Coal,Live Coal,True,True,live coal,1.0,0.0,0.0,1.0,0.0,0.0,0.0
NB48_LOSS_11__critical_hp_decision__bac0467a37c9,NB48_LOSS_11__critical_hp_decision__bac0467a37c9,NB48_LOSS_11,11,1220682024,103,1.0,103,Random Baseline,"[[[[""43"", ""Eevee""], 15.0, 4, ""None"", 35.0, true], [], 2, 3], [[[""788"", ""Charmander""], 36.0, 4, ""None"", 44.0, true], [], 2, 3], 10, ""Player""]",Quick Attack,1.3915,Training,Quick Attack,Quick Attack,True,True,ascension | quick attack,2.0,0.0,0.0,0.0,0.0,1.0,0.0
NB48_LOSS_11__early_pressure__cf73e97418be,NB48_LOSS_11__early_pressure__cf73e97418be,NB48_LOSS_11,11,608639716,103,1.0,103,Random Baseline,"[[[[""43"", ""Eevee""], 42.5, 1, ""None"", 7.5, true], [], 5, 6], [[[""788"", ""Charmander""], 76.0, 2, ""None"", 4.0, true], [], 5, 6], 3, ""Player""]",Ascension,1.21,Training,Ascension,Ascension,True,True,ascension,1.0,1.0,0.0,0.0,0.0,0.0,0.0
NB48_LOSS_11__late_game_prize_pressure__4225c967cc2d,NB48_LOSS_11__late_game_prize_pressure__4225c967cc2d,NB48_LOSS_11,11,709550805,103,1.0,103,Random Baseline,"[[[[""43"", ""Eevee""], 30.0, 3, ""None"", 20.0, true], [], 2, 3], [[[""788"", ""Charmander""], 48.0, 3, ""None"", 32.0, true], [], 2, 3], 9, ""Player""]",Quick Attack,1.3915,Training,Quick Attack,Quick Attack,True,True,ascension | quick attack,2.0,0.0,0.0,0.0,0.0,1.0,0.0
NB48_LOSS_11__opening_one_energy__f7b9cf263fc1,NB48_LOSS_11__opening_one_energy__f7b9cf263fc1,NB48_LOSS_11,11,2780589662,103,1.0,103,Random Baseline,"[[[[""43"", ""Eevee""], 50.0, 1, ""None"", 0.0, true], [], 6, 6], [[[""788"", ""Charmander""], 80.0, 1, ""None"", 0.0, true], [], 6, 6], 2, ""Player""]",Ascension,1.21,Training,Ascension,Ascension,True,True,ascension,1.0,1.0,0.0,0.0,0.0,0.0,0.0
NB48_LOSS_11__opening_zero_energy__4edf12bd391e,NB48_LOSS_11__opening_zero_energy__4edf12bd391e,NB48_LOSS_11,11,709124372,103,1.0,103,Random Baseline,"[[[[""43"", ""Eevee""], 50.0, 0, ""None"", 0.0, true], [], 6, 7], [[[""788"", ""Charmander""], 80.0, 0, ""None"", 0.0, true], [], 6, 7], 1, ""Player""]",Pass,1.21,Training,Pass,Pass,True,True,pass,1.0,0.0,0.0,0.0,1.0,0.0,0.0
NB48_LOSS_11__opponent_under_pressure__e9c22b5c05a3,NB48_LOSS_11__opponent_under_pressure__e9c22b5c05a3,NB48_LOSS_11,11,3969174972,103,1.0,103,Random Baseline,"[[[[""43"", ""Eevee""], 42.5, 3, ""None"", 7.5, true], [], 4, 5], [[[""788"", ""Charmander""], 40.0, 2, ""None"", 40.0, true], [], 4, 5], 6, ""Player""]",Quick Attack,1.3915,Training,Quick Attack,Quick Attack,True,True,ascension | quick attack,2.0,0.0,0.0,0.0,0.0,1.0,0.0
NB48_LOSS_11__player_under_pressure__6b48ed2bd74f,NB48_LOSS_11__player_under_pressure__6b48ed2bd74f,NB48_LOSS_11,11,548955807,103,1.0,103,Random Baseline,"[[[[""43"", ""Eevee""], 25.0, 2, ""None"", 25.0, true], [], 4, 4], [[[""788"", ""Charmander""], 68.0, 3, ""None"", 12.0, true], [], 4, 4], 6, ""Player""]",Ascension,1.21,Training,Ascension,Ascension,True,True,ascension,1.0,1.0,0.0,0.0,0.0,0.0,0.0
NB48_LOSS_110__balanced_midgame__0582cf1d942c,NB48_LOSS_110__balanced_midgame__0582cf1d942c,NB48_LOSS_110,110,2031088021,46,4.0,46,Greedy Damage Baseline,"[[[[""650"", ""Bulbasaur""], 60.0, 2, ""None"", 20.0, true], [], 4, 5], [[[""43"", ""Eevee""], 37.5, 2, ""None"", 12.5, true], [], 4, 5], 5, ""Opponent""]",Ascension,1.6335,Training,Ascension,Ascension,True,True,ascension,1.0,1.0,0.0,0.0,0.0,0.0,0.0
NB48_LOSS_110__counterfactual_side_early__67b9e9aab238,NB48_LOSS_110__counterfactual_side_early__67b9e9aab238,NB48_LOSS_110,110,968332468,46,4.0,46,Greedy Damage Baseline,"[[[[""650"", ""Bulbasaur""], 72.0, 1, ""None"", 8.0, true], [], 5, 6], [[[""43"", ""Eevee""], 45.0, 1, ""None"", 5.0, true], [], 5, 6], 3, ""Player""]",Bind Down,0.99,Training,Bind Down,Bind Down,True,True,bind down,1.0,0.0,1.0,0.0,0.0,0.0,0.0
NB48_LOSS_110__counterfactual_side_late__ff0828a4a3f6,NB48_LOSS_110__counterfactual_side_late__ff0828a4a3f6,NB48_LOSS_110,110,3864092087,46,4.0,46,Greedy Damage Baseline,"[[[[""650"", ""Bulbasaur""], 44.0, 3, ""None"", 36.0, true], [], 3, 4], [[[""43"", ""Eevee""], 27.5, 3, ""None"", 22.5, true], [], 3, 4], 8, ""Player""]",Bind Down,0.99,Training,Bind Down,Bind Down,True,True,bind down,1.0,0.0,1.0,0.0,0.0,0.0,0.0
NB48_LOSS_110__critical_hp_decision__6b0f6b8a3212,NB48_LOSS_110__critical_hp_decision__6b0f6b8a3212,NB48_LOSS_110,110,1277935044,46,4.0,46,Greedy Damage Baseline,"[[[[""650"", ""Bulbasaur""], 24.0, 4, ""None"", 56.0, true], [], 2, 3], [[[""43"", ""Eevee""], 22.5, 4, ""None"", 27.5, true], [], 2, 3], 10, ""Opponent""]",Quick Attack,1.8785,Training,Quick Attack,Quick Attack,True,True,ascension | quick attack,2.0,0.0,0.0,0.0,0.0,1.0,0.0
NB48_LOSS_110__early_pressure__768641b992df,NB48_LOSS_110__early_pressure__768641b992df,NB48_LOSS_110,110,2971123357,46,4.0,46,Greedy Damage Baseline,"[[[[""650"", ""Bulbasaur""], 68.0, 1, ""None"", 12.0, true], [], 5, 6], [[[""43"", ""Eevee""], 47.5, 2, ""None"", 2.5, true], [], 5, 6], 3, ""Opponent""]",Ascension,1.6335,Training,Ascension,Ascension,True,True,ascension,1.0,1.0,0.0,0.0,0.0,0.0,0.0
NB48_LOSS_110__late_game_prize_pressure__7763b37ce6d1,NB48_LOSS_110__late_game_prize_pressure__7763b37ce6d1,NB48_LOSS_110,110,2558747788,46,4.0,46,Greedy Damage Baseline,"[[[[""650"", ""Bulbasaur""], 48.0, 3, ""None"", 32.0, true], [], 2, 3], [[[""43"", ""Eevee""], 30.0, 3, ""None"", 20.0, true], [], 2, 3], 9, ""Opponent""]",Quick Attack,1.8785,Training,Quick Attack,Quick Attack,True,True,ascension | quick attack,2.0,0.0,0.0,0.0,0.0,1.0,0.0
NB48_LOSS_110__opening_one_energy__6a5b001b4715,NB48_LOSS_110__opening_one_energy__6a5b001b4715,NB48_LOSS_110,110,2102089132,46,4.0,46,Greedy Damage Baseline,"[[[[""650"", ""Bulbasaur""], 80.0, 1, ""None"", 0.0, true], [], 6, 6], [[[""43"", ""Eevee""], 50.0, 1, ""None"", 0.0, true], [], 6, 6], 2, ""Opponent""]",Ascension,1.6335,Training,Ascension,Ascension,True,True,ascension,1.0,1.0,0.0,0.0,0.0,0.0,0.0
NB48_LOSS_110__opening_zero_energy__79c63bed3a36,NB48_LOSS_110__opening_zero_energy__79c63bed3a36,NB48_LOSS_110,110,4109199480,46,4.0,46,Greedy Damage Baseline,"[[[[""650"", ""Bulbasaur""], 80.0, 0, ""None"", 0.0, true], [], 6, 7], [[[""43"", ""Eevee""], 50.0, 0, ""None"", 0.0, true], [], 6, 7], 1, ""Opponent""]",Pass,1.6335,Training,Pass,Pass,True,True,pass,1.0,0.0,0.0,0.0,1.0,0.0,0.0
NB48_LOSS_110__opponent_under_pressure__55cf2a320592,NB48_LOSS_110__opponent_under_pressure__55cf2a320592,NB48_LOSS_110,110,3403207001,46,4.0,46,Greedy Damage Baseline,"[[[[""650"", ""Bulbasaur""], 68.0, 3, ""None"", 12.0, true], [], 4, 5], [[[""43"", ""Eevee""], 25.0, 2, ""None"", 25.0, true], [], 4, 5], 6, ""Opponent""]",Ascension,1.6335,Training,Ascension,Ascension,True,True,ascension,1.0,1.0,0.0,0.0,0.0,0.0,0.0
NB48_LOSS_110__player_under_pressure__b7497838e458,NB48_LOSS_110__player_under_pressure__b7497838e458,NB48_LOSS_110,110,2147203713,46,4.0,46,Greedy Damage Baseline,"[[[[""650"", ""Bulbasaur""], 40.0, 2, ""None"", 40.0, true], [], 4, 4], [[[""43"", ""Eevee""], 42.5, 3, ""None"", 7.5, true], [], 4, 4], 6, ""Opponent""]",Quick Attack,1.8785,Training,Quick Attack,Quick Attack,True,True,ascension | quick attack,2.0,0.0,0.0,0.0,0.0,1.0,0.0
NB48_LOSS_111__balanced_midgame__b9dc3fdd8e4f,NB48_LOSS_111__balanced_midgame__b9dc3fdd8e4f,NB48_LOSS_111,111,522537734,95,2.0,95,Greedy Damage Baseline,"[[[[""43"", ""Eevee""], 37.5, 2, ""None"", 12.5, true], [], 4, 5], [[[""788"", ""Charmander""], 60.0, 2, ""None"", 20.0, true], [], 4, 5], 5, ""Player""]",Ascension,1.21,Training,Ascension,Ascension,True,True,ascension,1.0,1.0,0.0,0.0,0.0,0.0,0.0
NB48_LOSS_111__counterfactual_side_early__1fd4df67b05f,NB48_LOSS_111__counterfactual_side_early__1fd4df67b05f,NB48_LOSS_111,111,3928119980,95,2.0,95,Greedy Damage Baseline,"[[[[""43"", ""Eevee""], 45.0, 1, ""None"", 5.0, true], [], 5, 6], [[[""788"", ""Charmander""], 72.0, 1, ""None"", 8.0, true], [], 5, 6], 3, ""Opponent""]",Live Coal,1.3365,Training,Live Coal,Live Coal,True,True,live coal,1.0,0.0,0.0,1.0,0.0,0.0,0.0
NB48_LOSS_111__counterfactual_side_late__da2a7c89c6c9,NB48_LOSS_111__counterfactual_side_late__da2a7c89c6c9,NB48_LOSS_111,111,924067850,95,2.0,95,Greedy Damage Baseline,"[[[[""43"", ""Eevee""], 27.5, 3, ""None"", 22.5, true], [], 3, 4], [[[""788"", ""Charmander""], 44.0, 3, ""None"", 36.0, true], [], 3, 4], 8, ""Opponent""]",Live Coal,1.3365,Training,Live Coal,Live Coal,True,True,live coal,1.0,0.0,0.0,1.0,0.0,0.0,0.0
NB48_LOSS_111__critical_hp_decision__585d1c42f2c2,NB48_LOSS_111__critical_hp_decision__585d1c42f2c2,NB48_LOSS_111,111,304550894,95,2.0,95,Greedy Damage Baseline,"[[[[""43"", ""Eevee""], 15.0, 4, ""None"", 35.0, true], [], 2, 3], [[[""788"", ""Charmander""], 36.0, 4, ""None"", 44.0, true], [], 2, 3], 10, ""Player""]",Quick Attack,1.3915,Training,Quick Attack,Quick Attack,True,True,ascension | quick attack,2.0,0.0,0.0,0.0,0.0,1.0,0.0
NB48_LOSS_111__early_pressure__2fe5dea8ba70,NB48_LOSS_111__early_pressure__2fe5dea8ba70,NB48_LOSS_111,111,1442143968,95,2.0,95,Greedy Damage Baseline,"[[[[""43"", ""Eevee""], 42.5, 1, ""None"", 7.5, true], [], 5, 6], [[[""788"", ""Charmander""], 76.0, 2, ""None"", 4.0, true], [], 5, 6], 3, ""Player""]",Ascension,1.21,Training,Ascension,Ascension,True,True,ascension,1.0,1.0,0.0,0.0,0.0,0.0,0.0
NB48_LOSS_111__late_game_prize_pressure__94b3ebdaf387,NB48_LOSS_111__late_game_prize_pressure__94b3ebdaf387,NB48_LOSS_111,111,4035424629,95,2.0,95,Greedy Damage Baseline,"[[[[""43"", ""Eevee""], 30.0, 3, ""None"", 20.0, true], [], 2, 3], [[[""788"", ""Charmander""], 48.0, 3, ""None"", 32.0, true], [], 2, 3], 9, ""Player""]",Quick Attack,1.3915,Training,Quick Attack,Quick Attack,True,True,ascension | quick attack,2.0,0.0,0.0,0.0,0.0,1.0,0.0
NB48_LOSS_111__opening_one_energy__025fa7c4c42c,NB48_LOSS_111__opening_one_energy__025fa7c4c42c,NB48_LOSS_111,111,3823592087,95,2.0,95,Greedy Damage Baseline,"[[[[""43"", ""Eevee""], 50.0, 1, ""None"", 0.0, true], [], 6, 6], [[[""788"", ""Charmander""], 80.0, 1, ""None"", 0.0, true], [], 6, 6], 2, ""Player""]",Ascension,1.21,Training,Ascension,Ascension,True,True,ascension,1.0,1.0,0.0,0.0,0.0,0.0,0.0
NB48_LOSS_111__opening_zero_energy__8f82b4c89f9a,NB48_LOSS_111__opening_zero_energy__8f82b4c89f9a,NB48_LOSS_111,111,1972051759,95,2.0,95,Greedy Damage Baseline,"[[[[""43"", ""Eevee""], 50.0, 0, ""None"", 0.0, true], [], 6, 7], [[[""788"", ""Charmander""], 80.0, 0, ""None"", 0.0, true], [], 6, 7], 1, ""Player""]",Pass,1.21,Training,Pass,Pass,True,True,pass,1.0,0.0,0.0,0.0,1.0,0.0,0.0
NB48_LOSS_111__opponent_under_pressure__77d5c6db3b9e,NB48_LOSS_111__opponent_under_pressure__77d5c6db3b9e,NB48_LOSS_111,111,1899526970,95,2.0,95,Greedy Damage Baseline,"[[[[""43"", ""Eevee""], 42.5, 3, ""None"", 7.5, true], [], 4, 5], [[[""788"", ""Charmander""], 40.0, 2, ""None"", 40.0, true], [], 4, 5], 6, ""Player""]",Quick Attack,1.3915,Training,Quick Attack,Quick Attack,True,True,ascension | quick attack,2.0,0.0,0.0,0.0,0.0,1.0,0.0
NB48_LOSS_111__player_under_pressure__dd56cfe90e86,NB48_LOSS_111__player_under_pressure__dd56cfe90e86,NB48_LOSS_111,111,1697045385,95,2.0,95,Greedy Damage Baseline,"[[[[""43"", ""Eevee""], 25.0, 2, ""None"", 25.0, true], [], 4, 4], [[[""788"", ""Charmander""], 68.0, 3, ""None"", 12.0, true], [], 4, 4], 6, ""Player""]",Ascension,1.21,Training,Ascension,Ascension,True,True,ascension,1.0,1.0,0.0,0.0,0.0,0.0,0.0
NB48_LOSS_116__balanced_midgame__14e8d18e776c,NB48_LOSS_116__balanced_midgame__14e8d18e776c,NB48_LOSS_116,116,1954004856,36,5.333333333333333,36,Greedy Damage Baseline,"[[[[""650"", ""Bulbasaur""], 60.0, 2, ""None"", 20.0, true], [], 4, 5], [[[""43"", ""Eevee""], 37.5, 2, ""None"", 12.5, true], [], 4, 5], 5, ""Opponent""]",Ascension,1.6335,Training,Ascension,Ascension,True,True,ascension,1.0,1.0,0.0,0.0,0.0,0.0,0.0
NB48_LOSS_116__counterfactual_side_early__b8d1f217087d,NB48_LOSS_116__counterfactual_side_early__b8d1f217087d,NB48_LOSS_116,116,428464095,36,5.333333333333333,36,Greedy Damage Baseline,"[[[[""650"", ""Bulbasaur""], 72.0, 1, ""None"", 8.0, true], [], 5, 6], [[[""43"", ""Eevee""], 45.0, 1, ""None"", 5.0, true], [], 5, 6], 3, ""Player""]",Bind Down,0.99,Training,Bind Down,Bind Down,True,True,bind down,1.0,0.0,1.0,0.0,0.0,0.0,0.0
NB48_LOSS_116__counterfactual_side_late__cd33307aed69,NB48_LOSS_116__counterfactual_side_late__cd33307aed69,NB48_LOSS_116,116,2828636366,36,5.333333333333333,36,Greedy Damage Baseline,"[[[[""650"", ""Bulbasaur""], 44.0, 3, ""None"", 36.0, true], [], 3, 4], [[[""43"", ""Eevee""], 27.5, 3, ""None"", 22.5, true], [], 3, 4], 8, ""Player""]",Bind Down,0.99,Training,Bind Down,Bind Down,True,True,bind down,1.0,0.0,1.0,0.0,0.0,0.0,0.0
NB48_LOSS_116__critical_hp_decision__f46d9034bb37,NB48_LOSS_116__critical_hp_decision__f46d9034bb37,NB48_LOSS_116,116,262470498,36,5.333333333333333,36,Greedy Damage Baseline,"[[[[""650"", ""Bulbasaur""], 24.0, 4, ""None"", 56.0, true], [], 2, 3], [[[""43"", ""Eevee""], 22.5, 4, ""None"", 27.5, true], [], 2, 3], 10, ""Opponent""]",Quick Attack,1.8785,Training,Quick Attack,Quick Attack,True,True,ascension | quick attack,2.0,0.0,0.0,0.0,0.0,1.0,0.0
NB48_LOSS_116__early_pressure__fb9c50da2d9c,NB48_LOSS_116__early_pressure__fb9c50da2d9c,NB48_LOSS_116,116,555805582,36,5.333333333333333,36,Greedy Damage Baseline,"[[[[""650"", ""Bulbasaur""], 68.0, 1, ""None"", 12.0, true], [], 5, 6], [[[""43"", ""Eevee""], 47.5, 2, ""None"", 2.5, true], [], 5, 6], 3, ""Opponent""]",Ascension,1.6335,Training,Ascension,Ascension,True,True,ascension,1.0,1.0,0.0,0.0,0.0,0.0,0.0
NB48_LOSS_116__late_game_prize_pressure__4bd458440344,NB48_LOSS_116__late_game_prize_pressure__4bd458440344,NB48_LOSS_116,116,463620887,36,5.333333333333333,36,Greedy Damage Baseline,"[[[[""650"", ""Bulbasaur""], 48.0, 3, ""None"", 32.0, true], [], 2, 3], [[[""43"", ""Eevee""], 30.0, 3, ""None"", 20.0, true], [], 2, 3], 9, ""Opponent""]",Quick Attack,1.8785,Training,Quick Attack,Quick Attack,True,True,ascension | quick attack,2.0,0.0,0.0,0.0,0.0,1.0,0.0
NB48_LOSS_116__opening_one_energy__def67e090f30,NB48_LOSS_116__opening_one_energy__def67e090f30,NB48_LOSS_116,116,2010349106,36,5.333333333333333,36,Greedy Damage Baseline,"[[[[""650"", ""Bulbasaur""], 80.0, 1, ""None"", 0.0, true], [], 6, 6], [[[""43"", ""Eevee""], 50.0, 1, ""None"", 0.0, true], [], 6, 6], 2, ""Opponent""]",Ascension,1.6335,Training,Ascension,Ascension,True,True,ascension,1.0,1.0,0.0,0.0,0.0,0.0,0.0
NB48_LOSS_116__opening_zero_energy__7629c836ef61,NB48_LOSS_116__opening_zero_energy__7629c836ef61,NB48_LOSS_116,116,612316732,36,5.333333333333333,36,Greedy Damage Baseline,"[[[[""650"", ""Bulbasaur""], 80.0, 0, ""None"", 0.0, true], [], 6, 7], [[[""43"", ""Eevee""], 50.0, 0, ""None"", 0.0, true], [], 6, 7], 1, ""Opponent""]",Pass,1.6335,Training,Pass,Pass,True,True,pass,1.0,0.0,0.0,0.0,1.0,0.0,0.0
NB48_LOSS_116__opponent_under_pressure__9178b36a7e71,NB48_LOSS_116__opponent_under_pressure__9178b36a7e71,NB48_LOSS_116,116,1112428384,36,5.333333333333333,36,Greedy Damage Baseline,"[[[[""650"", ""Bulbasaur""], 68.0, 3, ""None"", 12.0, true], [], 4, 5], [[[""43"", ""Eevee""], 25.0, 2, ""None"", 25.0, true], [], 4, 5], 6, ""Opponent""]",Ascension,1.6335,Training,Ascension,Ascension,True,True,ascension,1.0,1.0,0.0,0.0,0.0,0.0,0.0
NB48_LOSS_116__player_under_pressure__024ed67d119a,NB48_LOSS_116__player_under_pressure__024ed67d119a,NB48_LOSS_116,116,922399821,36,5.333333333333333,36,Greedy Damage Baseline,"[[[[""650"", ""Bulbasaur""], 40.0, 2, ""None"", 40.0, true], [], 4, 4], [[[""43"", ""Eevee""], 42.5, 3, ""None"", 7.5, true], [], 4, 4], 6, ""Opponent""]",Quick Attack,1.8785,Training,Quick Attack,Quick Attack,True,True,ascension | quick attack,2.0,0.0,0.0,0.0,0.0,1.0,0.0
NB48_LOSS_118__balanced_midgame__456d66a36e54,NB48_LOSS_118__balanced_midgame__456d66a36e54,NB48_LOSS_118,118,845177332,48,4.0,48,Greedy Damage Baseline,"[[[[""1071"", ""Meowth ex""], 127.5, 2, ""None"", 42.5, true], [], 4, 5], [[[""43"", ""Eevee""], 37.5, 2, ""None"", 12.5, true], [], 4, 5], 5, ""Opponent""]",Ascension,1.6335,Training,Ascension,Ascension,True,True,ascension,1.0,1.0,0.0,0.0,0.0,0.0,0.0
NB48_LOSS_118__counterfactual_side_early__3a3839c7a7a6,NB48_LOSS_118__counterfactual_side_early__3a3839c7a7a6,NB48_LOSS_118,118,502228463,48,4.0,48,Greedy Damage Baseline,"[[[[""1071"", ""Meowth ex""], 153.0, 1, ""None"", 17.0, true], [], 5, 6], [[[""43"", ""Eevee""], 45.0, 1, ""None"", 5.0, true], [], 5, 6], 3, ""Player""]",Pass,0.99,Training,Pass,Pass,True,True,pass,1.0,0.0,0.0,0.0,1.0,0.0,0.0
NB48_LOSS_118__counterfactual_side_late__cf78ffd50cbd,NB48_LOSS_118__counterfactual_side_late__cf78ffd50cbd,NB48_LOSS_118,118,653820253,48,4.0,48,Greedy Damage Baseline,"[[[[""1071"", ""Meowth ex""], 93.5, 3, ""None"", 76.5, true], [], 3, 4], [[[""43"", ""Eevee""], 27.5, 3, ""None"", 22.5, true], [], 3, 4], 8, ""Player""]",Tuck Tail,0.99,Training,Tuck Tail,Tuck Tail,True,True,tuck tail,1.0,0.0,0.0,0.0,0.0,0.0,1.0
NB48_LOSS_118__critical_hp_decision__0a6e50de3771,NB48_LOSS_118__critical_hp_decision__0a6e50de3771,NB48_LOSS_118,118,2130843529,48,4.0,48,Greedy Damage Baseline,"[[[[""1071"", ""Meowth ex""], 51.0, 4, ""None"", 119.0, true], [], 2, 3], [[[""43"", ""Eevee""], 22.5, 4, ""None"", 27.5, true], [], 2, 3], 10, ""Opponent""]",Quick Attack,1.8785,Training,Quick Attack,Quick Attack,True,True,ascension | quick attack,2.0,0.0,0.0,0.0,0.0,1.0,0.0
NB48_LOSS_118__early_pressure__d34e7667602c,NB48_LOSS_118__early_pressure__d34e7667602c,NB48_LOSS_118,118,2823064992,48,4.0,48,Greedy Damage Baseline,"[[[[""1071"", ""Meowth ex""], 144.5, 1, ""None"", 25.5, true], [], 5, 6], [[[""43"", ""Eevee""], 47.5, 2, ""None"", 2.5, true], [], 5, 6], 3, ""Opponent""]",Ascension,1.6335,Training,Ascension,Ascension,True,True,ascension,1.0,1.0,0.0,0.0,0.0,0.0,0.0
NB48_LOSS_118__late_game_prize_pressure__4c0c450d050d,NB48_LOSS_118__late_game_prize_pressure__4c0c450d050d,NB48_LOSS_118,118,4256286859,48,4.0,48,Greedy Damage Baseline,"[[[[""1071"", ""Meowth ex""], 102.0, 3, ""None"", 68.0, true], [], 2, 3], [[[""43"", ""Eevee""], 30.0, 3, ""None"", 20.0, true], [], 2, 3], 9, ""Opponent""]",Quick Attack,1.8785,Training,Quick Attack,Quick Attack,True,True,ascension | quick attack,2.0,0.0,0.0,0.0,0.0,1.0,0.0
NB48_LOSS_118__opening_one_energy__e1669675b0dc,NB48_LOSS_118__opening_one_energy__e1669675b0dc,NB48_LOSS_118,118,3645327988,48,4.0,48,Greedy Damage Baseline,"[[[[""1071"", ""Meowth ex""], 170.0, 1, ""None"", 0.0, true], [], 6, 6], [[[""43"", ""Eevee""], 50.0, 1, ""None"", 0.0, true], [], 6, 6], 2, ""Opponent""]",Ascension,1.6335,Training,Ascension,Ascension,True,True,ascension,1.0,1.0,0.0,0.0,0.0,0.0,0.0
NB48_LOSS_118__opening_zero_energy__caaf8e18fc2c,NB48_LOSS_118__opening_zero_energy__caaf8e18fc2c,NB48_LOSS_118,118,1615027528,48,4.0,48,Greedy Damage Baseline,"[[[[""1071"", ""Meowth ex""], 170.0, 0, ""None"", 0.0, true], [], 6, 7], [[[""43"", ""Eevee""], 50.0, 0, ""None"", 0.0, true], [], 6, 7], 1, ""Opponent""]",Pass,1.6335,Training,Pass,Pass,True,True,pass,1.0,0.0,0.0,0.0,1.0,0.0,0.0
NB48_LOSS_118__opponent_under_pressure__dbe5d5c24728,NB48_LOSS_118__opponent_under_pressure__dbe5d5c24728,NB48_LOSS_118,118,3741648352,48,4.0,48,Greedy Damage Baseline,"[[[[""1071"", ""Meowth ex""], 144.5, 3, ""None"", 25.5, true], [], 4, 5], [[[""43"", ""Eevee""], 25.0, 2, ""None"", 25.0, true], [], 4, 5], 6, ""Opponent""]",Ascension,1.6335,Training,Ascension,Ascension,True,True,ascension,1.0,1.0,0.0,0.0,0.0,0.0,0.0
NB48_LOSS_118__player_under_pressure__48c38c7648ec,NB48_LOSS_118__player_under_pressure__48c38c7648ec,NB48_LOSS_118,118,2399244087,48,4.0,48,Greedy Damage Baseline,"[[[[""1071"", ""Meowth ex""], 85.0, 2, ""None"", 85.0, true], [], 4, 4], [[[""43"", ""Eevee""], 42.5, 3, ""None"", 7.5, true], [], 4, 4], 6, ""Opponent""]",Quick Attack,1.8785,Training,Quick Attack,Quick Attack,True,True,ascension | quick attack,2.0,0.0,0.0,0.0,0.0,1.0,0.0
NB48_LOSS_122__balanced_midgame__87250ce26397,NB48_LOSS_122__balanced_midgame__87250ce26397,NB48_LOSS_122,122,1176047536,49,4.0,49,Greedy Damage Baseline,"[[[[""650"", ""Bulbasaur""], 60.0, 2, ""None"", 20.0, true], [], 4, 5], [[[""43"", ""Eevee""], 37.5, 2, ""None"", 12.5, true], [], 4, 5], 5, ""Opponent""]",Ascension,1.6335,Training,Ascension,Ascension,True,True,ascension,1.0,1.0,0.0,0.0,0.0,0.0,0.0
NB48_LOSS_122__counterfactual_side_early__4e84bb63c378,NB48_LOSS_122__counterfactual_side_early__4e84bb63c378,NB48_LOSS_122,122,2328407744,49,4.0,49,Greedy Damage Baseline,"[[[[""650"", ""Bulbasaur""], 72.0, 1, ""None"", 8.0, true], [], 5, 6], [[[""43"", ""Eevee""], 45.0, 1, ""None"", 5.0, true], [], 5, 6], 3, ""Player""]",Bind Down,0.99,Training,Bind Down,Bind Down,True,True,bind down,1.0,0.0,1.0,0.0,0.0,0.0,0.0
NB48_LOSS_122__counterfactual_side_late__0df4f0e8f6dc,NB48_LOSS_122__counterfactual_side_late__0df4f0e8f6dc,NB48_LOSS_122,122,3938554782,49,4.0,49,Greedy Damage Baseline,"[[[[""650"", ""Bulbasaur""], 44.0, 3, ""None"", 36.0, true], [], 3, 4], [[[""43"", ""Eevee""], 27.5, 3, ""None"", 22.5, true], [], 3, 4], 8, ""Player""]",Bind Down,0.99,Training,Bind Down,Bind Down,True,True,bind down,1.0,0.0,1.0,0.0,0.0,0.0,0.0
NB48_LOSS_122__critical_hp_decision__89f38d910c68,NB48_LOSS_122__critical_hp_decision__89f38d910c68,NB48_LOSS_122,122,2211988911,49,4.0,49,Greedy Damage Baseline,"[[[[""650"", ""Bulbasaur""], 24.0, 4, ""None"", 56.0, true], [], 2, 3], [[[""43"", ""Eevee""], 22.5, 4, ""None"", 27.5, true], [], 2, 3], 10, ""Opponent""]",Quick Attack,1.8785,Training,Quick Attack,Quick Attack,True,True,ascension | quick attack,2.0,0.0,0.0,0.0,0.0,1.0,0.0
NB48_LOSS_122__early_pressure__0dc9b19831f2,NB48_LOSS_122__early_pressure__0dc9b19831f2,NB48_LOSS_122,122,1947578277,49,4.0,49,Greedy Damage Baseline,"[[[[""650"", ""Bulbasaur""], 68.0, 1, ""None"", 12.0, true], [], 5, 6], [[[""43"", ""Eevee""], 47.5, 2, ""None"", 2.5, true], [], 5, 6], 3, ""Opponent""]",Ascension,1.6335,Training,Ascension,Ascension,True,True,ascension,1.0,1.0,0.0,0.0,0.0,0.0,0.0
NB48_LOSS_122__late_game_prize_pressure__62f09ebb13e9,NB48_LOSS_122__late_game_prize_pressure__62f09ebb13e9,NB48_LOSS_122,122,3298886480,49,4.0,49,Greedy Damage Baseline,"[[[[""650"", ""Bulbasaur""], 48.0, 3, ""None"", 32.0, true], [], 2, 3], [[[""43"", ""Eevee""], 30.0, 3, ""None"", 20.0, true], [], 2, 3], 9, ""Opponent""]",Quick Attack,1.8785,Training,Quick Attack,Quick Attack,True,True,ascension | quick attack,2.0,0.0,0.0,0.0,0.0,1.0,0.0
NB48_LOSS_122__opening_one_energy__03d50a3aeb83,NB48_LOSS_122__opening_one_energy__03d50a3aeb83,NB48_LOSS_122,122,3890769212,49,4.0,49,Greedy Damage Baseline,"[[[[""650"", ""Bulbasaur""], 80.0, 1, ""None"", 0.0, true], [], 6, 6], [[[""43"", ""Eevee""], 50.0, 1, ""None"", 0.0, true], [], 6, 6], 2, ""Opponent""]",Ascension,1.6335,Training,Ascension,Ascension,True,True,ascension,1.0,1.0,0.0,0.0,0.0,0.0,0.0
NB48_LOSS_122__opening_zero_energy__b1c465502b79,NB48_LOSS_122__opening_zero_energy__b1c465502b79,NB48_LOSS_122,122,1286803144,49,4.0,49,Greedy Damage Baseline,"[[[[""650"", ""Bulbasaur""], 80.0, 0, ""None"", 0.0, true], [], 6, 7], [[[""43"", ""Eevee""], 50.0, 0, ""None"", 0.0, true], [], 6, 7], 1, ""Opponent""]",Pass,1.6335,Training,Pass,Pass,True,True,pass,1.0,0.0,0.0,0.0,1.0,0.0,0.0
NB48_LOSS_122__opponent_under_pressure__bc5db4d15430,NB48_LOSS_122__opponent_under_pressure__bc5db4d15430,NB48_LOSS_122,122,2998553963,49,4.0,49,Greedy Damage Baseline,"[[[[""650"", ""Bulbasaur""], 68.0, 3, ""None"", 12.0, true], [], 4, 5], [[[""43"", ""Eevee""], 25.0, 2, ""None"", 25.0, true], [], 4, 5], 6, ""Opponent""]",Ascension,1.6335,Training,Ascension,Ascension,True,True,ascension,1.0,1.0,0.0,0.0,0.0,0.0,0.0
NB48_LOSS_122__player_under_pressure__bb450082c558,NB48_LOSS_122__player_under_pressure__bb450082c558,NB48_LOSS_122,122,697776117,49,4.0,49,Greedy Damage Baseline,"[[[[""650"", ""Bulbasaur""], 40.0, 2, ""None"", 40.0, true], [], 4, 4], [[[""43"", ""Eevee""], 42.5, 3, ""None"", 7.5, true], [], 4, 4], 6, ""Opponent""]",Quick Attack,1.8785,Training,Quick Attack,Quick Attack,True,True,ascension | quick attack,2.0,0.0,0.0,0.0,0.0,1.0,0.0
NB48_LOSS_123__balanced_midgame__f7d8c4bbf670,NB48_LOSS_123__balanced_midgame__f7d8c4bbf670,NB48_LOSS_123,123,3363894062,96,2.0,96,Greedy Damage Baseline,"[[[[""43"", ""Eevee""], 37.5, 2, ""None"", 12.5, true], [], 4, 5], [[[""788"", ""Charmander""], 60.0, 2, ""None"", 20.0, true], [], 4, 5], 5, ""Player""]",Ascension,1.21,Training,Ascension,Ascension,True,True,ascension,1.0,1.0,0.0,0.0,0.0,0.0,0.0
NB48_LOSS_123__counterfactual_side_early__7d826a236356,NB48_LOSS_123__counterfactual_side_early__7d826a236356,NB48_LOSS_123,123,3214028288,96,2.0,96,Greedy Damage Baseline,"[[[[""43"", ""Eevee""], 45.0, 1, ""None"", 5.0, true], [], 5, 6], [[[""788"", ""Charmander""], 72.0, 1, ""None"", 8.0, true], [], 5, 6], 3, ""Opponent""]",Live Coal,1.3365,Training,Live Coal,Live Coal,True,True,live coal,1.0,0.0,0.0,1.0,0.0,0.0,0.0
NB48_LOSS_123__counterfactual_side_late__45667389c9ee,NB48_LOSS_123__counterfactual_side_late__45667389c9ee,NB48_LOSS_123,123,3819526136,96,2.0,96,Greedy Damage Baseline,"[[[[""43"", ""Eevee""], 27.5, 3, ""None"", 22.5, true], [], 3, 4], [[[""788"", ""Charmander""], 44.0, 3, ""None"", 36.0, true], [], 3, 4], 8, ""Opponent""]",Live Coal,1.3365,Training,Live Coal,Live Coal,True,True,live coal,1.0,0.0,0.0,1.0,0.0,0.0,0.0
NB48_LOSS_123__critical_hp_decision__41a31f717375,NB48_LOSS_123__critical_hp_decision__41a31f717375,NB48_LOSS_123,123,2839565244,96,2.0,96,Greedy Damage Baseline,"[[[[""43"", ""Eevee""], 15.0, 4, ""None"", 35.0, true], [], 2, 3], [[[""788"", ""Charmander""], 36.0, 4, ""None"", 44.0, true], [], 2, 3], 10, ""Player""]",Quick Attack,1.3915,Training,Quick Attack,Quick Attack,True,True,ascension | quick attack,2.0,0.0,0.0,0.0,0.0,1.0,0.0
NB48_LOSS_123__early_pressure__0dfc0444848d,NB48_LOSS_123__early_pressure__0dfc0444848d,NB48_LOSS_123,123,1343400513,96,2.0,96,Greedy Damage Baseline,"[[[[""43"", ""Eevee""], 42.5, 1, ""None"", 7.5, true], [], 5, 6], [[[""788"", ""Charmander""], 76.0, 2, ""None"", 4.0, true], [], 5, 6], 3, ""Player""]",Ascension,1.21,Training,Ascension,Ascension,True,True,ascension,1.0,1.0,0.0,0.0,0.0,0.0,0.0
NB48_LOSS_123__late_game_prize_pressure__ede7934d7c41,NB48_LOSS_123__late_game_prize_pressure__ede7934d7c41,NB48_LOSS_123,123,1306281566,96,2.0,96,Greedy Damage Baseline,"[[[[""43"", ""Eevee""], 30.0, 3, ""None"", 20.0, true], [], 2, 3], [[[""788"", ""Charmander""], 48.0, 3, ""None"", 32.0, true], [], 2, 3], 9, ""Player""]",Quick Attack,1.3915,Training,Quick Attack,Quick Attack,True,True,ascension | quick attack,2.0,0.0,0.0,0.0,0.0,1.0,0.0
NB48_LOSS_123__opening_one_energy__262309e2238f,NB48_LOSS_123__opening_one_energy__262309e2238f,NB48_LOSS_123,123,4156297234,96,2.0,96,Greedy Damage Baseline,"[[[[""43"", ""Eevee""], 50.0, 1, ""None"", 0.0, true], [], 6, 6], [[[""788"", ""Charmander""], 80.0, 1, ""None"", 0.0, true], [], 6, 6], 2, ""Player""]",Ascension,1.21,Training,Ascension,Ascension,True,True,ascension,1.0,1.0,0.0,0.0,0.0,0.0,0.0
NB48_LOSS_123__opening_zero_energy__a453bbb61252,NB48_LOSS_123__opening_zero_energy__a453bbb61252,NB48_LOSS_123,123,2433891410,96,2.0,96,Greedy Damage Baseline,"[[[[""43"", ""Eevee""], 50.0, 0, ""None"", 0.0, true], [], 6, 7], [[[""788"", ""Charmander""], 80.0, 0, ""None"", 0.0, true], [], 6, 7], 1, ""Player""]",Pass,1.21,Training,Pass,Pass,True,True,pass,1.0,0.0,0.0,0.0,1.0,0.0,0.0
NB48_LOSS_123__opponent_under_pressure__134ac2cf4c2a,NB48_LOSS_123__opponent_under_pressure__134ac2cf4c2a,NB48_LOSS_123,123,2561793859,96,2.0,96,Greedy Damage Baseline,"[[[[""43"", ""Eevee""], 42.5, 3, ""None"", 7.5, true], [], 4, 5], [[[""788"", ""Charmander""], 40.0, 2, ""None"", 40.0, true], [], 4, 5], 6, ""Player""]",Quick Attack,1.3915,Training,Quick Attack,Quick Attack,True,True,ascension | quick attack,2.0,0.0,0.0,0.0,0.0,1.0,0.0
NB48_LOSS_123__player_under_pressure__3a069279e8c7,NB48_LOSS_123__player_under_pressure__3a069279e8c7,NB48_LOSS_123,123,1508544974,96,2.0,96,Greedy Damage Baseline,"[[[[""43"", ""Eevee""], 25.0, 2, ""None"", 25.0, true], [], 4, 4], [[[""788"", ""Charmander""], 68.0, 3, ""None"", 12.0, true], [], 4, 4], 6, ""Player""]",Ascension,1.21,Training,Ascension,Ascension,True,True,ascension,1.0,1.0,0.0,0.0,0.0,0.0,0.0
NB48_LOSS_126__balanced_midgame__cac7693e50ee,NB48_LOSS_126__balanced_midgame__cac7693e50ee,NB48_LOSS_126,126,3983633670,50,4.0,50,Greedy Damage Baseline,"[[[[""788"", ""Charmander""], 60.0, 2, ""None"", 20.0, true], [], 4, 5], [[[""43"", ""Eevee""], 37.5, 2, ""None"", 12.5, true], [], 4, 5], 5, ""Opponent""]",Ascension,1.6335,Training,Ascension,Ascension,True,True,ascension,1.0,1.0,0.0,0.0,0.0,0.0,0.0
NB48_LOSS_126__counterfactual_side_early__4d39272541de,NB48_LOSS_126__counterfactual_side_early__4d39272541de,NB48_LOSS_126,126,2697526104,50,4.0,50,Greedy Damage Baseline,"[[[[""788"", ""Charmander""], 72.0, 1, ""None"", 8.0, true], [], 5, 6], [[[""43"", ""Eevee""], 45.0, 1, ""None"", 5.0, true], [], 5, 6], 3, ""Player""]",Live Coal,0.99,Training,Live Coal,Live Coal,True,True,live coal,1.0,0.0,0.0,1.0,0.0,0.0,0.0
NB48_LOSS_126__counterfactual_side_late__0194b51fe618,NB48_LOSS_126__counterfactual_side_late__0194b51fe618,NB48_LOSS_126,126,1798743131,50,4.0,50,Greedy Damage Baseline,"[[[[""788"", ""Charmander""], 44.0, 3, ""None"", 36.0, true], [], 3, 4], [[[""43"", ""Eevee""], 27.5, 3, ""None"", 22.5, true], [], 3, 4], 8, ""Player""]",Live Coal,0.99,Training,Live Coal,Live Coal,True,True,live coal,1.0,0.0,0.0,1.0,0.0,0.0,0.0
NB48_LOSS_126__critical_hp_decision__b1186dd2d827,NB48_LOSS_126__critical_hp_decision__b1186dd2d827,NB48_LOSS_126,126,3193535102,50,4.0,50,Greedy Damage Baseline,"[[[[""788"", ""Charmander""], 24.0, 4, ""None"", 56.0, true], [], 2, 3], [[[""43"", ""Eevee""], 22.5, 4, ""None"", 27.5, true], [], 2, 3], 10, ""Opponent""]",Quick Attack,1.8785,Training,Quick Attack,Quick Attack,True,True,ascension | quick attack,2.0,0.0,0.0,0.0,0.0,1.0,0.0
NB48_LOSS_126__early_pressure__2de64ad746c1,NB48_LOSS_126__early_pressure__2de64ad746c1,NB48_LOSS_126,126,2710383153,50,4.0,50,Greedy Damage Baseline,"[[[[""788"", ""Charmander""], 68.0, 1, ""None"", 12.0, true], [], 5, 6], [[[""43"", ""Eevee""], 47.5, 2, ""None"", 2.5, true], [], 5, 6], 3, ""Opponent""]",Ascension,1.6335,Training,Ascension,Ascension,True,True,ascension,1.0,1.0,0.0,0.0,0.0,0.0,0.0
NB48_LOSS_126__late_game_prize_pressure__31b694e36380,NB48_LOSS_126__late_game_prize_pressure__31b694e36380,NB48_LOSS_126,126,4058929771,50,4.0,50,Greedy Damage Baseline,"[[[[""788"", ""Charmander""], 48.0, 3, ""None"", 32.0, true], [], 2, 3], [[[""43"", ""Eevee""], 30.0, 3, ""None"", 20.0, true], [], 2, 3], 9, ""Opponent""]",Quick Attack,1.8785,Training,Quick Attack,Quick Attack,True,True,ascension | quick attack,2.0,0.0,0.0,0.0,0.0,1.0,0.0
NB48_LOSS_126__opening_one_energy__6027d5249c4f,NB48_LOSS_126__opening_one_energy__6027d5249c4f,NB48_LOSS_126,126,1887426308,50,4.0,50,Greedy Damage Baseline,"[[[[""788"", ""Charmander""], 80.0, 1, ""None"", 0.0, true], [], 6, 6], [[[""43"", ""Eevee""], 50.0, 1, ""None"", 0.0, true], [], 6, 6], 2, ""Opponent""]",Ascension,1.6335,Training,Ascension,Ascension,True,True,ascension,1.0,1.0,0.0,0.0,0.0,0.0,0.0
NB48_LOSS_126__opening_zero_energy__a445ef92e6b0,NB48_LOSS_126__opening_zero_energy__a445ef92e6b0,NB48_LOSS_126,126,1681606487,50,4.0,50,Greedy Damage Baseline,"[[[[""788"", ""Charmander""], 80.0, 0, ""None"", 0.0, true], [], 6, 7], [[[""43"", ""Eevee""], 50.0, 0, ""None"", 0.0, true], [], 6, 7], 1, ""Opponent""]",Pass,1.6335,Training,Pass,Pass,True,True,pass,1.0,0.0,0.0,0.0,1.0,0.0,0.0
NB48_LOSS_126__opponent_under_pressure__90b85cc8af28,NB48_LOSS_126__opponent_under_pressure__90b85cc8af28,NB48_LOSS_126,126,1163225060,50,4.0,50,Greedy Damage Baseline,"[[[[""788"", ""Charmander""], 68.0, 3, ""None"", 12.0, true], [], 4, 5], [[[""43"", ""Eevee""], 25.0, 2, ""None"", 25.0, true], [], 4, 5], 6, ""Opponent""]",Ascension,1.6335,Training,Ascension,Ascension,True,True,ascension,1.0,1.0,0.0,0.0,0.0,0.0,0.0
NB48_LOSS_126__player_under_pressure__cdec29cf20f6,NB48_LOSS_126__player_under_pressure__cdec29cf20f6,NB48_LOSS_126,126,1251910043,50,4.0,50,Greedy Damage Baseline,"[[[[""788"", ""Charmander""], 40.0, 2, ""None"", 40.0, true], [], 4, 4], [[[""43"", ""Eevee""], 42.5, 3, ""None"", 7.5, true], [], 4, 4], 6, ""Opponent""]",Quick Attack,1.8785,Training,Quick Attack,Quick Attack,True,True,ascension | quick attack,2.0,0.0,0.0,0.0,0.0,1.0,0.0
NB48_LOSS_128__balanced_midgame__34682b9d82de,NB48_LOSS_128__balanced_midgame__34682b9d82de,NB48_LOSS_128,128,2456234200,37,5.333333333333333,37,Greedy Damage Baseline,"[[[[""650"", ""Bulbasaur""], 60.0, 2, ""None"", 20.0, true], [], 4, 5], [[[""43"", ""Eevee""], 37.5, 2, ""None"", 12.5, true], [], 4, 5], 5, ""Opponent""]",Ascension,1.6335,Training,Ascension,Ascension,True,True,ascension,1.0,1.0,0.0,0.0,0.0,0.0,0.0
NB48_LOSS_128__counterfactual_side_early__237592b806ee,NB48_LOSS_128__counterfactual_side_early__237592b806ee,NB48_LOSS_128,128,3392844899,37,5.333333333333333,37,Greedy Damage Baseline,"[[[[""650"", ""Bulbasaur""], 72.0, 1, ""None"", 8.0, true], [], 5, 6], [[[""43"", ""Eevee""], 45.0, 1, ""None"", 5.0, true], [], 5, 6], 3, ""Player""]",Bind Down,0.99,Training,Bind Down,Bind Down,True,True,bind down,1.0,0.0,1.0,0.0,0.0,0.0,0.0
NB48_LOSS_128__counterfactual_side_late__da2160b7ad51,NB48_LOSS_128__counterfactual_side_late__da2160b7ad51,NB48_LOSS_128,128,1043603240,37,5.333333333333333,37,Greedy Damage Baseline,"[[[[""650"", ""Bulbasaur""], 44.0, 3, ""None"", 36.0, true], [], 3, 4], [[[""43"", ""Eevee""], 27.5, 3, ""None"", 22.5, true], [], 3, 4], 8, ""Player""]",Bind Down,0.99,Training,Bind Down,Bind Down,True,True,bind down,1.0,0.0,1.0,0.0,0.0,0.0,0.0
NB48_LOSS_128__critical_hp_decision__87bc251a7760,NB48_LOSS_128__critical_hp_decision__87bc251a7760,NB48_LOSS_128,128,1733508143,37,5.333333333333333,37,Greedy Damage Baseline,"[[[[""650"", ""Bulbasaur""], 24.0, 4, ""None"", 56.0, true], [], 2, 3], [[[""43"", ""Eevee""], 22.5, 4, ""None"", 27.5, true], [], 2, 3], 10, ""Opponent""]",Quick Attack,1.8785,Training,Quick Attack,Quick Attack,True,True,ascension | quick attack,2.0,0.0,0.0,0.0,0.0,1.0,0.0
NB48_LOSS_128__early_pressure__bace1ce49dc1,NB48_LOSS_128__early_pressure__bace1ce49dc1,NB48_LOSS_128,128,1136653284,37,5.333333333333333,37,Greedy Damage Baseline,"[[[[""650"", ""Bulbasaur""], 68.0, 1, ""None"", 12.0, true], [], 5, 6], [[[""43"", ""Eevee""], 47.5, 2, ""None"", 2.5, true], [], 5, 6], 3, ""Opponent""]",Ascension,1.6335,Training,Ascension,Ascension,True,True,ascension,1.0,1.0,0.0,0.0,0.0,0.0,0.0
NB48_LOSS_128__late_game_prize_pressure__cc3b74fbe1c2,NB48_LOSS_128__late_game_prize_pressure__cc3b74fbe1c2,NB48_LOSS_128,128,1431839837,37,5.333333333333333,37,Greedy Damage Baseline,"[[[[""650"", ""Bulbasaur""], 48.0, 3, ""None"", 32.0, true], [], 2, 3], [[[""43"", ""Eevee""], 30.0, 3, ""None"", 20.0, true], [], 2, 3], 9, ""Opponent""]",Quick Attack,1.8785,Training,Quick Attack,Quick Attack,True,True,ascension | quick attack,2.0,0.0,0.0,0.0,0.0,1.0,0.0
NB48_LOSS_128__opening_one_energy__69799ed2a5a6,NB48_LOSS_128__opening_one_energy__69799ed2a5a6,NB48_LOSS_128,128,1518354455,37,5.333333333333333,37,Greedy Damage Baseline,"[[[[""650"", ""Bulbasaur""], 80.0, 1, ""None"", 0.0, true], [], 6, 6], [[[""43"", ""Eevee""], 50.0, 1, ""None"", 0.0, true], [], 6, 6], 2, ""Opponent""]",Ascension,1.6335,Training,Ascension,Ascension,True,True,ascension,1.0,1.0,0.0,0.0,0.0,0.0,0.0
NB48_LOSS_128__opening_zero_energy__cfff8229931c,NB48_LOSS_128__opening_zero_energy__cfff8229931c,NB48_LOSS_128,128,4265956070,37,5.333333333333333,37,Greedy Damage Baseline,"[[[[""650"", ""Bulbasaur""], 80.0, 0, ""None"", 0.0, true], [], 6, 7], [[[""43"", ""Eevee""], 50.0, 0, ""None"", 0.0, true], [], 6, 7], 1, ""Opponent""]",Pass,1.6335,Training,Pass,Pass,True,True,pass,1.0,0.0,0.0,0.0,1.0,0.0,0.0
NB48_LOSS_128__opponent_under_pressure__b489f6be0c68,NB48_LOSS_128__opponent_under_pressure__b489f6be0c68,NB48_LOSS_128,128,2087453078,37,5.333333333333333,37,Greedy Damage Baseline,"[[[[""650"", ""Bulbasaur""], 68.0, 3, ""None"", 12.0, true], [], 4, 5], [[[""43"", ""Eevee""], 25.0, 2, ""None"", 25.0, true], [], 4, 5], 6, ""Opponent""]",Ascension,1.6335,Training,Ascension,Ascension,True,True,ascension,1.0,1.0,0.0,0.0,0.0,0.0,0.0
NB48_LOSS_128__player_under_pressure__14c0991e79ab,NB48_LOSS_128__player_under_pressure__14c0991e79ab,NB48_LOSS_128,128,3471148486,37,5.333333333333333,37,Greedy Damage Baseline,"[[[[""650"", ""Bulbasaur""], 40.0, 2, ""None"", 40.0, true], [], 4, 4], [[[""43"", ""Eevee""], 42.5, 3, ""None"", 7.5, true], [], 4, 4], 6, ""Opponent""]",Quick Attack,1.8785,Training,Quick Attack,Quick Attack,True,True,ascension | quick attack,2.0,0.0,0.0,0.0,0.0,1.0,0.0
NB48_LOSS_130__balanced_midgame__d4660f2ec4bd,NB48_LOSS_130__balanced_midgame__d4660f2ec4bd,NB48_LOSS_130,130,3151014569,51,4.0,51,Greedy Damage Baseline,"[[[[""1071"", ""Meowth ex""], 127.5, 2, ""None"", 42.5, true], [], 4, 5], [[[""43"", ""Eevee""], 37.5, 2, ""None"", 12.5, true], [], 4, 5], 5, ""Opponent""]",Ascension,1.6335,Training,Ascension,Ascension,True,True,ascension,1.0,1.0,0.0,0.0,0.0,0.0,0.0
NB48_LOSS_130__counterfactual_side_early__ad8c37f83282,NB48_LOSS_130__counterfactual_side_early__ad8c37f83282,NB48_LOSS_130,130,96315615,51,4.0,51,Greedy Damage Baseline,"[[[[""1071"", ""Meowth ex""], 153.0, 1, ""None"", 17.0, true], [], 5, 6], [[[""43"", ""Eevee""], 45.0, 1, ""None"", 5.0, true], [], 5, 6], 3, ""Player""]",Pass,0.99,Training,Pass,Pass,True,True,pass,1.0,0.0,0.0,0.0,1.0,0.0,0.0
NB48_LOSS_130__counterfactual_side_late__30d92584b141,NB48_LOSS_130__counterfactual_side_late__30d92584b141,NB48_LOSS_130,130,790054766,51,4.0,51,Greedy Damage Baseline,"[[[[""1071"", ""Meowth ex""], 93.5, 3, ""None"", 76.5, true], [], 3, 4], [[[""43"", ""Eevee""], 27.5, 3, ""None"", 22.5, true], [], 3, 4], 8, ""Player""]",Tuck Tail,0.99,Training,Tuck Tail,Tuck Tail,True,True,tuck tail,1.0,0.0,0.0,0.0,0.0,0.0,1.0
NB48_LOSS_130__critical_hp_decision__5ca9f29d2c7a,NB48_LOSS_130__critical_hp_decision__5ca9f29d2c7a,NB48_LOSS_130,130,941970296,51,4.0,51,Greedy Damage Baseline,"[[[[""1071"", ""Meowth ex""], 51.0, 4, ""None"", 119.0, true], [], 2, 3], [[[""43"", ""Eevee""], 22.5, 4, ""None"", 27.5, true], [], 2, 3], 10, ""Opponent""]",Quick Attack,1.8785,Training,Quick Attack,Quick Attack,True,True,ascension | quick attack,2.0,0.0,0.0,0.0,0.0,1.0,0.0
NB48_LOSS_130__early_pressure__9a5b9400f1ce,NB48_LOSS_130__early_pressure__9a5b9400f1ce,NB48_LOSS_130,130,1301906970,51,4.0,51,Greedy Damage Baseline,"[[[[""1071"", ""Meowth ex""], 144.5, 1, ""None"", 25.5, true], [], 5, 6], [[[""43"", ""Eevee""], 47.5, 2, ""None"", 2.5, true], [], 5, 6], 3, ""Opponent""]",Ascension,1.6335,Training,Ascension,Ascension,True,True,ascension,1.0,1.0,0.0,0.0,0.0,0.0,0.0
NB48_LOSS_130__late_game_prize_pressure__3966361485a6,NB48_LOSS_130__late_game_prize_pressure__3966361485a6,NB48_LOSS_130,130,603693885,51,4.0,51,Greedy Damage Baseline,"[[[[""1071"", ""Meowth ex""], 102.0, 3, ""None"", 68.0, true], [], 2, 3], [[[""43"", ""Eevee""], 30.0, 3, ""None"", 20.0, true], [], 2, 3], 9, ""Opponent""]",Quick Attack,1.8785,Training,Quick Attack,Quick Attack,True,True,ascension | quick attack,2.0,0.0,0.0,0.0,0.0,1.0,0.0
NB48_LOSS_130__opening_one_energy__4c5971d39c0f,NB48_LOSS_130__opening_one_energy__4c5971d39c0f,NB48_LOSS_130,130,1272274203,51,4.0,51,Greedy Damage Baseline,"[[[[""1071"", ""Meowth ex""], 170.0, 1, ""None"", 0.0, true], [], 6, 6], [[[""43"", ""Eevee""], 50.0, 1, ""None"", 0.0, true], [], 6, 6], 2, ""Opponent""]",Ascension,1.6335,Training,Ascension,Ascension,True,True,ascension,1.0,1.0,0.0,0.0,0.0,0.0,0.0
NB48_LOSS_130__opening_zero_energy__dee25ca75ca0,NB48_LOSS_130__opening_zero_energy__dee25ca75ca0,NB48_LOSS_130,130,343136326,51,4.0,51,Greedy Damage Baseline,"[[[[""1071"", ""Meowth ex""], 170.0, 0, ""None"", 0.0, true], [], 6, 7], [[[""43"", ""Eevee""], 50.0, 0, ""None"", 0.0, true], [], 6, 7], 1, ""Opponent""]",Pass,1.6335,Training,Pass,Pass,True,True,pass,1.0,0.0,0.0,0.0,1.0,0.0,0.0
NB48_LOSS_130__opponent_under_pressure__b0e002054de1,NB48_LOSS_130__opponent_under_pressure__b0e002054de1,NB48_LOSS_130,130,722529390,51,4.0,51,Greedy Damage Baseline,"[[[[""1071"", ""Meowth ex""], 144.5, 3, ""None"", 25.5, true], [], 4, 5], [[[""43"", ""Eevee""], 25.0, 2, ""None"", 25.0, true], [], 4, 5], 6, ""Opponent""]",Ascension,1.6335,Training,Ascension,Ascension,True,True,ascension,1.0,1.0,0.0,0.0,0.0,0.0,0.0
NB48_LOSS_130__player_under_pressure__23e53d8f1db0,NB48_LOSS_130__player_under_pressure__23e53d8f1db0,NB48_LOSS_130,130,2697305723,51,4.0,51,Greedy Damage Baseline,"[[[[""1071"", ""Meowth ex""], 85.0, 2, ""None"", 85.0, true], [], 4, 4], [[[""43"", ""Eevee""], 42.5, 3, ""None"", 7.5, true], [], 4, 4], 6, ""Opponent""]",Quick Attack,1.8785,Training,Quick Attack,Quick Attack,True,True,ascension | quick attack,2.0,0.0,0.0,0.0,0.0,1.0,0.0
NB48_LOSS_134__balanced_midgame__973223dfb997,NB48_LOSS_134__balanced_midgame__973223dfb997,NB48_LOSS_134,134,1700670463,52,4.0,52,Greedy Damage Baseline,"[[[[""650"", ""Bulbasaur""], 60.0, 2, ""None"", 20.0, true], [], 4, 5], [[[""43"", ""Eevee""], 37.5, 2, ""None"", 12.5, true], [], 4, 5], 5, ""Opponent""]",Ascension,1.6335,Training,Ascension,Ascension,True,True,ascension,1.0,1.0,0.0,0.0,0.0,0.0,0.0
NB48_LOSS_134__counterfactual_side_early__1cc4adc5caae,NB48_LOSS_134__counterfactual_side_early__1cc4adc5caae,NB48_LOSS_134,134,2339038119,52,4.0,52,Greedy Damage Baseline,"[[[[""650"", ""Bulbasaur""], 72.0, 1, ""None"", 8.0, true], [], 5, 6], [[[""43"", ""Eevee""], 45.0, 1, ""None"", 5.0, true], [], 5, 6], 3, ""Player""]",Bind Down,0.99,Training,Bind Down,Bind Down,True,True,bind down,1.0,0.0,1.0,0.0,0.0,0.0,0.0
NB48_LOSS_134__counterfactual_side_late__53238d2d9352,NB48_LOSS_134__counterfactual_side_late__53238d2d9352,NB48_LOSS_134,134,2377547791,52,4.0,52,Greedy Damage Baseline,"[[[[""650"", ""Bulbasaur""], 44.0, 3, ""None"", 36.0, true], [], 3, 4], [[[""43"", ""Eevee""], 27.5, 3, ""None"", 22.5, true], [], 3, 4], 8, ""Player""]",Bind Down,0.99,Training,Bind Down,Bind Down,True,True,bind down,1.0,0.0,1.0,0.0,0.0,0.0,0.0
NB48_LOSS_134__critical_hp_decision__60c39950a9ee,NB48_LOSS_134__critical_hp_decision__60c39950a9ee,NB48_LOSS_134,134,680789085,52,4.0,52,Greedy Damage Baseline,"[[[[""650"", ""Bulbasaur""], 24.0, 4, ""None"", 56.0, true], [], 2, 3], [[[""43"", ""Eevee""], 22.5, 4, ""None"", 27.5, true], [], 2, 3], 10, ""Opponent""]",Quick Attack,1.8785,Training,Quick Attack,Quick Attack,True,True,ascension | quick attack,2.0,0.0,0.0,0.0,0.0,1.0,0.0
NB48_LOSS_134__early_pressure__5ec353e6546e,NB48_LOSS_134__early_pressure__5ec353e6546e,NB48_LOSS_134,134,2492429471,52,4.0,52,Greedy Damage Baseline,"[[[[""650"", ""Bulbasaur""], 68.0, 1, ""None"", 12.0, true], [], 5, 6], [[[""43"", ""Eevee""], 47.5, 2, ""None"", 2.5, true], [], 5, 6], 3, ""Opponent""]",Ascension,1.6335,Training,Ascension,Ascension,True,True,ascension,1.0,1.0,0.0,0.0,0.0,0.0,0.0
NB48_LOSS_134__late_game_prize_pressure__7d69319f645f,NB48_LOSS_134__late_game_prize_pressure__7d69319f645f,NB48_LOSS_134,134,58750041,52,4.0,52,Greedy Damage Baseline,"[[[[""650"", ""Bulbasaur""], 48.0, 3, ""None"", 32.0, true], [], 2, 3], [[[""43"", ""Eevee""], 30.0, 3, ""None"", 20.0, true], [], 2, 3], 9, ""Opponent""]",Quick Attack,1.8785,Training,Quick Attack,Quick Attack,True,True,ascension | quick attack,2.0,0.0,0.0,0.0,0.0,1.0,0.0
NB48_LOSS_134__opening_one_energy__cdbd89e746d1,NB48_LOSS_134__opening_one_energy__cdbd89e746d1,NB48_LOSS_134,134,68021479,52,4.0,52,Greedy Damage Baseline,"[[[[""650"", ""Bulbasaur""], 80.0, 1, ""None"", 0.0, true], [], 6, 6], [[[""43"", ""Eevee""], 50.0, 1, ""None"", 0.0, true], [], 6, 6], 2, ""Opponent""]",Ascension,1.6335,Training,Ascension,Ascension,True,True,ascension,1.0,1.0,0.0,0.0,0.0,0.0,0.0
NB48_LOSS_134__opening_zero_energy__c3b9e6f95df8,NB48_LOSS_134__opening_zero_energy__c3b9e6f95df8,NB48_LOSS_134,134,656197960,52,4.0,52,Greedy Damage Baseline,"[[[[""650"", ""Bulbasaur""], 80.0, 0, ""None"", 0.0, true], [], 6, 7], [[[""43"", ""Eevee""], 50.0, 0, ""None"", 0.0, true], [], 6, 7], 1, ""Opponent""]",Pass,1.6335,Training,Pass,Pass,True,True,pass,1.0,0.0,0.0,0.0,1.0,0.0,0.0
NB48_LOSS_134__opponent_under_pressure__74f9c4056858,NB48_LOSS_134__opponent_under_pressure__74f9c4056858,NB48_LOSS_134,134,1269091058,52,4.0,52,Greedy Damage Baseline,"[[[[""650"", ""Bulbasaur""], 68.0, 3, ""None"", 12.0, true], [], 4, 5], [[[""43"", ""Eevee""], 25.0, 2, ""None"", 25.0, true], [], 4, 5], 6, ""Opponent""]",Ascension,1.6335,Training,Ascension,Ascension,True,True,ascension,1.0,1.0,0.0,0.0,0.0,0.0,0.0
NB48_LOSS_134__player_under_pressure__9cc1e8529b96,NB48_LOSS_134__player_under_pressure__9cc1e8529b96,NB48_LOSS_134,134,4288037575,52,4.0,52,Greedy Damage Baseline,"[[[[""650"", ""Bulbasaur""], 40.0, 2, ""None"", 40.0, true], [], 4, 4], [[[""43"", ""Eevee""], 42.5, 3, ""None"", 7.5, true], [], 4, 4], 6, ""Opponent""]",Quick Attack,1.8785,Training,Quick Attack,Quick Attack,True,True,ascension | quick attack,2.0,0.0,0.0,0.0,0.0,1.0,0.0
NB48_LOSS_135__balanced_midgame__41f0acad301a,NB48_LOSS_135__balanced_midgame__41f0acad301a,NB48_LOSS_135,135,3155928722,97,2.0,97,Greedy Damage Baseline,"[[[[""43"", ""Eevee""], 37.5, 2, ""None"", 12.5, true], [], 4, 5], [[[""788"", ""Charmander""], 60.0, 2, ""None"", 20.0, true], [], 4, 5], 5, ""Player""]",Ascension,1.21,Training,Ascension,Ascension,True,True,ascension,1.0,1.0,0.0,0.0,0.0,0.0,0.0
NB48_LOSS_135__counterfactual_side_early__59d2fd0c57d3,NB48_LOSS_135__counterfactual_side_early__59d2fd0c57d3,NB48_LOSS_135,135,441400482,97,2.0,97,Greedy Damage Baseline,"[[[[""43"", ""Eevee""], 45.0, 1, ""None"", 5.0, true], [], 5, 6], [[[""788"", ""Charmander""], 72.0, 1, ""None"", 8.0, true], [], 5, 6], 3, ""Opponent""]",Live Coal,1.3365,Training,Live Coal,Live Coal,True,True,live coal,1.0,0.0,0.0,1.0,0.0,0.0,0.0
NB48_LOSS_135__counterfactual_side_late__a258fab3705a,NB48_LOSS_135__counterfactual_side_late__a258fab3705a,NB48_LOSS_135,135,633588418,97,2.0,97,Greedy Damage Baseline,"[[[[""43"", ""Eevee""], 27.5, 3, ""None"", 22.5, true], [], 3, 4], [[[""788"", ""Charmander""], 44.0, 3, ""None"", 36.0, true], [], 3, 4], 8, ""Opponent""]",Live Coal,1.3365,Training,Live Coal,Live Coal,True,True,live coal,1.0,0.0,0.0,1.0,0.0,0.0,0.0
NB48_LOSS_135__critical_hp_decision__e9f635fc63c3,NB48_LOSS_135__critical_hp_decision__e9f635fc63c3,NB48_LOSS_135,135,366911398,97,2.0,97,Greedy Damage Baseline,"[[[[""43"", ""Eevee""], 15.0, 4, ""None"", 35.0, true], [], 2, 3], [[[""788"", ""Charmander""], 36.0, 4, ""None"", 44.0, true], [], 2, 3], 10, ""Player""]",Quick Attack,1.3915,Training,Quick Attack,Quick Attack,True,True,ascension | quick attack,2.0,0.0,0.0,0.0,0.0,1.0,0.0
NB48_LOSS_135__early_pressure__e51ae4e71549,NB48_LOSS_135__early_pressure__e51ae4e71549,NB48_LOSS_135,135,1784561608,97,2.0,97,Greedy Damage Baseline,"[[[[""43"", ""Eevee""], 42.5, 1, ""None"", 7.5, true], [], 5, 6], [[[""788"", ""Charmander""], 76.0, 2, ""None"", 4.0, true], [], 5, 6], 3, ""Player""]",Ascension,1.21,Training,Ascension,Ascension,True,True,ascension,1.0,1.0,0.0,0.0,0.0,0.0,0.0
NB48_LOSS_135__late_game_prize_pressure__c271ebc35993,NB48_LOSS_135__late_game_prize_pressure__c271ebc35993,NB48_LOSS_135,135,2784770949,97,2.0,97,Greedy Damage Baseline,"[[[[""43"", ""Eevee""], 30.0, 3, ""None"", 20.0, true], [], 2, 3], [[[""788"", ""Charmander""], 48.0, 3, ""None"", 32.0, true], [], 2, 3], 9, ""Player""]",Quick Attack,1.3915,Training,Quick Attack,Quick Attack,True,True,ascension | quick attack,2.0,0.0,0.0,0.0,0.0,1.0,0.0
NB48_LOSS_135__opening_one_energy__fd1b26dc8fa2,NB48_LOSS_135__opening_one_energy__fd1b26dc8fa2,NB48_LOSS_135,135,3536291681,97,2.0,97,Greedy Damage Baseline,"[[[[""43"", ""Eevee""], 50.0, 1, ""None"", 0.0, true], [], 6, 6], [[[""788"", ""Charmander""], 80.0, 1, ""None"", 0.0, true], [], 6, 6], 2, ""Player""]",Ascension,1.21,Training,Ascension,Ascension,True,True,ascension,1.0,1.0,0.0,0.0,0.0,0.0,0.0
NB48_LOSS_135__opening_zero_energy__f5742c38662c,NB48_LOSS_135__opening_zero_energy__f5742c38662c,NB48_LOSS_135,135,2501687140,97,2.0,97,Greedy Damage Baseline,"[[[[""43"", ""Eevee""], 50.0, 0, ""None"", 0.0, true], [], 6, 7], [[[""788"", ""Charmander""], 80.0, 0, ""None"", 0.0, true], [], 6, 7], 1, ""Player""]",Pass,1.21,Training,Pass,Pass,True,True,pass,1.0,0.0,0.0,0.0,1.0,0.0,0.0
NB48_LOSS_135__opponent_under_pressure__45f8d3e5bed5,NB48_LOSS_135__opponent_under_pressure__45f8d3e5bed5,NB48_LOSS_135,135,4082271653,97,2.0,97,Greedy Damage Baseline,"[[[[""43"", ""Eevee""], 42.5, 3, ""None"", 7.5, true], [], 4, 5], [[[""788"", ""Charmander""], 40.0, 2, ""None"", 40.0, true], [], 4, 5], 6, ""Player""]",Quick Attack,1.3915,Training,Quick Attack,Quick Attack,True,True,ascension | quick attack,2.0,0.0,0.0,0.0,0.0,1.0,0.0
NB48_LOSS_135__player_under_pressure__3efd11199c11,NB48_LOSS_135__player_under_pressure__3efd11199c11,NB48_LOSS_135,135,2880160353,97,2.0,97,Greedy Damage Baseline,"[[[[""43"", ""Eevee""], 25.0, 2, ""None"", 25.0, true], [], 4, 4], [[[""788"", ""Charmander""], 68.0, 3, ""None"", 12.0, true], [], 4, 4], 6, ""Player""]",Ascension,1.21,Training,Ascension,Ascension,True,True,ascension,1.0,1.0,0.0,0.0,0.0,0.0,0.0
NB48_LOSS_138__balanced_midgame__828a49c1ee44,NB48_LOSS_138__balanced_midgame__828a49c1ee44,NB48_LOSS_138,138,206996580,53,4.0,53,Greedy Damage Baseline,"[[[[""788"", ""Charmander""], 60.0, 2, ""None"", 20.0, true], [], 4, 5], [[[""43"", ""Eevee""], 37.5, 2, ""None"", 12.5, true], [], 4, 5], 5, ""Opponent""]",Ascension,1.6335,Training,Ascension,Ascension,True,True,ascension,1.0,1.0,0.0,0.0,0.0,0.0,0.0
NB48_LOSS_138__counterfactual_side_early__3316107d86b8,NB48_LOSS_138__counterfactual_side_early__3316107d86b8,NB48_LOSS_138,138,1948766833,53,4.0,53,Greedy Damage Baseline,"[[[[""788"", ""Charmander""], 72.0, 1, ""None"", 8.0, true], [], 5, 6], [[[""43"", ""Eevee""], 45.0, 1, ""None"", 5.0, true], [], 5, 6], 3, ""Player""]",Live Coal,0.99,Training,Live Coal,Live Coal,True,True,live coal,1.0,0.0,0.0,1.0,0.0,0.0,0.0
NB48_LOSS_138__counterfactual_side_late__eb24c79df892,NB48_LOSS_138__counterfactual_side_late__eb24c79df892,NB48_LOSS_138,138,1753557802,53,4.0,53,Greedy Damage Baseline,"[[[[""788"", ""Charmander""], 44.0, 3, ""None"", 36.0, true], [], 3, 4], [[[""43"", ""Eevee""], 27.5, 3, ""None"", 22.5, true], [], 3, 4], 8, ""Player""]",Live Coal,0.99,Training,Live Coal,Live Coal,True,True,live coal,1.0,0.0,0.0,1.0,0.0,0.0,0.0
NB48_LOSS_138__critical_hp_decision__8e2880a722c6,NB48_LOSS_138__critical_hp_decision__8e2880a722c6,NB48_LOSS_138,138,1812785085,53,4.0,53,Greedy Damage Baseline,"[[[[""788"", ""Charmander""], 24.0, 4, ""None"", 56.0, true], [], 2, 3], [[[""43"", ""Eevee""], 22.5, 4, ""None"", 27.5, true], [], 2, 3], 10, ""Opponent""]",Quick Attack,1.8785,Training,Quick Attack,Quick Attack,True,True,ascension | quick attack,2.0,0.0,0.0,0.0,0.0,1.0,0.0
NB48_LOSS_138__early_pressure__96890149f868,NB48_LOSS_138__early_pressure__96890149f868,NB48_LOSS_138,138,1388728109,53,4.0,53,Greedy Damage Baseline,"[[[[""788"", ""Charmander""], 68.0, 1, ""None"", 12.0, true], [], 5, 6], [[[""43"", ""Eevee""], 47.5, 2, ""None"", 2.5, true], [], 5, 6], 3, ""Opponent""]",Ascension,1.6335,Training,Ascension,Ascension,True,True,ascension,1.0,1.0,0.0,0.0,0.0,0.0,0.0
NB48_LOSS_138__late_game_prize_pressure__4890b8da69c5,NB48_LOSS_138__late_game_prize_pressure__4890b8da69c5,NB48_LOSS_138,138,149703896,53,4.0,53,Greedy Damage Baseline,"[[[[""788"", ""Charmander""], 48.0, 3, ""None"", 32.0, true], [], 2, 3], [[[""43"", ""Eevee""], 30.0, 3, ""None"", 20.0, true], [], 2, 3], 9, ""Opponent""]",Quick Attack,1.8785,Training,Quick Attack,Quick Attack,True,True,ascension | quick attack,2.0,0.0,0.0,0.0,0.0,1.0,0.0
NB48_LOSS_138__opening_one_energy__765aa9cdfbb2,NB48_LOSS_138__opening_one_energy__765aa9cdfbb2,NB48_LOSS_138,138,4028717396,53,4.0,53,Greedy Damage Baseline,"[[[[""788"", ""Charmander""], 80.0, 1, ""None"", 0.0, true], [], 6, 6], [[[""43"", ""Eevee""], 50.0, 1, ""None"", 0.0, true], [], 6, 6], 2, ""Opponent""]",Ascension,1.6335,Training,Ascension,Ascension,True,True,ascension,1.0,1.0,0.0,0.0,0.0,0.0,0.0
NB48_LOSS_138__opening_zero_energy__5c7d66309ebe,NB48_LOSS_138__opening_zero_energy__5c7d66309ebe,NB48_LOSS_138,138,491933049,53,4.0,53,Greedy Damage Baseline,"[[[[""788"", ""Charmander""], 80.0, 0, ""None"", 0.0, true], [], 6, 7], [[[""43"", ""Eevee""], 50.0, 0, ""None"", 0.0, true], [], 6, 7], 1, ""Opponent""]",Pass,1.6335,Training,Pass,Pass,True,True,pass,1.0,0.0,0.0,0.0,1.0,0.0,0.0
NB48_LOSS_138__opponent_under_pressure__34682413654e,NB48_LOSS_138__opponent_under_pressure__34682413654e,NB48_LOSS_138,138,3464565417,53,4.0,53,Greedy Damage Baseline,"[[[[""788"", ""Charmander""], 68.0, 3, ""None"", 12.0, true], [], 4, 5], [[[""43"", ""Eevee""], 25.0, 2, ""None"", 25.0, true], [], 4, 5], 6, ""Opponent""]",Ascension,1.6335,Training,Ascension,Ascension,True,True,ascension,1.0,1.0,0.0,0.0,0.0,0.0,0.0
NB48_LOSS_138__player_under_pressure__d47d0f0feafd,NB48_LOSS_138__player_under_pressure__d47d0f0feafd,NB48_LOSS_138,138,1197916672,53,4.0,53,Greedy Damage Baseline,"[[[[""788"", ""Charmander""], 40.0, 2, ""None"", 40.0, true], [], 4, 4], [[[""43"", ""Eevee""], 42.5, 3, ""None"", 7.5, true], [], 4, 4], 6, ""Opponent""]",Quick Attack,1.8785,Training,Quick Attack,Quick Attack,True,True,ascension | quick attack,2.0,0.0,0.0,0.0,0.0,1.0,0.0
NB48_LOSS_142__balanced_midgame__4814b496bded,NB48_LOSS_142__balanced_midgame__4814b496bded,NB48_LOSS_142,142,4282164055,54,4.0,54,Greedy Damage Baseline,"[[[[""1071"", ""Meowth ex""], 127.5, 2, ""None"", 42.5, true], [], 4, 5], [[[""43"", ""Eevee""], 37.5, 2, ""None"", 12.5, true], [], 4, 5], 5, ""Opponent""]",Ascension,1.6335,Training,Ascension,Ascension,True,True,ascension,1.0,1.0,0.0,0.0,0.0,0.0,0.0
NB48_LOSS_142__counterfactual_side_early__fb3bd98e6462,NB48_LOSS_142__counterfactual_side_early__fb3bd98e6462,NB48_LOSS_142,142,2827106790,54,4.0,54,Greedy Damage Baseline,"[[[[""1071"", ""Meowth ex""], 153.0, 1, ""None"", 17.0, true], [], 5, 6], [[[""43"", ""Eevee""], 45.0, 1, ""None"", 5.0, true], [], 5, 6], 3, ""Player""]",Pass,0.99,Training,Pass,Pass,True,True,pass,1.0,0.0,0.0,0.0,1.0,0.0,0.0
NB48_LOSS_142__counterfactual_side_late__ec123371c982,NB48_LOSS_142__counterfactual_side_late__ec123371c982,NB48_LOSS_142,142,3624038362,54,4.0,54,Greedy Damage Baseline,"[[[[""1071"", ""Meowth ex""], 93.5, 3, ""None"", 76.5, true], [], 3, 4], [[[""43"", ""Eevee""], 27.5, 3, ""None"", 22.5, true], [], 3, 4], 8, ""Player""]",Tuck Tail,0.99,Training,Tuck Tail,Tuck Tail,True,True,tuck tail,1.0,0.0,0.0,0.0,0.0,0.0,1.0
NB48_LOSS_142__critical_hp_decision__6af8da86d3dc,NB48_LOSS_142__critical_hp_decision__6af8da86d3dc,NB48_LOSS_142,142,2025089562,54,4.0,54,Greedy Damage Baseline,"[[[[""1071"", ""Meowth ex""], 51.0, 4, ""None"", 119.0, true], [], 2, 3], [[[""43"", ""Eevee""], 22.5, 4, ""None"", 27.5, true], [], 2, 3], 10, ""Opponent""]",Quick Attack,1.8785,Training,Quick Attack,Quick Attack,True,True,ascension | quick attack,2.0,0.0,0.0,0.0,0.0,1.0,0.0
NB48_LOSS_142__early_pressure__3dac010af349,NB48_LOSS_142__early_pressure__3dac010af349,NB48_LOSS_142,142,3732913739,54,4.0,54,Greedy Damage Baseline,"[[[[""1071"", ""Meowth ex""], 144.5, 1, ""None"", 25.5, true], [], 5, 6], [[[""43"", ""Eevee""], 47.5, 2, ""None"", 2.5, true], [], 5, 6], 3, ""Opponent""]",Ascension,1.6335,Training,Ascension,Ascension,True,True,ascension,1.0,1.0,0.0,0.0,0.0,0.0,0.0
NB48_LOSS_142__late_game_prize_pressure__0c1e8662f01b,NB48_LOSS_142__late_game_prize_pressure__0c1e8662f01b,NB48_LOSS_142,142,3395191664,54,4.0,54,Greedy Damage Baseline,"[[[[""1071"", ""Meowth ex""], 102.0, 3, ""None"", 68.0, true], [], 2, 3], [[[""43"", ""Eevee""], 30.0, 3, ""None"", 20.0, true], [], 2, 3], 9, ""Opponent""]",Quick Attack,1.8785,Training,Quick Attack,Quick Attack,True,True,ascension | quick attack,2.0,0.0,0.0,0.0,0.0,1.0,0.0
NB48_LOSS_142__opening_one_energy__20116fd2a80c,NB48_LOSS_142__opening_one_energy__20116fd2a80c,NB48_LOSS_142,142,3416669725,54,4.0,54,Greedy Damage Baseline,"[[[[""1071"", ""Meowth ex""], 170.0, 1, ""None"", 0.0, true], [], 6, 6], [[[""43"", ""Eevee""], 50.0, 1, ""None"", 0.0, true], [], 6, 6], 2, ""Opponent""]",Ascension,1.6335,Training,Ascension,Ascension,True,True,ascension,1.0,1.0,0.0,0.0,0.0,0.0,0.0
NB48_LOSS_142__opening_zero_energy__2462d3150ac4,NB48_LOSS_142__opening_zero_energy__2462d3150ac4,NB48_LOSS_142,142,2231128182,54,4.0,54,Greedy Damage Baseline,"[[[[""1071"", ""Meowth ex""], 170.0, 0, ""None"", 0.0, true], [], 6, 7], [[[""43"", ""Eevee""], 50.0, 0, ""None"", 0.0, true], [], 6, 7], 1, ""Opponent""]",Pass,1.6335,Training,Pass,Pass,True,True,pass,1.0,0.0,0.0,0.0,1.0,0.0,0.0
NB48_LOSS_142__opponent_under_pressure__bef0e9e1c5d2,NB48_LOSS_142__opponent_under_pressure__bef0e9e1c5d2,NB48_LOSS_142,142,2027548457,54,4.0,54,Greedy Damage Baseline,"[[[[""1071"", ""Meowth ex""], 144.5, 3, ""None"", 25.5, true], [], 4, 5], [[[""43"", ""Eevee""], 25.0, 2, ""None"", 25.0, true], [], 4, 5], 6, ""Opponent""]",Ascension,1.6335,Training,Ascension,Ascension,True,True,ascension,1.0,1.0,0.0,0.0,0.0,0.0,0.0
NB48_LOSS_142__player_under_pressure__d28d32534196,NB48_LOSS_142__player_under_pressure__d28d32534196,NB48_LOSS_142,142,1271729757,54,4.0,54,Greedy Damage Baseline,"[[[[""1071"", ""Meowth ex""], 85.0, 2, ""None"", 85.0, true], [], 4, 4], [[[""43"", ""Eevee""], 42.5, 3, ""None"", 7.5, true], [], 4, 4], 6, ""Opponent""]",Quick Attack,1.8785,Training,Quick Attack,Quick Attack,True,True,ascension | quick attack,2.0,0.0,0.0,0.0,0.0,1.0,0.0
NB48_LOSS_146__balanced_midgame__e6a8e1494834,NB48_LOSS_146__balanced_midgame__e6a8e1494834,NB48_LOSS_146,146,3488940655,55,4.0,55,Greedy Damage Baseline,"[[[[""650"", ""Bulbasaur""], 60.0, 2, ""None"", 20.0, true], [], 4, 5], [[[""43"", ""Eevee""], 37.5, 2, ""None"", 12.5, true], [], 4, 5], 5, ""Opponent""]",Ascension,1.6335,Training,Ascension,Ascension,True,True,ascension,1.0,1.0,0.0,0.0,0.0,0.0,0.0
NB48_LOSS_146__counterfactual_side_early__472dde0397e9,NB48_LOSS_146__counterfactual_side_early__472dde0397e9,NB48_LOSS_146,146,3384426924,55,4.0,55,Greedy Damage Baseline,"[[[[""650"", ""Bulbasaur""], 72.0, 1, ""None"", 8.0, true], [], 5, 6], [[[""43"", ""Eevee""], 45.0, 1, ""None"", 5.0, true], [], 5, 6], 3, ""Player""]",Bind Down,0.99,Training,Bind Down,Bind Down,True,True,bind down,1.0,0.0,1.0,0.0,0.0,0.0,0.0
NB48_LOSS_146__counterfactual_side_late__34d1ddc260e6,NB48_LOSS_146__counterfactual_side_late__34d1ddc260e6,NB48_LOSS_146,146,2183991005,55,4.0,55,Greedy Damage Baseline,"[[[[""650"", ""Bulbasaur""], 44.0, 3, ""None"", 36.0, true], [], 3, 4], [[[""43"", ""Eevee""], 27.5, 3, ""None"", 22.5, true], [], 3, 4], 8, ""Player""]",Bind Down,0.99,Training,Bind Down,Bind Down,True,True,bind down,1.0,0.0,1.0,0.0,0.0,0.0,0.0
NB48_LOSS_146__critical_hp_decision__5e1caa0cb9e0,NB48_LOSS_146__critical_hp_decision__5e1caa0cb9e0,NB48_LOSS_146,146,1403958169,55,4.0,55,Greedy Damage Baseline,"[[[[""650"", ""Bulbasaur""], 24.0, 4, ""None"", 56.0, true], [], 2, 3], [[[""43"", ""Eevee""], 22.5, 4, ""None"", 27.5, true], [], 2, 3], 10, ""Opponent""]",Quick Attack,1.8785,Training,Quick Attack,Quick Attack,True,True,ascension | quick attack,2.0,0.0,0.0,0.0,0.0,1.0,0.0
NB48_LOSS_146__early_pressure__b1c65fa4554e,NB48_LOSS_146__early_pressure__b1c65fa4554e,NB48_LOSS_146,146,2305142730,55,4.0,55,Greedy Damage Baseline,"[[[[""650"", ""Bulbasaur""], 68.0, 1, ""None"", 12.0, true], [], 5, 6], [[[""43"", ""Eevee""], 47.5, 2, ""None"", 2.5, true], [], 5, 6], 3, ""Opponent""]",Ascension,1.6335,Training,Ascension,Ascension,True,True,ascension,1.0,1.0,0.0,0.0,0.0,0.0,0.0
NB48_LOSS_146__late_game_prize_pressure__2e40d42570ec,NB48_LOSS_146__late_game_prize_pressure__2e40d42570ec,NB48_LOSS_146,146,509240663,55,4.0,55,Greedy Damage Baseline,"[[[[""650"", ""Bulbasaur""], 48.0, 3, ""None"", 32.0, true], [], 2, 3], [[[""43"", ""Eevee""], 30.0, 3, ""None"", 20.0, true], [], 2, 3], 9, ""Opponent""]",Quick Attack,1.8785,Training,Quick Attack,Quick Attack,True,True,ascension | quick attack,2.0,0.0,0.0,0.0,0.0,1.0,0.0
NB48_LOSS_146__opening_one_energy__26dd61c466a8,NB48_LOSS_146__opening_one_energy__26dd61c466a8,NB48_LOSS_146,146,3909043766,55,4.0,55,Greedy Damage Baseline,"[[[[""650"", ""Bulbasaur""], 80.0, 1, ""None"", 0.0, true], [], 6, 6], [[[""43"", ""Eevee""], 50.0, 1, ""None"", 0.0, true], [], 6, 6], 2, ""Opponent""]",Ascension,1.6335,Training,Ascension,Ascension,True,True,ascension,1.0,1.0,0.0,0.0,0.0,0.0,0.0
NB48_LOSS_146__opening_zero_energy__cd6e6bc65236,NB48_LOSS_146__opening_zero_energy__cd6e6bc65236,NB48_LOSS_146,146,1008089023,55,4.0,55,Greedy Damage Baseline,"[[[[""650"", ""Bulbasaur""], 80.0, 0, ""None"", 0.0, true], [], 6, 7], [[[""43"", ""Eevee""], 50.0, 0, ""None"", 0.0, true], [], 6, 7], 1, ""Opponent""]",Pass,1.6335,Training,Pass,Pass,True,True,pass,1.0,0.0,0.0,0.0,1.0,0.0,0.0
NB48_LOSS_146__opponent_under_pressure__de576df0c7ad,NB48_LOSS_146__opponent_under_pressure__de576df0c7ad,NB48_LOSS_146,146,2733600341,55,4.0,55,Greedy Damage Baseline,"[[[[""650"", ""Bulbasaur""], 68.0, 3, ""None"", 12.0, true], [], 4, 5], [[[""43"", ""Eevee""], 25.0, 2, ""None"", 25.0, true], [], 4, 5], 6, ""Opponent""]",Ascension,1.6335,Training,Ascension,Ascension,True,True,ascension,1.0,1.0,0.0,0.0,0.0,0.0,0.0
NB48_LOSS_146__player_under_pressure__104be7fa5db5,NB48_LOSS_146__player_under_pressure__104be7fa5db5,NB48_LOSS_146,146,4078923090,55,4.0,55,Greedy Damage Baseline,"[[[[""650"", ""Bulbasaur""], 40.0, 2, ""None"", 40.0, true], [], 4, 4], [[[""43"", ""Eevee""], 42.5, 3, ""None"", 7.5, true], [], 4, 4], 6, ""Opponent""]",Quick Attack,1.8785,Training,Quick Attack,Quick Attack,True,True,ascension | quick attack,2.0,0.0,0.0,0.0,0.0,1.0,0.0
NB48_LOSS_147__balanced_midgame__228f1d11acd7,NB48_LOSS_147__balanced_midgame__228f1d11acd7,NB48_LOSS_147,147,1710193511,98,2.0,98,Greedy Damage Baseline,"[[[[""43"", ""Eevee""], 37.5, 2, ""None"", 12.5, true], [], 4, 5], [[[""788"", ""Charmander""], 60.0, 2, ""None"", 20.0, true], [], 4, 5], 5, ""Player""]",Ascension,1.21,Training,Ascension,Ascension,True,True,ascension,1.0,1.0,0.0,0.0,0.0,0.0,0.0
NB48_LOSS_147__counterfactual_side_early__fef6822200b4,NB48_LOSS_147__counterfactual_side_early__fef6822200b4,NB48_LOSS_147,147,3395277893,98,2.0,98,Greedy Damage Baseline,"[[[[""43"", ""Eevee""], 45.0, 1, ""None"", 5.0, true], [], 5, 6], [[[""788"", ""Charmander""], 72.0, 1, ""None"", 8.0, true], [], 5, 6], 3, ""Opponent""]",Live Coal,1.3365,Training,Live Coal,Live Coal,True,True,live coal,1.0,0.0,0.0,1.0,0.0,0.0,0.0
NB48_LOSS_147__counterfactual_side_late__a9b341356dc3,NB48_LOSS_147__counterfactual_side_late__a9b341356dc3,NB48_LOSS_147,147,456855657,98,2.0,98,Greedy Damage Baseline,"[[[[""43"", ""Eevee""], 27.5, 3, ""None"", 22.5, true], [], 3, 4], [[[""788"", ""Charmander""], 44.0, 3, ""None"", 36.0, true], [], 3, 4], 8, ""Opponent""]",Live Coal,1.3365,Training,Live Coal,Live Coal,True,True,live coal,1.0,0.0,0.0,1.0,0.0,0.0,0.0
NB48_LOSS_147__critical_hp_decision__5bbc1524cd80,NB48_LOSS_147__critical_hp_decision__5bbc1524cd80,NB48_LOSS_147,147,1054189145,98,2.0,98,Greedy Damage Baseline,"[[[[""43"", ""Eevee""], 15.0, 4, ""None"", 35.0, true], [], 2, 3], [[[""788"", ""Charmander""], 36.0, 4, ""None"", 44.0, true], [], 2, 3], 10, ""Player""]",Quick Attack,1.3915,Training,Quick Attack,Quick Attack,True,True,ascension | quick attack,2.0,0.0,0.0,0.0,0.0,1.0,0.0
NB48_LOSS_147__early_pressure__d3d6aeba1281,NB48_LOSS_147__early_pressure__d3d6aeba1281,NB48_LOSS_147,147,3688329209,98,2.0,98,Greedy Damage Baseline,"[[[[""43"", ""Eevee""], 42.5, 1, ""None"", 7.5, true], [], 5, 6], [[[""788"", ""Charmander""], 76.0, 2, ""None"", 4.0, true], [], 5, 6], 3, ""Player""]",Ascension,1.21,Training,Ascension,Ascension,True,True,ascension,1.0,1.0,0.0,0.0,0.0,0.0,0.0
NB48_LOSS_147__late_game_prize_pressure__106e609fdb5a,NB48_LOSS_147__late_game_prize_pressure__106e609fdb5a,NB48_LOSS_147,147,2314290596,98,2.0,98,Greedy Damage Baseline,"[[[[""43"", ""Eevee""], 30.0, 3, ""None"", 20.0, true], [], 2, 3], [[[""788"", ""Charmander""], 48.0, 3, ""None"", 32.0, true], [], 2, 3], 9, ""Player""]",Quick Attack,1.3915,Training,Quick Attack,Quick Attack,True,True,ascension | quick attack,2.0,0.0,0.0,0.0,0.0,1.0,0.0
NB48_LOSS_147__opening_one_energy__c0cbf00ecf2c,NB48_LOSS_147__opening_one_energy__c0cbf00ecf2c,NB48_LOSS_147,147,969404701,98,2.0,98,Greedy Damage Baseline,"[[[[""43"", ""Eevee""], 50.0, 1, ""None"", 0.0, true], [], 6, 6], [[[""788"", ""Charmander""], 80.0, 1, ""None"", 0.0, true], [], 6, 6], 2, ""Player""]",Ascension,1.21,Training,Ascension,Ascension,True,True,ascension,1.0,1.0,0.0,0.0,0.0,0.0,0.0
NB48_LOSS_147__opening_zero_energy__998a605fa3c3,NB48_LOSS_147__opening_zero_energy__998a605fa3c3,NB48_LOSS_147,147,2283322145,98,2.0,98,Greedy Damage Baseline,"[[[[""43"", ""Eevee""], 50.0, 0, ""None"", 0.0, true], [], 6, 7], [[[""788"", ""Charmander""], 80.0, 0, ""None"", 0.0, true], [], 6, 7], 1, ""Player""]",Pass,1.21,Training,Pass,Pass,True,True,pass,1.0,0.0,0.0,0.0,1.0,0.0,0.0
NB48_LOSS_147__opponent_under_pressure__85e53a72ca06,NB48_LOSS_147__opponent_under_pressure__85e53a72ca06,NB48_LOSS_147,147,1843084102,98,2.0,98,Greedy Damage Baseline,"[[[[""43"", ""Eevee""], 42.5, 3, ""None"", 7.5, true], [], 4, 5], [[[""788"", ""Charmander""], 40.0, 2, ""None"", 40.0, true], [], 4, 5], 6, ""Player""]",Quick Attack,1.3915,Training,Quick Attack,Quick Attack,True,True,ascension | quick attack,2.0,0.0,0.0,0.0,0.0,1.0,0.0
NB48_LOSS_147__player_under_pressure__57dacf3f12ff,NB48_LOSS_147__player_under_pressure__57dacf3f12ff,NB48_LOSS_147,147,2529953608,98,2.0,98,Greedy Damage Baseline,"[[[[""43"", ""Eevee""], 25.0, 2, ""None"", 25.0, true], [], 4, 4], [[[""788"", ""Charmander""], 68.0, 3, ""None"", 12.0, true], [], 4, 4], 6, ""Player""]",Ascension,1.21,Training,Ascension,Ascension,True,True,ascension,1.0,1.0,0.0,0.0,0.0,0.0,0.0
NB48_LOSS_150__balanced_midgame__c89bfc1b7095,NB48_LOSS_150__balanced_midgame__c89bfc1b7095,NB48_LOSS_150,150,1835108575,56,4.0,56,Greedy Damage Baseline,"[[[[""788"", ""Charmander""], 60.0, 2, ""None"", 20.0, true], [], 4, 5], [[[""43"", ""Eevee""], 37.5, 2, ""None"", 12.5, true], [], 4, 5], 5, ""Opponent""]",Ascension,1.6335,Training,Ascension,Ascension,True,True,ascension,1.0,1.0,0.0,0.0,0.0,0.0,0.0
NB48_LOSS_150__counterfactual_side_early__c8ec9af9039e,NB48_LOSS_150__counterfactual_side_early__c8ec9af9039e,NB48_LOSS_150,150,3384767297,56,4.0,56,Greedy Damage Baseline,"[[[[""788"", ""Charmander""], 72.0, 1, ""None"", 8.0, true], [], 5, 6], [[[""43"", ""Eevee""], 45.0, 1, ""None"", 5.0, true], [], 5, 6], 3, ""Player""]",Live Coal,0.99,Training,Live Coal,Live Coal,True,True,live coal,1.0,0.0,0.0,1.0,0.0,0.0,0.0
NB48_LOSS_150__counterfactual_side_late__a0967855628a,NB48_LOSS_150__counterfactual_side_late__a0967855628a,NB48_LOSS_150,150,3967855991,56,4.0,56,Greedy Damage Baseline,"[[[[""788"", ""Charmander""], 44.0, 3, ""None"", 36.0, true], [], 3, 4], [[[""43"", ""Eevee""], 27.5, 3, ""None"", 22.5, true], [], 3, 4], 8, ""Player""]",Live Coal,0.99,Training,Live Coal,Live Coal,True,True,live coal,1.0,0.0,0.0,1.0,0.0,0.0,0.0
NB48_LOSS_150__critical_hp_decision__ec52872d8714,NB48_LOSS_150__critical_hp_decision__ec52872d8714,NB48_LOSS_150,150,1805798611,56,4.0,56,Greedy Damage Baseline,"[[[[""788"", ""Charmander""], 24.0, 4, ""None"", 56.0, true], [], 2, 3], [[[""43"", ""Eevee""], 22.5, 4, ""None"", 27.5, true], [], 2, 3], 10, ""Opponent""]",Quick Attack,1.8785,Training,Quick Attack,Quick Attack,True,True,ascension | quick attack,2.0,0.0,0.0,0.0,0.0,1.0,0.0
NB48_LOSS_150__early_pressure__0c78137e831d,NB48_LOSS_150__early_pressure__0c78137e831d,NB48_LOSS_150,150,2630170958,56,4.0,56,Greedy Damage Baseline,"[[[[""788"", ""Charmander""], 68.0, 1, ""None"", 12.0, true], [], 5, 6], [[[""43"", ""Eevee""], 47.5, 2, ""None"", 2.5, true], [], 5, 6], 3, ""Opponent""]",Ascension,1.6335,Training,Ascension,Ascension,True,True,ascension,1.0,1.0,0.0,0.0,0.0,0.0,0.0
NB48_LOSS_150__late_game_prize_pressure__261ab31426a0,NB48_LOSS_150__late_game_prize_pressure__261ab31426a0,NB48_LOSS_150,150,1429678650,56,4.0,56,Greedy Damage Baseline,"[[[[""788"", ""Charmander""], 48.0, 3, ""None"", 32.0, true], [], 2, 3], [[[""43"", ""Eevee""], 30.0, 3, ""None"", 20.0, true], [], 2, 3], 9, ""Opponent""]",Quick Attack,1.8785,Training,Quick Attack,Quick Attack,True,True,ascension | quick attack,2.0,0.0,0.0,0.0,0.0,1.0,0.0
NB48_LOSS_150__opening_one_energy__4603165fddd5,NB48_LOSS_150__opening_one_energy__4603165fddd5,NB48_LOSS_150,150,3607670823,56,4.0,56,Greedy Damage Baseline,"[[[[""788"", ""Charmander""], 80.0, 1, ""None"", 0.0, true], [], 6, 6], [[[""43"", ""Eevee""], 50.0, 1, ""None"", 0.0, true], [], 6, 6], 2, ""Opponent""]",Ascension,1.6335,Training,Ascension,Ascension,True,True,ascension,1.0,1.0,0.0,0.0,0.0,0.0,0.0
NB48_LOSS_150__opening_zero_energy__ca4cf38b6f3e,NB48_LOSS_150__opening_zero_energy__ca4cf38b6f3e,NB48_LOSS_150,150,532658506,56,4.0,56,Greedy Damage Baseline,"[[[[""788"", ""Charmander""], 80.0, 0, ""None"", 0.0, true], [], 6, 7], [[[""43"", ""Eevee""], 50.0, 0, ""None"", 0.0, true], [], 6, 7], 1, ""Opponent""]",Pass,1.6335,Training,Pass,Pass,True,True,pass,1.0,0.0,0.0,0.0,1.0,0.0,0.0
NB48_LOSS_150__opponent_under_pressure__1ebd939c1b05,NB48_LOSS_150__opponent_under_pressure__1ebd939c1b05,NB48_LOSS_150,150,1394926401,56,4.0,56,Greedy Damage Baseline,"[[[[""788"", ""Charmander""], 68.0, 3, ""None"", 12.0, true], [], 4, 5], [[[""43"", ""Eevee""], 25.0, 2, ""None"", 25.0, true], [], 4, 5], 6, ""Opponent""]",Ascension,1.6335,Training,Ascension,Ascension,True,True,ascension,1.0,1.0,0.0,0.0,0.0,0.0,0.0
NB48_LOSS_150__player_under_pressure__f271609219fc,NB48_LOSS_150__player_under_pressure__f271609219fc,NB48_LOSS_150,150,557843605,56,4.0,56,Greedy Damage Baseline,"[[[[""788"", ""Charmander""], 40.0, 2, ""None"", 40.0, true], [], 4, 4], [[[""43"", ""Eevee""], 42.5, 3, ""None"", 7.5, true], [], 4, 4], 6, ""Opponent""]",Quick Attack,1.8785,Training,Quick Attack,Quick Attack,True,True,ascension | quick attack,2.0,0.0,0.0,0.0,0.0,1.0,0.0
NB48_LOSS_152__balanced_midgame__7253afa320d4,NB48_LOSS_152__balanced_midgame__7253afa320d4,NB48_LOSS_152,152,923339223,39,5.333333333333333,39,Greedy Damage Baseline,"[[[[""650"", ""Bulbasaur""], 60.0, 2, ""None"", 20.0, true], [], 4, 5], [[[""43"", ""Eevee""], 37.5, 2, ""None"", 12.5, true], [], 4, 5], 5, ""Opponent""]",Ascension,1.6335,Training,Ascension,Ascension,True,True,ascension,1.0,1.0,0.0,0.0,0.0,0.0,0.0
NB48_LOSS_152__counterfactual_side_early__2a8d280cfe1f,NB48_LOSS_152__counterfactual_side_early__2a8d280cfe1f,NB48_LOSS_152,152,1964501964,39,5.333333333333333,39,Greedy Damage Baseline,"[[[[""650"", ""Bulbasaur""], 72.0, 1, ""None"", 8.0, true], [], 5, 6], [[[""43"", ""Eevee""], 45.0, 1, ""None"", 5.0, true], [], 5, 6], 3, ""Player""]",Bind Down,0.99,Training,Bind Down,Bind Down,True,True,bind down,1.0,0.0,1.0,0.0,0.0,0.0,0.0
NB48_LOSS_152__counterfactual_side_late__a15b1391dcdc,NB48_LOSS_152__counterfactual_side_late__a15b1391dcdc,NB48_LOSS_152,152,1938007587,39,5.333333333333333,39,Greedy Damage Baseline,"[[[[""650"", ""Bulbasaur""], 44.0, 3, ""None"", 36.0, true], [], 3, 4], [[[""43"", ""Eevee""], 27.5, 3, ""None"", 22.5, true], [], 3, 4], 8, ""Player""]",Bind Down,0.99,Training,Bind Down,Bind Down,True,True,bind down,1.0,0.0,1.0,0.0,0.0,0.0,0.0
NB48_LOSS_152__critical_hp_decision__0b8f18944034,NB48_LOSS_152__critical_hp_decision__0b8f18944034,NB48_LOSS_152,152,3083716253,39,5.333333333333333,39,Greedy Damage Baseline,"[[[[""650"", ""Bulbasaur""], 24.0, 4, ""None"", 56.0, true], [], 2, 3], [[[""43"", ""Eevee""], 22.5, 4, ""None"", 27.5, true], [], 2, 3], 10, ""Opponent""]",Quick Attack,1.8785,Training,Quick Attack,Quick Attack,True,True,ascension | quick attack,2.0,0.0,0.0,0.0,0.0,1.0,0.0
NB48_LOSS_152__early_pressure__c159892d39d9,NB48_LOSS_152__early_pressure__c159892d39d9,NB48_LOSS_152,152,3275277518,39,5.333333333333333,39,Greedy Damage Baseline,"[[[[""650"", ""Bulbasaur""], 68.0, 1, ""None"", 12.0, true], [], 5, 6], [[[""43"", ""Eevee""], 47.5, 2, ""None"", 2.5, true], [], 5, 6], 3, ""Opponent""]",Ascension,1.6335,Training,Ascension,Ascension,True,True,ascension,1.0,1.0,0.0,0.0,0.0,0.0,0.0
NB48_LOSS_152__late_game_prize_pressure__cf7b9d89b773,NB48_LOSS_152__late_game_prize_pressure__cf7b9d89b773,NB48_LOSS_152,152,720933804,39,5.333333333333333,39,Greedy Damage Baseline,"[[[[""650"", ""Bulbasaur""], 48.0, 3, ""None"", 32.0, true], [], 2, 3], [[[""43"", ""Eevee""], 30.0, 3, ""None"", 20.0, true], [], 2, 3], 9, ""Opponent""]",Quick Attack,1.8785,Training,Quick Attack,Quick Attack,True,True,ascension | quick attack,2.0,0.0,0.0,0.0,0.0,1.0,0.0
NB48_LOSS_152__opening_one_energy__6d71d0d8854a,NB48_LOSS_152__opening_one_energy__6d71d0d8854a,NB48_LOSS_152,152,3733142728,39,5.333333333333333,39,Greedy Damage Baseline,"[[[[""650"", ""Bulbasaur""], 80.0, 1, ""None"", 0.0, true], [], 6, 6], [[[""43"", ""Eevee""], 50.0, 1, ""None"", 0.0, true], [], 6, 6], 2, ""Opponent""]",Ascension,1.6335,Training,Ascension,Ascension,True,True,ascension,1.0,1.0,0.0,0.0,0.0,0.0,0.0
NB48_LOSS_152__opening_zero_energy__09d08d9f55fe,NB48_LOSS_152__opening_zero_energy__09d08d9f55fe,NB48_LOSS_152,152,165005659,39,5.333333333333333,39,Greedy Damage Baseline,"[[[[""650"", ""Bulbasaur""], 80.0, 0, ""None"", 0.0, true], [], 6, 7], [[[""43"", ""Eevee""], 50.0, 0, ""None"", 0.0, true], [], 6, 7], 1, ""Opponent""]",Pass,1.6335,Training,Pass,Pass,True,True,pass,1.0,0.0,0.0,0.0,1.0,0.0,0.0
NB48_LOSS_152__opponent_under_pressure__43b71aa4d409,NB48_LOSS_152__opponent_under_pressure__43b71aa4d409,NB48_LOSS_152,152,2706104043,39,5.333333333333333,39,Greedy Damage Baseline,"[[[[""650"", ""Bulbasaur""], 68.0, 3, ""None"", 12.0, true], [], 4, 5], [[[""43"", ""Eevee""], 25.0, 2, ""None"", 25.0, true], [], 4, 5], 6, ""Opponent""]",Ascension,1.6335,Training,Ascension,Ascension,True,True,ascension,1.0,1.0,0.0,0.0,0.0,0.0,0.0
NB48_LOSS_152__player_under_pressure__6e35c3b407d4,NB48_LOSS_152__player_under_pressure__6e35c3b407d4,NB48_LOSS_152,152,2322374718,39,5.333333333333333,39,Greedy Damage Baseline,"[[[[""650"", ""Bulbasaur""], 40.0, 2, ""None"", 40.0, true], [], 4, 4], [[[""43"", ""Eevee""], 42.5, 3, ""None"", 7.5, true], [], 4, 4], 6, ""Opponent""]",Quick Attack,1.8785,Training,Quick Attack,Quick Attack,True,True,ascension | quick attack,2.0,0.0,0.0,0.0,0.0,1.0,0.0
NB48_LOSS_154__balanced_midgame__2c5c0c4da373,NB48_LOSS_154__balanced_midgame__2c5c0c4da373,NB48_LOSS_154,154,1891679277,57,4.0,57,Greedy Damage Baseline,"[[[[""1071"", ""Meowth ex""], 127.5, 2, ""None"", 42.5, true], [], 4, 5], [[[""43"", ""Eevee""], 37.5, 2, ""None"", 12.5, true], [], 4, 5], 5, ""Opponent""]",Ascension,1.6335,Training,Ascension,Ascension,True,True,ascension,1.0,1.0,0.0,0.0,0.0,0.0,0.0
NB48_LOSS_154__counterfactual_side_early__8fce4ab44f81,NB48_LOSS_154__counterfactual_side_early__8fce4ab44f81,NB48_LOSS_154,154,2097122511,57,4.0,57,Greedy Damage Baseline,"[[[[""1071"", ""Meowth ex""], 153.0, 1, ""None"", 17.0, true], [], 5, 6], [[[""43"", ""Eevee""], 45.0, 1, ""None"", 5.0, true], [], 5, 6], 3, ""Player""]",Pass,0.99,Training,Pass,Pass,True,True,pass,1.0,0.0,0.0,0.0,1.0,0.0,0.0
NB48_LOSS_154__counterfactual_side_late__22d721319735,NB48_LOSS_154__counterfactual_side_late__22d721319735,NB48_LOSS_154,154,2214389423,57,4.0,57,Greedy Damage Baseline,"[[[[""1071"", ""Meowth ex""], 93.5, 3, ""None"", 76.5, true], [], 3, 4], [[[""43"", ""Eevee""], 27.5, 3, ""None"", 22.5, true], [], 3, 4], 8, ""Player""]",Tuck Tail,0.99,Training,Tuck Tail,Tuck Tail,True,True,tuck tail,1.0,0.0,0.0,0.0,0.0,0.0,1.0
NB48_LOSS_154__critical_hp_decision__57dd6576cb0a,NB48_LOSS_154__critical_hp_decision__57dd6576cb0a,NB48_LOSS_154,154,2183251090,57,4.0,57,Greedy Damage Baseline,"[[[[""1071"", ""Meowth ex""], 51.0, 4, ""None"", 119.0, true], [], 2, 3], [[[""43"", ""Eevee""], 22.5, 4, ""None"", 27.5, true], [], 2, 3], 10, ""Opponent""]",Quick Attack,1.8785,Training,Quick Attack,Quick Attack,True,True,ascension | quick attack,2.0,0.0,0.0,0.0,0.0,1.0,0.0
NB48_LOSS_154__early_pressure__59d78658dcd6,NB48_LOSS_154__early_pressure__59d78658dcd6,NB48_LOSS_154,154,716541649,57,4.0,57,Greedy Damage Baseline,"[[[[""1071"", ""Meowth ex""], 144.5, 1, ""None"", 25.5, true], [], 5, 6], [[[""43"", ""Eevee""], 47.5, 2, ""None"", 2.5, true], [], 5, 6], 3, ""Opponent""]",Ascension,1.6335,Training,Ascension,Ascension,True,True,ascension,1.0,1.0,0.0,0.0,0.0,0.0,0.0
NB48_LOSS_154__late_game_prize_pressure__586d751e74ce,NB48_LOSS_154__late_game_prize_pressure__586d751e74ce,NB48_LOSS_154,154,938796568,57,4.0,57,Greedy Damage Baseline,"[[[[""1071"", ""Meowth ex""], 102.0, 3, ""None"", 68.0, true], [], 2, 3], [[[""43"", ""Eevee""], 30.0, 3, ""None"", 20.0, true], [], 2, 3], 9, ""Opponent""]",Quick Attack,1.8785,Training,Quick Attack,Quick Attack,True,True,ascension | quick attack,2.0,0.0,0.0,0.0,0.0,1.0,0.0
NB48_LOSS_154__opening_one_energy__c7747657abbf,NB48_LOSS_154__opening_one_energy__c7747657abbf,NB48_LOSS_154,154,3109999684,57,4.0,57,Greedy Damage Baseline,"[[[[""1071"", ""Meowth ex""], 170.0, 1, ""None"", 0.0, true], [], 6, 6], [[[""43"", ""Eevee""], 50.0, 1, ""None"", 0.0, true], [], 6, 6], 2, ""Opponent""]",Ascension,1.6335,Training,Ascension,Ascension,True,True,ascension,1.0,1.0,0.0,0.0,0.0,0.0,0.0
NB48_LOSS_154__opening_zero_energy__2f1b9caf5b85,NB48_LOSS_154__opening_zero_energy__2f1b9caf5b85,NB48_LOSS_154,154,2356926812,57,4.0,57,Greedy Damage Baseline,"[[[[""1071"", ""Meowth ex""], 170.0, 0, ""None"", 0.0, true], [], 6, 7], [[[""43"", ""Eevee""], 50.0, 0, ""None"", 0.0, true], [], 6, 7], 1, ""Opponent""]",Pass,1.6335,Training,Pass,Pass,True,True,pass,1.0,0.0,0.0,0.0,1.0,0.0,0.0
NB48_LOSS_154__opponent_under_pressure__c1ddef9330de,NB48_LOSS_154__opponent_under_pressure__c1ddef9330de,NB48_LOSS_154,154,830649199,57,4.0,57,Greedy Damage Baseline,"[[[[""1071"", ""Meowth ex""], 144.5, 3, ""None"", 25.5, true], [], 4, 5], [[[""43"", ""Eevee""], 25.0, 2, ""None"", 25.0, true], [], 4, 5], 6, ""Opponent""]",Ascension,1.6335,Training,Ascension,Ascension,True,True,ascension,1.0,1.0,0.0,0.0,0.0,0.0,0.0
NB48_LOSS_154__player_under_pressure__674ad46c3597,NB48_LOSS_154__player_under_pressure__674ad46c3597,NB48_LOSS_154,154,2093292526,57,4.0,57,Greedy Damage Baseline,"[[[[""1071"", ""Meowth ex""], 85.0, 2, ""None"", 85.0, true], [], 4, 4], [[[""43"", ""Eevee""], 42.5, 3, ""None"", 7.5, true], [], 4, 4], 6, ""Opponent""]",Quick Attack,1.8785,Training,Quick Attack,Quick Attack,True,True,ascension | quick attack,2.0,0.0,0.0,0.0,0.0,1.0,0.0
NB48_LOSS_158__balanced_midgame__5e664de6a114,NB48_LOSS_158__balanced_midgame__5e664de6a114,NB48_LOSS_158,158,2110965009,58,4.0,58,Greedy Damage Baseline,"[[[[""650"", ""Bulbasaur""], 60.0, 2, ""None"", 20.0, true], [], 4, 5], [[[""43"", ""Eevee""], 37.5, 2, ""None"", 12.5, true], [], 4, 5], 5, ""Opponent""]",Ascension,1.6335,Training,Ascension,Ascension,True,True,ascension,1.0,1.0,0.0,0.0,0.0,0.0,0.0
NB48_LOSS_158__counterfactual_side_early__b4764bd0710d,NB48_LOSS_158__counterfactual_side_early__b4764bd0710d,NB48_LOSS_158,158,1015955882,58,4.0,58,Greedy Damage Baseline,"[[[[""650"", ""Bulbasaur""], 72.0, 1, ""None"", 8.0, true], [], 5, 6], [[[""43"", ""Eevee""], 45.0, 1, ""None"", 5.0, true], [], 5, 6], 3, ""Player""]",Bind Down,0.99,Training,Bind Down,Bind Down,True,True,bind down,1.0,0.0,1.0,0.0,0.0,0.0,0.0
NB48_LOSS_158__counterfactual_side_late__395f761b8ca2,NB48_LOSS_158__counterfactual_side_late__395f761b8ca2,NB48_LOSS_158,158,1069950088,58,4.0,58,Greedy Damage Baseline,"[[[[""650"", ""Bulbasaur""], 44.0, 3, ""None"", 36.0, true], [], 3, 4], [[[""43"", ""Eevee""], 27.5, 3, ""None"", 22.5, true], [], 3, 4], 8, ""Player""]",Bind Down,0.99,Training,Bind Down,Bind Down,True,True,bind down,1.0,0.0,1.0,0.0,0.0,0.0,0.0
NB48_LOSS_158__critical_hp_decision__531157cdbb4d,NB48_LOSS_158__critical_hp_decision__531157cdbb4d,NB48_LOSS_158,158,649686335,58,4.0,58,Greedy Damage Baseline,"[[[[""650"", ""Bulbasaur""], 24.0, 4, ""None"", 56.0, true], [], 2, 3], [[[""43"", ""Eevee""], 22.5, 4, ""None"", 27.5, true], [], 2, 3], 10, ""Opponent""]",Quick Attack,1.8785,Training,Quick Attack,Quick Attack,True,True,ascension | quick attack,2.0,0.0,0.0,0.0,0.0,1.0,0.0
NB48_LOSS_158__early_pressure__d81fba6d7c74,NB48_LOSS_158__early_pressure__d81fba6d7c74,NB48_LOSS_158,158,2259379873,58,4.0,58,Greedy Damage Baseline,"[[[[""650"", ""Bulbasaur""], 68.0, 1, ""None"", 12.0, true], [], 5, 6], [[[""43"", ""Eevee""], 47.5, 2, ""None"", 2.5, true], [], 5, 6], 3, ""Opponent""]",Ascension,1.6335,Training,Ascension,Ascension,True,True,ascension,1.0,1.0,0.0,0.0,0.0,0.0,0.0
NB48_LOSS_158__late_game_prize_pressure__cac092b4ae14,NB48_LOSS_158__late_game_prize_pressure__cac092b4ae14,NB48_LOSS_158,158,1367678210,58,4.0,58,Greedy Damage Baseline,"[[[[""650"", ""Bulbasaur""], 48.0, 3, ""None"", 32.0, true], [], 2, 3], [[[""43"", ""Eevee""], 30.0, 3, ""None"", 20.0, true], [], 2, 3], 9, ""Opponent""]",Quick Attack,1.8785,Training,Quick Attack,Quick Attack,True,True,ascension | quick attack,2.0,0.0,0.0,0.0,0.0,1.0,0.0
NB48_LOSS_158__opening_one_energy__7dead509ccb9,NB48_LOSS_158__opening_one_energy__7dead509ccb9,NB48_LOSS_158,158,3158052104,58,4.0,58,Greedy Damage Baseline,"[[[[""650"", ""Bulbasaur""], 80.0, 1, ""None"", 0.0, true], [], 6, 6], [[[""43"", ""Eevee""], 50.0, 1, ""None"", 0.0, true], [], 6, 6], 2, ""Opponent""]",Ascension,1.6335,Training,Ascension,Ascension,True,True,ascension,1.0,1.0,0.0,0.0,0.0,0.0,0.0
NB48_LOSS_158__opening_zero_energy__ed4335a54ad3,NB48_LOSS_158__opening_zero_energy__ed4335a54ad3,NB48_LOSS_158,158,3572883379,58,4.0,58,Greedy Damage Baseline,"[[[[""650"", ""Bulbasaur""], 80.0, 0, ""None"", 0.0, true], [], 6, 7], [[[""43"", ""Eevee""], 50.0, 0, ""None"", 0.0, true], [], 6, 7], 1, ""Opponent""]",Pass,1.6335,Training,Pass,Pass,True,True,pass,1.0,0.0,0.0,0.0,1.0,0.0,0.0
NB48_LOSS_158__opponent_under_pressure__ef2faad73aeb,NB48_LOSS_158__opponent_under_pressure__ef2faad73aeb,NB48_LOSS_158,158,2035373848,58,4.0,58,Greedy Damage Baseline,"[[[[""650"", ""Bulbasaur""], 68.0, 3, ""None"", 12.0, true], [], 4, 5], [[[""43"", ""Eevee""], 25.0, 2, ""None"", 25.0, true], [], 4, 5], 6, ""Opponent""]",Ascension,1.6335,Training,Ascension,Ascension,True,True,ascension,1.0,1.0,0.0,0.0,0.0,0.0,0.0
NB48_LOSS_158__player_under_pressure__13bb1f9a8dea,NB48_LOSS_158__player_under_pressure__13bb1f9a8dea,NB48_LOSS_158,158,3237044567,58,4.0,58,Greedy Damage Baseline,"[[[[""650"", ""Bulbasaur""], 40.0, 2, ""None"", 40.0, true], [], 4, 4], [[[""43"", ""Eevee""], 42.5, 3, ""None"", 7.5, true], [], 4, 4], 6, ""Opponent""]",Quick Attack,1.8785,Training,Quick Attack,Quick Attack,True,True,ascension | quick attack,2.0,0.0,0.0,0.0,0.0,1.0,0.0
NB48_LOSS_159__balanced_midgame__5d24d4cd2ea4,NB48_LOSS_159__balanced_midgame__5d24d4cd2ea4,NB48_LOSS_159,159,2662568887,99,2.0,99,Greedy Damage Baseline,"[[[[""43"", ""Eevee""], 37.5, 2, ""None"", 12.5, true], [], 4, 5], [[[""788"", ""Charmander""], 60.0, 2, ""None"", 20.0, true], [], 4, 5], 5, ""Player""]",Ascension,1.21,Training,Ascension,Ascension,True,True,ascension,1.0,1.0,0.0,0.0,0.0,0.0,0.0
NB48_LOSS_159__counterfactual_side_early__f4866e4d270b,NB48_LOSS_159__counterfactual_side_early__f4866e4d270b,NB48_LOSS_159,159,3995534936,99,2.0,99,Greedy Damage Baseline,"[[[[""43"", ""Eevee""], 45.0, 1, ""None"", 5.0, true], [], 5, 6], [[[""788"", ""Charmander""], 72.0, 1, ""None"", 8.0, true], [], 5, 6], 3, ""Opponent""]",Live Coal,1.3365,Training,Live Coal,Live Coal,True,True,live coal,1.0,0.0,0.0,1.0,0.0,0.0,0.0
NB48_LOSS_159__counterfactual_side_late__4f6d9bd7b62c,NB48_LOSS_159__counterfactual_side_late__4f6d9bd7b62c,NB48_LOSS_159,159,45170440,99,2.0,99,Greedy Damage Baseline,"[[[[""43"", ""Eevee""], 27.5, 3, ""None"", 22.5, true], [], 3, 4], [[[""788"", ""Charmander""], 44.0, 3, ""None"", 36.0, true], [], 3, 4], 8, ""Opponent""]",Live Coal,1.3365,Training,Live Coal,Live Coal,True,True,live coal,1.0,0.0,0.0,1.0,0.0,0.0,0.0
NB48_LOSS_159__critical_hp_decision__3724894b8db1,NB48_LOSS_159__critical_hp_decision__3724894b8db1,NB48_LOSS_159,159,510077670,99,2.0,99,Greedy Damage Baseline,"[[[[""43"", ""Eevee""], 15.0, 4, ""None"", 35.0, true], [], 2, 3], [[[""788"", ""Charmander""], 36.0, 4, ""None"", 44.0, true], [], 2, 3], 10, ""Player""]",Quick Attack,1.3915,Training,Quick Attack,Quick Attack,True,True,ascension | quick attack,2.0,0.0,0.0,0.0,0.0,1.0,0.0
NB48_LOSS_159__early_pressure__4ff2707a5dd3,NB48_LOSS_159__early_pressure__4ff2707a5dd3,NB48_LOSS_159,159,2856070035,99,2.0,99,Greedy Damage Baseline,"[[[[""43"", ""Eevee""], 42.5, 1, ""None"", 7.5, true], [], 5, 6], [[[""788"", ""Charmander""], 76.0, 2, ""None"", 4.0, true], [], 5, 6], 3, ""Player""]",Ascension,1.21,Training,Ascension,Ascension,True,True,ascension,1.0,1.0,0.0,0.0,0.0,0.0,0.0
NB48_LOSS_159__late_game_prize_pressure__f82cbb7e5e0e,NB48_LOSS_159__late_game_prize_pressure__f82cbb7e5e0e,NB48_LOSS_159,159,906436993,99,2.0,99,Greedy Damage Baseline,"[[[[""43"", ""Eevee""], 30.0, 3, ""None"", 20.0, true], [], 2, 3], [[[""788"", ""Charmander""], 48.0, 3, ""None"", 32.0, true], [], 2, 3], 9, ""Player""]",Quick Attack,1.3915,Training,Quick Attack,Quick Attack,True,True,ascension | quick attack,2.0,0.0,0.0,0.0,0.0,1.0,0.0
NB48_LOSS_159__opening_one_energy__4d5a6d8a2a20,NB48_LOSS_159__opening_one_energy__4d5a6d8a2a20,NB48_LOSS_159,159,306927438,99,2.0,99,Greedy Damage Baseline,"[[[[""43"", ""Eevee""], 50.0, 1, ""None"", 0.0, true], [], 6, 6], [[[""788"", ""Charmander""], 80.0, 1, ""None"", 0.0, true], [], 6, 6], 2, ""Player""]",Ascension,1.21,Training,Ascension,Ascension,True,True,ascension,1.0,1.0,0.0,0.0,0.0,0.0,0.0
NB48_LOSS_159__opening_zero_energy__08eba4568264,NB48_LOSS_159__opening_zero_energy__08eba4568264,NB48_LOSS_159,159,785857026,99,2.0,99,Greedy Damage Baseline,"[[[[""43"", ""Eevee""], 50.0, 0, ""None"", 0.0, true], [], 6, 7], [[[""788"", ""Charmander""], 80.0, 0, ""None"", 0.0, true], [], 6, 7], 1, ""Player""]",Pass,1.21,Training,Pass,Pass,True,True,pass,1.0,0.0,0.0,0.0,1.0,0.0,0.0
NB48_LOSS_159__opponent_under_pressure__590c104c0574,NB48_LOSS_159__opponent_under_pressure__590c104c0574,NB48_LOSS_159,159,2828580990,99,2.0,99,Greedy Damage Baseline,"[[[[""43"", ""Eevee""], 42.5, 3, ""None"", 7.5, true], [], 4, 5], [[[""788"", ""Charmander""], 40.0, 2, ""None"", 40.0, true], [], 4, 5], 6, ""Player""]",Quick Attack,1.3915,Training,Quick Attack,Quick Attack,True,True,ascension | quick attack,2.0,0.0,0.0,0.0,0.0,1.0,0.0
NB48_LOSS_159__player_under_pressure__43cb7ffa614c,NB48_LOSS_159__player_under_pressure__43cb7ffa614c,NB48_LOSS_159,159,971869796,99,2.0,99,Greedy Damage Baseline,"[[[[""43"", ""Eevee""], 25.0, 2, ""None"", 25.0, true], [], 4, 4], [[[""788"", ""Charmander""], 68.0, 3, ""None"", 12.0, true], [], 4, 4], 6, ""Player""]",Ascension,1.21,Training,Ascension,Ascension,True,True,ascension,1.0,1.0,0.0,0.0,0.0,0.0,0.0
NB48_LOSS_164__balanced_midgame__d53f93e0e818,NB48_LOSS_164__balanced_midgame__d53f93e0e818,NB48_LOSS_164,164,2253546497,40,5.333333333333333,40,Greedy Damage Baseline,"[[[[""650"", ""Bulbasaur""], 60.0, 2, ""None"", 20.0, true], [], 4, 5], [[[""43"", ""Eevee""], 37.5, 2, ""None"", 12.5, true], [], 4, 5], 5, ""Opponent""]",Ascension,1.6335,Training,Ascension,Ascension,True,True,ascension,1.0,1.0,0.0,0.0,0.0,0.0,0.0
NB48_LOSS_164__counterfactual_side_early__79952cb96149,NB48_LOSS_164__counterfactual_side_early__79952cb96149,NB48_LOSS_164,164,2983958759,40,5.333333333333333,40,Greedy Damage Baseline,"[[[[""650"", ""Bulbasaur""], 72.0, 1, ""None"", 8.0, true], [], 5, 6], [[[""43"", ""Eevee""], 45.0, 1, ""None"", 5.0, true], [], 5, 6], 3, ""Player""]",Bind Down,0.99,Training,Bind Down,Bind Down,True,True,bind down,1.0,0.0,1.0,0.0,0.0,0.0,0.0
NB48_LOSS_164__counterfactual_side_late__09e048fe9aa6,NB48_LOSS_164__counterfactual_side_late__09e048fe9aa6,NB48_LOSS_164,164,2284858045,40,5.333333333333333,40,Greedy Damage Baseline,"[[[[""650"", ""Bulbasaur""], 44.0, 3, ""None"", 36.0, true], [], 3, 4], [[[""43"", ""Eevee""], 27.5, 3, ""None"", 22.5, true], [], 3, 4], 8, ""Player""]",Bind Down,0.99,Training,Bind Down,Bind Down,True,True,bind down,1.0,0.0,1.0,0.0,0.0,0.0,0.0
NB48_LOSS_164__critical_hp_decision__a6fceba8ba65,NB48_LOSS_164__critical_hp_decision__a6fceba8ba65,NB48_LOSS_164,164,3848862903,40,5.333333333333333,40,Greedy Damage Baseline,"[[[[""650"", ""Bulbasaur""], 24.0, 4, ""None"", 56.0, true], [], 2, 3], [[[""43"", ""Eevee""], 22.5, 4, ""None"", 27.5, true], [], 2, 3], 10, ""Opponent""]",Quick Attack,1.8785,Training,Quick Attack,Quick Attack,True,True,ascension | quick attack,2.0,0.0,0.0,0.0,0.0,1.0,0.0
NB48_LOSS_164__early_pressure__952e669d4fb5,NB48_LOSS_164__early_pressure__952e669d4fb5,NB48_LOSS_164,164,1414486585,40,5.333333333333333,40,Greedy Damage Baseline,"[[[[""650"", ""Bulbasaur""], 68.0, 1, ""None"", 12.0, true], [], 5, 6], [[[""43"", ""Eevee""], 47.5, 2, ""None"", 2.5, true], [], 5, 6], 3, ""Opponent""]",Ascension,1.6335,Training,Ascension,Ascension,True,True,ascension,1.0,1.0,0.0,0.0,0.0,0.0,0.0
NB48_LOSS_164__late_game_prize_pressure__71a9e5f6e238,NB48_LOSS_164__late_game_prize_pressure__71a9e5f6e238,NB48_LOSS_164,164,3008856778,40,5.333333333333333,40,Greedy Damage Baseline,"[[[[""650"", ""Bulbasaur""], 48.0, 3, ""None"", 32.0, true], [], 2, 3], [[[""43"", ""Eevee""], 30.0, 3, ""None"", 20.0, true], [], 2, 3], 9, ""Opponent""]",Quick Attack,1.8785,Training,Quick Attack,Quick Attack,True,True,ascension | quick attack,2.0,0.0,0.0,0.0,0.0,1.0,0.0
NB48_LOSS_164__opening_one_energy__fb88acffec25,NB48_LOSS_164__opening_one_energy__fb88acffec25,NB48_LOSS_164,164,2214978838,40,5.333333333333333,40,Greedy Damage Baseline,"[[[[""650"", ""Bulbasaur""], 80.0, 1, ""None"", 0.0, true], [], 6, 6], [[[""43"", ""Eevee""], 50.0, 1, ""None"", 0.0, true], [], 6, 6], 2, ""Opponent""]",Ascension,1.6335,Training,Ascension,Ascension,True,True,ascension,1.0,1.0,0.0,0.0,0.0,0.0,0.0
NB48_LOSS_164__opening_zero_energy__65de92316e55,NB48_LOSS_164__opening_zero_energy__65de92316e55,NB48_LOSS_164,164,4082356393,40,5.333333333333333,40,Greedy Damage Baseline,"[[[[""650"", ""Bulbasaur""], 80.0, 0, ""None"", 0.0, true], [], 6, 7], [[[""43"", ""Eevee""], 50.0, 0, ""None"", 0.0, true], [], 6, 7], 1, ""Opponent""]",Pass,1.6335,Training,Pass,Pass,True,True,pass,1.0,0.0,0.0,0.0,1.0,0.0,0.0
NB48_LOSS_164__opponent_under_pressure__92aa42e4802d,NB48_LOSS_164__opponent_under_pressure__92aa42e4802d,NB48_LOSS_164,164,3678156221,40,5.333333333333333,40,Greedy Damage Baseline,"[[[[""650"", ""Bulbasaur""], 68.0, 3, ""None"", 12.0, true], [], 4, 5], [[[""43"", ""Eevee""], 25.0, 2, ""None"", 25.0, true], [], 4, 5], 6, ""Opponent""]",Ascension,1.6335,Training,Ascension,Ascension,True,True,ascension,1.0,1.0,0.0,0.0,0.0,0.0,0.0
NB48_LOSS_164__player_under_pressure__9b9a1c766faa,NB48_LOSS_164__player_under_pressure__9b9a1c766faa,NB48_LOSS_164,164,1617279647,40,5.333333333333333,40,Greedy Damage Baseline,"[[[[""650"", ""Bulbasaur""], 40.0, 2, ""None"", 40.0, true], [], 4, 4], [[[""43"", ""Eevee""], 42.5, 3, ""None"", 7.5, true], [], 4, 4], 6, ""Opponent""]",Quick Attack,1.8785,Training,Quick Attack,Quick Attack,True,True,ascension | quick attack,2.0,0.0,0.0,0.0,0.0,1.0,0.0
NB48_LOSS_170__balanced_midgame__5ec28db25fad,NB48_LOSS_170__balanced_midgame__5ec28db25fad,NB48_LOSS_170,170,3797561942,61,4.0,61,Greedy Damage Baseline,"[[[[""650"", ""Bulbasaur""], 60.0, 2, ""None"", 20.0, true], [], 4, 5], [[[""43"", ""Eevee""], 37.5, 2, ""None"", 12.5, true], [], 4, 5], 5, ""Opponent""]",Ascension,1.6335,Training,Ascension,Ascension,True,True,ascension,1.0,1.0,0.0,0.0,0.0,0.0,0.0
NB48_LOSS_170__counterfactual_side_early__d5bef20430c1,NB48_LOSS_170__counterfactual_side_early__d5bef20430c1,NB48_LOSS_170,170,3839871408,61,4.0,61,Greedy Damage Baseline,"[[[[""650"", ""Bulbasaur""], 72.0, 1, ""None"", 8.0, true], [], 5, 6], [[[""43"", ""Eevee""], 45.0, 1, ""None"", 5.0, true], [], 5, 6], 3, ""Player""]",Bind Down,0.99,Training,Bind Down,Bind Down,True,True,bind down,1.0,0.0,1.0,0.0,0.0,0.0,0.0
NB48_LOSS_170__counterfactual_side_late__944df658b409,NB48_LOSS_170__counterfactual_side_late__944df658b409,NB48_LOSS_170,170,1983141545,61,4.0,61,Greedy Damage Baseline,"[[[[""650"", ""Bulbasaur""], 44.0, 3, ""None"", 36.0, true], [], 3, 4], [[[""43"", ""Eevee""], 27.5, 3, ""None"", 22.5, true], [], 3, 4], 8, ""Player""]",Bind Down,0.99,Training,Bind Down,Bind Down,True,True,bind down,1.0,0.0,1.0,0.0,0.0,0.0,0.0
NB48_LOSS_170__critical_hp_decision__a8d232b94598,NB48_LOSS_170__critical_hp_decision__a8d232b94598,NB48_LOSS_170,170,1246181639,61,4.0,61,Greedy Damage Baseline,"[[[[""650"", ""Bulbasaur""], 24.0, 4, ""None"", 56.0, true], [], 2, 3], [[[""43"", ""Eevee""], 22.5, 4, ""None"", 27.5, true], [], 2, 3], 10, ""Opponent""]",Quick Attack,1.8785,Training,Quick Attack,Quick Attack,True,True,ascension | quick attack,2.0,0.0,0.0,0.0,0.0,1.0,0.0
NB48_LOSS_170__early_pressure__57944c67721a,NB48_LOSS_170__early_pressure__57944c67721a,NB48_LOSS_170,170,4126164997,61,4.0,61,Greedy Damage Baseline,"[[[[""650"", ""Bulbasaur""], 68.0, 1, ""None"", 12.0, true], [], 5, 6], [[[""43"", ""Eevee""], 47.5, 2, ""None"", 2.5, true], [], 5, 6], 3, ""Opponent""]",Ascension,1.6335,Training,Ascension,Ascension,True,True,ascension,1.0,1.0,0.0,0.0,0.0,0.0,0.0
NB48_LOSS_170__late_game_prize_pressure__a856579de822,NB48_LOSS_170__late_game_prize_pressure__a856579de822,NB48_LOSS_170,170,1795165271,61,4.0,61,Greedy Damage Baseline,"[[[[""650"", ""Bulbasaur""], 48.0, 3, ""None"", 32.0, true], [], 2, 3], [[[""43"", ""Eevee""], 30.0, 3, ""None"", 20.0, true], [], 2, 3], 9, ""Opponent""]",Quick Attack,1.8785,Training,Quick Attack,Quick Attack,True,True,ascension | quick attack,2.0,0.0,0.0,0.0,0.0,1.0,0.0
NB48_LOSS_170__opening_one_energy__f91b8f130647,NB48_LOSS_170__opening_one_energy__f91b8f130647,NB48_LOSS_170,170,3937979999,61,4.0,61,Greedy Damage Baseline,"[[[[""650"", ""Bulbasaur""], 80.0, 1, ""None"", 0.0, true], [], 6, 6], [[[""43"", ""Eevee""], 50.0, 1, ""None"", 0.0, true], [], 6, 6], 2, ""Opponent""]",Ascension,1.6335,Training,Ascension,Ascension,True,True,ascension,1.0,1.0,0.0,0.0,0.0,0.0,0.0
NB48_LOSS_170__opening_zero_energy__11adf26e1162,NB48_LOSS_170__opening_zero_energy__11adf26e1162,NB48_LOSS_170,170,988934662,61,4.0,61,Greedy Damage Baseline,"[[[[""650"", ""Bulbasaur""], 80.0, 0, ""None"", 0.0, true], [], 6, 7], [[[""43"", ""Eevee""], 50.0, 0, ""None"", 0.0, true], [], 6, 7], 1, ""Opponent""]",Pass,1.6335,Training,Pass,Pass,True,True,pass,1.0,0.0,0.0,0.0,1.0,0.0,0.0
NB48_LOSS_170__opponent_under_pressure__2df70ade867b,NB48_LOSS_170__opponent_under_pressure__2df70ade867b,NB48_LOSS_170,170,2181092831,61,4.0,61,Greedy Damage Baseline,"[[[[""650"", ""Bulbasaur""], 68.0, 3, ""None"", 12.0, true], [], 4, 5], [[[""43"", ""Eevee""], 25.0, 2, ""None"", 25.0, true], [], 4, 5], 6, ""Opponent""]",Ascension,1.6335,Training,Ascension,Ascension,True,True,ascension,1.0,1.0,0.0,0.0,0.0,0.0,0.0
NB48_LOSS_170__player_under_pressure__d0fd8847bc55,NB48_LOSS_170__player_under_pressure__d0fd8847bc55,NB48_LOSS_170,170,2742937810,61,4.0,61,Greedy Damage Baseline,"[[[[""650"", ""Bulbasaur""], 40.0, 2, ""None"", 40.0, true], [], 4, 4], [[[""43"", ""Eevee""], 42.5, 3, ""None"", 7.5, true], [], 4, 4], 6, ""Opponent""]",Quick Attack,1.8785,Training,Quick Attack,Quick Attack,True,True,ascension | quick attack,2.0,0.0,0.0,0.0,0.0,1.0,0.0
NB48_LOSS_174__balanced_midgame__d1481f6363ea,NB48_LOSS_174__balanced_midgame__d1481f6363ea,NB48_LOSS_174,174,3783700043,62,4.0,62,Greedy Damage Baseline,"[[[[""788"", ""Charmander""], 60.0, 2, ""None"", 20.0, true], [], 4, 5], [[[""43"", ""Eevee""], 37.5, 2, ""None"", 12.5, true], [], 4, 5], 5, ""Opponent""]",Ascension,1.6335,Training,Ascension,Ascension,True,True,ascension,1.0,1.0,0.0,0.0,0.0,0.0,0.0
NB48_LOSS_174__counterfactual_side_early__19566580d8b6,NB48_LOSS_174__counterfactual_side_early__19566580d8b6,NB48_LOSS_174,174,577991157,62,4.0,62,Greedy Damage Baseline,"[[[[""788"", ""Charmander""], 72.0, 1, ""None"", 8.0, true], [], 5, 6], [[[""43"", ""Eevee""], 45.0, 1, ""None"", 5.0, true], [], 5, 6], 3, ""Player""]",Live Coal,0.99,Training,Live Coal,Live Coal,True,True,live coal,1.0,0.0,0.0,1.0,0.0,0.0,0.0
NB48_LOSS_174__counterfactual_side_late__d1b1ba98e53f,NB48_LOSS_174__counterfactual_side_late__d1b1ba98e53f,NB48_LOSS_174,174,57825858,62,4.0,62,Greedy Damage Baseline,"[[[[""788"", ""Charmander""], 44.0, 3, ""None"", 36.0, true], [], 3, 4], [[[""43"", ""Eevee""], 27.5, 3, ""None"", 22.5, true], [], 3, 4], 8, ""Player""]",Live Coal,0.99,Training,Live Coal,Live Coal,True,True,live coal,1.0,0.0,0.0,1.0,0.0,0.0,0.0
NB48_LOSS_174__critical_hp_decision__0a9a3c93f4ac,NB48_LOSS_174__critical_hp_decision__0a9a3c93f4ac,NB48_LOSS_174,174,1634423420,62,4.0,62,Greedy Damage Baseline,"[[[[""788"", ""Charmander""], 24.0, 4, ""None"", 56.0, true], [], 2, 3], [[[""43"", ""Eevee""], 22.5, 4, ""None"", 27.5, true], [], 2, 3], 10, ""Opponent""]",Quick Attack,1.8785,Training,Quick Attack,Quick Attack,True,True,ascension | quick attack,2.0,0.0,0.0,0.0,0.0,1.0,0.0
NB48_LOSS_174__early_pressure__1ad1d884d8ff,NB48_LOSS_174__early_pressure__1ad1d884d8ff,NB48_LOSS_174,174,562793244,62,4.0,62,Greedy Damage Baseline,"[[[[""788"", ""Charmander""], 68.0, 1, ""None"", 12.0, true], [], 5, 6], [[[""43"", ""Eevee""], 47.5, 2, ""None"", 2.5, true], [], 5, 6], 3, ""Opponent""]",Ascension,1.6335,Training,Ascension,Ascension,True,True,ascension,1.0,1.0,0.0,0.0,0.0,0.0,0.0
NB48_LOSS_174__late_game_prize_pressure__20affd605c7a,NB48_LOSS_174__late_game_prize_pressure__20affd605c7a,NB48_LOSS_174,174,3153332215,62,4.0,62,Greedy Damage Baseline,"[[[[""788"", ""Charmander""], 48.0, 3, ""None"", 32.0, true], [], 2, 3], [[[""43"", ""Eevee""], 30.0, 3, ""None"", 20.0, true], [], 2, 3], 9, ""Opponent""]",Quick Attack,1.8785,Training,Quick Attack,Quick Attack,True,True,ascension | quick attack,2.0,0.0,0.0,0.0,0.0,1.0,0.0
NB48_LOSS_174__opening_one_energy__39ff3e1c14e6,NB48_LOSS_174__opening_one_energy__39ff3e1c14e6,NB48_LOSS_174,174,3990012086,62,4.0,62,Greedy Damage Baseline,"[[[[""788"", ""Charmander""], 80.0, 1, ""None"", 0.0, true], [], 6, 6], [[[""43"", ""Eevee""], 50.0, 1, ""None"", 0.0, true], [], 6, 6], 2, ""Opponent""]",Ascension,1.6335,Training,Ascension,Ascension,True,True,ascension,1.0,1.0,0.0,0.0,0.0,0.0,0.0
NB48_LOSS_174__opening_zero_energy__f791cfa9f0f8,NB48_LOSS_174__opening_zero_energy__f791cfa9f0f8,NB48_LOSS_174,174,1794943123,62,4.0,62,Greedy Damage Baseline,"[[[[""788"", ""Charmander""], 80.0, 0, ""None"", 0.0, true], [], 6, 7], [[[""43"", ""Eevee""], 50.0, 0, ""None"", 0.0, true], [], 6, 7], 1, ""Opponent""]",Pass,1.6335,Training,Pass,Pass,True,True,pass,1.0,0.0,0.0,0.0,1.0,0.0,0.0
NB48_LOSS_174__opponent_under_pressure__8ce63db54575,NB48_LOSS_174__opponent_under_pressure__8ce63db54575,NB48_LOSS_174,174,324893515,62,4.0,62,Greedy Damage Baseline,"[[[[""788"", ""Charmander""], 68.0, 3, ""None"", 12.0, true], [], 4, 5], [[[""43"", ""Eevee""], 25.0, 2, ""None"", 25.0, true], [], 4, 5], 6, ""Opponent""]",Ascension,1.6335,Training,Ascension,Ascension,True,True,ascension,1.0,1.0,0.0,0.0,0.0,0.0,0.0
NB48_LOSS_174__player_under_pressure__70b36ae9dabe,NB48_LOSS_174__player_under_pressure__70b36ae9dabe,NB48_LOSS_174,174,2203478327,62,4.0,62,Greedy Damage Baseline,"[[[[""788"", ""Charmander""], 40.0, 2, ""None"", 40.0, true], [], 4, 4], [[[""43"", ""Eevee""], 42.5, 3, ""None"", 7.5, true], [], 4, 4], 6, ""Opponent""]",Quick Attack,1.8785,Training,Quick Attack,Quick Attack,True,True,ascension | quick attack,2.0,0.0,0.0,0.0,0.0,1.0,0.0
NB48_LOSS_178__balanced_midgame__60ef3cdd01da,NB48_LOSS_178__balanced_midgame__60ef3cdd01da,NB48_LOSS_178,178,2848527130,63,4.0,63,Greedy Damage Baseline,"[[[[""1071"", ""Meowth ex""], 127.5, 2, ""None"", 42.5, true], [], 4, 5], [[[""43"", ""Eevee""], 37.5, 2, ""None"", 12.5, true], [], 4, 5], 5, ""Opponent""]",Ascension,1.6335,Training,Ascension,Ascension,True,True,ascension,1.0,1.0,0.0,0.0,0.0,0.0,0.0
NB48_LOSS_178__counterfactual_side_early__d394cf5f7e2d,NB48_LOSS_178__counterfactual_side_early__d394cf5f7e2d,NB48_LOSS_178,178,503465769,63,4.0,63,Greedy Damage Baseline,"[[[[""1071"", ""Meowth ex""], 153.0, 1, ""None"", 17.0, true], [], 5, 6], [[[""43"", ""Eevee""], 45.0, 1, ""None"", 5.0, true], [], 5, 6], 3, ""Player""]",Pass,0.99,Training,Pass,Pass,True,True,pass,1.0,0.0,0.0,0.0,1.0,0.0,0.0
NB48_LOSS_178__counterfactual_side_late__a4d7d08b5baf,NB48_LOSS_178__counterfactual_side_late__a4d7d08b5baf,NB48_LOSS_178,178,2613082619,63,4.0,63,Greedy Damage Baseline,"[[[[""1071"", ""Meowth ex""], 93.5, 3, ""None"", 76.5, true], [], 3, 4], [[[""43"", ""Eevee""], 27.5, 3, ""None"", 22.5, true], [], 3, 4], 8, ""Player""]",Tuck Tail,0.99,Training,Tuck Tail,Tuck Tail,True,True,tuck tail,1.0,0.0,0.0,0.0,0.0,0.0,1.0
NB48_LOSS_178__critical_hp_decision__8a1a82f5fd32,NB48_LOSS_178__critical_hp_decision__8a1a82f5fd32,NB48_LOSS_178,178,1309129699,63,4.0,63,Greedy Damage Baseline,"[[[[""1071"", ""Meowth ex""], 51.0, 4, ""None"", 119.0, true], [], 2, 3], [[[""43"", ""Eevee""], 22.5, 4, ""None"", 27.5, true], [], 2, 3], 10, ""Opponent""]",Quick Attack,1.8785,Training,Quick Attack,Quick Attack,True,True,ascension | quick attack,2.0,0.0,0.0,0.0,0.0,1.0,0.0
NB48_LOSS_178__early_pressure__ebda4c4002d8,NB48_LOSS_178__early_pressure__ebda4c4002d8,NB48_LOSS_178,178,1013109725,63,4.0,63,Greedy Damage Baseline,"[[[[""1071"", ""Meowth ex""], 144.5, 1, ""None"", 25.5, true], [], 5, 6], [[[""43"", ""Eevee""], 47.5, 2, ""None"", 2.5, true], [], 5, 6], 3, ""Opponent""]",Ascension,1.6335,Training,Ascension,Ascension,True,True,ascension,1.0,1.0,0.0,0.0,0.0,0.0,0.0
NB48_LOSS_178__late_game_prize_pressure__b8903b3aeb69,NB48_LOSS_178__late_game_prize_pressure__b8903b3aeb69,NB48_LOSS_178,178,3121512018,63,4.0,63,Greedy Damage Baseline,"[[[[""1071"", ""Meowth ex""], 102.0, 3, ""None"", 68.0, true], [], 2, 3], [[[""43"", ""Eevee""], 30.0, 3, ""None"", 20.0, true], [], 2, 3], 9, ""Opponent""]",Quick Attack,1.8785,Training,Quick Attack,Quick Attack,True,True,ascension | quick attack,2.0,0.0,0.0,0.0,0.0,1.0,0.0
NB48_LOSS_178__opening_one_energy__ca9174a4edfd,NB48_LOSS_178__opening_one_energy__ca9174a4edfd,NB48_LOSS_178,178,4034754604,63,4.0,63,Greedy Damage Baseline,"[[[[""1071"", ""Meowth ex""], 170.0, 1, ""None"", 0.0, true], [], 6, 6], [[[""43"", ""Eevee""], 50.0, 1, ""None"", 0.0, true], [], 6, 6], 2, ""Opponent""]",Ascension,1.6335,Training,Ascension,Ascension,True,True,ascension,1.0,1.0,0.0,0.0,0.0,0.0,0.0
NB48_LOSS_178__opening_zero_energy__afa1c6061169,NB48_LOSS_178__opening_zero_energy__afa1c6061169,NB48_LOSS_178,178,1803926260,63,4.0,63,Greedy Damage Baseline,"[[[[""1071"", ""Meowth ex""], 170.0, 0, ""None"", 0.0, true], [], 6, 7], [[[""43"", ""Eevee""], 50.0, 0, ""None"", 0.0, true], [], 6, 7], 1, ""Opponent""]",Pass,1.6335,Training,Pass,Pass,True,True,pass,1.0,0.0,0.0,0.0,1.0,0.0,0.0
NB48_LOSS_178__opponent_under_pressure__8408b7a4e845,NB48_LOSS_178__opponent_under_pressure__8408b7a4e845,NB48_LOSS_178,178,3015534128,63,4.0,63,Greedy Damage Baseline,"[[[[""1071"", ""Meowth ex""], 144.5, 3, ""None"", 25.5, true], [], 4, 5], [[[""43"", ""Eevee""], 25.0, 2, ""None"", 25.0, true], [], 4, 5], 6, ""Opponent""]",Ascension,1.6335,Training,Ascension,Ascension,True,True,ascension,1.0,1.0,0.0,0.0,0.0,0.0,0.0
NB48_LOSS_178__player_under_pressure__89405e31eb14,NB48_LOSS_178__player_under_pressure__89405e31eb14,NB48_LOSS_178,178,4149548211,63,4.0,63,Greedy Damage Baseline,"[[[[""1071"", ""Meowth ex""], 85.0, 2, ""None"", 85.0, true], [], 4, 4], [[[""43"", ""Eevee""], 42.5, 3, ""None"", 7.5, true], [], 4, 4], 6, ""Opponent""]",Quick Attack,1.8785,Training,Quick Attack,Quick Attack,True,True,ascension | quick attack,2.0,0.0,0.0,0.0,0.0,1.0,0.0
NB48_LOSS_182__balanced_midgame__9c680f66fce2,NB48_LOSS_182__balanced_midgame__9c680f66fce2,NB48_LOSS_182,182,933976801,64,4.0,64,Greedy Damage Baseline,"[[[[""650"", ""Bulbasaur""], 60.0, 2, ""None"", 20.0, true], [], 4, 5], [[[""43"", ""Eevee""], 37.5, 2, ""None"", 12.5, true], [], 4, 5], 5, ""Opponent""]",Ascension,1.6335,Training,Ascension,Ascension,True,True,ascension,1.0,1.0,0.0,0.0,0.0,0.0,0.0
NB48_LOSS_182__counterfactual_side_early__92e666c8bba0,NB48_LOSS_182__counterfactual_side_early__92e666c8bba0,NB48_LOSS_182,182,3733265665,64,4.0,64,Greedy Damage Baseline,"[[[[""650"", ""Bulbasaur""], 72.0, 1, ""None"", 8.0, true], [], 5, 6], [[[""43"", ""Eevee""], 45.0, 1, ""None"", 5.0, true], [], 5, 6], 3, ""Player""]",Bind Down,0.99,Training,Bind Down,Bind Down,True,True,bind down,1.0,0.0,1.0,0.0,0.0,0.0,0.0
NB48_LOSS_182__counterfactual_side_late__e2863cbb5010,NB48_LOSS_182__counterfactual_side_late__e2863cbb5010,NB48_LOSS_182,182,1056124474,64,4.0,64,Greedy Damage Baseline,"[[[[""650"", ""Bulbasaur""], 44.0, 3, ""None"", 36.0, true], [], 3, 4], [[[""43"", ""Eevee""], 27.5, 3, ""None"", 22.5, true], [], 3, 4], 8, ""Player""]",Bind Down,0.99,Training,Bind Down,Bind Down,True,True,bind down,1.0,0.0,1.0,0.0,0.0,0.0,0.0
NB48_LOSS_182__critical_hp_decision__6cda8cbb72aa,NB48_LOSS_182__critical_hp_decision__6cda8cbb72aa,NB48_LOSS_182,182,2041539642,64,4.0,64,Greedy Damage Baseline,"[[[[""650"", ""Bulbasaur""], 24.0, 4, ""None"", 56.0, true], [], 2, 3], [[[""43"", ""Eevee""], 22.5, 4, ""None"", 27.5, true], [], 2, 3], 10, ""Opponent""]",Quick Attack,1.8785,Training,Quick Attack,Quick Attack,True,True,ascension | quick attack,2.0,0.0,0.0,0.0,0.0,1.0,0.0
NB48_LOSS_182__early_pressure__9c062268e771,NB48_LOSS_182__early_pressure__9c062268e771,NB48_LOSS_182,182,1252899062,64,4.0,64,Greedy Damage Baseline,"[[[[""650"", ""Bulbasaur""], 68.0, 1, ""None"", 12.0, true], [], 5, 6], [[[""43"", ""Eevee""], 47.5, 2, ""None"", 2.5, true], [], 5, 6], 3, ""Opponent""]",Ascension,1.6335,Training,Ascension,Ascension,True,True,ascension,1.0,1.0,0.0,0.0,0.0,0.0,0.0
NB48_LOSS_182__late_game_prize_pressure__a1ca5e06639e,NB48_LOSS_182__late_game_prize_pressure__a1ca5e06639e,NB48_LOSS_182,182,2790842800,64,4.0,64,Greedy Damage Baseline,"[[[[""650"", ""Bulbasaur""], 48.0, 3, ""None"", 32.0, true], [], 2, 3], [[[""43"", ""Eevee""], 30.0, 3, ""None"", 20.0, true], [], 2, 3], 9, ""Opponent""]",Quick Attack,1.8785,Training,Quick Attack,Quick Attack,True,True,ascension | quick attack,2.0,0.0,0.0,0.0,0.0,1.0,0.0
NB48_LOSS_182__opening_one_energy__ac200cd852a9,NB48_LOSS_182__opening_one_energy__ac200cd852a9,NB48_LOSS_182,182,515481691,64,4.0,64,Greedy Damage Baseline,"[[[[""650"", ""Bulbasaur""], 80.0, 1, ""None"", 0.0, true], [], 6, 6], [[[""43"", ""Eevee""], 50.0, 1, ""None"", 0.0, true], [], 6, 6], 2, ""Opponent""]",Ascension,1.6335,Training,Ascension,Ascension,True,True,ascension,1.0,1.0,0.0,0.0,0.0,0.0,0.0
NB48_LOSS_182__opening_zero_energy__5ae5b4d080b1,NB48_LOSS_182__opening_zero_energy__5ae5b4d080b1,NB48_LOSS_182,182,3234973826,64,4.0,64,Greedy Damage Baseline,"[[[[""650"", ""Bulbasaur""], 80.0, 0, ""None"", 0.0, true], [], 6, 7], [[[""43"", ""Eevee""], 50.0, 0, ""None"", 0.0, true], [], 6, 7], 1, ""Opponent""]",Pass,1.6335,Training,Pass,Pass,True,True,pass,1.0,0.0,0.0,0.0,1.0,0.0,0.0
NB48_LOSS_182__opponent_under_pressure__358ff1c8d15c,NB48_LOSS_182__opponent_under_pressure__358ff1c8d15c,NB48_LOSS_182,182,2869927408,64,4.0,64,Greedy Damage Baseline,"[[[[""650"", ""Bulbasaur""], 68.0, 3, ""None"", 12.0, true], [], 4, 5], [[[""43"", ""Eevee""], 25.0, 2, ""None"", 25.0, true], [], 4, 5], 6, ""Opponent""]",Ascension,1.6335,Training,Ascension,Ascension,True,True,ascension,1.0,1.0,0.0,0.0,0.0,0.0,0.0
NB48_LOSS_182__player_under_pressure__3c072613ad7c,NB48_LOSS_182__player_under_pressure__3c072613ad7c,NB48_LOSS_182,182,2489419357,64,4.0,64,Greedy Damage Baseline,"[[[[""650"", ""Bulbasaur""], 40.0, 2, ""None"", 40.0, true], [], 4, 4], [[[""43"", ""Eevee""], 42.5, 3, ""None"", 7.5, true], [], 4, 4], 6, ""Opponent""]",Quick Attack,1.8785,Training,Quick Attack,Quick Attack,True,True,ascension | quick attack,2.0,0.0,0.0,0.0,0.0,1.0,0.0
NB48_LOSS_183__balanced_midgame__70a5727f90b0,NB48_LOSS_183__balanced_midgame__70a5727f90b0,NB48_LOSS_183,183,2250859252,101,2.0,101,Greedy Damage Baseline,"[[[[""43"", ""Eevee""], 37.5, 2, ""None"", 12.5, true], [], 4, 5], [[[""788"", ""Charmander""], 60.0, 2, ""None"", 20.0, true], [], 4, 5], 5, ""Player""]",Ascension,1.21,Training,Ascension,Ascension,True,True,ascension,1.0,1.0,0.0,0.0,0.0,0.0,0.0
NB48_LOSS_183__counterfactual_side_early__b9734971ecdf,NB48_LOSS_183__counterfactual_side_early__b9734971ecdf,NB48_LOSS_183,183,1587267700,101,2.0,101,Greedy Damage Baseline,"[[[[""43"", ""Eevee""], 45.0, 1, ""None"", 5.0, true], [], 5, 6], [[[""788"", ""Charmander""], 72.0, 1, ""None"", 8.0, true], [], 5, 6], 3, ""Opponent""]",Live Coal,1.3365,Training,Live Coal,Live Coal,True,True,live coal,1.0,0.0,0.0,1.0,0.0,0.0,0.0
NB48_LOSS_183__counterfactual_side_late__91ba65902e21,NB48_LOSS_183__counterfactual_side_late__91ba65902e21,NB48_LOSS_183,183,179072150,101,2.0,101,Greedy Damage Baseline,"[[[[""43"", ""Eevee""], 27.5, 3, ""None"", 22.5, true], [], 3, 4], [[[""788"", ""Charmander""], 44.0, 3, ""None"", 36.0, true], [], 3, 4], 8, ""Opponent""]",Live Coal,1.3365,Training,Live Coal,Live Coal,True,True,live coal,1.0,0.0,0.0,1.0,0.0,0.0,0.0
NB48_LOSS_183__critical_hp_decision__0cec324fa150,NB48_LOSS_183__critical_hp_decision__0cec324fa150,NB48_LOSS_183,183,200031626,101,2.0,101,Greedy Damage Baseline,"[[[[""43"", ""Eevee""], 15.0, 4, ""None"", 35.0, true], [], 2, 3], [[[""788"", ""Charmander""], 36.0, 4, ""None"", 44.0, true], [], 2, 3], 10, ""Player""]",Quick Attack,1.3915,Training,Quick Attack,Quick Attack,True,True,ascension | quick attack,2.0,0.0,0.0,0.0,0.0,1.0,0.0
NB48_LOSS_183__early_pressure__58f55ac209b6,NB48_LOSS_183__early_pressure__58f55ac209b6,NB48_LOSS_183,183,4224026495,101,2.0,101,Greedy Damage Baseline,"[[[[""43"", ""Eevee""], 42.5, 1, ""None"", 7.5, true], [], 5, 6], [[[""788"", ""Charmander""], 76.0, 2, ""None"", 4.0, true], [], 5, 6], 3, ""Player""]",Ascension,1.21,Training,Ascension,Ascension,True,True,ascension,1.0,1.0,0.0,0.0,0.0,0.0,0.0
NB48_LOSS_183__late_game_prize_pressure__44caf68110e3,NB48_LOSS_183__late_game_prize_pressure__44caf68110e3,NB48_LOSS_183,183,3666582106,101,2.0,101,Greedy Damage Baseline,"[[[[""43"", ""Eevee""], 30.0, 3, ""None"", 20.0, true], [], 2, 3], [[[""788"", ""Charmander""], 48.0, 3, ""None"", 32.0, true], [], 2, 3], 9, ""Player""]",Quick Attack,1.3915,Training,Quick Attack,Quick Attack,True,True,ascension | quick attack,2.0,0.0,0.0,0.0,0.0,1.0,0.0
NB48_LOSS_183__opening_one_energy__d521a5df9d92,NB48_LOSS_183__opening_one_energy__d521a5df9d92,NB48_LOSS_183,183,3118724495,101,2.0,101,Greedy Damage Baseline,"[[[[""43"", ""Eevee""], 50.0, 1, ""None"", 0.0, true], [], 6, 6], [[[""788"", ""Charmander""], 80.0, 1, ""None"", 0.0, true], [], 6, 6], 2, ""Player""]",Ascension,1.21,Training,Ascension,Ascension,True,True,ascension,1.0,1.0,0.0,0.0,0.0,0.0,0.0
NB48_LOSS_183__opening_zero_energy__10baa8da81a7,NB48_LOSS_183__opening_zero_energy__10baa8da81a7,NB48_LOSS_183,183,2081989505,101,2.0,101,Greedy Damage Baseline,"[[[[""43"", ""Eevee""], 50.0, 0, ""None"", 0.0, true], [], 6, 7], [[[""788"", ""Charmander""], 80.0, 0, ""None"", 0.0, true], [], 6, 7], 1, ""Player""]",Pass,1.21,Training,Pass,Pass,True,True,pass,1.0,0.0,0.0,0.0,1.0,0.0,0.0
NB48_LOSS_183__opponent_under_pressure__39dd605dc292,NB48_LOSS_183__opponent_under_pressure__39dd605dc292,NB48_LOSS_183,183,4034967410,101,2.0,101,Greedy Damage Baseline,"[[[[""43"", ""Eevee""], 42.5, 3, ""None"", 7.5, true], [], 4, 5], [[[""788"", ""Charmander""], 40.0, 2, ""None"", 40.0, true], [], 4, 5], 6, ""Player""]",Quick Attack,1.3915,Training,Quick Attack,Quick Attack,True,True,ascension | quick attack,2.0,0.0,0.0,0.0,0.0,1.0,0.0
NB48_LOSS_183__player_under_pressure__351403b94b97,NB48_LOSS_183__player_under_pressure__351403b94b97,NB48_LOSS_183,183,3584965918,101,2.0,101,Greedy Damage Baseline,"[[[[""43"", ""Eevee""], 25.0, 2, ""None"", 25.0, true], [], 4, 4], [[[""788"", ""Charmander""], 68.0, 3, ""None"", 12.0, true], [], 4, 4], 6, ""Player""]",Ascension,1.21,Training,Ascension,Ascension,True,True,ascension,1.0,1.0,0.0,0.0,0.0,0.0,0.0
NB48_LOSS_186__balanced_midgame__a4aab87763f6,NB48_LOSS_186__balanced_midgame__a4aab87763f6,NB48_LOSS_186,186,146148804,65,4.0,65,Greedy Damage Baseline,"[[[[""788"", ""Charmander""], 60.0, 2, ""None"", 20.0, true], [], 4, 5], [[[""43"", ""Eevee""], 37.5, 2, ""None"", 12.5, true], [], 4, 5], 5, ""Opponent""]",Ascension,1.6335,Training,Ascension,Ascension,True,True,ascension,1.0,1.0,0.0,0.0,0.0,0.0,0.0
NB48_LOSS_186__counterfactual_side_early__5058ff9de375,NB48_LOSS_186__counterfactual_side_early__5058ff9de375,NB48_LOSS_186,186,4127646321,65,4.0,65,Greedy Damage Baseline,"[[[[""788"", ""Charmander""], 72.0, 1, ""None"", 8.0, true], [], 5, 6], [[[""43"", ""Eevee""], 45.0, 1, ""None"", 5.0, true], [], 5, 6], 3, ""Player""]",Live Coal,0.99,Training,Live Coal,Live Coal,True,True,live coal,1.0,0.0,0.0,1.0,0.0,0.0,0.0
NB48_LOSS_186__counterfactual_side_late__e88125f4fd86,NB48_LOSS_186__counterfactual_side_late__e88125f4fd86,NB48_LOSS_186,186,2432182591,65,4.0,65,Greedy Damage Baseline,"[[[[""788"", ""Charmander""], 44.0, 3, ""None"", 36.0, true], [], 3, 4], [[[""43"", ""Eevee""], 27.5, 3, ""None"", 22.5, true], [], 3, 4], 8, ""Player""]",Live Coal,0.99,Training,Live Coal,Live Coal,True,True,live coal,1.0,0.0,0.0,1.0,0.0,0.0,0.0
NB48_LOSS_186__critical_hp_decision__a26ee6c5a54b,NB48_LOSS_186__critical_hp_decision__a26ee6c5a54b,NB48_LOSS_186,186,3902355852,65,4.0,65,Greedy Damage Baseline,"[[[[""788"", ""Charmander""], 24.0, 4, ""None"", 56.0, true], [], 2, 3], [[[""43"", ""Eevee""], 22.5, 4, ""None"", 27.5, true], [], 2, 3], 10, ""Opponent""]",Quick Attack,1.8785,Training,Quick Attack,Quick Attack,True,True,ascension | quick attack,2.0,0.0,0.0,0.0,0.0,1.0,0.0
NB48_LOSS_186__early_pressure__0c799d7f85b9,NB48_LOSS_186__early_pressure__0c799d7f85b9,NB48_LOSS_186,186,1775527780,65,4.0,65,Greedy Damage Baseline,"[[[[""788"", ""Charmander""], 68.0, 1, ""None"", 12.0, true], [], 5, 6], [[[""43"", ""Eevee""], 47.5, 2, ""None"", 2.5, true], [], 5, 6], 3, ""Opponent""]",Ascension,1.6335,Training,Ascension,Ascension,True,True,ascension,1.0,1.0,0.0,0.0,0.0,0.0,0.0
NB48_LOSS_186__late_game_prize_pressure__49c844c84ef6,NB48_LOSS_186__late_game_prize_pressure__49c844c84ef6,NB48_LOSS_186,186,3444869766,65,4.0,65,Greedy Damage Baseline,"[[[[""788"", ""Charmander""], 48.0, 3, ""None"", 32.0, true], [], 2, 3], [[[""43"", ""Eevee""], 30.0, 3, ""None"", 20.0, true], [], 2, 3], 9, ""Opponent""]",Quick Attack,1.8785,Training,Quick Attack,Quick Attack,True,True,ascension | quick attack,2.0,0.0,0.0,0.0,0.0,1.0,0.0
NB48_LOSS_186__opening_one_energy__1f808b9d1bbc,NB48_LOSS_186__opening_one_energy__1f808b9d1bbc,NB48_LOSS_186,186,3189527026,65,4.0,65,Greedy Damage Baseline,"[[[[""788"", ""Charmander""], 80.0, 1, ""None"", 0.0, true], [], 6, 6], [[[""43"", ""Eevee""], 50.0, 1, ""None"", 0.0, true], [], 6, 6], 2, ""Opponent""]",Ascension,1.6335,Training,Ascension,Ascension,True,True,ascension,1.0,1.0,0.0,0.0,0.0,0.0,0.0
NB48_LOSS_186__opening_zero_energy__27b2dbb7cabf,NB48_LOSS_186__opening_zero_energy__27b2dbb7cabf,NB48_LOSS_186,186,566243516,65,4.0,65,Greedy Damage Baseline,"[[[[""788"", ""Charmander""], 80.0, 0, ""None"", 0.0, true], [], 6, 7], [[[""43"", ""Eevee""], 50.0, 0, ""None"", 0.0, true], [], 6, 7], 1, ""Opponent""]",Pass,1.6335,Training,Pass,Pass,True,True,pass,1.0,0.0,0.0,0.0,1.0,0.0,0.0
NB48_LOSS_186__opponent_under_pressure__b4159f52ce64,NB48_LOSS_186__opponent_under_pressure__b4159f52ce64,NB48_LOSS_186,186,2232425905,65,4.0,65,Greedy Damage Baseline,"[[[[""788"", ""Charmander""], 68.0, 3, ""None"", 12.0, true], [], 4, 5], [[[""43"", ""Eevee""], 25.0, 2, ""None"", 25.0, true], [], 4, 5], 6, ""Opponent""]",Ascension,1.6335,Training,Ascension,Ascension,True,True,ascension,1.0,1.0,0.0,0.0,0.0,0.0,0.0
NB48_LOSS_186__player_under_pressure__327c3ddd6478,NB48_LOSS_186__player_under_pressure__327c3ddd6478,NB48_LOSS_186,186,3704382750,65,4.0,65,Greedy Damage Baseline,"[[[[""788"", ""Charmander""], 40.0, 2, ""None"", 40.0, true], [], 4, 4], [[[""43"", ""Eevee""], 42.5, 3, ""None"", 7.5, true], [], 4, 4], 6, ""Opponent""]",Quick Attack,1.8785,Training,Quick Attack,Quick Attack,True,True,ascension | quick attack,2.0,0.0,0.0,0.0,0.0,1.0,0.0
NB48_LOSS_188__balanced_midgame__cc4794feaa11,NB48_LOSS_188__balanced_midgame__cc4794feaa11,NB48_LOSS_188,188,3132811865,42,5.333333333333333,42,Greedy Damage Baseline,"[[[[""650"", ""Bulbasaur""], 60.0, 2, ""None"", 20.0, true], [], 4, 5], [[[""43"", ""Eevee""], 37.5, 2, ""None"", 12.5, true], [], 4, 5], 5, ""Opponent""]",Ascension,1.6335,Training,Ascension,Ascension,True,True,ascension,1.0,1.0,0.0,0.0,0.0,0.0,0.0
NB48_LOSS_188__counterfactual_side_early__1945cb46dbe3,NB48_LOSS_188__counterfactual_side_early__1945cb46dbe3,NB48_LOSS_188,188,2921097466,42,5.333333333333333,42,Greedy Damage Baseline,"[[[[""650"", ""Bulbasaur""], 72.0, 1, ""None"", 8.0, true], [], 5, 6], [[[""43"", ""Eevee""], 45.0, 1, ""None"", 5.0, true], [], 5, 6], 3, ""Player""]",Bind Down,0.99,Training,Bind Down,Bind Down,True,True,bind down,1.0,0.0,1.0,0.0,0.0,0.0,0.0
NB48_LOSS_188__counterfactual_side_late__478588811081,NB48_LOSS_188__counterfactual_side_late__478588811081,NB48_LOSS_188,188,1922288558,42,5.333333333333333,42,Greedy Damage Baseline,"[[[[""650"", ""Bulbasaur""], 44.0, 3, ""None"", 36.0, true], [], 3, 4], [[[""43"", ""Eevee""], 27.5, 3, ""None"", 22.5, true], [], 3, 4], 8, ""Player""]",Bind Down,0.99,Training,Bind Down,Bind Down,True,True,bind down,1.0,0.0,1.0,0.0,0.0,0.0,0.0
NB48_LOSS_188__critical_hp_decision__c773190371df,NB48_LOSS_188__critical_hp_decision__c773190371df,NB48_LOSS_188,188,2316539865,42,5.333333333333333,42,Greedy Damage Baseline,"[[[[""650"", ""Bulbasaur""], 24.0, 4, ""None"", 56.0, true], [], 2, 3], [[[""43"", ""Eevee""], 22.5, 4, ""None"", 27.5, true], [], 2, 3], 10, ""Opponent""]",Quick Attack,1.8785,Training,Quick Attack,Quick Attack,True,True,ascension | quick attack,2.0,0.0,0.0,0.0,0.0,1.0,0.0
NB48_LOSS_188__early_pressure__d27ea00c7dad,NB48_LOSS_188__early_pressure__d27ea00c7dad,NB48_LOSS_188,188,4054353373,42,5.333333333333333,42,Greedy Damage Baseline,"[[[[""650"", ""Bulbasaur""], 68.0, 1, ""None"", 12.0, true], [], 5, 6], [[[""43"", ""Eevee""], 47.5, 2, ""None"", 2.5, true], [], 5, 6], 3, ""Opponent""]",Ascension,1.6335,Training,Ascension,Ascension,True,True,ascension,1.0,1.0,0.0,0.0,0.0,0.0,0.0
NB48_LOSS_188__late_game_prize_pressure__54fdfc058ec4,NB48_LOSS_188__late_game_prize_pressure__54fdfc058ec4,NB48_LOSS_188,188,3338458981,42,5.333333333333333,42,Greedy Damage Baseline,"[[[[""650"", ""Bulbasaur""], 48.0, 3, ""None"", 32.0, true], [], 2, 3], [[[""43"", ""Eevee""], 30.0, 3, ""None"", 20.0, true], [], 2, 3], 9, ""Opponent""]",Quick Attack,1.8785,Training,Quick Attack,Quick Attack,True,True,ascension | quick attack,2.0,0.0,0.0,0.0,0.0,1.0,0.0
NB48_LOSS_188__opening_one_energy__0eed663ae388,NB48_LOSS_188__opening_one_energy__0eed663ae388,NB48_LOSS_188,188,1364914749,42,5.333333333333333,42,Greedy Damage Baseline,"[[[[""650"", ""Bulbasaur""], 80.0, 1, ""None"", 0.0, true], [], 6, 6], [[[""43"", ""Eevee""], 50.0, 1, ""None"", 0.0, true], [], 6, 6], 2, ""Opponent""]",Ascension,1.6335,Training,Ascension,Ascension,True,True,ascension,1.0,1.0,0.0,0.0,0.0,0.0,0.0
NB48_LOSS_188__opening_zero_energy__7501972b4846,NB48_LOSS_188__opening_zero_energy__7501972b4846,NB48_LOSS_188,188,606352066,42,5.333333333333333,42,Greedy Damage Baseline,"[[[[""650"", ""Bulbasaur""], 80.0, 0, ""None"", 0.0, true], [], 6, 7], [[[""43"", ""Eevee""], 50.0, 0, ""None"", 0.0, true], [], 6, 7], 1, ""Opponent""]",Pass,1.6335,Training,Pass,Pass,True,True,pass,1.0,0.0,0.0,0.0,1.0,0.0,0.0
NB48_LOSS_188__opponent_under_pressure__2c08ed7d6518,NB48_LOSS_188__opponent_under_pressure__2c08ed7d6518,NB48_LOSS_188,188,617134871,42,5.333333333333333,42,Greedy Damage Baseline,"[[[[""650"", ""Bulbasaur""], 68.0, 3, ""None"", 12.0, true], [], 4, 5], [[[""43"", ""Eevee""], 25.0, 2, ""None"", 25.0, true], [], 4, 5], 6, ""Opponent""]",Ascension,1.6335,Training,Ascension,Ascension,True,True,ascension,1.0,1.0,0.0,0.0,0.0,0.0,0.0
NB48_LOSS_188__player_under_pressure__e0cfb8e2474d,NB48_LOSS_188__player_under_pressure__e0cfb8e2474d,NB48_LOSS_188,188,29900997,42,5.333333333333333,42,Greedy Damage Baseline,"[[[[""650"", ""Bulbasaur""], 40.0, 2, ""None"", 40.0, true], [], 4, 4], [[[""43"", ""Eevee""], 42.5, 3, ""None"", 7.5, true], [], 4, 4], 6, ""Opponent""]",Quick Attack,1.8785,Training,Quick Attack,Quick Attack,True,True,ascension | quick attack,2.0,0.0,0.0,0.0,0.0,1.0,0.0
NB48_LOSS_190__balanced_midgame__700e06aaf9dc,NB48_LOSS_190__balanced_midgame__700e06aaf9dc,NB48_LOSS_190,190,3183327225,66,4.0,66,Greedy Damage Baseline,"[[[[""1071"", ""Meowth ex""], 127.5, 2, ""None"", 42.5, true], [], 4, 5], [[[""43"", ""Eevee""], 37.5, 2, ""None"", 12.5, true], [], 4, 5], 5, ""Opponent""]",Ascension,1.6335,Training,Ascension,Ascension,True,True,ascension,1.0,1.0,0.0,0.0,0.0,0.0,0.0
NB48_LOSS_190__counterfactual_side_early__da5b81beb61e,NB48_LOSS_190__counterfactual_side_early__da5b81beb61e,NB48_LOSS_190,190,2218763647,66,4.0,66,Greedy Damage Baseline,"[[[[""1071"", ""Meowth ex""], 153.0, 1, ""None"", 17.0, true], [], 5, 6], [[[""43"", ""Eevee""], 45.0, 1, ""None"", 5.0, true], [], 5, 6], 3, ""Player""]",Pass,0.99,Training,Pass,Pass,True,True,pass,1.0,0.0,0.0,0.0,1.0,0.0,0.0
NB48_LOSS_190__counterfactual_side_late__cc631b155246,NB48_LOSS_190__counterfactual_side_late__cc631b155246,NB48_LOSS_190,190,922371297,66,4.0,66,Greedy Damage Baseline,"[[[[""1071"", ""Meowth ex""], 93.5, 3, ""None"", 76.5, true], [], 3, 4], [[[""43"", ""Eevee""], 27.5, 3, ""None"", 22.5, true], [], 3, 4], 8, ""Player""]",Tuck Tail,0.99,Training,Tuck Tail,Tuck Tail,True,True,tuck tail,1.0,0.0,0.0,0.0,0.0,0.0,1.0
NB48_LOSS_190__critical_hp_decision__84a5dc05d9fa,NB48_LOSS_190__critical_hp_decision__84a5dc05d9fa,NB48_LOSS_190,190,2353025061,66,4.0,66,Greedy Damage Baseline,"[[[[""1071"", ""Meowth ex""], 51.0, 4, ""None"", 119.0, true], [], 2, 3], [[[""43"", ""Eevee""], 22.5, 4, ""None"", 27.5, true], [], 2, 3], 10, ""Opponent""]",Quick Attack,1.8785,Training,Quick Attack,Quick Attack,True,True,ascension | quick attack,2.0,0.0,0.0,0.0,0.0,1.0,0.0
NB48_LOSS_190__early_pressure__b56c94b2901f,NB48_LOSS_190__early_pressure__b56c94b2901f,NB48_LOSS_190,190,1212372483,66,4.0,66,Greedy Damage Baseline,"[[[[""1071"", ""Meowth ex""], 144.5, 1, ""None"", 25.5, true], [], 5, 6], [[[""43"", ""Eevee""], 47.5, 2, ""None"", 2.5, true], [], 5, 6], 3, ""Opponent""]",Ascension,1.6335,Training,Ascension,Ascension,True,True,ascension,1.0,1.0,0.0,0.0,0.0,0.0,0.0
NB48_LOSS_190__late_game_prize_pressure__68e10aa34c43,NB48_LOSS_190__late_game_prize_pressure__68e10aa34c43,NB48_LOSS_190,190,4005540046,66,4.0,66,Greedy Damage Baseline,"[[[[""1071"", ""Meowth ex""], 102.0, 3, ""None"", 68.0, true], [], 2, 3], [[[""43"", ""Eevee""], 30.0, 3, ""None"", 20.0, true], [], 2, 3], 9, ""Opponent""]",Quick Attack,1.8785,Training,Quick Attack,Quick Attack,True,True,ascension | quick attack,2.0,0.0,0.0,0.0,0.0,1.0,0.0
NB48_LOSS_190__opening_one_energy__635e4435e68e,NB48_LOSS_190__opening_one_energy__635e4435e68e,NB48_LOSS_190,190,3924403912,66,4.0,66,Greedy Damage Baseline,"[[[[""1071"", ""Meowth ex""], 170.0, 1, ""None"", 0.0, true], [], 6, 6], [[[""43"", ""Eevee""], 50.0, 1, ""None"", 0.0, true], [], 6, 6], 2, ""Opponent""]",Ascension,1.6335,Training,Ascension,Ascension,True,True,ascension,1.0,1.0,0.0,0.0,0.0,0.0,0.0
NB48_LOSS_190__opening_zero_energy__2a18e41572d4,NB48_LOSS_190__opening_zero_energy__2a18e41572d4,NB48_LOSS_190,190,3714970910,66,4.0,66,Greedy Damage Baseline,"[[[[""1071"", ""Meowth ex""], 170.0, 0, ""None"", 0.0, true], [], 6, 7], [[[""43"", ""Eevee""], 50.0, 0, ""None"", 0.0, true], [], 6, 7], 1, ""Opponent""]",Pass,1.6335,Training,Pass,Pass,True,True,pass,1.0,0.0,0.0,0.0,1.0,0.0,0.0
NB48_LOSS_190__opponent_under_pressure__14fe537e877e,NB48_LOSS_190__opponent_under_pressure__14fe537e877e,NB48_LOSS_190,190,2696150653,66,4.0,66,Greedy Damage Baseline,"[[[[""1071"", ""Meowth ex""], 144.5, 3, ""None"", 25.5, true], [], 4, 5], [[[""43"", ""Eevee""], 25.0, 2, ""None"", 25.0, true], [], 4, 5], 6, ""Opponent""]",Ascension,1.6335,Training,Ascension,Ascension,True,True,ascension,1.0,1.0,0.0,0.0,0.0,0.0,0.0
NB48_LOSS_190__player_under_pressure__192af7b47566,NB48_LOSS_190__player_under_pressure__192af7b47566,NB48_LOSS_190,190,3969420023,66,4.0,66,Greedy Damage Baseline,"[[[[""1071"", ""Meowth ex""], 85.0, 2, ""None"", 85.0, true], [], 4, 4], [[[""43"", ""Eevee""], 42.5, 3, ""None"", 7.5, true], [], 4, 4], 6, ""Opponent""]",Quick Attack,1.8785,Training,Quick Attack,Quick Attack,True,True,ascension | quick attack,2.0,0.0,0.0,0.0,0.0,1.0,0.0
NB48_LOSS_194__balanced_midgame__ec3382b33771,NB48_LOSS_194__balanced_midgame__ec3382b33771,NB48_LOSS_194,194,2124695771,67,4.0,67,Greedy Damage Baseline,"[[[[""650"", ""Bulbasaur""], 60.0, 2, ""None"", 20.0, true], [], 4, 5], [[[""43"", ""Eevee""], 37.5, 2, ""None"", 12.5, true], [], 4, 5], 5, ""Opponent""]",Ascension,1.6335,Training,Ascension,Ascension,True,True,ascension,1.0,1.0,0.0,0.0,0.0,0.0,0.0
NB48_LOSS_194__counterfactual_side_early__446ceb337eef,NB48_LOSS_194__counterfactual_side_early__446ceb337eef,NB48_LOSS_194,194,2352377048,67,4.0,67,Greedy Damage Baseline,"[[[[""650"", ""Bulbasaur""], 72.0, 1, ""None"", 8.0, true], [], 5, 6], [[[""43"", ""Eevee""], 45.0, 1, ""None"", 5.0, true], [], 5, 6], 3, ""Player""]",Bind Down,0.99,Training,Bind Down,Bind Down,True,True,bind down,1.0,0.0,1.0,0.0,0.0,0.0,0.0
NB48_LOSS_194__counterfactual_side_late__0e4d1b78bca6,NB48_LOSS_194__counterfactual_side_late__0e4d1b78bca6,NB48_LOSS_194,194,1384314906,67,4.0,67,Greedy Damage Baseline,"[[[[""650"", ""Bulbasaur""], 44.0, 3, ""None"", 36.0, true], [], 3, 4], [[[""43"", ""Eevee""], 27.5, 3, ""None"", 22.5, true], [], 3, 4], 8, ""Player""]",Bind Down,0.99,Training,Bind Down,Bind Down,True,True,bind down,1.0,0.0,1.0,0.0,0.0,0.0,0.0
NB48_LOSS_194__critical_hp_decision__48cc1ec1527f,NB48_LOSS_194__critical_hp_decision__48cc1ec1527f,NB48_LOSS_194,194,2764335839,67,4.0,67,Greedy Damage Baseline,"[[[[""650"", ""Bulbasaur""], 24.0, 4, ""None"", 56.0, true], [], 2, 3], [[[""43"", ""Eevee""], 22.5, 4, ""None"", 27.5, true], [], 2, 3], 10, ""Opponent""]",Quick Attack,1.8785,Training,Quick Attack,Quick Attack,True,True,ascension | quick attack,2.0,0.0,0.0,0.0,0.0,1.0,0.0
NB48_LOSS_194__early_pressure__90dc41c8cb9d,NB48_LOSS_194__early_pressure__90dc41c8cb9d,NB48_LOSS_194,194,792425145,67,4.0,67,Greedy Damage Baseline,"[[[[""650"", ""Bulbasaur""], 68.0, 1, ""None"", 12.0, true], [], 5, 6], [[[""43"", ""Eevee""], 47.5, 2, ""None"", 2.5, true], [], 5, 6], 3, ""Opponent""]",Ascension,1.6335,Training,Ascension,Ascension,True,True,ascension,1.0,1.0,0.0,0.0,0.0,0.0,0.0
NB48_LOSS_194__late_game_prize_pressure__d1f233f3e9dc,NB48_LOSS_194__late_game_prize_pressure__d1f233f3e9dc,NB48_LOSS_194,194,1150612899,67,4.0,67,Greedy Damage Baseline,"[[[[""650"", ""Bulbasaur""], 48.0, 3, ""None"", 32.0, true], [], 2, 3], [[[""43"", ""Eevee""], 30.0, 3, ""None"", 20.0, true], [], 2, 3], 9, ""Opponent""]",Quick Attack,1.8785,Training,Quick Attack,Quick Attack,True,True,ascension | quick attack,2.0,0.0,0.0,0.0,0.0,1.0,0.0
NB48_LOSS_194__opening_one_energy__a47329f62163,NB48_LOSS_194__opening_one_energy__a47329f62163,NB48_LOSS_194,194,3151602688,67,4.0,67,Greedy Damage Baseline,"[[[[""650"", ""Bulbasaur""], 80.0, 1, ""None"", 0.0, true], [], 6, 6], [[[""43"", ""Eevee""], 50.0, 1, ""None"", 0.0, true], [], 6, 6], 2, ""Opponent""]",Ascension,1.6335,Training,Ascension,Ascension,True,True,ascension,1.0,1.0,0.0,0.0,0.0,0.0,0.0
NB48_LOSS_194__opening_zero_energy__32e687ee8281,NB48_LOSS_194__opening_zero_energy__32e687ee8281,NB48_LOSS_194,194,3087502429,67,4.0,67,Greedy Damage Baseline,"[[[[""650"", ""Bulbasaur""], 80.0, 0, ""None"", 0.0, true], [], 6, 7], [[[""43"", ""Eevee""], 50.0, 0, ""None"", 0.0, true], [], 6, 7], 1, ""Opponent""]",Pass,1.6335,Training,Pass,Pass,True,True,pass,1.0,0.0,0.0,0.0,1.0,0.0,0.0
NB48_LOSS_194__opponent_under_pressure__412dd91085db,NB48_LOSS_194__opponent_under_pressure__412dd91085db,NB48_LOSS_194,194,2874279334,67,4.0,67,Greedy Damage Baseline,"[[[[""650"", ""Bulbasaur""], 68.0, 3, ""None"", 12.0, true], [], 4, 5], [[[""43"", ""Eevee""], 25.0, 2, ""None"", 25.0, true], [], 4, 5], 6, ""Opponent""]",Ascension,1.6335,Training,Ascension,Ascension,True,True,ascension,1.0,1.0,0.0,0.0,0.0,0.0,0.0
NB48_LOSS_194__player_under_pressure__2c804a3cc93e,NB48_LOSS_194__player_under_pressure__2c804a3cc93e,NB48_LOSS_194,194,2195538213,67,4.0,67,Greedy Damage Baseline,"[[[[""650"", ""Bulbasaur""], 40.0, 2, ""None"", 40.0, true], [], 4, 4], [[[""43"", ""Eevee""], 42.5, 3, ""None"", 7.5, true], [], 4, 4], 6, ""Opponent""]",Quick Attack,1.8785,Training,Quick Attack,Quick Attack,True,True,ascension | quick attack,2.0,0.0,0.0,0.0,0.0,1.0,0.0
NB48_LOSS_195__balanced_midgame__4db909e3f787,NB48_LOSS_195__balanced_midgame__4db909e3f787,NB48_LOSS_195,195,2005941885,102,2.0,102,Greedy Damage Baseline,"[[[[""43"", ""Eevee""], 37.5, 2, ""None"", 12.5, true], [], 4, 5], [[[""788"", ""Charmander""], 60.0, 2, ""None"", 20.0, true], [], 4, 5], 5, ""Player""]",Ascension,1.21,Training,Ascension,Ascension,True,True,ascension,1.0,1.0,0.0,0.0,0.0,0.0,0.0
NB48_LOSS_195__counterfactual_side_early__9c94b0c9022b,NB48_LOSS_195__counterfactual_side_early__9c94b0c9022b,NB48_LOSS_195,195,4057000370,102,2.0,102,Greedy Damage Baseline,"[[[[""43"", ""Eevee""], 45.0, 1, ""None"", 5.0, true], [], 5, 6], [[[""788"", ""Charmander""], 72.0, 1, ""None"", 8.0, true], [], 5, 6], 3, ""Opponent""]",Live Coal,1.3365,Training,Live Coal,Live Coal,True,True,live coal,1.0,0.0,0.0,1.0,0.0,0.0,0.0
NB48_LOSS_195__counterfactual_side_late__dd0483898d25,NB48_LOSS_195__counterfactual_side_late__dd0483898d25,NB48_LOSS_195,195,1250683602,102,2.0,102,Greedy Damage Baseline,"[[[[""43"", ""Eevee""], 27.5, 3, ""None"", 22.5, true], [], 3, 4], [[[""788"", ""Charmander""], 44.0, 3, ""None"", 36.0, true], [], 3, 4], 8, ""Opponent""]",Live Coal,1.3365,Training,Live Coal,Live Coal,True,True,live coal,1.0,0.0,0.0,1.0,0.0,0.0,0.0
NB48_LOSS_195__critical_hp_decision__e923c08a3cb2,NB48_LOSS_195__critical_hp_decision__e923c08a3cb2,NB48_LOSS_195,195,935417296,102,2.0,102,Greedy Damage Baseline,"[[[[""43"", ""Eevee""], 15.0, 4, ""None"", 35.0, true], [], 2, 3], [[[""788"", ""Charmander""], 36.0, 4, ""None"", 44.0, true], [], 2, 3], 10, ""Player""]",Quick Attack,1.3915,Training,Quick Attack,Quick Attack,True,True,ascension | quick attack,2.0,0.0,0.0,0.0,0.0,1.0,0.0
NB48_LOSS_195__early_pressure__1dc57da6a531,NB48_LOSS_195__early_pressure__1dc57da6a531,NB48_LOSS_195,195,3491817428,102,2.0,102,Greedy Damage Baseline,"[[[[""43"", ""Eevee""], 42.5, 1, ""None"", 7.5, true], [], 5, 6], [[[""788"", ""Charmander""], 76.0, 2, ""None"", 4.0, true], [], 5, 6], 3, ""Player""]",Ascension,1.21,Training,Ascension,Ascension,True,True,ascension,1.0,1.0,0.0,0.0,0.0,0.0,0.0
NB48_LOSS_195__late_game_prize_pressure__05c31b87ce78,NB48_LOSS_195__late_game_prize_pressure__05c31b87ce78,NB48_LOSS_195,195,2346987624,102,2.0,102,Greedy Damage Baseline,"[[[[""43"", ""Eevee""], 30.0, 3, ""None"", 20.0, true], [], 2, 3], [[[""788"", ""Charmander""], 48.0, 3, ""None"", 32.0, true], [], 2, 3], 9, ""Player""]",Quick Attack,1.3915,Training,Quick Attack,Quick Attack,True,True,ascension | quick attack,2.0,0.0,0.0,0.0,0.0,1.0,0.0
NB48_LOSS_195__opening_one_energy__eac410b216ea,NB48_LOSS_195__opening_one_energy__eac410b216ea,NB48_LOSS_195,195,1533599965,102,2.0,102,Greedy Damage Baseline,"[[[[""43"", ""Eevee""], 50.0, 1, ""None"", 0.0, true], [], 6, 6], [[[""788"", ""Charmander""], 80.0, 1, ""None"", 0.0, true], [], 6, 6], 2, ""Player""]",Ascension,1.21,Training,Ascension,Ascension,True,True,ascension,1.0,1.0,0.0,0.0,0.0,0.0,0.0
NB48_LOSS_195__opening_zero_energy__df30b82a0931,NB48_LOSS_195__opening_zero_energy__df30b82a0931,NB48_LOSS_195,195,3571408619,102,2.0,102,Greedy Damage Baseline,"[[[[""43"", ""Eevee""], 50.0, 0, ""None"", 0.0, true], [], 6, 7], [[[""788"", ""Charmander""], 80.0, 0, ""None"", 0.0, true], [], 6, 7], 1, ""Player""]",Pass,1.21,Training,Pass,Pass,True,True,pass,1.0,0.0,0.0,0.0,1.0,0.0,0.0
NB48_LOSS_195__opponent_under_pressure__5592ee633990,NB48_LOSS_195__opponent_under_pressure__5592ee633990,NB48_LOSS_195,195,3485402450,102,2.0,102,Greedy Damage Baseline,"[[[[""43"", ""Eevee""], 42.5, 3, ""None"", 7.5, true], [], 4, 5], [[[""788"", ""Charmander""], 40.0, 2, ""None"", 40.0, true], [], 4, 5], 6, ""Player""]",Quick Attack,1.3915,Training,Quick Attack,Quick Attack,True,True,ascension | quick attack,2.0,0.0,0.0,0.0,0.0,1.0,0.0
NB48_LOSS_195__player_under_pressure__e72da218684c,NB48_LOSS_195__player_under_pressure__e72da218684c,NB48_LOSS_195,195,3431632180,102,2.0,102,Greedy Damage Baseline,"[[[[""43"", ""Eevee""], 25.0, 2, ""None"", 25.0, true], [], 4, 4], [[[""788"", ""Charmander""], 68.0, 3, ""None"", 12.0, true], [], 4, 4], 6, ""Player""]",Ascension,1.21,Training,Ascension,Ascension,True,True,ascension,1.0,1.0,0.0,0.0,0.0,0.0,0.0
NB48_LOSS_198__balanced_midgame__bd8f8c7ac219,NB48_LOSS_198__balanced_midgame__bd8f8c7ac219,NB48_LOSS_198,198,3756180994,68,4.0,68,Greedy Damage Baseline,"[[[[""788"", ""Charmander""], 60.0, 2, ""None"", 20.0, true], [], 4, 5], [[[""43"", ""Eevee""], 37.5, 2, ""None"", 12.5, true], [], 4, 5], 5, ""Opponent""]",Ascension,1.6335,Training,Ascension,Ascension,True,True,ascension,1.0,1.0,0.0,0.0,0.0,0.0,0.0
NB48_LOSS_198__counterfactual_side_early__d739a7eb7b6e,NB48_LOSS_198__counterfactual_side_early__d739a7eb7b6e,NB48_LOSS_198,198,940652928,68,4.0,68,Greedy Damage Baseline,"[[[[""788"", ""Charmander""], 72.0, 1, ""None"", 8.0, true], [], 5, 6], [[[""43"", ""Eevee""], 45.0, 1, ""None"", 5.0, true], [], 5, 6], 3, ""Player""]",Live Coal,0.99,Training,Live Coal,Live Coal,True,True,live coal,1.0,0.0,0.0,1.0,0.0,0.0,0.0
NB48_LOSS_198__counterfactual_side_late__81dfa64844bd,NB48_LOSS_198__counterfactual_side_late__81dfa64844bd,NB48_LOSS_198,198,3165169006,68,4.0,68,Greedy Damage Baseline,"[[[[""788"", ""Charmander""], 44.0, 3, ""None"", 36.0, true], [], 3, 4], [[[""43"", ""Eevee""], 27.5, 3, ""None"", 22.5, true], [], 3, 4], 8, ""Player""]",Live Coal,0.99,Training,Live Coal,Live Coal,True,True,live coal,1.0,0.0,0.0,1.0,0.0,0.0,0.0
NB48_LOSS_198__critical_hp_decision__6109bc590935,NB48_LOSS_198__critical_hp_decision__6109bc590935,NB48_LOSS_198,198,3904262133,68,4.0,68,Greedy Damage Baseline,"[[[[""788"", ""Charmander""], 24.0, 4, ""None"", 56.0, true], [], 2, 3], [[[""43"", ""Eevee""], 22.5, 4, ""None"", 27.5, true], [], 2, 3], 10, ""Opponent""]",Quick Attack,1.8785,Training,Quick Attack,Quick Attack,True,True,ascension | quick attack,2.0,0.0,0.0,0.0,0.0,1.0,0.0
NB48_LOSS_198__early_pressure__6879169ad4fa,NB48_LOSS_198__early_pressure__6879169ad4fa,NB48_LOSS_198,198,3871573888,68,4.0,68,Greedy Damage Baseline,"[[[[""788"", ""Charmander""], 68.0, 1, ""None"", 12.0, true], [], 5, 6], [[[""43"", ""Eevee""], 47.5, 2, ""None"", 2.5, true], [], 5, 6], 3, ""Opponent""]",Ascension,1.6335,Training,Ascension,Ascension,True,True,ascension,1.0,1.0,0.0,0.0,0.0,0.0,0.0
NB48_LOSS_198__late_game_prize_pressure__8a90cae1c9de,NB48_LOSS_198__late_game_prize_pressure__8a90cae1c9de,NB48_LOSS_198,198,3913516461,68,4.0,68,Greedy Damage Baseline,"[[[[""788"", ""Charmander""], 48.0, 3, ""None"", 32.0, true], [], 2, 3], [[[""43"", ""Eevee""], 30.0, 3, ""None"", 20.0, true], [], 2, 3], 9, ""Opponent""]",Quick Attack,1.8785,Training,Quick Attack,Quick Attack,True,True,ascension | quick attack,2.0,0.0,0.0,0.0,0.0,1.0,0.0
NB48_LOSS_198__opening_one_energy__f39c3bf23751,NB48_LOSS_198__opening_one_energy__f39c3bf23751,NB48_LOSS_198,198,2630384358,68,4.0,68,Greedy Damage Baseline,"[[[[""788"", ""Charmander""], 80.0, 1, ""None"", 0.0, true], [], 6, 6], [[[""43"", ""Eevee""], 50.0, 1, ""None"", 0.0, true], [], 6, 6], 2, ""Opponent""]",Ascension,1.6335,Training,Ascension,Ascension,True,True,ascension,1.0,1.0,0.0,0.0,0.0,0.0,0.0
NB48_LOSS_198__opening_zero_energy__6b9050471e58,NB48_LOSS_198__opening_zero_energy__6b9050471e58,NB48_LOSS_198,198,1941426448,68,4.0,68,Greedy Damage Baseline,"[[[[""788"", ""Charmander""], 80.0, 0, ""None"", 0.0, true], [], 6, 7], [[[""43"", ""Eevee""], 50.0, 0, ""None"", 0.0, true], [], 6, 7], 1, ""Opponent""]",Pass,1.6335,Training,Pass,Pass,True,True,pass,1.0,0.0,0.0,0.0,1.0,0.0,0.0
NB48_LOSS_198__opponent_under_pressure__2edfc25c346e,NB48_LOSS_198__opponent_under_pressure__2edfc25c346e,NB48_LOSS_198,198,1724614090,68,4.0,68,Greedy Damage Baseline,"[[[[""788"", ""Charmander""], 68.0, 3, ""None"", 12.0, true], [], 4, 5], [[[""43"", ""Eevee""], 25.0, 2, ""None"", 25.0, true], [], 4, 5], 6, ""Opponent""]",Ascension,1.6335,Training,Ascension,Ascension,True,True,ascension,1.0,1.0,0.0,0.0,0.0,0.0,0.0
NB48_LOSS_198__player_under_pressure__a1c399e7605a,NB48_LOSS_198__player_under_pressure__a1c399e7605a,NB48_LOSS_198,198,2741909941,68,4.0,68,Greedy Damage Baseline,"[[[[""788"", ""Charmander""], 40.0, 2, ""None"", 40.0, true], [], 4, 4], [[[""43"", ""Eevee""], 42.5, 3, ""None"", 7.5, true], [], 4, 4], 6, ""Opponent""]",Quick Attack,1.8785,Training,Quick Attack,Quick Attack,True,True,ascension | quick attack,2.0,0.0,0.0,0.0,0.0,1.0,0.0
NB48_LOSS_2__balanced_midgame__f8eac8a1a5c6,NB48_LOSS_2__balanced_midgame__f8eac8a1a5c6,NB48_LOSS_2,2,790251239,85,2.0,85,Random Baseline,"[[[[""788"", ""Charmander""], 60.0, 2, ""None"", 20.0, true], [], 4, 5], [[[""43"", ""Eevee""], 37.5, 2, ""None"", 12.5, true], [], 4, 5], 5, ""Opponent""]",Ascension,1.6335,Training,Ascension,Ascension,True,True,ascension,1.0,1.0,0.0,0.0,0.0,0.0,0.0
NB48_LOSS_2__counterfactual_side_early__2b2e318bd901,NB48_LOSS_2__counterfactual_side_early__2b2e318bd901,NB48_LOSS_2,2,2708690920,85,2.0,85,Random Baseline,"[[[[""788"", ""Charmander""], 72.0, 1, ""None"", 8.0, true], [], 5, 6], [[[""43"", ""Eevee""], 45.0, 1, ""None"", 5.0, true], [], 5, 6], 3, ""Player""]",Live Coal,0.99,Training,Live Coal,Live Coal,True,True,live coal,1.0,0.0,0.0,1.0,0.0,0.0,0.0
NB48_LOSS_2__counterfactual_side_late__378e9a727c3c,NB48_LOSS_2__counterfactual_side_late__378e9a727c3c,NB48_LOSS_2,2,1033971131,85,2.0,85,Random Baseline,"[[[[""788"", ""Charmander""], 44.0, 3, ""None"", 36.0, true], [], 3, 4], [[[""43"", ""Eevee""], 27.5, 3, ""None"", 22.5, true], [], 3, 4], 8, ""Player""]",Live Coal,0.99,Training,Live Coal,Live Coal,True,True,live coal,1.0,0.0,0.0,1.0,0.0,0.0,0.0
NB48_LOSS_2__critical_hp_decision__28660a896741,NB48_LOSS_2__critical_hp_decision__28660a896741,NB48_LOSS_2,2,2560913224,85,2.0,85,Random Baseline,"[[[[""788"", ""Charmander""], 24.0, 4, ""None"", 56.0, true], [], 2, 3], [[[""43"", ""Eevee""], 22.5, 4, ""None"", 27.5, true], [], 2, 3], 10, ""Opponent""]",Quick Attack,1.8785,Training,Quick Attack,Quick Attack,True,True,ascension | quick attack,2.0,0.0,0.0,0.0,0.0,1.0,0.0
NB48_LOSS_2__early_pressure__a3b1d7de5bdb,NB48_LOSS_2__early_pressure__a3b1d7de5bdb,NB48_LOSS_2,2,734979104,85,2.0,85,Random Baseline,"[[[[""788"", ""Charmander""], 68.0, 1, ""None"", 12.0, true], [], 5, 6], [[[""43"", ""Eevee""], 47.5, 2, ""None"", 2.5, true], [], 5, 6], 3, ""Opponent""]",Ascension,1.6335,Training,Ascension,Ascension,True,True,ascension,1.0,1.0,0.0,0.0,0.0,0.0,0.0
NB48_LOSS_2__late_game_prize_pressure__c8a2749f629a,NB48_LOSS_2__late_game_prize_pressure__c8a2749f629a,NB48_LOSS_2,2,3481751714,85,2.0,85,Random Baseline,"[[[[""788"", ""Charmander""], 48.0, 3, ""None"", 32.0, true], [], 2, 3], [[[""43"", ""Eevee""], 30.0, 3, ""None"", 20.0, true], [], 2, 3], 9, ""Opponent""]",Quick Attack,1.8785,Training,Quick Attack,Quick Attack,True,True,ascension | quick attack,2.0,0.0,0.0,0.0,0.0,1.0,0.0
NB48_LOSS_2__opening_one_energy__078291688869,NB48_LOSS_2__opening_one_energy__078291688869,NB48_LOSS_2,2,1061036267,85,2.0,85,Random Baseline,"[[[[""788"", ""Charmander""], 80.0, 1, ""None"", 0.0, true], [], 6, 6], [[[""43"", ""Eevee""], 50.0, 1, ""None"", 0.0, true], [], 6, 6], 2, ""Opponent""]",Ascension,1.6335,Training,Ascension,Ascension,True,True,ascension,1.0,1.0,0.0,0.0,0.0,0.0,0.0
NB48_LOSS_2__opening_zero_energy__72b4c0a3c175,NB48_LOSS_2__opening_zero_energy__72b4c0a3c175,NB48_LOSS_2,2,1769725994,85,2.0,85,Random Baseline,"[[[[""788"", ""Charmander""], 80.0, 0, ""None"", 0.0, true], [], 6, 7], [[[""43"", ""Eevee""], 50.0, 0, ""None"", 0.0, true], [], 6, 7], 1, ""Opponent""]",Pass,1.6335,Training,Pass,Pass,True,True,pass,1.0,0.0,0.0,0.0,1.0,0.0,0.0
NB48_LOSS_2__opponent_under_pressure__489c31dd56b1,NB48_LOSS_2__opponent_under_pressure__489c31dd56b1,NB48_LOSS_2,2,2479174541,85,2.0,85,Random Baseline,"[[[[""788"", ""Charmander""], 68.0, 3, ""None"", 12.0, true], [], 4, 5], [[[""43"", ""Eevee""], 25.0, 2, ""None"", 25.0, true], [], 4, 5], 6, ""Opponent""]",Ascension,1.6335,Training,Ascension,Ascension,True,True,ascension,1.0,1.0,0.0,0.0,0.0,0.0,0.0
NB48_LOSS_2__player_under_pressure__6fbe8e3c256b,NB48_LOSS_2__player_under_pressure__6fbe8e3c256b,NB48_LOSS_2,2,1708883112,85,2.0,85,Random Baseline,"[[[[""788"", ""Charmander""], 40.0, 2, ""None"", 40.0, true], [], 4, 4], [[[""43"", ""Eevee""], 42.5, 3, ""None"", 7.5, true], [], 4, 4], 6, ""Opponent""]",Quick Attack,1.8785,Training,Quick Attack,Quick Attack,True,True,ascension | quick attack,2.0,0.0,0.0,0.0,0.0,1.0,0.0
NB48_LOSS_200__balanced_midgame__48a4a2c82351,NB48_LOSS_200__balanced_midgame__48a4a2c82351,NB48_LOSS_200,200,634832059,43,5.333333333333333,43,Greedy Damage Baseline,"[[[[""650"", ""Bulbasaur""], 60.0, 2, ""None"", 20.0, true], [], 4, 5], [[[""43"", ""Eevee""], 37.5, 2, ""None"", 12.5, true], [], 4, 5], 5, ""Opponent""]",Ascension,1.6335,Training,Ascension,Ascension,True,True,ascension,1.0,1.0,0.0,0.0,0.0,0.0,0.0
NB48_LOSS_200__counterfactual_side_early__883b621ba7ca,NB48_LOSS_200__counterfactual_side_early__883b621ba7ca,NB48_LOSS_200,200,820596255,43,5.333333333333333,43,Greedy Damage Baseline,"[[[[""650"", ""Bulbasaur""], 72.0, 1, ""None"", 8.0, true], [], 5, 6], [[[""43"", ""Eevee""], 45.0, 1, ""None"", 5.0, true], [], 5, 6], 3, ""Player""]",Bind Down,0.99,Training,Bind Down,Bind Down,True,True,bind down,1.0,0.0,1.0,0.0,0.0,0.0,0.0
NB48_LOSS_200__counterfactual_side_late__109355a09f2e,NB48_LOSS_200__counterfactual_side_late__109355a09f2e,NB48_LOSS_200,200,2697021038,43,5.333333333333333,43,Greedy Damage Baseline,"[[[[""650"", ""Bulbasaur""], 44.0, 3, ""None"", 36.0, true], [], 3, 4], [[[""43"", ""Eevee""], 27.5, 3, ""None"", 22.5, true], [], 3, 4], 8, ""Player""]",Bind Down,0.99,Training,Bind Down,Bind Down,True,True,bind down,1.0,0.0,1.0,0.0,0.0,0.0,0.0
NB48_LOSS_200__critical_hp_decision__be04c8dfa30f,NB48_LOSS_200__critical_hp_decision__be04c8dfa30f,NB48_LOSS_200,200,2682410925,43,5.333333333333333,43,Greedy Damage Baseline,"[[[[""650"", ""Bulbasaur""], 24.0, 4, ""None"", 56.0, true], [], 2, 3], [[[""43"", ""Eevee""], 22.5, 4, ""None"", 27.5, true], [], 2, 3], 10, ""Opponent""]",Quick Attack,1.8785,Training,Quick Attack,Quick Attack,True,True,ascension | quick attack,2.0,0.0,0.0,0.0,0.0,1.0,0.0
NB48_LOSS_200__early_pressure__9c25bd0113c8,NB48_LOSS_200__early_pressure__9c25bd0113c8,NB48_LOSS_200,200,1478715131,43,5.333333333333333,43,Greedy Damage Baseline,"[[[[""650"", ""Bulbasaur""], 68.0, 1, ""None"", 12.0, true], [], 5, 6], [[[""43"", ""Eevee""], 47.5, 2, ""None"", 2.5, true], [], 5, 6], 3, ""Opponent""]",Ascension,1.6335,Training,Ascension,Ascension,True,True,ascension,1.0,1.0,0.0,0.0,0.0,0.0,0.0
NB48_LOSS_200__late_game_prize_pressure__d6f89f48b44a,NB48_LOSS_200__late_game_prize_pressure__d6f89f48b44a,NB48_LOSS_200,200,3141779364,43,5.333333333333333,43,Greedy Damage Baseline,"[[[[""650"", ""Bulbasaur""], 48.0, 3, ""None"", 32.0, true], [], 2, 3], [[[""43"", ""Eevee""], 30.0, 3, ""None"", 20.0, true], [], 2, 3], 9, ""Opponent""]",Quick Attack,1.8785,Training,Quick Attack,Quick Attack,True,True,ascension | quick attack,2.0,0.0,0.0,0.0,0.0,1.0,0.0
NB48_LOSS_200__opening_one_energy__06e1bb640aac,NB48_LOSS_200__opening_one_energy__06e1bb640aac,NB48_LOSS_200,200,539065249,43,5.333333333333333,43,Greedy Damage Baseline,"[[[[""650"", ""Bulbasaur""], 80.0, 1, ""None"", 0.0, true], [], 6, 6], [[[""43"", ""Eevee""], 50.0, 1, ""None"", 0.0, true], [], 6, 6], 2, ""Opponent""]",Ascension,1.6335,Training,Ascension,Ascension,True,True,ascension,1.0,1.0,0.0,0.0,0.0,0.0,0.0
NB48_LOSS_200__opening_zero_energy__1b664f9de86d,NB48_LOSS_200__opening_zero_energy__1b664f9de86d,NB48_LOSS_200,200,2911971064,43,5.333333333333333,43,Greedy Damage Baseline,"[[[[""650"", ""Bulbasaur""], 80.0, 0, ""None"", 0.0, true], [], 6, 7], [[[""43"", ""Eevee""], 50.0, 0, ""None"", 0.0, true], [], 6, 7], 1, ""Opponent""]",Pass,1.6335,Training,Pass,Pass,True,True,pass,1.0,0.0,0.0,0.0,1.0,0.0,0.0
NB48_LOSS_200__opponent_under_pressure__8ef3d58f0e2c,NB48_LOSS_200__opponent_under_pressure__8ef3d58f0e2c,NB48_LOSS_200,200,640336829,43,5.333333333333333,43,Greedy Damage Baseline,"[[[[""650"", ""Bulbasaur""], 68.0, 3, ""None"", 12.0, true], [], 4, 5], [[[""43"", ""Eevee""], 25.0, 2, ""None"", 25.0, true], [], 4, 5], 6, ""Opponent""]",Ascension,1.6335,Training,Ascension,Ascension,True,True,ascension,1.0,1.0,0.0,0.0,0.0,0.0,0.0
NB48_LOSS_200__player_under_pressure__42b849985bcf,NB48_LOSS_200__player_under_pressure__42b849985bcf,NB48_LOSS_200,200,1561929775,43,5.333333333333333,43,Greedy Damage Baseline,"[[[[""650"", ""Bulbasaur""], 40.0, 2, ""None"", 40.0, true], [], 4, 4], [[[""43"", ""Eevee""], 42.5, 3, ""None"", 7.5, true], [], 4, 4], 6, ""Opponent""]",Quick Attack,1.8785,Training,Quick Attack,Quick Attack,True,True,ascension | quick attack,2.0,0.0,0.0,0.0,0.0,1.0,0.0
NB48_LOSS_202__balanced_midgame__407073fe698b,NB48_LOSS_202__balanced_midgame__407073fe698b,NB48_LOSS_202,202,248545790,18,6.0,18,Depth-6 Search Baseline,"[[[[""788"", ""Charmander""], 60.0, 2, ""None"", 20.0, true], [], 4, 5], [[[""43"", ""Eevee""], 37.5, 2, ""None"", 12.5, true], [], 4, 5], 5, ""Opponent""]",Ascension,1.6335,Training,Ascension,Ascension,True,True,ascension,1.0,1.0,0.0,0.0,0.0,0.0,0.0
NB48_LOSS_202__counterfactual_side_early__709a15577344,NB48_LOSS_202__counterfactual_side_early__709a15577344,NB48_LOSS_202,202,3108217159,18,6.0,18,Depth-6 Search Baseline,"[[[[""788"", ""Charmander""], 72.0, 1, ""None"", 8.0, true], [], 5, 6], [[[""43"", ""Eevee""], 45.0, 1, ""None"", 5.0, true], [], 5, 6], 3, ""Player""]",Live Coal,0.99,Training,Live Coal,Live Coal,True,True,live coal,1.0,0.0,0.0,1.0,0.0,0.0,0.0
NB48_LOSS_202__counterfactual_side_late__f57171c00484,NB48_LOSS_202__counterfactual_side_late__f57171c00484,NB48_LOSS_202,202,1754763082,18,6.0,18,Depth-6 Search Baseline,"[[[[""788"", ""Charmander""], 44.0, 3, ""None"", 36.0, true], [], 3, 4], [[[""43"", ""Eevee""], 27.5, 3, ""None"", 22.5, true], [], 3, 4], 8, ""Player""]",Live Coal,0.99,Training,Live Coal,Live Coal,True,True,live coal,1.0,0.0,0.0,1.0,0.0,0.0,0.0
NB48_LOSS_202__critical_hp_decision__f440b9ca157b,NB48_LOSS_202__critical_hp_decision__f440b9ca157b,NB48_LOSS_202,202,2857449275,18,6.0,18,Depth-6 Search Baseline,"[[[[""788"", ""Charmander""], 24.0, 4, ""None"", 56.0, true], [], 2, 3], [[[""43"", ""Eevee""], 22.5, 4, ""None"", 27.5, true], [], 2, 3], 10, ""Opponent""]",Quick Attack,1.8785,Training,Quick Attack,Quick Attack,True,True,ascension | quick attack,2.0,0.0,0.0,0.0,0.0,1.0,0.0
NB48_LOSS_202__early_pressure__c57ff1534cac,NB48_LOSS_202__early_pressure__c57ff1534cac,NB48_LOSS_202,202,233641246,18,6.0,18,Depth-6 Search Baseline,"[[[[""788"", ""Charmander""], 68.0, 1, ""None"", 12.0, true], [], 5, 6], [[[""43"", ""Eevee""], 47.5, 2, ""None"", 2.5, true], [], 5, 6], 3, ""Opponent""]",Ascension,1.6335,Training,Ascension,Ascension,True,True,ascension,1.0,1.0,0.0,0.0,0.0,0.0,0.0
NB48_LOSS_202__late_game_prize_pressure__1d221c2d7674,NB48_LOSS_202__late_game_prize_pressure__1d221c2d7674,NB48_LOSS_202,202,3571261842,18,6.0,18,Depth-6 Search Baseline,"[[[[""788"", ""Charmander""], 48.0, 3, ""None"", 32.0, true], [], 2, 3], [[[""43"", ""Eevee""], 30.0, 3, ""None"", 20.0, true], [], 2, 3], 9, ""Opponent""]",Quick Attack,1.8785,Training,Quick Attack,Quick Attack,True,True,ascension | quick attack,2.0,0.0,0.0,0.0,0.0,1.0,0.0
NB48_LOSS_202__opening_one_energy__ab2c5f38346d,NB48_LOSS_202__opening_one_energy__ab2c5f38346d,NB48_LOSS_202,202,70243042,18,6.0,18,Depth-6 Search Baseline,"[[[[""788"", ""Charmander""], 80.0, 1, ""None"", 0.0, true], [], 6, 6], [[[""43"", ""Eevee""], 50.0, 1, ""None"", 0.0, true], [], 6, 6], 2, ""Opponent""]",Ascension,1.6335,Training,Ascension,Ascension,True,True,ascension,1.0,1.0,0.0,0.0,0.0,0.0,0.0
NB48_LOSS_202__opening_zero_energy__edf2ad7fa5d7,NB48_LOSS_202__opening_zero_energy__edf2ad7fa5d7,NB48_LOSS_202,202,2428279503,18,6.0,18,Depth-6 Search Baseline,"[[[[""788"", ""Charmander""], 80.0, 0, ""None"", 0.0, true], [], 6, 7], [[[""43"", ""Eevee""], 50.0, 0, ""None"", 0.0, true], [], 6, 7], 1, ""Opponent""]",Pass,1.6335,Training,Pass,Pass,True,True,pass,1.0,0.0,0.0,0.0,1.0,0.0,0.0
NB48_LOSS_202__opponent_under_pressure__27667240158e,NB48_LOSS_202__opponent_under_pressure__27667240158e,NB48_LOSS_202,202,792988387,18,6.0,18,Depth-6 Search Baseline,"[[[[""788"", ""Charmander""], 68.0, 3, ""None"", 12.0, true], [], 4, 5], [[[""43"", ""Eevee""], 25.0, 2, ""None"", 25.0, true], [], 4, 5], 6, ""Opponent""]",Ascension,1.6335,Training,Ascension,Ascension,True,True,ascension,1.0,1.0,0.0,0.0,0.0,0.0,0.0
NB48_LOSS_202__player_under_pressure__5d966d30bc27,NB48_LOSS_202__player_under_pressure__5d966d30bc27,NB48_LOSS_202,202,1480525804,18,6.0,18,Depth-6 Search Baseline,"[[[[""788"", ""Charmander""], 40.0, 2, ""None"", 40.0, true], [], 4, 4], [[[""43"", ""Eevee""], 42.5, 3, ""None"", 7.5, true], [], 4, 4], 6, ""Opponent""]",Quick Attack,1.8785,Training,Quick Attack,Quick Attack,True,True,ascension | quick attack,2.0,0.0,0.0,0.0,0.0,1.0,0.0
NB48_LOSS_204__balanced_midgame__7245ed541328,NB48_LOSS_204__balanced_midgame__7245ed541328,NB48_LOSS_204,204,1647050544,9,8.0,9,Depth-6 Search Baseline,"[[[[""650"", ""Bulbasaur""], 60.0, 2, ""None"", 20.0, true], [], 4, 5], [[[""43"", ""Eevee""], 37.5, 2, ""None"", 12.5, true], [], 4, 5], 5, ""Opponent""]",Ascension,1.6335,Training,Ascension,Ascension,True,True,ascension,1.0,1.0,0.0,0.0,0.0,0.0,0.0
NB48_LOSS_204__counterfactual_side_early__35e0ede11891,NB48_LOSS_204__counterfactual_side_early__35e0ede11891,NB48_LOSS_204,204,94390303,9,8.0,9,Depth-6 Search Baseline,"[[[[""650"", ""Bulbasaur""], 72.0, 1, ""None"", 8.0, true], [], 5, 6], [[[""43"", ""Eevee""], 45.0, 1, ""None"", 5.0, true], [], 5, 6], 3, ""Player""]",Bind Down,0.99,Training,Bind Down,Bind Down,True,True,bind down,1.0,0.0,1.0,0.0,0.0,0.0,0.0
NB48_LOSS_204__counterfactual_side_late__f0a81cac4bb0,NB48_LOSS_204__counterfactual_side_late__f0a81cac4bb0,NB48_LOSS_204,204,2917908974,9,8.0,9,Depth-6 Search Baseline,"[[[[""650"", ""Bulbasaur""], 44.0, 3, ""None"", 36.0, true], [], 3, 4], [[[""43"", ""Eevee""], 27.5, 3, ""None"", 22.5, true], [], 3, 4], 8, ""Player""]",Bind Down,0.99,Training,Bind Down,Bind Down,True,True,bind down,1.0,0.0,1.0,0.0,0.0,0.0,0.0
NB48_LOSS_204__critical_hp_decision__821c8f3d89e9,NB48_LOSS_204__critical_hp_decision__821c8f3d89e9,NB48_LOSS_204,204,2924587626,9,8.0,9,Depth-6 Search Baseline,"[[[[""650"", ""Bulbasaur""], 24.0, 4, ""None"", 56.0, true], [], 2, 3], [[[""43"", ""Eevee""], 22.5, 4, ""None"", 27.5, true], [], 2, 3], 10, ""Opponent""]",Quick Attack,1.8785,Training,Quick Attack,Quick Attack,True,True,ascension | quick attack,2.0,0.0,0.0,0.0,0.0,1.0,0.0
NB48_LOSS_204__early_pressure__954bea776c08,NB48_LOSS_204__early_pressure__954bea776c08,NB48_LOSS_204,204,220357416,9,8.0,9,Depth-6 Search Baseline,"[[[[""650"", ""Bulbasaur""], 68.0, 1, ""None"", 12.0, true], [], 5, 6], [[[""43"", ""Eevee""], 47.5, 2, ""None"", 2.5, true], [], 5, 6], 3, ""Opponent""]",Ascension,1.6335,Training,Ascension,Ascension,True,True,ascension,1.0,1.0,0.0,0.0,0.0,0.0,0.0
NB48_LOSS_204__late_game_prize_pressure__376584c37a9c,NB48_LOSS_204__late_game_prize_pressure__376584c37a9c,NB48_LOSS_204,204,2542141777,9,8.0,9,Depth-6 Search Baseline,"[[[[""650"", ""Bulbasaur""], 48.0, 3, ""None"", 32.0, true], [], 2, 3], [[[""43"", ""Eevee""], 30.0, 3, ""None"", 20.0, true], [], 2, 3], 9, ""Opponent""]",Quick Attack,1.8785,Training,Quick Attack,Quick Attack,True,True,ascension | quick attack,2.0,0.0,0.0,0.0,0.0,1.0,0.0
NB48_LOSS_204__opening_one_energy__1d3b3f5f42e7,NB48_LOSS_204__opening_one_energy__1d3b3f5f42e7,NB48_LOSS_204,204,2046508454,9,8.0,9,Depth-6 Search Baseline,"[[[[""650"", ""Bulbasaur""], 80.0, 1, ""None"", 0.0, true], [], 6, 6], [[[""43"", ""Eevee""], 50.0, 1, ""None"", 0.0, true], [], 6, 6], 2, ""Opponent""]",Ascension,1.6335,Training,Ascension,Ascension,True,True,ascension,1.0,1.0,0.0,0.0,0.0,0.0,0.0
NB48_LOSS_204__opening_zero_energy__0466557ddea8,NB48_LOSS_204__opening_zero_energy__0466557ddea8,NB48_LOSS_204,204,441867297,9,8.0,9,Depth-6 Search Baseline,"[[[[""650"", ""Bulbasaur""], 80.0, 0, ""None"", 0.0, true], [], 6, 7], [[[""43"", ""Eevee""], 50.0, 0, ""None"", 0.0, true], [], 6, 7], 1, ""Opponent""]",Pass,1.6335,Training,Pass,Pass,True,True,pass,1.0,0.0,0.0,0.0,1.0,0.0,0.0
NB48_LOSS_204__opponent_under_pressure__514c9d11c151,NB48_LOSS_204__opponent_under_pressure__514c9d11c151,NB48_LOSS_204,204,1640789099,9,8.0,9,Depth-6 Search Baseline,"[[[[""650"", ""Bulbasaur""], 68.0, 3, ""None"", 12.0, true], [], 4, 5], [[[""43"", ""Eevee""], 25.0, 2, ""None"", 25.0, true], [], 4, 5], 6, ""Opponent""]",Ascension,1.6335,Training,Ascension,Ascension,True,True,ascension,1.0,1.0,0.0,0.0,0.0,0.0,0.0
NB48_LOSS_204__player_under_pressure__70c5279f8e20,NB48_LOSS_204__player_under_pressure__70c5279f8e20,NB48_LOSS_204,204,2698731411,9,8.0,9,Depth-6 Search Baseline,"[[[[""650"", ""Bulbasaur""], 40.0, 2, ""None"", 40.0, true], [], 4, 4], [[[""43"", ""Eevee""], 42.5, 3, ""None"", 7.5, true], [], 4, 4], 6, ""Opponent""]",Quick Attack,1.8785,Training,Quick Attack,Quick Attack,True,True,ascension | quick attack,2.0,0.0,0.0,0.0,0.0,1.0,0.0
NB48_LOSS_206__balanced_midgame__74e9ec925fcf,NB48_LOSS_206__balanced_midgame__74e9ec925fcf,NB48_LOSS_206,206,2848619835,19,6.0,19,Depth-6 Search Baseline,"[[[[""1071"", ""Meowth ex""], 127.5, 2, ""None"", 42.5, true], [], 4, 5], [[[""43"", ""Eevee""], 37.5, 2, ""None"", 12.5, true], [], 4, 5], 5, ""Opponent""]",Ascension,1.6335,Training,Ascension,Ascension,True,True,ascension,1.0,1.0,0.0,0.0,0.0,0.0,0.0
NB48_LOSS_206__counterfactual_side_early__3b899be5ba61,NB48_LOSS_206__counterfactual_side_early__3b899be5ba61,NB48_LOSS_206,206,1930796561,19,6.0,19,Depth-6 Search Baseline,"[[[[""1071"", ""Meowth ex""], 153.0, 1, ""None"", 17.0, true], [], 5, 6], [[[""43"", ""Eevee""], 45.0, 1, ""None"", 5.0, true], [], 5, 6], 3, ""Player""]",Pass,0.99,Training,Pass,Pass,True,True,pass,1.0,0.0,0.0,0.0,1.0,0.0,0.0
NB48_LOSS_206__counterfactual_side_late__3db845d2f1b3,NB48_LOSS_206__counterfactual_side_late__3db845d2f1b3,NB48_LOSS_206,206,3064976411,19,6.0,19,Depth-6 Search Baseline,"[[[[""1071"", ""Meowth ex""], 93.5, 3, ""None"", 76.5, true], [], 3, 4], [[[""43"", ""Eevee""], 27.5, 3, ""None"", 22.5, true], [], 3, 4], 8, ""Player""]",Tuck Tail,0.99,Training,Tuck Tail,Tuck Tail,True,True,tuck tail,1.0,0.0,0.0,0.0,0.0,0.0,1.0
NB48_LOSS_206__critical_hp_decision__bb1c0eed9c53,NB48_LOSS_206__critical_hp_decision__bb1c0eed9c53,NB48_LOSS_206,206,3806492567,19,6.0,19,Depth-6 Search Baseline,"[[[[""1071"", ""Meowth ex""], 51.0, 4, ""None"", 119.0, true], [], 2, 3], [[[""43"", ""Eevee""], 22.5, 4, ""None"", 27.5, true], [], 2, 3], 10, ""Opponent""]",Quick Attack,1.8785,Training,Quick Attack,Quick Attack,True,True,ascension | quick attack,2.0,0.0,0.0,0.0,0.0,1.0,0.0
NB48_LOSS_206__early_pressure__989ae904ea8f,NB48_LOSS_206__early_pressure__989ae904ea8f,NB48_LOSS_206,206,818522370,19,6.0,19,Depth-6 Search Baseline,"[[[[""1071"", ""Meowth ex""], 144.5, 1, ""None"", 25.5, true], [], 5, 6], [[[""43"", ""Eevee""], 47.5, 2, ""None"", 2.5, true], [], 5, 6], 3, ""Opponent""]",Ascension,1.6335,Training,Ascension,Ascension,True,True,ascension,1.0,1.0,0.0,0.0,0.0,0.0,0.0
NB48_LOSS_206__late_game_prize_pressure__28813226caf0,NB48_LOSS_206__late_game_prize_pressure__28813226caf0,NB48_LOSS_206,206,3382453215,19,6.0,19,Depth-6 Search Baseline,"[[[[""1071"", ""Meowth ex""], 102.0, 3, ""None"", 68.0, true], [], 2, 3], [[[""43"", ""Eevee""], 30.0, 3, ""None"", 20.0, true], [], 2, 3], 9, ""Opponent""]",Quick Attack,1.8785,Training,Quick Attack,Quick Attack,True,True,ascension | quick attack,2.0,0.0,0.0,0.0,0.0,1.0,0.0
NB48_LOSS_206__opening_one_energy__e6e4c6eb8693,NB48_LOSS_206__opening_one_energy__e6e4c6eb8693,NB48_LOSS_206,206,3755972668,19,6.0,19,Depth-6 Search Baseline,"[[[[""1071"", ""Meowth ex""], 170.0, 1, ""None"", 0.0, true], [], 6, 6], [[[""43"", ""Eevee""], 50.0, 1, ""None"", 0.0, true], [], 6, 6], 2, ""Opponent""]",Ascension,1.6335,Training,Ascension,Ascension,True,True,ascension,1.0,1.0,0.0,0.0,0.0,0.0,0.0
NB48_LOSS_206__opening_zero_energy__35672529806e,NB48_LOSS_206__opening_zero_energy__35672529806e,NB48_LOSS_206,206,3660036524,19,6.0,19,Depth-6 Search Baseline,"[[[[""1071"", ""Meowth ex""], 170.0, 0, ""None"", 0.0, true], [], 6, 7], [[[""43"", ""Eevee""], 50.0, 0, ""None"", 0.0, true], [], 6, 7], 1, ""Opponent""]",Pass,1.6335,Training,Pass,Pass,True,True,pass,1.0,0.0,0.0,0.0,1.0,0.0,0.0
NB48_LOSS_206__opponent_under_pressure__f1ac5e310ccd,NB48_LOSS_206__opponent_under_pressure__f1ac5e310ccd,NB48_LOSS_206,206,3838982808,19,6.0,19,Depth-6 Search Baseline,"[[[[""1071"", ""Meowth ex""], 144.5, 3, ""None"", 25.5, true], [], 4, 5], [[[""43"", ""Eevee""], 25.0, 2, ""None"", 25.0, true], [], 4, 5], 6, ""Opponent""]",Ascension,1.6335,Training,Ascension,Ascension,True,True,ascension,1.0,1.0,0.0,0.0,0.0,0.0,0.0
NB48_LOSS_206__player_under_pressure__058acdc3b2fa,NB48_LOSS_206__player_under_pressure__058acdc3b2fa,NB48_LOSS_206,206,48669197,19,6.0,19,Depth-6 Search Baseline,"[[[[""1071"", ""Meowth ex""], 85.0, 2, ""None"", 85.0, true], [], 4, 4], [[[""43"", ""Eevee""], 42.5, 3, ""None"", 7.5, true], [], 4, 4], 6, ""Opponent""]",Quick Attack,1.8785,Training,Quick Attack,Quick Attack,True,True,ascension | quick attack,2.0,0.0,0.0,0.0,0.0,1.0,0.0
NB48_LOSS_211__balanced_midgame__04af6414a728,NB48_LOSS_211__balanced_midgame__04af6414a728,NB48_LOSS_211,211,2236048370,71,3.0,71,Depth-6 Search Baseline,"[[[[""43"", ""Eevee""], 37.5, 2, ""None"", 12.5, true], [], 4, 5], [[[""788"", ""Charmander""], 60.0, 2, ""None"", 20.0, true], [], 4, 5], 5, ""Player""]",Ascension,1.21,Training,Ascension,Ascension,True,True,ascension,1.0,1.0,0.0,0.0,0.0,0.0,0.0
NB48_LOSS_211__counterfactual_side_early__22d44e07bf1c,NB48_LOSS_211__counterfactual_side_early__22d44e07bf1c,NB48_LOSS_211,211,1411803651,71,3.0,71,Depth-6 Search Baseline,"[[[[""43"", ""Eevee""], 45.0, 1, ""None"", 5.0, true], [], 5, 6], [[[""788"", ""Charmander""], 72.0, 1, ""None"", 8.0, true], [], 5, 6], 3, ""Opponent""]",Live Coal,1.3365,Training,Live Coal,Live Coal,True,True,live coal,1.0,0.0,0.0,1.0,0.0,0.0,0.0
NB48_LOSS_211__counterfactual_side_late__f258a7f3817c,NB48_LOSS_211__counterfactual_side_late__f258a7f3817c,NB48_LOSS_211,211,1981258011,71,3.0,71,Depth-6 Search Baseline,"[[[[""43"", ""Eevee""], 27.5, 3, ""None"", 22.5, true], [], 3, 4], [[[""788"", ""Charmander""], 44.0, 3, ""None"", 36.0, true], [], 3, 4], 8, ""Opponent""]",Live Coal,1.3365,Training,Live Coal,Live Coal,True,True,live coal,1.0,0.0,0.0,1.0,0.0,0.0,0.0
NB48_LOSS_211__critical_hp_decision__a0f2fad0fda1,NB48_LOSS_211__critical_hp_decision__a0f2fad0fda1,NB48_LOSS_211,211,1521400648,71,3.0,71,Depth-6 Search Baseline,"[[[[""43"", ""Eevee""], 15.0, 4, ""None"", 35.0, true], [], 2, 3], [[[""788"", ""Charmander""], 36.0, 4, ""None"", 44.0, true], [], 2, 3], 10, ""Player""]",Quick Attack,1.3915,Training,Quick Attack,Quick Attack,True,True,ascension | quick attack,2.0,0.0,0.0,0.0,0.0,1.0,0.0
NB48_LOSS_211__early_pressure__d930f8072c51,NB48_LOSS_211__early_pressure__d930f8072c51,NB48_LOSS_211,211,3038497388,71,3.0,71,Depth-6 Search Baseline,"[[[[""43"", ""Eevee""], 42.5, 1, ""None"", 7.5, true], [], 5, 6], [[[""788"", ""Charmander""], 76.0, 2, ""None"", 4.0, true], [], 5, 6], 3, ""Player""]",Ascension,1.21,Training,Ascension,Ascension,True,True,ascension,1.0,1.0,0.0,0.0,0.0,0.0,0.0
NB48_LOSS_211__late_game_prize_pressure__80a06950e5c9,NB48_LOSS_211__late_game_prize_pressure__80a06950e5c9,NB48_LOSS_211,211,1261968196,71,3.0,71,Depth-6 Search Baseline,"[[[[""43"", ""Eevee""], 30.0, 3, ""None"", 20.0, true], [], 2, 3], [[[""788"", ""Charmander""], 48.0, 3, ""None"", 32.0, true], [], 2, 3], 9, ""Player""]",Quick Attack,1.3915,Training,Quick Attack,Quick Attack,True,True,ascension | quick attack,2.0,0.0,0.0,0.0,0.0,1.0,0.0
NB48_LOSS_211__opening_one_energy__482a6851dbd4,NB48_LOSS_211__opening_one_energy__482a6851dbd4,NB48_LOSS_211,211,1140547068,71,3.0,71,Depth-6 Search Baseline,"[[[[""43"", ""Eevee""], 50.0, 1, ""None"", 0.0, true], [], 6, 6], [[[""788"", ""Charmander""], 80.0, 1, ""None"", 0.0, true], [], 6, 6], 2, ""Player""]",Ascension,1.21,Training,Ascension,Ascension,True,True,ascension,1.0,1.0,0.0,0.0,0.0,0.0,0.0
NB48_LOSS_211__opening_zero_energy__10939a7066e4,NB48_LOSS_211__opening_zero_energy__10939a7066e4,NB48_LOSS_211,211,2441304528,71,3.0,71,Depth-6 Search Baseline,"[[[[""43"", ""Eevee""], 50.0, 0, ""None"", 0.0, true], [], 6, 7], [[[""788"", ""Charmander""], 80.0, 0, ""None"", 0.0, true], [], 6, 7], 1, ""Player""]",Pass,1.21,Training,Pass,Pass,True,True,pass,1.0,0.0,0.0,0.0,1.0,0.0,0.0
NB48_LOSS_211__opponent_under_pressure__ebfe3ab7fb61,NB48_LOSS_211__opponent_under_pressure__ebfe3ab7fb61,NB48_LOSS_211,211,3854743073,71,3.0,71,Depth-6 Search Baseline,"[[[[""43"", ""Eevee""], 42.5, 3, ""None"", 7.5, true], [], 4, 5], [[[""788"", ""Charmander""], 40.0, 2, ""None"", 40.0, true], [], 4, 5], 6, ""Player""]",Quick Attack,1.3915,Training,Quick Attack,Quick Attack,True,True,ascension | quick attack,2.0,0.0,0.0,0.0,0.0,1.0,0.0
NB48_LOSS_211__player_under_pressure__c5e7728bd9d9,NB48_LOSS_211__player_under_pressure__c5e7728bd9d9,NB48_LOSS_211,211,674469992,71,3.0,71,Depth-6 Search Baseline,"[[[[""43"", ""Eevee""], 25.0, 2, ""None"", 25.0, true], [], 4, 4], [[[""788"", ""Charmander""], 68.0, 3, ""None"", 12.0, true], [], 4, 4], 6, ""Player""]",Ascension,1.21,Training,Ascension,Ascension,True,True,ascension,1.0,1.0,0.0,0.0,0.0,0.0,0.0
NB48_LOSS_214__balanced_midgame__c85eb9419afb,NB48_LOSS_214__balanced_midgame__c85eb9419afb,NB48_LOSS_214,214,4022160033,20,6.0,20,Depth-6 Search Baseline,"[[[[""788"", ""Charmander""], 60.0, 2, ""None"", 20.0, true], [], 4, 5], [[[""43"", ""Eevee""], 37.5, 2, ""None"", 12.5, true], [], 4, 5], 5, ""Opponent""]",Ascension,1.6335,Training,Ascension,Ascension,True,True,ascension,1.0,1.0,0.0,0.0,0.0,0.0,0.0
NB48_LOSS_214__counterfactual_side_early__81675742a2d2,NB48_LOSS_214__counterfactual_side_early__81675742a2d2,NB48_LOSS_214,214,3420839867,20,6.0,20,Depth-6 Search Baseline,"[[[[""788"", ""Charmander""], 72.0, 1, ""None"", 8.0, true], [], 5, 6], [[[""43"", ""Eevee""], 45.0, 1, ""None"", 5.0, true], [], 5, 6], 3, ""Player""]",Live Coal,0.99,Training,Live Coal,Live Coal,True,True,live coal,1.0,0.0,0.0,1.0,0.0,0.0,0.0
NB48_LOSS_214__counterfactual_side_late__c9740dd638be,NB48_LOSS_214__counterfactual_side_late__c9740dd638be,NB48_LOSS_214,214,1119035711,20,6.0,20,Depth-6 Search Baseline,"[[[[""788"", ""Charmander""], 44.0, 3, ""None"", 36.0, true], [], 3, 4], [[[""43"", ""Eevee""], 27.5, 3, ""None"", 22.5, true], [], 3, 4], 8, ""Player""]",Live Coal,0.99,Training,Live Coal,Live Coal,True,True,live coal,1.0,0.0,0.0,1.0,0.0,0.0,0.0
NB48_LOSS_214__critical_hp_decision__eafcbd2404cf,NB48_LOSS_214__critical_hp_decision__eafcbd2404cf,NB48_LOSS_214,214,153163571,20,6.0,20,Depth-6 Search Baseline,"[[[[""788"", ""Charmander""], 24.0, 4, ""None"", 56.0, true], [], 2, 3], [[[""43"", ""Eevee""], 22.5, 4, ""None"", 27.5, true], [], 2, 3], 10, ""Opponent""]",Quick Attack,1.8785,Training,Quick Attack,Quick Attack,True,True,ascension | quick attack,2.0,0.0,0.0,0.0,0.0,1.0,0.0
NB48_LOSS_214__early_pressure__1b58a8eedfcf,NB48_LOSS_214__early_pressure__1b58a8eedfcf,NB48_LOSS_214,214,232156948,20,6.0,20,Depth-6 Search Baseline,"[[[[""788"", ""Charmander""], 68.0, 1, ""None"", 12.0, true], [], 5, 6], [[[""43"", ""Eevee""], 47.5, 2, ""None"", 2.5, true], [], 5, 6], 3, ""Opponent""]",Ascension,1.6335,Training,Ascension,Ascension,True,True,ascension,1.0,1.0,0.0,0.0,0.0,0.0,0.0
NB48_LOSS_214__late_game_prize_pressure__ae99b3d011ab,NB48_LOSS_214__late_game_prize_pressure__ae99b3d011ab,NB48_LOSS_214,214,2861003522,20,6.0,20,Depth-6 Search Baseline,"[[[[""788"", ""Charmander""], 48.0, 3, ""None"", 32.0, true], [], 2, 3], [[[""43"", ""Eevee""], 30.0, 3, ""None"", 20.0, true], [], 2, 3], 9, ""Opponent""]",Quick Attack,1.8785,Training,Quick Attack,Quick Attack,True,True,ascension | quick attack,2.0,0.0,0.0,0.0,0.0,1.0,0.0
NB48_LOSS_214__opening_one_energy__87ef7ddfaeab,NB48_LOSS_214__opening_one_energy__87ef7ddfaeab,NB48_LOSS_214,214,231292143,20,6.0,20,Depth-6 Search Baseline,"[[[[""788"", ""Charmander""], 80.0, 1, ""None"", 0.0, true], [], 6, 6], [[[""43"", ""Eevee""], 50.0, 1, ""None"", 0.0, true], [], 6, 6], 2, ""Opponent""]",Ascension,1.6335,Training,Ascension,Ascension,True,True,ascension,1.0,1.0,0.0,0.0,0.0,0.0,0.0
NB48_LOSS_214__opening_zero_energy__601a2b55c9f0,NB48_LOSS_214__opening_zero_energy__601a2b55c9f0,NB48_LOSS_214,214,2622186481,20,6.0,20,Depth-6 Search Baseline,"[[[[""788"", ""Charmander""], 80.0, 0, ""None"", 0.0, true], [], 6, 7], [[[""43"", ""Eevee""], 50.0, 0, ""None"", 0.0, true], [], 6, 7], 1, ""Opponent""]",Pass,1.6335,Training,Pass,Pass,True,True,pass,1.0,0.0,0.0,0.0,1.0,0.0,0.0
NB48_LOSS_214__opponent_under_pressure__1d12da509494,NB48_LOSS_214__opponent_under_pressure__1d12da509494,NB48_LOSS_214,214,2001332918,20,6.0,20,Depth-6 Search Baseline,"[[[[""788"", ""Charmander""], 68.0, 3, ""None"", 12.0, true], [], 4, 5], [[[""43"", ""Eevee""], 25.0, 2, ""None"", 25.0, true], [], 4, 5], 6, ""Opponent""]",Ascension,1.6335,Training,Ascension,Ascension,True,True,ascension,1.0,1.0,0.0,0.0,0.0,0.0,0.0
NB48_LOSS_214__player_under_pressure__1fa48d0faf62,NB48_LOSS_214__player_under_pressure__1fa48d0faf62,NB48_LOSS_214,214,3711636470,20,6.0,20,Depth-6 Search Baseline,"[[[[""788"", ""Charmander""], 40.0, 2, ""None"", 40.0, true], [], 4, 4], [[[""43"", ""Eevee""], 42.5, 3, ""None"", 7.5, true], [], 4, 4], 6, ""Opponent""]",Quick Attack,1.8785,Training,Quick Attack,Quick Attack,True,True,ascension | quick attack,2.0,0.0,0.0,0.0,0.0,1.0,0.0
NB48_LOSS_218__balanced_midgame__278c271750fa,NB48_LOSS_218__balanced_midgame__278c271750fa,NB48_LOSS_218,218,377450587,21,6.0,21,Depth-6 Search Baseline,"[[[[""1071"", ""Meowth ex""], 127.5, 2, ""None"", 42.5, true], [], 4, 5], [[[""43"", ""Eevee""], 37.5, 2, ""None"", 12.5, true], [], 4, 5], 5, ""Opponent""]",Ascension,1.6335,Training,Ascension,Ascension,True,True,ascension,1.0,1.0,0.0,0.0,0.0,0.0,0.0
NB48_LOSS_218__counterfactual_side_early__5f1111ab7941,NB48_LOSS_218__counterfactual_side_early__5f1111ab7941,NB48_LOSS_218,218,3493397744,21,6.0,21,Depth-6 Search Baseline,"[[[[""1071"", ""Meowth ex""], 153.0, 1, ""None"", 17.0, true], [], 5, 6], [[[""43"", ""Eevee""], 45.0, 1, ""None"", 5.0, true], [], 5, 6], 3, ""Player""]",Pass,0.99,Training,Pass,Pass,True,True,pass,1.0,0.0,0.0,0.0,1.0,0.0,0.0
NB48_LOSS_218__counterfactual_side_late__58e630537645,NB48_LOSS_218__counterfactual_side_late__58e630537645,NB48_LOSS_218,218,1002383730,21,6.0,21,Depth-6 Search Baseline,"[[[[""1071"", ""Meowth ex""], 93.5, 3, ""None"", 76.5, true], [], 3, 4], [[[""43"", ""Eevee""], 27.5, 3, ""None"", 22.5, true], [], 3, 4], 8, ""Player""]",Tuck Tail,0.99,Training,Tuck Tail,Tuck Tail,True,True,tuck tail,1.0,0.0,0.0,0.0,0.0,0.0,1.0
NB48_LOSS_218__critical_hp_decision__5b7d60a1eb95,NB48_LOSS_218__critical_hp_decision__5b7d60a1eb95,NB48_LOSS_218,218,3993585045,21,6.0,21,Depth-6 Search Baseline,"[[[[""1071"", ""Meowth ex""], 51.0, 4, ""None"", 119.0, true], [], 2, 3], [[[""43"", ""Eevee""], 22.5, 4, ""None"", 27.5, true], [], 2, 3], 10, ""Opponent""]",Quick Attack,1.8785,Training,Quick Attack,Quick Attack,True,True,ascension | quick attack,2.0,0.0,0.0,0.0,0.0,1.0,0.0
NB48_LOSS_218__early_pressure__2ce5136df477,NB48_LOSS_218__early_pressure__2ce5136df477,NB48_LOSS_218,218,3552719915,21,6.0,21,Depth-6 Search Baseline,"[[[[""1071"", ""Meowth ex""], 144.5, 1, ""None"", 25.5, true], [], 5, 6], [[[""43"", ""Eevee""], 47.5, 2, ""None"", 2.5, true], [], 5, 6], 3, ""Opponent""]",Ascension,1.6335,Training,Ascension,Ascension,True,True,ascension,1.0,1.0,0.0,0.0,0.0,0.0,0.0
NB48_LOSS_218__late_game_prize_pressure__5267333c8b2f,NB48_LOSS_218__late_game_prize_pressure__5267333c8b2f,NB48_LOSS_218,218,791066746,21,6.0,21,Depth-6 Search Baseline,"[[[[""1071"", ""Meowth ex""], 102.0, 3, ""None"", 68.0, true], [], 2, 3], [[[""43"", ""Eevee""], 30.0, 3, ""None"", 20.0, true], [], 2, 3], 9, ""Opponent""]",Quick Attack,1.8785,Training,Quick Attack,Quick Attack,True,True,ascension | quick attack,2.0,0.0,0.0,0.0,0.0,1.0,0.0
NB48_LOSS_218__opening_one_energy__5a6c3d01011c,NB48_LOSS_218__opening_one_energy__5a6c3d01011c,NB48_LOSS_218,218,2362940683,21,6.0,21,Depth-6 Search Baseline,"[[[[""1071"", ""Meowth ex""], 170.0, 1, ""None"", 0.0, true], [], 6, 6], [[[""43"", ""Eevee""], 50.0, 1, ""None"", 0.0, true], [], 6, 6], 2, ""Opponent""]",Ascension,1.6335,Training,Ascension,Ascension,True,True,ascension,1.0,1.0,0.0,0.0,0.0,0.0,0.0
NB48_LOSS_218__opening_zero_energy__b4185f4b938d,NB48_LOSS_218__opening_zero_energy__b4185f4b938d,NB48_LOSS_218,218,3750321179,21,6.0,21,Depth-6 Search Baseline,"[[[[""1071"", ""Meowth ex""], 170.0, 0, ""None"", 0.0, true], [], 6, 7], [[[""43"", ""Eevee""], 50.0, 0, ""None"", 0.0, true], [], 6, 7], 1, ""Opponent""]",Pass,1.6335,Training,Pass,Pass,True,True,pass,1.0,0.0,0.0,0.0,1.0,0.0,0.0
NB48_LOSS_218__opponent_under_pressure__38ae179b4ef0,NB48_LOSS_218__opponent_under_pressure__38ae179b4ef0,NB48_LOSS_218,218,2231426466,21,6.0,21,Depth-6 Search Baseline,"[[[[""1071"", ""Meowth ex""], 144.5, 3, ""None"", 25.5, true], [], 4, 5], [[[""43"", ""Eevee""], 25.0, 2, ""None"", 25.0, true], [], 4, 5], 6, ""Opponent""]",Ascension,1.6335,Training,Ascension,Ascension,True,True,ascension,1.0,1.0,0.0,0.0,0.0,0.0,0.0
NB48_LOSS_218__player_under_pressure__07601bdf2184,NB48_LOSS_218__player_under_pressure__07601bdf2184,NB48_LOSS_218,218,436669948,21,6.0,21,Depth-6 Search Baseline,"[[[[""1071"", ""Meowth ex""], 85.0, 2, ""None"", 85.0, true], [], 4, 4], [[[""43"", ""Eevee""], 42.5, 3, ""None"", 7.5, true], [], 4, 4], 6, ""Opponent""]",Quick Attack,1.8785,Training,Quick Attack,Quick Attack,True,True,ascension | quick attack,2.0,0.0,0.0,0.0,0.0,1.0,0.0
NB48_LOSS_22__balanced_midgame__a74c3311f49f,NB48_LOSS_22__balanced_midgame__a74c3311f49f,NB48_LOSS_22,22,3154793901,88,2.0,88,Random Baseline,"[[[[""650"", ""Bulbasaur""], 60.0, 2, ""None"", 20.0, true], [], 4, 5], [[[""43"", ""Eevee""], 37.5, 2, ""None"", 12.5, true], [], 4, 5], 5, ""Opponent""]",Ascension,1.6335,Training,Ascension,Ascension,True,True,ascension,1.0,1.0,0.0,0.0,0.0,0.0,0.0
NB48_LOSS_22__counterfactual_side_early__327bea89ba04,NB48_LOSS_22__counterfactual_side_early__327bea89ba04,NB48_LOSS_22,22,1708915652,88,2.0,88,Random Baseline,"[[[[""650"", ""Bulbasaur""], 72.0, 1, ""None"", 8.0, true], [], 5, 6], [[[""43"", ""Eevee""], 45.0, 1, ""None"", 5.0, true], [], 5, 6], 3, ""Player""]",Bind Down,0.99,Training,Bind Down,Bind Down,True,True,bind down,1.0,0.0,1.0,0.0,0.0,0.0,0.0
NB48_LOSS_22__counterfactual_side_late__0d12cd3aea69,NB48_LOSS_22__counterfactual_side_late__0d12cd3aea69,NB48_LOSS_22,22,1860444614,88,2.0,88,Random Baseline,"[[[[""650"", ""Bulbasaur""], 44.0, 3, ""None"", 36.0, true], [], 3, 4], [[[""43"", ""Eevee""], 27.5, 3, ""None"", 22.5, true], [], 3, 4], 8, ""Player""]",Bind Down,0.99,Training,Bind Down,Bind Down,True,True,bind down,1.0,0.0,1.0,0.0,0.0,0.0,0.0
NB48_LOSS_22__critical_hp_decision__081a6a309f5e,NB48_LOSS_22__critical_hp_decision__081a6a309f5e,NB48_LOSS_22,22,2260373056,88,2.0,88,Random Baseline,"[[[[""650"", ""Bulbasaur""], 24.0, 4, ""None"", 56.0, true], [], 2, 3], [[[""43"", ""Eevee""], 22.5, 4, ""None"", 27.5, true], [], 2, 3], 10, ""Opponent""]",Quick Attack,1.8785,Training,Quick Attack,Quick Attack,True,True,ascension | quick attack,2.0,0.0,0.0,0.0,0.0,1.0,0.0
NB48_LOSS_22__early_pressure__0ad109a4e108,NB48_LOSS_22__early_pressure__0ad109a4e108,NB48_LOSS_22,22,1594899198,88,2.0,88,Random Baseline,"[[[[""650"", ""Bulbasaur""], 68.0, 1, ""None"", 12.0, true], [], 5, 6], [[[""43"", ""Eevee""], 47.5, 2, ""None"", 2.5, true], [], 5, 6], 3, ""Opponent""]",Ascension,1.6335,Training,Ascension,Ascension,True,True,ascension,1.0,1.0,0.0,0.0,0.0,0.0,0.0
NB48_LOSS_22__late_game_prize_pressure__29e19e559ad8,NB48_LOSS_22__late_game_prize_pressure__29e19e559ad8,NB48_LOSS_22,22,1355572351,88,2.0,88,Random Baseline,"[[[[""650"", ""Bulbasaur""], 48.0, 3, ""None"", 32.0, true], [], 2, 3], [[[""43"", ""Eevee""], 30.0, 3, ""None"", 20.0, true], [], 2, 3], 9, ""Opponent""]",Quick Attack,1.8785,Training,Quick Attack,Quick Attack,True,True,ascension | quick attack,2.0,0.0,0.0,0.0,0.0,1.0,0.0
NB48_LOSS_22__opening_one_energy__146b8a4eb306,NB48_LOSS_22__opening_one_energy__146b8a4eb306,NB48_LOSS_22,22,2930863385,88,2.0,88,Random Baseline,"[[[[""650"", ""Bulbasaur""], 80.0, 1, ""None"", 0.0, true], [], 6, 6], [[[""43"", ""Eevee""], 50.0, 1, ""None"", 0.0, true], [], 6, 6], 2, ""Opponent""]",Ascension,1.6335,Training,Ascension,Ascension,True,True,ascension,1.0,1.0,0.0,0.0,0.0,0.0,0.0
NB48_LOSS_22__opening_zero_energy__8a391fecc09b,NB48_LOSS_22__opening_zero_energy__8a391fecc09b,NB48_LOSS_22,22,259061560,88,2.0,88,Random Baseline,"[[[[""650"", ""Bulbasaur""], 80.0, 0, ""None"", 0.0, true], [], 6, 7], [[[""43"", ""Eevee""], 50.0, 0, ""None"", 0.0, true], [], 6, 7], 1, ""Opponent""]",Pass,1.6335,Training,Pass,Pass,True,True,pass,1.0,0.0,0.0,0.0,1.0,0.0,0.0
NB48_LOSS_22__opponent_under_pressure__cacdf2caa3b7,NB48_LOSS_22__opponent_under_pressure__cacdf2caa3b7,NB48_LOSS_22,22,3613029399,88,2.0,88,Random Baseline,"[[[[""650"", ""Bulbasaur""], 68.0, 3, ""None"", 12.0, true], [], 4, 5], [[[""43"", ""Eevee""], 25.0, 2, ""None"", 25.0, true], [], 4, 5], 6, ""Opponent""]",Ascension,1.6335,Training,Ascension,Ascension,True,True,ascension,1.0,1.0,0.0,0.0,0.0,0.0,0.0
NB48_LOSS_22__player_under_pressure__1de967ea3824,NB48_LOSS_22__player_under_pressure__1de967ea3824,NB48_LOSS_22,22,4040767877,88,2.0,88,Random Baseline,"[[[[""650"", ""Bulbasaur""], 40.0, 2, ""None"", 40.0, true], [], 4, 4], [[[""43"", ""Eevee""], 42.5, 3, ""None"", 7.5, true], [], 4, 4], 6, ""Opponent""]",Quick Attack,1.8785,Training,Quick Attack,Quick Attack,True,True,ascension | quick attack,2.0,0.0,0.0,0.0,0.0,1.0,0.0
NB48_LOSS_222__balanced_midgame__5a5ebf9b26d0,NB48_LOSS_222__balanced_midgame__5a5ebf9b26d0,NB48_LOSS_222,222,1313702203,2,9.0,2,Depth-6 Search Baseline,"[[[[""650"", ""Bulbasaur""], 60.0, 2, ""None"", 20.0, true], [], 4, 5], [[[""43"", ""Eevee""], 37.5, 2, ""None"", 12.5, true], [], 4, 5], 5, ""Opponent""]",Ascension,1.6335,Training,Ascension,Ascension,True,True,ascension,1.0,1.0,0.0,0.0,0.0,0.0,0.0
NB48_LOSS_222__counterfactual_side_early__81ce15008cd8,NB48_LOSS_222__counterfactual_side_early__81ce15008cd8,NB48_LOSS_222,222,3686608998,2,9.0,2,Depth-6 Search Baseline,"[[[[""650"", ""Bulbasaur""], 72.0, 1, ""None"", 8.0, true], [], 5, 6], [[[""43"", ""Eevee""], 45.0, 1, ""None"", 5.0, true], [], 5, 6], 3, ""Player""]",Bind Down,0.99,Training,Bind Down,Bind Down,True,True,bind down,1.0,0.0,1.0,0.0,0.0,0.0,0.0
NB48_LOSS_222__counterfactual_side_late__38e661db0541,NB48_LOSS_222__counterfactual_side_late__38e661db0541,NB48_LOSS_222,222,960303230,2,9.0,2,Depth-6 Search Baseline,"[[[[""650"", ""Bulbasaur""], 44.0, 3, ""None"", 36.0, true], [], 3, 4], [[[""43"", ""Eevee""], 27.5, 3, ""None"", 22.5, true], [], 3, 4], 8, ""Player""]",Bind Down,0.99,Training,Bind Down,Bind Down,True,True,bind down,1.0,0.0,1.0,0.0,0.0,0.0,0.0
NB48_LOSS_222__critical_hp_decision__98475b8b7670,NB48_LOSS_222__critical_hp_decision__98475b8b7670,NB48_LOSS_222,222,2647080031,2,9.0,2,Depth-6 Search Baseline,"[[[[""650"", ""Bulbasaur""], 24.0, 4, ""None"", 56.0, true], [], 2, 3], [[[""43"", ""Eevee""], 22.5, 4, ""None"", 27.5, true], [], 2, 3], 10, ""Opponent""]",Quick Attack,1.8785,Training,Quick Attack,Quick Attack,True,True,ascension | quick attack,2.0,0.0,0.0,0.0,0.0,1.0,0.0
NB48_LOSS_222__early_pressure__19c7bcdb1c90,NB48_LOSS_222__early_pressure__19c7bcdb1c90,NB48_LOSS_222,222,4068614619,2,9.0,2,Depth-6 Search Baseline,"[[[[""650"", ""Bulbasaur""], 68.0, 1, ""None"", 12.0, true], [], 5, 6], [[[""43"", ""Eevee""], 47.5, 2, ""None"", 2.5, true], [], 5, 6], 3, ""Opponent""]",Ascension,1.6335,Training,Ascension,Ascension,True,True,ascension,1.0,1.0,0.0,0.0,0.0,0.0,0.0
NB48_LOSS_222__late_game_prize_pressure__deeb5d2f91b1,NB48_LOSS_222__late_game_prize_pressure__deeb5d2f91b1,NB48_LOSS_222,222,2099815799,2,9.0,2,Depth-6 Search Baseline,"[[[[""650"", ""Bulbasaur""], 48.0, 3, ""None"", 32.0, true], [], 2, 3], [[[""43"", ""Eevee""], 30.0, 3, ""None"", 20.0, true], [], 2, 3], 9, ""Opponent""]",Quick Attack,1.8785,Training,Quick Attack,Quick Attack,True,True,ascension | quick attack,2.0,0.0,0.0,0.0,0.0,1.0,0.0
NB48_LOSS_222__opening_one_energy__ced5f9929120,NB48_LOSS_222__opening_one_energy__ced5f9929120,NB48_LOSS_222,222,2092278060,2,9.0,2,Depth-6 Search Baseline,"[[[[""650"", ""Bulbasaur""], 80.0, 1, ""None"", 0.0, true], [], 6, 6], [[[""43"", ""Eevee""], 50.0, 1, ""None"", 0.0, true], [], 6, 6], 2, ""Opponent""]",Ascension,1.6335,Training,Ascension,Ascension,True,True,ascension,1.0,1.0,0.0,0.0,0.0,0.0,0.0
NB48_LOSS_222__opening_zero_energy__c38e79a394da,NB48_LOSS_222__opening_zero_energy__c38e79a394da,NB48_LOSS_222,222,2356396320,2,9.0,2,Depth-6 Search Baseline,"[[[[""650"", ""Bulbasaur""], 80.0, 0, ""None"", 0.0, true], [], 6, 7], [[[""43"", ""Eevee""], 50.0, 0, ""None"", 0.0, true], [], 6, 7], 1, ""Opponent""]",Pass,1.6335,Training,Pass,Pass,True,True,pass,1.0,0.0,0.0,0.0,1.0,0.0,0.0
NB48_LOSS_222__opponent_under_pressure__476e1aa13eed,NB48_LOSS_222__opponent_under_pressure__476e1aa13eed,NB48_LOSS_222,222,1242451263,2,9.0,2,Depth-6 Search Baseline,"[[[[""650"", ""Bulbasaur""], 68.0, 3, ""None"", 12.0, true], [], 4, 5], [[[""43"", ""Eevee""], 25.0, 2, ""None"", 25.0, true], [], 4, 5], 6, ""Opponent""]",Ascension,1.6335,Training,Ascension,Ascension,True,True,ascension,1.0,1.0,0.0,0.0,0.0,0.0,0.0
NB48_LOSS_222__player_under_pressure__b48388b677da,NB48_LOSS_222__player_under_pressure__b48388b677da,NB48_LOSS_222,222,868967605,2,9.0,2,Depth-6 Search Baseline,"[[[[""650"", ""Bulbasaur""], 40.0, 2, ""None"", 40.0, true], [], 4, 4], [[[""43"", ""Eevee""], 42.5, 3, ""None"", 7.5, true], [], 4, 4], 6, ""Opponent""]",Quick Attack,1.8785,Training,Quick Attack,Quick Attack,True,True,ascension | quick attack,2.0,0.0,0.0,0.0,0.0,1.0,0.0
NB48_LOSS_223__balanced_midgame__8ee81d28fdeb,NB48_LOSS_223__balanced_midgame__8ee81d28fdeb,NB48_LOSS_223,223,3692899311,72,3.0,72,Depth-6 Search Baseline,"[[[[""43"", ""Eevee""], 37.5, 2, ""None"", 12.5, true], [], 4, 5], [[[""788"", ""Charmander""], 60.0, 2, ""None"", 20.0, true], [], 4, 5], 5, ""Player""]",Ascension,1.21,Training,Ascension,Ascension,True,True,ascension,1.0,1.0,0.0,0.0,0.0,0.0,0.0
NB48_LOSS_223__counterfactual_side_early__e96bf836c11e,NB48_LOSS_223__counterfactual_side_early__e96bf836c11e,NB48_LOSS_223,223,1603385120,72,3.0,72,Depth-6 Search Baseline,"[[[[""43"", ""Eevee""], 45.0, 1, ""None"", 5.0, true], [], 5, 6], [[[""788"", ""Charmander""], 72.0, 1, ""None"", 8.0, true], [], 5, 6], 3, ""Opponent""]",Live Coal,1.3365,Training,Live Coal,Live Coal,True,True,live coal,1.0,0.0,0.0,1.0,0.0,0.0,0.0
NB48_LOSS_223__counterfactual_side_late__d9c76b3b79ad,NB48_LOSS_223__counterfactual_side_late__d9c76b3b79ad,NB48_LOSS_223,223,2096379669,72,3.0,72,Depth-6 Search Baseline,"[[[[""43"", ""Eevee""], 27.5, 3, ""None"", 22.5, true], [], 3, 4], [[[""788"", ""Charmander""], 44.0, 3, ""None"", 36.0, true], [], 3, 4], 8, ""Opponent""]",Live Coal,1.3365,Training,Live Coal,Live Coal,True,True,live coal,1.0,0.0,0.0,1.0,0.0,0.0,0.0
NB48_LOSS_223__critical_hp_decision__b4541a6bb69f,NB48_LOSS_223__critical_hp_decision__b4541a6bb69f,NB48_LOSS_223,223,649642214,72,3.0,72,Depth-6 Search Baseline,"[[[[""43"", ""Eevee""], 15.0, 4, ""None"", 35.0, true], [], 2, 3], [[[""788"", ""Charmander""], 36.0, 4, ""None"", 44.0, true], [], 2, 3], 10, ""Player""]",Quick Attack,1.3915,Training,Quick Attack,Quick Attack,True,True,ascension | quick attack,2.0,0.0,0.0,0.0,0.0,1.0,0.0
NB48_LOSS_223__early_pressure__255a6cba588a,NB48_LOSS_223__early_pressure__255a6cba588a,NB48_LOSS_223,223,3982844239,72,3.0,72,Depth-6 Search Baseline,"[[[[""43"", ""Eevee""], 42.5, 1, ""None"", 7.5, true], [], 5, 6], [[[""788"", ""Charmander""], 76.0, 2, ""None"", 4.0, true], [], 5, 6], 3, ""Player""]",Ascension,1.21,Training,Ascension,Ascension,True,True,ascension,1.0,1.0,0.0,0.0,0.0,0.0,0.0
NB48_LOSS_223__late_game_prize_pressure__7f2807c223d2,NB48_LOSS_223__late_game_prize_pressure__7f2807c223d2,NB48_LOSS_223,223,3363319913,72,3.0,72,Depth-6 Search Baseline,"[[[[""43"", ""Eevee""], 30.0, 3, ""None"", 20.0, true], [], 2, 3], [[[""788"", ""Charmander""], 48.0, 3, ""None"", 32.0, true], [], 2, 3], 9, ""Player""]",Quick Attack,1.3915,Training,Quick Attack,Quick Attack,True,True,ascension | quick attack,2.0,0.0,0.0,0.0,0.0,1.0,0.0
NB48_LOSS_223__opening_one_energy__5f701fbce1d4,NB48_LOSS_223__opening_one_energy__5f701fbce1d4,NB48_LOSS_223,223,3664676731,72,3.0,72,Depth-6 Search Baseline,"[[[[""43"", ""Eevee""], 50.0, 1, ""None"", 0.0, true], [], 6, 6], [[[""788"", ""Charmander""], 80.0, 1, ""None"", 0.0, true], [], 6, 6], 2, ""Player""]",Ascension,1.21,Training,Ascension,Ascension,True,True,ascension,1.0,1.0,0.0,0.0,0.0,0.0,0.0
NB48_LOSS_223__opening_zero_energy__bc6438d68a11,NB48_LOSS_223__opening_zero_energy__bc6438d68a11,NB48_LOSS_223,223,3255634091,72,3.0,72,Depth-6 Search Baseline,"[[[[""43"", ""Eevee""], 50.0, 0, ""None"", 0.0, true], [], 6, 7], [[[""788"", ""Charmander""], 80.0, 0, ""None"", 0.0, true], [], 6, 7], 1, ""Player""]",Pass,1.21,Training,Pass,Pass,True,True,pass,1.0,0.0,0.0,0.0,1.0,0.0,0.0
NB48_LOSS_223__opponent_under_pressure__4bf26d62ede1,NB48_LOSS_223__opponent_under_pressure__4bf26d62ede1,NB48_LOSS_223,223,4129473644,72,3.0,72,Depth-6 Search Baseline,"[[[[""43"", ""Eevee""], 42.5, 3, ""None"", 7.5, true], [], 4, 5], [[[""788"", ""Charmander""], 40.0, 2, ""None"", 40.0, true], [], 4, 5], 6, ""Player""]",Quick Attack,1.3915,Training,Quick Attack,Quick Attack,True,True,ascension | quick attack,2.0,0.0,0.0,0.0,0.0,1.0,0.0
NB48_LOSS_223__player_under_pressure__4578f1a96628,NB48_LOSS_223__player_under_pressure__4578f1a96628,NB48_LOSS_223,223,3192015463,72,3.0,72,Depth-6 Search Baseline,"[[[[""43"", ""Eevee""], 25.0, 2, ""None"", 25.0, true], [], 4, 4], [[[""788"", ""Charmander""], 68.0, 3, ""None"", 12.0, true], [], 4, 4], 6, ""Player""]",Ascension,1.21,Training,Ascension,Ascension,True,True,ascension,1.0,1.0,0.0,0.0,0.0,0.0,0.0
NB48_LOSS_226__balanced_midgame__934cf9877ff8,NB48_LOSS_226__balanced_midgame__934cf9877ff8,NB48_LOSS_226,226,2740692861,22,6.0,22,Depth-6 Search Baseline,"[[[[""788"", ""Charmander""], 60.0, 2, ""None"", 20.0, true], [], 4, 5], [[[""43"", ""Eevee""], 37.5, 2, ""None"", 12.5, true], [], 4, 5], 5, ""Opponent""]",Ascension,1.6335,Training,Ascension,Ascension,True,True,ascension,1.0,1.0,0.0,0.0,0.0,0.0,0.0
NB48_LOSS_226__counterfactual_side_early__dd3ef72ec770,NB48_LOSS_226__counterfactual_side_early__dd3ef72ec770,NB48_LOSS_226,226,2118001447,22,6.0,22,Depth-6 Search Baseline,"[[[[""788"", ""Charmander""], 72.0, 1, ""None"", 8.0, true], [], 5, 6], [[[""43"", ""Eevee""], 45.0, 1, ""None"", 5.0, true], [], 5, 6], 3, ""Player""]",Live Coal,0.99,Training,Live Coal,Live Coal,True,True,live coal,1.0,0.0,0.0,1.0,0.0,0.0,0.0
NB48_LOSS_226__counterfactual_side_late__1403abb2ec78,NB48_LOSS_226__counterfactual_side_late__1403abb2ec78,NB48_LOSS_226,226,1505964606,22,6.0,22,Depth-6 Search Baseline,"[[[[""788"", ""Charmander""], 44.0, 3, ""None"", 36.0, true], [], 3, 4], [[[""43"", ""Eevee""], 27.5, 3, ""None"", 22.5, true], [], 3, 4], 8, ""Player""]",Live Coal,0.99,Training,Live Coal,Live Coal,True,True,live coal,1.0,0.0,0.0,1.0,0.0,0.0,0.0
NB48_LOSS_226__critical_hp_decision__41449ad8a139,NB48_LOSS_226__critical_hp_decision__41449ad8a139,NB48_LOSS_226,226,4231097642,22,6.0,22,Depth-6 Search Baseline,"[[[[""788"", ""Charmander""], 24.0, 4, ""None"", 56.0, true], [], 2, 3], [[[""43"", ""Eevee""], 22.5, 4, ""None"", 27.5, true], [], 2, 3], 10, ""Opponent""]",Quick Attack,1.8785,Training,Quick Attack,Quick Attack,True,True,ascension | quick attack,2.0,0.0,0.0,0.0,0.0,1.0,0.0
NB48_LOSS_226__early_pressure__f6427d4fcd76,NB48_LOSS_226__early_pressure__f6427d4fcd76,NB48_LOSS_226,226,3721388634,22,6.0,22,Depth-6 Search Baseline,"[[[[""788"", ""Charmander""], 68.0, 1, ""None"", 12.0, true], [], 5, 6], [[[""43"", ""Eevee""], 47.5, 2, ""None"", 2.5, true], [], 5, 6], 3, ""Opponent""]",Ascension,1.6335,Training,Ascension,Ascension,True,True,ascension,1.0,1.0,0.0,0.0,0.0,0.0,0.0
NB48_LOSS_226__late_game_prize_pressure__6f19235fadfc,NB48_LOSS_226__late_game_prize_pressure__6f19235fadfc,NB48_LOSS_226,226,1537221166,22,6.0,22,Depth-6 Search Baseline,"[[[[""788"", ""Charmander""], 48.0, 3, ""None"", 32.0, true], [], 2, 3], [[[""43"", ""Eevee""], 30.0, 3, ""None"", 20.0, true], [], 2, 3], 9, ""Opponent""]",Quick Attack,1.8785,Training,Quick Attack,Quick Attack,True,True,ascension | quick attack,2.0,0.0,0.0,0.0,0.0,1.0,0.0
NB48_LOSS_226__opening_one_energy__ab29aeb74f21,NB48_LOSS_226__opening_one_energy__ab29aeb74f21,NB48_LOSS_226,226,2041907514,22,6.0,22,Depth-6 Search Baseline,"[[[[""788"", ""Charmander""], 80.0, 1, ""None"", 0.0, true], [], 6, 6], [[[""43"", ""Eevee""], 50.0, 1, ""None"", 0.0, true], [], 6, 6], 2, ""Opponent""]",Ascension,1.6335,Training,Ascension,Ascension,True,True,ascension,1.0,1.0,0.0,0.0,0.0,0.0,0.0
NB48_LOSS_226__opening_zero_energy__2e44d8b0157f,NB48_LOSS_226__opening_zero_energy__2e44d8b0157f,NB48_LOSS_226,226,553397810,22,6.0,22,Depth-6 Search Baseline,"[[[[""788"", ""Charmander""], 80.0, 0, ""None"", 0.0, true], [], 6, 7], [[[""43"", ""Eevee""], 50.0, 0, ""None"", 0.0, true], [], 6, 7], 1, ""Opponent""]",Pass,1.6335,Training,Pass,Pass,True,True,pass,1.0,0.0,0.0,0.0,1.0,0.0,0.0
NB48_LOSS_226__opponent_under_pressure__619165bfbfc4,NB48_LOSS_226__opponent_under_pressure__619165bfbfc4,NB48_LOSS_226,226,2151486406,22,6.0,22,Depth-6 Search Baseline,"[[[[""788"", ""Charmander""], 68.0, 3, ""None"", 12.0, true], [], 4, 5], [[[""43"", ""Eevee""], 25.0, 2, ""None"", 25.0, true], [], 4, 5], 6, ""Opponent""]",Ascension,1.6335,Training,Ascension,Ascension,True,True,ascension,1.0,1.0,0.0,0.0,0.0,0.0,0.0
NB48_LOSS_226__player_under_pressure__c72733907abf,NB48_LOSS_226__player_under_pressure__c72733907abf,NB48_LOSS_226,226,1407783376,22,6.0,22,Depth-6 Search Baseline,"[[[[""788"", ""Charmander""], 40.0, 2, ""None"", 40.0, true], [], 4, 4], [[[""43"", ""Eevee""], 42.5, 3, ""None"", 7.5, true], [], 4, 4], 6, ""Opponent""]",Quick Attack,1.8785,Training,Quick Attack,Quick Attack,True,True,ascension | quick attack,2.0,0.0,0.0,0.0,0.0,1.0,0.0
NB48_LOSS_228__balanced_midgame__27ab46f1c0e9,NB48_LOSS_228__balanced_midgame__27ab46f1c0e9,NB48_LOSS_228,228,1489645682,11,8.0,11,Depth-6 Search Baseline,"[[[[""650"", ""Bulbasaur""], 60.0, 2, ""None"", 20.0, true], [], 4, 5], [[[""43"", ""Eevee""], 37.5, 2, ""None"", 12.5, true], [], 4, 5], 5, ""Opponent""]",Ascension,1.6335,Training,Ascension,Ascension,True,True,ascension,1.0,1.0,0.0,0.0,0.0,0.0,0.0
NB48_LOSS_228__counterfactual_side_early__63b4a1a74f52,NB48_LOSS_228__counterfactual_side_early__63b4a1a74f52,NB48_LOSS_228,228,4098653580,11,8.0,11,Depth-6 Search Baseline,"[[[[""650"", ""Bulbasaur""], 72.0, 1, ""None"", 8.0, true], [], 5, 6], [[[""43"", ""Eevee""], 45.0, 1, ""None"", 5.0, true], [], 5, 6], 3, ""Player""]",Bind Down,0.99,Training,Bind Down,Bind Down,True,True,bind down,1.0,0.0,1.0,0.0,0.0,0.0,0.0
NB48_LOSS_228__counterfactual_side_late__f819695ede9f,NB48_LOSS_228__counterfactual_side_late__f819695ede9f,NB48_LOSS_228,228,73652656,11,8.0,11,Depth-6 Search Baseline,"[[[[""650"", ""Bulbasaur""], 44.0, 3, ""None"", 36.0, true], [], 3, 4], [[[""43"", ""Eevee""], 27.5, 3, ""None"", 22.5, true], [], 3, 4], 8, ""Player""]",Bind Down,0.99,Training,Bind Down,Bind Down,True,True,bind down,1.0,0.0,1.0,0.0,0.0,0.0,0.0
NB48_LOSS_228__critical_hp_decision__f505270a1074,NB48_LOSS_228__critical_hp_decision__f505270a1074,NB48_LOSS_228,228,234838370,11,8.0,11,Depth-6 Search Baseline,"[[[[""650"", ""Bulbasaur""], 24.0, 4, ""None"", 56.0, true], [], 2, 3], [[[""43"", ""Eevee""], 22.5, 4, ""None"", 27.5, true], [], 2, 3], 10, ""Opponent""]",Quick Attack,1.8785,Training,Quick Attack,Quick Attack,True,True,ascension | quick attack,2.0,0.0,0.0,0.0,0.0,1.0,0.0
NB48_LOSS_228__early_pressure__a5ba2ad82f78,NB48_LOSS_228__early_pressure__a5ba2ad82f78,NB48_LOSS_228,228,1312347024,11,8.0,11,Depth-6 Search Baseline,"[[[[""650"", ""Bulbasaur""], 68.0, 1, ""None"", 12.0, true], [], 5, 6], [[[""43"", ""Eevee""], 47.5, 2, ""None"", 2.5, true], [], 5, 6], 3, ""Opponent""]",Ascension,1.6335,Training,Ascension,Ascension,True,True,ascension,1.0,1.0,0.0,0.0,0.0,0.0,0.0
NB48_LOSS_228__late_game_prize_pressure__49207742501b,NB48_LOSS_228__late_game_prize_pressure__49207742501b,NB48_LOSS_228,228,197710561,11,8.0,11,Depth-6 Search Baseline,"[[[[""650"", ""Bulbasaur""], 48.0, 3, ""None"", 32.0, true], [], 2, 3], [[[""43"", ""Eevee""], 30.0, 3, ""None"", 20.0, true], [], 2, 3], 9, ""Opponent""]",Quick Attack,1.8785,Training,Quick Attack,Quick Attack,True,True,ascension | quick attack,2.0,0.0,0.0,0.0,0.0,1.0,0.0
NB48_LOSS_228__opening_one_energy__433d51cb36b4,NB48_LOSS_228__opening_one_energy__433d51cb36b4,NB48_LOSS_228,228,3668681627,11,8.0,11,Depth-6 Search Baseline,"[[[[""650"", ""Bulbasaur""], 80.0, 1, ""None"", 0.0, true], [], 6, 6], [[[""43"", ""Eevee""], 50.0, 1, ""None"", 0.0, true], [], 6, 6], 2, ""Opponent""]",Ascension,1.6335,Training,Ascension,Ascension,True,True,ascension,1.0,1.0,0.0,0.0,0.0,0.0,0.0
NB48_LOSS_228__opening_zero_energy__4943243dc623,NB48_LOSS_228__opening_zero_energy__4943243dc623,NB48_LOSS_228,228,316470460,11,8.0,11,Depth-6 Search Baseline,"[[[[""650"", ""Bulbasaur""], 80.0, 0, ""None"", 0.0, true], [], 6, 7], [[[""43"", ""Eevee""], 50.0, 0, ""None"", 0.0, true], [], 6, 7], 1, ""Opponent""]",Pass,1.6335,Training,Pass,Pass,True,True,pass,1.0,0.0,0.0,0.0,1.0,0.0,0.0
NB48_LOSS_228__opponent_under_pressure__86095c345aa7,NB48_LOSS_228__opponent_under_pressure__86095c345aa7,NB48_LOSS_228,228,2968389203,11,8.0,11,Depth-6 Search Baseline,"[[[[""650"", ""Bulbasaur""], 68.0, 3, ""None"", 12.0, true], [], 4, 5], [[[""43"", ""Eevee""], 25.0, 2, ""None"", 25.0, true], [], 4, 5], 6, ""Opponent""]",Ascension,1.6335,Training,Ascension,Ascension,True,True,ascension,1.0,1.0,0.0,0.0,0.0,0.0,0.0
NB48_LOSS_228__player_under_pressure__2ab68617a760,NB48_LOSS_228__player_under_pressure__2ab68617a760,NB48_LOSS_228,228,3243748501,11,8.0,11,Depth-6 Search Baseline,"[[[[""650"", ""Bulbasaur""], 40.0, 2, ""None"", 40.0, true], [], 4, 4], [[[""43"", ""Eevee""], 42.5, 3, ""None"", 7.5, true], [], 4, 4], 6, ""Opponent""]",Quick Attack,1.8785,Training,Quick Attack,Quick Attack,True,True,ascension | quick attack,2.0,0.0,0.0,0.0,0.0,1.0,0.0
NB48_LOSS_230__balanced_midgame__21c81036be65,NB48_LOSS_230__balanced_midgame__21c81036be65,NB48_LOSS_230,230,2074732673,23,6.0,23,Depth-6 Search Baseline,"[[[[""1071"", ""Meowth ex""], 127.5, 2, ""None"", 42.5, true], [], 4, 5], [[[""43"", ""Eevee""], 37.5, 2, ""None"", 12.5, true], [], 4, 5], 5, ""Opponent""]",Ascension,1.6335,Training,Ascension,Ascension,True,True,ascension,1.0,1.0,0.0,0.0,0.0,0.0,0.0
NB48_LOSS_230__counterfactual_side_early__318290dbe50e,NB48_LOSS_230__counterfactual_side_early__318290dbe50e,NB48_LOSS_230,230,3794377739,23,6.0,23,Depth-6 Search Baseline,"[[[[""1071"", ""Meowth ex""], 153.0, 1, ""None"", 17.0, true], [], 5, 6], [[[""43"", ""Eevee""], 45.0, 1, ""None"", 5.0, true], [], 5, 6], 3, ""Player""]",Pass,0.99,Training,Pass,Pass,True,True,pass,1.0,0.0,0.0,0.0,1.0,0.0,0.0
NB48_LOSS_230__counterfactual_side_late__107a1c510a66,NB48_LOSS_230__counterfactual_side_late__107a1c510a66,NB48_LOSS_230,230,617615051,23,6.0,23,Depth-6 Search Baseline,"[[[[""1071"", ""Meowth ex""], 93.5, 3, ""None"", 76.5, true], [], 3, 4], [[[""43"", ""Eevee""], 27.5, 3, ""None"", 22.5, true], [], 3, 4], 8, ""Player""]",Tuck Tail,0.99,Training,Tuck Tail,Tuck Tail,True,True,tuck tail,1.0,0.0,0.0,0.0,0.0,0.0,1.0
NB48_LOSS_230__critical_hp_decision__839f0f240c50,NB48_LOSS_230__critical_hp_decision__839f0f240c50,NB48_LOSS_230,230,2600304298,23,6.0,23,Depth-6 Search Baseline,"[[[[""1071"", ""Meowth ex""], 51.0, 4, ""None"", 119.0, true], [], 2, 3], [[[""43"", ""Eevee""], 22.5, 4, ""None"", 27.5, true], [], 2, 3], 10, ""Opponent""]",Quick Attack,1.8785,Training,Quick Attack,Quick Attack,True,True,ascension | quick attack,2.0,0.0,0.0,0.0,0.0,1.0,0.0
NB48_LOSS_230__early_pressure__bd4af04895fb,NB48_LOSS_230__early_pressure__bd4af04895fb,NB48_LOSS_230,230,147358468,23,6.0,23,Depth-6 Search Baseline,"[[[[""1071"", ""Meowth ex""], 144.5, 1, ""None"", 25.5, true], [], 5, 6], [[[""43"", ""Eevee""], 47.5, 2, ""None"", 2.5, true], [], 5, 6], 3, ""Opponent""]",Ascension,1.6335,Training,Ascension,Ascension,True,True,ascension,1.0,1.0,0.0,0.0,0.0,0.0,0.0
NB48_LOSS_230__late_game_prize_pressure__a063bc072403,NB48_LOSS_230__late_game_prize_pressure__a063bc072403,NB48_LOSS_230,230,4219793033,23,6.0,23,Depth-6 Search Baseline,"[[[[""1071"", ""Meowth ex""], 102.0, 3, ""None"", 68.0, true], [], 2, 3], [[[""43"", ""Eevee""], 30.0, 3, ""None"", 20.0, true], [], 2, 3], 9, ""Opponent""]",Quick Attack,1.8785,Training,Quick Attack,Quick Attack,True,True,ascension | quick attack,2.0,0.0,0.0,0.0,0.0,1.0,0.0
NB48_LOSS_230__opening_one_energy__2feb7b93f2cd,NB48_LOSS_230__opening_one_energy__2feb7b93f2cd,NB48_LOSS_230,230,2645006818,23,6.0,23,Depth-6 Search Baseline,"[[[[""1071"", ""Meowth ex""], 170.0, 1, ""None"", 0.0, true], [], 6, 6], [[[""43"", ""Eevee""], 50.0, 1, ""None"", 0.0, true], [], 6, 6], 2, ""Opponent""]",Ascension,1.6335,Training,Ascension,Ascension,True,True,ascension,1.0,1.0,0.0,0.0,0.0,0.0,0.0
NB48_LOSS_230__opening_zero_energy__a261be720a71,NB48_LOSS_230__opening_zero_energy__a261be720a71,NB48_LOSS_230,230,2242802693,23,6.0,23,Depth-6 Search Baseline,"[[[[""1071"", ""Meowth ex""], 170.0, 0, ""None"", 0.0, true], [], 6, 7], [[[""43"", ""Eevee""], 50.0, 0, ""None"", 0.0, true], [], 6, 7], 1, ""Opponent""]",Pass,1.6335,Training,Pass,Pass,True,True,pass,1.0,0.0,0.0,0.0,1.0,0.0,0.0
NB48_LOSS_230__opponent_under_pressure__dd46361538b1,NB48_LOSS_230__opponent_under_pressure__dd46361538b1,NB48_LOSS_230,230,2087432512,23,6.0,23,Depth-6 Search Baseline,"[[[[""1071"", ""Meowth ex""], 144.5, 3, ""None"", 25.5, true], [], 4, 5], [[[""43"", ""Eevee""], 25.0, 2, ""None"", 25.0, true], [], 4, 5], 6, ""Opponent""]",Ascension,1.6335,Training,Ascension,Ascension,True,True,ascension,1.0,1.0,0.0,0.0,0.0,0.0,0.0
NB48_LOSS_230__player_under_pressure__cc06266f9949,NB48_LOSS_230__player_under_pressure__cc06266f9949,NB48_LOSS_230,230,1724852810,23,6.0,23,Depth-6 Search Baseline,"[[[[""1071"", ""Meowth ex""], 85.0, 2, ""None"", 85.0, true], [], 4, 4], [[[""43"", ""Eevee""], 42.5, 3, ""None"", 7.5, true], [], 4, 4], 6, ""Opponent""]",Quick Attack,1.8785,Training,Quick Attack,Quick Attack,True,True,ascension | quick attack,2.0,0.0,0.0,0.0,0.0,1.0,0.0
NB48_LOSS_235__balanced_midgame__3625100f412c,NB48_LOSS_235__balanced_midgame__3625100f412c,NB48_LOSS_235,235,2747738604,73,3.0,73,Depth-6 Search Baseline,"[[[[""43"", ""Eevee""], 37.5, 2, ""None"", 12.5, true], [], 4, 5], [[[""788"", ""Charmander""], 60.0, 2, ""None"", 20.0, true], [], 4, 5], 5, ""Player""]",Ascension,1.21,Training,Ascension,Ascension,True,True,ascension,1.0,1.0,0.0,0.0,0.0,0.0,0.0
NB48_LOSS_235__counterfactual_side_early__1077502f28ab,NB48_LOSS_235__counterfactual_side_early__1077502f28ab,NB48_LOSS_235,235,470780523,73,3.0,73,Depth-6 Search Baseline,"[[[[""43"", ""Eevee""], 45.0, 1, ""None"", 5.0, true], [], 5, 6], [[[""788"", ""Charmander""], 72.0, 1, ""None"", 8.0, true], [], 5, 6], 3, ""Opponent""]",Live Coal,1.3365,Training,Live Coal,Live Coal,True,True,live coal,1.0,0.0,0.0,1.0,0.0,0.0,0.0
NB48_LOSS_235__counterfactual_side_late__4de05d469482,NB48_LOSS_235__counterfactual_side_late__4de05d469482,NB48_LOSS_235,235,3850261226,73,3.0,73,Depth-6 Search Baseline,"[[[[""43"", ""Eevee""], 27.5, 3, ""None"", 22.5, true], [], 3, 4], [[[""788"", ""Charmander""], 44.0, 3, ""None"", 36.0, true], [], 3, 4], 8, ""Opponent""]",Live Coal,1.3365,Training,Live Coal,Live Coal,True,True,live coal,1.0,0.0,0.0,1.0,0.0,0.0,0.0
NB48_LOSS_235__critical_hp_decision__eaa998445a11,NB48_LOSS_235__critical_hp_decision__eaa998445a11,NB48_LOSS_235,235,3831980674,73,3.0,73,Depth-6 Search Baseline,"[[[[""43"", ""Eevee""], 15.0, 4, ""None"", 35.0, true], [], 2, 3], [[[""788"", ""Charmander""], 36.0, 4, ""None"", 44.0, true], [], 2, 3], 10, ""Player""]",Quick Attack,1.3915,Training,Quick Attack,Quick Attack,True,True,ascension | quick attack,2.0,0.0,0.0,0.0,0.0,1.0,0.0
NB48_LOSS_235__early_pressure__81233f8a41cd,NB48_LOSS_235__early_pressure__81233f8a41cd,NB48_LOSS_235,235,2673347823,73,3.0,73,Depth-6 Search Baseline,"[[[[""43"", ""Eevee""], 42.5, 1, ""None"", 7.5, true], [], 5, 6], [[[""788"", ""Charmander""], 76.0, 2, ""None"", 4.0, true], [], 5, 6], 3, ""Player""]",Ascension,1.21,Training,Ascension,Ascension,True,True,ascension,1.0,1.0,0.0,0.0,0.0,0.0,0.0
NB48_LOSS_235__late_game_prize_pressure__c96608870e6a,NB48_LOSS_235__late_game_prize_pressure__c96608870e6a,NB48_LOSS_235,235,1980844000,73,3.0,73,Depth-6 Search Baseline,"[[[[""43"", ""Eevee""], 30.0, 3, ""None"", 20.0, true], [], 2, 3], [[[""788"", ""Charmander""], 48.0, 3, ""None"", 32.0, true], [], 2, 3], 9, ""Player""]",Quick Attack,1.3915,Training,Quick Attack,Quick Attack,True,True,ascension | quick attack,2.0,0.0,0.0,0.0,0.0,1.0,0.0
NB48_LOSS_235__opening_one_energy__4a305de30147,NB48_LOSS_235__opening_one_energy__4a305de30147,NB48_LOSS_235,235,3190270837,73,3.0,73,Depth-6 Search Baseline,"[[[[""43"", ""Eevee""], 50.0, 1, ""None"", 0.0, true], [], 6, 6], [[[""788"", ""Charmander""], 80.0, 1, ""None"", 0.0, true], [], 6, 6], 2, ""Player""]",Ascension,1.21,Training,Ascension,Ascension,True,True,ascension,1.0,1.0,0.0,0.0,0.0,0.0,0.0
NB48_LOSS_235__opening_zero_energy__29dcbc260035,NB48_LOSS_235__opening_zero_energy__29dcbc260035,NB48_LOSS_235,235,364209451,73,3.0,73,Depth-6 Search Baseline,"[[[[""43"", ""Eevee""], 50.0, 0, ""None"", 0.0, true], [], 6, 7], [[[""788"", ""Charmander""], 80.0, 0, ""None"", 0.0, true], [], 6, 7], 1, ""Player""]",Pass,1.21,Training,Pass,Pass,True,True,pass,1.0,0.0,0.0,0.0,1.0,0.0,0.0
NB48_LOSS_235__opponent_under_pressure__5eb0815d6e8f,NB48_LOSS_235__opponent_under_pressure__5eb0815d6e8f,NB48_LOSS_235,235,3140534962,73,3.0,73,Depth-6 Search Baseline,"[[[[""43"", ""Eevee""], 42.5, 3, ""None"", 7.5, true], [], 4, 5], [[[""788"", ""Charmander""], 40.0, 2, ""None"", 40.0, true], [], 4, 5], 6, ""Player""]",Quick Attack,1.3915,Training,Quick Attack,Quick Attack,True,True,ascension | quick attack,2.0,0.0,0.0,0.0,0.0,1.0,0.0
NB48_LOSS_235__player_under_pressure__14e9e743a887,NB48_LOSS_235__player_under_pressure__14e9e743a887,NB48_LOSS_235,235,1438445510,73,3.0,73,Depth-6 Search Baseline,"[[[[""43"", ""Eevee""], 25.0, 2, ""None"", 25.0, true], [], 4, 4], [[[""788"", ""Charmander""], 68.0, 3, ""None"", 12.0, true], [], 4, 4], 6, ""Player""]",Ascension,1.21,Training,Ascension,Ascension,True,True,ascension,1.0,1.0,0.0,0.0,0.0,0.0,0.0
NB48_LOSS_238__balanced_midgame__11f1b807875a,NB48_LOSS_238__balanced_midgame__11f1b807875a,NB48_LOSS_238,238,1254284837,24,6.0,24,Depth-6 Search Baseline,"[[[[""788"", ""Charmander""], 60.0, 2, ""None"", 20.0, true], [], 4, 5], [[[""43"", ""Eevee""], 37.5, 2, ""None"", 12.5, true], [], 4, 5], 5, ""Opponent""]",Ascension,1.6335,Training,Ascension,Ascension,True,True,ascension,1.0,1.0,0.0,0.0,0.0,0.0,0.0
NB48_LOSS_238__counterfactual_side_early__8a8f0d77e17f,NB48_LOSS_238__counterfactual_side_early__8a8f0d77e17f,NB48_LOSS_238,238,2550024830,24,6.0,24,Depth-6 Search Baseline,"[[[[""788"", ""Charmander""], 72.0, 1, ""None"", 8.0, true], [], 5, 6], [[[""43"", ""Eevee""], 45.0, 1, ""None"", 5.0, true], [], 5, 6], 3, ""Player""]",Live Coal,0.99,Training,Live Coal,Live Coal,True,True,live coal,1.0,0.0,0.0,1.0,0.0,0.0,0.0
NB48_LOSS_238__counterfactual_side_late__83144822eebd,NB48_LOSS_238__counterfactual_side_late__83144822eebd,NB48_LOSS_238,238,237868932,24,6.0,24,Depth-6 Search Baseline,"[[[[""788"", ""Charmander""], 44.0, 3, ""None"", 36.0, true], [], 3, 4], [[[""43"", ""Eevee""], 27.5, 3, ""None"", 22.5, true], [], 3, 4], 8, ""Player""]",Live Coal,0.99,Training,Live Coal,Live Coal,True,True,live coal,1.0,0.0,0.0,1.0,0.0,0.0,0.0
NB48_LOSS_238__critical_hp_decision__da7568823404,NB48_LOSS_238__critical_hp_decision__da7568823404,NB48_LOSS_238,238,1040908187,24,6.0,24,Depth-6 Search Baseline,"[[[[""788"", ""Charmander""], 24.0, 4, ""None"", 56.0, true], [], 2, 3], [[[""43"", ""Eevee""], 22.5, 4, ""None"", 27.5, true], [], 2, 3], 10, ""Opponent""]",Quick Attack,1.8785,Training,Quick Attack,Quick Attack,True,True,ascension | quick attack,2.0,0.0,0.0,0.0,0.0,1.0,0.0
NB48_LOSS_238__early_pressure__a4a2bfb88072,NB48_LOSS_238__early_pressure__a4a2bfb88072,NB48_LOSS_238,238,1290538784,24,6.0,24,Depth-6 Search Baseline,"[[[[""788"", ""Charmander""], 68.0, 1, ""None"", 12.0, true], [], 5, 6], [[[""43"", ""Eevee""], 47.5, 2, ""None"", 2.5, true], [], 5, 6], 3, ""Opponent""]",Ascension,1.6335,Training,Ascension,Ascension,True,True,ascension,1.0,1.0,0.0,0.0,0.0,0.0,0.0
NB48_LOSS_238__late_game_prize_pressure__3bbbeba879da,NB48_LOSS_238__late_game_prize_pressure__3bbbeba879da,NB48_LOSS_238,238,3405240401,24,6.0,24,Depth-6 Search Baseline,"[[[[""788"", ""Charmander""], 48.0, 3, ""None"", 32.0, true], [], 2, 3], [[[""43"", ""Eevee""], 30.0, 3, ""None"", 20.0, true], [], 2, 3], 9, ""Opponent""]",Quick Attack,1.8785,Training,Quick Attack,Quick Attack,True,True,ascension | quick attack,2.0,0.0,0.0,0.0,0.0,1.0,0.0
NB48_LOSS_238__opening_one_energy__268a16790a05,NB48_LOSS_238__opening_one_energy__268a16790a05,NB48_LOSS_238,238,3873892057,24,6.0,24,Depth-6 Search Baseline,"[[[[""788"", ""Charmander""], 80.0, 1, ""None"", 0.0, true], [], 6, 6], [[[""43"", ""Eevee""], 50.0, 1, ""None"", 0.0, true], [], 6, 6], 2, ""Opponent""]",Ascension,1.6335,Training,Ascension,Ascension,True,True,ascension,1.0,1.0,0.0,0.0,0.0,0.0,0.0
NB48_LOSS_238__opening_zero_energy__a279de2bdb52,NB48_LOSS_238__opening_zero_energy__a279de2bdb52,NB48_LOSS_238,238,3415434238,24,6.0,24,Depth-6 Search Baseline,"[[[[""788"", ""Charmander""], 80.0, 0, ""None"", 0.0, true], [], 6, 7], [[[""43"", ""Eevee""], 50.0, 0, ""None"", 0.0, true], [], 6, 7], 1, ""Opponent""]",Pass,1.6335,Training,Pass,Pass,True,True,pass,1.0,0.0,0.0,0.0,1.0,0.0,0.0
NB48_LOSS_238__opponent_under_pressure__43f10458845f,NB48_LOSS_238__opponent_under_pressure__43f10458845f,NB48_LOSS_238,238,106329439,24,6.0,24,Depth-6 Search Baseline,"[[[[""788"", ""Charmander""], 68.0, 3, ""None"", 12.0, true], [], 4, 5], [[[""43"", ""Eevee""], 25.0, 2, ""None"", 25.0, true], [], 4, 5], 6, ""Opponent""]",Ascension,1.6335,Training,Ascension,Ascension,True,True,ascension,1.0,1.0,0.0,0.0,0.0,0.0,0.0
NB48_LOSS_238__player_under_pressure__c4c89f08d1b0,NB48_LOSS_238__player_under_pressure__c4c89f08d1b0,NB48_LOSS_238,238,3536727725,24,6.0,24,Depth-6 Search Baseline,"[[[[""788"", ""Charmander""], 40.0, 2, ""None"", 40.0, true], [], 4, 4], [[[""43"", ""Eevee""], 42.5, 3, ""None"", 7.5, true], [], 4, 4], 6, ""Opponent""]",Quick Attack,1.8785,Training,Quick Attack,Quick Attack,True,True,ascension | quick attack,2.0,0.0,0.0,0.0,0.0,1.0,0.0
NB48_LOSS_240__balanced_midgame__67c4cab2d448,NB48_LOSS_240__balanced_midgame__67c4cab2d448,NB48_LOSS_240,240,2059068280,12,8.0,12,Depth-6 Search Baseline,"[[[[""650"", ""Bulbasaur""], 60.0, 2, ""None"", 20.0, true], [], 4, 5], [[[""43"", ""Eevee""], 37.5, 2, ""None"", 12.5, true], [], 4, 5], 5, ""Opponent""]",Ascension,1.6335,Training,Ascension,Ascension,True,True,ascension,1.0,1.0,0.0,0.0,0.0,0.0,0.0
NB48_LOSS_240__counterfactual_side_early__70b2f56cf980,NB48_LOSS_240__counterfactual_side_early__70b2f56cf980,NB48_LOSS_240,240,3745936777,12,8.0,12,Depth-6 Search Baseline,"[[[[""650"", ""Bulbasaur""], 72.0, 1, ""None"", 8.0, true], [], 5, 6], [[[""43"", ""Eevee""], 45.0, 1, ""None"", 5.0, true], [], 5, 6], 3, ""Player""]",Bind Down,0.99,Training,Bind Down,Bind Down,True,True,bind down,1.0,0.0,1.0,0.0,0.0,0.0,0.0
NB48_LOSS_240__counterfactual_side_late__d908aca4d7ba,NB48_LOSS_240__counterfactual_side_late__d908aca4d7ba,NB48_LOSS_240,240,151121425,12,8.0,12,Depth-6 Search Baseline,"[[[[""650"", ""Bulbasaur""], 44.0, 3, ""None"", 36.0, true], [], 3, 4], [[[""43"", ""Eevee""], 27.5, 3, ""None"", 22.5, true], [], 3, 4], 8, ""Player""]",Bind Down,0.99,Training,Bind Down,Bind Down,True,True,bind down,1.0,0.0,1.0,0.0,0.0,0.0,0.0
NB48_LOSS_240__critical_hp_decision__747de985f320,NB48_LOSS_240__critical_hp_decision__747de985f320,NB48_LOSS_240,240,2295820974,12,8.0,12,Depth-6 Search Baseline,"[[[[""650"", ""Bulbasaur""], 24.0, 4, ""None"", 56.0, true], [], 2, 3], [[[""43"", ""Eevee""], 22.5, 4, ""None"", 27.5, true], [], 2, 3], 10, ""Opponent""]",Quick Attack,1.8785,Training,Quick Attack,Quick Attack,True,True,ascension | quick attack,2.0,0.0,0.0,0.0,0.0,1.0,0.0
NB48_LOSS_240__early_pressure__fdc7adcb78ec,NB48_LOSS_240__early_pressure__fdc7adcb78ec,NB48_LOSS_240,240,1757592310,12,8.0,12,Depth-6 Search Baseline,"[[[[""650"", ""Bulbasaur""], 68.0, 1, ""None"", 12.0, true], [], 5, 6], [[[""43"", ""Eevee""], 47.5, 2, ""None"", 2.5, true], [], 5, 6], 3, ""Opponent""]",Ascension,1.6335,Training,Ascension,Ascension,True,True,ascension,1.0,1.0,0.0,0.0,0.0,0.0,0.0
NB48_LOSS_240__late_game_prize_pressure__0f56dc2fb51b,NB48_LOSS_240__late_game_prize_pressure__0f56dc2fb51b,NB48_LOSS_240,240,1963108244,12,8.0,12,Depth-6 Search Baseline,"[[[[""650"", ""Bulbasaur""], 48.0, 3, ""None"", 32.0, true], [], 2, 3], [[[""43"", ""Eevee""], 30.0, 3, ""None"", 20.0, true], [], 2, 3], 9, ""Opponent""]",Quick Attack,1.8785,Training,Quick Attack,Quick Attack,True,True,ascension | quick attack,2.0,0.0,0.0,0.0,0.0,1.0,0.0
NB48_LOSS_240__opening_one_energy__3c42f234449e,NB48_LOSS_240__opening_one_energy__3c42f234449e,NB48_LOSS_240,240,1942187081,12,8.0,12,Depth-6 Search Baseline,"[[[[""650"", ""Bulbasaur""], 80.0, 1, ""None"", 0.0, true], [], 6, 6], [[[""43"", ""Eevee""], 50.0, 1, ""None"", 0.0, true], [], 6, 6], 2, ""Opponent""]",Ascension,1.6335,Training,Ascension,Ascension,True,True,ascension,1.0,1.0,0.0,0.0,0.0,0.0,0.0
NB48_LOSS_240__opening_zero_energy__ed8074dd298f,NB48_LOSS_240__opening_zero_energy__ed8074dd298f,NB48_LOSS_240,240,2675937435,12,8.0,12,Depth-6 Search Baseline,"[[[[""650"", ""Bulbasaur""], 80.0, 0, ""None"", 0.0, true], [], 6, 7], [[[""43"", ""Eevee""], 50.0, 0, ""None"", 0.0, true], [], 6, 7], 1, ""Opponent""]",Pass,1.6335,Training,Pass,Pass,True,True,pass,1.0,0.0,0.0,0.0,1.0,0.0,0.0
NB48_LOSS_240__opponent_under_pressure__bb86e83ea7ec,NB48_LOSS_240__opponent_under_pressure__bb86e83ea7ec,NB48_LOSS_240,240,947041474,12,8.0,12,Depth-6 Search Baseline,"[[[[""650"", ""Bulbasaur""], 68.0, 3, ""None"", 12.0, true], [], 4, 5], [[[""43"", ""Eevee""], 25.0, 2, ""None"", 25.0, true], [], 4, 5], 6, ""Opponent""]",Ascension,1.6335,Training,Ascension,Ascension,True,True,ascension,1.0,1.0,0.0,0.0,0.0,0.0,0.0
NB48_LOSS_240__player_under_pressure__1e918c4601c7,NB48_LOSS_240__player_under_pressure__1e918c4601c7,NB48_LOSS_240,240,1895343159,12,8.0,12,Depth-6 Search Baseline,"[[[[""650"", ""Bulbasaur""], 40.0, 2, ""None"", 40.0, true], [], 4, 4], [[[""43"", ""Eevee""], 42.5, 3, ""None"", 7.5, true], [], 4, 4], 6, ""Opponent""]",Quick Attack,1.8785,Training,Quick Attack,Quick Attack,True,True,ascension | quick attack,2.0,0.0,0.0,0.0,0.0,1.0,0.0
NB48_LOSS_246__balanced_midgame__f8b4f7afff69,NB48_LOSS_246__balanced_midgame__f8b4f7afff69,NB48_LOSS_246,246,2570585844,4,9.0,4,Depth-6 Search Baseline,"[[[[""650"", ""Bulbasaur""], 60.0, 2, ""None"", 20.0, true], [], 4, 5], [[[""43"", ""Eevee""], 37.5, 2, ""None"", 12.5, true], [], 4, 5], 5, ""Opponent""]",Ascension,1.6335,Training,Ascension,Ascension,True,True,ascension,1.0,1.0,0.0,0.0,0.0,0.0,0.0
NB48_LOSS_246__counterfactual_side_early__16086c75452f,NB48_LOSS_246__counterfactual_side_early__16086c75452f,NB48_LOSS_246,246,3341808555,4,9.0,4,Depth-6 Search Baseline,"[[[[""650"", ""Bulbasaur""], 72.0, 1, ""None"", 8.0, true], [], 5, 6], [[[""43"", ""Eevee""], 45.0, 1, ""None"", 5.0, true], [], 5, 6], 3, ""Player""]",Bind Down,0.99,Training,Bind Down,Bind Down,True,True,bind down,1.0,0.0,1.0,0.0,0.0,0.0,0.0
NB48_LOSS_246__counterfactual_side_late__3f9c8499ce24,NB48_LOSS_246__counterfactual_side_late__3f9c8499ce24,NB48_LOSS_246,246,2778995187,4,9.0,4,Depth-6 Search Baseline,"[[[[""650"", ""Bulbasaur""], 44.0, 3, ""None"", 36.0, true], [], 3, 4], [[[""43"", ""Eevee""], 27.5, 3, ""None"", 22.5, true], [], 3, 4], 8, ""Player""]",Bind Down,0.99,Training,Bind Down,Bind Down,True,True,bind down,1.0,0.0,1.0,0.0,0.0,0.0,0.0
NB48_LOSS_246__critical_hp_decision__6e8b48ffdd18,NB48_LOSS_246__critical_hp_decision__6e8b48ffdd18,NB48_LOSS_246,246,3937623865,4,9.0,4,Depth-6 Search Baseline,"[[[[""650"", ""Bulbasaur""], 24.0, 4, ""None"", 56.0, true], [], 2, 3], [[[""43"", ""Eevee""], 22.5, 4, ""None"", 27.5, true], [], 2, 3], 10, ""Opponent""]",Quick Attack,1.8785,Training,Quick Attack,Quick Attack,True,True,ascension | quick attack,2.0,0.0,0.0,0.0,0.0,1.0,0.0
NB48_LOSS_246__early_pressure__3d353b4df5e8,NB48_LOSS_246__early_pressure__3d353b4df5e8,NB48_LOSS_246,246,3589660738,4,9.0,4,Depth-6 Search Baseline,"[[[[""650"", ""Bulbasaur""], 68.0, 1, ""None"", 12.0, true], [], 5, 6], [[[""43"", ""Eevee""], 47.5, 2, ""None"", 2.5, true], [], 5, 6], 3, ""Opponent""]",Ascension,1.6335,Training,Ascension,Ascension,True,True,ascension,1.0,1.0,0.0,0.0,0.0,0.0,0.0
NB48_LOSS_246__late_game_prize_pressure__24ac9c211fe0,NB48_LOSS_246__late_game_prize_pressure__24ac9c211fe0,NB48_LOSS_246,246,1536914747,4,9.0,4,Depth-6 Search Baseline,"[[[[""650"", ""Bulbasaur""], 48.0, 3, ""None"", 32.0, true], [], 2, 3], [[[""43"", ""Eevee""], 30.0, 3, ""None"", 20.0, true], [], 2, 3], 9, ""Opponent""]",Quick Attack,1.8785,Training,Quick Attack,Quick Attack,True,True,ascension | quick attack,2.0,0.0,0.0,0.0,0.0,1.0,0.0
NB48_LOSS_246__opening_one_energy__318c0af4397c,NB48_LOSS_246__opening_one_energy__318c0af4397c,NB48_LOSS_246,246,992451134,4,9.0,4,Depth-6 Search Baseline,"[[[[""650"", ""Bulbasaur""], 80.0, 1, ""None"", 0.0, true], [], 6, 6], [[[""43"", ""Eevee""], 50.0, 1, ""None"", 0.0, true], [], 6, 6], 2, ""Opponent""]",Ascension,1.6335,Training,Ascension,Ascension,True,True,ascension,1.0,1.0,0.0,0.0,0.0,0.0,0.0
NB48_LOSS_246__opening_zero_energy__3f2777ed6a06,NB48_LOSS_246__opening_zero_energy__3f2777ed6a06,NB48_LOSS_246,246,2742149848,4,9.0,4,Depth-6 Search Baseline,"[[[[""650"", ""Bulbasaur""], 80.0, 0, ""None"", 0.0, true], [], 6, 7], [[[""43"", ""Eevee""], 50.0, 0, ""None"", 0.0, true], [], 6, 7], 1, ""Opponent""]",Pass,1.6335,Training,Pass,Pass,True,True,pass,1.0,0.0,0.0,0.0,1.0,0.0,0.0
NB48_LOSS_246__opponent_under_pressure__251b76bb8eed,NB48_LOSS_246__opponent_under_pressure__251b76bb8eed,NB48_LOSS_246,246,859371191,4,9.0,4,Depth-6 Search Baseline,"[[[[""650"", ""Bulbasaur""], 68.0, 3, ""None"", 12.0, true], [], 4, 5], [[[""43"", ""Eevee""], 25.0, 2, ""None"", 25.0, true], [], 4, 5], 6, ""Opponent""]",Ascension,1.6335,Training,Ascension,Ascension,True,True,ascension,1.0,1.0,0.0,0.0,0.0,0.0,0.0
NB48_LOSS_246__player_under_pressure__34242d5612bb,NB48_LOSS_246__player_under_pressure__34242d5612bb,NB48_LOSS_246,246,3560138924,4,9.0,4,Depth-6 Search Baseline,"[[[[""650"", ""Bulbasaur""], 40.0, 2, ""None"", 40.0, true], [], 4, 4], [[[""43"", ""Eevee""], 42.5, 3, ""None"", 7.5, true], [], 4, 4], 6, ""Opponent""]",Quick Attack,1.8785,Training,Quick Attack,Quick Attack,True,True,ascension | quick attack,2.0,0.0,0.0,0.0,0.0,1.0,0.0
NB48_LOSS_247__balanced_midgame__bddfd7a1723e,NB48_LOSS_247__balanced_midgame__bddfd7a1723e,NB48_LOSS_247,247,1202221862,74,3.0,74,Depth-6 Search Baseline,"[[[[""43"", ""Eevee""], 37.5, 2, ""None"", 12.5, true], [], 4, 5], [[[""788"", ""Charmander""], 60.0, 2, ""None"", 20.0, true], [], 4, 5], 5, ""Player""]",Ascension,1.21,Training,Ascension,Ascension,True,True,ascension,1.0,1.0,0.0,0.0,0.0,0.0,0.0
NB48_LOSS_247__counterfactual_side_early__4b915583ddc0,NB48_LOSS_247__counterfactual_side_early__4b915583ddc0,NB48_LOSS_247,247,2325906253,74,3.0,74,Depth-6 Search Baseline,"[[[[""43"", ""Eevee""], 45.0, 1, ""None"", 5.0, true], [], 5, 6], [[[""788"", ""Charmander""], 72.0, 1, ""None"", 8.0, true], [], 5, 6], 3, ""Opponent""]",Live Coal,1.3365,Training,Live Coal,Live Coal,True,True,live coal,1.0,0.0,0.0,1.0,0.0,0.0,0.0
NB48_LOSS_247__counterfactual_side_late__475e384e1ed7,NB48_LOSS_247__counterfactual_side_late__475e384e1ed7,NB48_LOSS_247,247,3844010800,74,3.0,74,Depth-6 Search Baseline,"[[[[""43"", ""Eevee""], 27.5, 3, ""None"", 22.5, true], [], 3, 4], [[[""788"", ""Charmander""], 44.0, 3, ""None"", 36.0, true], [], 3, 4], 8, ""Opponent""]",Live Coal,1.3365,Training,Live Coal,Live Coal,True,True,live coal,1.0,0.0,0.0,1.0,0.0,0.0,0.0
NB48_LOSS_247__critical_hp_decision__766c0ed69697,NB48_LOSS_247__critical_hp_decision__766c0ed69697,NB48_LOSS_247,247,4055007756,74,3.0,74,Depth-6 Search Baseline,"[[[[""43"", ""Eevee""], 15.0, 4, ""None"", 35.0, true], [], 2, 3], [[[""788"", ""Charmander""], 36.0, 4, ""None"", 44.0, true], [], 2, 3], 10, ""Player""]",Quick Attack,1.3915,Training,Quick Attack,Quick Attack,True,True,ascension | quick attack,2.0,0.0,0.0,0.0,0.0,1.0,0.0
NB48_LOSS_247__early_pressure__91061951e42f,NB48_LOSS_247__early_pressure__91061951e42f,NB48_LOSS_247,247,711833992,74,3.0,74,Depth-6 Search Baseline,"[[[[""43"", ""Eevee""], 42.5, 1, ""None"", 7.5, true], [], 5, 6], [[[""788"", ""Charmander""], 76.0, 2, ""None"", 4.0, true], [], 5, 6], 3, ""Player""]",Ascension,1.21,Training,Ascension,Ascension,True,True,ascension,1.0,1.0,0.0,0.0,0.0,0.0,0.0
NB48_LOSS_247__late_game_prize_pressure__d74a825a1e36,NB48_LOSS_247__late_game_prize_pressure__d74a825a1e36,NB48_LOSS_247,247,91568704,74,3.0,74,Depth-6 Search Baseline,"[[[[""43"", ""Eevee""], 30.0, 3, ""None"", 20.0, true], [], 2, 3], [[[""788"", ""Charmander""], 48.0, 3, ""None"", 32.0, true], [], 2, 3], 9, ""Player""]",Quick Attack,1.3915,Training,Quick Attack,Quick Attack,True,True,ascension | quick attack,2.0,0.0,0.0,0.0,0.0,1.0,0.0
NB48_LOSS_247__opening_one_energy__081e901c7340,NB48_LOSS_247__opening_one_energy__081e901c7340,NB48_LOSS_247,247,302047496,74,3.0,74,Depth-6 Search Baseline,"[[[[""43"", ""Eevee""], 50.0, 1, ""None"", 0.0, true], [], 6, 6], [[[""788"", ""Charmander""], 80.0, 1, ""None"", 0.0, true], [], 6, 6], 2, ""Player""]",Ascension,1.21,Training,Ascension,Ascension,True,True,ascension,1.0,1.0,0.0,0.0,0.0,0.0,0.0
NB48_LOSS_247__opening_zero_energy__8e63fdb66bc3,NB48_LOSS_247__opening_zero_energy__8e63fdb66bc3,NB48_LOSS_247,247,3056510987,74,3.0,74,Depth-6 Search Baseline,"[[[[""43"", ""Eevee""], 50.0, 0, ""None"", 0.0, true], [], 6, 7], [[[""788"", ""Charmander""], 80.0, 0, ""None"", 0.0, true], [], 6, 7], 1, ""Player""]",Pass,1.21,Training,Pass,Pass,True,True,pass,1.0,0.0,0.0,0.0,1.0,0.0,0.0
NB48_LOSS_247__opponent_under_pressure__24d7c310c76c,NB48_LOSS_247__opponent_under_pressure__24d7c310c76c,NB48_LOSS_247,247,3353322798,74,3.0,74,Depth-6 Search Baseline,"[[[[""43"", ""Eevee""], 42.5, 3, ""None"", 7.5, true], [], 4, 5], [[[""788"", ""Charmander""], 40.0, 2, ""None"", 40.0, true], [], 4, 5], 6, ""Player""]",Quick Attack,1.3915,Training,Quick Attack,Quick Attack,True,True,ascension | quick attack,2.0,0.0,0.0,0.0,0.0,1.0,0.0
NB48_LOSS_247__player_under_pressure__90c788662fa1,NB48_LOSS_247__player_under_pressure__90c788662fa1,NB48_LOSS_247,247,608506787,74,3.0,74,Depth-6 Search Baseline,"[[[[""43"", ""Eevee""], 25.0, 2, ""None"", 25.0, true], [], 4, 4], [[[""788"", ""Charmander""], 68.0, 3, ""None"", 12.0, true], [], 4, 4], 6, ""Player""]",Ascension,1.21,Training,Ascension,Ascension,True,True,ascension,1.0,1.0,0.0,0.0,0.0,0.0,0.0
NB48_LOSS_250__balanced_midgame__5b7502709f5a,NB48_LOSS_250__balanced_midgame__5b7502709f5a,NB48_LOSS_250,250,3930005550,26,6.0,26,Depth-6 Search Baseline,"[[[[""788"", ""Charmander""], 60.0, 2, ""None"", 20.0, true], [], 4, 5], [[[""43"", ""Eevee""], 37.5, 2, ""None"", 12.5, true], [], 4, 5], 5, ""Opponent""]",Ascension,1.6335,Training,Ascension,Ascension,True,True,ascension,1.0,1.0,0.0,0.0,0.0,0.0,0.0
NB48_LOSS_250__counterfactual_side_early__f96947c66afc,NB48_LOSS_250__counterfactual_side_early__f96947c66afc,NB48_LOSS_250,250,3330808401,26,6.0,26,Depth-6 Search Baseline,"[[[[""788"", ""Charmander""], 72.0, 1, ""None"", 8.0, true], [], 5, 6], [[[""43"", ""Eevee""], 45.0, 1, ""None"", 5.0, true], [], 5, 6], 3, ""Player""]",Live Coal,0.99,Training,Live Coal,Live Coal,True,True,live coal,1.0,0.0,0.0,1.0,0.0,0.0,0.0
NB48_LOSS_250__counterfactual_side_late__0ebe38304aed,NB48_LOSS_250__counterfactual_side_late__0ebe38304aed,NB48_LOSS_250,250,1148540808,26,6.0,26,Depth-6 Search Baseline,"[[[[""788"", ""Charmander""], 44.0, 3, ""None"", 36.0, true], [], 3, 4], [[[""43"", ""Eevee""], 27.5, 3, ""None"", 22.5, true], [], 3, 4], 8, ""Player""]",Live Coal,0.99,Training,Live Coal,Live Coal,True,True,live coal,1.0,0.0,0.0,1.0,0.0,0.0,0.0
NB48_LOSS_250__critical_hp_decision__93145d49a1ac,NB48_LOSS_250__critical_hp_decision__93145d49a1ac,NB48_LOSS_250,250,132540926,26,6.0,26,Depth-6 Search Baseline,"[[[[""788"", ""Charmander""], 24.0, 4, ""None"", 56.0, true], [], 2, 3], [[[""43"", ""Eevee""], 22.5, 4, ""None"", 27.5, true], [], 2, 3], 10, ""Opponent""]",Quick Attack,1.8785,Training,Quick Attack,Quick Attack,True,True,ascension | quick attack,2.0,0.0,0.0,0.0,0.0,1.0,0.0
NB48_LOSS_250__early_pressure__d92b80b2081b,NB48_LOSS_250__early_pressure__d92b80b2081b,NB48_LOSS_250,250,2378880714,26,6.0,26,Depth-6 Search Baseline,"[[[[""788"", ""Charmander""], 68.0, 1, ""None"", 12.0, true], [], 5, 6], [[[""43"", ""Eevee""], 47.5, 2, ""None"", 2.5, true], [], 5, 6], 3, ""Opponent""]",Ascension,1.6335,Training,Ascension,Ascension,True,True,ascension,1.0,1.0,0.0,0.0,0.0,0.0,0.0
NB48_LOSS_250__late_game_prize_pressure__b65da28af24a,NB48_LOSS_250__late_game_prize_pressure__b65da28af24a,NB48_LOSS_250,250,302273707,26,6.0,26,Depth-6 Search Baseline,"[[[[""788"", ""Charmander""], 48.0, 3, ""None"", 32.0, true], [], 2, 3], [[[""43"", ""Eevee""], 30.0, 3, ""None"", 20.0, true], [], 2, 3], 9, ""Opponent""]",Quick Attack,1.8785,Training,Quick Attack,Quick Attack,True,True,ascension | quick attack,2.0,0.0,0.0,0.0,0.0,1.0,0.0
NB48_LOSS_250__opening_one_energy__3c997c717de2,NB48_LOSS_250__opening_one_energy__3c997c717de2,NB48_LOSS_250,250,3926770156,26,6.0,26,Depth-6 Search Baseline,"[[[[""788"", ""Charmander""], 80.0, 1, ""None"", 0.0, true], [], 6, 6], [[[""43"", ""Eevee""], 50.0, 1, ""None"", 0.0, true], [], 6, 6], 2, ""Opponent""]",Ascension,1.6335,Training,Ascension,Ascension,True,True,ascension,1.0,1.0,0.0,0.0,0.0,0.0,0.0
NB48_LOSS_250__opening_zero_energy__57edc72009ca,NB48_LOSS_250__opening_zero_energy__57edc72009ca,NB48_LOSS_250,250,643332837,26,6.0,26,Depth-6 Search Baseline,"[[[[""788"", ""Charmander""], 80.0, 0, ""None"", 0.0, true], [], 6, 7], [[[""43"", ""Eevee""], 50.0, 0, ""None"", 0.0, true], [], 6, 7], 1, ""Opponent""]",Pass,1.6335,Training,Pass,Pass,True,True,pass,1.0,0.0,0.0,0.0,1.0,0.0,0.0
NB48_LOSS_250__opponent_under_pressure__2181579d7c12,NB48_LOSS_250__opponent_under_pressure__2181579d7c12,NB48_LOSS_250,250,4225643399,26,6.0,26,Depth-6 Search Baseline,"[[[[""788"", ""Charmander""], 68.0, 3, ""None"", 12.0, true], [], 4, 5], [[[""43"", ""Eevee""], 25.0, 2, ""None"", 25.0, true], [], 4, 5], 6, ""Opponent""]",Ascension,1.6335,Training,Ascension,Ascension,True,True,ascension,1.0,1.0,0.0,0.0,0.0,0.0,0.0
NB48_LOSS_250__player_under_pressure__422b72e9bb09,NB48_LOSS_250__player_under_pressure__422b72e9bb09,NB48_LOSS_250,250,2509257671,26,6.0,26,Depth-6 Search Baseline,"[[[[""788"", ""Charmander""], 40.0, 2, ""None"", 40.0, true], [], 4, 4], [[[""43"", ""Eevee""], 42.5, 3, ""None"", 7.5, true], [], 4, 4], 6, ""Opponent""]",Quick Attack,1.8785,Training,Quick Attack,Quick Attack,True,True,ascension | quick attack,2.0,0.0,0.0,0.0,0.0,1.0,0.0
NB48_LOSS_254__balanced_midgame__cf036908caba,NB48_LOSS_254__balanced_midgame__cf036908caba,NB48_LOSS_254,254,3161770470,27,6.0,27,Depth-6 Search Baseline,"[[[[""1071"", ""Meowth ex""], 127.5, 2, ""None"", 42.5, true], [], 4, 5], [[[""43"", ""Eevee""], 37.5, 2, ""None"", 12.5, true], [], 4, 5], 5, ""Opponent""]",Ascension,1.6335,Training,Ascension,Ascension,True,True,ascension,1.0,1.0,0.0,0.0,0.0,0.0,0.0
NB48_LOSS_254__counterfactual_side_early__bc4bc9b30643,NB48_LOSS_254__counterfactual_side_early__bc4bc9b30643,NB48_LOSS_254,254,2059983108,27,6.0,27,Depth-6 Search Baseline,"[[[[""1071"", ""Meowth ex""], 153.0, 1, ""None"", 17.0, true], [], 5, 6], [[[""43"", ""Eevee""], 45.0, 1, ""None"", 5.0, true], [], 5, 6], 3, ""Player""]",Pass,0.99,Training,Pass,Pass,True,True,pass,1.0,0.0,0.0,0.0,1.0,0.0,0.0
NB48_LOSS_254__counterfactual_side_late__d39abe09ccf5,NB48_LOSS_254__counterfactual_side_late__d39abe09ccf5,NB48_LOSS_254,254,3227035689,27,6.0,27,Depth-6 Search Baseline,"[[[[""1071"", ""Meowth ex""], 93.5, 3, ""None"", 76.5, true], [], 3, 4], [[[""43"", ""Eevee""], 27.5, 3, ""None"", 22.5, true], [], 3, 4], 8, ""Player""]",Tuck Tail,0.99,Training,Tuck Tail,Tuck Tail,True,True,tuck tail,1.0,0.0,0.0,0.0,0.0,0.0,1.0
NB48_LOSS_254__critical_hp_decision__d38880b6f398,NB48_LOSS_254__critical_hp_decision__d38880b6f398,NB48_LOSS_254,254,3915138388,27,6.0,27,Depth-6 Search Baseline,"[[[[""1071"", ""Meowth ex""], 51.0, 4, ""None"", 119.0, true], [], 2, 3], [[[""43"", ""Eevee""], 22.5, 4, ""None"", 27.5, true], [], 2, 3], 10, ""Opponent""]",Quick Attack,1.8785,Training,Quick Attack,Quick Attack,True,True,ascension | quick attack,2.0,0.0,0.0,0.0,0.0,1.0,0.0
NB48_LOSS_254__early_pressure__25e3ebf09a40,NB48_LOSS_254__early_pressure__25e3ebf09a40,NB48_LOSS_254,254,2204119901,27,6.0,27,Depth-6 Search Baseline,"[[[[""1071"", ""Meowth ex""], 144.5, 1, ""None"", 25.5, true], [], 5, 6], [[[""43"", ""Eevee""], 47.5, 2, ""None"", 2.5, true], [], 5, 6], 3, ""Opponent""]",Ascension,1.6335,Training,Ascension,Ascension,True,True,ascension,1.0,1.0,0.0,0.0,0.0,0.0,0.0
NB48_LOSS_254__late_game_prize_pressure__27ea4d6b580f,NB48_LOSS_254__late_game_prize_pressure__27ea4d6b580f,NB48_LOSS_254,254,2314697796,27,6.0,27,Depth-6 Search Baseline,"[[[[""1071"", ""Meowth ex""], 102.0, 3, ""None"", 68.0, true], [], 2, 3], [[[""43"", ""Eevee""], 30.0, 3, ""None"", 20.0, true], [], 2, 3], 9, ""Opponent""]",Quick Attack,1.8785,Training,Quick Attack,Quick Attack,True,True,ascension | quick attack,2.0,0.0,0.0,0.0,0.0,1.0,0.0
NB48_LOSS_254__opening_one_energy__d71ec5e41e7c,NB48_LOSS_254__opening_one_energy__d71ec5e41e7c,NB48_LOSS_254,254,1517370272,27,6.0,27,Depth-6 Search Baseline,"[[[[""1071"", ""Meowth ex""], 170.0, 1, ""None"", 0.0, true], [], 6, 6], [[[""43"", ""Eevee""], 50.0, 1, ""None"", 0.0, true], [], 6, 6], 2, ""Opponent""]",Ascension,1.6335,Training,Ascension,Ascension,True,True,ascension,1.0,1.0,0.0,0.0,0.0,0.0,0.0
NB48_LOSS_254__opening_zero_energy__6a2f5f8a3d6d,NB48_LOSS_254__opening_zero_energy__6a2f5f8a3d6d,NB48_LOSS_254,254,3558355037,27,6.0,27,Depth-6 Search Baseline,"[[[[""1071"", ""Meowth ex""], 170.0, 0, ""None"", 0.0, true], [], 6, 7], [[[""43"", ""Eevee""], 50.0, 0, ""None"", 0.0, true], [], 6, 7], 1, ""Opponent""]",Pass,1.6335,Training,Pass,Pass,True,True,pass,1.0,0.0,0.0,0.0,1.0,0.0,0.0
NB48_LOSS_254__opponent_under_pressure__bbe69bae408a,NB48_LOSS_254__opponent_under_pressure__bbe69bae408a,NB48_LOSS_254,254,2283493404,27,6.0,27,Depth-6 Search Baseline,"[[[[""1071"", ""Meowth ex""], 144.5, 3, ""None"", 25.5, true], [], 4, 5], [[[""43"", ""Eevee""], 25.0, 2, ""None"", 25.0, true], [], 4, 5], 6, ""Opponent""]",Ascension,1.6335,Training,Ascension,Ascension,True,True,ascension,1.0,1.0,0.0,0.0,0.0,0.0,0.0
NB48_LOSS_254__player_under_pressure__56ee3f0f1a5f,NB48_LOSS_254__player_under_pressure__56ee3f0f1a5f,NB48_LOSS_254,254,1653255341,27,6.0,27,Depth-6 Search Baseline,"[[[[""1071"", ""Meowth ex""], 85.0, 2, ""None"", 85.0, true], [], 4, 4], [[[""43"", ""Eevee""], 42.5, 3, ""None"", 7.5, true], [], 4, 4], 6, ""Opponent""]",Quick Attack,1.8785,Training,Quick Attack,Quick Attack,True,True,ascension | quick attack,2.0,0.0,0.0,0.0,0.0,1.0,0.0
NB48_LOSS_258__balanced_midgame__da32bb0f965f,NB48_LOSS_258__balanced_midgame__da32bb0f965f,NB48_LOSS_258,258,3318951592,5,9.0,5,Depth-6 Search Baseline,"[[[[""650"", ""Bulbasaur""], 60.0, 2, ""None"", 20.0, true], [], 4, 5], [[[""43"", ""Eevee""], 37.5, 2, ""None"", 12.5, true], [], 4, 5], 5, ""Opponent""]",Ascension,1.6335,Training,Ascension,Ascension,True,True,ascension,1.0,1.0,0.0,0.0,0.0,0.0,0.0
NB48_LOSS_258__counterfactual_side_early__27626f857410,NB48_LOSS_258__counterfactual_side_early__27626f857410,NB48_LOSS_258,258,2894981689,5,9.0,5,Depth-6 Search Baseline,"[[[[""650"", ""Bulbasaur""], 72.0, 1, ""None"", 8.0, true], [], 5, 6], [[[""43"", ""Eevee""], 45.0, 1, ""None"", 5.0, true], [], 5, 6], 3, ""Player""]",Bind Down,0.99,Training,Bind Down,Bind Down,True,True,bind down,1.0,0.0,1.0,0.0,0.0,0.0,0.0
NB48_LOSS_258__counterfactual_side_late__0517d09425f2,NB48_LOSS_258__counterfactual_side_late__0517d09425f2,NB48_LOSS_258,258,2097802910,5,9.0,5,Depth-6 Search Baseline,"[[[[""650"", ""Bulbasaur""], 44.0, 3, ""None"", 36.0, true], [], 3, 4], [[[""43"", ""Eevee""], 27.5, 3, ""None"", 22.5, true], [], 3, 4], 8, ""Player""]",Bind Down,0.99,Training,Bind Down,Bind Down,True,True,bind down,1.0,0.0,1.0,0.0,0.0,0.0,0.0
NB48_LOSS_258__critical_hp_decision__119f7d28d2d2,NB48_LOSS_258__critical_hp_decision__119f7d28d2d2,NB48_LOSS_258,258,1126547497,5,9.0,5,Depth-6 Search Baseline,"[[[[""650"", ""Bulbasaur""], 24.0, 4, ""None"", 56.0, true], [], 2, 3], [[[""43"", ""Eevee""], 22.5, 4, ""None"", 27.5, true], [], 2, 3], 10, ""Opponent""]",Quick Attack,1.8785,Training,Quick Attack,Quick Attack,True,True,ascension | quick attack,2.0,0.0,0.0,0.0,0.0,1.0,0.0
NB48_LOSS_258__early_pressure__2c88c03d6f85,NB48_LOSS_258__early_pressure__2c88c03d6f85,NB48_LOSS_258,258,1892325878,5,9.0,5,Depth-6 Search Baseline,"[[[[""650"", ""Bulbasaur""], 68.0, 1, ""None"", 12.0, true], [], 5, 6], [[[""43"", ""Eevee""], 47.5, 2, ""None"", 2.5, true], [], 5, 6], 3, ""Opponent""]",Ascension,1.6335,Training,Ascension,Ascension,True,True,ascension,1.0,1.0,0.0,0.0,0.0,0.0,0.0
NB48_LOSS_258__late_game_prize_pressure__4798cfaaae10,NB48_LOSS_258__late_game_prize_pressure__4798cfaaae10,NB48_LOSS_258,258,1006705329,5,9.0,5,Depth-6 Search Baseline,"[[[[""650"", ""Bulbasaur""], 48.0, 3, ""None"", 32.0, true], [], 2, 3], [[[""43"", ""Eevee""], 30.0, 3, ""None"", 20.0, true], [], 2, 3], 9, ""Opponent""]",Quick Attack,1.8785,Training,Quick Attack,Quick Attack,True,True,ascension | quick attack,2.0,0.0,0.0,0.0,0.0,1.0,0.0
NB48_LOSS_258__opening_one_energy__04e3886609b0,NB48_LOSS_258__opening_one_energy__04e3886609b0,NB48_LOSS_258,258,3704668173,5,9.0,5,Depth-6 Search Baseline,"[[[[""650"", ""Bulbasaur""], 80.0, 1, ""None"", 0.0, true], [], 6, 6], [[[""43"", ""Eevee""], 50.0, 1, ""None"", 0.0, true], [], 6, 6], 2, ""Opponent""]",Ascension,1.6335,Training,Ascension,Ascension,True,True,ascension,1.0,1.0,0.0,0.0,0.0,0.0,0.0
NB48_LOSS_258__opening_zero_energy__82d75fb052bd,NB48_LOSS_258__opening_zero_energy__82d75fb052bd,NB48_LOSS_258,258,3436763872,5,9.0,5,Depth-6 Search Baseline,"[[[[""650"", ""Bulbasaur""], 80.0, 0, ""None"", 0.0, true], [], 6, 7], [[[""43"", ""Eevee""], 50.0, 0, ""None"", 0.0, true], [], 6, 7], 1, ""Opponent""]",Pass,1.6335,Training,Pass,Pass,True,True,pass,1.0,0.0,0.0,0.0,1.0,0.0,0.0
NB48_LOSS_258__opponent_under_pressure__e317f34be415,NB48_LOSS_258__opponent_under_pressure__e317f34be415,NB48_LOSS_258,258,3438056520,5,9.0,5,Depth-6 Search Baseline,"[[[[""650"", ""Bulbasaur""], 68.0, 3, ""None"", 12.0, true], [], 4, 5], [[[""43"", ""Eevee""], 25.0, 2, ""None"", 25.0, true], [], 4, 5], 6, ""Opponent""]",Ascension,1.6335,Training,Ascension,Ascension,True,True,ascension,1.0,1.0,0.0,0.0,0.0,0.0,0.0
NB48_LOSS_258__player_under_pressure__f5885c207c90,NB48_LOSS_258__player_under_pressure__f5885c207c90,NB48_LOSS_258,258,4105126210,5,9.0,5,Depth-6 Search Baseline,"[[[[""650"", ""Bulbasaur""], 40.0, 2, ""None"", 40.0, true], [], 4, 4], [[[""43"", ""Eevee""], 42.5, 3, ""None"", 7.5, true], [], 4, 4], 6, ""Opponent""]",Quick Attack,1.8785,Training,Quick Attack,Quick Attack,True,True,ascension | quick attack,2.0,0.0,0.0,0.0,0.0,1.0,0.0
NB48_LOSS_259__balanced_midgame__ac7b9a493e42,NB48_LOSS_259__balanced_midgame__ac7b9a493e42,NB48_LOSS_259,259,2292754462,75,3.0,75,Depth-6 Search Baseline,"[[[[""43"", ""Eevee""], 37.5, 2, ""None"", 12.5, true], [], 4, 5], [[[""788"", ""Charmander""], 60.0, 2, ""None"", 20.0, true], [], 4, 5], 5, ""Player""]",Ascension,1.21,Training,Ascension,Ascension,True,True,ascension,1.0,1.0,0.0,0.0,0.0,0.0,0.0
NB48_LOSS_259__counterfactual_side_early__d65f68c4a24c,NB48_LOSS_259__counterfactual_side_early__d65f68c4a24c,NB48_LOSS_259,259,120533064,75,3.0,75,Depth-6 Search Baseline,"[[[[""43"", ""Eevee""], 45.0, 1, ""None"", 5.0, true], [], 5, 6], [[[""788"", ""Charmander""], 72.0, 1, ""None"", 8.0, true], [], 5, 6], 3, ""Opponent""]",Live Coal,1.3365,Training,Live Coal,Live Coal,True,True,live coal,1.0,0.0,0.0,1.0,0.0,0.0,0.0
NB48_LOSS_259__counterfactual_side_late__a215361ab085,NB48_LOSS_259__counterfactual_side_late__a215361ab085,NB48_LOSS_259,259,2916166014,75,3.0,75,Depth-6 Search Baseline,"[[[[""43"", ""Eevee""], 27.5, 3, ""None"", 22.5, true], [], 3, 4], [[[""788"", ""Charmander""], 44.0, 3, ""None"", 36.0, true], [], 3, 4], 8, ""Opponent""]",Live Coal,1.3365,Training,Live Coal,Live Coal,True,True,live coal,1.0,0.0,0.0,1.0,0.0,0.0,0.0
NB48_LOSS_259__critical_hp_decision__582a31adea1a,NB48_LOSS_259__critical_hp_decision__582a31adea1a,NB48_LOSS_259,259,1605992840,75,3.0,75,Depth-6 Search Baseline,"[[[[""43"", ""Eevee""], 15.0, 4, ""None"", 35.0, true], [], 2, 3], [[[""788"", ""Charmander""], 36.0, 4, ""None"", 44.0, true], [], 2, 3], 10, ""Player""]",Quick Attack,1.3915,Training,Quick Attack,Quick Attack,True,True,ascension | quick attack,2.0,0.0,0.0,0.0,0.0,1.0,0.0
NB48_LOSS_259__early_pressure__27ba3d9fbaab,NB48_LOSS_259__early_pressure__27ba3d9fbaab,NB48_LOSS_259,259,1007329599,75,3.0,75,Depth-6 Search Baseline,"[[[[""43"", ""Eevee""], 42.5, 1, ""None"", 7.5, true], [], 5, 6], [[[""788"", ""Charmander""], 76.0, 2, ""None"", 4.0, true], [], 5, 6], 3, ""Player""]",Ascension,1.21,Training,Ascension,Ascension,True,True,ascension,1.0,1.0,0.0,0.0,0.0,0.0,0.0
NB48_LOSS_259__late_game_prize_pressure__4140a1afef70,NB48_LOSS_259__late_game_prize_pressure__4140a1afef70,NB48_LOSS_259,259,1514213747,75,3.0,75,Depth-6 Search Baseline,"[[[[""43"", ""Eevee""], 30.0, 3, ""None"", 20.0, true], [], 2, 3], [[[""788"", ""Charmander""], 48.0, 3, ""None"", 32.0, true], [], 2, 3], 9, ""Player""]",Quick Attack,1.3915,Training,Quick Attack,Quick Attack,True,True,ascension | quick attack,2.0,0.0,0.0,0.0,0.0,1.0,0.0
NB48_LOSS_259__opening_one_energy__c86c4b11bda0,NB48_LOSS_259__opening_one_energy__c86c4b11bda0,NB48_LOSS_259,259,1784460618,75,3.0,75,Depth-6 Search Baseline,"[[[[""43"", ""Eevee""], 50.0, 1, ""None"", 0.0, true], [], 6, 6], [[[""788"", ""Charmander""], 80.0, 1, ""None"", 0.0, true], [], 6, 6], 2, ""Player""]",Ascension,1.21,Training,Ascension,Ascension,True,True,ascension,1.0,1.0,0.0,0.0,0.0,0.0,0.0
NB48_LOSS_259__opening_zero_energy__2ab2e3052f68,NB48_LOSS_259__opening_zero_energy__2ab2e3052f68,NB48_LOSS_259,259,1951302861,75,3.0,75,Depth-6 Search Baseline,"[[[[""43"", ""Eevee""], 50.0, 0, ""None"", 0.0, true], [], 6, 7], [[[""788"", ""Charmander""], 80.0, 0, ""None"", 0.0, true], [], 6, 7], 1, ""Player""]",Pass,1.21,Training,Pass,Pass,True,True,pass,1.0,0.0,0.0,0.0,1.0,0.0,0.0
NB48_LOSS_259__opponent_under_pressure__e48318077e32,NB48_LOSS_259__opponent_under_pressure__e48318077e32,NB48_LOSS_259,259,3786064394,75,3.0,75,Depth-6 Search Baseline,"[[[[""43"", ""Eevee""], 42.5, 3, ""None"", 7.5, true], [], 4, 5], [[[""788"", ""Charmander""], 40.0, 2, ""None"", 40.0, true], [], 4, 5], 6, ""Player""]",Quick Attack,1.3915,Training,Quick Attack,Quick Attack,True,True,ascension | quick attack,2.0,0.0,0.0,0.0,0.0,1.0,0.0
NB48_LOSS_259__player_under_pressure__1c2d0c9b93a9,NB48_LOSS_259__player_under_pressure__1c2d0c9b93a9,NB48_LOSS_259,259,2426800121,75,3.0,75,Depth-6 Search Baseline,"[[[[""43"", ""Eevee""], 25.0, 2, ""None"", 25.0, true], [], 4, 4], [[[""788"", ""Charmander""], 68.0, 3, ""None"", 12.0, true], [], 4, 4], 6, ""Player""]",Ascension,1.21,Training,Ascension,Ascension,True,True,ascension,1.0,1.0,0.0,0.0,0.0,0.0,0.0
NB48_LOSS_264__balanced_midgame__69ed2407cc6a,NB48_LOSS_264__balanced_midgame__69ed2407cc6a,NB48_LOSS_264,264,1512825358,14,8.0,14,Depth-6 Search Baseline,"[[[[""650"", ""Bulbasaur""], 60.0, 2, ""None"", 20.0, true], [], 4, 5], [[[""43"", ""Eevee""], 37.5, 2, ""None"", 12.5, true], [], 4, 5], 5, ""Opponent""]",Ascension,1.6335,Training,Ascension,Ascension,True,True,ascension,1.0,1.0,0.0,0.0,0.0,0.0,0.0
NB48_LOSS_264__counterfactual_side_early__2895b96960af,NB48_LOSS_264__counterfactual_side_early__2895b96960af,NB48_LOSS_264,264,2378230924,14,8.0,14,Depth-6 Search Baseline,"[[[[""650"", ""Bulbasaur""], 72.0, 1, ""None"", 8.0, true], [], 5, 6], [[[""43"", ""Eevee""], 45.0, 1, ""None"", 5.0, true], [], 5, 6], 3, ""Player""]",Bind Down,0.99,Training,Bind Down,Bind Down,True,True,bind down,1.0,0.0,1.0,0.0,0.0,0.0,0.0
NB48_LOSS_264__counterfactual_side_late__b72cdacca4d5,NB48_LOSS_264__counterfactual_side_late__b72cdacca4d5,NB48_LOSS_264,264,3292633052,14,8.0,14,Depth-6 Search Baseline,"[[[[""650"", ""Bulbasaur""], 44.0, 3, ""None"", 36.0, true], [], 3, 4], [[[""43"", ""Eevee""], 27.5, 3, ""None"", 22.5, true], [], 3, 4], 8, ""Player""]",Bind Down,0.99,Training,Bind Down,Bind Down,True,True,bind down,1.0,0.0,1.0,0.0,0.0,0.0,0.0
NB48_LOSS_264__critical_hp_decision__4918dc13f369,NB48_LOSS_264__critical_hp_decision__4918dc13f369,NB48_LOSS_264,264,2839976038,14,8.0,14,Depth-6 Search Baseline,"[[[[""650"", ""Bulbasaur""], 24.0, 4, ""None"", 56.0, true], [], 2, 3], [[[""43"", ""Eevee""], 22.5, 4, ""None"", 27.5, true], [], 2, 3], 10, ""Opponent""]",Quick Attack,1.8785,Training,Quick Attack,Quick Attack,True,True,ascension | quick attack,2.0,0.0,0.0,0.0,0.0,1.0,0.0
NB48_LOSS_264__early_pressure__3737cab1a999,NB48_LOSS_264__early_pressure__3737cab1a999,NB48_LOSS_264,264,4044643549,14,8.0,14,Depth-6 Search Baseline,"[[[[""650"", ""Bulbasaur""], 68.0, 1, ""None"", 12.0, true], [], 5, 6], [[[""43"", ""Eevee""], 47.5, 2, ""None"", 2.5, true], [], 5, 6], 3, ""Opponent""]",Ascension,1.6335,Training,Ascension,Ascension,True,True,ascension,1.0,1.0,0.0,0.0,0.0,0.0,0.0
NB48_LOSS_264__late_game_prize_pressure__f62e74e88a37,NB48_LOSS_264__late_game_prize_pressure__f62e74e88a37,NB48_LOSS_264,264,3818131663,14,8.0,14,Depth-6 Search Baseline,"[[[[""650"", ""Bulbasaur""], 48.0, 3, ""None"", 32.0, true], [], 2, 3], [[[""43"", ""Eevee""], 30.0, 3, ""None"", 20.0, true], [], 2, 3], 9, ""Opponent""]",Quick Attack,1.8785,Training,Quick Attack,Quick Attack,True,True,ascension | quick attack,2.0,0.0,0.0,0.0,0.0,1.0,0.0
NB48_LOSS_264__opening_one_energy__13bb28f787b9,NB48_LOSS_264__opening_one_energy__13bb28f787b9,NB48_LOSS_264,264,1130056451,14,8.0,14,Depth-6 Search Baseline,"[[[[""650"", ""Bulbasaur""], 80.0, 1, ""None"", 0.0, true], [], 6, 6], [[[""43"", ""Eevee""], 50.0, 1, ""None"", 0.0, true], [], 6, 6], 2, ""Opponent""]",Ascension,1.6335,Training,Ascension,Ascension,True,True,ascension,1.0,1.0,0.0,0.0,0.0,0.0,0.0
NB48_LOSS_264__opening_zero_energy__bcec5b00c3c1,NB48_LOSS_264__opening_zero_energy__bcec5b00c3c1,NB48_LOSS_264,264,1449700100,14,8.0,14,Depth-6 Search Baseline,"[[[[""650"", ""Bulbasaur""], 80.0, 0, ""None"", 0.0, true], [], 6, 7], [[[""43"", ""Eevee""], 50.0, 0, ""None"", 0.0, true], [], 6, 7], 1, ""Opponent""]",Pass,1.6335,Training,Pass,Pass,True,True,pass,1.0,0.0,0.0,0.0,1.0,0.0,0.0
NB48_LOSS_264__opponent_under_pressure__e5d27d28d48c,NB48_LOSS_264__opponent_under_pressure__e5d27d28d48c,NB48_LOSS_264,264,4163635306,14,8.0,14,Depth-6 Search Baseline,"[[[[""650"", ""Bulbasaur""], 68.0, 3, ""None"", 12.0, true], [], 4, 5], [[[""43"", ""Eevee""], 25.0, 2, ""None"", 25.0, true], [], 4, 5], 6, ""Opponent""]",Ascension,1.6335,Training,Ascension,Ascension,True,True,ascension,1.0,1.0,0.0,0.0,0.0,0.0,0.0
NB48_LOSS_264__player_under_pressure__993a1b44fb16,NB48_LOSS_264__player_under_pressure__993a1b44fb16,NB48_LOSS_264,264,2686598482,14,8.0,14,Depth-6 Search Baseline,"[[[[""650"", ""Bulbasaur""], 40.0, 2, ""None"", 40.0, true], [], 4, 4], [[[""43"", ""Eevee""], 42.5, 3, ""None"", 7.5, true], [], 4, 4], 6, ""Opponent""]",Quick Attack,1.8785,Training,Quick Attack,Quick Attack,True,True,ascension | quick attack,2.0,0.0,0.0,0.0,0.0,1.0,0.0
NB48_LOSS_266__balanced_midgame__3a4dd531523e,NB48_LOSS_266__balanced_midgame__3a4dd531523e,NB48_LOSS_266,266,993438198,29,6.0,29,Depth-6 Search Baseline,"[[[[""1071"", ""Meowth ex""], 127.5, 2, ""None"", 42.5, true], [], 4, 5], [[[""43"", ""Eevee""], 37.5, 2, ""None"", 12.5, true], [], 4, 5], 5, ""Opponent""]",Ascension,1.6335,Training,Ascension,Ascension,True,True,ascension,1.0,1.0,0.0,0.0,0.0,0.0,0.0
NB48_LOSS_266__counterfactual_side_early__a81b942c92fd,NB48_LOSS_266__counterfactual_side_early__a81b942c92fd,NB48_LOSS_266,266,2921655500,29,6.0,29,Depth-6 Search Baseline,"[[[[""1071"", ""Meowth ex""], 153.0, 1, ""None"", 17.0, true], [], 5, 6], [[[""43"", ""Eevee""], 45.0, 1, ""None"", 5.0, true], [], 5, 6], 3, ""Player""]",Pass,0.99,Training,Pass,Pass,True,True,pass,1.0,0.0,0.0,0.0,1.0,0.0,0.0
NB48_LOSS_266__counterfactual_side_late__c99ddfcaffb3,NB48_LOSS_266__counterfactual_side_late__c99ddfcaffb3,NB48_LOSS_266,266,213471686,29,6.0,29,Depth-6 Search Baseline,"[[[[""1071"", ""Meowth ex""], 93.5, 3, ""None"", 76.5, true], [], 3, 4], [[[""43"", ""Eevee""], 27.5, 3, ""None"", 22.5, true], [], 3, 4], 8, ""Player""]",Tuck Tail,0.99,Training,Tuck Tail,Tuck Tail,True,True,tuck tail,1.0,0.0,0.0,0.0,0.0,0.0,1.0
NB48_LOSS_266__critical_hp_decision__5fd90d953605,NB48_LOSS_266__critical_hp_decision__5fd90d953605,NB48_LOSS_266,266,3108284070,29,6.0,29,Depth-6 Search Baseline,"[[[[""1071"", ""Meowth ex""], 51.0, 4, ""None"", 119.0, true], [], 2, 3], [[[""43"", ""Eevee""], 22.5, 4, ""None"", 27.5, true], [], 2, 3], 10, ""Opponent""]",Quick Attack,1.8785,Training,Quick Attack,Quick Attack,True,True,ascension | quick attack,2.0,0.0,0.0,0.0,0.0,1.0,0.0
NB48_LOSS_266__early_pressure__ca735760355a,NB48_LOSS_266__early_pressure__ca735760355a,NB48_LOSS_266,266,2420884527,29,6.0,29,Depth-6 Search Baseline,"[[[[""1071"", ""Meowth ex""], 144.5, 1, ""None"", 25.5, true], [], 5, 6], [[[""43"", ""Eevee""], 47.5, 2, ""None"", 2.5, true], [], 5, 6], 3, ""Opponent""]",Ascension,1.6335,Training,Ascension,Ascension,True,True,ascension,1.0,1.0,0.0,0.0,0.0,0.0,0.0
NB48_LOSS_266__late_game_prize_pressure__6aeb7bb9d902,NB48_LOSS_266__late_game_prize_pressure__6aeb7bb9d902,NB48_LOSS_266,266,3679300780,29,6.0,29,Depth-6 Search Baseline,"[[[[""1071"", ""Meowth ex""], 102.0, 3, ""None"", 68.0, true], [], 2, 3], [[[""43"", ""Eevee""], 30.0, 3, ""None"", 20.0, true], [], 2, 3], 9, ""Opponent""]",Quick Attack,1.8785,Training,Quick Attack,Quick Attack,True,True,ascension | quick attack,2.0,0.0,0.0,0.0,0.0,1.0,0.0
NB48_LOSS_266__opening_one_energy__e182f473a9e4,NB48_LOSS_266__opening_one_energy__e182f473a9e4,NB48_LOSS_266,266,3306015028,29,6.0,29,Depth-6 Search Baseline,"[[[[""1071"", ""Meowth ex""], 170.0, 1, ""None"", 0.0, true], [], 6, 6], [[[""43"", ""Eevee""], 50.0, 1, ""None"", 0.0, true], [], 6, 6], 2, ""Opponent""]",Ascension,1.6335,Training,Ascension,Ascension,True,True,ascension,1.0,1.0,0.0,0.0,0.0,0.0,0.0
NB48_LOSS_266__opening_zero_energy__9cabd3f35e6e,NB48_LOSS_266__opening_zero_energy__9cabd3f35e6e,NB48_LOSS_266,266,3308734672,29,6.0,29,Depth-6 Search Baseline,"[[[[""1071"", ""Meowth ex""], 170.0, 0, ""None"", 0.0, true], [], 6, 7], [[[""43"", ""Eevee""], 50.0, 0, ""None"", 0.0, true], [], 6, 7], 1, ""Opponent""]",Pass,1.6335,Training,Pass,Pass,True,True,pass,1.0,0.0,0.0,0.0,1.0,0.0,0.0
NB48_LOSS_266__opponent_under_pressure__5626987af5c1,NB48_LOSS_266__opponent_under_pressure__5626987af5c1,NB48_LOSS_266,266,1209435498,29,6.0,29,Depth-6 Search Baseline,"[[[[""1071"", ""Meowth ex""], 144.5, 3, ""None"", 25.5, true], [], 4, 5], [[[""43"", ""Eevee""], 25.0, 2, ""None"", 25.0, true], [], 4, 5], 6, ""Opponent""]",Ascension,1.6335,Training,Ascension,Ascension,True,True,ascension,1.0,1.0,0.0,0.0,0.0,0.0,0.0
NB48_LOSS_266__player_under_pressure__15b4752d4c73,NB48_LOSS_266__player_under_pressure__15b4752d4c73,NB48_LOSS_266,266,3152604387,29,6.0,29,Depth-6 Search Baseline,"[[[[""1071"", ""Meowth ex""], 85.0, 2, ""None"", 85.0, true], [], 4, 4], [[[""43"", ""Eevee""], 42.5, 3, ""None"", 7.5, true], [], 4, 4], 6, ""Opponent""]",Quick Attack,1.8785,Training,Quick Attack,Quick Attack,True,True,ascension | quick attack,2.0,0.0,0.0,0.0,0.0,1.0,0.0
NB48_LOSS_270__balanced_midgame__2b34ad5e0555,NB48_LOSS_270__balanced_midgame__2b34ad5e0555,NB48_LOSS_270,270,531131523,6,9.0,6,Depth-6 Search Baseline,"[[[[""650"", ""Bulbasaur""], 60.0, 2, ""None"", 20.0, true], [], 4, 5], [[[""43"", ""Eevee""], 37.5, 2, ""None"", 12.5, true], [], 4, 5], 5, ""Opponent""]",Ascension,1.6335,Training,Ascension,Ascension,True,True,ascension,1.0,1.0,0.0,0.0,0.0,0.0,0.0
NB48_LOSS_270__counterfactual_side_early__d2bcb494a9c8,NB48_LOSS_270__counterfactual_side_early__d2bcb494a9c8,NB48_LOSS_270,270,2949205028,6,9.0,6,Depth-6 Search Baseline,"[[[[""650"", ""Bulbasaur""], 72.0, 1, ""None"", 8.0, true], [], 5, 6], [[[""43"", ""Eevee""], 45.0, 1, ""None"", 5.0, true], [], 5, 6], 3, ""Player""]",Bind Down,0.99,Training,Bind Down,Bind Down,True,True,bind down,1.0,0.0,1.0,0.0,0.0,0.0,0.0
NB48_LOSS_270__counterfactual_side_late__174065f35dd7,NB48_LOSS_270__counterfactual_side_late__174065f35dd7,NB48_LOSS_270,270,2378605231,6,9.0,6,Depth-6 Search Baseline,"[[[[""650"", ""Bulbasaur""], 44.0, 3, ""None"", 36.0, true], [], 3, 4], [[[""43"", ""Eevee""], 27.5, 3, ""None"", 22.5, true], [], 3, 4], 8, ""Player""]",Bind Down,0.99,Training,Bind Down,Bind Down,True,True,bind down,1.0,0.0,1.0,0.0,0.0,0.0,0.0
NB48_LOSS_270__critical_hp_decision__bc847660e5cf,NB48_LOSS_270__critical_hp_decision__bc847660e5cf,NB48_LOSS_270,270,3030897004,6,9.0,6,Depth-6 Search Baseline,"[[[[""650"", ""Bulbasaur""], 24.0, 4, ""None"", 56.0, true], [], 2, 3], [[[""43"", ""Eevee""], 22.5, 4, ""None"", 27.5, true], [], 2, 3], 10, ""Opponent""]",Quick Attack,1.8785,Training,Quick Attack,Quick Attack,True,True,ascension | quick attack,2.0,0.0,0.0,0.0,0.0,1.0,0.0
NB48_LOSS_270__early_pressure__cf9b5e4d5b9b,NB48_LOSS_270__early_pressure__cf9b5e4d5b9b,NB48_LOSS_270,270,3656251184,6,9.0,6,Depth-6 Search Baseline,"[[[[""650"", ""Bulbasaur""], 68.0, 1, ""None"", 12.0, true], [], 5, 6], [[[""43"", ""Eevee""], 47.5, 2, ""None"", 2.5, true], [], 5, 6], 3, ""Opponent""]",Ascension,1.6335,Training,Ascension,Ascension,True,True,ascension,1.0,1.0,0.0,0.0,0.0,0.0,0.0
NB48_LOSS_270__late_game_prize_pressure__28d6d35ed34a,NB48_LOSS_270__late_game_prize_pressure__28d6d35ed34a,NB48_LOSS_270,270,1601992844,6,9.0,6,Depth-6 Search Baseline,"[[[[""650"", ""Bulbasaur""], 48.0, 3, ""None"", 32.0, true], [], 2, 3], [[[""43"", ""Eevee""], 30.0, 3, ""None"", 20.0, true], [], 2, 3], 9, ""Opponent""]",Quick Attack,1.8785,Training,Quick Attack,Quick Attack,True,True,ascension | quick attack,2.0,0.0,0.0,0.0,0.0,1.0,0.0
NB48_LOSS_270__opening_one_energy__113e517ff1ad,NB48_LOSS_270__opening_one_energy__113e517ff1ad,NB48_LOSS_270,270,1878413566,6,9.0,6,Depth-6 Search Baseline,"[[[[""650"", ""Bulbasaur""], 80.0, 1, ""None"", 0.0, true], [], 6, 6], [[[""43"", ""Eevee""], 50.0, 1, ""None"", 0.0, true], [], 6, 6], 2, ""Opponent""]",Ascension,1.6335,Training,Ascension,Ascension,True,True,ascension,1.0,1.0,0.0,0.0,0.0,0.0,0.0
NB48_LOSS_270__opening_zero_energy__af96808b8645,NB48_LOSS_270__opening_zero_energy__af96808b8645,NB48_LOSS_270,270,842652807,6,9.0,6,Depth-6 Search Baseline,"[[[[""650"", ""Bulbasaur""], 80.0, 0, ""None"", 0.0, true], [], 6, 7], [[[""43"", ""Eevee""], 50.0, 0, ""None"", 0.0, true], [], 6, 7], 1, ""Opponent""]",Pass,1.6335,Training,Pass,Pass,True,True,pass,1.0,0.0,0.0,0.0,1.0,0.0,0.0
NB48_LOSS_270__opponent_under_pressure__f33c2aeacf3b,NB48_LOSS_270__opponent_under_pressure__f33c2aeacf3b,NB48_LOSS_270,270,3899465352,6,9.0,6,Depth-6 Search Baseline,"[[[[""650"", ""Bulbasaur""], 68.0, 3, ""None"", 12.0, true], [], 4, 5], [[[""43"", ""Eevee""], 25.0, 2, ""None"", 25.0, true], [], 4, 5], 6, ""Opponent""]",Ascension,1.6335,Training,Ascension,Ascension,True,True,ascension,1.0,1.0,0.0,0.0,0.0,0.0,0.0
NB48_LOSS_270__player_under_pressure__cb14bf981252,NB48_LOSS_270__player_under_pressure__cb14bf981252,NB48_LOSS_270,270,2187018052,6,9.0,6,Depth-6 Search Baseline,"[[[[""650"", ""Bulbasaur""], 40.0, 2, ""None"", 40.0, true], [], 4, 4], [[[""43"", ""Eevee""], 42.5, 3, ""None"", 7.5, true], [], 4, 4], 6, ""Opponent""]",Quick Attack,1.8785,Training,Quick Attack,Quick Attack,True,True,ascension | quick attack,2.0,0.0,0.0,0.0,0.0,1.0,0.0
NB48_LOSS_271__balanced_midgame__ca6abdd11d60,NB48_LOSS_271__balanced_midgame__ca6abdd11d60,NB48_LOSS_271,271,1895246867,76,3.0,76,Depth-6 Search Baseline,"[[[[""43"", ""Eevee""], 37.5, 2, ""None"", 12.5, true], [], 4, 5], [[[""788"", ""Charmander""], 60.0, 2, ""None"", 20.0, true], [], 4, 5], 5, ""Player""]",Ascension,1.21,Training,Ascension,Ascension,True,True,ascension,1.0,1.0,0.0,0.0,0.0,0.0,0.0
NB48_LOSS_271__counterfactual_side_early__1ca0d3b344fc,NB48_LOSS_271__counterfactual_side_early__1ca0d3b344fc,NB48_LOSS_271,271,2160928803,76,3.0,76,Depth-6 Search Baseline,"[[[[""43"", ""Eevee""], 45.0, 1, ""None"", 5.0, true], [], 5, 6], [[[""788"", ""Charmander""], 72.0, 1, ""None"", 8.0, true], [], 5, 6], 3, ""Opponent""]",Live Coal,1.3365,Training,Live Coal,Live Coal,True,True,live coal,1.0,0.0,0.0,1.0,0.0,0.0,0.0
NB48_LOSS_271__counterfactual_side_late__3b54ae0efdfa,NB48_LOSS_271__counterfactual_side_late__3b54ae0efdfa,NB48_LOSS_271,271,2614486603,76,3.0,76,Depth-6 Search Baseline,"[[[[""43"", ""Eevee""], 27.5, 3, ""None"", 22.5, true], [], 3, 4], [[[""788"", ""Charmander""], 44.0, 3, ""None"", 36.0, true], [], 3, 4], 8, ""Opponent""]",Live Coal,1.3365,Training,Live Coal,Live Coal,True,True,live coal,1.0,0.0,0.0,1.0,0.0,0.0,0.0
NB48_LOSS_271__critical_hp_decision__337e5df4f645,NB48_LOSS_271__critical_hp_decision__337e5df4f645,NB48_LOSS_271,271,125349919,76,3.0,76,Depth-6 Search Baseline,"[[[[""43"", ""Eevee""], 15.0, 4, ""None"", 35.0, true], [], 2, 3], [[[""788"", ""Charmander""], 36.0, 4, ""None"", 44.0, true], [], 2, 3], 10, ""Player""]",Quick Attack,1.3915,Training,Quick Attack,Quick Attack,True,True,ascension | quick attack,2.0,0.0,0.0,0.0,0.0,1.0,0.0
NB48_LOSS_271__early_pressure__c52fe5d4a668,NB48_LOSS_271__early_pressure__c52fe5d4a668,NB48_LOSS_271,271,438641240,76,3.0,76,Depth-6 Search Baseline,"[[[[""43"", ""Eevee""], 42.5, 1, ""None"", 7.5, true], [], 5, 6], [[[""788"", ""Charmander""], 76.0, 2, ""None"", 4.0, true], [], 5, 6], 3, ""Player""]",Ascension,1.21,Training,Ascension,Ascension,True,True,ascension,1.0,1.0,0.0,0.0,0.0,0.0,0.0
NB48_LOSS_271__late_game_prize_pressure__f09f1556ffc7,NB48_LOSS_271__late_game_prize_pressure__f09f1556ffc7,NB48_LOSS_271,271,3292122352,76,3.0,76,Depth-6 Search Baseline,"[[[[""43"", ""Eevee""], 30.0, 3, ""None"", 20.0, true], [], 2, 3], [[[""788"", ""Charmander""], 48.0, 3, ""None"", 32.0, true], [], 2, 3], 9, ""Player""]",Quick Attack,1.3915,Training,Quick Attack,Quick Attack,True,True,ascension | quick attack,2.0,0.0,0.0,0.0,0.0,1.0,0.0
NB48_LOSS_271__opening_one_energy__8efe2841dd90,NB48_LOSS_271__opening_one_energy__8efe2841dd90,NB48_LOSS_271,271,1536872466,76,3.0,76,Depth-6 Search Baseline,"[[[[""43"", ""Eevee""], 50.0, 1, ""None"", 0.0, true], [], 6, 6], [[[""788"", ""Charmander""], 80.0, 1, ""None"", 0.0, true], [], 6, 6], 2, ""Player""]",Ascension,1.21,Training,Ascension,Ascension,True,True,ascension,1.0,1.0,0.0,0.0,0.0,0.0,0.0
NB48_LOSS_271__opening_zero_energy__6a88b6124d70,NB48_LOSS_271__opening_zero_energy__6a88b6124d70,NB48_LOSS_271,271,3324692561,76,3.0,76,Depth-6 Search Baseline,"[[[[""43"", ""Eevee""], 50.0, 0, ""None"", 0.0, true], [], 6, 7], [[[""788"", ""Charmander""], 80.0, 0, ""None"", 0.0, true], [], 6, 7], 1, ""Player""]",Pass,1.21,Training,Pass,Pass,True,True,pass,1.0,0.0,0.0,0.0,1.0,0.0,0.0
NB48_LOSS_271__opponent_under_pressure__8e617f1a3679,NB48_LOSS_271__opponent_under_pressure__8e617f1a3679,NB48_LOSS_271,271,2643395006,76,3.0,76,Depth-6 Search Baseline,"[[[[""43"", ""Eevee""], 42.5, 3, ""None"", 7.5, true], [], 4, 5], [[[""788"", ""Charmander""], 40.0, 2, ""None"", 40.0, true], [], 4, 5], 6, ""Player""]",Quick Attack,1.3915,Training,Quick Attack,Quick Attack,True,True,ascension | quick attack,2.0,0.0,0.0,0.0,0.0,1.0,0.0
NB48_LOSS_271__player_under_pressure__86ff5c94b63f,NB48_LOSS_271__player_under_pressure__86ff5c94b63f,NB48_LOSS_271,271,740131526,76,3.0,76,Depth-6 Search Baseline,"[[[[""43"", ""Eevee""], 25.0, 2, ""None"", 25.0, true], [], 4, 4], [[[""788"", ""Charmander""], 68.0, 3, ""None"", 12.0, true], [], 4, 4], 6, ""Player""]",Ascension,1.21,Training,Ascension,Ascension,True,True,ascension,1.0,1.0,0.0,0.0,0.0,0.0,0.0
NB48_LOSS_278__balanced_midgame__410ca1e3db52,NB48_LOSS_278__balanced_midgame__410ca1e3db52,NB48_LOSS_278,278,2925725013,31,6.0,31,Depth-6 Search Baseline,"[[[[""1071"", ""Meowth ex""], 127.5, 2, ""None"", 42.5, true], [], 4, 5], [[[""43"", ""Eevee""], 37.5, 2, ""None"", 12.5, true], [], 4, 5], 5, ""Opponent""]",Ascension,1.6335,Training,Ascension,Ascension,True,True,ascension,1.0,1.0,0.0,0.0,0.0,0.0,0.0
NB48_LOSS_278__counterfactual_side_early__f579aa2fd10e,NB48_LOSS_278__counterfactual_side_early__f579aa2fd10e,NB48_LOSS_278,278,2725524564,31,6.0,31,Depth-6 Search Baseline,"[[[[""1071"", ""Meowth ex""], 153.0, 1, ""None"", 17.0, true], [], 5, 6], [[[""43"", ""Eevee""], 45.0, 1, ""None"", 5.0, true], [], 5, 6], 3, ""Player""]",Pass,0.99,Training,Pass,Pass,True,True,pass,1.0,0.0,0.0,0.0,1.0,0.0,0.0
NB48_LOSS_278__counterfactual_side_late__f3b277d54056,NB48_LOSS_278__counterfactual_side_late__f3b277d54056,NB48_LOSS_278,278,3861718520,31,6.0,31,Depth-6 Search Baseline,"[[[[""1071"", ""Meowth ex""], 93.5, 3, ""None"", 76.5, true], [], 3, 4], [[[""43"", ""Eevee""], 27.5, 3, ""None"", 22.5, true], [], 3, 4], 8, ""Player""]",Tuck Tail,0.99,Training,Tuck Tail,Tuck Tail,True,True,tuck tail,1.0,0.0,0.0,0.0,0.0,0.0,1.0
NB48_LOSS_278__critical_hp_decision__30cb56947619,NB48_LOSS_278__critical_hp_decision__30cb56947619,NB48_LOSS_278,278,3221941509,31,6.0,31,Depth-6 Search Baseline,"[[[[""1071"", ""Meowth ex""], 51.0, 4, ""None"", 119.0, true], [], 2, 3], [[[""43"", ""Eevee""], 22.5, 4, ""None"", 27.5, true], [], 2, 3], 10, ""Opponent""]",Quick Attack,1.8785,Training,Quick Attack,Quick Attack,True,True,ascension | quick attack,2.0,0.0,0.0,0.0,0.0,1.0,0.0
NB48_LOSS_278__early_pressure__16b338ce1785,NB48_LOSS_278__early_pressure__16b338ce1785,NB48_LOSS_278,278,2519768140,31,6.0,31,Depth-6 Search Baseline,"[[[[""1071"", ""Meowth ex""], 144.5, 1, ""None"", 25.5, true], [], 5, 6], [[[""43"", ""Eevee""], 47.5, 2, ""None"", 2.5, true], [], 5, 6], 3, ""Opponent""]",Ascension,1.6335,Training,Ascension,Ascension,True,True,ascension,1.0,1.0,0.0,0.0,0.0,0.0,0.0
NB48_LOSS_278__late_game_prize_pressure__55bf12585c44,NB48_LOSS_278__late_game_prize_pressure__55bf12585c44,NB48_LOSS_278,278,729350262,31,6.0,31,Depth-6 Search Baseline,"[[[[""1071"", ""Meowth ex""], 102.0, 3, ""None"", 68.0, true], [], 2, 3], [[[""43"", ""Eevee""], 30.0, 3, ""None"", 20.0, true], [], 2, 3], 9, ""Opponent""]",Quick Attack,1.8785,Training,Quick Attack,Quick Attack,True,True,ascension | quick attack,2.0,0.0,0.0,0.0,0.0,1.0,0.0
NB48_LOSS_278__opening_one_energy__7469592cd7a6,NB48_LOSS_278__opening_one_energy__7469592cd7a6,NB48_LOSS_278,278,3622690875,31,6.0,31,Depth-6 Search Baseline,"[[[[""1071"", ""Meowth ex""], 170.0, 1, ""None"", 0.0, true], [], 6, 6], [[[""43"", ""Eevee""], 50.0, 1, ""None"", 0.0, true], [], 6, 6], 2, ""Opponent""]",Ascension,1.6335,Training,Ascension,Ascension,True,True,ascension,1.0,1.0,0.0,0.0,0.0,0.0,0.0
NB48_LOSS_278__opening_zero_energy__626ebf5182f5,NB48_LOSS_278__opening_zero_energy__626ebf5182f5,NB48_LOSS_278,278,415301107,31,6.0,31,Depth-6 Search Baseline,"[[[[""1071"", ""Meowth ex""], 170.0, 0, ""None"", 0.0, true], [], 6, 7], [[[""43"", ""Eevee""], 50.0, 0, ""None"", 0.0, true], [], 6, 7], 1, ""Opponent""]",Pass,1.6335,Training,Pass,Pass,True,True,pass,1.0,0.0,0.0,0.0,1.0,0.0,0.0
NB48_LOSS_278__opponent_under_pressure__52041b27d686,NB48_LOSS_278__opponent_under_pressure__52041b27d686,NB48_LOSS_278,278,639306805,31,6.0,31,Depth-6 Search Baseline,"[[[[""1071"", ""Meowth ex""], 144.5, 3, ""None"", 25.5, true], [], 4, 5], [[[""43"", ""Eevee""], 25.0, 2, ""None"", 25.0, true], [], 4, 5], 6, ""Opponent""]",Ascension,1.6335,Training,Ascension,Ascension,True,True,ascension,1.0,1.0,0.0,0.0,0.0,0.0,0.0
NB48_LOSS_278__player_under_pressure__13d16a2c2935,NB48_LOSS_278__player_under_pressure__13d16a2c2935,NB48_LOSS_278,278,3959787244,31,6.0,31,Depth-6 Search Baseline,"[[[[""1071"", ""Meowth ex""], 85.0, 2, ""None"", 85.0, true], [], 4, 4], [[[""43"", ""Eevee""], 42.5, 3, ""None"", 7.5, true], [], 4, 4], 6, ""Opponent""]",Quick Attack,1.8785,Training,Quick Attack,Quick Attack,True,True,ascension | quick attack,2.0,0.0,0.0,0.0,0.0,1.0,0.0
NB48_LOSS_282__balanced_midgame__a31aa319c71d,NB48_LOSS_282__balanced_midgame__a31aa319c71d,NB48_LOSS_282,282,2380958548,7,9.0,7,Depth-6 Search Baseline,"[[[[""650"", ""Bulbasaur""], 60.0, 2, ""None"", 20.0, true], [], 4, 5], [[[""43"", ""Eevee""], 37.5, 2, ""None"", 12.5, true], [], 4, 5], 5, ""Opponent""]",Ascension,1.6335,Training,Ascension,Ascension,True,True,ascension,1.0,1.0,0.0,0.0,0.0,0.0,0.0
NB48_LOSS_282__counterfactual_side_early__34c4ef8de849,NB48_LOSS_282__counterfactual_side_early__34c4ef8de849,NB48_LOSS_282,282,3527643023,7,9.0,7,Depth-6 Search Baseline,"[[[[""650"", ""Bulbasaur""], 72.0, 1, ""None"", 8.0, true], [], 5, 6], [[[""43"", ""Eevee""], 45.0, 1, ""None"", 5.0, true], [], 5, 6], 3, ""Player""]",Bind Down,0.99,Training,Bind Down,Bind Down,True,True,bind down,1.0,0.0,1.0,0.0,0.0,0.0,0.0
NB48_LOSS_282__counterfactual_side_late__4e5112b7cb01,NB48_LOSS_282__counterfactual_side_late__4e5112b7cb01,NB48_LOSS_282,282,1700897313,7,9.0,7,Depth-6 Search Baseline,"[[[[""650"", ""Bulbasaur""], 44.0, 3, ""None"", 36.0, true], [], 3, 4], [[[""43"", ""Eevee""], 27.5, 3, ""None"", 22.5, true], [], 3, 4], 8, ""Player""]",Bind Down,0.99,Training,Bind Down,Bind Down,True,True,bind down,1.0,0.0,1.0,0.0,0.0,0.0,0.0
NB48_LOSS_282__critical_hp_decision__b3d786989ded,NB48_LOSS_282__critical_hp_decision__b3d786989ded,NB48_LOSS_282,282,422961605,7,9.0,7,Depth-6 Search Baseline,"[[[[""650"", ""Bulbasaur""], 24.0, 4, ""None"", 56.0, true], [], 2, 3], [[[""43"", ""Eevee""], 22.5, 4, ""None"", 27.5, true], [], 2, 3], 10, ""Opponent""]",Quick Attack,1.8785,Training,Quick Attack,Quick Attack,True,True,ascension | quick attack,2.0,0.0,0.0,0.0,0.0,1.0,0.0
NB48_LOSS_282__early_pressure__8964fddae9ef,NB48_LOSS_282__early_pressure__8964fddae9ef,NB48_LOSS_282,282,3572185283,7,9.0,7,Depth-6 Search Baseline,"[[[[""650"", ""Bulbasaur""], 68.0, 1, ""None"", 12.0, true], [], 5, 6], [[[""43"", ""Eevee""], 47.5, 2, ""None"", 2.5, true], [], 5, 6], 3, ""Opponent""]",Ascension,1.6335,Training,Ascension,Ascension,True,True,ascension,1.0,1.0,0.0,0.0,0.0,0.0,0.0
NB48_LOSS_282__late_game_prize_pressure__a742773f6659,NB48_LOSS_282__late_game_prize_pressure__a742773f6659,NB48_LOSS_282,282,3522061231,7,9.0,7,Depth-6 Search Baseline,"[[[[""650"", ""Bulbasaur""], 48.0, 3, ""None"", 32.0, true], [], 2, 3], [[[""43"", ""Eevee""], 30.0, 3, ""None"", 20.0, true], [], 2, 3], 9, ""Opponent""]",Quick Attack,1.8785,Training,Quick Attack,Quick Attack,True,True,ascension | quick attack,2.0,0.0,0.0,0.0,0.0,1.0,0.0
NB48_LOSS_282__opening_one_energy__0390ae4e1944,NB48_LOSS_282__opening_one_energy__0390ae4e1944,NB48_LOSS_282,282,2534453678,7,9.0,7,Depth-6 Search Baseline,"[[[[""650"", ""Bulbasaur""], 80.0, 1, ""None"", 0.0, true], [], 6, 6], [[[""43"", ""Eevee""], 50.0, 1, ""None"", 0.0, true], [], 6, 6], 2, ""Opponent""]",Ascension,1.6335,Training,Ascension,Ascension,True,True,ascension,1.0,1.0,0.0,0.0,0.0,0.0,0.0
NB48_LOSS_282__opening_zero_energy__6122849eb4aa,NB48_LOSS_282__opening_zero_energy__6122849eb4aa,NB48_LOSS_282,282,633784774,7,9.0,7,Depth-6 Search Baseline,"[[[[""650"", ""Bulbasaur""], 80.0, 0, ""None"", 0.0, true], [], 6, 7], [[[""43"", ""Eevee""], 50.0, 0, ""None"", 0.0, true], [], 6, 7], 1, ""Opponent""]",Pass,1.6335,Training,Pass,Pass,True,True,pass,1.0,0.0,0.0,0.0,1.0,0.0,0.0
NB48_LOSS_282__opponent_under_pressure__37a51bdcc91f,NB48_LOSS_282__opponent_under_pressure__37a51bdcc91f,NB48_LOSS_282,282,3737111242,7,9.0,7,Depth-6 Search Baseline,"[[[[""650"", ""Bulbasaur""], 68.0, 3, ""None"", 12.0, true], [], 4, 5], [[[""43"", ""Eevee""], 25.0, 2, ""None"", 25.0, true], [], 4, 5], 6, ""Opponent""]",Ascension,1.6335,Training,Ascension,Ascension,True,True,ascension,1.0,1.0,0.0,0.0,0.0,0.0,0.0
NB48_LOSS_282__player_under_pressure__8cc30d1d4bb3,NB48_LOSS_282__player_under_pressure__8cc30d1d4bb3,NB48_LOSS_282,282,3651029665,7,9.0,7,Depth-6 Search Baseline,"[[[[""650"", ""Bulbasaur""], 40.0, 2, ""None"", 40.0, true], [], 4, 4], [[[""43"", ""Eevee""], 42.5, 3, ""None"", 7.5, true], [], 4, 4], 6, ""Opponent""]",Quick Attack,1.8785,Training,Quick Attack,Quick Attack,True,True,ascension | quick attack,2.0,0.0,0.0,0.0,0.0,1.0,0.0
NB48_LOSS_283__balanced_midgame__bf00372637e4,NB48_LOSS_283__balanced_midgame__bf00372637e4,NB48_LOSS_283,283,3321887986,77,3.0,77,Depth-6 Search Baseline,"[[[[""43"", ""Eevee""], 37.5, 2, ""None"", 12.5, true], [], 4, 5], [[[""788"", ""Charmander""], 60.0, 2, ""None"", 20.0, true], [], 4, 5], 5, ""Player""]",Ascension,1.21,Training,Ascension,Ascension,True,True,ascension,1.0,1.0,0.0,0.0,0.0,0.0,0.0
NB48_LOSS_283__counterfactual_side_early__cf42ef34e46d,NB48_LOSS_283__counterfactual_side_early__cf42ef34e46d,NB48_LOSS_283,283,1136773606,77,3.0,77,Depth-6 Search Baseline,"[[[[""43"", ""Eevee""], 45.0, 1, ""None"", 5.0, true], [], 5, 6], [[[""788"", ""Charmander""], 72.0, 1, ""None"", 8.0, true], [], 5, 6], 3, ""Opponent""]",Live Coal,1.3365,Training,Live Coal,Live Coal,True,True,live coal,1.0,0.0,0.0,1.0,0.0,0.0,0.0
NB48_LOSS_283__counterfactual_side_late__945949938433,NB48_LOSS_283__counterfactual_side_late__945949938433,NB48_LOSS_283,283,3779199115,77,3.0,77,Depth-6 Search Baseline,"[[[[""43"", ""Eevee""], 27.5, 3, ""None"", 22.5, true], [], 3, 4], [[[""788"", ""Charmander""], 44.0, 3, ""None"", 36.0, true], [], 3, 4], 8, ""Opponent""]",Live Coal,1.3365,Training,Live Coal,Live Coal,True,True,live coal,1.0,0.0,0.0,1.0,0.0,0.0,0.0
NB48_LOSS_283__critical_hp_decision__551ac7a91feb,NB48_LOSS_283__critical_hp_decision__551ac7a91feb,NB48_LOSS_283,283,2068106194,77,3.0,77,Depth-6 Search Baseline,"[[[[""43"", ""Eevee""], 15.0, 4, ""None"", 35.0, true], [], 2, 3], [[[""788"", ""Charmander""], 36.0, 4, ""None"", 44.0, true], [], 2, 3], 10, ""Player""]",Quick Attack,1.3915,Training,Quick Attack,Quick Attack,True,True,ascension | quick attack,2.0,0.0,0.0,0.0,0.0,1.0,0.0
NB48_LOSS_283__early_pressure__95b364be3010,NB48_LOSS_283__early_pressure__95b364be3010,NB48_LOSS_283,283,1661574491,77,3.0,77,Depth-6 Search Baseline,"[[[[""43"", ""Eevee""], 42.5, 1, ""None"", 7.5, true], [], 5, 6], [[[""788"", ""Charmander""], 76.0, 2, ""None"", 4.0, true], [], 5, 6], 3, ""Player""]",Ascension,1.21,Training,Ascension,Ascension,True,True,ascension,1.0,1.0,0.0,0.0,0.0,0.0,0.0
NB48_LOSS_283__late_game_prize_pressure__2ed131874fad,NB48_LOSS_283__late_game_prize_pressure__2ed131874fad,NB48_LOSS_283,283,153652020,77,3.0,77,Depth-6 Search Baseline,"[[[[""43"", ""Eevee""], 30.0, 3, ""None"", 20.0, true], [], 2, 3], [[[""788"", ""Charmander""], 48.0, 3, ""None"", 32.0, true], [], 2, 3], 9, ""Player""]",Quick Attack,1.3915,Training,Quick Attack,Quick Attack,True,True,ascension | quick attack,2.0,0.0,0.0,0.0,0.0,1.0,0.0
NB48_LOSS_283__opening_one_energy__152a2deae183,NB48_LOSS_283__opening_one_energy__152a2deae183,NB48_LOSS_283,283,2103953386,77,3.0,77,Depth-6 Search Baseline,"[[[[""43"", ""Eevee""], 50.0, 1, ""None"", 0.0, true], [], 6, 6], [[[""788"", ""Charmander""], 80.0, 1, ""None"", 0.0, true], [], 6, 6], 2, ""Player""]",Ascension,1.21,Training,Ascension,Ascension,True,True,ascension,1.0,1.0,0.0,0.0,0.0,0.0,0.0
NB48_LOSS_283__opening_zero_energy__0703386088cf,NB48_LOSS_283__opening_zero_energy__0703386088cf,NB48_LOSS_283,283,2822342168,77,3.0,77,Depth-6 Search Baseline,"[[[[""43"", ""Eevee""], 50.0, 0, ""None"", 0.0, true], [], 6, 7], [[[""788"", ""Charmander""], 80.0, 0, ""None"", 0.0, true], [], 6, 7], 1, ""Player""]",Pass,1.21,Training,Pass,Pass,True,True,pass,1.0,0.0,0.0,0.0,1.0,0.0,0.0
NB48_LOSS_283__opponent_under_pressure__80cf81e76743,NB48_LOSS_283__opponent_under_pressure__80cf81e76743,NB48_LOSS_283,283,579810496,77,3.0,77,Depth-6 Search Baseline,"[[[[""43"", ""Eevee""], 42.5, 3, ""None"", 7.5, true], [], 4, 5], [[[""788"", ""Charmander""], 40.0, 2, ""None"", 40.0, true], [], 4, 5], 6, ""Player""]",Quick Attack,1.3915,Training,Quick Attack,Quick Attack,True,True,ascension | quick attack,2.0,0.0,0.0,0.0,0.0,1.0,0.0
NB48_LOSS_283__player_under_pressure__1914a4090d57,NB48_LOSS_283__player_under_pressure__1914a4090d57,NB48_LOSS_283,283,1153106081,77,3.0,77,Depth-6 Search Baseline,"[[[[""43"", ""Eevee""], 25.0, 2, ""None"", 25.0, true], [], 4, 4], [[[""788"", ""Charmander""], 68.0, 3, ""None"", 12.0, true], [], 4, 4], 6, ""Player""]",Ascension,1.21,Training,Ascension,Ascension,True,True,ascension,1.0,1.0,0.0,0.0,0.0,0.0,0.0
NB48_LOSS_286__balanced_midgame__865cb8e68dbb,NB48_LOSS_286__balanced_midgame__865cb8e68dbb,NB48_LOSS_286,286,396986915,32,6.0,32,Depth-6 Search Baseline,"[[[[""788"", ""Charmander""], 60.0, 2, ""None"", 20.0, true], [], 4, 5], [[[""43"", ""Eevee""], 37.5, 2, ""None"", 12.5, true], [], 4, 5], 5, ""Opponent""]",Ascension,1.6335,Training,Ascension,Ascension,True,True,ascension,1.0,1.0,0.0,0.0,0.0,0.0,0.0
NB48_LOSS_286__counterfactual_side_early__7f3eee53c4b6,NB48_LOSS_286__counterfactual_side_early__7f3eee53c4b6,NB48_LOSS_286,286,3140422524,32,6.0,32,Depth-6 Search Baseline,"[[[[""788"", ""Charmander""], 72.0, 1, ""None"", 8.0, true], [], 5, 6], [[[""43"", ""Eevee""], 45.0, 1, ""None"", 5.0, true], [], 5, 6], 3, ""Player""]",Live Coal,0.99,Training,Live Coal,Live Coal,True,True,live coal,1.0,0.0,0.0,1.0,0.0,0.0,0.0
NB48_LOSS_286__counterfactual_side_late__b2d16afc6102,NB48_LOSS_286__counterfactual_side_late__b2d16afc6102,NB48_LOSS_286,286,2376493412,32,6.0,32,Depth-6 Search Baseline,"[[[[""788"", ""Charmander""], 44.0, 3, ""None"", 36.0, true], [], 3, 4], [[[""43"", ""Eevee""], 27.5, 3, ""None"", 22.5, true], [], 3, 4], 8, ""Player""]",Live Coal,0.99,Training,Live Coal,Live Coal,True,True,live coal,1.0,0.0,0.0,1.0,0.0,0.0,0.0
NB48_LOSS_286__critical_hp_decision__37e677d09f19,NB48_LOSS_286__critical_hp_decision__37e677d09f19,NB48_LOSS_286,286,4217434912,32,6.0,32,Depth-6 Search Baseline,"[[[[""788"", ""Charmander""], 24.0, 4, ""None"", 56.0, true], [], 2, 3], [[[""43"", ""Eevee""], 22.5, 4, ""None"", 27.5, true], [], 2, 3], 10, ""Opponent""]",Quick Attack,1.8785,Training,Quick Attack,Quick Attack,True,True,ascension | quick attack,2.0,0.0,0.0,0.0,0.0,1.0,0.0
NB48_LOSS_286__early_pressure__4a1deb36bd4f,NB48_LOSS_286__early_pressure__4a1deb36bd4f,NB48_LOSS_286,286,4252839265,32,6.0,32,Depth-6 Search Baseline,"[[[[""788"", ""Charmander""], 68.0, 1, ""None"", 12.0, true], [], 5, 6], [[[""43"", ""Eevee""], 47.5, 2, ""None"", 2.5, true], [], 5, 6], 3, ""Opponent""]",Ascension,1.6335,Training,Ascension,Ascension,True,True,ascension,1.0,1.0,0.0,0.0,0.0,0.0,0.0
NB48_LOSS_286__late_game_prize_pressure__efa62b73ec0b,NB48_LOSS_286__late_game_prize_pressure__efa62b73ec0b,NB48_LOSS_286,286,3012773661,32,6.0,32,Depth-6 Search Baseline,"[[[[""788"", ""Charmander""], 48.0, 3, ""None"", 32.0, true], [], 2, 3], [[[""43"", ""Eevee""], 30.0, 3, ""None"", 20.0, true], [], 2, 3], 9, ""Opponent""]",Quick Attack,1.8785,Training,Quick Attack,Quick Attack,True,True,ascension | quick attack,2.0,0.0,0.0,0.0,0.0,1.0,0.0
NB48_LOSS_286__opening_one_energy__4d6a7f9d7f2c,NB48_LOSS_286__opening_one_energy__4d6a7f9d7f2c,NB48_LOSS_286,286,2595295645,32,6.0,32,Depth-6 Search Baseline,"[[[[""788"", ""Charmander""], 80.0, 1, ""None"", 0.0, true], [], 6, 6], [[[""43"", ""Eevee""], 50.0, 1, ""None"", 0.0, true], [], 6, 6], 2, ""Opponent""]",Ascension,1.6335,Training,Ascension,Ascension,True,True,ascension,1.0,1.0,0.0,0.0,0.0,0.0,0.0
NB48_LOSS_286__opening_zero_energy__2188bdd0392f,NB48_LOSS_286__opening_zero_energy__2188bdd0392f,NB48_LOSS_286,286,1621760754,32,6.0,32,Depth-6 Search Baseline,"[[[[""788"", ""Charmander""], 80.0, 0, ""None"", 0.0, true], [], 6, 7], [[[""43"", ""Eevee""], 50.0, 0, ""None"", 0.0, true], [], 6, 7], 1, ""Opponent""]",Pass,1.6335,Training,Pass,Pass,True,True,pass,1.0,0.0,0.0,0.0,1.0,0.0,0.0
NB48_LOSS_286__opponent_under_pressure__538eabf9fbb0,NB48_LOSS_286__opponent_under_pressure__538eabf9fbb0,NB48_LOSS_286,286,297284614,32,6.0,32,Depth-6 Search Baseline,"[[[[""788"", ""Charmander""], 68.0, 3, ""None"", 12.0, true], [], 4, 5], [[[""43"", ""Eevee""], 25.0, 2, ""None"", 25.0, true], [], 4, 5], 6, ""Opponent""]",Ascension,1.6335,Training,Ascension,Ascension,True,True,ascension,1.0,1.0,0.0,0.0,0.0,0.0,0.0
NB48_LOSS_286__player_under_pressure__7f3f8c29c7a7,NB48_LOSS_286__player_under_pressure__7f3f8c29c7a7,NB48_LOSS_286,286,4259993703,32,6.0,32,Depth-6 Search Baseline,"[[[[""788"", ""Charmander""], 40.0, 2, ""None"", 40.0, true], [], 4, 4], [[[""43"", ""Eevee""], 42.5, 3, ""None"", 7.5, true], [], 4, 4], 6, ""Opponent""]",Quick Attack,1.8785,Training,Quick Attack,Quick Attack,True,True,ascension | quick attack,2.0,0.0,0.0,0.0,0.0,1.0,0.0
NB48_LOSS_290__balanced_midgame__bc7e0835183e,NB48_LOSS_290__balanced_midgame__bc7e0835183e,NB48_LOSS_290,290,1795513837,33,6.0,33,Depth-6 Search Baseline,"[[[[""1071"", ""Meowth ex""], 127.5, 2, ""None"", 42.5, true], [], 4, 5], [[[""43"", ""Eevee""], 37.5, 2, ""None"", 12.5, true], [], 4, 5], 5, ""Opponent""]",Ascension,1.6335,Training,Ascension,Ascension,True,True,ascension,1.0,1.0,0.0,0.0,0.0,0.0,0.0
NB48_LOSS_290__counterfactual_side_early__2fe6bc3014b8,NB48_LOSS_290__counterfactual_side_early__2fe6bc3014b8,NB48_LOSS_290,290,4091161808,33,6.0,33,Depth-6 Search Baseline,"[[[[""1071"", ""Meowth ex""], 153.0, 1, ""None"", 17.0, true], [], 5, 6], [[[""43"", ""Eevee""], 45.0, 1, ""None"", 5.0, true], [], 5, 6], 3, ""Player""]",Pass,0.99,Training,Pass,Pass,True,True,pass,1.0,0.0,0.0,0.0,1.0,0.0,0.0
NB48_LOSS_290__counterfactual_side_late__5c0b3d4c08f8,NB48_LOSS_290__counterfactual_side_late__5c0b3d4c08f8,NB48_LOSS_290,290,568854174,33,6.0,33,Depth-6 Search Baseline,"[[[[""1071"", ""Meowth ex""], 93.5, 3, ""None"", 76.5, true], [], 3, 4], [[[""43"", ""Eevee""], 27.5, 3, ""None"", 22.5, true], [], 3, 4], 8, ""Player""]",Tuck Tail,0.99,Training,Tuck Tail,Tuck Tail,True,True,tuck tail,1.0,0.0,0.0,0.0,0.0,0.0,1.0
NB48_LOSS_290__critical_hp_decision__e8d5f0f56c5b,NB48_LOSS_290__critical_hp_decision__e8d5f0f56c5b,NB48_LOSS_290,290,3050712629,33,6.0,33,Depth-6 Search Baseline,"[[[[""1071"", ""Meowth ex""], 51.0, 4, ""None"", 119.0, true], [], 2, 3], [[[""43"", ""Eevee""], 22.5, 4, ""None"", 27.5, true], [], 2, 3], 10, ""Opponent""]",Quick Attack,1.8785,Training,Quick Attack,Quick Attack,True,True,ascension | quick attack,2.0,0.0,0.0,0.0,0.0,1.0,0.0
NB48_LOSS_290__early_pressure__0c182b732d2b,NB48_LOSS_290__early_pressure__0c182b732d2b,NB48_LOSS_290,290,1758344494,33,6.0,33,Depth-6 Search Baseline,"[[[[""1071"", ""Meowth ex""], 144.5, 1, ""None"", 25.5, true], [], 5, 6], [[[""43"", ""Eevee""], 47.5, 2, ""None"", 2.5, true], [], 5, 6], 3, ""Opponent""]",Ascension,1.6335,Training,Ascension,Ascension,True,True,ascension,1.0,1.0,0.0,0.0,0.0,0.0,0.0
NB48_LOSS_290__late_game_prize_pressure__5f577bb17d66,NB48_LOSS_290__late_game_prize_pressure__5f577bb17d66,NB48_LOSS_290,290,3217875533,33,6.0,33,Depth-6 Search Baseline,"[[[[""1071"", ""Meowth ex""], 102.0, 3, ""None"", 68.0, true], [], 2, 3], [[[""43"", ""Eevee""], 30.0, 3, ""None"", 20.0, true], [], 2, 3], 9, ""Opponent""]",Quick Attack,1.8785,Training,Quick Attack,Quick Attack,True,True,ascension | quick attack,2.0,0.0,0.0,0.0,0.0,1.0,0.0
NB48_LOSS_290__opening_one_energy__cb62bbbd43eb,NB48_LOSS_290__opening_one_energy__cb62bbbd43eb,NB48_LOSS_290,290,1278338546,33,6.0,33,Depth-6 Search Baseline,"[[[[""1071"", ""Meowth ex""], 170.0, 1, ""None"", 0.0, true], [], 6, 6], [[[""43"", ""Eevee""], 50.0, 1, ""None"", 0.0, true], [], 6, 6], 2, ""Opponent""]",Ascension,1.6335,Training,Ascension,Ascension,True,True,ascension,1.0,1.0,0.0,0.0,0.0,0.0,0.0
NB48_LOSS_290__opening_zero_energy__74c1d5a5eb9d,NB48_LOSS_290__opening_zero_energy__74c1d5a5eb9d,NB48_LOSS_290,290,2510264938,33,6.0,33,Depth-6 Search Baseline,"[[[[""1071"", ""Meowth ex""], 170.0, 0, ""None"", 0.0, true], [], 6, 7], [[[""43"", ""Eevee""], 50.0, 0, ""None"", 0.0, true], [], 6, 7], 1, ""Opponent""]",Pass,1.6335,Training,Pass,Pass,True,True,pass,1.0,0.0,0.0,0.0,1.0,0.0,0.0
NB48_LOSS_290__opponent_under_pressure__88deac211896,NB48_LOSS_290__opponent_under_pressure__88deac211896,NB48_LOSS_290,290,1155973136,33,6.0,33,Depth-6 Search Baseline,"[[[[""1071"", ""Meowth ex""], 144.5, 3, ""None"", 25.5, true], [], 4, 5], [[[""43"", ""Eevee""], 25.0, 2, ""None"", 25.0, true], [], 4, 5], 6, ""Opponent""]",Ascension,1.6335,Training,Ascension,Ascension,True,True,ascension,1.0,1.0,0.0,0.0,0.0,0.0,0.0
NB48_LOSS_290__player_under_pressure__67df1487ca18,NB48_LOSS_290__player_under_pressure__67df1487ca18,NB48_LOSS_290,290,2650918665,33,6.0,33,Depth-6 Search Baseline,"[[[[""1071"", ""Meowth ex""], 85.0, 2, ""None"", 85.0, true], [], 4, 4], [[[""43"", ""Eevee""], 42.5, 3, ""None"", 7.5, true], [], 4, 4], 6, ""Opponent""]",Quick Attack,1.8785,Training,Quick Attack,Quick Attack,True,True,ascension | quick attack,2.0,0.0,0.0,0.0,0.0,1.0,0.0
NB48_LOSS_294__balanced_midgame__d4013ada1fb0,NB48_LOSS_294__balanced_midgame__d4013ada1fb0,NB48_LOSS_294,294,4125664417,8,9.0,8,Depth-6 Search Baseline,"[[[[""650"", ""Bulbasaur""], 60.0, 2, ""None"", 20.0, true], [], 4, 5], [[[""43"", ""Eevee""], 37.5, 2, ""None"", 12.5, true], [], 4, 5], 5, ""Opponent""]",Ascension,1.6335,Training,Ascension,Ascension,True,True,ascension,1.0,1.0,0.0,0.0,0.0,0.0,0.0
NB48_LOSS_294__counterfactual_side_early__dba41117acc3,NB48_LOSS_294__counterfactual_side_early__dba41117acc3,NB48_LOSS_294,294,3583887593,8,9.0,8,Depth-6 Search Baseline,"[[[[""650"", ""Bulbasaur""], 72.0, 1, ""None"", 8.0, true], [], 5, 6], [[[""43"", ""Eevee""], 45.0, 1, ""None"", 5.0, true], [], 5, 6], 3, ""Player""]",Bind Down,0.99,Training,Bind Down,Bind Down,True,True,bind down,1.0,0.0,1.0,0.0,0.0,0.0,0.0
NB48_LOSS_294__counterfactual_side_late__dc4d52e283bb,NB48_LOSS_294__counterfactual_side_late__dc4d52e283bb,NB48_LOSS_294,294,3381691561,8,9.0,8,Depth-6 Search Baseline,"[[[[""650"", ""Bulbasaur""], 44.0, 3, ""None"", 36.0, true], [], 3, 4], [[[""43"", ""Eevee""], 27.5, 3, ""None"", 22.5, true], [], 3, 4], 8, ""Player""]",Bind Down,0.99,Training,Bind Down,Bind Down,True,True,bind down,1.0,0.0,1.0,0.0,0.0,0.0,0.0
NB48_LOSS_294__critical_hp_decision__8b6bc6cbba86,NB48_LOSS_294__critical_hp_decision__8b6bc6cbba86,NB48_LOSS_294,294,544621089,8,9.0,8,Depth-6 Search Baseline,"[[[[""650"", ""Bulbasaur""], 24.0, 4, ""None"", 56.0, true], [], 2, 3], [[[""43"", ""Eevee""], 22.5, 4, ""None"", 27.5, true], [], 2, 3], 10, ""Opponent""]",Quick Attack,1.8785,Training,Quick Attack,Quick Attack,True,True,ascension | quick attack,2.0,0.0,0.0,0.0,0.0,1.0,0.0
NB48_LOSS_294__early_pressure__da5f77adcac4,NB48_LOSS_294__early_pressure__da5f77adcac4,NB48_LOSS_294,294,307159289,8,9.0,8,Depth-6 Search Baseline,"[[[[""650"", ""Bulbasaur""], 68.0, 1, ""None"", 12.0, true], [], 5, 6], [[[""43"", ""Eevee""], 47.5, 2, ""None"", 2.5, true], [], 5, 6], 3, ""Opponent""]",Ascension,1.6335,Training,Ascension,Ascension,True,True,ascension,1.0,1.0,0.0,0.0,0.0,0.0,0.0
NB48_LOSS_294__late_game_prize_pressure__6df12cab5bd8,NB48_LOSS_294__late_game_prize_pressure__6df12cab5bd8,NB48_LOSS_294,294,3637197715,8,9.0,8,Depth-6 Search Baseline,"[[[[""650"", ""Bulbasaur""], 48.0, 3, ""None"", 32.0, true], [], 2, 3], [[[""43"", ""Eevee""], 30.0, 3, ""None"", 20.0, true], [], 2, 3], 9, ""Opponent""]",Quick Attack,1.8785,Training,Quick Attack,Quick Attack,True,True,ascension | quick attack,2.0,0.0,0.0,0.0,0.0,1.0,0.0
NB48_LOSS_294__opening_one_energy__142ba93cb526,NB48_LOSS_294__opening_one_energy__142ba93cb526,NB48_LOSS_294,294,1913497575,8,9.0,8,Depth-6 Search Baseline,"[[[[""650"", ""Bulbasaur""], 80.0, 1, ""None"", 0.0, true], [], 6, 6], [[[""43"", ""Eevee""], 50.0, 1, ""None"", 0.0, true], [], 6, 6], 2, ""Opponent""]",Ascension,1.6335,Training,Ascension,Ascension,True,True,ascension,1.0,1.0,0.0,0.0,0.0,0.0,0.0
NB48_LOSS_294__opening_zero_energy__06ee5a056c24,NB48_LOSS_294__opening_zero_energy__06ee5a056c24,NB48_LOSS_294,294,1950872828,8,9.0,8,Depth-6 Search Baseline,"[[[[""650"", ""Bulbasaur""], 80.0, 0, ""None"", 0.0, true], [], 6, 7], [[[""43"", ""Eevee""], 50.0, 0, ""None"", 0.0, true], [], 6, 7], 1, ""Opponent""]",Pass,1.6335,Training,Pass,Pass,True,True,pass,1.0,0.0,0.0,0.0,1.0,0.0,0.0
NB48_LOSS_294__opponent_under_pressure__b2b4aa5610bc,NB48_LOSS_294__opponent_under_pressure__b2b4aa5610bc,NB48_LOSS_294,294,4251708035,8,9.0,8,Depth-6 Search Baseline,"[[[[""650"", ""Bulbasaur""], 68.0, 3, ""None"", 12.0, true], [], 4, 5], [[[""43"", ""Eevee""], 25.0, 2, ""None"", 25.0, true], [], 4, 5], 6, ""Opponent""]",Ascension,1.6335,Training,Ascension,Ascension,True,True,ascension,1.0,1.0,0.0,0.0,0.0,0.0,0.0
NB48_LOSS_294__player_under_pressure__89ce42fa6de9,NB48_LOSS_294__player_under_pressure__89ce42fa6de9,NB48_LOSS_294,294,476742310,8,9.0,8,Depth-6 Search Baseline,"[[[[""650"", ""Bulbasaur""], 40.0, 2, ""None"", 40.0, true], [], 4, 4], [[[""43"", ""Eevee""], 42.5, 3, ""None"", 7.5, true], [], 4, 4], 6, ""Opponent""]",Quick Attack,1.8785,Training,Quick Attack,Quick Attack,True,True,ascension | quick attack,2.0,0.0,0.0,0.0,0.0,1.0,0.0
NB48_LOSS_295__balanced_midgame__338700cdb6c0,NB48_LOSS_295__balanced_midgame__338700cdb6c0,NB48_LOSS_295,295,3049481643,78,3.0,78,Depth-6 Search Baseline,"[[[[""43"", ""Eevee""], 37.5, 2, ""None"", 12.5, true], [], 4, 5], [[[""788"", ""Charmander""], 60.0, 2, ""None"", 20.0, true], [], 4, 5], 5, ""Player""]",Ascension,1.21,Training,Ascension,Ascension,True,True,ascension,1.0,1.0,0.0,0.0,0.0,0.0,0.0
NB48_LOSS_295__counterfactual_side_early__465607206fae,NB48_LOSS_295__counterfactual_side_early__465607206fae,NB48_LOSS_295,295,1169254933,78,3.0,78,Depth-6 Search Baseline,"[[[[""43"", ""Eevee""], 45.0, 1, ""None"", 5.0, true], [], 5, 6], [[[""788"", ""Charmander""], 72.0, 1, ""None"", 8.0, true], [], 5, 6], 3, ""Opponent""]",Live Coal,1.3365,Training,Live Coal,Live Coal,True,True,live coal,1.0,0.0,0.0,1.0,0.0,0.0,0.0
NB48_LOSS_295__counterfactual_side_late__aeea0eba2884,NB48_LOSS_295__counterfactual_side_late__aeea0eba2884,NB48_LOSS_295,295,196590093,78,3.0,78,Depth-6 Search Baseline,"[[[[""43"", ""Eevee""], 27.5, 3, ""None"", 22.5, true], [], 3, 4], [[[""788"", ""Charmander""], 44.0, 3, ""None"", 36.0, true], [], 3, 4], 8, ""Opponent""]",Live Coal,1.3365,Training,Live Coal,Live Coal,True,True,live coal,1.0,0.0,0.0,1.0,0.0,0.0,0.0
NB48_LOSS_295__critical_hp_decision__e578753f887e,NB48_LOSS_295__critical_hp_decision__e578753f887e,NB48_LOSS_295,295,2473344839,78,3.0,78,Depth-6 Search Baseline,"[[[[""43"", ""Eevee""], 15.0, 4, ""None"", 35.0, true], [], 2, 3], [[[""788"", ""Charmander""], 36.0, 4, ""None"", 44.0, true], [], 2, 3], 10, ""Player""]",Quick Attack,1.3915,Training,Quick Attack,Quick Attack,True,True,ascension | quick attack,2.0,0.0,0.0,0.0,0.0,1.0,0.0
NB48_LOSS_295__early_pressure__debd251ccd31,NB48_LOSS_295__early_pressure__debd251ccd31,NB48_LOSS_295,295,1492163403,78,3.0,78,Depth-6 Search Baseline,"[[[[""43"", ""Eevee""], 42.5, 1, ""None"", 7.5, true], [], 5, 6], [[[""788"", ""Charmander""], 76.0, 2, ""None"", 4.0, true], [], 5, 6], 3, ""Player""]",Ascension,1.21,Training,Ascension,Ascension,True,True,ascension,1.0,1.0,0.0,0.0,0.0,0.0,0.0
NB48_LOSS_295__late_game_prize_pressure__0ad467c915c1,NB48_LOSS_295__late_game_prize_pressure__0ad467c915c1,NB48_LOSS_295,295,7499439,78,3.0,78,Depth-6 Search Baseline,"[[[[""43"", ""Eevee""], 30.0, 3, ""None"", 20.0, true], [], 2, 3], [[[""788"", ""Charmander""], 48.0, 3, ""None"", 32.0, true], [], 2, 3], 9, ""Player""]",Quick Attack,1.3915,Training,Quick Attack,Quick Attack,True,True,ascension | quick attack,2.0,0.0,0.0,0.0,0.0,1.0,0.0
NB48_LOSS_295__opening_one_energy__8623f2a0c046,NB48_LOSS_295__opening_one_energy__8623f2a0c046,NB48_LOSS_295,295,3790422023,78,3.0,78,Depth-6 Search Baseline,"[[[[""43"", ""Eevee""], 50.0, 1, ""None"", 0.0, true], [], 6, 6], [[[""788"", ""Charmander""], 80.0, 1, ""None"", 0.0, true], [], 6, 6], 2, ""Player""]",Ascension,1.21,Training,Ascension,Ascension,True,True,ascension,1.0,1.0,0.0,0.0,0.0,0.0,0.0
NB48_LOSS_295__opening_zero_energy__15b441fa86e2,NB48_LOSS_295__opening_zero_energy__15b441fa86e2,NB48_LOSS_295,295,1033887880,78,3.0,78,Depth-6 Search Baseline,"[[[[""43"", ""Eevee""], 50.0, 0, ""None"", 0.0, true], [], 6, 7], [[[""788"", ""Charmander""], 80.0, 0, ""None"", 0.0, true], [], 6, 7], 1, ""Player""]",Pass,1.21,Training,Pass,Pass,True,True,pass,1.0,0.0,0.0,0.0,1.0,0.0,0.0
NB48_LOSS_295__opponent_under_pressure__840f53053a3b,NB48_LOSS_295__opponent_under_pressure__840f53053a3b,NB48_LOSS_295,295,217938206,78,3.0,78,Depth-6 Search Baseline,"[[[[""43"", ""Eevee""], 42.5, 3, ""None"", 7.5, true], [], 4, 5], [[[""788"", ""Charmander""], 40.0, 2, ""None"", 40.0, true], [], 4, 5], 6, ""Player""]",Quick Attack,1.3915,Training,Quick Attack,Quick Attack,True,True,ascension | quick attack,2.0,0.0,0.0,0.0,0.0,1.0,0.0
NB48_LOSS_295__player_under_pressure__4a1bf3a6b522,NB48_LOSS_295__player_under_pressure__4a1bf3a6b522,NB48_LOSS_295,295,1289765375,78,3.0,78,Depth-6 Search Baseline,"[[[[""43"", ""Eevee""], 25.0, 2, ""None"", 25.0, true], [], 4, 4], [[[""788"", ""Charmander""], 68.0, 3, ""None"", 12.0, true], [], 4, 4], 6, ""Player""]",Ascension,1.21,Training,Ascension,Ascension,True,True,ascension,1.0,1.0,0.0,0.0,0.0,0.0,0.0
NB48_LOSS_298__balanced_midgame__9dfdcab5f904,NB48_LOSS_298__balanced_midgame__9dfdcab5f904,NB48_LOSS_298,298,3873019294,34,6.0,34,Depth-6 Search Baseline,"[[[[""788"", ""Charmander""], 60.0, 2, ""None"", 20.0, true], [], 4, 5], [[[""43"", ""Eevee""], 37.5, 2, ""None"", 12.5, true], [], 4, 5], 5, ""Opponent""]",Ascension,1.6335,Training,Ascension,Ascension,True,True,ascension,1.0,1.0,0.0,0.0,0.0,0.0,0.0
NB48_LOSS_298__counterfactual_side_early__84dc59d11adf,NB48_LOSS_298__counterfactual_side_early__84dc59d11adf,NB48_LOSS_298,298,682187502,34,6.0,34,Depth-6 Search Baseline,"[[[[""788"", ""Charmander""], 72.0, 1, ""None"", 8.0, true], [], 5, 6], [[[""43"", ""Eevee""], 45.0, 1, ""None"", 5.0, true], [], 5, 6], 3, ""Player""]",Live Coal,0.99,Training,Live Coal,Live Coal,True,True,live coal,1.0,0.0,0.0,1.0,0.0,0.0,0.0
NB48_LOSS_298__counterfactual_side_late__f6a173c36adb,NB48_LOSS_298__counterfactual_side_late__f6a173c36adb,NB48_LOSS_298,298,2283577805,34,6.0,34,Depth-6 Search Baseline,"[[[[""788"", ""Charmander""], 44.0, 3, ""None"", 36.0, true], [], 3, 4], [[[""43"", ""Eevee""], 27.5, 3, ""None"", 22.5, true], [], 3, 4], 8, ""Player""]",Live Coal,0.99,Training,Live Coal,Live Coal,True,True,live coal,1.0,0.0,0.0,1.0,0.0,0.0,0.0
NB48_LOSS_298__critical_hp_decision__abe42d7990c2,NB48_LOSS_298__critical_hp_decision__abe42d7990c2,NB48_LOSS_298,298,1154398797,34,6.0,34,Depth-6 Search Baseline,"[[[[""788"", ""Charmander""], 24.0, 4, ""None"", 56.0, true], [], 2, 3], [[[""43"", ""Eevee""], 22.5, 4, ""None"", 27.5, true], [], 2, 3], 10, ""Opponent""]",Quick Attack,1.8785,Training,Quick Attack,Quick Attack,True,True,ascension | quick attack,2.0,0.0,0.0,0.0,0.0,1.0,0.0
NB48_LOSS_298__early_pressure__48e4abf3d2a8,NB48_LOSS_298__early_pressure__48e4abf3d2a8,NB48_LOSS_298,298,4276258164,34,6.0,34,Depth-6 Search Baseline,"[[[[""788"", ""Charmander""], 68.0, 1, ""None"", 12.0, true], [], 5, 6], [[[""43"", ""Eevee""], 47.5, 2, ""None"", 2.5, true], [], 5, 6], 3, ""Opponent""]",Ascension,1.6335,Training,Ascension,Ascension,True,True,ascension,1.0,1.0,0.0,0.0,0.0,0.0,0.0
NB48_LOSS_298__late_game_prize_pressure__f9008558402d,NB48_LOSS_298__late_game_prize_pressure__f9008558402d,NB48_LOSS_298,298,1094100402,34,6.0,34,Depth-6 Search Baseline,"[[[[""788"", ""Charmander""], 48.0, 3, ""None"", 32.0, true], [], 2, 3], [[[""43"", ""Eevee""], 30.0, 3, ""None"", 20.0, true], [], 2, 3], 9, ""Opponent""]",Quick Attack,1.8785,Training,Quick Attack,Quick Attack,True,True,ascension | quick attack,2.0,0.0,0.0,0.0,0.0,1.0,0.0
NB48_LOSS_298__opening_one_energy__023644b273b7,NB48_LOSS_298__opening_one_energy__023644b273b7,NB48_LOSS_298,298,3926158358,34,6.0,34,Depth-6 Search Baseline,"[[[[""788"", ""Charmander""], 80.0, 1, ""None"", 0.0, true], [], 6, 6], [[[""43"", ""Eevee""], 50.0, 1, ""None"", 0.0, true], [], 6, 6], 2, ""Opponent""]",Ascension,1.6335,Training,Ascension,Ascension,True,True,ascension,1.0,1.0,0.0,0.0,0.0,0.0,0.0
NB48_LOSS_298__opening_zero_energy__f8bd46c18a82,NB48_LOSS_298__opening_zero_energy__f8bd46c18a82,NB48_LOSS_298,298,612978983,34,6.0,34,Depth-6 Search Baseline,"[[[[""788"", ""Charmander""], 80.0, 0, ""None"", 0.0, true], [], 6, 7], [[[""43"", ""Eevee""], 50.0, 0, ""None"", 0.0, true], [], 6, 7], 1, ""Opponent""]",Pass,1.6335,Training,Pass,Pass,True,True,pass,1.0,0.0,0.0,0.0,1.0,0.0,0.0
NB48_LOSS_298__opponent_under_pressure__4fed3b6e6769,NB48_LOSS_298__opponent_under_pressure__4fed3b6e6769,NB48_LOSS_298,298,650580950,34,6.0,34,Depth-6 Search Baseline,"[[[[""788"", ""Charmander""], 68.0, 3, ""None"", 12.0, true], [], 4, 5], [[[""43"", ""Eevee""], 25.0, 2, ""None"", 25.0, true], [], 4, 5], 6, ""Opponent""]",Ascension,1.6335,Training,Ascension,Ascension,True,True,ascension,1.0,1.0,0.0,0.0,0.0,0.0,0.0
NB48_LOSS_298__player_under_pressure__db5fde98e894,NB48_LOSS_298__player_under_pressure__db5fde98e894,NB48_LOSS_298,298,1183055431,34,6.0,34,Depth-6 Search Baseline,"[[[[""788"", ""Charmander""], 40.0, 2, ""None"", 40.0, true], [], 4, 4], [[[""43"", ""Eevee""], 42.5, 3, ""None"", 7.5, true], [], 4, 4], 6, ""Opponent""]",Quick Attack,1.8785,Training,Quick Attack,Quick Attack,True,True,ascension | quick attack,2.0,0.0,0.0,0.0,0.0,1.0,0.0
NB48_LOSS_30__balanced_midgame__333e794fe71e,NB48_LOSS_30__balanced_midgame__333e794fe71e,NB48_LOSS_30,30,3244716486,89,2.0,89,Random Baseline,"[[[[""1071"", ""Meowth ex""], 127.5, 2, ""None"", 42.5, true], [], 4, 5], [[[""43"", ""Eevee""], 37.5, 2, ""None"", 12.5, true], [], 4, 5], 5, ""Opponent""]",Ascension,1.6335,Training,Ascension,Ascension,True,True,ascension,1.0,1.0,0.0,0.0,0.0,0.0,0.0
NB48_LOSS_30__counterfactual_side_early__fac75bdcece2,NB48_LOSS_30__counterfactual_side_early__fac75bdcece2,NB48_LOSS_30,30,4266180665,89,2.0,89,Random Baseline,"[[[[""1071"", ""Meowth ex""], 153.0, 1, ""None"", 17.0, true], [], 5, 6], [[[""43"", ""Eevee""], 45.0, 1, ""None"", 5.0, true], [], 5, 6], 3, ""Player""]",Pass,0.99,Training,Pass,Pass,True,True,pass,1.0,0.0,0.0,0.0,1.0,0.0,0.0
NB48_LOSS_30__counterfactual_side_late__eda0e45e09f8,NB48_LOSS_30__counterfactual_side_late__eda0e45e09f8,NB48_LOSS_30,30,2223892207,89,2.0,89,Random Baseline,"[[[[""1071"", ""Meowth ex""], 93.5, 3, ""None"", 76.5, true], [], 3, 4], [[[""43"", ""Eevee""], 27.5, 3, ""None"", 22.5, true], [], 3, 4], 8, ""Player""]",Tuck Tail,0.99,Training,Tuck Tail,Tuck Tail,True,True,tuck tail,1.0,0.0,0.0,0.0,0.0,0.0,1.0
NB48_LOSS_30__critical_hp_decision__ff11664b84e7,NB48_LOSS_30__critical_hp_decision__ff11664b84e7,NB48_LOSS_30,30,2038832230,89,2.0,89,Random Baseline,"[[[[""1071"", ""Meowth ex""], 51.0, 4, ""None"", 119.0, true], [], 2, 3], [[[""43"", ""Eevee""], 22.5, 4, ""None"", 27.5, true], [], 2, 3], 10, ""Opponent""]",Quick Attack,1.8785,Training,Quick Attack,Quick Attack,True,True,ascension | quick attack,2.0,0.0,0.0,0.0,0.0,1.0,0.0
NB48_LOSS_30__early_pressure__afc4aac6e956,NB48_LOSS_30__early_pressure__afc4aac6e956,NB48_LOSS_30,30,260451462,89,2.0,89,Random Baseline,"[[[[""1071"", ""Meowth ex""], 144.5, 1, ""None"", 25.5, true], [], 5, 6], [[[""43"", ""Eevee""], 47.5, 2, ""None"", 2.5, true], [], 5, 6], 3, ""Opponent""]",Ascension,1.6335,Training,Ascension,Ascension,True,True,ascension,1.0,1.0,0.0,0.0,0.0,0.0,0.0
NB48_LOSS_30__late_game_prize_pressure__8fcf58242482,NB48_LOSS_30__late_game_prize_pressure__8fcf58242482,NB48_LOSS_30,30,2685395941,89,2.0,89,Random Baseline,"[[[[""1071"", ""Meowth ex""], 102.0, 3, ""None"", 68.0, true], [], 2, 3], [[[""43"", ""Eevee""], 30.0, 3, ""None"", 20.0, true], [], 2, 3], 9, ""Opponent""]",Quick Attack,1.8785,Training,Quick Attack,Quick Attack,True,True,ascension | quick attack,2.0,0.0,0.0,0.0,0.0,1.0,0.0
NB48_LOSS_30__opening_one_energy__6d230ee04153,NB48_LOSS_30__opening_one_energy__6d230ee04153,NB48_LOSS_30,30,3366182852,89,2.0,89,Random Baseline,"[[[[""1071"", ""Meowth ex""], 170.0, 1, ""None"", 0.0, true], [], 6, 6], [[[""43"", ""Eevee""], 50.0, 1, ""None"", 0.0, true], [], 6, 6], 2, ""Opponent""]",Ascension,1.6335,Training,Ascension,Ascension,True,True,ascension,1.0,1.0,0.0,0.0,0.0,0.0,0.0
NB48_LOSS_30__opening_zero_energy__0fef293f99c6,NB48_LOSS_30__opening_zero_energy__0fef293f99c6,NB48_LOSS_30,30,2574859305,89,2.0,89,Random Baseline,"[[[[""1071"", ""Meowth ex""], 170.0, 0, ""None"", 0.0, true], [], 6, 7], [[[""43"", ""Eevee""], 50.0, 0, ""None"", 0.0, true], [], 6, 7], 1, ""Opponent""]",Pass,1.6335,Training,Pass,Pass,True,True,pass,1.0,0.0,0.0,0.0,1.0,0.0,0.0
NB48_LOSS_30__opponent_under_pressure__9a87311c0162,NB48_LOSS_30__opponent_under_pressure__9a87311c0162,NB48_LOSS_30,30,192446823,89,2.0,89,Random Baseline,"[[[[""1071"", ""Meowth ex""], 144.5, 3, ""None"", 25.5, true], [], 4, 5], [[[""43"", ""Eevee""], 25.0, 2, ""None"", 25.0, true], [], 4, 5], 6, ""Opponent""]",Ascension,1.6335,Training,Ascension,Ascension,True,True,ascension,1.0,1.0,0.0,0.0,0.0,0.0,0.0
NB48_LOSS_30__player_under_pressure__5fefe7a4eab0,NB48_LOSS_30__player_under_pressure__5fefe7a4eab0,NB48_LOSS_30,30,24179294,89,2.0,89,Random Baseline,"[[[[""1071"", ""Meowth ex""], 85.0, 2, ""None"", 85.0, true], [], 4, 4], [[[""43"", ""Eevee""], 42.5, 3, ""None"", 7.5, true], [], 4, 4], 6, ""Opponent""]",Quick Attack,1.8785,Training,Quick Attack,Quick Attack,True,True,ascension | quick attack,2.0,0.0,0.0,0.0,0.0,1.0,0.0
NB48_LOSS_300__balanced_midgame__7be2d7bd2dc2,NB48_LOSS_300__balanced_midgame__7be2d7bd2dc2,NB48_LOSS_300,300,3735894716,17,8.0,17,Depth-6 Search Baseline,"[[[[""650"", ""Bulbasaur""], 60.0, 2, ""None"", 20.0, true], [], 4, 5], [[[""43"", ""Eevee""], 37.5, 2, ""None"", 12.5, true], [], 4, 5], 5, ""Opponent""]",Ascension,1.6335,Training,Ascension,Ascension,True,True,ascension,1.0,1.0,0.0,0.0,0.0,0.0,0.0
NB48_LOSS_300__counterfactual_side_early__6a2c80ce0e0e,NB48_LOSS_300__counterfactual_side_early__6a2c80ce0e0e,NB48_LOSS_300,300,3856486166,17,8.0,17,Depth-6 Search Baseline,"[[[[""650"", ""Bulbasaur""], 72.0, 1, ""None"", 8.0, true], [], 5, 6], [[[""43"", ""Eevee""], 45.0, 1, ""None"", 5.0, true], [], 5, 6], 3, ""Player""]",Bind Down,0.99,Training,Bind Down,Bind Down,True,True,bind down,1.0,0.0,1.0,0.0,0.0,0.0,0.0
NB48_LOSS_300__counterfactual_side_late__a2fb48598e69,NB48_LOSS_300__counterfactual_side_late__a2fb48598e69,NB48_LOSS_300,300,3606310566,17,8.0,17,Depth-6 Search Baseline,"[[[[""650"", ""Bulbasaur""], 44.0, 3, ""None"", 36.0, true], [], 3, 4], [[[""43"", ""Eevee""], 27.5, 3, ""None"", 22.5, true], [], 3, 4], 8, ""Player""]",Bind Down,0.99,Training,Bind Down,Bind Down,True,True,bind down,1.0,0.0,1.0,0.0,0.0,0.0,0.0
NB48_LOSS_300__critical_hp_decision__88c98302b6ce,NB48_LOSS_300__critical_hp_decision__88c98302b6ce,NB48_LOSS_300,300,4103674499,17,8.0,17,Depth-6 Search Baseline,"[[[[""650"", ""Bulbasaur""], 24.0, 4, ""None"", 56.0, true], [], 2, 3], [[[""43"", ""Eevee""], 22.5, 4, ""None"", 27.5, true], [], 2, 3], 10, ""Opponent""]",Quick Attack,1.8785,Training,Quick Attack,Quick Attack,True,True,ascension | quick attack,2.0,0.0,0.0,0.0,0.0,1.0,0.0
NB48_LOSS_300__early_pressure__afd0c18169af,NB48_LOSS_300__early_pressure__afd0c18169af,NB48_LOSS_300,300,3762698937,17,8.0,17,Depth-6 Search Baseline,"[[[[""650"", ""Bulbasaur""], 68.0, 1, ""None"", 12.0, true], [], 5, 6], [[[""43"", ""Eevee""], 47.5, 2, ""None"", 2.5, true], [], 5, 6], 3, ""Opponent""]",Ascension,1.6335,Training,Ascension,Ascension,True,True,ascension,1.0,1.0,0.0,0.0,0.0,0.0,0.0
NB48_LOSS_300__late_game_prize_pressure__6990d63d4689,NB48_LOSS_300__late_game_prize_pressure__6990d63d4689,NB48_LOSS_300,300,324376314,17,8.0,17,Depth-6 Search Baseline,"[[[[""650"", ""Bulbasaur""], 48.0, 3, ""None"", 32.0, true], [], 2, 3], [[[""43"", ""Eevee""], 30.0, 3, ""None"", 20.0, true], [], 2, 3], 9, ""Opponent""]",Quick Attack,1.8785,Training,Quick Attack,Quick Attack,True,True,ascension | quick attack,2.0,0.0,0.0,0.0,0.0,1.0,0.0
NB48_LOSS_300__opening_one_energy__75cd0c27dd82,NB48_LOSS_300__opening_one_energy__75cd0c27dd82,NB48_LOSS_300,300,1057637866,17,8.0,17,Depth-6 Search Baseline,"[[[[""650"", ""Bulbasaur""], 80.0, 1, ""None"", 0.0, true], [], 6, 6], [[[""43"", ""Eevee""], 50.0, 1, ""None"", 0.0, true], [], 6, 6], 2, ""Opponent""]",Ascension,1.6335,Training,Ascension,Ascension,True,True,ascension,1.0,1.0,0.0,0.0,0.0,0.0,0.0
NB48_LOSS_300__opening_zero_energy__689fe6dc5e62,NB48_LOSS_300__opening_zero_energy__689fe6dc5e62,NB48_LOSS_300,300,3467824464,17,8.0,17,Depth-6 Search Baseline,"[[[[""650"", ""Bulbasaur""], 80.0, 0, ""None"", 0.0, true], [], 6, 7], [[[""43"", ""Eevee""], 50.0, 0, ""None"", 0.0, true], [], 6, 7], 1, ""Opponent""]",Pass,1.6335,Training,Pass,Pass,True,True,pass,1.0,0.0,0.0,0.0,1.0,0.0,0.0
NB48_LOSS_300__opponent_under_pressure__c7553082ed98,NB48_LOSS_300__opponent_under_pressure__c7553082ed98,NB48_LOSS_300,300,3109513386,17,8.0,17,Depth-6 Search Baseline,"[[[[""650"", ""Bulbasaur""], 68.0, 3, ""None"", 12.0, true], [], 4, 5], [[[""43"", ""Eevee""], 25.0, 2, ""None"", 25.0, true], [], 4, 5], 6, ""Opponent""]",Ascension,1.6335,Training,Ascension,Ascension,True,True,ascension,1.0,1.0,0.0,0.0,0.0,0.0,0.0
NB48_LOSS_300__player_under_pressure__8640ae759784,NB48_LOSS_300__player_under_pressure__8640ae759784,NB48_LOSS_300,300,2483440664,17,8.0,17,Depth-6 Search Baseline,"[[[[""650"", ""Bulbasaur""], 40.0, 2, ""None"", 40.0, true], [], 4, 4], [[[""43"", ""Eevee""], 42.5, 3, ""None"", 7.5, true], [], 4, 4], 6, ""Opponent""]",Quick Attack,1.8785,Training,Quick Attack,Quick Attack,True,True,ascension | quick attack,2.0,0.0,0.0,0.0,0.0,1.0,0.0
NB48_LOSS_40__balanced_midgame__c9503cdcfd1c,NB48_LOSS_40__balanced_midgame__c9503cdcfd1c,NB48_LOSS_40,40,832800567,80,2.6666666666666665,80,Random Baseline,"[[[[""650"", ""Bulbasaur""], 60.0, 2, ""None"", 20.0, true], [], 4, 5], [[[""43"", ""Eevee""], 37.5, 2, ""None"", 12.5, true], [], 4, 5], 5, ""Opponent""]",Ascension,1.6335,Training,Ascension,Ascension,True,True,ascension,1.0,1.0,0.0,0.0,0.0,0.0,0.0
NB48_LOSS_40__counterfactual_side_early__833e0d156436,NB48_LOSS_40__counterfactual_side_early__833e0d156436,NB48_LOSS_40,40,5892541,80,2.6666666666666665,80,Random Baseline,"[[[[""650"", ""Bulbasaur""], 72.0, 1, ""None"", 8.0, true], [], 5, 6], [[[""43"", ""Eevee""], 45.0, 1, ""None"", 5.0, true], [], 5, 6], 3, ""Player""]",Bind Down,0.99,Training,Bind Down,Bind Down,True,True,bind down,1.0,0.0,1.0,0.0,0.0,0.0,0.0
NB48_LOSS_40__counterfactual_side_late__dc47f1996e2a,NB48_LOSS_40__counterfactual_side_late__dc47f1996e2a,NB48_LOSS_40,40,3064768216,80,2.6666666666666665,80,Random Baseline,"[[[[""650"", ""Bulbasaur""], 44.0, 3, ""None"", 36.0, true], [], 3, 4], [[[""43"", ""Eevee""], 27.5, 3, ""None"", 22.5, true], [], 3, 4], 8, ""Player""]",Bind Down,0.99,Training,Bind Down,Bind Down,True,True,bind down,1.0,0.0,1.0,0.0,0.0,0.0,0.0
NB48_LOSS_40__critical_hp_decision__c425bbbb25d6,NB48_LOSS_40__critical_hp_decision__c425bbbb25d6,NB48_LOSS_40,40,2105017852,80,2.6666666666666665,80,Random Baseline,"[[[[""650"", ""Bulbasaur""], 24.0, 4, ""None"", 56.0, true], [], 2, 3], [[[""43"", ""Eevee""], 22.5, 4, ""None"", 27.5, true], [], 2, 3], 10, ""Opponent""]",Quick Attack,1.8785,Training,Quick Attack,Quick Attack,True,True,ascension | quick attack,2.0,0.0,0.0,0.0,0.0,1.0,0.0
NB48_LOSS_40__early_pressure__88e09d54b635,NB48_LOSS_40__early_pressure__88e09d54b635,NB48_LOSS_40,40,3828926669,80,2.6666666666666665,80,Random Baseline,"[[[[""650"", ""Bulbasaur""], 68.0, 1, ""None"", 12.0, true], [], 5, 6], [[[""43"", ""Eevee""], 47.5, 2, ""None"", 2.5, true], [], 5, 6], 3, ""Opponent""]",Ascension,1.6335,Training,Ascension,Ascension,True,True,ascension,1.0,1.0,0.0,0.0,0.0,0.0,0.0
NB48_LOSS_40__late_game_prize_pressure__9a49596ed9fd,NB48_LOSS_40__late_game_prize_pressure__9a49596ed9fd,NB48_LOSS_40,40,760116837,80,2.6666666666666665,80,Random Baseline,"[[[[""650"", ""Bulbasaur""], 48.0, 3, ""None"", 32.0, true], [], 2, 3], [[[""43"", ""Eevee""], 30.0, 3, ""None"", 20.0, true], [], 2, 3], 9, ""Opponent""]",Quick Attack,1.8785,Training,Quick Attack,Quick Attack,True,True,ascension | quick attack,2.0,0.0,0.0,0.0,0.0,1.0,0.0
NB48_LOSS_40__opening_one_energy__f291b615149b,NB48_LOSS_40__opening_one_energy__f291b615149b,NB48_LOSS_40,40,1205109549,80,2.6666666666666665,80,Random Baseline,"[[[[""650"", ""Bulbasaur""], 80.0, 1, ""None"", 0.0, true], [], 6, 6], [[[""43"", ""Eevee""], 50.0, 1, ""None"", 0.0, true], [], 6, 6], 2, ""Opponent""]",Ascension,1.6335,Training,Ascension,Ascension,True,True,ascension,1.0,1.0,0.0,0.0,0.0,0.0,0.0
NB48_LOSS_40__opening_zero_energy__fb847a054f2f,NB48_LOSS_40__opening_zero_energy__fb847a054f2f,NB48_LOSS_40,40,3316579079,80,2.6666666666666665,80,Random Baseline,"[[[[""650"", ""Bulbasaur""], 80.0, 0, ""None"", 0.0, true], [], 6, 7], [[[""43"", ""Eevee""], 50.0, 0, ""None"", 0.0, true], [], 6, 7], 1, ""Opponent""]",Pass,1.6335,Training,Pass,Pass,True,True,pass,1.0,0.0,0.0,0.0,1.0,0.0,0.0
NB48_LOSS_40__opponent_under_pressure__f5262b892902,NB48_LOSS_40__opponent_under_pressure__f5262b892902,NB48_LOSS_40,40,3048072518,80,2.6666666666666665,80,Random Baseline,"[[[[""650"", ""Bulbasaur""], 68.0, 3, ""None"", 12.0, true], [], 4, 5], [[[""43"", ""Eevee""], 25.0, 2, ""None"", 25.0, true], [], 4, 5], 6, ""Opponent""]",Ascension,1.6335,Training,Ascension,Ascension,True,True,ascension,1.0,1.0,0.0,0.0,0.0,0.0,0.0
NB48_LOSS_40__player_under_pressure__4075aae4fa0b,NB48_LOSS_40__player_under_pressure__4075aae4fa0b,NB48_LOSS_40,40,2259377403,80,2.6666666666666665,80,Random Baseline,"[[[[""650"", ""Bulbasaur""], 40.0, 2, ""None"", 40.0, true], [], 4, 4], [[[""43"", ""Eevee""], 42.5, 3, ""None"", 7.5, true], [], 4, 4], 6, ""Opponent""]",Quick Attack,1.8785,Training,Quick Attack,Quick Attack,True,True,ascension | quick attack,2.0,0.0,0.0,0.0,0.0,1.0,0.0
NB48_LOSS_42__balanced_midgame__c6d25e2a56b4,NB48_LOSS_42__balanced_midgame__c6d25e2a56b4,NB48_LOSS_42,42,399676062,91,2.0,91,Random Baseline,"[[[[""1071"", ""Meowth ex""], 127.5, 2, ""None"", 42.5, true], [], 4, 5], [[[""43"", ""Eevee""], 37.5, 2, ""None"", 12.5, true], [], 4, 5], 5, ""Opponent""]",Ascension,1.6335,Training,Ascension,Ascension,True,True,ascension,1.0,1.0,0.0,0.0,0.0,0.0,0.0
NB48_LOSS_42__counterfactual_side_early__d8accf42ea1c,NB48_LOSS_42__counterfactual_side_early__d8accf42ea1c,NB48_LOSS_42,42,523591083,91,2.0,91,Random Baseline,"[[[[""1071"", ""Meowth ex""], 153.0, 1, ""None"", 17.0, true], [], 5, 6], [[[""43"", ""Eevee""], 45.0, 1, ""None"", 5.0, true], [], 5, 6], 3, ""Player""]",Pass,0.99,Training,Pass,Pass,True,True,pass,1.0,0.0,0.0,0.0,1.0,0.0,0.0
NB48_LOSS_42__counterfactual_side_late__ebde40a6d729,NB48_LOSS_42__counterfactual_side_late__ebde40a6d729,NB48_LOSS_42,42,88181420,91,2.0,91,Random Baseline,"[[[[""1071"", ""Meowth ex""], 93.5, 3, ""None"", 76.5, true], [], 3, 4], [[[""43"", ""Eevee""], 27.5, 3, ""None"", 22.5, true], [], 3, 4], 8, ""Player""]",Tuck Tail,0.99,Training,Tuck Tail,Tuck Tail,True,True,tuck tail,1.0,0.0,0.0,0.0,0.0,0.0,1.0
NB48_LOSS_42__critical_hp_decision__f6723301b544,NB48_LOSS_42__critical_hp_decision__f6723301b544,NB48_LOSS_42,42,2470458985,91,2.0,91,Random Baseline,"[[[[""1071"", ""Meowth ex""], 51.0, 4, ""None"", 119.0, true], [], 2, 3], [[[""43"", ""Eevee""], 22.5, 4, ""None"", 27.5, true], [], 2, 3], 10, ""Opponent""]",Quick Attack,1.8785,Training,Quick Attack,Quick Attack,True,True,ascension | quick attack,2.0,0.0,0.0,0.0,0.0,1.0,0.0
NB48_LOSS_42__early_pressure__ebdce48c8408,NB48_LOSS_42__early_pressure__ebdce48c8408,NB48_LOSS_42,42,1383694978,91,2.0,91,Random Baseline,"[[[[""1071"", ""Meowth ex""], 144.5, 1, ""None"", 25.5, true], [], 5, 6], [[[""43"", ""Eevee""], 47.5, 2, ""None"", 2.5, true], [], 5, 6], 3, ""Opponent""]",Ascension,1.6335,Training,Ascension,Ascension,True,True,ascension,1.0,1.0,0.0,0.0,0.0,0.0,0.0
NB48_LOSS_42__late_game_prize_pressure__297887355ec6,NB48_LOSS_42__late_game_prize_pressure__297887355ec6,NB48_LOSS_42,42,1187279429,91,2.0,91,Random Baseline,"[[[[""1071"", ""Meowth ex""], 102.0, 3, ""None"", 68.0, true], [], 2, 3], [[[""43"", ""Eevee""], 30.0, 3, ""None"", 20.0, true], [], 2, 3], 9, ""Opponent""]",Quick Attack,1.8785,Training,Quick Attack,Quick Attack,True,True,ascension | quick attack,2.0,0.0,0.0,0.0,0.0,1.0,0.0
NB48_LOSS_42__opening_one_energy__bf3d4dd49168,NB48_LOSS_42__opening_one_energy__bf3d4dd49168,NB48_LOSS_42,42,3322289179,91,2.0,91,Random Baseline,"[[[[""1071"", ""Meowth ex""], 170.0, 1, ""None"", 0.0, true], [], 6, 6], [[[""43"", ""Eevee""], 50.0, 1, ""None"", 0.0, true], [], 6, 6], 2, ""Opponent""]",Ascension,1.6335,Training,Ascension,Ascension,True,True,ascension,1.0,1.0,0.0,0.0,0.0,0.0,0.0
NB48_LOSS_42__opening_zero_energy__e6be5f35413f,NB48_LOSS_42__opening_zero_energy__e6be5f35413f,NB48_LOSS_42,42,1843074246,91,2.0,91,Random Baseline,"[[[[""1071"", ""Meowth ex""], 170.0, 0, ""None"", 0.0, true], [], 6, 7], [[[""43"", ""Eevee""], 50.0, 0, ""None"", 0.0, true], [], 6, 7], 1, ""Opponent""]",Pass,1.6335,Training,Pass,Pass,True,True,pass,1.0,0.0,0.0,0.0,1.0,0.0,0.0
NB48_LOSS_42__opponent_under_pressure__65147d5fa54f,NB48_LOSS_42__opponent_under_pressure__65147d5fa54f,NB48_LOSS_42,42,732927828,91,2.0,91,Random Baseline,"[[[[""1071"", ""Meowth ex""], 144.5, 3, ""None"", 25.5, true], [], 4, 5], [[[""43"", ""Eevee""], 25.0, 2, ""None"", 25.0, true], [], 4, 5], 6, ""Opponent""]",Ascension,1.6335,Training,Ascension,Ascension,True,True,ascension,1.0,1.0,0.0,0.0,0.0,0.0,0.0
NB48_LOSS_42__player_under_pressure__a6e40e568d5b,NB48_LOSS_42__player_under_pressure__a6e40e568d5b,NB48_LOSS_42,42,1912368804,91,2.0,91,Random Baseline,"[[[[""1071"", ""Meowth ex""], 85.0, 2, ""None"", 85.0, true], [], 4, 4], [[[""43"", ""Eevee""], 42.5, 3, ""None"", 7.5, true], [], 4, 4], 6, ""Opponent""]",Quick Attack,1.8785,Training,Quick Attack,Quick Attack,True,True,ascension | quick attack,2.0,0.0,0.0,0.0,0.0,1.0,0.0
NB48_LOSS_46__balanced_midgame__a53953906fde,NB48_LOSS_46__balanced_midgame__a53953906fde,NB48_LOSS_46,46,787152542,69,3.0,69,Random Baseline,"[[[[""650"", ""Bulbasaur""], 60.0, 2, ""None"", 20.0, true], [], 4, 5], [[[""43"", ""Eevee""], 37.5, 2, ""None"", 12.5, true], [], 4, 5], 5, ""Opponent""]",Ascension,1.6335,Training,Ascension,Ascension,True,True,ascension,1.0,1.0,0.0,0.0,0.0,0.0,0.0
NB48_LOSS_46__counterfactual_side_early__875ca156a954,NB48_LOSS_46__counterfactual_side_early__875ca156a954,NB48_LOSS_46,46,2243693382,69,3.0,69,Random Baseline,"[[[[""650"", ""Bulbasaur""], 72.0, 1, ""None"", 8.0, true], [], 5, 6], [[[""43"", ""Eevee""], 45.0, 1, ""None"", 5.0, true], [], 5, 6], 3, ""Player""]",Bind Down,0.99,Training,Bind Down,Bind Down,True,True,bind down,1.0,0.0,1.0,0.0,0.0,0.0,0.0
NB48_LOSS_46__counterfactual_side_late__f6c2b8e41895,NB48_LOSS_46__counterfactual_side_late__f6c2b8e41895,NB48_LOSS_46,46,3237529379,69,3.0,69,Random Baseline,"[[[[""650"", ""Bulbasaur""], 44.0, 3, ""None"", 36.0, true], [], 3, 4], [[[""43"", ""Eevee""], 27.5, 3, ""None"", 22.5, true], [], 3, 4], 8, ""Player""]",Bind Down,0.99,Training,Bind Down,Bind Down,True,True,bind down,1.0,0.0,1.0,0.0,0.0,0.0,0.0
NB48_LOSS_46__critical_hp_decision__104238d202d1,NB48_LOSS_46__critical_hp_decision__104238d202d1,NB48_LOSS_46,46,3000739693,69,3.0,69,Random Baseline,"[[[[""650"", ""Bulbasaur""], 24.0, 4, ""None"", 56.0, true], [], 2, 3], [[[""43"", ""Eevee""], 22.5, 4, ""None"", 27.5, true], [], 2, 3], 10, ""Opponent""]",Quick Attack,1.8785,Training,Quick Attack,Quick Attack,True,True,ascension | quick attack,2.0,0.0,0.0,0.0,0.0,1.0,0.0
NB48_LOSS_46__early_pressure__8cc975458f01,NB48_LOSS_46__early_pressure__8cc975458f01,NB48_LOSS_46,46,3660663148,69,3.0,69,Random Baseline,"[[[[""650"", ""Bulbasaur""], 68.0, 1, ""None"", 12.0, true], [], 5, 6], [[[""43"", ""Eevee""], 47.5, 2, ""None"", 2.5, true], [], 5, 6], 3, ""Opponent""]",Ascension,1.6335,Training,Ascension,Ascension,True,True,ascension,1.0,1.0,0.0,0.0,0.0,0.0,0.0
NB48_LOSS_46__late_game_prize_pressure__cb61c44d11ca,NB48_LOSS_46__late_game_prize_pressure__cb61c44d11ca,NB48_LOSS_46,46,2209129403,69,3.0,69,Random Baseline,"[[[[""650"", ""Bulbasaur""], 48.0, 3, ""None"", 32.0, true], [], 2, 3], [[[""43"", ""Eevee""], 30.0, 3, ""None"", 20.0, true], [], 2, 3], 9, ""Opponent""]",Quick Attack,1.8785,Training,Quick Attack,Quick Attack,True,True,ascension | quick attack,2.0,0.0,0.0,0.0,0.0,1.0,0.0
NB48_LOSS_46__opening_one_energy__f947b6cff0f7,NB48_LOSS_46__opening_one_energy__f947b6cff0f7,NB48_LOSS_46,46,2742521742,69,3.0,69,Random Baseline,"[[[[""650"", ""Bulbasaur""], 80.0, 1, ""None"", 0.0, true], [], 6, 6], [[[""43"", ""Eevee""], 50.0, 1, ""None"", 0.0, true], [], 6, 6], 2, ""Opponent""]",Ascension,1.6335,Training,Ascension,Ascension,True,True,ascension,1.0,1.0,0.0,0.0,0.0,0.0,0.0
NB48_LOSS_46__opening_zero_energy__8720d006825e,NB48_LOSS_46__opening_zero_energy__8720d006825e,NB48_LOSS_46,46,1969097160,69,3.0,69,Random Baseline,"[[[[""650"", ""Bulbasaur""], 80.0, 0, ""None"", 0.0, true], [], 6, 7], [[[""43"", ""Eevee""], 50.0, 0, ""None"", 0.0, true], [], 6, 7], 1, ""Opponent""]",Pass,1.6335,Training,Pass,Pass,True,True,pass,1.0,0.0,0.0,0.0,1.0,0.0,0.0
NB48_LOSS_46__opponent_under_pressure__b215f69668ae,NB48_LOSS_46__opponent_under_pressure__b215f69668ae,NB48_LOSS_46,46,1023639899,69,3.0,69,Random Baseline,"[[[[""650"", ""Bulbasaur""], 68.0, 3, ""None"", 12.0, true], [], 4, 5], [[[""43"", ""Eevee""], 25.0, 2, ""None"", 25.0, true], [], 4, 5], 6, ""Opponent""]",Ascension,1.6335,Training,Ascension,Ascension,True,True,ascension,1.0,1.0,0.0,0.0,0.0,0.0,0.0
NB48_LOSS_46__player_under_pressure__c78f75eb689c,NB48_LOSS_46__player_under_pressure__c78f75eb689c,NB48_LOSS_46,46,2417390756,69,3.0,69,Random Baseline,"[[[[""650"", ""Bulbasaur""], 40.0, 2, ""None"", 40.0, true], [], 4, 4], [[[""43"", ""Eevee""], 42.5, 3, ""None"", 7.5, true], [], 4, 4], 6, ""Opponent""]",Quick Attack,1.8785,Training,Quick Attack,Quick Attack,True,True,ascension | quick attack,2.0,0.0,0.0,0.0,0.0,1.0,0.0
NB48_LOSS_52__balanced_midgame__e981cb4fd346,NB48_LOSS_52__balanced_midgame__e981cb4fd346,NB48_LOSS_52,52,4185863381,81,2.6666666666666665,81,Random Baseline,"[[[[""650"", ""Bulbasaur""], 60.0, 2, ""None"", 20.0, true], [], 4, 5], [[[""43"", ""Eevee""], 37.5, 2, ""None"", 12.5, true], [], 4, 5], 5, ""Opponent""]",Ascension,1.6335,Training,Ascension,Ascension,True,True,ascension,1.0,1.0,0.0,0.0,0.0,0.0,0.0
NB48_LOSS_52__counterfactual_side_early__7eb6f8a9569d,NB48_LOSS_52__counterfactual_side_early__7eb6f8a9569d,NB48_LOSS_52,52,3069815239,81,2.6666666666666665,81,Random Baseline,"[[[[""650"", ""Bulbasaur""], 72.0, 1, ""None"", 8.0, true], [], 5, 6], [[[""43"", ""Eevee""], 45.0, 1, ""None"", 5.0, true], [], 5, 6], 3, ""Player""]",Bind Down,0.99,Training,Bind Down,Bind Down,True,True,bind down,1.0,0.0,1.0,0.0,0.0,0.0,0.0
NB48_LOSS_52__counterfactual_side_late__0e8ba02ea0c2,NB48_LOSS_52__counterfactual_side_late__0e8ba02ea0c2,NB48_LOSS_52,52,1361582402,81,2.6666666666666665,81,Random Baseline,"[[[[""650"", ""Bulbasaur""], 44.0, 3, ""None"", 36.0, true], [], 3, 4], [[[""43"", ""Eevee""], 27.5, 3, ""None"", 22.5, true], [], 3, 4], 8, ""Player""]",Bind Down,0.99,Training,Bind Down,Bind Down,True,True,bind down,1.0,0.0,1.0,0.0,0.0,0.0,0.0
NB48_LOSS_52__critical_hp_decision__204a7603a6de,NB48_LOSS_52__critical_hp_decision__204a7603a6de,NB48_LOSS_52,52,1604777250,81,2.6666666666666665,81,Random Baseline,"[[[[""650"", ""Bulbasaur""], 24.0, 4, ""None"", 56.0, true], [], 2, 3], [[[""43"", ""Eevee""], 22.5, 4, ""None"", 27.5, true], [], 2, 3], 10, ""Opponent""]",Quick Attack,1.8785,Training,Quick Attack,Quick Attack,True,True,ascension | quick attack,2.0,0.0,0.0,0.0,0.0,1.0,0.0
NB48_LOSS_52__early_pressure__02d87611f66b,NB48_LOSS_52__early_pressure__02d87611f66b,NB48_LOSS_52,52,2590640328,81,2.6666666666666665,81,Random Baseline,"[[[[""650"", ""Bulbasaur""], 68.0, 1, ""None"", 12.0, true], [], 5, 6], [[[""43"", ""Eevee""], 47.5, 2, ""None"", 2.5, true], [], 5, 6], 3, ""Opponent""]",Ascension,1.6335,Training,Ascension,Ascension,True,True,ascension,1.0,1.0,0.0,0.0,0.0,0.0,0.0
NB48_LOSS_52__late_game_prize_pressure__b974ab8aaea6,NB48_LOSS_52__late_game_prize_pressure__b974ab8aaea6,NB48_LOSS_52,52,2278304287,81,2.6666666666666665,81,Random Baseline,"[[[[""650"", ""Bulbasaur""], 48.0, 3, ""None"", 32.0, true], [], 2, 3], [[[""43"", ""Eevee""], 30.0, 3, ""None"", 20.0, true], [], 2, 3], 9, ""Opponent""]",Quick Attack,1.8785,Training,Quick Attack,Quick Attack,True,True,ascension | quick attack,2.0,0.0,0.0,0.0,0.0,1.0,0.0
NB48_LOSS_52__opening_one_energy__7cbd2b14178d,NB48_LOSS_52__opening_one_energy__7cbd2b14178d,NB48_LOSS_52,52,789406950,81,2.6666666666666665,81,Random Baseline,"[[[[""650"", ""Bulbasaur""], 80.0, 1, ""None"", 0.0, true], [], 6, 6], [[[""43"", ""Eevee""], 50.0, 1, ""None"", 0.0, true], [], 6, 6], 2, ""Opponent""]",Ascension,1.6335,Training,Ascension,Ascension,True,True,ascension,1.0,1.0,0.0,0.0,0.0,0.0,0.0
NB48_LOSS_52__opening_zero_energy__78045dddd2fc,NB48_LOSS_52__opening_zero_energy__78045dddd2fc,NB48_LOSS_52,52,3397624056,81,2.6666666666666665,81,Random Baseline,"[[[[""650"", ""Bulbasaur""], 80.0, 0, ""None"", 0.0, true], [], 6, 7], [[[""43"", ""Eevee""], 50.0, 0, ""None"", 0.0, true], [], 6, 7], 1, ""Opponent""]",Pass,1.6335,Training,Pass,Pass,True,True,pass,1.0,0.0,0.0,0.0,1.0,0.0,0.0
NB48_LOSS_52__opponent_under_pressure__219bbad71f62,NB48_LOSS_52__opponent_under_pressure__219bbad71f62,NB48_LOSS_52,52,4239475871,81,2.6666666666666665,81,Random Baseline,"[[[[""650"", ""Bulbasaur""], 68.0, 3, ""None"", 12.0, true], [], 4, 5], [[[""43"", ""Eevee""], 25.0, 2, ""None"", 25.0, true], [], 4, 5], 6, ""Opponent""]",Ascension,1.6335,Training,Ascension,Ascension,True,True,ascension,1.0,1.0,0.0,0.0,0.0,0.0,0.0
NB48_LOSS_52__player_under_pressure__011b73dcc968,NB48_LOSS_52__player_under_pressure__011b73dcc968,NB48_LOSS_52,52,4010568076,81,2.6666666666666665,81,Random Baseline,"[[[[""650"", ""Bulbasaur""], 40.0, 2, ""None"", 40.0, true], [], 4, 4], [[[""43"", ""Eevee""], 42.5, 3, ""None"", 7.5, true], [], 4, 4], 6, ""Opponent""]",Quick Attack,1.8785,Training,Quick Attack,Quick Attack,True,True,ascension | quick attack,2.0,0.0,0.0,0.0,0.0,1.0,0.0
NB48_LOSS_59__balanced_midgame__75c179f4818e,NB48_LOSS_59__balanced_midgame__75c179f4818e,NB48_LOSS_59,59,57462471,104,1.0,104,Random Baseline,"[[[[""43"", ""Eevee""], 37.5, 2, ""None"", 12.5, true], [], 4, 5], [[[""788"", ""Charmander""], 60.0, 2, ""None"", 20.0, true], [], 4, 5], 5, ""Player""]",Ascension,1.21,Training,Ascension,Ascension,True,True,ascension,1.0,1.0,0.0,0.0,0.0,0.0,0.0
NB48_LOSS_59__counterfactual_side_early__cfdda66de4a9,NB48_LOSS_59__counterfactual_side_early__cfdda66de4a9,NB48_LOSS_59,59,2017336643,104,1.0,104,Random Baseline,"[[[[""43"", ""Eevee""], 45.0, 1, ""None"", 5.0, true], [], 5, 6], [[[""788"", ""Charmander""], 72.0, 1, ""None"", 8.0, true], [], 5, 6], 3, ""Opponent""]",Live Coal,1.3365,Training,Live Coal,Live Coal,True,True,live coal,1.0,0.0,0.0,1.0,0.0,0.0,0.0
NB48_LOSS_59__counterfactual_side_late__b39234459bfd,NB48_LOSS_59__counterfactual_side_late__b39234459bfd,NB48_LOSS_59,59,2368416176,104,1.0,104,Random Baseline,"[[[[""43"", ""Eevee""], 27.5, 3, ""None"", 22.5, true], [], 3, 4], [[[""788"", ""Charmander""], 44.0, 3, ""None"", 36.0, true], [], 3, 4], 8, ""Opponent""]",Live Coal,1.3365,Training,Live Coal,Live Coal,True,True,live coal,1.0,0.0,0.0,1.0,0.0,0.0,0.0
NB48_LOSS_59__critical_hp_decision__c158f6419d0a,NB48_LOSS_59__critical_hp_decision__c158f6419d0a,NB48_LOSS_59,59,1844390997,104,1.0,104,Random Baseline,"[[[[""43"", ""Eevee""], 15.0, 4, ""None"", 35.0, true], [], 2, 3], [[[""788"", ""Charmander""], 36.0, 4, ""None"", 44.0, true], [], 2, 3], 10, ""Player""]",Quick Attack,1.3915,Training,Quick Attack,Quick Attack,True,True,ascension | quick attack,2.0,0.0,0.0,0.0,0.0,1.0,0.0
NB48_LOSS_59__early_pressure__8d94b20b9891,NB48_LOSS_59__early_pressure__8d94b20b9891,NB48_LOSS_59,59,734037868,104,1.0,104,Random Baseline,"[[[[""43"", ""Eevee""], 42.5, 1, ""None"", 7.5, true], [], 5, 6], [[[""788"", ""Charmander""], 76.0, 2, ""None"", 4.0, true], [], 5, 6], 3, ""Player""]",Ascension,1.21,Training,Ascension,Ascension,True,True,ascension,1.0,1.0,0.0,0.0,0.0,0.0,0.0
NB48_LOSS_59__late_game_prize_pressure__83b1d9f7b194,NB48_LOSS_59__late_game_prize_pressure__83b1d9f7b194,NB48_LOSS_59,59,2552617946,104,1.0,104,Random Baseline,"[[[[""43"", ""Eevee""], 30.0, 3, ""None"", 20.0, true], [], 2, 3], [[[""788"", ""Charmander""], 48.0, 3, ""None"", 32.0, true], [], 2, 3], 9, ""Player""]",Quick Attack,1.3915,Training,Quick Attack,Quick Attack,True,True,ascension | quick attack,2.0,0.0,0.0,0.0,0.0,1.0,0.0
NB48_LOSS_59__opening_one_energy__652a4a27333d,NB48_LOSS_59__opening_one_energy__652a4a27333d,NB48_LOSS_59,59,276079608,104,1.0,104,Random Baseline,"[[[[""43"", ""Eevee""], 50.0, 1, ""None"", 0.0, true], [], 6, 6], [[[""788"", ""Charmander""], 80.0, 1, ""None"", 0.0, true], [], 6, 6], 2, ""Player""]",Ascension,1.21,Training,Ascension,Ascension,True,True,ascension,1.0,1.0,0.0,0.0,0.0,0.0,0.0
NB48_LOSS_59__opening_zero_energy__497ce5c9c790,NB48_LOSS_59__opening_zero_energy__497ce5c9c790,NB48_LOSS_59,59,10599318,104,1.0,104,Random Baseline,"[[[[""43"", ""Eevee""], 50.0, 0, ""None"", 0.0, true], [], 6, 7], [[[""788"", ""Charmander""], 80.0, 0, ""None"", 0.0, true], [], 6, 7], 1, ""Player""]",Pass,1.21,Training,Pass,Pass,True,True,pass,1.0,0.0,0.0,0.0,1.0,0.0,0.0
NB48_LOSS_59__opponent_under_pressure__d1a7d91bab67,NB48_LOSS_59__opponent_under_pressure__d1a7d91bab67,NB48_LOSS_59,59,2211164226,104,1.0,104,Random Baseline,"[[[[""43"", ""Eevee""], 42.5, 3, ""None"", 7.5, true], [], 4, 5], [[[""788"", ""Charmander""], 40.0, 2, ""None"", 40.0, true], [], 4, 5], 6, ""Player""]",Quick Attack,1.3915,Training,Quick Attack,Quick Attack,True,True,ascension | quick attack,2.0,0.0,0.0,0.0,0.0,1.0,0.0
NB48_LOSS_59__player_under_pressure__dd45c05cab38,NB48_LOSS_59__player_under_pressure__dd45c05cab38,NB48_LOSS_59,59,3686277990,104,1.0,104,Random Baseline,"[[[[""43"", ""Eevee""], 25.0, 2, ""None"", 25.0, true], [], 4, 4], [[[""788"", ""Charmander""], 68.0, 3, ""None"", 12.0, true], [], 4, 4], 6, ""Player""]",Ascension,1.21,Training,Ascension,Ascension,True,True,ascension,1.0,1.0,0.0,0.0,0.0,0.0,0.0
NB48_LOSS_6__balanced_midgame__42ea6f00436b,NB48_LOSS_6__balanced_midgame__42ea6f00436b,NB48_LOSS_6,6,1543103915,86,2.0,86,Random Baseline,"[[[[""1071"", ""Meowth ex""], 127.5, 2, ""None"", 42.5, true], [], 4, 5], [[[""43"", ""Eevee""], 37.5, 2, ""None"", 12.5, true], [], 4, 5], 5, ""Opponent""]",Ascension,1.6335,Training,Ascension,Ascension,True,True,ascension,1.0,1.0,0.0,0.0,0.0,0.0,0.0
NB48_LOSS_6__counterfactual_side_early__c1a291514c79,NB48_LOSS_6__counterfactual_side_early__c1a291514c79,NB48_LOSS_6,6,423743104,86,2.0,86,Random Baseline,"[[[[""1071"", ""Meowth ex""], 153.0, 1, ""None"", 17.0, true], [], 5, 6], [[[""43"", ""Eevee""], 45.0, 1, ""None"", 5.0, true], [], 5, 6], 3, ""Player""]",Pass,0.99,Training,Pass,Pass,True,True,pass,1.0,0.0,0.0,0.0,1.0,0.0,0.0
NB48_LOSS_6__counterfactual_side_late__bd108477450a,NB48_LOSS_6__counterfactual_side_late__bd108477450a,NB48_LOSS_6,6,2421232357,86,2.0,86,Random Baseline,"[[[[""1071"", ""Meowth ex""], 93.5, 3, ""None"", 76.5, true], [], 3, 4], [[[""43"", ""Eevee""], 27.5, 3, ""None"", 22.5, true], [], 3, 4], 8, ""Player""]",Tuck Tail,0.99,Training,Tuck Tail,Tuck Tail,True,True,tuck tail,1.0,0.0,0.0,0.0,0.0,0.0,1.0
NB48_LOSS_6__critical_hp_decision__53c53f7508bf,NB48_LOSS_6__critical_hp_decision__53c53f7508bf,NB48_LOSS_6,6,2651082917,86,2.0,86,Random Baseline,"[[[[""1071"", ""Meowth ex""], 51.0, 4, ""None"", 119.0, true], [], 2, 3], [[[""43"", ""Eevee""], 22.5, 4, ""None"", 27.5, true], [], 2, 3], 10, ""Opponent""]",Quick Attack,1.8785,Training,Quick Attack,Quick Attack,True,True,ascension | quick attack,2.0,0.0,0.0,0.0,0.0,1.0,0.0
NB48_LOSS_6__early_pressure__a521e496f0c2,NB48_LOSS_6__early_pressure__a521e496f0c2,NB48_LOSS_6,6,3855972030,86,2.0,86,Random Baseline,"[[[[""1071"", ""Meowth ex""], 144.5, 1, ""None"", 25.5, true], [], 5, 6], [[[""43"", ""Eevee""], 47.5, 2, ""None"", 2.5, true], [], 5, 6], 3, ""Opponent""]",Ascension,1.6335,Training,Ascension,Ascension,True,True,ascension,1.0,1.0,0.0,0.0,0.0,0.0,0.0
NB48_LOSS_6__late_game_prize_pressure__45baf4a633e4,NB48_LOSS_6__late_game_prize_pressure__45baf4a633e4,NB48_LOSS_6,6,3703573263,86,2.0,86,Random Baseline,"[[[[""1071"", ""Meowth ex""], 102.0, 3, ""None"", 68.0, true], [], 2, 3], [[[""43"", ""Eevee""], 30.0, 3, ""None"", 20.0, true], [], 2, 3], 9, ""Opponent""]",Quick Attack,1.8785,Training,Quick Attack,Quick Attack,True,True,ascension | quick attack,2.0,0.0,0.0,0.0,0.0,1.0,0.0
NB48_LOSS_6__opening_one_energy__bcaeb3f44f22,NB48_LOSS_6__opening_one_energy__bcaeb3f44f22,NB48_LOSS_6,6,3678312269,86,2.0,86,Random Baseline,"[[[[""1071"", ""Meowth ex""], 170.0, 1, ""None"", 0.0, true], [], 6, 6], [[[""43"", ""Eevee""], 50.0, 1, ""None"", 0.0, true], [], 6, 6], 2, ""Opponent""]",Ascension,1.6335,Training,Ascension,Ascension,True,True,ascension,1.0,1.0,0.0,0.0,0.0,0.0,0.0
NB48_LOSS_6__opening_zero_energy__07171ace049a,NB48_LOSS_6__opening_zero_energy__07171ace049a,NB48_LOSS_6,6,33508779,86,2.0,86,Random Baseline,"[[[[""1071"", ""Meowth ex""], 170.0, 0, ""None"", 0.0, true], [], 6, 7], [[[""43"", ""Eevee""], 50.0, 0, ""None"", 0.0, true], [], 6, 7], 1, ""Opponent""]",Pass,1.6335,Training,Pass,Pass,True,True,pass,1.0,0.0,0.0,0.0,1.0,0.0,0.0
NB48_LOSS_6__opponent_under_pressure__7b32e0d751d7,NB48_LOSS_6__opponent_under_pressure__7b32e0d751d7,NB48_LOSS_6,6,2890486164,86,2.0,86,Random Baseline,"[[[[""1071"", ""Meowth ex""], 144.5, 3, ""None"", 25.5, true], [], 4, 5], [[[""43"", ""Eevee""], 25.0, 2, ""None"", 25.0, true], [], 4, 5], 6, ""Opponent""]",Ascension,1.6335,Training,Ascension,Ascension,True,True,ascension,1.0,1.0,0.0,0.0,0.0,0.0,0.0
NB48_LOSS_6__player_under_pressure__7aba76b10ff3,NB48_LOSS_6__player_under_pressure__7aba76b10ff3,NB48_LOSS_6,6,2002406325,86,2.0,86,Random Baseline,"[[[[""1071"", ""Meowth ex""], 85.0, 2, ""None"", 85.0, true], [], 4, 4], [[[""43"", ""Eevee""], 42.5, 3, ""None"", 7.5, true], [], 4, 4], 6, ""Opponent""]",Quick Attack,1.8785,Training,Quick Attack,Quick Attack,True,True,ascension | quick attack,2.0,0.0,0.0,0.0,0.0,1.0,0.0
NB48_LOSS_70__balanced_midgame__039abec7129f,NB48_LOSS_70__balanced_midgame__039abec7129f,NB48_LOSS_70,70,1121797333,70,3.0,70,Random Baseline,"[[[[""650"", ""Bulbasaur""], 60.0, 2, ""None"", 20.0, true], [], 4, 5], [[[""43"", ""Eevee""], 37.5, 2, ""None"", 12.5, true], [], 4, 5], 5, ""Opponent""]",Ascension,1.6335,Training,Ascension,Ascension,True,True,ascension,1.0,1.0,0.0,0.0,0.0,0.0,0.0
NB48_LOSS_70__counterfactual_side_early__78fda3fd3813,NB48_LOSS_70__counterfactual_side_early__78fda3fd3813,NB48_LOSS_70,70,2670725001,70,3.0,70,Random Baseline,"[[[[""650"", ""Bulbasaur""], 72.0, 1, ""None"", 8.0, true], [], 5, 6], [[[""43"", ""Eevee""], 45.0, 1, ""None"", 5.0, true], [], 5, 6], 3, ""Player""]",Bind Down,0.99,Training,Bind Down,Bind Down,True,True,bind down,1.0,0.0,1.0,0.0,0.0,0.0,0.0
NB48_LOSS_70__counterfactual_side_late__ceca9c462354,NB48_LOSS_70__counterfactual_side_late__ceca9c462354,NB48_LOSS_70,70,99986177,70,3.0,70,Random Baseline,"[[[[""650"", ""Bulbasaur""], 44.0, 3, ""None"", 36.0, true], [], 3, 4], [[[""43"", ""Eevee""], 27.5, 3, ""None"", 22.5, true], [], 3, 4], 8, ""Player""]",Bind Down,0.99,Training,Bind Down,Bind Down,True,True,bind down,1.0,0.0,1.0,0.0,0.0,0.0,0.0
NB48_LOSS_70__critical_hp_decision__2ee2807242b4,NB48_LOSS_70__critical_hp_decision__2ee2807242b4,NB48_LOSS_70,70,2632941142,70,3.0,70,Random Baseline,"[[[[""650"", ""Bulbasaur""], 24.0, 4, ""None"", 56.0, true], [], 2, 3], [[[""43"", ""Eevee""], 22.5, 4, ""None"", 27.5, true], [], 2, 3], 10, ""Opponent""]",Quick Attack,1.8785,Training,Quick Attack,Quick Attack,True,True,ascension | quick attack,2.0,0.0,0.0,0.0,0.0,1.0,0.0
NB48_LOSS_70__early_pressure__c98fe047ca1c,NB48_LOSS_70__early_pressure__c98fe047ca1c,NB48_LOSS_70,70,2657850122,70,3.0,70,Random Baseline,"[[[[""650"", ""Bulbasaur""], 68.0, 1, ""None"", 12.0, true], [], 5, 6], [[[""43"", ""Eevee""], 47.5, 2, ""None"", 2.5, true], [], 5, 6], 3, ""Opponent""]",Ascension,1.6335,Training,Ascension,Ascension,True,True,ascension,1.0,1.0,0.0,0.0,0.0,0.0,0.0
NB48_LOSS_70__late_game_prize_pressure__dc4afa8ebb30,NB48_LOSS_70__late_game_prize_pressure__dc4afa8ebb30,NB48_LOSS_70,70,4834356,70,3.0,70,Random Baseline,"[[[[""650"", ""Bulbasaur""], 48.0, 3, ""None"", 32.0, true], [], 2, 3], [[[""43"", ""Eevee""], 30.0, 3, ""None"", 20.0, true], [], 2, 3], 9, ""Opponent""]",Quick Attack,1.8785,Training,Quick Attack,Quick Attack,True,True,ascension | quick attack,2.0,0.0,0.0,0.0,0.0,1.0,0.0
NB48_LOSS_70__opening_one_energy__0cdc480f2910,NB48_LOSS_70__opening_one_energy__0cdc480f2910,NB48_LOSS_70,70,2412872002,70,3.0,70,Random Baseline,"[[[[""650"", ""Bulbasaur""], 80.0, 1, ""None"", 0.0, true], [], 6, 6], [[[""43"", ""Eevee""], 50.0, 1, ""None"", 0.0, true], [], 6, 6], 2, ""Opponent""]",Ascension,1.6335,Training,Ascension,Ascension,True,True,ascension,1.0,1.0,0.0,0.0,0.0,0.0,0.0
NB48_LOSS_70__opening_zero_energy__b4b0d5861393,NB48_LOSS_70__opening_zero_energy__b4b0d5861393,NB48_LOSS_70,70,1423548128,70,3.0,70,Random Baseline,"[[[[""650"", ""Bulbasaur""], 80.0, 0, ""None"", 0.0, true], [], 6, 7], [[[""43"", ""Eevee""], 50.0, 0, ""None"", 0.0, true], [], 6, 7], 1, ""Opponent""]",Pass,1.6335,Training,Pass,Pass,True,True,pass,1.0,0.0,0.0,0.0,1.0,0.0,0.0
NB48_LOSS_70__opponent_under_pressure__09d6adebd8bc,NB48_LOSS_70__opponent_under_pressure__09d6adebd8bc,NB48_LOSS_70,70,3187133504,70,3.0,70,Random Baseline,"[[[[""650"", ""Bulbasaur""], 68.0, 3, ""None"", 12.0, true], [], 4, 5], [[[""43"", ""Eevee""], 25.0, 2, ""None"", 25.0, true], [], 4, 5], 6, ""Opponent""]",Ascension,1.6335,Training,Ascension,Ascension,True,True,ascension,1.0,1.0,0.0,0.0,0.0,0.0,0.0
NB48_LOSS_70__player_under_pressure__99206e7c7204,NB48_LOSS_70__player_under_pressure__99206e7c7204,NB48_LOSS_70,70,1123130249,70,3.0,70,Random Baseline,"[[[[""650"", ""Bulbasaur""], 40.0, 2, ""None"", 40.0, true], [], 4, 4], [[[""43"", ""Eevee""], 42.5, 3, ""None"", 7.5, true], [], 4, 4], 6, ""Opponent""]",Quick Attack,1.8785,Training,Quick Attack,Quick Attack,True,True,ascension | quick attack,2.0,0.0,0.0,0.0,0.0,1.0,0.0
NB48_LOSS_71__balanced_midgame__98b20264504a,NB48_LOSS_71__balanced_midgame__98b20264504a,NB48_LOSS_71,71,3644239423,105,1.0,105,Random Baseline,"[[[[""43"", ""Eevee""], 37.5, 2, ""None"", 12.5, true], [], 4, 5], [[[""788"", ""Charmander""], 60.0, 2, ""None"", 20.0, true], [], 4, 5], 5, ""Player""]",Ascension,1.21,Training,Ascension,Ascension,True,True,ascension,1.0,1.0,0.0,0.0,0.0,0.0,0.0
NB48_LOSS_71__counterfactual_side_early__de920ca2e349,NB48_LOSS_71__counterfactual_side_early__de920ca2e349,NB48_LOSS_71,71,784358001,105,1.0,105,Random Baseline,"[[[[""43"", ""Eevee""], 45.0, 1, ""None"", 5.0, true], [], 5, 6], [[[""788"", ""Charmander""], 72.0, 1, ""None"", 8.0, true], [], 5, 6], 3, ""Opponent""]",Live Coal,1.3365,Training,Live Coal,Live Coal,True,True,live coal,1.0,0.0,0.0,1.0,0.0,0.0,0.0
NB48_LOSS_71__counterfactual_side_late__5b08216264eb,NB48_LOSS_71__counterfactual_side_late__5b08216264eb,NB48_LOSS_71,71,2336016030,105,1.0,105,Random Baseline,"[[[[""43"", ""Eevee""], 27.5, 3, ""None"", 22.5, true], [], 3, 4], [[[""788"", ""Charmander""], 44.0, 3, ""None"", 36.0, true], [], 3, 4], 8, ""Opponent""]",Live Coal,1.3365,Training,Live Coal,Live Coal,True,True,live coal,1.0,0.0,0.0,1.0,0.0,0.0,0.0
NB48_LOSS_71__critical_hp_decision__9a4cfd75735d,NB48_LOSS_71__critical_hp_decision__9a4cfd75735d,NB48_LOSS_71,71,640563809,105,1.0,105,Random Baseline,"[[[[""43"", ""Eevee""], 15.0, 4, ""None"", 35.0, true], [], 2, 3], [[[""788"", ""Charmander""], 36.0, 4, ""None"", 44.0, true], [], 2, 3], 10, ""Player""]",Quick Attack,1.3915,Training,Quick Attack,Quick Attack,True,True,ascension | quick attack,2.0,0.0,0.0,0.0,0.0,1.0,0.0
NB48_LOSS_71__early_pressure__03b182557dd0,NB48_LOSS_71__early_pressure__03b182557dd0,NB48_LOSS_71,71,3852263738,105,1.0,105,Random Baseline,"[[[[""43"", ""Eevee""], 42.5, 1, ""None"", 7.5, true], [], 5, 6], [[[""788"", ""Charmander""], 76.0, 2, ""None"", 4.0, true], [], 5, 6], 3, ""Player""]",Ascension,1.21,Training,Ascension,Ascension,True,True,ascension,1.0,1.0,0.0,0.0,0.0,0.0,0.0
NB48_LOSS_71__late_game_prize_pressure__68bb695130b9,NB48_LOSS_71__late_game_prize_pressure__68bb695130b9,NB48_LOSS_71,71,3241734577,105,1.0,105,Random Baseline,"[[[[""43"", ""Eevee""], 30.0, 3, ""None"", 20.0, true], [], 2, 3], [[[""788"", ""Charmander""], 48.0, 3, ""None"", 32.0, true], [], 2, 3], 9, ""Player""]",Quick Attack,1.3915,Training,Quick Attack,Quick Attack,True,True,ascension | quick attack,2.0,0.0,0.0,0.0,0.0,1.0,0.0
NB48_LOSS_71__opening_one_energy__98ab8afaef72,NB48_LOSS_71__opening_one_energy__98ab8afaef72,NB48_LOSS_71,71,3048308998,105,1.0,105,Random Baseline,"[[[[""43"", ""Eevee""], 50.0, 1, ""None"", 0.0, true], [], 6, 6], [[[""788"", ""Charmander""], 80.0, 1, ""None"", 0.0, true], [], 6, 6], 2, ""Player""]",Ascension,1.21,Training,Ascension,Ascension,True,True,ascension,1.0,1.0,0.0,0.0,0.0,0.0,0.0
NB48_LOSS_71__opening_zero_energy__5459f74cebee,NB48_LOSS_71__opening_zero_energy__5459f74cebee,NB48_LOSS_71,71,1102661451,105,1.0,105,Random Baseline,"[[[[""43"", ""Eevee""], 50.0, 0, ""None"", 0.0, true], [], 6, 7], [[[""788"", ""Charmander""], 80.0, 0, ""None"", 0.0, true], [], 6, 7], 1, ""Player""]",Pass,1.21,Training,Pass,Pass,True,True,pass,1.0,0.0,0.0,0.0,1.0,0.0,0.0
NB48_LOSS_71__opponent_under_pressure__861581a0634b,NB48_LOSS_71__opponent_under_pressure__861581a0634b,NB48_LOSS_71,71,3235536034,105,1.0,105,Random Baseline,"[[[[""43"", ""Eevee""], 42.5, 3, ""None"", 7.5, true], [], 4, 5], [[[""788"", ""Charmander""], 40.0, 2, ""None"", 40.0, true], [], 4, 5], 6, ""Player""]",Quick Attack,1.3915,Training,Quick Attack,Quick Attack,True,True,ascension | quick attack,2.0,0.0,0.0,0.0,0.0,1.0,0.0
NB48_LOSS_71__player_under_pressure__473ceba114e9,NB48_LOSS_71__player_under_pressure__473ceba114e9,NB48_LOSS_71,71,2419460013,105,1.0,105,Random Baseline,"[[[[""43"", ""Eevee""], 25.0, 2, ""None"", 25.0, true], [], 4, 4], [[[""788"", ""Charmander""], 68.0, 3, ""None"", 12.0, true], [], 4, 4], 6, ""Player""]",Ascension,1.21,Training,Ascension,Ascension,True,True,ascension,1.0,1.0,0.0,0.0,0.0,0.0,0.0
NB48_LOSS_74__balanced_midgame__d91decb00219,NB48_LOSS_74__balanced_midgame__d91decb00219,NB48_LOSS_74,74,2030335276,92,2.0,92,Random Baseline,"[[[[""788"", ""Charmander""], 60.0, 2, ""None"", 20.0, true], [], 4, 5], [[[""43"", ""Eevee""], 37.5, 2, ""None"", 12.5, true], [], 4, 5], 5, ""Opponent""]",Ascension,1.6335,Training,Ascension,Ascension,True,True,ascension,1.0,1.0,0.0,0.0,0.0,0.0,0.0
NB48_LOSS_74__counterfactual_side_early__8e3a3346d0e4,NB48_LOSS_74__counterfactual_side_early__8e3a3346d0e4,NB48_LOSS_74,74,784347102,92,2.0,92,Random Baseline,"[[[[""788"", ""Charmander""], 72.0, 1, ""None"", 8.0, true], [], 5, 6], [[[""43"", ""Eevee""], 45.0, 1, ""None"", 5.0, true], [], 5, 6], 3, ""Player""]",Live Coal,0.99,Training,Live Coal,Live Coal,True,True,live coal,1.0,0.0,0.0,1.0,0.0,0.0,0.0
NB48_LOSS_74__counterfactual_side_late__0521df11bfe7,NB48_LOSS_74__counterfactual_side_late__0521df11bfe7,NB48_LOSS_74,74,3095197454,92,2.0,92,Random Baseline,"[[[[""788"", ""Charmander""], 44.0, 3, ""None"", 36.0, true], [], 3, 4], [[[""43"", ""Eevee""], 27.5, 3, ""None"", 22.5, true], [], 3, 4], 8, ""Player""]",Live Coal,0.99,Training,Live Coal,Live Coal,True,True,live coal,1.0,0.0,0.0,1.0,0.0,0.0,0.0
NB48_LOSS_74__critical_hp_decision__498572d1c5b9,NB48_LOSS_74__critical_hp_decision__498572d1c5b9,NB48_LOSS_74,74,4196155499,92,2.0,92,Random Baseline,"[[[[""788"", ""Charmander""], 24.0, 4, ""None"", 56.0, true], [], 2, 3], [[[""43"", ""Eevee""], 22.5, 4, ""None"", 27.5, true], [], 2, 3], 10, ""Opponent""]",Quick Attack,1.8785,Training,Quick Attack,Quick Attack,True,True,ascension | quick attack,2.0,0.0,0.0,0.0,0.0,1.0,0.0
NB48_LOSS_74__early_pressure__2631bacb12c0,NB48_LOSS_74__early_pressure__2631bacb12c0,NB48_LOSS_74,74,934506967,92,2.0,92,Random Baseline,"[[[[""788"", ""Charmander""], 68.0, 1, ""None"", 12.0, true], [], 5, 6], [[[""43"", ""Eevee""], 47.5, 2, ""None"", 2.5, true], [], 5, 6], 3, ""Opponent""]",Ascension,1.6335,Training,Ascension,Ascension,True,True,ascension,1.0,1.0,0.0,0.0,0.0,0.0,0.0
NB48_LOSS_74__late_game_prize_pressure__2f0643309d62,NB48_LOSS_74__late_game_prize_pressure__2f0643309d62,NB48_LOSS_74,74,826766397,92,2.0,92,Random Baseline,"[[[[""788"", ""Charmander""], 48.0, 3, ""None"", 32.0, true], [], 2, 3], [[[""43"", ""Eevee""], 30.0, 3, ""None"", 20.0, true], [], 2, 3], 9, ""Opponent""]",Quick Attack,1.8785,Training,Quick Attack,Quick Attack,True,True,ascension | quick attack,2.0,0.0,0.0,0.0,0.0,1.0,0.0
NB48_LOSS_74__opening_one_energy__1c24bf3eff7b,NB48_LOSS_74__opening_one_energy__1c24bf3eff7b,NB48_LOSS_74,74,3838849316,92,2.0,92,Random Baseline,"[[[[""788"", ""Charmander""], 80.0, 1, ""None"", 0.0, true], [], 6, 6], [[[""43"", ""Eevee""], 50.0, 1, ""None"", 0.0, true], [], 6, 6], 2, ""Opponent""]",Ascension,1.6335,Training,Ascension,Ascension,True,True,ascension,1.0,1.0,0.0,0.0,0.0,0.0,0.0
NB48_LOSS_74__opening_zero_energy__61ab181ce368,NB48_LOSS_74__opening_zero_energy__61ab181ce368,NB48_LOSS_74,74,1674038349,92,2.0,92,Random Baseline,"[[[[""788"", ""Charmander""], 80.0, 0, ""None"", 0.0, true], [], 6, 7], [[[""43"", ""Eevee""], 50.0, 0, ""None"", 0.0, true], [], 6, 7], 1, ""Opponent""]",Pass,1.6335,Training,Pass,Pass,True,True,pass,1.0,0.0,0.0,0.0,1.0,0.0,0.0
NB48_LOSS_74__opponent_under_pressure__88af114c1465,NB48_LOSS_74__opponent_under_pressure__88af114c1465,NB48_LOSS_74,74,1044740560,92,2.0,92,Random Baseline,"[[[[""788"", ""Charmander""], 68.0, 3, ""None"", 12.0, true], [], 4, 5], [[[""43"", ""Eevee""], 25.0, 2, ""None"", 25.0, true], [], 4, 5], 6, ""Opponent""]",Ascension,1.6335,Training,Ascension,Ascension,True,True,ascension,1.0,1.0,0.0,0.0,0.0,0.0,0.0
NB48_LOSS_74__player_under_pressure__1658e6c33626,NB48_LOSS_74__player_under_pressure__1658e6c33626,NB48_LOSS_74,74,1941923202,92,2.0,92,Random Baseline,"[[[[""788"", ""Charmander""], 40.0, 2, ""None"", 40.0, true], [], 4, 4], [[[""43"", ""Eevee""], 42.5, 3, ""None"", 7.5, true], [], 4, 4], 6, ""Opponent""]",Quick Attack,1.8785,Training,Quick Attack,Quick Attack,True,True,ascension | quick attack,2.0,0.0,0.0,0.0,0.0,1.0,0.0
NB48_LOSS_76__balanced_midgame__db60e8ab8f17,NB48_LOSS_76__balanced_midgame__db60e8ab8f17,NB48_LOSS_76,76,3883785365,82,2.6666666666666665,82,Random Baseline,"[[[[""650"", ""Bulbasaur""], 60.0, 2, ""None"", 20.0, true], [], 4, 5], [[[""43"", ""Eevee""], 37.5, 2, ""None"", 12.5, true], [], 4, 5], 5, ""Opponent""]",Ascension,1.6335,Training,Ascension,Ascension,True,True,ascension,1.0,1.0,0.0,0.0,0.0,0.0,0.0
NB48_LOSS_76__counterfactual_side_early__1c18677baef1,NB48_LOSS_76__counterfactual_side_early__1c18677baef1,NB48_LOSS_76,76,3099391989,82,2.6666666666666665,82,Random Baseline,"[[[[""650"", ""Bulbasaur""], 72.0, 1, ""None"", 8.0, true], [], 5, 6], [[[""43"", ""Eevee""], 45.0, 1, ""None"", 5.0, true], [], 5, 6], 3, ""Player""]",Bind Down,0.99,Training,Bind Down,Bind Down,True,True,bind down,1.0,0.0,1.0,0.0,0.0,0.0,0.0
NB48_LOSS_76__counterfactual_side_late__a95f017b87b2,NB48_LOSS_76__counterfactual_side_late__a95f017b87b2,NB48_LOSS_76,76,1793346182,82,2.6666666666666665,82,Random Baseline,"[[[[""650"", ""Bulbasaur""], 44.0, 3, ""None"", 36.0, true], [], 3, 4], [[[""43"", ""Eevee""], 27.5, 3, ""None"", 22.5, true], [], 3, 4], 8, ""Player""]",Bind Down,0.99,Training,Bind Down,Bind Down,True,True,bind down,1.0,0.0,1.0,0.0,0.0,0.0,0.0
NB48_LOSS_76__critical_hp_decision__d92ee104753a,NB48_LOSS_76__critical_hp_decision__d92ee104753a,NB48_LOSS_76,76,4110418710,82,2.6666666666666665,82,Random Baseline,"[[[[""650"", ""Bulbasaur""], 24.0, 4, ""None"", 56.0, true], [], 2, 3], [[[""43"", ""Eevee""], 22.5, 4, ""None"", 27.5, true], [], 2, 3], 10, ""Opponent""]",Quick Attack,1.8785,Training,Quick Attack,Quick Attack,True,True,ascension | quick attack,2.0,0.0,0.0,0.0,0.0,1.0,0.0
NB48_LOSS_76__early_pressure__61d5cb32fa0a,NB48_LOSS_76__early_pressure__61d5cb32fa0a,NB48_LOSS_76,76,3659013277,82,2.6666666666666665,82,Random Baseline,"[[[[""650"", ""Bulbasaur""], 68.0, 1, ""None"", 12.0, true], [], 5, 6], [[[""43"", ""Eevee""], 47.5, 2, ""None"", 2.5, true], [], 5, 6], 3, ""Opponent""]",Ascension,1.6335,Training,Ascension,Ascension,True,True,ascension,1.0,1.0,0.0,0.0,0.0,0.0,0.0
NB48_LOSS_76__late_game_prize_pressure__83fc0f0538c4,NB48_LOSS_76__late_game_prize_pressure__83fc0f0538c4,NB48_LOSS_76,76,324007284,82,2.6666666666666665,82,Random Baseline,"[[[[""650"", ""Bulbasaur""], 48.0, 3, ""None"", 32.0, true], [], 2, 3], [[[""43"", ""Eevee""], 30.0, 3, ""None"", 20.0, true], [], 2, 3], 9, ""Opponent""]",Quick Attack,1.8785,Training,Quick Attack,Quick Attack,True,True,ascension | quick attack,2.0,0.0,0.0,0.0,0.0,1.0,0.0
NB48_LOSS_76__opening_one_energy__b08da9536e52,NB48_LOSS_76__opening_one_energy__b08da9536e52,NB48_LOSS_76,76,3717939740,82,2.6666666666666665,82,Random Baseline,"[[[[""650"", ""Bulbasaur""], 80.0, 1, ""None"", 0.0, true], [], 6, 6], [[[""43"", ""Eevee""], 50.0, 1, ""None"", 0.0, true], [], 6, 6], 2, ""Opponent""]",Ascension,1.6335,Training,Ascension,Ascension,True,True,ascension,1.0,1.0,0.0,0.0,0.0,0.0,0.0
NB48_LOSS_76__opening_zero_energy__b53a383690f9,NB48_LOSS_76__opening_zero_energy__b53a383690f9,NB48_LOSS_76,76,3201675340,82,2.6666666666666665,82,Random Baseline,"[[[[""650"", ""Bulbasaur""], 80.0, 0, ""None"", 0.0, true], [], 6, 7], [[[""43"", ""Eevee""], 50.0, 0, ""None"", 0.0, true], [], 6, 7], 1, ""Opponent""]",Pass,1.6335,Training,Pass,Pass,True,True,pass,1.0,0.0,0.0,0.0,1.0,0.0,0.0
NB48_LOSS_76__opponent_under_pressure__5bb7831f5b53,NB48_LOSS_76__opponent_under_pressure__5bb7831f5b53,NB48_LOSS_76,76,3476372478,82,2.6666666666666665,82,Random Baseline,"[[[[""650"", ""Bulbasaur""], 68.0, 3, ""None"", 12.0, true], [], 4, 5], [[[""43"", ""Eevee""], 25.0, 2, ""None"", 25.0, true], [], 4, 5], 6, ""Opponent""]",Ascension,1.6335,Training,Ascension,Ascension,True,True,ascension,1.0,1.0,0.0,0.0,0.0,0.0,0.0
NB48_LOSS_76__player_under_pressure__90ce6ae14b5f,NB48_LOSS_76__player_under_pressure__90ce6ae14b5f,NB48_LOSS_76,76,2920286694,82,2.6666666666666665,82,Random Baseline,"[[[[""650"", ""Bulbasaur""], 40.0, 2, ""None"", 40.0, true], [], 4, 4], [[[""43"", ""Eevee""], 42.5, 3, ""None"", 7.5, true], [], 4, 4], 6, ""Opponent""]",Quick Attack,1.8785,Training,Quick Attack,Quick Attack,True,True,ascension | quick attack,2.0,0.0,0.0,0.0,0.0,1.0,0.0
NB48_LOSS_83__balanced_midgame__d9636cdfb89a,NB48_LOSS_83__balanced_midgame__d9636cdfb89a,NB48_LOSS_83,83,2901136773,106,1.0,106,Random Baseline,"[[[[""43"", ""Eevee""], 37.5, 2, ""None"", 12.5, true], [], 4, 5], [[[""788"", ""Charmander""], 60.0, 2, ""None"", 20.0, true], [], 4, 5], 5, ""Player""]",Ascension,1.21,Training,Ascension,Ascension,True,True,ascension,1.0,1.0,0.0,0.0,0.0,0.0,0.0
NB48_LOSS_83__counterfactual_side_early__63e114aa2a2d,NB48_LOSS_83__counterfactual_side_early__63e114aa2a2d,NB48_LOSS_83,83,2314731197,106,1.0,106,Random Baseline,"[[[[""43"", ""Eevee""], 45.0, 1, ""None"", 5.0, true], [], 5, 6], [[[""788"", ""Charmander""], 72.0, 1, ""None"", 8.0, true], [], 5, 6], 3, ""Opponent""]",Live Coal,1.3365,Training,Live Coal,Live Coal,True,True,live coal,1.0,0.0,0.0,1.0,0.0,0.0,0.0
NB48_LOSS_83__counterfactual_side_late__4d29dd1c3b30,NB48_LOSS_83__counterfactual_side_late__4d29dd1c3b30,NB48_LOSS_83,83,1708924132,106,1.0,106,Random Baseline,"[[[[""43"", ""Eevee""], 27.5, 3, ""None"", 22.5, true], [], 3, 4], [[[""788"", ""Charmander""], 44.0, 3, ""None"", 36.0, true], [], 3, 4], 8, ""Opponent""]",Live Coal,1.3365,Training,Live Coal,Live Coal,True,True,live coal,1.0,0.0,0.0,1.0,0.0,0.0,0.0
NB48_LOSS_83__critical_hp_decision__5fa60c428c19,NB48_LOSS_83__critical_hp_decision__5fa60c428c19,NB48_LOSS_83,83,2733612750,106,1.0,106,Random Baseline,"[[[[""43"", ""Eevee""], 15.0, 4, ""None"", 35.0, true], [], 2, 3], [[[""788"", ""Charmander""], 36.0, 4, ""None"", 44.0, true], [], 2, 3], 10, ""Player""]",Quick Attack,1.3915,Training,Quick Attack,Quick Attack,True,True,ascension | quick attack,2.0,0.0,0.0,0.0,0.0,1.0,0.0
NB48_LOSS_83__early_pressure__eda8d50dd6e0,NB48_LOSS_83__early_pressure__eda8d50dd6e0,NB48_LOSS_83,83,4097257901,106,1.0,106,Random Baseline,"[[[[""43"", ""Eevee""], 42.5, 1, ""None"", 7.5, true], [], 5, 6], [[[""788"", ""Charmander""], 76.0, 2, ""None"", 4.0, true], [], 5, 6], 3, ""Player""]",Ascension,1.21,Training,Ascension,Ascension,True,True,ascension,1.0,1.0,0.0,0.0,0.0,0.0,0.0
NB48_LOSS_83__late_game_prize_pressure__ca838ce36cea,NB48_LOSS_83__late_game_prize_pressure__ca838ce36cea,NB48_LOSS_83,83,1265810674,106,1.0,106,Random Baseline,"[[[[""43"", ""Eevee""], 30.0, 3, ""None"", 20.0, true], [], 2, 3], [[[""788"", ""Charmander""], 48.0, 3, ""None"", 32.0, true], [], 2, 3], 9, ""Player""]",Quick Attack,1.3915,Training,Quick Attack,Quick Attack,True,True,ascension | quick attack,2.0,0.0,0.0,0.0,0.0,1.0,0.0
NB48_LOSS_83__opening_one_energy__8ba9ac8aac13,NB48_LOSS_83__opening_one_energy__8ba9ac8aac13,NB48_LOSS_83,83,400701046,106,1.0,106,Random Baseline,"[[[[""43"", ""Eevee""], 50.0, 1, ""None"", 0.0, true], [], 6, 6], [[[""788"", ""Charmander""], 80.0, 1, ""None"", 0.0, true], [], 6, 6], 2, ""Player""]",Ascension,1.21,Training,Ascension,Ascension,True,True,ascension,1.0,1.0,0.0,0.0,0.0,0.0,0.0
NB48_LOSS_83__opening_zero_energy__c592a22c6d65,NB48_LOSS_83__opening_zero_energy__c592a22c6d65,NB48_LOSS_83,83,228810389,106,1.0,106,Random Baseline,"[[[[""43"", ""Eevee""], 50.0, 0, ""None"", 0.0, true], [], 6, 7], [[[""788"", ""Charmander""], 80.0, 0, ""None"", 0.0, true], [], 6, 7], 1, ""Player""]",Pass,1.21,Training,Pass,Pass,True,True,pass,1.0,0.0,0.0,0.0,1.0,0.0,0.0
NB48_LOSS_83__opponent_under_pressure__71136079150d,NB48_LOSS_83__opponent_under_pressure__71136079150d,NB48_LOSS_83,83,671899944,106,1.0,106,Random Baseline,"[[[[""43"", ""Eevee""], 42.5, 3, ""None"", 7.5, true], [], 4, 5], [[[""788"", ""Charmander""], 40.0, 2, ""None"", 40.0, true], [], 4, 5], 6, ""Player""]",Quick Attack,1.3915,Training,Quick Attack,Quick Attack,True,True,ascension | quick attack,2.0,0.0,0.0,0.0,0.0,1.0,0.0
NB48_LOSS_83__player_under_pressure__8fbcf381d303,NB48_LOSS_83__player_under_pressure__8fbcf381d303,NB48_LOSS_83,83,543684511,106,1.0,106,Random Baseline,"[[[[""43"", ""Eevee""], 25.0, 2, ""None"", 25.0, true], [], 4, 4], [[[""788"", ""Charmander""], 68.0, 3, ""None"", 12.0, true], [], 4, 4], 6, ""Player""]",Ascension,1.21,Training,Ascension,Ascension,True,True,ascension,1.0,1.0,0.0,0.0,0.0,0.0,0.0
NB48_LOSS_88__balanced_midgame__e44510bdc3f3,NB48_LOSS_88__balanced_midgame__e44510bdc3f3,NB48_LOSS_88,88,3654127461,83,2.6666666666666665,83,Random Baseline,"[[[[""650"", ""Bulbasaur""], 60.0, 2, ""None"", 20.0, true], [], 4, 5], [[[""43"", ""Eevee""], 37.5, 2, ""None"", 12.5, true], [], 4, 5], 5, ""Opponent""]",Ascension,1.6335,Training,Ascension,Ascension,True,True,ascension,1.0,1.0,0.0,0.0,0.0,0.0,0.0
NB48_LOSS_88__counterfactual_side_early__78e038ef12bc,NB48_LOSS_88__counterfactual_side_early__78e038ef12bc,NB48_LOSS_88,88,2192039841,83,2.6666666666666665,83,Random Baseline,"[[[[""650"", ""Bulbasaur""], 72.0, 1, ""None"", 8.0, true], [], 5, 6], [[[""43"", ""Eevee""], 45.0, 1, ""None"", 5.0, true], [], 5, 6], 3, ""Player""]",Bind Down,0.99,Training,Bind Down,Bind Down,True,True,bind down,1.0,0.0,1.0,0.0,0.0,0.0,0.0
NB48_LOSS_88__counterfactual_side_late__1932c45d5808,NB48_LOSS_88__counterfactual_side_late__1932c45d5808,NB48_LOSS_88,88,2383876140,83,2.6666666666666665,83,Random Baseline,"[[[[""650"", ""Bulbasaur""], 44.0, 3, ""None"", 36.0, true], [], 3, 4], [[[""43"", ""Eevee""], 27.5, 3, ""None"", 22.5, true], [], 3, 4], 8, ""Player""]",Bind Down,0.99,Training,Bind Down,Bind Down,True,True,bind down,1.0,0.0,1.0,0.0,0.0,0.0,0.0
NB48_LOSS_88__critical_hp_decision__4253ed5d3c2d,NB48_LOSS_88__critical_hp_decision__4253ed5d3c2d,NB48_LOSS_88,88,3450174722,83,2.6666666666666665,83,Random Baseline,"[[[[""650"", ""Bulbasaur""], 24.0, 4, ""None"", 56.0, true], [], 2, 3], [[[""43"", ""Eevee""], 22.5, 4, ""None"", 27.5, true], [], 2, 3], 10, ""Opponent""]",Quick Attack,1.8785,Training,Quick Attack,Quick Attack,True,True,ascension | quick attack,2.0,0.0,0.0,0.0,0.0,1.0,0.0
NB48_LOSS_88__early_pressure__76098742e593,NB48_LOSS_88__early_pressure__76098742e593,NB48_LOSS_88,88,1335772405,83,2.6666666666666665,83,Random Baseline,"[[[[""650"", ""Bulbasaur""], 68.0, 1, ""None"", 12.0, true], [], 5, 6], [[[""43"", ""Eevee""], 47.5, 2, ""None"", 2.5, true], [], 5, 6], 3, ""Opponent""]",Ascension,1.6335,Training,Ascension,Ascension,True,True,ascension,1.0,1.0,0.0,0.0,0.0,0.0,0.0
NB48_LOSS_88__late_game_prize_pressure__d77cc056dc02,NB48_LOSS_88__late_game_prize_pressure__d77cc056dc02,NB48_LOSS_88,88,1570694828,83,2.6666666666666665,83,Random Baseline,"[[[[""650"", ""Bulbasaur""], 48.0, 3, ""None"", 32.0, true], [], 2, 3], [[[""43"", ""Eevee""], 30.0, 3, ""None"", 20.0, true], [], 2, 3], 9, ""Opponent""]",Quick Attack,1.8785,Training,Quick Attack,Quick Attack,True,True,ascension | quick attack,2.0,0.0,0.0,0.0,0.0,1.0,0.0
NB48_LOSS_88__opening_one_energy__587766b7f05c,NB48_LOSS_88__opening_one_energy__587766b7f05c,NB48_LOSS_88,88,3904276854,83,2.6666666666666665,83,Random Baseline,"[[[[""650"", ""Bulbasaur""], 80.0, 1, ""None"", 0.0, true], [], 6, 6], [[[""43"", ""Eevee""], 50.0, 1, ""None"", 0.0, true], [], 6, 6], 2, ""Opponent""]",Ascension,1.6335,Training,Ascension,Ascension,True,True,ascension,1.0,1.0,0.0,0.0,0.0,0.0,0.0
NB48_LOSS_88__opening_zero_energy__babe09e0f4f6,NB48_LOSS_88__opening_zero_energy__babe09e0f4f6,NB48_LOSS_88,88,3725995343,83,2.6666666666666665,83,Random Baseline,"[[[[""650"", ""Bulbasaur""], 80.0, 0, ""None"", 0.0, true], [], 6, 7], [[[""43"", ""Eevee""], 50.0, 0, ""None"", 0.0, true], [], 6, 7], 1, ""Opponent""]",Pass,1.6335,Training,Pass,Pass,True,True,pass,1.0,0.0,0.0,0.0,1.0,0.0,0.0
NB48_LOSS_88__opponent_under_pressure__0149f3a19372,NB48_LOSS_88__opponent_under_pressure__0149f3a19372,NB48_LOSS_88,88,3375141761,83,2.6666666666666665,83,Random Baseline,"[[[[""650"", ""Bulbasaur""], 68.0, 3, ""None"", 12.0, true], [], 4, 5], [[[""43"", ""Eevee""], 25.0, 2, ""None"", 25.0, true], [], 4, 5], 6, ""Opponent""]",Ascension,1.6335,Training,Ascension,Ascension,True,True,ascension,1.0,1.0,0.0,0.0,0.0,0.0,0.0
NB48_LOSS_88__player_under_pressure__03153d1e7b4f,NB48_LOSS_88__player_under_pressure__03153d1e7b4f,NB48_LOSS_88,88,2273380488,83,2.6666666666666665,83,Random Baseline,"[[[[""650"", ""Bulbasaur""], 40.0, 2, ""None"", 40.0, true], [], 4, 4], [[[""43"", ""Eevee""], 42.5, 3, ""None"", 7.5, true], [], 4, 4], 6, ""Opponent""]",Quick Attack,1.8785,Training,Quick Attack,Quick Attack,True,True,ascension | quick attack,2.0,0.0,0.0,0.0,0.0,1.0,0.0
