source_file,file_name,card_name,occurrence_count,context_fragments,relevance_score
D:\02_AI_and_Data\Kaggle-AI-Agents\PTCG_AI_Battle_Challenge\notebooks\34_policy_dataset_generation.ipynb,34_policy_dataset_generation.ipynb,Eevee,52,"[""     \""      <th>3</th>\\n\"",        \""      <td>0</td>\\n\"",        \""      <td>4</td>\\n\"",        \""      <td>Turn 1: Player — Eevee ex used Evolution Burst</td>\\n\"",        \""      <td>TrainingAgent</td>\\n\"",        \""      <td>Random</td>\\n\"",        \""      <td>170.0</td>\\n\"",        \""    </tr>\\n\"",        \""    <tr>\\n\"",        \""      <th>4</th>\\n\"",        \""      <td>0</"", ""   \""      <th>19</th>\\n\"",        \""      <td>0</td>\\n\"",        \""      <td>20</td>\\n\"",        \""      <td>Turn 3: Player — Eevee ex used Evolution Burst</td>\\n\"",        \""      <td>TrainingAgent</td>\\n\"",        \""      <td>Random</td>\\n\"",        \""      <td>170.0</td>\\n\"",        \""    </tr>\\n\"",        \""  </tbody>\\n\"",        \""</table>\\n\"",        \""</div>\""       ],   "", "" TrainingAgent   Random        170.0\\n\"",        \""3            0             4                          Turn 1: Player — Eevee ex used Evolution Burst  TrainingAgent   Random        170.0\\n\"",        \""4            0             5                                                            Damage: 60.0  TrainingAgent   Random        170.0\\n\"",        \""5          "", "" TrainingAgent   Random        170.0\\n\"",        \""19           0            20                          Turn 3: Player — Eevee ex used Evolution Burst  TrainingAgent   Random        170.0\""       ]      },      \""metadata\"": {},      \""output_type\"": \""display_data\""     },     {      \""name\"": \""stdout\"",      \""output_type\"": \""stream\"",      \""text\"": [       \""\\n\"",       \"""", ""     \""      <th>0</th>\\n\"",        \""      <td>0</td>\\n\"",        \""      <td>4</td>\\n\"",        \""      <td>Turn 1: Player — Eevee ex used Evolution Burst</td>\\n\"",        \""      <td>TrainingAgent</td>\\n\"",        \""      <td>Random</td>\\n\"",        \""      <td>170.0</td>\\n\"",        \""    </tr>\\n\"",        \""    <tr>\\n\"",        \""      <th>1</th>\\n\"",        \""      <td>0</""]",6
D:\02_AI_and_Data\Kaggle-AI-Agents\PTCG_AI_Battle_Challenge\notebooks\35_policy_dataset_enrichment.ipynb,35_policy_dataset_enrichment.ipynb,Eevee,12,"[""</th>\\n\"",        \""      <td>0</td>\\n\"",        \""      <td>1</td>\\n\"",        \""      <td>Player</td>\\n\"",        \""      <td>Eevee ex</td>\\n\"",        \""      <td>Evolution Burst</td>\\n\"",        \""      <td>0</td>\\n\"",        \""      <td>True</td>\\n\"",        \""      <td>633.0</td>\\n\"",        \""      <td>6</td>\\n\"",        \""      <td>17</td>\\n\"",        \""      <td>200.0</t"", ""</th>\\n\"",        \""      <td>0</td>\\n\"",        \""      <td>3</td>\\n\"",        \""      <td>Player</td>\\n\"",        \""      <td>Eevee ex</td>\\n\"",        \""      <td>Evolution Burst</td>\\n\"",        \""      <td>0</td>\\n\"",        \""      <td>True</td>\\n\"",        \""      <td>633.0</td>\\n\"",        \""      <td>6</td>\\n\"",        \""      <td>10</td>\\n\"",        \""      <td>170.0</t"", ""</th>\\n\"",        \""      <td>1</td>\\n\"",        \""      <td>2</td>\\n\"",        \""      <td>Player</td>\\n\"",        \""      <td>Eevee ex</td>\\n\"",        \""      <td>Evolution Burst</td>\\n\"",        \""      <td>0</td>\\n\"",        \""      <td>True</td>\\n\"",        \""      <td>618.0</td>\\n\"",        \""      <td>6</td>\\n\"",        \""      <td>17</td>\\n\"",        \""      <td>170.0</t"", ""</th>\\n\"",        \""      <td>1</td>\\n\"",        \""      <td>4</td>\\n\"",        \""      <td>Player</td>\\n\"",        \""      <td>Eevee ex</td>\\n\"",        \""      <td>Evolution Burst</td>\\n\"",        \""      <td>0</td>\\n\"",        \""      <td>True</td>\\n\"",        \""      <td>618.0</td>\\n\"",        \""      <td>6</td>\\n\"",        \""      <td>10</td>\\n\"",        \""      <td>140.0</t"", ""</th>\\n\"",        \""      <td>2</td>\\n\"",        \""      <td>1</td>\\n\"",        \""      <td>Player</td>\\n\"",        \""      <td>Eevee ex</td>\\n\"",        \""      <td>Evolution Burst</td>\\n\"",        \""      <td>0</td>\\n\"",        \""      <td>True</td>\\n\"",        \""      <td>633.0</td>\\n\"",        \""      <td>6</td>\\n\"",        \""      <td>17</td>\\n\"",        \""      <td>200.0</t""]",6
D:\02_AI_and_Data\Kaggle-AI-Agents\PTCG_AI_Battle_Challenge\notebooks\29_replay_dataset_analysis_opponent_diversity.ipynb,29_replay_dataset_analysis_opponent_diversity.ipynb,Eevee,11,"[""     \""      <td>633.0</td>\\n\"",        \""      <td>6</td>\\n\"",        \""      <td>0</td>\\n\"",        \""      <td>{'pokemon': 'Eevee ex', 'damage': 60.0, 'nodes...</td>\\n\"",        \""    </tr>\\n\"",        \""    <tr>\\n\"",        \""      <th>1</th>\\n\"",        \""      <td>a867f751-bbdf-4999-8c1c-392f2a803324</td>\\n\"",        \""      <td>TrainingAgent</td>\\n\"",        \""      <td"", ""     \""      <td>633.0</td>\\n\"",        \""      <td>6</td>\\n\"",        \""      <td>0</td>\\n\"",        \""      <td>{'pokemon': 'Eevee ex', 'damage': 60.0, 'nodes...</td>\\n\"",        \""    </tr>\\n\"",        \""    <tr>\\n\"",        \""      <th>3</th>\\n\"",        \""      <td>148580ca-739b-4be8-a824-5d7934c420c6</td>\\n\"",        \""      <td>TrainingAgent</td>\\n\"",        \""      <td"", ""     \""      <td>618.0</td>\\n\"",        \""      <td>6</td>\\n\"",        \""      <td>0</td>\\n\"",        \""      <td>{'pokemon': 'Eevee ex', 'damage': 60.0, 'nodes...</td>\\n\"",        \""    </tr>\\n\"",        \""  </tbody>\\n\"",        \""</table>\\n\"",        \""</div>\""       ],       \""text/plain\"": [        \""                                game_id         winner  turn    player  \\"", ""       0   \\n\"",        \""\\n\"",        \""                                               state  \\n\"",        \""0  {'pokemon': 'Eevee ex', 'damage': 60.0, 'nodes...  \\n\"",        \""1  {'pokemon': 'Electrike', 'damage': 30.0, 'node...  \\n\"",        \""2  {'pokemon': 'Eevee ex', 'damage': 60.0, 'nodes...  \\n\"",        \""3  {'pokemon': 'Electrike', 'damage': 30.0, 'node...  \\"", ""mage': 60.0, 'nodes...  \\n\"",        \""1  {'pokemon': 'Electrike', 'damage': 30.0, 'node...  \\n\"",        \""2  {'pokemon': 'Eevee ex', 'damage': 60.0, 'nodes...  \\n\"",        \""3  {'pokemon': 'Electrike', 'damage': 30.0, 'node...  \\n\"",        \""4  {'pokemon': 'Eevee ex', 'damage': 60.0, 'nodes...  \""       ]      },      \""metadata\"": {},      \""output_type\"": \""display_""]",6
D:\02_AI_and_Data\Kaggle-AI-Agents\PTCG_AI_Battle_Challenge\notebooks\02_compare_english_japanese_datasets.ipynb,02_compare_english_japanese_datasets.ipynb,Eevee,4,"[""    \""    </tr>\\n\"",        \""    <tr>\\n\"",        \""      <th>top</th>\\n\"",        \""      <td>NaN</td>\\n\"",        \""      <td>Eevee</td>\\n\"",        \""      <td>DRI</td>\\n\"",        \""      <td>NaN</td>\\n\"",        \""      <td>Basic Pokémon</td>\\n\"",        \""      <td>Pokémon ex</td>\\n\"",        \""      <td>Trainer's Pokémon（Team Rocket）</td>\\n\"",        \""      <td>Eevee</t"", "">\\n\"",        \""      <td>Pokémon ex</td>\\n\"",        \""      <td>Trainer's Pokémon（Team Rocket）</td>\\n\"",        \""      <td>Eevee</td>\\n\"",        \""      <td>NaN</td>\\n\"",        \""      <td>{G}</td>\\n\"",        \""      <td>{R}</td>\\n\"",        \""      <td>{F}</td>\\n\"",        \""      <td>NaN</td>\\n\"",        \""      <td>[Tera]</td>\\n\"",        \""      <td>●</td>\\n\"",        "", ""22.000000   \\n\"",        \""unique          NaN      1096        19             NaN   \\n\"",        \""top             NaN     Eevee       DRI             NaN   \\n\"",        \""freq            NaN         6       279             NaN   \\n\"",        \""mean     587.663699       NaN       NaN       70.745796   \\n\"",        \""std      353.139066       NaN       NaN       48.27"", ""                    25            356          NaN    14   \\n\"",        \""top     Trainer's Pokémon（Team Rocket）          Eevee          NaN   {G}   \\n\"",        \""freq                                85             32          NaN   257   \\n\"",        \""mean                               NaN            NaN   131.289256   NaN   \\n\"",        \""std                     ""]",6
D:\02_AI_and_Data\Kaggle-AI-Agents\PTCG_AI_Battle_Challenge\notebooks\04_card_knowledge_base.ipynb,04_card_knowledge_base.ipynb,Bulbasaur,2,"[""\""metadata\"": {},    \""outputs\"": [     {      \""data\"": {       \""text/plain\"": [        \""{'card_id': 1,\\n\"",        \"" 'name': 'Bulbasaur',\\n\"",        \"" 'category': 'Pokémon',\\n\"",        \"" 'hp': 70,\\n\"",        \"" 'type': 'Grass',\\n\"",        \"" 'weakness': 'Fire',\\n\"",        \"" 'retreat': 1,\\n\"",        \"" 'overall_score': 83.2,\\n\"",        \"" 'attacks': [{'Move Name': 'Vin"", "" \""output_type\"": \""execute_result\""     }    ],    \""source\"": [     \""{\\n\"",     \"" 'card_id': 1,\\n\"",     \""\\n\"",     \"" 'name': 'Bulbasaur',\\n\"",     \""\\n\"",     \"" 'category': 'Pokémon',\\n\"",     \""\\n\"",     \"" 'hp': 70,\\n\"",     \""\\n\"",     \"" 'type': 'Grass',\\n\"",     \""\\n\"",     \"" 'weakness': 'Fire',\\n\"",     \""\\n\"",     \"" 'retreat': 1,\\n\"",     \""\\n\"",     \"" 'overall_score': 83.2,\\n""]",6
D:\02_AI_and_Data\Kaggle-AI-Agents\PTCG_AI_Battle_Challenge\notebooks\07_battle_engine.ipynb,07_battle_engine.ipynb,Eevee,34,"[""\""stdout\"",      \""output_type\"": \""stream\"",      \""text\"": [       \""Starter Deck Sample:\\n\"",       \""{'card_id': 249, 'name': 'Eevee ex', 'category': 'Pokémon', 'stage': 'Basic Pokémon', 'hp': 200.0, 'type': 'Colorless', 'weakness': 'Fighting', 'resistance': nan, 'retreat': 1.0, 'overall_score': 101.5, 'attacks': [{'Move Name': '[Tera]', 'Cost': nan, 'Damage': nan,"", ""NA', 'Cost': nan, 'Damage': nan, 'Effect Explanation': 'This Pokémon can evolve into any Pokémon {ex} that evolves from Eevee if you play it from your hand\\\\xa0onto this Pokémon.\\\\xa0(This Pokémon can’t evolve during your first turn or the turn you play it.)', 'energy_cost': 0, 'damage_numeric': 0.0}, {'Move Name': 'Coruscating Quartz', 'Cost': '{R}{W}{L}', "", ""stdout\"",      \""output_type\"": \""stream\"",      \""text\"": [       \""Starter Deck Pokémon:\\n\"",       \""{'card_id': 249, 'name': 'Eevee ex', 'category': 'Pokémon', 'stage': 'Basic Pokémon', 'hp': 200.0, 'type': 'Colorless', 'weakness': 'Fighting', 'resistance': nan, 'retreat': 1.0, 'overall_score': 101.5, 'attacks': [{'Move Name': '[Tera]', 'Cost': nan, 'Damage': nan,"", ""NA', 'Cost': nan, 'Damage': nan, 'Effect Explanation': 'This Pokémon can evolve into any Pokémon {ex} that evolves from Eevee if you play it from your hand\\\\xa0onto this Pokémon.\\\\xa0(This Pokémon can’t evolve during your first turn or the turn you play it.)', 'energy_cost': 0, 'damage_numeric': 0.0}, {'Move Name': 'Coruscating Quartz', 'Cost': '{R}{W}{L}', "", ""Active Pokémon (before applying Weakness and Resistance).'},\\n\"",        \""    {'card_id': 249,\\n\"",        \""     'name': 'Eevee ex',\\n\"",        \""     'category': 'Pokémon',\\n\"",        \""     'stage': 'Basic Pokémon',\\n\"",        \""     'hp': 200.0,\\n\"",        \""     'type': 'Colorless',\\n\"",        \""     'weakness': 'Fighting',\\n\"",        \""     'resistance': nan,\\n""]",5
D:\02_AI_and_Data\Kaggle-AI-Agents\PTCG_AI_Battle_Challenge\notebooks\12_integrated_battle_agent.ipynb,12_integrated_battle_agent.ipynb,Eevee,14,"[""e\"": \""stdout\"",      \""output_type\"": \""stream\"",      \""text\"": [       \""✅ Notebook 12 test battle created.\\n\"",       \""Player: Eevee ex\\n\"",       \""Player HP: 200.0\\n\"",       \""Player Energy: 2\\n\"",       \""Opponent: Electrike\\n\"",       \""Opponent HP: 70.0\\n\"",       \""Opponent Energy: 1\\n\"",       \""Current side: Player\\n\""      ]     }    ],    \""source\"": [     \""###########"", ""Test Battle\\n\"",     \""###############################################################################\\n\"",     \""\\n\"",     \""eevee_ex_card = {\\n\"",     \""    \\\""name\\\"": \\\""Eevee ex\\\"",\\n\"",     \""    \\\""hp\\\"": 200,\\n\"",     \""    \\\""attacks\\\"": [\\n\"",     \""        {\\n\"",     \""            \\\""Move Name\\\"": \\\""Tera\\\"",\\n\"",     \""            \\\""damage_numeric\\\"": 0,\\n\"",     \""            \\"", ""#########################################################\\n\"",     \""\\n\"",     \""eevee_ex_card = {\\n\"",     \""    \\\""name\\\"": \\\""Eevee ex\\\"",\\n\"",     \""    \\\""hp\\\"": 200,\\n\"",     \""    \\\""attacks\\\"": [\\n\"",     \""        {\\n\"",     \""            \\\""Move Name\\\"": \\\""Tera\\\"",\\n\"",     \""            \\\""damage_numeric\\\"": 0,\\n\"",     \""            \\\""energy_cost\\\"": 0,\\n\"",     \""            \\\""E"", ""    \""        },\\n\"",     \""    ],\\n\"",     \""}\\n\"",     \""\\n\"",     \""\\n\"",     \""player_active = PokemonState(\\n\"",     \""    card=eevee_ex_card,\\n\"",     \""    current_hp=200.0,\\n\"",     \""    attached_energy=2,\\n\"",     \""    status=None,\\n\"",     \""    damage=0.0,\\n\"",     \""    is_active=True,\\n\"",     \"")\\n\"",     \""\\n\"",     \""opponent_active = PokemonState(\\n\"",     \""    card=el"", "": {},    \""outputs\"": [     {      \""name\"": \""stdout\"",      \""output_type\"": \""stream\"",      \""text\"": [       \""Turn 1: Player — Eevee ex used Evolution Burst\\n\"",       \""  Player HP: 200.0 | Opponent HP: 10.0\\n\"",       \""Turn 2: Opponent — Electrike used Thunder Jolt\\n\"",       \""  Player HP: 170.0 | Opponent HP: 10.0\\n\"",       \""Turn 3: Player — Eevee ex used Evolution ""]",5
D:\02_AI_and_Data\Kaggle-AI-Agents\PTCG_AI_Battle_Challenge\notebooks\09_strategic_battle_ai.ipynb,09_strategic_battle_ai.ipynb,Eevee,13,"[""pe\"": \""stream\"",      \""text\"": [       \""Strategic battle state created successfully.\\n\"",       \""\\n\"",       \""Player Active: Eevee ex\\n\"",       \""Player Energy: 1\\n\"",       \""Player Bench: ['Sawsbuck', 'Blitzle']\\n\"",       \""\\n\"",       \""Opponent Active: Electrike\\n\"",       \""Opponent HP: 70.0\\n\"",       \""Opponent Bench: ['Electabuzz']\\n\""      ]     }    ],    \""source\"""", ""ERGY PROJECTION\\n\"",       \""============================================================\\n\"",       \""\\n\"",       \""Pokemon: Eevee ex\\n\"",       \""Current Energy: 1\\n\"",       \""\\n\"",       \""Turn +1: 2 Energy\\n\"",       \""Turn +2: 3 Energy\\n\"",       \""Turn +3: 4 Energy\\n\""      ]     }    ],    \""source\"": [     \""planner = StrategicBattlePlanner(\\n\"",     \""    planning_horiz"", ""TACK AVAILABILITY\\n\"",       \""======================================================================\\n\"",       \""Pokémon: Eevee ex\\n\"",       \""Current Energy: 1\\n\"",       \""Planning Horizon: 3 turns\\n\"",       \""\\n\"",       \""Attack: [Tera]\\n\"",       \""Damage: 0.0\\n\"",       \""Energy Required: 0\\n\"",       \""Availability: Usable now\\n\"",       \""---------------------------"", ""NOCKOUT FORECAST\\n\"",       \""======================================================================\\n\"",       \""Attacker: Eevee ex\\n\"",       \""Defender: Electrike\\n\"",       \""Defender HP: 70.0\\n\"",       \""\\n\"",       \""Attack: [Tera]\\n\"",       \""Damage: 0.0\\n\"",       \""Can Knock Out: False\\n\"",       \""Timing: No projected Knock Out within horizon\\n\"",       \""----------"", ""ST LONG-TERM PLAN\\n\"",       \""======================================================================\\n\"",       \""Pokémon: Eevee ex\\n\"",       \""Target: Electrike\\n\"",       \""Planned Attack: Coruscating Quartz\\n\"",       \""Damage: 200.0\\n\"",       \""Energy Required: 3\\n\"",       \""Additional Energy Needed: 2\\n\"",       \""First Usable Turn: 2\\n\"",       \""Can Knock Out: True""]",5
D:\02_AI_and_Data\Kaggle-AI-Agents\PTCG_AI_Battle_Challenge\reports\notebook52\section4\transcripts\T52_S005_battle_transcript.txt,T52_S005_battle_transcript.txt,Bulbasaur,6,"[""t: 80.0   Next side: Opponent ---------------------------------------------------------------------- Turn 2: Opponent — Bulbasaur used Bind Down   Damage: 10.0   Search score: 0.80   Search depth: 0   Nodes searched: 1   HP after move — Player: 50.0, Opponent: 80.0   Next side: Player ---------------------------------------------------------------------- Tur"", ""t: 80.0   Next side: Opponent ---------------------------------------------------------------------- Turn 4: Opponent — Bulbasaur used Bind Down   Damage: 10.0   Search score: 0.79   Search depth: 0   Nodes searched: 1   HP after move — Player: 40.0, Opponent: 80.0   Next side: Player ---------------------------------------------------------------------- Tur"", ""t: 80.0   Next side: Opponent ---------------------------------------------------------------------- Turn 6: Opponent — Bulbasaur used Bind Down   Damage: 10.0   Search score: 0.76   Search depth: 0   Nodes searched: 1   HP after move — Player: 30.0, Opponent: 80.0   Next side: Player ---------------------------------------------------------------------- Tur"", ""t: 80.0   Next side: Opponent ---------------------------------------------------------------------- Turn 8: Opponent — Bulbasaur used Bind Down   Damage: 10.0   Search score: 0.68   Search depth: 0   Nodes searched: 1   HP after move — Player: 20.0, Opponent: 80.0   Next side: Player ---------------------------------------------------------------------- Tur"", "": 80.0   Next side: Opponent ---------------------------------------------------------------------- Turn 10: Opponent — Bulbasaur used Bind Down   Damage: 10.0   Search score: 0.65   Search depth: 0   Nodes searched: 1   HP after move — Player: 10.0, Opponent: 80.0   Next side: Player ---------------------------------------------------------------------- Tur""]",5
D:\02_AI_and_Data\Kaggle-AI-Agents\PTCG_AI_Battle_Challenge\reports\notebook52\section4\transcripts\T52_S005_battle_transcript.txt,T52_S005_battle_transcript.txt,Meowth,6,"[""== POKÉMON AI BATTLE TRANSCRIPT ====================================================================== Turn 1: Player — Meowth used Tuck Tail   Damage: 0.0   Search score: 0.62   Search depth: 0   Nodes searched: 1   HP after move — Player: 60.0, Opponent: 80.0   Next side: Opponent ---------------------------------------------------------------------- Turn "", ""onent: 80.0   Next side: Player ---------------------------------------------------------------------- Turn 3: Player — Meowth used Tuck Tail   Damage: 0.0   Search score: 0.76   Search depth: 0   Nodes searched: 1   HP after move — Player: 50.0, Opponent: 80.0   Next side: Opponent ---------------------------------------------------------------------- Turn "", ""onent: 80.0   Next side: Player ---------------------------------------------------------------------- Turn 5: Player — Meowth used Tuck Tail   Damage: 0.0   Search score: 0.76   Search depth: 0   Nodes searched: 1   HP after move — Player: 40.0, Opponent: 80.0   Next side: Opponent ---------------------------------------------------------------------- Turn "", ""onent: 80.0   Next side: Player ---------------------------------------------------------------------- Turn 7: Player — Meowth used Tuck Tail   Damage: 0.0   Search score: 0.66   Search depth: 0   Nodes searched: 1   HP after move — Player: 30.0, Opponent: 80.0   Next side: Opponent ---------------------------------------------------------------------- Turn "", ""onent: 80.0   Next side: Player ---------------------------------------------------------------------- Turn 9: Player — Meowth used Tuck Tail   Damage: 0.0   Search score: 0.63   Search depth: 0   Nodes searched: 1   HP after move — Player: 20.0, Opponent: 80.0   Next side: Opponent ---------------------------------------------------------------------- Turn ""]",5
D:\02_AI_and_Data\Kaggle-AI-Agents\PTCG_AI_Battle_Challenge\reports\notebook52\section4\transcripts\T52_S006_battle_transcript.txt,T52_S006_battle_transcript.txt,Bulbasaur,6,"["" POKÉMON AI BATTLE TRANSCRIPT ====================================================================== Turn 1: Opponent — Bulbasaur used Bind Down   Damage: 10.0   Search score: 0.65   Search depth: 0   Nodes searched: 1   HP after move — Player: 50.0, Opponent: 80.0   Next side: Player ---------------------------------------------------------------------- Tur"", ""t: 80.0   Next side: Opponent ---------------------------------------------------------------------- Turn 3: Opponent — Bulbasaur used Bind Down   Damage: 10.0   Search score: 0.79   Search depth: 0   Nodes searched: 1   HP after move — Player: 40.0, Opponent: 80.0   Next side: Player ---------------------------------------------------------------------- Tur"", ""t: 80.0   Next side: Opponent ---------------------------------------------------------------------- Turn 5: Opponent — Bulbasaur used Bind Down   Damage: 10.0   Search score: 0.79   Search depth: 0   Nodes searched: 1   HP after move — Player: 30.0, Opponent: 80.0   Next side: Player ---------------------------------------------------------------------- Tur"", ""t: 80.0   Next side: Opponent ---------------------------------------------------------------------- Turn 7: Opponent — Bulbasaur used Bind Down   Damage: 10.0   Search score: 0.68   Search depth: 0   Nodes searched: 1   HP after move — Player: 20.0, Opponent: 80.0   Next side: Player ---------------------------------------------------------------------- Tur"", ""t: 80.0   Next side: Opponent ---------------------------------------------------------------------- Turn 9: Opponent — Bulbasaur used Bind Down   Damage: 10.0   Search score: 0.65   Search depth: 0   Nodes searched: 1   HP after move — Player: 10.0, Opponent: 80.0   Next side: Player ---------------------------------------------------------------------- Tur""]",5
D:\02_AI_and_Data\Kaggle-AI-Agents\PTCG_AI_Battle_Challenge\reports\notebook52\section4\transcripts\T52_S006_battle_transcript.txt,T52_S006_battle_transcript.txt,Meowth,5,"[""onent: 80.0   Next side: Player ---------------------------------------------------------------------- Turn 2: Player — Meowth used Tuck Tail   Damage: 0.0   Search score: 0.76   Search depth: 0   Nodes searched: 1   HP after move — Player: 50.0, Opponent: 80.0   Next side: Opponent ---------------------------------------------------------------------- Turn "", ""onent: 80.0   Next side: Player ---------------------------------------------------------------------- Turn 4: Player — Meowth used Tuck Tail   Damage: 0.0   Search score: 0.76   Search depth: 0   Nodes searched: 1   HP after move — Player: 40.0, Opponent: 80.0   Next side: Opponent ---------------------------------------------------------------------- Turn "", ""onent: 80.0   Next side: Player ---------------------------------------------------------------------- Turn 6: Player — Meowth used Tuck Tail   Damage: 0.0   Search score: 0.70   Search depth: 0   Nodes searched: 1   HP after move — Player: 30.0, Opponent: 80.0   Next side: Opponent ---------------------------------------------------------------------- Turn "", ""onent: 80.0   Next side: Player ---------------------------------------------------------------------- Turn 8: Player — Meowth used Tuck Tail   Damage: 0.0   Search score: 0.65   Search depth: 0   Nodes searched: 1   HP after move — Player: 20.0, Opponent: 80.0   Next side: Opponent ---------------------------------------------------------------------- Turn "", ""nent: 80.0   Next side: Player ---------------------------------------------------------------------- Turn 10: Player — Meowth used Tuck Tail   Damage: 0.0   Search score: 0.63   Search depth: 0   Nodes searched: 1   HP after move — Player: 10.0, Opponent: 80.0   Next side: Opponent ---------------------------------------------------------------------- Turn ""]",5
D:\02_AI_and_Data\Kaggle-AI-Agents\PTCG_AI_Battle_Challenge\reports\notebook52\section4\transcripts\T52_S001_battle_transcript.txt,T52_S001_battle_transcript.txt,Bulbasaur,4,"[""== POKÉMON AI BATTLE TRANSCRIPT ====================================================================== Turn 1: Player — Bulbasaur used Bind Down   Damage: 10.0   Search score: 0.56   Search depth: 0   Nodes searched: 1   HP after move — Player: 80.0, Opponent: 40.0   Next side: Opponent ---------------------------------------------------------------------- T"", ""onent: 40.0   Next side: Player ---------------------------------------------------------------------- Turn 3: Player — Bulbasaur used Bind Down   Damage: 10.0   Search score: 0.68   Search depth: 0   Nodes searched: 1   HP after move — Player: 60.0, Opponent: 30.0   Next side: Opponent ---------------------------------------------------------------------- T"", ""onent: 30.0   Next side: Player ---------------------------------------------------------------------- Turn 5: Player — Bulbasaur used Bind Down   Damage: 10.0   Search score: 0.63   Search depth: 0   Nodes searched: 1   HP after move — Player: 40.0, Opponent: 20.0   Next side: Opponent ---------------------------------------------------------------------- T"", ""onent: 20.0   Next side: Player ---------------------------------------------------------------------- Turn 7: Player — Bulbasaur used Bind Down   Damage: 10.0   Search score: 0.50   Search depth: 0   Nodes searched: 1   HP after move — Player: 20.0, Opponent: 10.0   Next side: Opponent ---------------------------------------------------------------------- T""]",5
D:\02_AI_and_Data\Kaggle-AI-Agents\PTCG_AI_Battle_Challenge\reports\notebook52\section4\transcripts\T52_S001_battle_transcript.txt,T52_S001_battle_transcript.txt,Eevee,4,"[""t: 40.0   Next side: Opponent ---------------------------------------------------------------------- Turn 2: Opponent — Eevee used Quick Attack   Damage: 20.0   Search score: 0.76   Search depth: 0   Nodes searched: 1   HP after move — Player: 60.0, Opponent: 40.0   Next side: Player ---------------------------------------------------------------------- Turn"", ""t: 30.0   Next side: Opponent ---------------------------------------------------------------------- Turn 4: Opponent — Eevee used Quick Attack   Damage: 20.0   Search score: 0.77   Search depth: 0   Nodes searched: 1   HP after move — Player: 40.0, Opponent: 30.0   Next side: Player ---------------------------------------------------------------------- Turn"", ""t: 20.0   Next side: Opponent ---------------------------------------------------------------------- Turn 6: Opponent — Eevee used Quick Attack   Damage: 20.0   Search score: 0.90   Search depth: 0   Nodes searched: 1   HP after move — Player: 20.0, Opponent: 20.0   Next side: Player ---------------------------------------------------------------------- Turn"", ""t: 10.0   Next side: Opponent ---------------------------------------------------------------------- Turn 8: Opponent — Eevee used Quick Attack   Damage: 20.0   Search score: 0.91   Search depth: 0   Nodes searched: 1   HP after move — Player: 0.0, Opponent: 10.0   Next side: Player ---------------------------------------------------------------------- Winne""]",5
D:\02_AI_and_Data\Kaggle-AI-Agents\PTCG_AI_Battle_Challenge\reports\notebook51\section6\section6f_first_full_battle_transcript.txt,section6f_first_full_battle_transcript.txt,Bulbasaur,4,"[""== POKÉMON AI BATTLE TRANSCRIPT ====================================================================== Turn 1: Player — Bulbasaur used Bind Down   Damage: 10.0   Search score: 0.56   Search depth: 0   Nodes searched: 1   HP after move — Player: 80.0, Opponent: 40.0   Next side: Opponent ---------------------------------------------------------------------- T"", ""onent: 40.0   Next side: Player ---------------------------------------------------------------------- Turn 3: Player — Bulbasaur used Bind Down   Damage: 10.0   Search score: 0.68   Search depth: 0   Nodes searched: 1   HP after move — Player: 60.0, Opponent: 30.0   Next side: Opponent ---------------------------------------------------------------------- T"", ""onent: 30.0   Next side: Player ---------------------------------------------------------------------- Turn 5: Player — Bulbasaur used Bind Down   Damage: 10.0   Search score: 0.63   Search depth: 0   Nodes searched: 1   HP after move — Player: 40.0, Opponent: 20.0   Next side: Opponent ---------------------------------------------------------------------- T"", ""onent: 20.0   Next side: Player ---------------------------------------------------------------------- Turn 7: Player — Bulbasaur used Bind Down   Damage: 10.0   Search score: 0.50   Search depth: 0   Nodes searched: 1   HP after move — Player: 20.0, Opponent: 10.0   Next side: Opponent ---------------------------------------------------------------------- T""]",5
D:\02_AI_and_Data\Kaggle-AI-Agents\PTCG_AI_Battle_Challenge\reports\notebook51\section6\section6f_first_full_battle_transcript.txt,section6f_first_full_battle_transcript.txt,Eevee,4,"[""t: 40.0   Next side: Opponent ---------------------------------------------------------------------- Turn 2: Opponent — Eevee used Quick Attack   Damage: 20.0   Search score: 0.76   Search depth: 0   Nodes searched: 1   HP after move — Player: 60.0, Opponent: 40.0   Next side: Player ---------------------------------------------------------------------- Turn"", ""t: 30.0   Next side: Opponent ---------------------------------------------------------------------- Turn 4: Opponent — Eevee used Quick Attack   Damage: 20.0   Search score: 0.77   Search depth: 0   Nodes searched: 1   HP after move — Player: 40.0, Opponent: 30.0   Next side: Player ---------------------------------------------------------------------- Turn"", ""t: 20.0   Next side: Opponent ---------------------------------------------------------------------- Turn 6: Opponent — Eevee used Quick Attack   Damage: 20.0   Search score: 0.90   Search depth: 0   Nodes searched: 1   HP after move — Player: 20.0, Opponent: 20.0   Next side: Player ---------------------------------------------------------------------- Turn"", ""t: 10.0   Next side: Opponent ---------------------------------------------------------------------- Turn 8: Opponent — Eevee used Quick Attack   Damage: 20.0   Search score: 0.91   Search depth: 0   Nodes searched: 1   HP after move — Player: 0.0, Opponent: 10.0   Next side: Player ---------------------------------------------------------------------- Winne""]",5
D:\02_AI_and_Data\Kaggle-AI-Agents\PTCG_AI_Battle_Challenge\reports\notebook52\section4\transcripts\T52_S002_battle_transcript.txt,T52_S002_battle_transcript.txt,Eevee,4,"["" POKÉMON AI BATTLE TRANSCRIPT ====================================================================== Turn 1: Opponent — Eevee used Quick Attack   Damage: 20.0   Search score: 0.65   Search depth: 0   Nodes searched: 1   HP after move — Player: 60.0, Opponent: 50.0   Next side: Player ---------------------------------------------------------------------- Turn"", ""t: 40.0   Next side: Opponent ---------------------------------------------------------------------- Turn 3: Opponent — Eevee used Quick Attack   Damage: 20.0   Search score: 0.77   Search depth: 0   Nodes searched: 1   HP after move — Player: 40.0, Opponent: 40.0   Next side: Player ---------------------------------------------------------------------- Turn"", ""t: 30.0   Next side: Opponent ---------------------------------------------------------------------- Turn 5: Opponent — Eevee used Quick Attack   Damage: 20.0   Search score: 0.82   Search depth: 0   Nodes searched: 1   HP after move — Player: 20.0, Opponent: 30.0   Next side: Player ---------------------------------------------------------------------- Turn"", ""t: 20.0   Next side: Opponent ---------------------------------------------------------------------- Turn 7: Opponent — Eevee used Quick Attack   Damage: 20.0   Search score: 0.89   Search depth: 0   Nodes searched: 1   HP after move — Player: 0.0, Opponent: 20.0   Next side: Player ---------------------------------------------------------------------- Winne""]",5
D:\02_AI_and_Data\Kaggle-AI-Agents\PTCG_AI_Battle_Challenge\reports\notebook45\ppo_battle_transcript.txt,ppo_battle_transcript.txt,Charmander,3,"[""t: 70.0   Next side: Opponent ---------------------------------------------------------------------- Turn 2: Opponent — Charmander used Scratch   Damage: 20.0   Search score: 0.02   Search depth: 1   Nodes searched: 1   HP after move — Player: 100.0, Opponent: 70.0   Next side: Player ---------------------------------------------------------------------- Tur"", ""t: 40.0   Next side: Opponent ---------------------------------------------------------------------- Turn 4: Opponent — Charmander used Scratch   Damage: 20.0   Search score: 0.04   Search depth: 1   Nodes searched: 1   HP after move — Player: 80.0, Opponent: 40.0   Next side: Player ---------------------------------------------------------------------- Turn"", ""t: 10.0   Next side: Opponent ---------------------------------------------------------------------- Turn 6: Opponent — Charmander used Scratch   Damage: 20.0   Search score: 0.06   Search depth: 1   Nodes searched: 1   HP after move — Player: 60.0, Opponent: 10.0   Next side: Player ---------------------------------------------------------------------- Turn""]",5
D:\02_AI_and_Data\Kaggle-AI-Agents\PTCG_AI_Battle_Challenge\reports\notebook52\section4\transcripts\T52_S002_battle_transcript.txt,T52_S002_battle_transcript.txt,Bulbasaur,3,"[""onent: 50.0   Next side: Player ---------------------------------------------------------------------- Turn 2: Player — Bulbasaur used Bind Down   Damage: 10.0   Search score: 0.71   Search depth: 0   Nodes searched: 1   HP after move — Player: 60.0, Opponent: 40.0   Next side: Opponent ---------------------------------------------------------------------- T"", ""onent: 40.0   Next side: Player ---------------------------------------------------------------------- Turn 4: Player — Bulbasaur used Bind Down   Damage: 10.0   Search score: 0.64   Search depth: 0   Nodes searched: 1   HP after move — Player: 40.0, Opponent: 30.0   Next side: Opponent ---------------------------------------------------------------------- T"", ""onent: 30.0   Next side: Player ---------------------------------------------------------------------- Turn 6: Player — Bulbasaur used Bind Down   Damage: 10.0   Search score: 0.53   Search depth: 0   Nodes searched: 1   HP after move — Player: 20.0, Opponent: 20.0   Next side: Opponent ---------------------------------------------------------------------- T""]",5
D:\02_AI_and_Data\Kaggle-AI-Agents\PTCG_AI_Battle_Challenge\reports\notebook52\section4\transcripts\T52_S004_battle_transcript.txt,T52_S004_battle_transcript.txt,Charmander,3,"[""onent: 50.0   Next side: Player ---------------------------------------------------------------------- Turn 2: Player — Charmander used Live Coal   Damage: 20.0   Search score: 0.75   Search depth: 0   Nodes searched: 1   HP after move — Player: 60.0, Opponent: 30.0   Next side: Opponent ---------------------------------------------------------------------- "", ""onent: 30.0   Next side: Player ---------------------------------------------------------------------- Turn 4: Player — Charmander used Live Coal   Damage: 20.0   Search score: 0.68   Search depth: 0   Nodes searched: 1   HP after move — Player: 40.0, Opponent: 10.0   Next side: Opponent ---------------------------------------------------------------------- "", ""onent: 10.0   Next side: Player ---------------------------------------------------------------------- Turn 6: Player — Charmander used Live Coal   Damage: 20.0   Search score: 0.52   Search depth: 0   Nodes searched: 1   HP after move — Player: 20.0, Opponent: 0.0   Next side: Opponent ---------------------------------------------------------------------- W""]",5
D:\02_AI_and_Data\Kaggle-AI-Agents\PTCG_AI_Battle_Challenge\reports\notebook52\section4\transcripts\T52_S004_battle_transcript.txt,T52_S004_battle_transcript.txt,Eevee,3,"["" POKÉMON AI BATTLE TRANSCRIPT ====================================================================== Turn 1: Opponent — Eevee used Quick Attack   Damage: 20.0   Search score: 0.67   Search depth: 0   Nodes searched: 1   HP after move — Player: 60.0, Opponent: 50.0   Next side: Player ---------------------------------------------------------------------- Turn"", ""t: 30.0   Next side: Opponent ---------------------------------------------------------------------- Turn 3: Opponent — Eevee used Quick Attack   Damage: 20.0   Search score: 0.78   Search depth: 0   Nodes searched: 1   HP after move — Player: 40.0, Opponent: 30.0   Next side: Player ---------------------------------------------------------------------- Turn"", ""t: 10.0   Next side: Opponent ---------------------------------------------------------------------- Turn 5: Opponent — Eevee used Quick Attack   Damage: 20.0   Search score: 0.85   Search depth: 0   Nodes searched: 1   HP after move — Player: 20.0, Opponent: 10.0   Next side: Player ---------------------------------------------------------------------- Turn""]",5
D:\02_AI_and_Data\Kaggle-AI-Agents\PTCG_AI_Battle_Challenge\reports\notebook52\section4\transcripts\T52_S008_battle_transcript.txt,T52_S008_battle_transcript.txt,Charmander,3,"[""t: 80.0   Next side: Opponent ---------------------------------------------------------------------- Turn 3: Opponent — Charmander used Live Coal   Damage: 20.0   Search score: 0.95   Search depth: 0   Nodes searched: 1   HP after move — Player: 30.0, Opponent: 80.0   Next side: Player ---------------------------------------------------------------------- Tu"", ""t: 80.0   Next side: Opponent ---------------------------------------------------------------------- Turn 5: Opponent — Charmander used Live Coal   Damage: 20.0   Search score: 0.94   Search depth: 0   Nodes searched: 1   HP after move — Player: 10.0, Opponent: 80.0   Next side: Player ---------------------------------------------------------------------- Tu"", ""t: 80.0   Next side: Opponent ---------------------------------------------------------------------- Turn 7: Opponent — Charmander used Live Coal   Damage: 20.0   Search score: 0.81   Search depth: 0   Nodes searched: 1   HP after move — Player: 0.0, Opponent: 80.0   Next side: Player ---------------------------------------------------------------------- Win""]",5
D:\02_AI_and_Data\Kaggle-AI-Agents\PTCG_AI_Battle_Challenge\reports\notebook52\section4\transcripts\T52_S008_battle_transcript.txt,T52_S008_battle_transcript.txt,Eevee,3,"[""== POKÉMON AI BATTLE TRANSCRIPT ====================================================================== Turn 2: Player — Eevee used Ascension   Damage: 0.0   Search score: 0.99   Search depth: 0   Nodes searched: 1   HP after move — Player: 50.0, Opponent: 80.0   Next side: Opponent ---------------------------------------------------------------------- Turn 3"", ""onent: 80.0   Next side: Player ---------------------------------------------------------------------- Turn 4: Player — Eevee used Ascension   Damage: 0.0   Search score: 0.98   Search depth: 0   Nodes searched: 1   HP after move — Player: 30.0, Opponent: 80.0   Next side: Opponent ---------------------------------------------------------------------- Turn 5"", ""onent: 80.0   Next side: Player ---------------------------------------------------------------------- Turn 6: Player — Eevee used Ascension   Damage: 0.0   Search score: 0.86   Search depth: 0   Nodes searched: 1   HP after move — Player: 10.0, Opponent: 80.0   Next side: Opponent ---------------------------------------------------------------------- Turn 7""]",5
D:\02_AI_and_Data\Kaggle-AI-Agents\PTCG_AI_Battle_Challenge\reports\notebook52\section4\transcripts\T52_S003_battle_transcript.txt,T52_S003_battle_transcript.txt,Charmander,3,"[""== POKÉMON AI BATTLE TRANSCRIPT ====================================================================== Turn 1: Player — Charmander used Live Coal   Damage: 20.0   Search score: 0.60   Search depth: 0   Nodes searched: 1   HP after move — Player: 80.0, Opponent: 30.0   Next side: Opponent ---------------------------------------------------------------------- "", ""onent: 30.0   Next side: Player ---------------------------------------------------------------------- Turn 3: Player — Charmander used Live Coal   Damage: 20.0   Search score: 0.72   Search depth: 0   Nodes searched: 1   HP after move — Player: 60.0, Opponent: 10.0   Next side: Opponent ---------------------------------------------------------------------- "", ""onent: 10.0   Next side: Player ---------------------------------------------------------------------- Turn 5: Player — Charmander used Live Coal   Damage: 20.0   Search score: 0.64   Search depth: 0   Nodes searched: 1   HP after move — Player: 40.0, Opponent: 0.0   Next side: Opponent ---------------------------------------------------------------------- W""]",5
D:\02_AI_and_Data\Kaggle-AI-Agents\PTCG_AI_Battle_Challenge\reports\notebook52\section4\transcripts\T52_S003_battle_transcript.txt,T52_S003_battle_transcript.txt,Eevee,2,"[""t: 30.0   Next side: Opponent ---------------------------------------------------------------------- Turn 2: Opponent — Eevee used Quick Attack   Damage: 20.0   Search score: 0.78   Search depth: 0   Nodes searched: 1   HP after move — Player: 60.0, Opponent: 30.0   Next side: Player ---------------------------------------------------------------------- Turn"", ""t: 10.0   Next side: Opponent ---------------------------------------------------------------------- Turn 4: Opponent — Eevee used Quick Attack   Damage: 20.0   Search score: 0.83   Search depth: 0   Nodes searched: 1   HP after move — Player: 40.0, Opponent: 10.0   Next side: Player ---------------------------------------------------------------------- Turn""]",5
D:\02_AI_and_Data\Kaggle-AI-Agents\PTCG_AI_Battle_Challenge\reports\notebook12_battle_transcript.txt,notebook12_battle_transcript.txt,Eevee,2,"[""== POKÉMON AI BATTLE TRANSCRIPT ====================================================================== Turn 1: Player — Eevee ex used Evolution Burst   Damage: 60.0   Search score: 633.00   Search depth: 6   Nodes searched: 17   HP after move — Player: 200.0, Opponent: 10.0   Next side: Opponent ---------------------------------------------------------------"", ""onent: 10.0   Next side: Player ---------------------------------------------------------------------- Turn 3: Player — Eevee ex used Evolution Burst   Damage: 60.0   Search score: 633.00   Search depth: 6   Nodes searched: 10   HP after move — Player: 170.0, Opponent: 0.0   Next side: Opponent ----------------------------------------------------------------""]",5
D:\02_AI_and_Data\Kaggle-AI-Agents\PTCG_AI_Battle_Challenge\reports\notebook47\competitive_policy_battle_transcript.txt,competitive_policy_battle_transcript.txt,Charmander,1,"[""t: 70.0   Next side: Opponent ---------------------------------------------------------------------- Turn 2: Opponent — Charmander used Flame Tail   Damage: 50.0   Search score: 0.57   Search depth: 6   Nodes searched: 0   HP after move — Player: 70.0, Opponent: 70.0   Next side: Player ---------------------------------------------------------------------- T""]",5
D:\02_AI_and_Data\Kaggle-AI-Agents\PTCG_AI_Battle_Challenge\reports\notebook52\section4\transcripts\T52_S007_battle_transcript.txt,T52_S007_battle_transcript.txt,Eevee,1,"["" POKÉMON AI BATTLE TRANSCRIPT ====================================================================== Turn 9: Opponent — Eevee used Quick Attack   Damage: 20.0   Search score: 1.00   Search depth: 0   Nodes searched: 1   HP after move — Player: 0.0, Opponent: 20.0   Next side: Player ---------------------------------------------------------------------- Winne""]",5
D:\02_AI_and_Data\Kaggle-AI-Agents\PTCG_AI_Battle_Challenge\notebooks\54_tournament_strength_optimization.ipynb,54_tournament_strength_optimization.ipynb,Eevee,1820,"[""mprove decisions in genuine multi-action states.\\n\"",     \""3. Improve performance under HP pressure.\\n\"",     \""4. Improve Eevee and Meowth tactical behavior.\\n\"",     \""5. Add position-value and search-guided decision support.\\n\"",     \""6. Preserve the deterministic legality-aware routing architecture.\\n\"",     \""7. Preserve 100% legal production decisions.\""    ]  "", ""r>\\n\"",        \""  </thead>\\n\"",        \""  <tbody>\\n\"",        \""    <tr>\\n\"",        \""      <th>0</th>\\n\"",        \""      <td>Eevee</td>\\n\"",        \""      <td>23</td>\\n\"",        \""      <td>10</td>\\n\"",        \""      <td>18</td>\\n\"",        \""      <td>5</td>\\n\"",        \""      <td>0.940609</td>\\n\"",        \""      <td>6.42313</td>\\n\"",        \""    </tr>\\n\"",        \""  </t"", ""decisions  scenarios  player_losses  acting_side_losses  average_confidence  average_priority_score\\n\"",        \""0       Eevee                   23         10             18                   5            0.940609                 6.42313\""       ]      },      \""metadata\"": {},      \""output_type\"": \""display_data\""     },     {      \""name\"": \""stdout\"",      \""output_t"", ""04__HP_PRESSURE</td>\\n\"",        \""      <td>HP_PRESSURE</td>\\n\"",        \""      <td>Charmander</td>\\n\"",        \""      <td>Eevee</td>\\n\"",        \""      <td>Opponent</td>\\n\"",        \""      <td>Opponent</td>\\n\"",        \""      <td>LOSS</td>\\n\"",        \""      <td>2</td>\\n\"",        \""      <td>1</td>\\n\"",        \""      <td>3</td>\\n\"",        \""      <td>0.9740</td>\\n\"", "", ""002__HP_PRESSURE</td>\\n\"",        \""      <td>HP_PRESSURE</td>\\n\"",        \""      <td>Bulbasaur</td>\\n\"",        \""      <td>Eevee</td>\\n\"",        \""      <td>Opponent</td>\\n\"",        \""      <td>Opponent</td>\\n\"",        \""      <td>LOSS</td>\\n\"",        \""      <td>2</td>\\n\"",        \""      <td>1</td>\\n\"",        \""      <td>3</td>\\n\"",        \""      <td>0.9750</td>\\n\"", ""]",3
D:\02_AI_and_Data\Kaggle-AI-Agents\PTCG_AI_Battle_Challenge\notebooks\54_tournament_strength_optimization_BACKUP.ipynb,54_tournament_strength_optimization_BACKUP.ipynb,Eevee,1820,"[""mprove decisions in genuine multi-action states.\\n\"",     \""3. Improve performance under HP pressure.\\n\"",     \""4. Improve Eevee and Meowth tactical behavior.\\n\"",     \""5. Add position-value and search-guided decision support.\\n\"",     \""6. Preserve the deterministic legality-aware routing architecture.\\n\"",     \""7. Preserve 100% legal production decisions.\""    ]  "", ""r>\\n\"",        \""  </thead>\\n\"",        \""  <tbody>\\n\"",        \""    <tr>\\n\"",        \""      <th>0</th>\\n\"",        \""      <td>Eevee</td>\\n\"",        \""      <td>23</td>\\n\"",        \""      <td>10</td>\\n\"",        \""      <td>18</td>\\n\"",        \""      <td>5</td>\\n\"",        \""      <td>0.940609</td>\\n\"",        \""      <td>6.42313</td>\\n\"",        \""    </tr>\\n\"",        \""  </t"", ""decisions  scenarios  player_losses  acting_side_losses  average_confidence  average_priority_score\\n\"",        \""0       Eevee                   23         10             18                   5            0.940609                 6.42313\""       ]      },      \""metadata\"": {},      \""output_type\"": \""display_data\""     },     {      \""name\"": \""stdout\"",      \""output_t"", ""04__HP_PRESSURE</td>\\n\"",        \""      <td>HP_PRESSURE</td>\\n\"",        \""      <td>Charmander</td>\\n\"",        \""      <td>Eevee</td>\\n\"",        \""      <td>Opponent</td>\\n\"",        \""      <td>Opponent</td>\\n\"",        \""      <td>LOSS</td>\\n\"",        \""      <td>2</td>\\n\"",        \""      <td>1</td>\\n\"",        \""      <td>3</td>\\n\"",        \""      <td>0.9740</td>\\n\"", "", ""002__HP_PRESSURE</td>\\n\"",        \""      <td>HP_PRESSURE</td>\\n\"",        \""      <td>Bulbasaur</td>\\n\"",        \""      <td>Eevee</td>\\n\"",        \""      <td>Opponent</td>\\n\"",        \""      <td>Opponent</td>\\n\"",        \""      <td>LOSS</td>\\n\"",        \""      <td>2</td>\\n\"",        \""      <td>1</td>\\n\"",        \""      <td>3</td>\\n\"",        \""      <td>0.9750</td>\\n\"", ""]",3
D:\02_AI_and_Data\Kaggle-AI-Agents\PTCG_AI_Battle_Challenge\notebooks\54_tournament_strength_optimization_FULL_BACKUP.ipynb,54_tournament_strength_optimization_FULL_BACKUP.ipynb,Eevee,1820,"[""mprove decisions in genuine multi-action states.\\n\"",     \""3. Improve performance under HP pressure.\\n\"",     \""4. Improve Eevee and Meowth tactical behavior.\\n\"",     \""5. Add position-value and search-guided decision support.\\n\"",     \""6. Preserve the deterministic legality-aware routing architecture.\\n\"",     \""7. Preserve 100% legal production decisions.\""    ]  "", ""r>\\n\"",        \""  </thead>\\n\"",        \""  <tbody>\\n\"",        \""    <tr>\\n\"",        \""      <th>0</th>\\n\"",        \""      <td>Eevee</td>\\n\"",        \""      <td>23</td>\\n\"",        \""      <td>10</td>\\n\"",        \""      <td>18</td>\\n\"",        \""      <td>5</td>\\n\"",        \""      <td>0.940609</td>\\n\"",        \""      <td>6.42313</td>\\n\"",        \""    </tr>\\n\"",        \""  </t"", ""decisions  scenarios  player_losses  acting_side_losses  average_confidence  average_priority_score\\n\"",        \""0       Eevee                   23         10             18                   5            0.940609                 6.42313\""       ]      },      \""metadata\"": {},      \""output_type\"": \""display_data\""     },     {      \""name\"": \""stdout\"",      \""output_t"", ""04__HP_PRESSURE</td>\\n\"",        \""      <td>HP_PRESSURE</td>\\n\"",        \""      <td>Charmander</td>\\n\"",        \""      <td>Eevee</td>\\n\"",        \""      <td>Opponent</td>\\n\"",        \""      <td>Opponent</td>\\n\"",        \""      <td>LOSS</td>\\n\"",        \""      <td>2</td>\\n\"",        \""      <td>1</td>\\n\"",        \""      <td>3</td>\\n\"",        \""      <td>0.9740</td>\\n\"", "", ""002__HP_PRESSURE</td>\\n\"",        \""      <td>HP_PRESSURE</td>\\n\"",        \""      <td>Bulbasaur</td>\\n\"",        \""      <td>Eevee</td>\\n\"",        \""      <td>Opponent</td>\\n\"",        \""      <td>Opponent</td>\\n\"",        \""      <td>LOSS</td>\\n\"",        \""      <td>2</td>\\n\"",        \""      <td>1</td>\\n\"",        \""      <td>3</td>\\n\"",        \""      <td>0.9750</td>\\n\"", ""]",3
D:\02_AI_and_Data\Kaggle-AI-Agents\PTCG_AI_Battle_Challenge\notebooks\54_tournament_strength_optimization.ipynb,54_tournament_strength_optimization.ipynb,Bulbasaur,1362,"[""th>1</th>\\n\"",        \""      <td>T52_S002__HP_PRESSURE</td>\\n\"",        \""      <td>HP_PRESSURE</td>\\n\"",        \""      <td>Bulbasaur</td>\\n\"",        \""      <td>Eevee</td>\\n\"",        \""      <td>Opponent</td>\\n\"",        \""      <td>Opponent</td>\\n\"",        \""      <td>LOSS</td>\\n\"",        \""      <td>2</td>\\n\"",        \""      <td>1</td>\\n\"",        \""      <td>3</td>\\n"", ""th>3</th>\\n\"",        \""      <td>T52_S007__HP_PRESSURE</td>\\n\"",        \""      <td>HP_PRESSURE</td>\\n\"",        \""      <td>Bulbasaur</td>\\n\"",        \""      <td>Eevee</td>\\n\"",        \""      <td>Opponent</td>\\n\"",        \""      <td>Opponent</td>\\n\"",        \""      <td>LOSS</td>\\n\"",        \""      <td>1</td>\\n\"",        \""      <td>1</td>\\n\"",        \""      <td>1</td>\\n"", ""th>4</th>\\n\"",        \""      <td>T52_S001__HP_PRESSURE</td>\\n\"",        \""      <td>HP_PRESSURE</td>\\n\"",        \""      <td>Bulbasaur</td>\\n\"",        \""      <td>Eevee</td>\\n\"",        \""      <td>Player</td>\\n\"",        \""      <td>Opponent</td>\\n\"",        \""      <td>LOSS</td>\\n\"",        \""      <td>2</td>\\n\"",        \""      <td>2</td>\\n\"",        \""      <td>4</td>\\n\"","", ""     <th>5</th>\\n\"",        \""      <td>T52_S002__BASELINE</td>\\n\"",        \""      <td>BASELINE</td>\\n\"",        \""      <td>Bulbasaur</td>\\n\"",        \""      <td>Eevee</td>\\n\"",        \""      <td>Opponent</td>\\n\"",        \""      <td>Opponent</td>\\n\"",        \""      <td>LOSS</td>\\n\"",        \""      <td>4</td>\\n\"",        \""      <td>1</td>\\n\"",        \""      <td>7</td>\\n"", ""     <th>6</th>\\n\"",        \""      <td>T52_S001__BASELINE</td>\\n\"",        \""      <td>BASELINE</td>\\n\"",        \""      <td>Bulbasaur</td>\\n\"",        \""      <td>Eevee</td>\\n\"",        \""      <td>Player</td>\\n\"",        \""      <td>Opponent</td>\\n\"",        \""      <td>LOSS</td>\\n\"",        \""      <td>4</td>\\n\"",        \""      <td>2</td>\\n\"",        \""      <td>8</td>\\n\"",""]",3
D:\02_AI_and_Data\Kaggle-AI-Agents\PTCG_AI_Battle_Challenge\notebooks\54_tournament_strength_optimization_BACKUP.ipynb,54_tournament_strength_optimization_BACKUP.ipynb,Bulbasaur,1362,"[""th>1</th>\\n\"",        \""      <td>T52_S002__HP_PRESSURE</td>\\n\"",        \""      <td>HP_PRESSURE</td>\\n\"",        \""      <td>Bulbasaur</td>\\n\"",        \""      <td>Eevee</td>\\n\"",        \""      <td>Opponent</td>\\n\"",        \""      <td>Opponent</td>\\n\"",        \""      <td>LOSS</td>\\n\"",        \""      <td>2</td>\\n\"",        \""      <td>1</td>\\n\"",        \""      <td>3</td>\\n"", ""th>3</th>\\n\"",        \""      <td>T52_S007__HP_PRESSURE</td>\\n\"",        \""      <td>HP_PRESSURE</td>\\n\"",        \""      <td>Bulbasaur</td>\\n\"",        \""      <td>Eevee</td>\\n\"",        \""      <td>Opponent</td>\\n\"",        \""      <td>Opponent</td>\\n\"",        \""      <td>LOSS</td>\\n\"",        \""      <td>1</td>\\n\"",        \""      <td>1</td>\\n\"",        \""      <td>1</td>\\n"", ""th>4</th>\\n\"",        \""      <td>T52_S001__HP_PRESSURE</td>\\n\"",        \""      <td>HP_PRESSURE</td>\\n\"",        \""      <td>Bulbasaur</td>\\n\"",        \""      <td>Eevee</td>\\n\"",        \""      <td>Player</td>\\n\"",        \""      <td>Opponent</td>\\n\"",        \""      <td>LOSS</td>\\n\"",        \""      <td>2</td>\\n\"",        \""      <td>2</td>\\n\"",        \""      <td>4</td>\\n\"","", ""     <th>5</th>\\n\"",        \""      <td>T52_S002__BASELINE</td>\\n\"",        \""      <td>BASELINE</td>\\n\"",        \""      <td>Bulbasaur</td>\\n\"",        \""      <td>Eevee</td>\\n\"",        \""      <td>Opponent</td>\\n\"",        \""      <td>Opponent</td>\\n\"",        \""      <td>LOSS</td>\\n\"",        \""      <td>4</td>\\n\"",        \""      <td>1</td>\\n\"",        \""      <td>7</td>\\n"", ""     <th>6</th>\\n\"",        \""      <td>T52_S001__BASELINE</td>\\n\"",        \""      <td>BASELINE</td>\\n\"",        \""      <td>Bulbasaur</td>\\n\"",        \""      <td>Eevee</td>\\n\"",        \""      <td>Player</td>\\n\"",        \""      <td>Opponent</td>\\n\"",        \""      <td>LOSS</td>\\n\"",        \""      <td>4</td>\\n\"",        \""      <td>2</td>\\n\"",        \""      <td>8</td>\\n\"",""]",3
D:\02_AI_and_Data\Kaggle-AI-Agents\PTCG_AI_Battle_Challenge\notebooks\54_tournament_strength_optimization_FULL_BACKUP.ipynb,54_tournament_strength_optimization_FULL_BACKUP.ipynb,Bulbasaur,1362,"[""th>1</th>\\n\"",        \""      <td>T52_S002__HP_PRESSURE</td>\\n\"",        \""      <td>HP_PRESSURE</td>\\n\"",        \""      <td>Bulbasaur</td>\\n\"",        \""      <td>Eevee</td>\\n\"",        \""      <td>Opponent</td>\\n\"",        \""      <td>Opponent</td>\\n\"",        \""      <td>LOSS</td>\\n\"",        \""      <td>2</td>\\n\"",        \""      <td>1</td>\\n\"",        \""      <td>3</td>\\n"", ""th>3</th>\\n\"",        \""      <td>T52_S007__HP_PRESSURE</td>\\n\"",        \""      <td>HP_PRESSURE</td>\\n\"",        \""      <td>Bulbasaur</td>\\n\"",        \""      <td>Eevee</td>\\n\"",        \""      <td>Opponent</td>\\n\"",        \""      <td>Opponent</td>\\n\"",        \""      <td>LOSS</td>\\n\"",        \""      <td>1</td>\\n\"",        \""      <td>1</td>\\n\"",        \""      <td>1</td>\\n"", ""th>4</th>\\n\"",        \""      <td>T52_S001__HP_PRESSURE</td>\\n\"",        \""      <td>HP_PRESSURE</td>\\n\"",        \""      <td>Bulbasaur</td>\\n\"",        \""      <td>Eevee</td>\\n\"",        \""      <td>Player</td>\\n\"",        \""      <td>Opponent</td>\\n\"",        \""      <td>LOSS</td>\\n\"",        \""      <td>2</td>\\n\"",        \""      <td>2</td>\\n\"",        \""      <td>4</td>\\n\"","", ""     <th>5</th>\\n\"",        \""      <td>T52_S002__BASELINE</td>\\n\"",        \""      <td>BASELINE</td>\\n\"",        \""      <td>Bulbasaur</td>\\n\"",        \""      <td>Eevee</td>\\n\"",        \""      <td>Opponent</td>\\n\"",        \""      <td>Opponent</td>\\n\"",        \""      <td>LOSS</td>\\n\"",        \""      <td>4</td>\\n\"",        \""      <td>1</td>\\n\"",        \""      <td>7</td>\\n"", ""     <th>6</th>\\n\"",        \""      <td>T52_S001__BASELINE</td>\\n\"",        \""      <td>BASELINE</td>\\n\"",        \""      <td>Bulbasaur</td>\\n\"",        \""      <td>Eevee</td>\\n\"",        \""      <td>Player</td>\\n\"",        \""      <td>Opponent</td>\\n\"",        \""      <td>LOSS</td>\\n\"",        \""      <td>4</td>\\n\"",        \""      <td>2</td>\\n\"",        \""      <td>8</td>\\n\"",""]",3
D:\02_AI_and_Data\Kaggle-AI-Agents\PTCG_AI_Battle_Challenge\notebooks\54_tournament_strength_optimization.ipynb,54_tournament_strength_optimization.ipynb,Charmander,1138,"[""th>0</th>\\n\"",        \""      <td>T52_S004__HP_PRESSURE</td>\\n\"",        \""      <td>HP_PRESSURE</td>\\n\"",        \""      <td>Charmander</td>\\n\"",        \""      <td>Eevee</td>\\n\"",        \""      <td>Opponent</td>\\n\"",        \""      <td>Opponent</td>\\n\"",        \""      <td>LOSS</td>\\n\"",        \""      <td>2</td>\\n\"",        \""      <td>1</td>\\n\"",        \""      <td>3</td>\\"", ""th>2</th>\\n\"",        \""      <td>T52_S003__HP_PRESSURE</td>\\n\"",        \""      <td>HP_PRESSURE</td>\\n\"",        \""      <td>Charmander</td>\\n\"",        \""      <td>Eevee</td>\\n\"",        \""      <td>Player</td>\\n\"",        \""      <td>Opponent</td>\\n\"",        \""      <td>LOSS</td>\\n\"",        \""      <td>2</td>\\n\"",        \""      <td>2</td>\\n\"",        \""      <td>4</td>\\n\"""", ""     <th>8</th>\\n\"",        \""      <td>T52_S004__BASELINE</td>\\n\"",        \""      <td>BASELINE</td>\\n\"",        \""      <td>Charmander</td>\\n\"",        \""      <td>Eevee</td>\\n\"",        \""      <td>Opponent</td>\\n\"",        \""      <td>Player</td>\\n\"",        \""      <td>WIN</td>\\n\"",        \""      <td>3</td>\\n\"",        \""      <td>1</td>\\n\"",        \""      <td>5</td>\\n\"","", ""     <th>9</th>\\n\"",        \""      <td>T52_S003__BASELINE</td>\\n\"",        \""      <td>BASELINE</td>\\n\"",        \""      <td>Charmander</td>\\n\"",        \""      <td>Eevee</td>\\n\"",        \""      <td>Player</td>\\n\"",        \""      <td>Player</td>\\n\"",        \""      <td>WIN</td>\\n\"",        \""      <td>2</td>\\n\"",        \""      <td>2</td>\\n\"",        \""      <td>4</td>\\n\"",  "", ""s  first_strategic_turn  last_strategic_turn  average_confidence  \\\\\\n\"",        \""0  T52_S004__HP_PRESSURE  HP_PRESSURE  Charmander         Eevee      Opponent      Opponent           LOSS                    2                     1                    3              0.9740   \\n\"",        \""1  T52_S002__HP_PRESSURE  HP_PRESSURE   Bulbasaur         Eevee      Oppo""]",3
D:\02_AI_and_Data\Kaggle-AI-Agents\PTCG_AI_Battle_Challenge\notebooks\54_tournament_strength_optimization_BACKUP.ipynb,54_tournament_strength_optimization_BACKUP.ipynb,Charmander,1138,"[""th>0</th>\\n\"",        \""      <td>T52_S004__HP_PRESSURE</td>\\n\"",        \""      <td>HP_PRESSURE</td>\\n\"",        \""      <td>Charmander</td>\\n\"",        \""      <td>Eevee</td>\\n\"",        \""      <td>Opponent</td>\\n\"",        \""      <td>Opponent</td>\\n\"",        \""      <td>LOSS</td>\\n\"",        \""      <td>2</td>\\n\"",        \""      <td>1</td>\\n\"",        \""      <td>3</td>\\"", ""th>2</th>\\n\"",        \""      <td>T52_S003__HP_PRESSURE</td>\\n\"",        \""      <td>HP_PRESSURE</td>\\n\"",        \""      <td>Charmander</td>\\n\"",        \""      <td>Eevee</td>\\n\"",        \""      <td>Player</td>\\n\"",        \""      <td>Opponent</td>\\n\"",        \""      <td>LOSS</td>\\n\"",        \""      <td>2</td>\\n\"",        \""      <td>2</td>\\n\"",        \""      <td>4</td>\\n\"""", ""     <th>8</th>\\n\"",        \""      <td>T52_S004__BASELINE</td>\\n\"",        \""      <td>BASELINE</td>\\n\"",        \""      <td>Charmander</td>\\n\"",        \""      <td>Eevee</td>\\n\"",        \""      <td>Opponent</td>\\n\"",        \""      <td>Player</td>\\n\"",        \""      <td>WIN</td>\\n\"",        \""      <td>3</td>\\n\"",        \""      <td>1</td>\\n\"",        \""      <td>5</td>\\n\"","", ""     <th>9</th>\\n\"",        \""      <td>T52_S003__BASELINE</td>\\n\"",        \""      <td>BASELINE</td>\\n\"",        \""      <td>Charmander</td>\\n\"",        \""      <td>Eevee</td>\\n\"",        \""      <td>Player</td>\\n\"",        \""      <td>Player</td>\\n\"",        \""      <td>WIN</td>\\n\"",        \""      <td>2</td>\\n\"",        \""      <td>2</td>\\n\"",        \""      <td>4</td>\\n\"",  "", ""s  first_strategic_turn  last_strategic_turn  average_confidence  \\\\\\n\"",        \""0  T52_S004__HP_PRESSURE  HP_PRESSURE  Charmander         Eevee      Opponent      Opponent           LOSS                    2                     1                    3              0.9740   \\n\"",        \""1  T52_S002__HP_PRESSURE  HP_PRESSURE   Bulbasaur         Eevee      Oppo""]",3
D:\02_AI_and_Data\Kaggle-AI-Agents\PTCG_AI_Battle_Challenge\notebooks\54_tournament_strength_optimization_FULL_BACKUP.ipynb,54_tournament_strength_optimization_FULL_BACKUP.ipynb,Charmander,1138,"[""th>0</th>\\n\"",        \""      <td>T52_S004__HP_PRESSURE</td>\\n\"",        \""      <td>HP_PRESSURE</td>\\n\"",        \""      <td>Charmander</td>\\n\"",        \""      <td>Eevee</td>\\n\"",        \""      <td>Opponent</td>\\n\"",        \""      <td>Opponent</td>\\n\"",        \""      <td>LOSS</td>\\n\"",        \""      <td>2</td>\\n\"",        \""      <td>1</td>\\n\"",        \""      <td>3</td>\\"", ""th>2</th>\\n\"",        \""      <td>T52_S003__HP_PRESSURE</td>\\n\"",        \""      <td>HP_PRESSURE</td>\\n\"",        \""      <td>Charmander</td>\\n\"",        \""      <td>Eevee</td>\\n\"",        \""      <td>Player</td>\\n\"",        \""      <td>Opponent</td>\\n\"",        \""      <td>LOSS</td>\\n\"",        \""      <td>2</td>\\n\"",        \""      <td>2</td>\\n\"",        \""      <td>4</td>\\n\"""", ""     <th>8</th>\\n\"",        \""      <td>T52_S004__BASELINE</td>\\n\"",        \""      <td>BASELINE</td>\\n\"",        \""      <td>Charmander</td>\\n\"",        \""      <td>Eevee</td>\\n\"",        \""      <td>Opponent</td>\\n\"",        \""      <td>Player</td>\\n\"",        \""      <td>WIN</td>\\n\"",        \""      <td>3</td>\\n\"",        \""      <td>1</td>\\n\"",        \""      <td>5</td>\\n\"","", ""     <th>9</th>\\n\"",        \""      <td>T52_S003__BASELINE</td>\\n\"",        \""      <td>BASELINE</td>\\n\"",        \""      <td>Charmander</td>\\n\"",        \""      <td>Eevee</td>\\n\"",        \""      <td>Player</td>\\n\"",        \""      <td>Player</td>\\n\"",        \""      <td>WIN</td>\\n\"",        \""      <td>2</td>\\n\"",        \""      <td>2</td>\\n\"",        \""      <td>4</td>\\n\"",  "", ""s  first_strategic_turn  last_strategic_turn  average_confidence  \\\\\\n\"",        \""0  T52_S004__HP_PRESSURE  HP_PRESSURE  Charmander         Eevee      Opponent      Opponent           LOSS                    2                     1                    3              0.9740   \\n\"",        \""1  T52_S002__HP_PRESSURE  HP_PRESSURE   Bulbasaur         Eevee      Oppo""]",3
D:\02_AI_and_Data\Kaggle-AI-Agents\PTCG_AI_Battle_Challenge\notebooks\54_tournament_strength_optimization.ipynb,54_tournament_strength_optimization.ipynb,Meowth,945,"[""isions in genuine multi-action states.\\n\"",     \""3. Improve performance under HP pressure.\\n\"",     \""4. Improve Eevee and Meowth tactical behavior.\\n\"",     \""5. Add position-value and search-guided decision support.\\n\"",     \""6. Preserve the deterministic legality-aware routing architecture.\\n\"",     \""7. Preserve 100% legal production decisions.\""    ]   },   {   "", ""\""        \\\""active_card\\\""\\n\"",     \""    ].isin(\\n\"",     \""        [\\n\"",     \""            \\\""Eevee\\\"",\\n\"",     \""            \\\""Meowth\\\"",\\n\"",     \""        ]\\n\"",     \""    ).astype(float)\\n\"",     \""    * 2.0\\n\"",     \""    +\\n\"",     \""    (\\n\"",     \""        1.0\\n\"",     \""        - strategic_opportunity_df[\\n\"",     \""            \\\""confidence\\\""\\n\"",     \""        ].clip(\\n\"",   "", ""     <th>8</th>\\n\"",        \""      <td>T52_S005__BASELINE</td>\\n\"",        \""      <td>BASELINE</td>\\n\"",        \""      <td>Meowth</td>\\n\"",        \""      <td>Bulbasaur</td>\\n\"",        \""      <td>Player</td>\\n\"",        \""      <td>12</td>\\n\"",        \""      <td>0.0</td>\\n\"",        \""      <td>80.0</td>\\n\"",        \""      <td>-80.0</td>\\n\"",        \""      <td>0</td>\\n\"""", ""th>9</th>\\n\"",        \""      <td>T52_S005__HP_PRESSURE</td>\\n\"",        \""      <td>HP_PRESSURE</td>\\n\"",        \""      <td>Meowth</td>\\n\"",        \""      <td>Bulbasaur</td>\\n\"",        \""      <td>Player</td>\\n\"",        \""      <td>6</td>\\n\"",        \""      <td>0.0</td>\\n\"",        \""      <td>80.0</td>\\n\"",        \""      <td>-80.0</td>\\n\"",        \""      <td>0</td>\\n\"","", ""    <th>10</th>\\n\"",        \""      <td>T52_S006__BASELINE</td>\\n\"",        \""      <td>BASELINE</td>\\n\"",        \""      <td>Meowth</td>\\n\"",        \""      <td>Bulbasaur</td>\\n\"",        \""      <td>Opponent</td>\\n\"",        \""      <td>11</td>\\n\"",        \""      <td>0.0</td>\\n\"",        \""      <td>80.0</td>\\n\"",        \""      <td>-80.0</td>\\n\"",        \""      <td>0</td>\\""]",3
D:\02_AI_and_Data\Kaggle-AI-Agents\PTCG_AI_Battle_Challenge\notebooks\54_tournament_strength_optimization_BACKUP.ipynb,54_tournament_strength_optimization_BACKUP.ipynb,Meowth,945,"[""isions in genuine multi-action states.\\n\"",     \""3. Improve performance under HP pressure.\\n\"",     \""4. Improve Eevee and Meowth tactical behavior.\\n\"",     \""5. Add position-value and search-guided decision support.\\n\"",     \""6. Preserve the deterministic legality-aware routing architecture.\\n\"",     \""7. Preserve 100% legal production decisions.\""    ]   },   {   "", ""\""        \\\""active_card\\\""\\n\"",     \""    ].isin(\\n\"",     \""        [\\n\"",     \""            \\\""Eevee\\\"",\\n\"",     \""            \\\""Meowth\\\"",\\n\"",     \""        ]\\n\"",     \""    ).astype(float)\\n\"",     \""    * 2.0\\n\"",     \""    +\\n\"",     \""    (\\n\"",     \""        1.0\\n\"",     \""        - strategic_opportunity_df[\\n\"",     \""            \\\""confidence\\\""\\n\"",     \""        ].clip(\\n\"",   "", ""     <th>8</th>\\n\"",        \""      <td>T52_S005__BASELINE</td>\\n\"",        \""      <td>BASELINE</td>\\n\"",        \""      <td>Meowth</td>\\n\"",        \""      <td>Bulbasaur</td>\\n\"",        \""      <td>Player</td>\\n\"",        \""      <td>12</td>\\n\"",        \""      <td>0.0</td>\\n\"",        \""      <td>80.0</td>\\n\"",        \""      <td>-80.0</td>\\n\"",        \""      <td>0</td>\\n\"""", ""th>9</th>\\n\"",        \""      <td>T52_S005__HP_PRESSURE</td>\\n\"",        \""      <td>HP_PRESSURE</td>\\n\"",        \""      <td>Meowth</td>\\n\"",        \""      <td>Bulbasaur</td>\\n\"",        \""      <td>Player</td>\\n\"",        \""      <td>6</td>\\n\"",        \""      <td>0.0</td>\\n\"",        \""      <td>80.0</td>\\n\"",        \""      <td>-80.0</td>\\n\"",        \""      <td>0</td>\\n\"","", ""    <th>10</th>\\n\"",        \""      <td>T52_S006__BASELINE</td>\\n\"",        \""      <td>BASELINE</td>\\n\"",        \""      <td>Meowth</td>\\n\"",        \""      <td>Bulbasaur</td>\\n\"",        \""      <td>Opponent</td>\\n\"",        \""      <td>11</td>\\n\"",        \""      <td>0.0</td>\\n\"",        \""      <td>80.0</td>\\n\"",        \""      <td>-80.0</td>\\n\"",        \""      <td>0</td>\\""]",3
D:\02_AI_and_Data\Kaggle-AI-Agents\PTCG_AI_Battle_Challenge\notebooks\54_tournament_strength_optimization_FULL_BACKUP.ipynb,54_tournament_strength_optimization_FULL_BACKUP.ipynb,Meowth,945,"[""isions in genuine multi-action states.\\n\"",     \""3. Improve performance under HP pressure.\\n\"",     \""4. Improve Eevee and Meowth tactical behavior.\\n\"",     \""5. Add position-value and search-guided decision support.\\n\"",     \""6. Preserve the deterministic legality-aware routing architecture.\\n\"",     \""7. Preserve 100% legal production decisions.\""    ]   },   {   "", ""\""        \\\""active_card\\\""\\n\"",     \""    ].isin(\\n\"",     \""        [\\n\"",     \""            \\\""Eevee\\\"",\\n\"",     \""            \\\""Meowth\\\"",\\n\"",     \""        ]\\n\"",     \""    ).astype(float)\\n\"",     \""    * 2.0\\n\"",     \""    +\\n\"",     \""    (\\n\"",     \""        1.0\\n\"",     \""        - strategic_opportunity_df[\\n\"",     \""            \\\""confidence\\\""\\n\"",     \""        ].clip(\\n\"",   "", ""     <th>8</th>\\n\"",        \""      <td>T52_S005__BASELINE</td>\\n\"",        \""      <td>BASELINE</td>\\n\"",        \""      <td>Meowth</td>\\n\"",        \""      <td>Bulbasaur</td>\\n\"",        \""      <td>Player</td>\\n\"",        \""      <td>12</td>\\n\"",        \""      <td>0.0</td>\\n\"",        \""      <td>80.0</td>\\n\"",        \""      <td>-80.0</td>\\n\"",        \""      <td>0</td>\\n\"""", ""th>9</th>\\n\"",        \""      <td>T52_S005__HP_PRESSURE</td>\\n\"",        \""      <td>HP_PRESSURE</td>\\n\"",        \""      <td>Meowth</td>\\n\"",        \""      <td>Bulbasaur</td>\\n\"",        \""      <td>Player</td>\\n\"",        \""      <td>6</td>\\n\"",        \""      <td>0.0</td>\\n\"",        \""      <td>80.0</td>\\n\"",        \""      <td>-80.0</td>\\n\"",        \""      <td>0</td>\\n\"","", ""    <th>10</th>\\n\"",        \""      <td>T52_S006__BASELINE</td>\\n\"",        \""      <td>BASELINE</td>\\n\"",        \""      <td>Meowth</td>\\n\"",        \""      <td>Bulbasaur</td>\\n\"",        \""      <td>Opponent</td>\\n\"",        \""      <td>11</td>\\n\"",        \""      <td>0.0</td>\\n\"",        \""      <td>80.0</td>\\n\"",        \""      <td>-80.0</td>\\n\"",        \""      <td>0</td>\\""]",3
D:\02_AI_and_Data\Kaggle-AI-Agents\PTCG_AI_Battle_Challenge\notebooks\52_tournament_policy_evaluation.ipynb,52_tournament_policy_evaluation.ipynb,Eevee,473,"[""\"",        \""    <tr>\\n\"",        \""      <th>0</th>\\n\"",        \""      <td>T52_S001</td>\\n\"",        \""      <td>Bulbasaur_vs_Eevee_Player_Start</td>\\n\"",        \""      <td>Bulbasaur</td>\\n\"",        \""      <td>Eevee</td>\\n\"",        \""      <td>Player</td>\\n\"",        \""      <td>1</td>\\n\"",        \""      <td>80.0</td>\\n\"",        \""      <td>50.0</td>\\n\"",        \""      <"", "">\\n\"",        \""      <td>Bulbasaur_vs_Eevee_Player_Start</td>\\n\"",        \""      <td>Bulbasaur</td>\\n\"",        \""      <td>Eevee</td>\\n\"",        \""      <td>Player</td>\\n\"",        \""      <td>1</td>\\n\"",        \""      <td>80.0</td>\\n\"",        \""      <td>50.0</td>\\n\"",        \""      <td>3</td>\\n\"",        \""      <td>3</td>\\n\"",        \""      <td>1</td>\\n\"",        \""   "", ""\"",        \""    <tr>\\n\"",        \""      <th>1</th>\\n\"",        \""      <td>T52_S002</td>\\n\"",        \""      <td>Bulbasaur_vs_Eevee_Opponent_Start</td>\\n\"",        \""      <td>Bulbasaur</td>\\n\"",        \""      <td>Eevee</td>\\n\"",        \""      <td>Opponent</td>\\n\"",        \""      <td>1</td>\\n\"",        \""      <td>80.0</td>\\n\"",        \""      <td>50.0</td>\\n\"",        \""   "", ""n\"",        \""      <td>Bulbasaur_vs_Eevee_Opponent_Start</td>\\n\"",        \""      <td>Bulbasaur</td>\\n\"",        \""      <td>Eevee</td>\\n\"",        \""      <td>Opponent</td>\\n\"",        \""      <td>1</td>\\n\"",        \""      <td>80.0</td>\\n\"",        \""      <td>50.0</td>\\n\"",        \""      <td>3</td>\\n\"",        \""      <td>3</td>\\n\"",        \""      <td>1</td>\\n\"",        \"" "", "",        \""    <tr>\\n\"",        \""      <th>2</th>\\n\"",        \""      <td>T52_S003</td>\\n\"",        \""      <td>Charmander_vs_Eevee_Player_Start</td>\\n\"",        \""      <td>Charmander</td>\\n\"",        \""      <td>Eevee</td>\\n\"",        \""      <td>Player</td>\\n\"",        \""      <td>1</td>\\n\"",        \""      <td>80.0</td>\\n\"",        \""      <td>50.0</td>\\n\"",        \""      ""]",3
D:\02_AI_and_Data\Kaggle-AI-Agents\PTCG_AI_Battle_Challenge\notebooks\52_tournament_policy_evaluation.ipynb,52_tournament_policy_evaluation.ipynb,Bulbasaur,366,"["" \""  <tbody>\\n\"",        \""    <tr>\\n\"",        \""      <th>0</th>\\n\"",        \""      <td>T52_S001</td>\\n\"",        \""      <td>Bulbasaur_vs_Eevee_Player_Start</td>\\n\"",        \""      <td>Bulbasaur</td>\\n\"",        \""      <td>Eevee</td>\\n\"",        \""      <td>Player</td>\\n\"",        \""      <td>1</td>\\n\"",        \""      <td>80.0</td>\\n\"",        \""      <td>50.0</td>\\n\"",   "", ""h>\\n\"",        \""      <td>T52_S001</td>\\n\"",        \""      <td>Bulbasaur_vs_Eevee_Player_Start</td>\\n\"",        \""      <td>Bulbasaur</td>\\n\"",        \""      <td>Eevee</td>\\n\"",        \""      <td>Player</td>\\n\"",        \""      <td>1</td>\\n\"",        \""      <td>80.0</td>\\n\"",        \""      <td>50.0</td>\\n\"",        \""      <td>3</td>\\n\"",        \""      <td>3</td>\\n\"",    "", "" \""    </tr>\\n\"",        \""    <tr>\\n\"",        \""      <th>1</th>\\n\"",        \""      <td>T52_S002</td>\\n\"",        \""      <td>Bulbasaur_vs_Eevee_Opponent_Start</td>\\n\"",        \""      <td>Bulbasaur</td>\\n\"",        \""      <td>Eevee</td>\\n\"",        \""      <td>Opponent</td>\\n\"",        \""      <td>1</td>\\n\"",        \""      <td>80.0</td>\\n\"",        \""      <td>50.0</td>\\n\"""", ""\\n\"",        \""      <td>T52_S002</td>\\n\"",        \""      <td>Bulbasaur_vs_Eevee_Opponent_Start</td>\\n\"",        \""      <td>Bulbasaur</td>\\n\"",        \""      <td>Eevee</td>\\n\"",        \""      <td>Opponent</td>\\n\"",        \""      <td>1</td>\\n\"",        \""      <td>80.0</td>\\n\"",        \""      <td>50.0</td>\\n\"",        \""      <td>3</td>\\n\"",        \""      <td>3</td>\\n\"",  "", "">\\n\"",        \""    <tr>\\n\"",        \""      <th>4</th>\\n\"",        \""      <td>T52_S005</td>\\n\"",        \""      <td>Meowth_vs_Bulbasaur_Player_Start</td>\\n\"",        \""      <td>Meowth</td>\\n\"",        \""      <td>Bulbasaur</td>\\n\"",        \""      <td>Player</td>\\n\"",        \""      <td>1</td>\\n\"",        \""      <td>60.0</td>\\n\"",        \""      <td>80.0</td>\\n\"",        \""  ""]",3
D:\02_AI_and_Data\Kaggle-AI-Agents\PTCG_AI_Battle_Challenge\notebooks\52_tournament_policy_evaluation.ipynb,52_tournament_policy_evaluation.ipynb,Charmander,222,"["" \""    </tr>\\n\"",        \""    <tr>\\n\"",        \""      <th>2</th>\\n\"",        \""      <td>T52_S003</td>\\n\"",        \""      <td>Charmander_vs_Eevee_Player_Start</td>\\n\"",        \""      <td>Charmander</td>\\n\"",        \""      <td>Eevee</td>\\n\"",        \""      <td>Player</td>\\n\"",        \""      <td>1</td>\\n\"",        \""      <td>80.0</td>\\n\"",        \""      <td>50.0</td>\\n\"", "", "">\\n\"",        \""      <td>T52_S003</td>\\n\"",        \""      <td>Charmander_vs_Eevee_Player_Start</td>\\n\"",        \""      <td>Charmander</td>\\n\"",        \""      <td>Eevee</td>\\n\"",        \""      <td>Player</td>\\n\"",        \""      <td>1</td>\\n\"",        \""      <td>80.0</td>\\n\"",        \""      <td>50.0</td>\\n\"",        \""      <td>3</td>\\n\"",        \""      <td>3</td>\\n\"",   "", "" \""    </tr>\\n\"",        \""    <tr>\\n\"",        \""      <th>3</th>\\n\"",        \""      <td>T52_S004</td>\\n\"",        \""      <td>Charmander_vs_Eevee_Opponent_Start</td>\\n\"",        \""      <td>Charmander</td>\\n\"",        \""      <td>Eevee</td>\\n\"",        \""      <td>Opponent</td>\\n\"",        \""      <td>1</td>\\n\"",        \""      <td>80.0</td>\\n\"",        \""      <td>50.0</td>\\"", ""n\"",        \""      <td>T52_S004</td>\\n\"",        \""      <td>Charmander_vs_Eevee_Opponent_Start</td>\\n\"",        \""      <td>Charmander</td>\\n\"",        \""      <td>Eevee</td>\\n\"",        \""      <td>Opponent</td>\\n\"",        \""      <td>1</td>\\n\"",        \""      <td>80.0</td>\\n\"",        \""      <td>50.0</td>\\n\"",        \""      <td>3</td>\\n\"",        \""      <td>3</td>\\n\"", "", ""   \""    <tr>\\n\"",        \""      <th>7</th>\\n\"",        \""      <td>T52_S008</td>\\n\"",        \""      <td>Low_Energy_Eevee_vs_Charmander</td>\\n\"",        \""      <td>Eevee</td>\\n\"",        \""      <td>Charmander</td>\\n\"",        \""      <td>Player</td>\\n\"",        \""      <td>2</td>\\n\"",        \""      <td>50.0</td>\\n\"",        \""      <td>80.0</td>\\n\"",        \""      <td>1</t""]",3
D:\02_AI_and_Data\Kaggle-AI-Agents\PTCG_AI_Battle_Challenge\reports\notebook28\self_play_transcripts.txt,self_play_transcripts.txt,Eevee,200,"[""== POKÉMON AI BATTLE TRANSCRIPT ====================================================================== Turn 1: Player — Eevee ex used Evolution Burst   Damage: 60.0   Search score: 633.00   Search depth: 6   Nodes searched: 17   HP after move — Player: 200.0, Opponent: 10.0   Next side: Opponent ---------------------------------------------------------------"", ""onent: 10.0   Next side: Player ---------------------------------------------------------------------- Turn 3: Player — Eevee ex used Evolution Burst   Damage: 60.0   Search score: 633.00   Search depth: 6   Nodes searched: 10   HP after move — Player: 170.0, Opponent: 0.0   Next side: Opponent ----------------------------------------------------------------"", ""onent: 70.0   Next side: Player ---------------------------------------------------------------------- Turn 2: Player — Eevee ex used Evolution Burst   Damage: 60.0   Search score: 618.00   Search depth: 6   Nodes searched: 17   HP after move — Player: 170.0, Opponent: 10.0   Next side: Opponent ---------------------------------------------------------------"", ""onent: 10.0   Next side: Player ---------------------------------------------------------------------- Turn 4: Player — Eevee ex used Evolution Burst   Damage: 60.0   Search score: 618.00   Search depth: 6   Nodes searched: 10   HP after move — Player: 140.0, Opponent: 0.0   Next side: Opponent ----------------------------------------------------------------"", ""== POKÉMON AI BATTLE TRANSCRIPT ====================================================================== Turn 1: Player — Eevee ex used Evolution Burst   Damage: 60.0   Search score: 633.00   Search depth: 6   Nodes searched: 17   HP after move — Player: 200.0, Opponent: 10.0   Next side: Opponent ---------------------------------------------------------------""]",3
D:\02_AI_and_Data\Kaggle-AI-Agents\PTCG_AI_Battle_Challenge\notebooks\49_side_balanced_search_guided_self_play.ipynb,49_side_balanced_search_guided_self_play.ipynb,Eevee,158,"["" \""      <td>defender_name</td>\\n\"",        \""      <td>object</td>\\n\"",        \""      <td>1000</td>\\n\"",        \""      <td>'Eevee'</td>\\n\"",        \""    </tr>\\n\"",        \""    <tr>\\n\"",        \""      <th>9</th>\\n\"",        \""      <td>state_features</td>\\n\"",        \""      <td>object</td>\\n\"",        \""      <td>1000</td>\\n\"",        \""      <td>array([0.81      , 0.3    "", ""    \""7                                        'Charmander'  \\n\"",        \""8                                             'Eevee'  \\n\"",        \""9   array([0.81      , 0.3       , 0.16666667, 0.9...  \\n\"",        \""10  array([array([0.08, 0.1 , 0.  , 0.  , 0.  , 0....  \\n\"",        \""11     array(['Scratch', 'Flame Tail'], dtype=object)  \\n\"",        \""12             "", ""</td>\\n\"",        \""      <td>object</td>\\n\"",        \""      <td>2</td>\\n\"",        \""      <td>0</td>\\n\"",        \""      <td>Eevee | Eevee | Eevee</td>\\n\"",        \""    </tr>\\n\"",        \""    <tr>\\n\"",        \""      <th>3</th>\\n\"",        \""      <td>starting_side</td>\\n\"",        \""      <td>starting_side, side</td>\\n\"",        \""      <td>object</td>\\n\"",        \""      <"", "",        \""      <td>object</td>\\n\"",        \""      <td>2</td>\\n\"",        \""      <td>0</td>\\n\"",        \""      <td>Eevee | Eevee | Eevee</td>\\n\"",        \""    </tr>\\n\"",        \""    <tr>\\n\"",        \""      <th>3</th>\\n\"",        \""      <td>starting_side</td>\\n\"",        \""      <td>starting_side, side</td>\\n\"",        \""      <td>object</td>\\n\"",        \""      <td>2</td"", "" \""      <td>object</td>\\n\"",        \""      <td>2</td>\\n\"",        \""      <td>0</td>\\n\"",        \""      <td>Eevee | Eevee | Eevee</td>\\n\"",        \""    </tr>\\n\"",        \""    <tr>\\n\"",        \""      <th>3</th>\\n\"",        \""      <td>starting_side</td>\\n\"",        \""      <td>starting_side, side</td>\\n\"",        \""      <td>object</td>\\n\"",        \""      <td>2</td>\\n\"",   ""]",3
D:\02_AI_and_Data\Kaggle-AI-Agents\PTCG_AI_Battle_Challenge\notebooks\53_legality_aware_policy_optimization.ipynb,53_legality_aware_policy_optimization.ipynb,Eevee,147,"[""% fallback rate\\n\"",     \""- 7 Player wins\\n\"",     \""- 14 Opponent wins\\n\"",     \""- 3 draws\\n\"",     \""- weakest Player card: Eevee\\n\"",     \""- weakest condition: HP pressure\\n\"",     \""\\n\"",     \""#### This notebook will:\\n\"",     \""\\n\"",     \""1. Validate the Notebook 52 handoff.\\n\"",     \""2. Load the tournament benchmark and policy-decision history.\\n\"",     \""3. Identify "", ""imary_optimization_target       : Reduce legal-action masking dependence\\n\"",       \""weakest_player_card               : Eevee\\n\"",       \""weakest_condition                 : HP_PRESSURE\\n\"",       \""validation_checks_passed          : 22\\n\"",       \""validation_checks_failed          : 0\\n\"",       \""benchmark_profile_file            : D:\\\\02_AI_and_Data\\\\Kaggle-AI"", ""\\n\"",        \""    <tr>\\n\"",        \""      <th>3</th>\\n\"",        \""      <td>weakest_player_card</td>\\n\"",        \""      <td>Eevee</td>\\n\"",        \""    </tr>\\n\"",        \""    <tr>\\n\"",        \""      <th>4</th>\\n\"",        \""      <td>weakest_player_card_win_rate</td>\\n\"",        \""      <td>0.0</td>\\n\"",        \""    </tr>\\n\"",        \""    <tr>\\n\"",        \""      <th>5</th"", ""     \""2                               0.004761904761904762  \\n\"",        \""3                                              Eevee  \\n\"",        \""4                                                0.0  \\n\"",        \""5                                        HP_PRESSURE  \\n\"",        \""6                                                0.0  \\n\"",        \""7  [\\\""Improve raw p"", ""imary_optimization_target       : Reduce legal-action masking dependence\\n\"",       \""weakest_player_card               : Eevee\\n\"",       \""weakest_condition                 : HP_PRESSURE\\n\"",       \""validation_checks_passed          : 22\\n\"",       \""validation_checks_failed          : 0\\n\"",       \""next_stage                        : MASKING_ERROR_ANALYSIS\\n\"",   ""]",3
D:\02_AI_and_Data\Kaggle-AI-Agents\PTCG_AI_Battle_Challenge\notebooks\52_tournament_policy_evaluation.ipynb,52_tournament_policy_evaluation.ipynb,Meowth,114,"["" \""    </tr>\\n\"",        \""    <tr>\\n\"",        \""      <th>4</th>\\n\"",        \""      <td>T52_S005</td>\\n\"",        \""      <td>Meowth_vs_Bulbasaur_Player_Start</td>\\n\"",        \""      <td>Meowth</td>\\n\"",        \""      <td>Bulbasaur</td>\\n\"",        \""      <td>Player</td>\\n\"",        \""      <td>1</td>\\n\"",        \""      <td>60.0</td>\\n\"",        \""      <td>80.0</td>\\n\"", "", "">\\n\"",        \""      <td>T52_S005</td>\\n\"",        \""      <td>Meowth_vs_Bulbasaur_Player_Start</td>\\n\"",        \""      <td>Meowth</td>\\n\"",        \""      <td>Bulbasaur</td>\\n\"",        \""      <td>Player</td>\\n\"",        \""      <td>1</td>\\n\"",        \""      <td>60.0</td>\\n\"",        \""      <td>80.0</td>\\n\"",        \""      <td>2</td>\\n\"",        \""      <td>2</td>\\n\"",   "", "" \""    </tr>\\n\"",        \""    <tr>\\n\"",        \""      <th>5</th>\\n\"",        \""      <td>T52_S006</td>\\n\"",        \""      <td>Meowth_vs_Bulbasaur_Opponent_Start</td>\\n\"",        \""      <td>Meowth</td>\\n\"",        \""      <td>Bulbasaur</td>\\n\"",        \""      <td>Opponent</td>\\n\"",        \""      <td>1</td>\\n\"",        \""      <td>60.0</td>\\n\"",        \""      <td>80.0</td>\\"", ""n\"",        \""      <td>T52_S006</td>\\n\"",        \""      <td>Meowth_vs_Bulbasaur_Opponent_Start</td>\\n\"",        \""      <td>Meowth</td>\\n\"",        \""      <td>Bulbasaur</td>\\n\"",        \""      <td>Opponent</td>\\n\"",        \""      <td>1</td>\\n\"",        \""      <td>60.0</td>\\n\"",        \""      <td>80.0</td>\\n\"",        \""      <td>2</td>\\n\"",        \""      <td>2</td>\\n\"", "", ""n\"",        \""3    T52_S004  Charmander_vs_Eevee_Opponent_Start  Charmander         Eevee   \\n\"",        \""4    T52_S005    Meowth_vs_Bulbasaur_Player_Start      Meowth     Bulbasaur   \\n\"",        \""5    T52_S006  Meowth_vs_Bulbasaur_Opponent_Start      Meowth     Bulbasaur   \\n\"",        \""6    T52_S007      Critical_HP_Bulbasaur_vs_Eevee   Bulbasaur         Eevee""]",3
D:\02_AI_and_Data\Kaggle-AI-Agents\PTCG_AI_Battle_Challenge\notebooks\49_side_balanced_search_guided_self_play.ipynb,49_side_balanced_search_guided_self_play.ipynb,Bulbasaur,110,"[""    \""      <td>object</td>\\n\"",        \""      <td>4</td>\\n\"",        \""      <td>0</td>\\n\"",        \""      <td>Charmander | Bulbasaur | Meowth</td>\\n\"",        \""    </tr>\\n\"",        \""    <tr>\\n\"",        \""      <th>2</th>\\n\"",        \""      <td>opponent_card</td>\\n\"",        \""      <td>opponent_card</td>\\n\"",        \""      <td>object</td>\\n\"",        \""      <td>2</td>"", ""ple_values  \\n\"",        \""0              0                        2 | 4 | 6  \\n\"",        \""1              0  Charmander | Bulbasaur | Meowth  \\n\"",        \""2              0            Eevee | Eevee | Eevee  \\n\"",        \""3              0       Player | Opponent | Player  \\n\"",        \""4              0   Opponent | Opponent | Opponent  \\n\"",        \""5              "", ""\\n\"",        \""      <td>Competitive Policy</td>\\n\"",        \""      <td>Depth-6 Search Baseline</td>\\n\"",        \""      <td>Bulbasaur</td>\\n\"",        \""      <td>Eevee</td>\\n\"",        \""      <td>Player</td>\\n\"",        \""      <td>Opponent</td>\\n\"",        \""      <td>Opponent</td>\\n\"",        \""      <td>Player</td>\\n\"",        \""      <td>...</td>\\n\"",        \""      <td"", ""\\n\"",        \""      <td>Competitive Policy</td>\\n\"",        \""      <td>Depth-6 Search Baseline</td>\\n\"",        \""      <td>Bulbasaur</td>\\n\"",        \""      <td>Eevee</td>\\n\"",        \""      <td>Player</td>\\n\"",        \""      <td>Opponent</td>\\n\"",        \""      <td>Opponent</td>\\n\"",        \""      <td>Player</td>\\n\"",        \""      <td>...</td>\\n\"",        \""      <td"", ""\\n\"",        \""      <td>Competitive Policy</td>\\n\"",        \""      <td>Depth-6 Search Baseline</td>\\n\"",        \""      <td>Bulbasaur</td>\\n\"",        \""      <td>Eevee</td>\\n\"",        \""      <td>Player</td>\\n\"",        \""      <td>Opponent</td>\\n\"",        \""      <td>Opponent</td>\\n\"",        \""      <td>Player</td>\\n\"",        \""      <td>...</td>\\n\"",        \""      <td""]",3
D:\02_AI_and_Data\Kaggle-AI-Agents\PTCG_AI_Battle_Challenge\notebooks\53_legality_aware_policy_optimization.ipynb,53_legality_aware_policy_optimization.ipynb,Bulbasaur,109,"["" \""      <td>0.000000</td>\\n\"",        \""    </tr>\\n\"",        \""    <tr>\\n\"",        \""      <th>3</th>\\n\"",        \""      <td>Bulbasaur</td>\\n\"",        \""      <td>47</td>\\n\"",        \""      <td>22</td>\\n\"",        \""      <td>0</td>\\n\"",        \""      <td>0.730809</td>\\n\"",        \""      <td>0.468085</td>\\n\"",        \""      <td>0.000000</td>\\n\"",        \""    </tr>\\n\"",   "", ""    0.748506   \\n\"",        \""2       Eevee         40               20          0            0.698300   \\n\"",        \""3   Bulbasaur         47               22          0            0.730809   \\n\"",        \""\\n\"",        \""   masking_rate  fallback_rate  \\n\"",        \""0      1.000000       0.010638  \\n\"",        \""1      0.517241       0.000000  \\n\"",        \""2      0"", ""\"",        \""      <td>BASELINE</td>\\n\"",        \""      <td>1</td>\\n\"",        \""      <td>Player</td>\\n\"",        \""      <td>Bulbasaur</td>\\n\"",        \""      <td>Eevee</td>\\n\"",        \""      <td>['Bind Down']</td>\\n\"",        \""      <td>Ascension</td>\\n\"",        \""      <td>Bind Down</td>\\n\"",        \""      <td>0.564000</td>\\n\"",        \""      <td>0.088000</td>\\n\"",  "", ""\"",        \""      <td>BASELINE</td>\\n\"",        \""      <td>3</td>\\n\"",        \""      <td>Player</td>\\n\"",        \""      <td>Bulbasaur</td>\\n\"",        \""      <td>Eevee</td>\\n\"",        \""      <td>['Bind Down']</td>\\n\"",        \""      <td>Ascension</td>\\n\"",        \""      <td>Bind Down</td>\\n\"",        \""      <td>0.680000</td>\\n\"",        \""      <td>0.136000</td>\\n\"",  "", ""\"",        \""      <td>BASELINE</td>\\n\"",        \""      <td>5</td>\\n\"",        \""      <td>Player</td>\\n\"",        \""      <td>Bulbasaur</td>\\n\"",        \""      <td>Eevee</td>\\n\"",        \""      <td>['Bind Down']</td>\\n\"",        \""      <td>Ascension</td>\\n\"",        \""      <td>Bind Down</td>\\n\"",        \""      <td>0.632000</td>\\n\"",        \""      <td>0.140000</td>\\n\"",  ""]",3
D:\02_AI_and_Data\Kaggle-AI-Agents\PTCG_AI_Battle_Challenge\notebooks\53_legality_aware_policy_optimization.ipynb,53_legality_aware_policy_optimization.ipynb,Charmander,79,"["" : 1\\n\"",       \""fallback_rate                     : 0.004761904761904762\\n\"",       \""top_player_card                   : Charmander\\n\"",       \""top_player_card_win_rate          : 0.6666666666666666\\n\"",       \""best_condition                    : ENERGY_PRESSURE\\n\"",       \""best_condition_player_win_rate    : 0.625\\n\"",       \""primary_optimization_target       : "", ""tr>\\n\"",        \""    <tr>\\n\"",        \""      <th>13</th>\\n\"",        \""      <td>top_player_card</td>\\n\"",        \""      <td>Charmander</td>\\n\"",        \""    </tr>\\n\"",        \""    <tr>\\n\"",        \""      <th>14</th>\\n\"",        \""      <td>top_player_card_win_rate</td>\\n\"",        \""      <td>0.6666666666666666</td>\\n\"",        \""    </tr>\\n\"",        \""    <tr>\\n\"",       "", ""    \""12                   fallback_rate  0.004761904761904762\\n\"",        \""13                 top_player_card            Charmander\\n\"",        \""14        top_player_card_win_rate    0.6666666666666666\\n\"",        \""15                  best_condition       ENERGY_PRESSURE\\n\"",        \""16  best_condition_player_win_rate                 0.625\""       ]      },      "", "" \""      <td>0.010638</td>\\n\"",        \""    </tr>\\n\"",        \""    <tr>\\n\"",        \""      <th>1</th>\\n\"",        \""      <td>Charmander</td>\\n\"",        \""      <td>29</td>\\n\"",        \""      <td>15</td>\\n\"",        \""      <td>0</td>\\n\"",        \""      <td>0.748506</td>\\n\"",        \""      <td>0.517241</td>\\n\"",        \""      <td>0.000000</td>\\n\"",        \""    </tr>\\n\"",  "", ""e_confidence  \\\\\\n\"",        \""0      Meowth         94               94          1            0.571674   \\n\"",        \""1  Charmander         29               15          0            0.748506   \\n\"",        \""2       Eevee         40               20          0            0.698300   \\n\"",        \""3   Bulbasaur         47               22          0            0.7""]",3
D:\02_AI_and_Data\Kaggle-AI-Agents\PTCG_AI_Battle_Challenge\notebooks\46_competitive_policy_upgrade.ipynb,46_competitive_policy_upgrade.ipynb,Eevee,61,"[""      \""      <td>9</td>\\n\"",        \""      <td>Opponent</td>\\n\"",        \""      <td>Charmander</td>\\n\"",        \""      <td>Eevee</td>\\n\"",        \""      <td>2</td>\\n\"",        \""      <td>Tail Whap</td>\\n\"",        \""      <td>629.0</td>\\n\"",        \""      <td>0.0</td>\\n\"",        \""      <td>10</td>\\n\"",        \""      <td>1</td>\\n\"",        \""    </tr>\\n\"",        \""    <t"", ""     \""      <td>11</td>\\n\"",        \""      <td>Opponent</td>\\n\"",        \""      <td>Charmander</td>\\n\"",        \""      <td>Eevee</td>\\n\"",        \""      <td>2</td>\\n\"",        \""      <td>Bite</td>\\n\"",        \""      <td>629.0</td>\\n\"",        \""      <td>0.0</td>\\n\"",        \""      <td>7</td>\\n\"",        \""      <td>0</td>\\n\"",        \""    </tr>\\n\"",        \""    <tr>\\n\"","", ""layer player_name opponent_name  \\\\\\n\"",        \""0          0          1            9       Opponent  Charmander         Eevee   \\n\"",        \""1          1          1           11       Opponent  Charmander         Eevee   \\n\"",        \""2          2          2            4         Player   Bulbasaur       Pikachu   \\n\"",        \""3          3          2          "", ""ponent  Charmander         Eevee   \\n\"",        \""1          1          1           11       Opponent  Charmander         Eevee   \\n\"",        \""2          2          2            4         Player   Bulbasaur       Pikachu   \\n\"",        \""3          3          2            5       Opponent   Bulbasaur       Pikachu   \\n\"",        \""4          4          2          "", ""r>\\n\"",        \""  </thead>\\n\"",        \""  <tbody>\\n\"",        \""    <tr>\\n\"",        \""      <th>0</th>\\n\"",        \""      <td>Eevee</td>\\n\"",        \""      <td>Bulbasaur</td>\\n\"",        \""      <td>58</td>\\n\"",        \""    </tr>\\n\"",        \""    <tr>\\n\"",        \""      <th>1</th>\\n\"",        \""      <td>Eevee</td>\\n\"",        \""      <td>Pikachu</td>\\n\"",        \""      <td>""]",3
D:\02_AI_and_Data\Kaggle-AI-Agents\PTCG_AI_Battle_Challenge\notebooks\46_competitive_policy_upgrade.ipynb,46_competitive_policy_upgrade.ipynb,Charmander,56,"[""=============================================================================\\n\"",       \""\\n\"",       \""Battle: Pikachu vs Charmander\\n\"",       \""Turn: 1\\n\"",       \""Current player: Player\\n\"",       \""Search depth: 4\\n\"",       \""\\n\"",       \""LEGAL MOVES\\n\"",       \""------------------------------------------------------------------------------------------\\n\""      ]   "", ""2,\\n\"",     \""            \\\""Effect Explanation\\\"": None,\\n\"",     \""        },\\n\"",     \""    ],\\n\"",     \""}\\n\"",     \""\\n\"",     \""charmander_card = {\\n\"",     \""    \\\""name\\\"": \\\""Charmander\\\"",\\n\"",     \""    \\\""hp\\\"": 100,\\n\"",     \""    \\\""attacks\\\"": [\\n\"",     \""        {\\n\"",     \""            \\\""Move Name\\\"": \\\""Scratch\\\"",\\n\"",     \""            \\\""damage_numeric\\\"": 20,\\n\"",     \""     "", ""\"": None,\\n\"",     \""        },\\n\"",     \""    ],\\n\"",     \""}\\n\"",     \""\\n\"",     \""charmander_card = {\\n\"",     \""    \\\""name\\\"": \\\""Charmander\\\"",\\n\"",     \""    \\\""hp\\\"": 100,\\n\"",     \""    \\\""attacks\\\"": [\\n\"",     \""        {\\n\"",     \""            \\\""Move Name\\\"": \\\""Scratch\\\"",\\n\"",     \""            \\\""damage_numeric\\\"": 20,\\n\"",     \""            \\\""energy_cost\\\"": 1,\\n\"",     \""         "", ""energy=3,\\n\"",     \""    status=None,\\n\"",     \""    damage=0.0,\\n\"",     \""    is_active=True,\\n\"",     \"")\\n\"",     \""\\n\"",     \""charmander_state = PokemonState(\\n\"",     \""    card=charmander_card,\\n\"",     \""    current_hp=100.0,\\n\"",     \""    attached_energy=3,\\n\"",     \""    status=None,\\n\"",     \""    damage=0.0,\\n\"",     \""    is_active=True,\\n\"",     \"")\\n\"",     \""\\n\"",     "", ""mage=0.0,\\n\"",     \""    is_active=True,\\n\"",     \"")\\n\"",     \""\\n\"",     \""charmander_state = PokemonState(\\n\"",     \""    card=charmander_card,\\n\"",     \""    current_hp=100.0,\\n\"",     \""    attached_energy=3,\\n\"",     \""    status=None,\\n\"",     \""    damage=0.0,\\n\"",     \""    is_active=True,\\n\"",     \"")\\n\"",     \""\\n\"",     \""\\n\"",     \""# --------------------------------------""]",3
D:\02_AI_and_Data\Kaggle-AI-Agents\PTCG_AI_Battle_Challenge\notebooks\53_legality_aware_policy_optimization.ipynb,53_legality_aware_policy_optimization.ipynb,Meowth,53,"[""r>\\n\"",        \""  </thead>\\n\"",        \""  <tbody>\\n\"",        \""    <tr>\\n\"",        \""      <th>0</th>\\n\"",        \""      <td>Meowth</td>\\n\"",        \""      <td>94</td>\\n\"",        \""      <td>94</td>\\n\"",        \""      <td>1</td>\\n\"",        \""      <td>0.571674</td>\\n\"",        \""      <td>1.000000</td>\\n\"",        \""      <td>0.010638</td>\\n\"",        \""    </tr>\\n\"",      "", ""\""text/plain\"": [        \""  player_card  decisions  masking_changes  fallbacks  average_confidence  \\\\\\n\"",        \""0      Meowth         94               94          1            0.571674   \\n\"",        \""1  Charmander         29               15          0            0.748506   \\n\"",        \""2       Eevee         40               20          0            0.69830"", ""\"",        \""      <td>BASELINE</td>\\n\"",        \""      <td>1</td>\\n\"",        \""      <td>Player</td>\\n\"",        \""      <td>Meowth</td>\\n\"",        \""      <td>Bulbasaur</td>\\n\"",        \""      <td>['Tuck Tail']</td>\\n\"",        \""      <td>Ascension</td>\\n\"",        \""      <td>Tuck Tail</td>\\n\"",        \""      <td>0.620000</td>\\n\"",        \""      <td>0.029333</td>\\n\"", "", ""        \""      <td>BASELINE</td>\\n\"",        \""      <td>2</td>\\n\"",        \""      <td>Opponent</td>\\n\"",        \""      <td>Meowth</td>\\n\"",        \""      <td>Bulbasaur</td>\\n\"",        \""      <td>['Bind Down']</td>\\n\"",        \""      <td>Ascension</td>\\n\"",        \""      <td>Bind Down</td>\\n\"",        \""      <td>0.804000</td>\\n\"",        \""      <td>0.001333</td>\\n\"", "", ""\"",        \""      <td>BASELINE</td>\\n\"",        \""      <td>3</td>\\n\"",        \""      <td>Player</td>\\n\"",        \""      <td>Meowth</td>\\n\"",        \""      <td>Bulbasaur</td>\\n\"",        \""      <td>['Tuck Tail']</td>\\n\"",        \""      <td>Ascension</td>\\n\"",        \""      <td>Tuck Tail</td>\\n\"",        \""      <td>0.758667</td>\\n\"",        \""      <td>0.036000</td>\\n\"", ""]",3
D:\02_AI_and_Data\Kaggle-AI-Agents\PTCG_AI_Battle_Challenge\notebooks\46_competitive_policy_upgrade.ipynb,46_competitive_policy_upgrade.ipynb,Bulbasaur,51,"[""</td>\\n\"",        \""      <td>2</td>\\n\"",        \""      <td>4</td>\\n\"",        \""      <td>Player</td>\\n\"",        \""      <td>Bulbasaur</td>\\n\"",        \""      <td>Pikachu</td>\\n\"",        \""      <td>1</td>\\n\"",        \""      <td>Vine Whip</td>\\n\"",        \""      <td>103.0</td>\\n\"",        \""      <td>30.0</td>\\n\"",        \""      <td>5</td>\\n\"",        \""      <td>0</td>\\n"", ""td>\\n\"",        \""      <td>2</td>\\n\"",        \""      <td>5</td>\\n\"",        \""      <td>Opponent</td>\\n\"",        \""      <td>Bulbasaur</td>\\n\"",        \""      <td>Pikachu</td>\\n\"",        \""      <td>1</td>\\n\"",        \""      <td>Quick Attack</td>\\n\"",        \""      <td>-128.0</td>\\n\"",        \""      <td>0.0</td>\\n\"",        \""      <td>5</td>\\n\"",        \""      <td>0</td"", ""td>\\n\"",        \""      <td>2</td>\\n\"",        \""      <td>7</td>\\n\"",        \""      <td>Opponent</td>\\n\"",        \""      <td>Bulbasaur</td>\\n\"",        \""      <td>Pikachu</td>\\n\"",        \""      <td>1</td>\\n\"",        \""      <td>Quick Attack</td>\\n\"",        \""      <td>-10000.0</td>\\n\"",        \""      <td>0.0</td>\\n\"",        \""      <td>5</td>\\n\"",        \""      <td>0</"", ""</td>\\n\"",        \""      <td>2</td>\\n\"",        \""      <td>8</td>\\n\"",        \""      <td>Player</td>\\n\"",        \""      <td>Bulbasaur</td>\\n\"",        \""      <td>Pikachu</td>\\n\"",        \""      <td>1</td>\\n\"",        \""      <td>Vine Whip</td>\\n\"",        \""      <td>10000.0</td>\\n\"",        \""      <td>30.0</td>\\n\"",        \""      <td>4</td>\\n\"",        \""      <td>0</td>"", ""td>\\n\"",        \""      <td>2</td>\\n\"",        \""      <td>9</td>\\n\"",        \""      <td>Opponent</td>\\n\"",        \""      <td>Bulbasaur</td>\\n\"",        \""      <td>Pikachu</td>\\n\"",        \""      <td>1</td>\\n\"",        \""      <td>Quick Attack</td>\\n\"",        \""      <td>-10000.0</td>\\n\"",        \""      <td>0.0</td>\\n\"",        \""      <td>3</td>\\n\"",        \""      <td>0</""]",3
D:\02_AI_and_Data\Kaggle-AI-Agents\PTCG_AI_Battle_Challenge\notebooks\54_tournament_strength_optimization_clean.ipynb,54_tournament_strength_optimization_clean.ipynb,Bulbasaur,42,"[""e.\\n\"",     \""\\n\"",     \""#### This section validates candidate moves for the four tournament Pokémon:\\n\"",     \""\\n\"",     \""- Bulbasaur,\\n\"",     \""- Charmander,\\n\"",     \""- Eevee,\\n\"",     \""- Meowth.\\n\"",     \""\\n\"",     \""#### Candidate actions must:\\n\"",     \""\\n\"",     \""- come from an existing project data source,\\n\"",     \""- have a valid move name,\\n\"",     \""- have finite"", ""----------------------------------------------------------------\\n\"",     \""\\n\"",     \""TOURNAMENT_CARDS = [\\n\"",     \""    \\\""Bulbasaur\\\"",\\n\"",     \""    \\\""Charmander\\\"",\\n\"",     \""    \\\""Eevee\\\"",\\n\"",     \""    \\\""Meowth\\\"",\\n\"",     \""]\\n\"",     \""\\n\"",     \""\\n\"",     \""BENCHMARK_CARD_MOVES = {\\n\"",     \""    \\\""Bulbasaur\\\"": {\\n\"",     \""        \\\""Bind Down\\\"",\\n\"",     \""    },\\n\"",   "", ""    \\\""Eevee\\\"",\\n\"",     \""    \\\""Meowth\\\"",\\n\"",     \""]\\n\"",     \""\\n\"",     \""\\n\"",     \""BENCHMARK_CARD_MOVES = {\\n\"",     \""    \\\""Bulbasaur\\\"": {\\n\"",     \""        \\\""Bind Down\\\"",\\n\"",     \""    },\\n\"",     \""\\n\"",     \""    \\\""Charmander\\\"": {\\n\"",     \""        \\\""Live Coal\\\"",\\n\"",     \""    },\\n\"",     \""\\n\"",     \""    \\\""Eevee\\\"": {\\n\"",     \""        \\\""Ascension\\\"",\\n\"",     \""        \\\""Q"", ""----------------------------------------------------------------\\n\"",     \""\\n\"",     \""ISOLATED_TEST_HP = {\\n\"",     \""    \\\""Bulbasaur\\\"":\\n\"",     \""        200.0,\\n\"",     \""\\n\"",     \""    \\\""Charmander\\\"":\\n\"",     \""        200.0,\\n\"",     \""\\n\"",     \""    \\\""Eevee\\\"":\\n\"",     \""        200.0,\\n\"",     \""\\n\"",     \""    \\\""Meowth\\\"":\\n\"",     \""        200.0,\\n\"",     \""}\\n\"",     \""\\n\"""", ""---------------------------------------------------------\\n\"",     \""\\n\"",     \""benchmark_damage_lookup = {\\n\"",     \""    \\\""Bulbasaur\\\"":\\n\"",     \""        10.0,\\n\"",     \""\\n\"",     \""    \\\""Charmander\\\"":\\n\"",     \""        20.0,\\n\"",     \""\\n\"",     \""    \\\""Eevee\\\"":\\n\"",     \""        20.0,\\n\"",     \""\\n\"",     \""    \\\""Meowth\\\"":\\n\"",     \""        0.0,\\n\"",     \""}\\n\"",     \""\\n\"",    ""]",3
D:\02_AI_and_Data\Kaggle-AI-Agents\PTCG_AI_Battle_Challenge\notebooks\47_competitive_policy_training.ipynb,47_competitive_policy_training.ipynb,Eevee,40,"[""      \""      <td>6</td>\\n\"",        \""      <td>Opponent</td>\\n\"",        \""      <td>Charmander</td>\\n\"",        \""      <td>Eevee</td>\\n\"",        \""      <td>2</td>\\n\"",        \""      <td>Flame Tail</td>\\n\"",        \""      <td>10000.00</td>\\n\"",        \""    </tr>\\n\"",        \""    <tr>\\n\"",        \""      <th>1</th>\\n\"",        \""      <td>1</td>\\n\"",        \""      <td>1</"", ""</td>\\n\"",        \""      <td>1</td>\\n\"",        \""      <td>7</td>\\n\"",        \""      <td>Player</td>\\n\"",        \""      <td>Eevee</td>\\n\"",        \""      <td>Charmander</td>\\n\"",        \""      <td>2</td>\\n\"",        \""      <td>Tail Whap</td>\\n\"",        \""      <td>-10000.00</td>\\n\"",        \""    </tr>\\n\"",        \""    <tr>\\n\"",        \""      <th>2</th>\\n\"",        \""    "", ""      \""      <td>8</td>\\n\"",        \""      <td>Opponent</td>\\n\"",        \""      <td>Charmander</td>\\n\"",        \""      <td>Eevee</td>\\n\"",        \""      <td>2</td>\\n\"",        \""      <td>Scratch</td>\\n\"",        \""      <td>10000.00</td>\\n\"",        \""    </tr>\\n\"",        \""    <tr>\\n\"",        \""      <th>3</th>\\n\"",        \""      <td>3</td>\\n\"",        \""      <td>1</td>"", ""</td>\\n\"",        \""      <td>1</td>\\n\"",        \""      <td>9</td>\\n\"",        \""      <td>Player</td>\\n\"",        \""      <td>Eevee</td>\\n\"",        \""      <td>Charmander</td>\\n\"",        \""      <td>2</td>\\n\"",        \""      <td>Tail Whap</td>\\n\"",        \""      <td>-10000.00</td>\\n\"",        \""    </tr>\\n\"",        \""    <tr>\\n\"",        \""      <th>4</th>\\n\"",        \""    "", ""     \""      <td>10</td>\\n\"",        \""      <td>Opponent</td>\\n\"",        \""      <td>Charmander</td>\\n\"",        \""      <td>Eevee</td>\\n\"",        \""      <td>2</td>\\n\"",        \""      <td>Flame Tail</td>\\n\"",        \""      <td>10000.00</td>\\n\"",        \""    </tr>\\n\"",        \""    <tr>\\n\"",        \""      <th>5</th>\\n\"",        \""      <td>5</td>\\n\"",        \""      <td>2</""]",3
D:\02_AI_and_Data\Kaggle-AI-Agents\PTCG_AI_Battle_Challenge\notebooks\54_tournament_strength_optimization_clean.ipynb,54_tournament_strength_optimization_clean.ipynb,Eevee,35,"[""mprove decisions in genuine multi-action states.\\n\"",     \""3. Improve performance under HP pressure.\\n\"",     \""4. Improve Eevee and Meowth tactical behavior.\\n\"",     \""5. Add position-value and search-guided decision support.\\n\"",     \""6. Preserve the deterministic legality-aware routing architecture.\\n\"",     \""7. Preserve 100% legal production decisions.\""    ]  "", ""rategic_opportunity_df[\\n\"",     \""        \\\""active_card\\\""\\n\"",     \""    ].isin(\\n\"",     \""        [\\n\"",     \""            \\\""Eevee\\\"",\\n\"",     \""            \\\""Meowth\\\"",\\n\"",     \""        ]\\n\"",     \""    ).astype(float)\\n\"",     \""    * 2.0\\n\"",     \""    +\\n\"",     \""    (\\n\"",     \""        1.0\\n\"",     \""        - strategic_opportunity_df[\\n\"",     \""            \\\""confidence\\\"""", ""ates candidate moves for the four tournament Pokémon:\\n\"",     \""\\n\"",     \""- Bulbasaur,\\n\"",     \""- Charmander,\\n\"",     \""- Eevee,\\n\"",     \""- Meowth.\\n\"",     \""\\n\"",     \""#### Candidate actions must:\\n\"",     \""\\n\"",     \""- come from an existing project data source,\\n\"",     \""- have a valid move name,\\n\"",     \""- have finite nonnegative damage,\\n\"",     \""- be attributab"", ""-------\\n\"",     \""\\n\"",     \""TOURNAMENT_CARDS = [\\n\"",     \""    \\\""Bulbasaur\\\"",\\n\"",     \""    \\\""Charmander\\\"",\\n\"",     \""    \\\""Eevee\\\"",\\n\"",     \""    \\\""Meowth\\\"",\\n\"",     \""]\\n\"",     \""\\n\"",     \""\\n\"",     \""BENCHMARK_CARD_MOVES = {\\n\"",     \""    \\\""Bulbasaur\\\"": {\\n\"",     \""        \\\""Bind Down\\\"",\\n\"",     \""    },\\n\"",     \""\\n\"",     \""    \\\""Charmander\\\"": {\\n\"",     \""        \\\""Liv"", ""   },\\n\"",     \""\\n\"",     \""    \\\""Charmander\\\"": {\\n\"",     \""        \\\""Live Coal\\\"",\\n\"",     \""    },\\n\"",     \""\\n\"",     \""    \\\""Eevee\\\"": {\\n\"",     \""        \\\""Ascension\\\"",\\n\"",     \""        \\\""Quick Attack\\\"",\\n\"",     \""    },\\n\"",     \""\\n\"",     \""    \\\""Meowth\\\"": {\\n\"",     \""        \\\""Pass\\\"",\\n\"",     \""        \\\""Tuck Tail\\\"",\\n\"",     \""    },\\n\"",     \""}\\n\"",     \""\\n\"",     \""\\n\"",""]",3
D:\02_AI_and_Data\Kaggle-AI-Agents\PTCG_AI_Battle_Challenge\notebooks\51_policy_simulator_integration.ipynb,51_policy_simulator_integration.ipynb,Eevee,33,"[""7b9d89b773\\n\"",       \""Current side     : Opponent\\n\"",       \""Player card      : Bulbasaur\\n\"",       \""Opponent card    : Eevee\\n\"",       \""Legal moves      : 2\\n\"",       \""Expert move      : Quick Attack\\n\"",       \""\\n\"",       \""EXTRACTED POLICY FEATURES\\n\"",       \""---------------------------------------------------------------------------------------------------"", ""\""      <td>Opponent</td>\\n\"",        \""      <td>PRESERVE</td>\\n\"",        \""      <td>Bulbasaur</td>\\n\"",        \""      <td>Eevee</td>\\n\"",        \""      <td>9.0</td>\\n\"",        \""      <td>3.0</td>\\n\"",        \""      <td>3.0</td>\\n\"",        \""      <td>32.0</td>\\n\"",        \""      <td>20.0</td>\\n\"",        \""      <td>2.0</td>\\n\"",        \""      <td>3.0</td>\\n\"",       "", ""rent_side side_mode player_card opponent_card  turn_number  \\\\\\n\"",        \""0     Opponent  PRESERVE   Bulbasaur         Eevee          9.0   \\n\"",        \""\\n\"",        \""   player_energy  opponent_energy  player_damage  opponent_damage  \\\\\\n\"",        \""0            3.0              3.0           32.0             20.0   \\n\"",        \""\\n\"",        \""   prize_cards_re"", "" </tr>\\n\"",        \""    <tr>\\n\"",        \""      <th>3</th>\\n\"",        \""      <td>opponent_card</td>\\n\"",        \""      <td>Eevee</td>\\n\"",        \""      <td>Eevee</td>\\n\"",        \""      <td>True</td>\\n\"",        \""    </tr>\\n\"",        \""    <tr>\\n\"",        \""      <th>4</th>\\n\"",        \""      <td>turn_number</td>\\n\"",        \""      <td>9.0</td>\\n\"",        \""      <td>"", ""      \""      <th>3</th>\\n\"",        \""      <td>opponent_card</td>\\n\"",        \""      <td>Eevee</td>\\n\"",        \""      <td>Eevee</td>\\n\"",        \""      <td>True</td>\\n\"",        \""    </tr>\\n\"",        \""    <tr>\\n\"",        \""      <th>4</th>\\n\"",        \""      <td>turn_number</td>\\n\"",        \""      <td>9.0</td>\\n\"",        \""      <td>9.0</td>\\n\"",        \""      <td>Tr""]",3
D:\02_AI_and_Data\Kaggle-AI-Agents\PTCG_AI_Battle_Challenge\notebooks\47_competitive_policy_training.ipynb,47_competitive_policy_training.ipynb,Charmander,33,"[""td>\\n\"",        \""      <td>1</td>\\n\"",        \""      <td>6</td>\\n\"",        \""      <td>Opponent</td>\\n\"",        \""      <td>Charmander</td>\\n\"",        \""      <td>Eevee</td>\\n\"",        \""      <td>2</td>\\n\"",        \""      <td>Flame Tail</td>\\n\"",        \""      <td>10000.00</td>\\n\"",        \""    </tr>\\n\"",        \""    <tr>\\n\"",        \""      <th>1</th>\\n\"",        \""    "", "">\\n\"",        \""      <td>7</td>\\n\"",        \""      <td>Player</td>\\n\"",        \""      <td>Eevee</td>\\n\"",        \""      <td>Charmander</td>\\n\"",        \""      <td>2</td>\\n\"",        \""      <td>Tail Whap</td>\\n\"",        \""      <td>-10000.00</td>\\n\"",        \""    </tr>\\n\"",        \""    <tr>\\n\"",        \""      <th>2</th>\\n\"",        \""      <td>2</td>\\n\"",        \""      <t"", ""td>\\n\"",        \""      <td>1</td>\\n\"",        \""      <td>8</td>\\n\"",        \""      <td>Opponent</td>\\n\"",        \""      <td>Charmander</td>\\n\"",        \""      <td>Eevee</td>\\n\"",        \""      <td>2</td>\\n\"",        \""      <td>Scratch</td>\\n\"",        \""      <td>10000.00</td>\\n\"",        \""    </tr>\\n\"",        \""    <tr>\\n\"",        \""      <th>3</th>\\n\"",        \""      <"", "">\\n\"",        \""      <td>9</td>\\n\"",        \""      <td>Player</td>\\n\"",        \""      <td>Eevee</td>\\n\"",        \""      <td>Charmander</td>\\n\"",        \""      <td>2</td>\\n\"",        \""      <td>Tail Whap</td>\\n\"",        \""      <td>-10000.00</td>\\n\"",        \""    </tr>\\n\"",        \""    <tr>\\n\"",        \""      <th>4</th>\\n\"",        \""      <td>4</td>\\n\"",        \""      <t"", ""d>\\n\"",        \""      <td>1</td>\\n\"",        \""      <td>10</td>\\n\"",        \""      <td>Opponent</td>\\n\"",        \""      <td>Charmander</td>\\n\"",        \""      <td>Eevee</td>\\n\"",        \""      <td>2</td>\\n\"",        \""      <td>Flame Tail</td>\\n\"",        \""      <td>10000.00</td>\\n\"",        \""    </tr>\\n\"",        \""    <tr>\\n\"",        \""      <th>5</th>\\n\"",        \""    ""]",3
D:\02_AI_and_Data\Kaggle-AI-Agents\PTCG_AI_Battle_Challenge\notebooks\51_policy_simulator_integration.ipynb,51_policy_simulator_integration.ipynb,Bulbasaur,32,"[""8_LOSS_152__late_game_prize_pressure__cf7b9d89b773\\n\"",       \""Current side     : Opponent\\n\"",       \""Player card      : Bulbasaur\\n\"",       \""Opponent card    : Eevee\\n\"",       \""Legal moves      : 2\\n\"",       \""Expert move      : Quick Attack\\n\"",       \""\\n\"",       \""EXTRACTED POLICY FEATURES\\n\"",       \""-----------------------------------------------------------"", ""        \""      <th>0</th>\\n\"",        \""      <td>Opponent</td>\\n\"",        \""      <td>PRESERVE</td>\\n\"",        \""      <td>Bulbasaur</td>\\n\"",        \""      <td>Eevee</td>\\n\"",        \""      <td>9.0</td>\\n\"",        \""      <td>3.0</td>\\n\"",        \""      <td>3.0</td>\\n\"",        \""      <td>32.0</td>\\n\"",        \""      <td>20.0</td>\\n\"",        \""      <td>2.0</td>\\n\"", "", ""\"": [        \""  current_side side_mode player_card opponent_card  turn_number  \\\\\\n\"",        \""0     Opponent  PRESERVE   Bulbasaur         Eevee          9.0   \\n\"",        \""\\n\"",        \""   player_energy  opponent_energy  player_damage  opponent_damage  \\\\\\n\"",        \""0            3.0              3.0           32.0             20.0   \\n\"",        \""\\n\"",        "", ""   </tr>\\n\"",        \""    <tr>\\n\"",        \""      <th>2</th>\\n\"",        \""      <td>player_card</td>\\n\"",        \""      <td>Bulbasaur</td>\\n\"",        \""      <td>Bulbasaur</td>\\n\"",        \""      <td>True</td>\\n\"",        \""    </tr>\\n\"",        \""    <tr>\\n\"",        \""      <th>3</th>\\n\"",        \""      <td>opponent_card</td>\\n\"",        \""      <td>Eevee</td>\\n\"",       "", ""    \""      <th>2</th>\\n\"",        \""      <td>player_card</td>\\n\"",        \""      <td>Bulbasaur</td>\\n\"",        \""      <td>Bulbasaur</td>\\n\"",        \""      <td>True</td>\\n\"",        \""    </tr>\\n\"",        \""    <tr>\\n\"",        \""      <th>3</th>\\n\"",        \""      <td>opponent_card</td>\\n\"",        \""      <td>Eevee</td>\\n\"",        \""      <td>Eevee</td>\\n\"",        \""  ""]",3
D:\02_AI_and_Data\Kaggle-AI-Agents\PTCG_AI_Battle_Challenge\notebooks\49_side_balanced_search_guided_self_play.ipynb,49_side_balanced_search_guided_self_play.ipynb,Charmander,31,"[""    \""      <td>actor_name</td>\\n\"",        \""      <td>object</td>\\n\"",        \""      <td>1000</td>\\n\"",        \""      <td>'Charmander'</td>\\n\"",        \""    </tr>\\n\"",        \""    <tr>\\n\"",        \""      <th>8</th>\\n\"",        \""      <td>defender_name</td>\\n\"",        \""      <td>object</td>\\n\"",        \""      <td>1000</td>\\n\"",        \""      <td>'Eevee'</td>\\n\"",      "", "",        \""6                                            'Player'  \\n\"",        \""7                                        'Charmander'  \\n\"",        \""8                                             'Eevee'  \\n\"",        \""9   array([0.81      , 0.3       , 0.16666667, 0.9...  \\n\"",        \""10  array([array([0.08, 0.1 , 0.  , 0.  , 0.  , 0....  \\n\"",        \""11     arr"", ""</td>\\n\"",        \""      <td>object</td>\\n\"",        \""      <td>4</td>\\n\"",        \""      <td>0</td>\\n\"",        \""      <td>Charmander | Bulbasaur | Meowth</td>\\n\"",        \""    </tr>\\n\"",        \""    <tr>\\n\"",        \""      <th>2</th>\\n\"",        \""      <td>opponent_card</td>\\n\"",        \""      <td>opponent_card</td>\\n\"",        \""      <td>object</td>\\n\"",        \""   "", ""          sample_values  \\n\"",        \""0              0                        2 | 4 | 6  \\n\"",        \""1              0  Charmander | Bulbasaur | Meowth  \\n\"",        \""2              0            Eevee | Eevee | Eevee  \\n\"",        \""3              0       Player | Opponent | Player  \\n\"",        \""4              0   Opponent | Opponent | Opponent  \\n\"",        \""5 "", ""\\n\"",        \""      <td>Competitive Policy</td>\\n\"",        \""      <td>Depth-6 Search Baseline</td>\\n\"",        \""      <td>Charmander</td>\\n\"",        \""      <td>Eevee</td>\\n\"",        \""      <td>Player</td>\\n\"",        \""      <td>Opponent</td>\\n\"",        \""      <td>Opponent</td>\\n\"",        \""      <td>Player</td>\\n\"",        \""      <td>...</td>\\n\"",        \""      <t""]",3
D:\02_AI_and_Data\Kaggle-AI-Agents\PTCG_AI_Battle_Challenge\notebooks\48_tournament_evaluation_and_elo_benchmarking.ipynb,48_tournament_evaluation_and_elo_benchmarking.ipynb,Charmander,31,"[""etitive Policy</td>\\n\"",        \""      <td>Random Baseline</td>\\n\"",        \""      <td>Pikachu</td>\\n\"",        \""      <td>Charmander</td>\\n\"",        \""      <td>Player</td>\\n\"",        \""      <td>Player</td>\\n\"",        \""      <td>3</td>\\n\"",        \""      <td>Battle reached a terminal state.</td>\\n\"",        \""      <td>1.0</td>\\n\"",        \""      <td>0</td>\\n\"",    "", "" Policy</td>\\n\"",        \""      <td>Greedy Damage Baseline</td>\\n\"",        \""      <td>Pikachu</td>\\n\"",        \""      <td>Charmander</td>\\n\"",        \""      <td>Player</td>\\n\"",        \""      <td>Player</td>\\n\"",        \""      <td>3</td>\\n\"",        \""      <td>Battle reached a terminal state.</td>\\n\"",        \""      <td>1.0</td>\\n\"",        \""      <td>0</td>\\n\"",    "", ""Policy</td>\\n\"",        \""      <td>Depth-6 Search Baseline</td>\\n\"",        \""      <td>Pikachu</td>\\n\"",        \""      <td>Charmander</td>\\n\"",        \""      <td>Player</td>\\n\"",        \""      <td>Player</td>\\n\"",        \""      <td>3</td>\\n\"",        \""      <td>Battle reached a terminal state.</td>\\n\"",        \""      <td>1.0</td>\\n\"",        \""      <td>0</td>\\n\"",    "", ""arch Baseline     Pikachu   \\n\"",        \""\\n\"",        \""  opponent_card starting_side  winner  turns  \\\\\\n\"",        \""0    Charmander        Player  Player      3   \\n\"",        \""1    Charmander        Player  Player      3   \\n\"",        \""2    Charmander        Player  Player      3   \\n\"",        \""\\n\"",        \""                        stop_reason  agent_result  f"", ""nent_card starting_side  winner  turns  \\\\\\n\"",        \""0    Charmander        Player  Player      3   \\n\"",        \""1    Charmander        Player  Player      3   \\n\"",        \""2    Charmander        Player  Player      3   \\n\"",        \""\\n\"",        \""                        stop_reason  agent_result  fallback_count  \\\\\\n\"",        \""0  Battle reached a terminal s""]",3
D:\02_AI_and_Data\Kaggle-AI-Agents\PTCG_AI_Battle_Challenge\notebooks\54_tournament_strength_optimization_clean.ipynb,54_tournament_strength_optimization_clean.ipynb,Meowth,25,"[""isions in genuine multi-action states.\\n\"",     \""3. Improve performance under HP pressure.\\n\"",     \""4. Improve Eevee and Meowth tactical behavior.\\n\"",     \""5. Add position-value and search-guided decision support.\\n\"",     \""6. Preserve the deterministic legality-aware routing architecture.\\n\"",     \""7. Preserve 100% legal production decisions.\""    ]   },   {   "", ""\""        \\\""active_card\\\""\\n\"",     \""    ].isin(\\n\"",     \""        [\\n\"",     \""            \\\""Eevee\\\"",\\n\"",     \""            \\\""Meowth\\\"",\\n\"",     \""        ]\\n\"",     \""    ).astype(float)\\n\"",     \""    * 2.0\\n\"",     \""    +\\n\"",     \""    (\\n\"",     \""        1.0\\n\"",     \""        - strategic_opportunity_df[\\n\"",     \""            \\\""confidence\\\""\\n\"",     \""        ].clip(\\n\"",   "", ""      section3a_losing_scenarios_df[\\n\"",     \""            \\\""player_card\\\""\\n\"",     \""        ].eq(\\n\"",     \""            \\\""Meowth\\\""\\n\"",     \""        ),\\n\"",     \""    ],\\n\"",     \""    [\\n\"",     \""        \\\""Add damage-maximizing or tempo-preserving alternative\\\"",\\n\"",     \""        \\\""Improve energy progression and low-energy action availability\\\"",\\n\"",     \""        \\\""A"", ""ability\\\"",\\n\"",     \""        \\\""Add survival, retreat, healing, or defensive tactical option\\\"",\\n\"",     \""        \\\""Expand Meowth beyond deterministic Tuck Tail routing\\\"",\\n\"",     \""    ],\\n\"",     \""    default=(\\n\"",     \""        \\\""Expand Player legal-action set and evaluate alternatives\\\""\\n\"",     \""    ),\\n\"",     \"")\\n\"",     \""\\n\"",     \""\\n\"",     \""print()\\n\"",     \""p"", ""es for the four tournament Pokémon:\\n\"",     \""\\n\"",     \""- Bulbasaur,\\n\"",     \""- Charmander,\\n\"",     \""- Eevee,\\n\"",     \""- Meowth.\\n\"",     \""\\n\"",     \""#### Candidate actions must:\\n\"",     \""\\n\"",     \""- come from an existing project data source,\\n\"",     \""- have a valid move name,\\n\"",     \""- have finite nonnegative damage,\\n\"",     \""- be attributable to one of the t""]",3
D:\02_AI_and_Data\Kaggle-AI-Agents\PTCG_AI_Battle_Challenge\notebooks\48_tournament_evaluation_and_elo_benchmarking.ipynb,48_tournament_evaluation_and_elo_benchmarking.ipynb,Eevee,25,"[""None,\\n\"",     \""            },\\n\"",     \""        ],\\n\"",     \""    },\\n\"",     \""\\n\"",     \""    {\\n\"",     \""        \\\""name\\\"": \\\""Eevee\\\"",\\n\"",     \""        \\\""hp\\\"": 100,\\n\"",     \""        \\\""attacks\\\"": [\\n\"",     \""            {\\n\"",     \""                \\\""Move Name\\\"":\\n\"",     \""                    \\\""Tail Whap\\\"",\\n\"",     \""                \\\""damage_numeric\\\"":\\n\"",     \""        "", ""h>1</th>\\n\"",        \""      <td>Depth-6 Search Baseline</td>\\n\"",        \""      <td>Charmander</td>\\n\"",        \""      <td>Eevee</td>\\n\"",        \""      <td>17</td>\\n\"",        \""      <td>0.470588</td>\\n\"",        \""      <td>8</td>\\n\"",        \""      <td>3.941176</td>\\n\"",        \""    </tr>\\n\"",        \""    <tr>\\n\"",        \""      <th>0</th>\\n\"",        \""      <td>Dept"", ""th>0</th>\\n\"",        \""      <td>Depth-6 Search Baseline</td>\\n\"",        \""      <td>Bulbasaur</td>\\n\"",        \""      <td>Eevee</td>\\n\"",        \""      <td>17</td>\\n\"",        \""      <td>0.000000</td>\\n\"",        \""      <td>0</td>\\n\"",        \""      <td>4.470588</td>\\n\"",        \""    </tr>\\n\"",        \""    <tr>\\n\"",        \""      <th>2</th>\\n\"",        \""      <td>Dept"", ""        \""    <tr>\\n\"",        \""      <th>2</th>\\n\"",        \""      <td>Depth-6 Search Baseline</td>\\n\"",        \""      <td>Eevee</td>\\n\"",        \""      <td>Charmander</td>\\n\"",        \""      <td>16</td>\\n\"",        \""      <td>0.500000</td>\\n\"",        \""      <td>8</td>\\n\"",        \""      <td>3.000000</td>\\n\"",        \""    </tr>\\n\"",        \""    <tr>\\n\"",        \""     "", ""  <th>3</th>\\n\"",        \""      <td>Depth-6 Search Baseline</td>\\n\"",        \""      <td>Meowth</td>\\n\"",        \""      <td>Eevee</td>\\n\"",        \""      <td>16</td>\\n\"",        \""      <td>0.500000</td>\\n\"",        \""      <td>8</td>\\n\"",        \""      <td>4.000000</td>\\n\"",        \""    </tr>\\n\"",        \""    <tr>\\n\"",        \""      <th>10</th>\\n\"",        \""      <td>Gre""]",3
D:\02_AI_and_Data\Kaggle-AI-Agents\PTCG_AI_Battle_Challenge\notebooks\54_tournament_strength_optimization_clean.ipynb,54_tournament_strength_optimization_clean.ipynb,Charmander,24,"[""#### This section validates candidate moves for the four tournament Pokémon:\\n\"",     \""\\n\"",     \""- Bulbasaur,\\n\"",     \""- Charmander,\\n\"",     \""- Eevee,\\n\"",     \""- Meowth.\\n\"",     \""\\n\"",     \""#### Candidate actions must:\\n\"",     \""\\n\"",     \""- come from an existing project data source,\\n\"",     \""- have a valid move name,\\n\"",     \""- have finite nonnegative damage,\\n"", ""------------------------------------\\n\"",     \""\\n\"",     \""TOURNAMENT_CARDS = [\\n\"",     \""    \\\""Bulbasaur\\\"",\\n\"",     \""    \\\""Charmander\\\"",\\n\"",     \""    \\\""Eevee\\\"",\\n\"",     \""    \\\""Meowth\\\"",\\n\"",     \""]\\n\"",     \""\\n\"",     \""\\n\"",     \""BENCHMARK_CARD_MOVES = {\\n\"",     \""    \\\""Bulbasaur\\\"": {\\n\"",     \""        \\\""Bind Down\\\"",\\n\"",     \""    },\\n\"",     \""\\n\"",     \""    \\\""Charmande"", ""K_CARD_MOVES = {\\n\"",     \""    \\\""Bulbasaur\\\"": {\\n\"",     \""        \\\""Bind Down\\\"",\\n\"",     \""    },\\n\"",     \""\\n\"",     \""    \\\""Charmander\\\"": {\\n\"",     \""        \\\""Live Coal\\\"",\\n\"",     \""    },\\n\"",     \""\\n\"",     \""    \\\""Eevee\\\"": {\\n\"",     \""        \\\""Ascension\\\"",\\n\"",     \""        \\\""Quick Attack\\\"",\\n\"",     \""    },\\n\"",     \""\\n\"",     \""    \\\""Meowth\\\"": {\\n\"",     \""        \\\""P"", ""--\\n\"",     \""\\n\"",     \""ISOLATED_TEST_HP = {\\n\"",     \""    \\\""Bulbasaur\\\"":\\n\"",     \""        200.0,\\n\"",     \""\\n\"",     \""    \\\""Charmander\\\"":\\n\"",     \""        200.0,\\n\"",     \""\\n\"",     \""    \\\""Eevee\\\"":\\n\"",     \""        200.0,\\n\"",     \""\\n\"",     \""    \\\""Meowth\\\"":\\n\"",     \""        200.0,\\n\"",     \""}\\n\"",     \""\\n\"",     \""\\n\"",     \""DUMMY_OPPONENT_HP = 500.0\\n\"",     \""\\n\"",     \"""", ""     \""\\n\"",     \""benchmark_damage_lookup = {\\n\"",     \""    \\\""Bulbasaur\\\"":\\n\"",     \""        10.0,\\n\"",     \""\\n\"",     \""    \\\""Charmander\\\"":\\n\"",     \""        20.0,\\n\"",     \""\\n\"",     \""    \\\""Eevee\\\"":\\n\"",     \""        20.0,\\n\"",     \""\\n\"",     \""    \\\""Meowth\\\"":\\n\"",     \""        0.0,\\n\"",     \""}\\n\"",     \""\\n\"",     \""\\n\"",     \""section4b_validated_candidate_catalog_df[\\n\"",    ""]",3
D:\02_AI_and_Data\Kaggle-AI-Agents\PTCG_AI_Battle_Challenge\notebooks\49_side_balanced_search_guided_self_play.ipynb,49_side_balanced_search_guided_self_play.ipynb,Meowth,23,"[""td>object</td>\\n\"",        \""      <td>4</td>\\n\"",        \""      <td>0</td>\\n\"",        \""      <td>Charmander | Bulbasaur | Meowth</td>\\n\"",        \""    </tr>\\n\"",        \""    <tr>\\n\"",        \""      <th>2</th>\\n\"",        \""      <td>opponent_card</td>\\n\"",        \""      <td>opponent_card</td>\\n\"",        \""      <td>object</td>\\n\"",        \""      <td>2</td>\\n\"",        "", ""\\n\"",        \""0              0                        2 | 4 | 6  \\n\"",        \""1              0  Charmander | Bulbasaur | Meowth  \\n\"",        \""2              0            Eevee | Eevee | Eevee  \\n\"",        \""3              0       Player | Opponent | Player  \\n\"",        \""4              0   Opponent | Opponent | Opponent  \\n\"",        \""5              0   Opponent"", ""\\n\"",        \""      <td>Competitive Policy</td>\\n\"",        \""      <td>Depth-6 Search Baseline</td>\\n\"",        \""      <td>Meowth</td>\\n\"",        \""      <td>Eevee</td>\\n\"",        \""      <td>Player</td>\\n\"",        \""      <td>Opponent</td>\\n\"",        \""      <td>Opponent</td>\\n\"",        \""      <td>Player</td>\\n\"",        \""      <td>...</td>\\n\"",        \""      <td>0<"", ""\\n\"",        \""      <td>Competitive Policy</td>\\n\"",        \""      <td>Depth-6 Search Baseline</td>\\n\"",        \""      <td>Meowth</td>\\n\"",        \""      <td>Eevee</td>\\n\"",        \""      <td>Player</td>\\n\"",        \""      <td>Opponent</td>\\n\"",        \""      <td>Opponent</td>\\n\"",        \""      <td>Player</td>\\n\"",        \""      <td>...</td>\\n\"",        \""      <td>0<"", ""\\n\"",        \""      <td>Competitive Policy</td>\\n\"",        \""      <td>Depth-6 Search Baseline</td>\\n\"",        \""      <td>Meowth</td>\\n\"",        \""      <td>Eevee</td>\\n\"",        \""      <td>Player</td>\\n\"",        \""      <td>Opponent</td>\\n\"",        \""      <td>Opponent</td>\\n\"",        \""      <td>Player</td>\\n\"",        \""      <td>...</td>\\n\"",        \""      <td>0<""]",3
D:\02_AI_and_Data\Kaggle-AI-Agents\PTCG_AI_Battle_Challenge\notebooks\28_self_play_training_pipeline.ipynb,28_self_play_training_pipeline.ipynb,Eevee,16,"[""pt\\n\"",       \"" - current_state\\n\"",       \"" - damage\\n\"",       \"" - decision\\n\"",       \"" - decision_summary\\n\"",       \"" - eevee_ex_card\\n\"",       \"" - electrike_card\\n\"",       \"" - expected_columns\\n\"",       \"" - final_state\\n\"",       \"" - future_battle_state\\n\"",       \"" - history_csv_path\\n\"",       \"" - legal_moves\\n\"",       \"" - lines\\n\"",       \"" - move\\n\"",       "", "" more imports\\n\"",       \""\\n\"",       \""Assigned names:\\n\"",       \"" - PROJECT_ROOT\\n\"",       \"" - REPORTS_DIR\\n\"",       \"" - eevee_ex_card\\n\"",       \"" - electrike_card\\n\"",       \"" - engine\\n\"",       \"" - initial_state\\n\"",       \"" - match\\n\"",       \"" - notebook13_required_files\\n\"",       \"" - opponent_active\\n\"",       \"" - opponent_agent\\n\"",       \"" - opponent_state\\"", ""lable\\n\"",       \""✅ Tournament test cards created.\\n\"",       \""✅ Fresh tournament test battle created.\\n\"",       \""Player: Eevee ex\\n\"",       \""Opponent: Electrike\\n\"",       \""Starting side: Player\\n\"",       \""✅ Pokémon move key ready: ('Evolution Burst', 60.0, 2)\\n\"",       \""✅ Tournament battle agent created.\\n\"",       \""<class 'src.battle_agent.PokemonBattleAgent'"", ""Production two-agent match runner imported.\\n\"",       \""Runner module: src.tournament.runner\\n\"",       \""Turn 1: Player — Eevee ex used Evolution Burst\\n\"",       \""  Player HP: 200.0 | Opponent HP: 10.0\\n\"",       \""Turn 2: Opponent — Electrike used Thunder Jolt\\n\"",       \""  Player HP: 170.0 | Opponent HP: 10.0\\n\"",       \""Turn 3: Player — Eevee ex used Evolution "", ""2: Opponent — Electrike used Thunder Jolt\\n\"",       \""  Player HP: 170.0 | Opponent HP: 10.0\\n\"",       \""Turn 3: Player — Eevee ex used Evolution Burst\\n\"",       \""  Player HP: 170.0 | Opponent HP: 0.0\\n\"",       \""\\n\"",       \""======================================================================\\n\"",       \""TRUE TWO-AGENT MATCH RESULT\\n\"",       \""=================""]",3
D:\02_AI_and_Data\Kaggle-AI-Agents\PTCG_AI_Battle_Challenge\notebooks\46_competitive_policy_upgrade.ipynb,46_competitive_policy_upgrade.ipynb,Meowth,15,"[""       \""      <td>44</td>\\n\"",        \""    </tr>\\n\"",        \""    <tr>\\n\"",        \""      <th>5</th>\\n\"",        \""      <td>Meowth</td>\\n\"",        \""      <td>Bulbasaur</td>\\n\"",        \""      <td>42</td>\\n\"",        \""    </tr>\\n\"",        \""    <tr>\\n\"",        \""      <th>6</th>\\n\"",        \""      <td>Pikachu</td>\\n\"",        \""      <td>Eevee</td>\\n\"",        \""      <td"", ""       \""      <td>42</td>\\n\"",        \""    </tr>\\n\"",        \""    <tr>\\n\"",        \""      <th>7</th>\\n\"",        \""      <td>Meowth</td>\\n\"",        \""      <td>Eevee</td>\\n\"",        \""      <td>40</td>\\n\"",        \""    </tr>\\n\"",        \""    <tr>\\n\"",        \""      <th>8</th>\\n\"",        \""      <td>Bulbasaur</td>\\n\"",        \""      <td>Eevee</td>\\n\"",        \""      <td>4"", ""       \""      <td>40</td>\\n\"",        \""    </tr>\\n\"",        \""    <tr>\\n\"",        \""      <th>9</th>\\n\"",        \""      <td>Meowth</td>\\n\"",        \""      <td>Squirtle</td>\\n\"",        \""      <td>37</td>\\n\"",        \""    </tr>\\n\"",        \""    <tr>\\n\"",        \""      <th>10</th>\\n\"",        \""      <td>Pikachu</td>\\n\"",        \""      <td>Squirtle</td>\\n\"",        \""      "", ""\""    </tr>\\n\"",        \""    <tr>\\n\"",        \""      <th>14</th>\\n\"",        \""      <td>Squirtle</td>\\n\"",        \""      <td>Meowth</td>\\n\"",        \""      <td>32</td>\\n\"",        \""    </tr>\\n\"",        \""    <tr>\\n\"",        \""      <th>15</th>\\n\"",        \""      <td>Eevee</td>\\n\"",        \""      <td>Charmander</td>\\n\"",        \""      <td>30</td>\\n\"",        \""    </tr>\\n\"""", ""   \""    </tr>\\n\"",        \""    <tr>\\n\"",        \""      <th>18</th>\\n\"",        \""      <td>Eevee</td>\\n\"",        \""      <td>Meowth</td>\\n\"",        \""      <td>29</td>\\n\"",        \""    </tr>\\n\"",        \""    <tr>\\n\"",        \""      <th>19</th>\\n\"",        \""      <td>Meowth</td>\\n\"",        \""      <td>Charmander</td>\\n\"",        \""      <td>27</td>\\n\"",        \""    </tr>\\n""]",3
D:\02_AI_and_Data\Kaggle-AI-Agents\PTCG_AI_Battle_Challenge\reports\notebook52\section5\expanded_transcripts\T52_S008__ENERGY_PRESSURE_transcript.txt,T52_S008__ENERGY_PRESSURE_transcript.txt,Charmander,15,"[""t: 80.0   Next side: Opponent ---------------------------------------------------------------------- Turn 5: Opponent — Charmander used Pass   Damage: 0.0   Search score: 0.70   Search depth: 0   Nodes searched: 1   HP after move — Player: 50.0, Opponent: 80.0   Next side: Player ---------------------------------------------------------------------- Turn 6: "", ""t: 80.0   Next side: Opponent ---------------------------------------------------------------------- Turn 7: Opponent — Charmander used Pass   Damage: 0.0   Search score: 0.64   Search depth: 0   Nodes searched: 1   HP after move — Player: 50.0, Opponent: 80.0   Next side: Player ---------------------------------------------------------------------- Turn 8: "", ""t: 80.0   Next side: Opponent ---------------------------------------------------------------------- Turn 9: Opponent — Charmander used Pass   Damage: 0.0   Search score: 0.62   Search depth: 0   Nodes searched: 1   HP after move — Player: 50.0, Opponent: 80.0   Next side: Player ---------------------------------------------------------------------- Turn 10:"", "": 80.0   Next side: Opponent ---------------------------------------------------------------------- Turn 11: Opponent — Charmander used Pass   Damage: 0.0   Search score: 0.62   Search depth: 0   Nodes searched: 1   HP after move — Player: 50.0, Opponent: 80.0   Next side: Player ---------------------------------------------------------------------- Turn 12:"", "": 80.0   Next side: Opponent ---------------------------------------------------------------------- Turn 13: Opponent — Charmander used Pass   Damage: 0.0   Search score: 0.62   Search depth: 0   Nodes searched: 1   HP after move — Player: 50.0, Opponent: 80.0   Next side: Player ---------------------------------------------------------------------- Turn 14:""]",3
D:\02_AI_and_Data\Kaggle-AI-Agents\PTCG_AI_Battle_Challenge\reports\notebook52\section5\expanded_transcripts\T52_S008__ENERGY_PRESSURE_transcript.txt,T52_S008__ENERGY_PRESSURE_transcript.txt,Eevee,15,"[""== POKÉMON AI BATTLE TRANSCRIPT ====================================================================== Turn 4: Player — Eevee used Ascension   Damage: 0.0   Search score: 0.73   Search depth: 0   Nodes searched: 1   HP after move — Player: 50.0, Opponent: 80.0   Next side: Opponent ---------------------------------------------------------------------- Turn 5"", ""onent: 80.0   Next side: Player ---------------------------------------------------------------------- Turn 6: Player — Eevee used Ascension   Damage: 0.0   Search score: 0.68   Search depth: 0   Nodes searched: 1   HP after move — Player: 50.0, Opponent: 80.0   Next side: Opponent ---------------------------------------------------------------------- Turn 7"", ""onent: 80.0   Next side: Player ---------------------------------------------------------------------- Turn 8: Player — Eevee used Ascension   Damage: 0.0   Search score: 0.65   Search depth: 0   Nodes searched: 1   HP after move — Player: 50.0, Opponent: 80.0   Next side: Opponent ---------------------------------------------------------------------- Turn 9"", ""nent: 80.0   Next side: Player ---------------------------------------------------------------------- Turn 10: Player — Eevee used Ascension   Damage: 0.0   Search score: 0.63   Search depth: 0   Nodes searched: 1   HP after move — Player: 50.0, Opponent: 80.0   Next side: Opponent ---------------------------------------------------------------------- Turn 1"", ""nent: 80.0   Next side: Player ---------------------------------------------------------------------- Turn 12: Player — Eevee used Ascension   Damage: 0.0   Search score: 0.63   Search depth: 0   Nodes searched: 1   HP after move — Player: 50.0, Opponent: 80.0   Next side: Opponent ---------------------------------------------------------------------- Turn 1""]",3
D:\02_AI_and_Data\Kaggle-AI-Agents\PTCG_AI_Battle_Challenge\reports\notebook52\section5\expanded_transcripts\T52_S005__ENERGY_PRESSURE_transcript.txt,T52_S005__ENERGY_PRESSURE_transcript.txt,Bulbasaur,15,"[""t: 80.0   Next side: Opponent ---------------------------------------------------------------------- Turn 4: Opponent — Bulbasaur used Pass   Damage: 0.0   Search score: 0.59   Search depth: 0   Nodes searched: 1   HP after move — Player: 60.0, Opponent: 80.0   Next side: Player ---------------------------------------------------------------------- Turn 5: P"", ""t: 80.0   Next side: Opponent ---------------------------------------------------------------------- Turn 6: Opponent — Bulbasaur used Pass   Damage: 0.0   Search score: 0.56   Search depth: 0   Nodes searched: 1   HP after move — Player: 60.0, Opponent: 80.0   Next side: Player ---------------------------------------------------------------------- Turn 7: P"", ""t: 80.0   Next side: Opponent ---------------------------------------------------------------------- Turn 8: Opponent — Bulbasaur used Pass   Damage: 0.0   Search score: 0.52   Search depth: 0   Nodes searched: 1   HP after move — Player: 60.0, Opponent: 80.0   Next side: Player ---------------------------------------------------------------------- Turn 9: P"", "": 80.0   Next side: Opponent ---------------------------------------------------------------------- Turn 10: Opponent — Bulbasaur used Pass   Damage: 0.0   Search score: 0.50   Search depth: 0   Nodes searched: 1   HP after move — Player: 60.0, Opponent: 80.0   Next side: Player ---------------------------------------------------------------------- Turn 11: "", "": 80.0   Next side: Opponent ---------------------------------------------------------------------- Turn 12: Opponent — Bulbasaur used Pass   Damage: 0.0   Search score: 0.50   Search depth: 0   Nodes searched: 1   HP after move — Player: 60.0, Opponent: 80.0   Next side: Player ---------------------------------------------------------------------- Turn 13: ""]",3
D:\02_AI_and_Data\Kaggle-AI-Agents\PTCG_AI_Battle_Challenge\reports\notebook52\section5\expanded_transcripts\T52_S005__ENERGY_PRESSURE_transcript.txt,T52_S005__ENERGY_PRESSURE_transcript.txt,Meowth,15,"[""== POKÉMON AI BATTLE TRANSCRIPT ====================================================================== Turn 3: Player — Meowth used Tuck Tail   Damage: 0.0   Search score: 0.57   Search depth: 0   Nodes searched: 1   HP after move — Player: 60.0, Opponent: 80.0   Next side: Opponent ---------------------------------------------------------------------- Turn "", ""onent: 80.0   Next side: Player ---------------------------------------------------------------------- Turn 5: Player — Meowth used Tuck Tail   Damage: 0.0   Search score: 0.57   Search depth: 0   Nodes searched: 1   HP after move — Player: 60.0, Opponent: 80.0   Next side: Opponent ---------------------------------------------------------------------- Turn "", ""onent: 80.0   Next side: Player ---------------------------------------------------------------------- Turn 7: Player — Meowth used Tuck Tail   Damage: 0.0   Search score: 0.50   Search depth: 0   Nodes searched: 1   HP after move — Player: 60.0, Opponent: 80.0   Next side: Opponent ---------------------------------------------------------------------- Turn "", ""onent: 80.0   Next side: Player ---------------------------------------------------------------------- Turn 9: Player — Meowth used Tuck Tail   Damage: 0.0   Search score: 0.48   Search depth: 0   Nodes searched: 1   HP after move — Player: 60.0, Opponent: 80.0   Next side: Opponent ---------------------------------------------------------------------- Turn "", ""nent: 80.0   Next side: Player ---------------------------------------------------------------------- Turn 11: Player — Meowth used Tuck Tail   Damage: 0.0   Search score: 0.48   Search depth: 0   Nodes searched: 1   HP after move — Player: 60.0, Opponent: 80.0   Next side: Opponent ---------------------------------------------------------------------- Turn ""]",3
D:\02_AI_and_Data\Kaggle-AI-Agents\PTCG_AI_Battle_Challenge\reports\notebook52\section5\expanded_transcripts\T52_S006__ENERGY_PRESSURE_transcript.txt,T52_S006__ENERGY_PRESSURE_transcript.txt,Bulbasaur,15,"["" POKÉMON AI BATTLE TRANSCRIPT ====================================================================== Turn 3: Opponent — Bulbasaur used Pass   Damage: 0.0   Search score: 0.59   Search depth: 0   Nodes searched: 1   HP after move — Player: 60.0, Opponent: 80.0   Next side: Player ---------------------------------------------------------------------- Turn 4: P"", ""t: 80.0   Next side: Opponent ---------------------------------------------------------------------- Turn 5: Opponent — Bulbasaur used Pass   Damage: 0.0   Search score: 0.59   Search depth: 0   Nodes searched: 1   HP after move — Player: 60.0, Opponent: 80.0   Next side: Player ---------------------------------------------------------------------- Turn 6: P"", ""t: 80.0   Next side: Opponent ---------------------------------------------------------------------- Turn 7: Opponent — Bulbasaur used Pass   Damage: 0.0   Search score: 0.52   Search depth: 0   Nodes searched: 1   HP after move — Player: 60.0, Opponent: 80.0   Next side: Player ---------------------------------------------------------------------- Turn 8: P"", ""t: 80.0   Next side: Opponent ---------------------------------------------------------------------- Turn 9: Opponent — Bulbasaur used Pass   Damage: 0.0   Search score: 0.50   Search depth: 0   Nodes searched: 1   HP after move — Player: 60.0, Opponent: 80.0   Next side: Player ---------------------------------------------------------------------- Turn 10: "", "": 80.0   Next side: Opponent ---------------------------------------------------------------------- Turn 11: Opponent — Bulbasaur used Pass   Damage: 0.0   Search score: 0.50   Search depth: 0   Nodes searched: 1   HP after move — Player: 60.0, Opponent: 80.0   Next side: Player ---------------------------------------------------------------------- Turn 12: ""]",3
D:\02_AI_and_Data\Kaggle-AI-Agents\PTCG_AI_Battle_Challenge\reports\notebook52\section5\expanded_transcripts\T52_S006__ENERGY_PRESSURE_transcript.txt,T52_S006__ENERGY_PRESSURE_transcript.txt,Meowth,15,"[""onent: 80.0   Next side: Player ---------------------------------------------------------------------- Turn 4: Player — Meowth used Tuck Tail   Damage: 0.0   Search score: 0.57   Search depth: 0   Nodes searched: 1   HP after move — Player: 60.0, Opponent: 80.0   Next side: Opponent ---------------------------------------------------------------------- Turn "", ""onent: 80.0   Next side: Player ---------------------------------------------------------------------- Turn 6: Player — Meowth used Tuck Tail   Damage: 0.0   Search score: 0.54   Search depth: 0   Nodes searched: 1   HP after move — Player: 60.0, Opponent: 80.0   Next side: Opponent ---------------------------------------------------------------------- Turn "", ""onent: 80.0   Next side: Player ---------------------------------------------------------------------- Turn 8: Player — Meowth used Tuck Tail   Damage: 0.0   Search score: 0.49   Search depth: 0   Nodes searched: 1   HP after move — Player: 60.0, Opponent: 80.0   Next side: Opponent ---------------------------------------------------------------------- Turn "", ""nent: 80.0   Next side: Player ---------------------------------------------------------------------- Turn 10: Player — Meowth used Tuck Tail   Damage: 0.0   Search score: 0.48   Search depth: 0   Nodes searched: 1   HP after move — Player: 60.0, Opponent: 80.0   Next side: Opponent ---------------------------------------------------------------------- Turn "", ""nent: 80.0   Next side: Player ---------------------------------------------------------------------- Turn 12: Player — Meowth used Tuck Tail   Damage: 0.0   Search score: 0.48   Search depth: 0   Nodes searched: 1   HP after move — Player: 60.0, Opponent: 80.0   Next side: Opponent ---------------------------------------------------------------------- Turn ""]",3
D:\02_AI_and_Data\Kaggle-AI-Agents\PTCG_AI_Battle_Challenge\notebooks\50_side_balanced_policy_fine_tuning.ipynb,50_side_balanced_policy_fine_tuning.ipynb,Eevee,14,"[""\""      <td>Opponent</td>\\n\"",        \""      <td>PRESERVE</td>\\n\"",        \""      <td>Bulbasaur</td>\\n\"",        \""      <td>Eevee</td>\\n\"",        \""      <td>5</td>\\n\"",        \""      <td>2</td>\\n\"",        \""      <td>2</td>\\n\"",        \""      <td>20.0</td>\\n\"",        \""      <td>12.5</td>\\n\"",        \""      <td>4</td>\\n\"",        \""      <td>5</td>\\n\"",        \""      <t"", ""      \""      <td>Player</td>\\n\"",        \""      <td>FLIP</td>\\n\"",        \""      <td>Bulbasaur</td>\\n\"",        \""      <td>Eevee</td>\\n\"",        \""      <td>3</td>\\n\"",        \""      <td>1</td>\\n\"",        \""      <td>1</td>\\n\"",        \""      <td>8.0</td>\\n\"",        \""      <td>5.0</td>\\n\"",        \""      <td>5</td>\\n\"",        \""      <td>6</td>\\n\"",        \""      <td>"", ""      \""      <td>Player</td>\\n\"",        \""      <td>FLIP</td>\\n\"",        \""      <td>Bulbasaur</td>\\n\"",        \""      <td>Eevee</td>\\n\"",        \""      <td>8</td>\\n\"",        \""      <td>3</td>\\n\"",        \""      <td>3</td>\\n\"",        \""      <td>36.0</td>\\n\"",        \""      <td>22.5</td>\\n\"",        \""      <td>3</td>\\n\"",        \""      <td>4</td>\\n\"",        \""      <t"", ""\""      <td>Opponent</td>\\n\"",        \""      <td>PRESERVE</td>\\n\"",        \""      <td>Bulbasaur</td>\\n\"",        \""      <td>Eevee</td>\\n\"",        \""      <td>10</td>\\n\"",        \""      <td>4</td>\\n\"",        \""      <td>4</td>\\n\"",        \""      <td>56.0</td>\\n\"",        \""      <td>27.5</td>\\n\"",        \""      <td>2</td>\\n\"",        \""      <td>3</td>\\n\"",        \""      <"", ""\""      <td>Opponent</td>\\n\"",        \""      <td>PRESERVE</td>\\n\"",        \""      <td>Bulbasaur</td>\\n\"",        \""      <td>Eevee</td>\\n\"",        \""      <td>3</td>\\n\"",        \""      <td>1</td>\\n\"",        \""      <td>2</td>\\n\"",        \""      <td>12.0</td>\\n\"",        \""      <td>2.5</td>\\n\"",        \""      <td>5</td>\\n\"",        \""      <td>6</td>\\n\"",        \""      <td""]",3
D:\02_AI_and_Data\Kaggle-AI-Agents\PTCG_AI_Battle_Challenge\notebooks\50_side_balanced_policy_fine_tuning.ipynb,50_side_balanced_policy_fine_tuning.ipynb,Bulbasaur,12,"[""<td>balanced_midgame</td>\\n\"",        \""      <td>Opponent</td>\\n\"",        \""      <td>PRESERVE</td>\\n\"",        \""      <td>Bulbasaur</td>\\n\"",        \""      <td>Eevee</td>\\n\"",        \""      <td>5</td>\\n\"",        \""      <td>2</td>\\n\"",        \""      <td>2</td>\\n\"",        \""      <td>20.0</td>\\n\"",        \""      <td>12.5</td>\\n\"",        \""      <td>4</td>\\n\"",        \"""", "">counterfactual_side_early</td>\\n\"",        \""      <td>Player</td>\\n\"",        \""      <td>FLIP</td>\\n\"",        \""      <td>Bulbasaur</td>\\n\"",        \""      <td>Eevee</td>\\n\"",        \""      <td>3</td>\\n\"",        \""      <td>1</td>\\n\"",        \""      <td>1</td>\\n\"",        \""      <td>8.0</td>\\n\"",        \""      <td>5.0</td>\\n\"",        \""      <td>5</td>\\n\"",        \""  "", ""d>counterfactual_side_late</td>\\n\"",        \""      <td>Player</td>\\n\"",        \""      <td>FLIP</td>\\n\"",        \""      <td>Bulbasaur</td>\\n\"",        \""      <td>Eevee</td>\\n\"",        \""      <td>8</td>\\n\"",        \""      <td>3</td>\\n\"",        \""      <td>3</td>\\n\"",        \""      <td>36.0</td>\\n\"",        \""      <td>22.5</td>\\n\"",        \""      <td>3</td>\\n\"",        \"""", ""critical_hp_decision</td>\\n\"",        \""      <td>Opponent</td>\\n\"",        \""      <td>PRESERVE</td>\\n\"",        \""      <td>Bulbasaur</td>\\n\"",        \""      <td>Eevee</td>\\n\"",        \""      <td>10</td>\\n\"",        \""      <td>4</td>\\n\"",        \""      <td>4</td>\\n\"",        \""      <td>56.0</td>\\n\"",        \""      <td>27.5</td>\\n\"",        \""      <td>2</td>\\n\"",        "", ""  <td>early_pressure</td>\\n\"",        \""      <td>Opponent</td>\\n\"",        \""      <td>PRESERVE</td>\\n\"",        \""      <td>Bulbasaur</td>\\n\"",        \""      <td>Eevee</td>\\n\"",        \""      <td>3</td>\\n\"",        \""      <td>1</td>\\n\"",        \""      <td>2</td>\\n\"",        \""      <td>12.0</td>\\n\"",        \""      <td>2.5</td>\\n\"",        \""      <td>5</td>\\n\"",        \"" ""]",3
D:\02_AI_and_Data\Kaggle-AI-Agents\PTCG_AI_Battle_Challenge\notebooks\47_competitive_policy_training.ipynb,47_competitive_policy_training.ipynb,Bulbasaur,12,"["",        \""      <td>352</td>\\n\"",        \""      <td>Player</td>\\n\"",        \""      <td>Pikachu</td>\\n\"",        \""      <td>Bulbasaur</td>\\n\"",        \""      <td>Quick Attack | Thunderbolt</td>\\n\"",        \""      <td>Quick Attack</td>\\n\"",        \""      <td>Thunderbolt</td>\\n\"",        \""      <td>0.583725</td>\\n\"",        \""      <td>0.167451</td>\\n\"",        \""      <t"", "",        \""      <td>169</td>\\n\"",        \""      <td>Opponent</td>\\n\"",        \""      <td>Eevee</td>\\n\"",        \""      <td>Bulbasaur</td>\\n\"",        \""      <td>Tail Whap | Bite</td>\\n\"",        \""      <td>Tail Whap</td>\\n\"",        \""      <td>Bite</td>\\n\"",        \""      <td>0.580525</td>\\n\"",        \""      <td>0.161050</td>\\n\"",        \""      <td>583.50</td>\\n\"",   "", ""      \""      <td>234</td>\\n\"",        \""      <td>Player</td>\\n\"",        \""      <td>Charmander</td>\\n\"",        \""      <td>Bulbasaur</td>\\n\"",        \""      <td>Scratch | Flame Tail</td>\\n\"",        \""      <td>Scratch</td>\\n\"",        \""      <td>Flame Tail</td>\\n\"",        \""      <td>0.580397</td>\\n\"",        \""      <td>0.160794</td>\\n\"",        \""      <td>487.00</td"", ""      \""      <td>8</td>\\n\"",        \""      <td>Opponent</td>\\n\"",        \""      <td>Charmander</td>\\n\"",        \""      <td>Bulbasaur</td>\\n\"",        \""      <td>Scratch | Flame Tail</td>\\n\"",        \""      <td>Scratch</td>\\n\"",        \""      <td>Flame Tail</td>\\n\"",        \""      <td>0.569969</td>\\n\"",        \""      <td>0.139937</td>\\n\"",        \""      <td>-10000.00<"", ""n\"",        \""      <td>410</td>\\n\"",        \""      <td>146</td>\\n\"",        \""      <td>Opponent</td>\\n\"",        \""      <td>Bulbasaur</td>\\n\"",        \""      <td>Pikachu</td>\\n\"",        \""      <td>Vine Whip | Razor Leaf</td>\\n\"",        \""      <td>Razor Leaf</td>\\n\"",        \""      <td>Vine Whip</td>\\n\"",        \""      <td>0.526533</td>\\n\"",        \""      <td>0.05306""]",3
D:\02_AI_and_Data\Kaggle-AI-Agents\PTCG_AI_Battle_Challenge\notebooks\47_competitive_policy_training.ipynb,47_competitive_policy_training.ipynb,Meowth,12,"[""    \""      <td>161</td>\\n\"",        \""      <td>Opponent</td>\\n\"",        \""      <td>Charmander</td>\\n\"",        \""      <td>Meowth</td>\\n\"",        \""      <td>Scratch | Flame Tail</td>\\n\"",        \""      <td>Scratch</td>\\n\"",        \""      <td>Flame Tail</td>\\n\"",        \""      <td>0.579328</td>\\n\"",        \""      <td>0.158655</td>\\n\"",        \""      <td>681.50</td>\\n"", ""n\"",        \""      <td>552</td>\\n\"",        \""      <td>206</td>\\n\"",        \""      <td>Opponent</td>\\n\"",        \""      <td>Meowth</td>\\n\"",        \""      <td>Squirtle</td>\\n\"",        \""      <td>Scratch | Fury Swipes</td>\\n\"",        \""      <td>Scratch</td>\\n\"",        \""      <td>Fury Swipes</td>\\n\"",        \""      <td>0.574678</td>\\n\"",        \""      <td>0.149355</t"", ""n\"",        \""      <td>551</td>\\n\"",        \""      <td>206</td>\\n\"",        \""      <td>Opponent</td>\\n\"",        \""      <td>Meowth</td>\\n\"",        \""      <td>Squirtle</td>\\n\"",        \""      <td>Scratch | Fury Swipes</td>\\n\"",        \""      <td>Scratch</td>\\n\"",        \""      <td>Fury Swipes</td>\\n\"",        \""      <td>0.574656</td>\\n\"",        \""      <td>0.149312</t"", ""\\n\"",        \""      <td>112</td>\\n\"",        \""      <td>40</td>\\n\"",        \""      <td>Opponent</td>\\n\"",        \""      <td>Meowth</td>\\n\"",        \""      <td>Eevee</td>\\n\"",        \""      <td>Scratch | Fury Swipes</td>\\n\"",        \""      <td>Scratch</td>\\n\"",        \""      <td>Fury Swipes</td>\\n\"",        \""      <td>0.573588</td>\\n\"",        \""      <td>0.147176</td>\\"", ""    \""      <td>131</td>\\n\"",        \""      <td>Opponent</td>\\n\"",        \""      <td>Charmander</td>\\n\"",        \""      <td>Meowth</td>\\n\"",        \""      <td>Scratch | Flame Tail</td>\\n\"",        \""      <td>Scratch</td>\\n\"",        \""      <td>Flame Tail</td>\\n\"",        \""      <td>0.569969</td>\\n\"",        \""      <td>0.139937</td>\\n\"",        \""      <td>570.50</td>\\n""]",3
D:\02_AI_and_Data\Kaggle-AI-Agents\PTCG_AI_Battle_Challenge\notebooks\08_ai_decision_agent.ipynb,08_ai_decision_agent.ipynb,Eevee,12,"[""f Items: 60\\n\"",       \""\\n\"",       \""Item 0\\n\"",       \""Item Type: dict\\n\"",       \""Item Preview: {'card_id': 249, 'name': 'Eevee ex', 'category': 'Pokémon', 'stage': 'Basic Pokémon', 'hp': 200.0, 'type': 'Colorless', 'weakness': 'Fighting', 'resistance': nan, 'retreat': 1.0, 'overall_score': 101.5, 'attacks': [{'Move Name': '[Tera]', 'Cost': nan, 'Damage': nan,"", ""\""output_type\"": \""stream\"",      \""text\"": [       \""Battle state successfully created.\\n\"",       \""\\n\"",       \""Player Active: Eevee ex\\n\"",       \""Player Active HP: 200.0\\n\"",       \""Player Bench: ['Sawsbuck', 'Blitzle']\\n\"",       \""\\n\"",       \""Opponent Active: Electrike\\n\"",       \""Opponent Active HP: 70.0\\n\"",       \""\\n\"",       \""Turn Number: 1\\n\"",       \""Current Play"", "": {},    \""outputs\"": [     {      \""name\"": \""stdout\"",      \""output_type\"": \""stream\"",      \""text\"": [       \""Player Pokémon : Eevee ex\\n\"",       \""Score : 156.5\\n\"",       \""\\n\"",       \""Opponent Pokémon : Electrike\\n\"",       \""Score : 120.5\\n\""      ]     }    ],    \""source\"": [     \""player_score = evaluate_pokemon(\\n\"",     \""    battle.player.active\\n\"",     \"")\\n\"",     \"""", ""\"": {},    \""outputs\"": [     {      \""name\"": \""stdout\"",      \""output_type\"": \""stream\"",      \""text\"": [       \""Active Pokémon: Eevee ex\\n\"",       \""\\n\"",       \""Attack: [Tera]\\n\"",       \""Damage: 0.0\\n\"",       \""Energy Required: 0\\n\"",       \""Usable: True\\n\"",       \""Score: 35.0\\n\"",       \""--------------------------------------------------\\n\"",       \""Attack: [Ability] Ra"", "" AGENT TEST\\n\"",       \""============================================================\\n\"",       \""Player Pokémon Score   : Eevee ex = 156.5\\n\"",       \""Opponent Pokémon Score : Electrike = 120.5\\n\"",       \""\\n\"",       \""Attack Evaluations:\\n\"",       \""- [Tera]: score=35.0, usable=True\\n\"",       \""- [Ability] Rainbow DNA: score=35.0, usable=True\\n\"",       \""- Coruscat""]",3
D:\02_AI_and_Data\Kaggle-AI-Agents\PTCG_AI_Battle_Challenge\notebooks\27_full_game_simulation.ipynb,27_full_game_simulation.ipynb,Eevee,10,"[""pt\\n\"",       \"" - current_state\\n\"",       \"" - damage\\n\"",       \"" - decision\\n\"",       \"" - decision_summary\\n\"",       \"" - eevee_ex_card\\n\"",       \"" - electrike_card\\n\"",       \"" - expected_columns\\n\"",       \"" - final_state\\n\"",       \"" - future_battle_state\\n\"",       \"" - history_csv_path\\n\"",       \"" - legal_moves\\n\"",       \"" - lines\\n\"",       \"" - move\\n\"",       "", "" more imports\\n\"",       \""\\n\"",       \""Assigned names:\\n\"",       \"" - PROJECT_ROOT\\n\"",       \"" - REPORTS_DIR\\n\"",       \"" - eevee_ex_card\\n\"",       \"" - electrike_card\\n\"",       \"" - engine\\n\"",       \"" - initial_state\\n\"",       \"" - match\\n\"",       \"" - notebook13_required_files\\n\"",       \"" - opponent_active\\n\"",       \"" - opponent_agent\\n\"",       \"" - opponent_state\\"", ""lable\\n\"",       \""✅ Tournament test cards created.\\n\"",       \""✅ Fresh tournament test battle created.\\n\"",       \""Player: Eevee ex\\n\"",       \""Opponent: Electrike\\n\"",       \""Starting side: Player\\n\"",       \""✅ Pokémon move key ready: ('Evolution Burst', 60.0, 2)\\n\"",       \""✅ Tournament battle agent created.\\n\"",       \""<class 'src.battle_agent.PokemonBattleAgent'"", ""Production two-agent match runner imported.\\n\"",       \""Runner module: src.tournament.runner\\n\"",       \""Turn 1: Player — Eevee ex used Evolution Burst\\n\"",       \""  Player HP: 200.0 | Opponent HP: 10.0\\n\"",       \""Turn 2: Opponent — Electrike used Thunder Jolt\\n\"",       \""  Player HP: 170.0 | Opponent HP: 10.0\\n\"",       \""Turn 3: Player — Eevee ex used Evolution "", ""2: Opponent — Electrike used Thunder Jolt\\n\"",       \""  Player HP: 170.0 | Opponent HP: 10.0\\n\"",       \""Turn 3: Player — Eevee ex used Evolution Burst\\n\"",       \""  Player HP: 170.0 | Opponent HP: 0.0\\n\"",       \""\\n\"",       \""======================================================================\\n\"",       \""TRUE TWO-AGENT MATCH RESULT\\n\"",       \""=================""]",3
D:\02_AI_and_Data\Kaggle-AI-Agents\PTCG_AI_Battle_Challenge\notebooks\45_final_simulator_integration_and_submission.ipynb,45_final_simulator_integration_and_submission.ipynb,Charmander,8,"[""=====================\\n\"",       \""Current player: Player\\n\"",       \""Player Pokémon: Pikachu\\n\"",       \""Opponent Pokémon: Charmander\\n\"",       \""\\n\"",       \""Legal moves:\\n\"",       \""  0: Quick Attack (damage=30.0)\\n\"",       \""  1: Thunderbolt (damage=90.0)\\n\"",       \""\\n\"",       \""Encoded observation: [1. 1. 0. 0.]\\n\"",       \""\\n\"",       \""Policy-state legal moves: ["", ""n\\\"": None,\\n\"",     \""        },\\n\"",     \""    ],\\n\"",     \""}\\n\"",     \""\\n\"",     \""opponent_card = {\\n\"",     \""    \\\""name\\\"": \\\""Charmander\\\"",\\n\"",     \""    \\\""hp\\\"": 100,\\n\"",     \""    \\\""attacks\\\"": [\\n\"",     \""        {\\n\"",     \""            \\\""Move Name\\\"": \\\""Scratch\\\"",\\n\"",     \""            \\\""damage_numeric\\\"": 20,\\n\"",     \""            \\\""energy_cost\\\"": 1,\\n\"",     \""         "", ""n 1: Player — Pikachu used Quick Attack\\n\"",       \""  Player HP: 120.0 | Opponent HP: 70.0\\n\"",       \""Turn 2: Opponent — Charmander used Scratch\\n\"",       \""  Player HP: 100.0 | Opponent HP: 70.0\\n\"",       \""Turn 3: Player — Pikachu used Quick Attack\\n\"",       \""  Player HP: 100.0 | Opponent HP: 40.0\\n\"",       \""Turn 4: Opponent — Charmander used Scratch\\n\"",     "", ""n 3: Player — Pikachu used Quick Attack\\n\"",       \""  Player HP: 100.0 | Opponent HP: 40.0\\n\"",       \""Turn 4: Opponent — Charmander used Scratch\\n\"",       \""  Player HP: 80.0 | Opponent HP: 40.0\\n\"",       \""Turn 5: Player — Pikachu used Quick Attack\\n\"",       \""  Player HP: 80.0 | Opponent HP: 10.0\\n\"",       \""Turn 6: Opponent — Charmander used Scratch\\n\"",       "", ""rn 5: Player — Pikachu used Quick Attack\\n\"",       \""  Player HP: 80.0 | Opponent HP: 10.0\\n\"",       \""Turn 6: Opponent — Charmander used Scratch\\n\"",       \""  Player HP: 60.0 | Opponent HP: 10.0\\n\"",       \""Turn 7: Player — Pikachu used Quick Attack\\n\"",       \""  Player HP: 60.0 | Opponent HP: 0.0\\n\"",       \""\\n\"",       \""NOTEBOOK 45 — PPO BATTLE RESULT\\n\"",       ""]",3
D:\02_AI_and_Data\Kaggle-AI-Agents\PTCG_AI_Battle_Challenge\notebooks\48_tournament_evaluation_and_elo_benchmarking.ipynb,48_tournament_evaluation_and_elo_benchmarking.ipynb,Bulbasaur,7,"[""None,\\n\"",     \""            },\\n\"",     \""        ],\\n\"",     \""    },\\n\"",     \""\\n\"",     \""    {\\n\"",     \""        \\\""name\\\"": \\\""Bulbasaur\\\"",\\n\"",     \""        \\\""hp\\\"": 110,\\n\"",     \""        \\\""attacks\\\"": [\\n\"",     \""            {\\n\"",     \""                \\\""Move Name\\\"":\\n\"",     \""                    \\\""Vine Whip\\\"",\\n\"",     \""                \\\""damage_numeric\\\"":\\n\"",     \""    "", ""        \""    <tr>\\n\"",        \""      <th>0</th>\\n\"",        \""      <td>Depth-6 Search Baseline</td>\\n\"",        \""      <td>Bulbasaur</td>\\n\"",        \""      <td>Eevee</td>\\n\"",        \""      <td>17</td>\\n\"",        \""      <td>0.000000</td>\\n\"",        \""      <td>0</td>\\n\"",        \""      <td>4.470588</td>\\n\"",        \""    </tr>\\n\"",        \""    <tr>\\n\"",        \""      "", "",        \""    <tr>\\n\"",        \""      <th>6</th>\\n\"",        \""      <td>Greedy Damage Baseline</td>\\n\"",        \""      <td>Bulbasaur</td>\\n\"",        \""      <td>Eevee</td>\\n\"",        \""      <td>17</td>\\n\"",        \""      <td>0.000000</td>\\n\"",        \""      <td>0</td>\\n\"",        \""      <td>3.529412</td>\\n\"",        \""    </tr>\\n\"",        \""    <tr>\\n\"",        \""      "", ""tr>\\n\"",        \""    <tr>\\n\"",        \""      <th>12</th>\\n\"",        \""      <td>Random Baseline</td>\\n\"",        \""      <td>Bulbasaur</td>\\n\"",        \""      <td>Eevee</td>\\n\"",        \""      <td>17</td>\\n\"",        \""      <td>0.235294</td>\\n\"",        \""      <td>4</td>\\n\"",        \""      <td>4.117647</td>\\n\"",        \""    </tr>\\n\"",        \""    <tr>\\n\"",        \""      "", "" \""1   Depth-6 Search Baseline  Charmander         Eevee       17  0.470588   \\n\"",        \""0   Depth-6 Search Baseline   Bulbasaur         Eevee       17  0.000000   \\n\"",        \""2   Depth-6 Search Baseline       Eevee    Charmander       16  0.500000   \\n\"",        \""3   Depth-6 Search Baseline      Meowth         Eevee       16  0.500000   \\n\"",        \""10   G""]",3
D:\02_AI_and_Data\Kaggle-AI-Agents\PTCG_AI_Battle_Challenge\notebooks\48_tournament_evaluation_and_elo_benchmarking.ipynb,48_tournament_evaluation_and_elo_benchmarking.ipynb,Meowth,7,"[""None,\\n\"",     \""            },\\n\"",     \""        ],\\n\"",     \""    },\\n\"",     \""\\n\"",     \""    {\\n\"",     \""        \\\""name\\\"": \\\""Meowth\\\"",\\n\"",     \""        \\\""hp\\\"": 90,\\n\"",     \""        \\\""attacks\\\"": [\\n\"",     \""            {\\n\"",     \""                \\\""Move Name\\\"":\\n\"",     \""                    \\\""Scratch\\\"",\\n\"",     \""                \\\""damage_numeric\\\"":\\n\"",     \""          "", ""        \""    <tr>\\n\"",        \""      <th>3</th>\\n\"",        \""      <td>Depth-6 Search Baseline</td>\\n\"",        \""      <td>Meowth</td>\\n\"",        \""      <td>Eevee</td>\\n\"",        \""      <td>16</td>\\n\"",        \""      <td>0.500000</td>\\n\"",        \""      <td>8</td>\\n\"",        \""      <td>4.000000</td>\\n\"",        \""    </tr>\\n\"",        \""    <tr>\\n\"",        \""      <th"", "",        \""    <tr>\\n\"",        \""      <th>9</th>\\n\"",        \""      <td>Greedy Damage Baseline</td>\\n\"",        \""      <td>Meowth</td>\\n\"",        \""      <td>Eevee</td>\\n\"",        \""      <td>16</td>\\n\"",        \""      <td>0.500000</td>\\n\"",        \""      <td>8</td>\\n\"",        \""      <td>3.000000</td>\\n\"",        \""    </tr>\\n\"",        \""    <tr>\\n\"",        \""      <th"", ""tr>\\n\"",        \""    <tr>\\n\"",        \""      <th>15</th>\\n\"",        \""      <td>Random Baseline</td>\\n\"",        \""      <td>Meowth</td>\\n\"",        \""      <td>Eevee</td>\\n\"",        \""      <td>16</td>\\n\"",        \""      <td>0.812500</td>\\n\"",        \""      <td>13</td>\\n\"",        \""      <td>3.562500</td>\\n\"",        \""    </tr>\\n\"",        \""    <tr>\\n\"",        \""      <t"", ""   Depth-6 Search Baseline       Eevee    Charmander       16  0.500000   \\n\"",        \""3   Depth-6 Search Baseline      Meowth         Eevee       16  0.500000   \\n\"",        \""10   Greedy Damage Baseline     Pikachu    Charmander       17  1.000000   \\n\"",        \""11   Greedy Damage Baseline    Squirtle    Charmander       17  1.000000   \\n\"",        \""7    Gree""]",3
D:\02_AI_and_Data\Kaggle-AI-Agents\PTCG_AI_Battle_Challenge\notebooks\14_tournament_manager_leaderboard.ipynb,14_tournament_manager_leaderboard.ipynb,Eevee,7,"["" Test Cards\\n\"",     \""###############################################################################\\n\"",     \""\\n\"",     \""eevee_ex_card = {\\n\"",     \""    \\\""name\\\"": \\\""Eevee ex\\\"",\\n\"",     \""    \\\""hp\\\"": 200,\\n\"",     \""    \\\""attacks\\\"": [\\n\"",     \""        {\\n\"",     \""            \\\""Move Name\\\"": \\\""Tera\\\"",\\n\"",     \""            \\\""damage_numeric\\\"": 0,\\n\"",     \""            \\"", ""#########################################################\\n\"",     \""\\n\"",     \""eevee_ex_card = {\\n\"",     \""    \\\""name\\\"": \\\""Eevee ex\\\"",\\n\"",     \""    \\\""hp\\\"": 200,\\n\"",     \""    \\\""attacks\\\"": [\\n\"",     \""        {\\n\"",     \""            \\\""Move Name\\\"": \\\""Tera\\\"",\\n\"",     \""            \\\""damage_numeric\\\"": 0,\\n\"",     \""            \\\""energy_cost\\\"": 0,\\n\"",     \""            \\\""E"", ""\"": \""stdout\"",      \""output_type\"": \""stream\"",      \""text\"": [       \""✅ Fresh Notebook 14 battle created.\\n\"",       \""Player: Eevee ex\\n\"",       \""Opponent: Electrike\\n\"",       \""Starting side: Player\\n\""      ]     }    ],    \""source\"": [     \""###############################################################################\\n\"",     \""# Step 5 — Fresh Battle-State Factor"", ""st_battle(\\n\"",     \""    starting_player: str = \\\""Player\\\"",\\n\"",     \"") -> BattleState:\\n\"",     \""    \\\""\\\""\\\""Create a fresh Eevee-ex versus Electrike battle.\\\""\\\""\\\""\\n\"",     \""\\n\"",     \""    if starting_player not in {\\n\"",     \""        \\\""Player\\\"",\\n\"",     \""        \\\""Opponent\\\"",\\n\"",     \""    }:\\n\"",     \""        raise ValueError(\\n\"",     \""            \\\""starting_player"", ""or 'Opponent'.\\\""\\n\"",     \""        )\\n\"",     \""\\n\"",     \""    player_active = PokemonState(\\n\"",     \""        card=deepcopy(eevee_ex_card),\\n\"",     \""        current_hp=200.0,\\n\"",     \""        attached_energy=2,\\n\"",     \""        status=None,\\n\"",     \""        damage=0.0,\\n\"",     \""        is_active=True,\\n\"",     \""    )\\n\"",     \""\\n\"",     \""    opponent_active = Pokem""]",3
D:\02_AI_and_Data\Kaggle-AI-Agents\PTCG_AI_Battle_Challenge\notebooks\13_tournament_self_play_evaluation.ipynb,13_tournament_self_play_evaluation.ipynb,Eevee,7,"["" Test Cards\\n\"",     \""###############################################################################\\n\"",     \""\\n\"",     \""eevee_ex_card = {\\n\"",     \""    \\\""name\\\"": \\\""Eevee ex\\\"",\\n\"",     \""    \\\""hp\\\"": 200,\\n\"",     \""    \\\""attacks\\\"": [\\n\"",     \""        {\\n\"",     \""            \\\""Move Name\\\"": \\\""Tera\\\"",\\n\"",     \""            \\\""damage_numeric\\\"": 0,\\n\"",     \""            \\"", ""#########################################################\\n\"",     \""\\n\"",     \""eevee_ex_card = {\\n\"",     \""    \\\""name\\\"": \\\""Eevee ex\\\"",\\n\"",     \""    \\\""hp\\\"": 200,\\n\"",     \""    \\\""attacks\\\"": [\\n\"",     \""        {\\n\"",     \""            \\\""Move Name\\\"": \\\""Tera\\\"",\\n\"",     \""            \\\""damage_numeric\\\"": 0,\\n\"",     \""            \\\""energy_cost\\\"": 0,\\n\"",     \""            \\\""E"", ""stdout\"",      \""output_type\"": \""stream\"",      \""text\"": [       \""✅ Fresh tournament test battle created.\\n\"",       \""Player: Eevee ex\\n\"",       \""Opponent: Electrike\\n\"",       \""Starting side: Player\\n\""      ]     }    ],    \""source\"": [     \""###############################################################################\\n\"",     \""# Step 5 — Reusable Initial Battle F"", ""st_battle(\\n\"",     \""    starting_player: str = \\\""Player\\\"",\\n\"",     \"") -> BattleState:\\n\"",     \""    \\\""\\\""\\\""Create a fresh Eevee-ex versus Electrike battle.\\\""\\\""\\\""\\n\"",     \""\\n\"",     \""    if starting_player not in {\\\""Player\\\"", \\\""Opponent\\\""}:\\n\"",     \""        raise ValueError(\\n\"",     \""            \\\""starting_player must be 'Player' or 'Opponent'.\\\""\\n\"",     \""      "", ""or 'Opponent'.\\\""\\n\"",     \""        )\\n\"",     \""\\n\"",     \""    player_active = PokemonState(\\n\"",     \""        card=deepcopy(eevee_ex_card),\\n\"",     \""        current_hp=200.0,\\n\"",     \""        attached_energy=2,\\n\"",     \""        status=None,\\n\"",     \""        damage=0.0,\\n\"",     \""        is_active=True,\\n\"",     \""    )\\n\"",     \""\\n\"",     \""    opponent_active = Pokem""]",3
D:\02_AI_and_Data\Kaggle-AI-Agents\PTCG_AI_Battle_Challenge\notebooks\15_integrated_ai_evaluation.ipynb,15_integrated_ai_evaluation.ipynb,Eevee,6,"["" Test Cards\\n\"",     \""###############################################################################\\n\"",     \""\\n\"",     \""eevee_ex_card = {\\n\"",     \""    \\\""name\\\"": \\\""Eevee ex\\\"",\\n\"",     \""    \\\""hp\\\"": 200,\\n\"",     \""    \\\""attacks\\\"": [\\n\"",     \""        {\\n\"",     \""            \\\""Move Name\\\"": \\\""Tera\\\"",\\n\"",     \""            \\\""damage_numeric\\\"": 0,\\n\"",     \""            \\"", ""#########################################################\\n\"",     \""\\n\"",     \""eevee_ex_card = {\\n\"",     \""    \\\""name\\\"": \\\""Eevee ex\\\"",\\n\"",     \""    \\\""hp\\\"": 200,\\n\"",     \""    \\\""attacks\\\"": [\\n\"",     \""        {\\n\"",     \""            \\\""Move Name\\\"": \\\""Tera\\\"",\\n\"",     \""            \\\""damage_numeric\\\"": 0,\\n\"",     \""            \\\""energy_cost\\\"": 0,\\n\"",     \""            \\\""E"", "" Test Cards\\n\"",     \""###############################################################################\\n\"",     \""\\n\"",     \""eevee_ex_card = {\\n\"",     \""    \\\""name\\\"": \\\""Eevee ex\\\"",\\n\"",     \""    \\\""hp\\\"": 200,\\n\"",     \""    \\\""attacks\\\"": [\\n\"",     \""        {\\n\"",     \""            \\\""Move Name\\\"": \\\""Tera\\\"",\\n\"",     \""            \\\""damage_numeric\\\"": 0,\\n\"",     \""            \\"", ""#########################################################\\n\"",     \""\\n\"",     \""eevee_ex_card = {\\n\"",     \""    \\\""name\\\"": \\\""Eevee ex\\\"",\\n\"",     \""    \\\""hp\\\"": 200,\\n\"",     \""    \\\""attacks\\\"": [\\n\"",     \""        {\\n\"",     \""            \\\""Move Name\\\"": \\\""Tera\\\"",\\n\"",     \""            \\\""damage_numeric\\\"": 0,\\n\"",     \""            \\\""energy_cost\\\"": 0,\\n\"",     \""            \\\""E"", ""me\"": \""stdout\"",      \""output_type\"": \""stream\"",      \""text\"": [       \""✅ Fresh benchmark battle created.\\n\"",       \""Player: Eevee ex\\n\"",       \""Opponent: Electrike\\n\"",       \""Starting side: Player\\n\""      ]     }    ],    \""source\"": [     \""###############################################################################\\n\"",     \""# Step 5 — Create Fresh Benchmark Ba""]",3
D:\02_AI_and_Data\Kaggle-AI-Agents\PTCG_AI_Battle_Challenge\reports\notebook52\section5\expanded_transcripts\T52_S005__BASELINE_transcript.txt,T52_S005__BASELINE_transcript.txt,Bulbasaur,6,"[""t: 80.0   Next side: Opponent ---------------------------------------------------------------------- Turn 2: Opponent — Bulbasaur used Bind Down   Damage: 10.0   Search score: 0.80   Search depth: 0   Nodes searched: 1   HP after move — Player: 50.0, Opponent: 80.0   Next side: Player ---------------------------------------------------------------------- Tur"", ""t: 80.0   Next side: Opponent ---------------------------------------------------------------------- Turn 4: Opponent — Bulbasaur used Bind Down   Damage: 10.0   Search score: 0.79   Search depth: 0   Nodes searched: 1   HP after move — Player: 40.0, Opponent: 80.0   Next side: Player ---------------------------------------------------------------------- Tur"", ""t: 80.0   Next side: Opponent ---------------------------------------------------------------------- Turn 6: Opponent — Bulbasaur used Bind Down   Damage: 10.0   Search score: 0.76   Search depth: 0   Nodes searched: 1   HP after move — Player: 30.0, Opponent: 80.0   Next side: Player ---------------------------------------------------------------------- Tur"", ""t: 80.0   Next side: Opponent ---------------------------------------------------------------------- Turn 8: Opponent — Bulbasaur used Bind Down   Damage: 10.0   Search score: 0.68   Search depth: 0   Nodes searched: 1   HP after move — Player: 20.0, Opponent: 80.0   Next side: Player ---------------------------------------------------------------------- Tur"", "": 80.0   Next side: Opponent ---------------------------------------------------------------------- Turn 10: Opponent — Bulbasaur used Bind Down   Damage: 10.0   Search score: 0.65   Search depth: 0   Nodes searched: 1   HP after move — Player: 10.0, Opponent: 80.0   Next side: Player ---------------------------------------------------------------------- Tur""]",3
D:\02_AI_and_Data\Kaggle-AI-Agents\PTCG_AI_Battle_Challenge\reports\notebook52\section5\expanded_transcripts\T52_S005__BASELINE_transcript.txt,T52_S005__BASELINE_transcript.txt,Meowth,6,"[""== POKÉMON AI BATTLE TRANSCRIPT ====================================================================== Turn 1: Player — Meowth used Tuck Tail   Damage: 0.0   Search score: 0.62   Search depth: 0   Nodes searched: 1   HP after move — Player: 60.0, Opponent: 80.0   Next side: Opponent ---------------------------------------------------------------------- Turn "", ""onent: 80.0   Next side: Player ---------------------------------------------------------------------- Turn 3: Player — Meowth used Tuck Tail   Damage: 0.0   Search score: 0.76   Search depth: 0   Nodes searched: 1   HP after move — Player: 50.0, Opponent: 80.0   Next side: Opponent ---------------------------------------------------------------------- Turn "", ""onent: 80.0   Next side: Player ---------------------------------------------------------------------- Turn 5: Player — Meowth used Tuck Tail   Damage: 0.0   Search score: 0.76   Search depth: 0   Nodes searched: 1   HP after move — Player: 40.0, Opponent: 80.0   Next side: Opponent ---------------------------------------------------------------------- Turn "", ""onent: 80.0   Next side: Player ---------------------------------------------------------------------- Turn 7: Player — Meowth used Tuck Tail   Damage: 0.0   Search score: 0.66   Search depth: 0   Nodes searched: 1   HP after move — Player: 30.0, Opponent: 80.0   Next side: Opponent ---------------------------------------------------------------------- Turn "", ""onent: 80.0   Next side: Player ---------------------------------------------------------------------- Turn 9: Player — Meowth used Tuck Tail   Damage: 0.0   Search score: 0.63   Search depth: 0   Nodes searched: 1   HP after move — Player: 20.0, Opponent: 80.0   Next side: Opponent ---------------------------------------------------------------------- Turn ""]",3
D:\02_AI_and_Data\Kaggle-AI-Agents\PTCG_AI_Battle_Challenge\reports\notebook52\section5\expanded_transcripts\T52_S006__BASELINE_transcript.txt,T52_S006__BASELINE_transcript.txt,Bulbasaur,6,"["" POKÉMON AI BATTLE TRANSCRIPT ====================================================================== Turn 1: Opponent — Bulbasaur used Bind Down   Damage: 10.0   Search score: 0.65   Search depth: 0   Nodes searched: 1   HP after move — Player: 50.0, Opponent: 80.0   Next side: Player ---------------------------------------------------------------------- Tur"", ""t: 80.0   Next side: Opponent ---------------------------------------------------------------------- Turn 3: Opponent — Bulbasaur used Bind Down   Damage: 10.0   Search score: 0.79   Search depth: 0   Nodes searched: 1   HP after move — Player: 40.0, Opponent: 80.0   Next side: Player ---------------------------------------------------------------------- Tur"", ""t: 80.0   Next side: Opponent ---------------------------------------------------------------------- Turn 5: Opponent — Bulbasaur used Bind Down   Damage: 10.0   Search score: 0.79   Search depth: 0   Nodes searched: 1   HP after move — Player: 30.0, Opponent: 80.0   Next side: Player ---------------------------------------------------------------------- Tur"", ""t: 80.0   Next side: Opponent ---------------------------------------------------------------------- Turn 7: Opponent — Bulbasaur used Bind Down   Damage: 10.0   Search score: 0.68   Search depth: 0   Nodes searched: 1   HP after move — Player: 20.0, Opponent: 80.0   Next side: Player ---------------------------------------------------------------------- Tur"", ""t: 80.0   Next side: Opponent ---------------------------------------------------------------------- Turn 9: Opponent — Bulbasaur used Bind Down   Damage: 10.0   Search score: 0.65   Search depth: 0   Nodes searched: 1   HP after move — Player: 10.0, Opponent: 80.0   Next side: Player ---------------------------------------------------------------------- Tur""]",3
D:\02_AI_and_Data\Kaggle-AI-Agents\PTCG_AI_Battle_Challenge\reports\notebook52\section5\expanded_transcripts\T52_S006__BASELINE_transcript.txt,T52_S006__BASELINE_transcript.txt,Meowth,5,"[""onent: 80.0   Next side: Player ---------------------------------------------------------------------- Turn 2: Player — Meowth used Tuck Tail   Damage: 0.0   Search score: 0.76   Search depth: 0   Nodes searched: 1   HP after move — Player: 50.0, Opponent: 80.0   Next side: Opponent ---------------------------------------------------------------------- Turn "", ""onent: 80.0   Next side: Player ---------------------------------------------------------------------- Turn 4: Player — Meowth used Tuck Tail   Damage: 0.0   Search score: 0.76   Search depth: 0   Nodes searched: 1   HP after move — Player: 40.0, Opponent: 80.0   Next side: Opponent ---------------------------------------------------------------------- Turn "", ""onent: 80.0   Next side: Player ---------------------------------------------------------------------- Turn 6: Player — Meowth used Tuck Tail   Damage: 0.0   Search score: 0.70   Search depth: 0   Nodes searched: 1   HP after move — Player: 30.0, Opponent: 80.0   Next side: Opponent ---------------------------------------------------------------------- Turn "", ""onent: 80.0   Next side: Player ---------------------------------------------------------------------- Turn 8: Player — Meowth used Tuck Tail   Damage: 0.0   Search score: 0.65   Search depth: 0   Nodes searched: 1   HP after move — Player: 20.0, Opponent: 80.0   Next side: Opponent ---------------------------------------------------------------------- Turn "", ""nent: 80.0   Next side: Player ---------------------------------------------------------------------- Turn 10: Player — Meowth used Tuck Tail   Damage: 0.0   Search score: 0.63   Search depth: 0   Nodes searched: 1   HP after move — Player: 10.0, Opponent: 80.0   Next side: Opponent ---------------------------------------------------------------------- Turn ""]",3
D:\02_AI_and_Data\Kaggle-AI-Agents\PTCG_AI_Battle_Challenge\reports\notebook52\section5\expanded_transcripts\T52_S002__ENERGY_PRESSURE_transcript.txt,T52_S002__ENERGY_PRESSURE_transcript.txt,Bulbasaur,5,"[""onent: 50.0   Next side: Player ---------------------------------------------------------------------- Turn 4: Player — Bulbasaur used Bind Down   Damage: 10.0   Search score: 0.77   Search depth: 0   Nodes searched: 1   HP after move — Player: 80.0, Opponent: 40.0   Next side: Opponent ---------------------------------------------------------------------- T"", ""onent: 40.0   Next side: Player ---------------------------------------------------------------------- Turn 6: Player — Bulbasaur used Bind Down   Damage: 10.0   Search score: 0.71   Search depth: 0   Nodes searched: 1   HP after move — Player: 80.0, Opponent: 30.0   Next side: Opponent ---------------------------------------------------------------------- T"", ""onent: 30.0   Next side: Player ---------------------------------------------------------------------- Turn 8: Player — Bulbasaur used Bind Down   Damage: 10.0   Search score: 0.70   Search depth: 0   Nodes searched: 1   HP after move — Player: 80.0, Opponent: 20.0   Next side: Opponent ---------------------------------------------------------------------- T"", ""nent: 20.0   Next side: Player ---------------------------------------------------------------------- Turn 10: Player — Bulbasaur used Bind Down   Damage: 10.0   Search score: 0.64   Search depth: 0   Nodes searched: 1   HP after move — Player: 80.0, Opponent: 10.0   Next side: Opponent ---------------------------------------------------------------------- T"", ""nent: 10.0   Next side: Player ---------------------------------------------------------------------- Turn 12: Player — Bulbasaur used Bind Down   Damage: 10.0   Search score: 0.61   Search depth: 0   Nodes searched: 1   HP after move — Player: 80.0, Opponent: 0.0   Next side: Opponent ---------------------------------------------------------------------- Wi""]",3
D:\02_AI_and_Data\Kaggle-AI-Agents\PTCG_AI_Battle_Challenge\reports\notebook52\section5\expanded_transcripts\T52_S002__ENERGY_PRESSURE_transcript.txt,T52_S002__ENERGY_PRESSURE_transcript.txt,Eevee,5,"["" POKÉMON AI BATTLE TRANSCRIPT ====================================================================== Turn 3: Opponent — Eevee used Ascension   Damage: 0.0   Search score: 0.89   Search depth: 0   Nodes searched: 1   HP after move — Player: 80.0, Opponent: 50.0   Next side: Player ---------------------------------------------------------------------- Turn 4: "", ""t: 40.0   Next side: Opponent ---------------------------------------------------------------------- Turn 5: Opponent — Eevee used Ascension   Damage: 0.0   Search score: 0.88   Search depth: 0   Nodes searched: 1   HP after move — Player: 80.0, Opponent: 40.0   Next side: Player ---------------------------------------------------------------------- Turn 6: "", ""t: 30.0   Next side: Opponent ---------------------------------------------------------------------- Turn 7: Opponent — Eevee used Ascension   Damage: 0.0   Search score: 0.86   Search depth: 0   Nodes searched: 1   HP after move — Player: 80.0, Opponent: 30.0   Next side: Player ---------------------------------------------------------------------- Turn 8: "", ""t: 20.0   Next side: Opponent ---------------------------------------------------------------------- Turn 9: Opponent — Eevee used Ascension   Damage: 0.0   Search score: 0.78   Search depth: 0   Nodes searched: 1   HP after move — Player: 80.0, Opponent: 20.0   Next side: Player ---------------------------------------------------------------------- Turn 10:"", "": 10.0   Next side: Opponent ---------------------------------------------------------------------- Turn 11: Opponent — Eevee used Ascension   Damage: 0.0   Search score: 0.75   Search depth: 0   Nodes searched: 1   HP after move — Player: 80.0, Opponent: 10.0   Next side: Player ---------------------------------------------------------------------- Turn 12:""]",3
D:\02_AI_and_Data\Kaggle-AI-Agents\PTCG_AI_Battle_Challenge\reports\notebook52\section5\expanded_transcripts\T52_S001__ENERGY_PRESSURE_transcript.txt,T52_S001__ENERGY_PRESSURE_transcript.txt,Bulbasaur,5,"[""== POKÉMON AI BATTLE TRANSCRIPT ====================================================================== Turn 3: Player — Bulbasaur used Bind Down   Damage: 10.0   Search score: 0.77   Search depth: 0   Nodes searched: 1   HP after move — Player: 80.0, Opponent: 40.0   Next side: Opponent ---------------------------------------------------------------------- T"", ""onent: 40.0   Next side: Player ---------------------------------------------------------------------- Turn 5: Player — Bulbasaur used Bind Down   Damage: 10.0   Search score: 0.74   Search depth: 0   Nodes searched: 1   HP after move — Player: 80.0, Opponent: 30.0   Next side: Opponent ---------------------------------------------------------------------- T"", ""onent: 30.0   Next side: Player ---------------------------------------------------------------------- Turn 7: Player — Bulbasaur used Bind Down   Damage: 10.0   Search score: 0.71   Search depth: 0   Nodes searched: 1   HP after move — Player: 80.0, Opponent: 20.0   Next side: Opponent ---------------------------------------------------------------------- T"", ""onent: 20.0   Next side: Player ---------------------------------------------------------------------- Turn 9: Player — Bulbasaur used Bind Down   Damage: 10.0   Search score: 0.64   Search depth: 0   Nodes searched: 1   HP after move — Player: 80.0, Opponent: 10.0   Next side: Opponent ---------------------------------------------------------------------- T"", ""nent: 10.0   Next side: Player ---------------------------------------------------------------------- Turn 11: Player — Bulbasaur used Bind Down   Damage: 10.0   Search score: 0.61   Search depth: 0   Nodes searched: 1   HP after move — Player: 80.0, Opponent: 0.0   Next side: Opponent ---------------------------------------------------------------------- Wi""]",3
D:\02_AI_and_Data\Kaggle-AI-Agents\PTCG_AI_Battle_Challenge\notebooks\50_side_balanced_policy_fine_tuning.ipynb,50_side_balanced_policy_fine_tuning.ipynb,Charmander,4,"[""n\"",        \""    </tr>\\n\"",        \""    <tr>\\n\"",        \""      <th>11</th>\\n\"",        \""      <td>categorical__player_card_Charmander</td>\\n\"",        \""      <td>0.020633</td>\\n\"",        \""      <td>0.927898</td>\\n\"",        \""    </tr>\\n\"",        \""    <tr>\\n\"",        \""      <th>12</th>\\n\"",        \""      <td>categorical__current_side_Player</td>\\n\"",        \""      <"", "",        \""    </tr>\\n\"",        \""    <tr>\\n\"",        \""      <th>16</th>\\n\"",        \""      <td>categorical__opponent_card_Charmander</td>\\n\"",        \""      <td>0.009351</td>\\n\"",        \""      <td>0.990802</td>\\n\"",        \""    </tr>\\n\"",        \""    <tr>\\n\"",        \""      <th>17</th>\\n\"",        \""      <td>categorical__player_card_Eevee</td>\\n\"",        \""      <td"", ""10               numeric__opponent_damage    0.033741               0.907265\\n\"",        \""11    categorical__player_card_Charmander    0.020633               0.927898\\n\"",        \""12       categorical__current_side_Player    0.015810               0.943708\\n\"",        \""13        categorical__player_card_Meowth    0.014347               0.958056\\n\"",        \""14  "", ""15       categorical__opponent_card_Eevee    0.010434               0.981451\\n\"",        \""16  categorical__opponent_card_Charmander    0.009351               0.990802\\n\"",        \""17         categorical__player_card_Eevee    0.009198               1.000000\""       ]      },      \""metadata\"": {},      \""output_type\"": \""display_data\""     },     {      \""name\"": \""stdou""]",3
D:\02_AI_and_Data\Kaggle-AI-Agents\PTCG_AI_Battle_Challenge\notebooks\32_mixed_opponent_self_play_benchmarks.ipynb,32_mixed_opponent_self_play_benchmarks.ipynb,Eevee,4,"[""lable\\n\"",       \""✅ Tournament test cards created.\\n\"",       \""✅ Fresh tournament test battle created.\\n\"",       \""Player: Eevee ex\\n\"",       \""Opponent: Electrike\\n\"",       \""Starting side: Player\\n\"",       \""✅ Pokémon move key ready: ('Evolution Burst', 60.0, 2)\\n\"",       \""✅ Tournament battle agent created.\\n\"",       \""<class 'src.battle_agent.PokemonBattleAgent'"", ""Production two-agent match runner imported.\\n\"",       \""Runner module: src.tournament.runner\\n\"",       \""Turn 1: Player — Eevee ex used Evolution Burst\\n\"",       \""  Player HP: 200.0 | Opponent HP: 10.0\\n\"",       \""Turn 2: Opponent — Electrike used Thunder Jolt\\n\"",       \""  Player HP: 170.0 | Opponent HP: 10.0\\n\"",       \""Turn 3: Player — Eevee ex used Evolution "", ""2: Opponent — Electrike used Thunder Jolt\\n\"",       \""  Player HP: 170.0 | Opponent HP: 10.0\\n\"",       \""Turn 3: Player — Eevee ex used Evolution Burst\\n\"",       \""  Player HP: 170.0 | Opponent HP: 0.0\\n\"",       \""\\n\"",       \""======================================================================\\n\"",       \""TRUE TWO-AGENT MATCH RESULT\\n\"",       \""================="", ""gOpponent', search_depth=6, max_turns=100)\\n\"",       \""BattleState(player=PlayerState(active=PokemonState(card={'name': 'Eevee ex', 'hp': 200, 'attacks': [{'Move Name': 'Tera', 'damage_numeric': 0, 'energy_cost': 0, 'Effect Explanation': 'A utility action used for integration testing.'}, {'Move Name': 'Evolution Burst', 'damage_numeric': 60, 'energy_cost': 2,""]",3
D:\02_AI_and_Data\Kaggle-AI-Agents\PTCG_AI_Battle_Challenge\notebooks\33_Production_Observation_Pipeline.ipynb,33_Production_Observation_Pipeline.ipynb,Eevee,4,"[""t\"",      \""output_type\"": \""stream\"",      \""text\"": [       \""Live production battle state created.\\n\"",       \""Player active: Eevee ex\\n\"",       \""Opponent active: Electrike\\n\"",       \""Legal moves: ['Unknown Move', 'Unknown Move #2']\\n\""      ]     }    ],    \""source\"": [     \""# ---------------------------------------------------------\\n\"",     \""# Build a valid produc"", ""\""    PokemonState,\\n\"",     \"")\\n\"",     \""from src.legal_moves import get_current_legal_moves\\n\"",     \""\\n\"",     \""\\n\"",     \""eevee_card = {\\n\"",     \""    \\\""name\\\"": \\\""Eevee ex\\\"",\\n\"",     \""    \\\""hp\\\"": 200,\\n\"",     \""    \\\""attacks\\\"": [\\n\"",     \""        {\\n\"",     \""            \\\""name\\\"": \\\""Tera\\\"",\\n\"",     \""            \\\""damage\\\"": 0.0,\\n\"",     \""            \\\""energy_cost\\\"""", ""rom src.legal_moves import get_current_legal_moves\\n\"",     \""\\n\"",     \""\\n\"",     \""eevee_card = {\\n\"",     \""    \\\""name\\\"": \\\""Eevee ex\\\"",\\n\"",     \""    \\\""hp\\\"": 200,\\n\"",     \""    \\\""attacks\\\"": [\\n\"",     \""        {\\n\"",     \""            \\\""name\\\"": \\\""Tera\\\"",\\n\"",     \""            \\\""damage\\\"": 0.0,\\n\"",     \""            \\\""energy_cost\\\"": 0,\\n\"",     \""            \\\""effect\\\"": \\\"""", ""t_state = BattleState(\\n\"",     \""    player=PlayerState(\\n\"",     \""        active=PokemonState(\\n\"",     \""            card=eevee_card,\\n\"",     \""            current_hp=200.0,\\n\"",     \""            attached_energy=2,\\n\"",     \""            status=None,\\n\"",     \""            damage=0.0,\\n\"",     \""            is_active=True,\\n\"",     \""        ),\\n\"",     \""        bench=[]""]",3
D:\02_AI_and_Data\Kaggle-AI-Agents\PTCG_AI_Battle_Challenge\notebooks\10_minimax_opponent_ai.ipynb,10_minimax_opponent_ai.ipynb,Eevee,4,"[""type\"": \""stream\"",      \""text\"": [       \""Minimax battle state created successfully.\\n\"",       \""\\n\"",       \""Player Active: Eevee ex\\n\"",       \""Player Energy: 1\\n\"",       \""Player Bench: ['Sawsbuck', 'Blitzle']\\n\"",       \""\\n\"",       \""Opponent Active: Electrike\\n\"",       \""Opponent Energy: 1\\n\"",       \""Opponent Bench: ['Electabuzz', 'Mega Manectric ex']\\n\"",       \"""", ""PLAYER LEGAL MOVES\\n\"",       \""======================================================================\\n\"",       \""Player: Eevee ex\\n\"",       \""Attached Energy: 1\\n\"",       \""Legal Move Count: 2\\n\"",       \""\\n\"",       \""Move: [Tera]\\n\"",       \""Damage: 0.0\\n\"",       \""Energy Cost: 0\\n\"",       \""Effect: As long as this Pokémon is on your Bench, prevent all damage done "", ""amage: 0.0\\n\"",       \""Energy Cost: 0\\n\"",       \""Effect: This Pokémon can evolve into any Pokémon {ex} that evolves from Eevee if you play it from your hand onto this Pokémon. (This Pokémon can’t evolve during your first turn or the turn you play it.)\\n\"",       \""---------------------------------------------\\n\""      ]     }    ],    \""source\"": [     \""player_mov"", "" EVALUATION\\n\"",       \""======================================================================\\n\"",       \""Player Active: Eevee ex\\n\"",       \""Player HP: 200.0\\n\"",       \""Opponent Active: Electrike\\n\"",       \""Opponent HP: 70.0\\n\"",       \""Evaluation Score: 77.0\\n\""      ]     }    ],    \""source\"": [     \""initial_score = evaluate_position(\\n\"",     \""    minimax_batt""]",3
D:\02_AI_and_Data\Kaggle-AI-Agents\PTCG_AI_Battle_Challenge\reports\notebook52\section5\expanded_transcripts\T52_S001__ENERGY_PRESSURE_transcript.txt,T52_S001__ENERGY_PRESSURE_transcript.txt,Eevee,4,"[""t: 40.0   Next side: Opponent ---------------------------------------------------------------------- Turn 4: Opponent — Eevee used Ascension   Damage: 0.0   Search score: 0.88   Search depth: 0   Nodes searched: 1   HP after move — Player: 80.0, Opponent: 40.0   Next side: Player ---------------------------------------------------------------------- Turn 5: "", ""t: 30.0   Next side: Opponent ---------------------------------------------------------------------- Turn 6: Opponent — Eevee used Ascension   Damage: 0.0   Search score: 0.87   Search depth: 0   Nodes searched: 1   HP after move — Player: 80.0, Opponent: 30.0   Next side: Player ---------------------------------------------------------------------- Turn 7: "", ""t: 20.0   Next side: Opponent ---------------------------------------------------------------------- Turn 8: Opponent — Eevee used Ascension   Damage: 0.0   Search score: 0.81   Search depth: 0   Nodes searched: 1   HP after move — Player: 80.0, Opponent: 20.0   Next side: Player ---------------------------------------------------------------------- Turn 9: "", "": 10.0   Next side: Opponent ---------------------------------------------------------------------- Turn 10: Opponent — Eevee used Ascension   Damage: 0.0   Search score: 0.75   Search depth: 0   Nodes searched: 1   HP after move — Player: 80.0, Opponent: 10.0   Next side: Player ---------------------------------------------------------------------- Turn 11:""]",3
D:\02_AI_and_Data\Kaggle-AI-Agents\PTCG_AI_Battle_Challenge\reports\notebook52\section5\expanded_transcripts\T52_S001__BASELINE_transcript.txt,T52_S001__BASELINE_transcript.txt,Bulbasaur,4,"[""== POKÉMON AI BATTLE TRANSCRIPT ====================================================================== Turn 1: Player — Bulbasaur used Bind Down   Damage: 10.0   Search score: 0.56   Search depth: 0   Nodes searched: 1   HP after move — Player: 80.0, Opponent: 40.0   Next side: Opponent ---------------------------------------------------------------------- T"", ""onent: 40.0   Next side: Player ---------------------------------------------------------------------- Turn 3: Player — Bulbasaur used Bind Down   Damage: 10.0   Search score: 0.68   Search depth: 0   Nodes searched: 1   HP after move — Player: 60.0, Opponent: 30.0   Next side: Opponent ---------------------------------------------------------------------- T"", ""onent: 30.0   Next side: Player ---------------------------------------------------------------------- Turn 5: Player — Bulbasaur used Bind Down   Damage: 10.0   Search score: 0.63   Search depth: 0   Nodes searched: 1   HP after move — Player: 40.0, Opponent: 20.0   Next side: Opponent ---------------------------------------------------------------------- T"", ""onent: 20.0   Next side: Player ---------------------------------------------------------------------- Turn 7: Player — Bulbasaur used Bind Down   Damage: 10.0   Search score: 0.50   Search depth: 0   Nodes searched: 1   HP after move — Player: 20.0, Opponent: 10.0   Next side: Opponent ---------------------------------------------------------------------- T""]",3
D:\02_AI_and_Data\Kaggle-AI-Agents\PTCG_AI_Battle_Challenge\reports\notebook52\section5\expanded_transcripts\T52_S001__BASELINE_transcript.txt,T52_S001__BASELINE_transcript.txt,Eevee,4,"[""t: 40.0   Next side: Opponent ---------------------------------------------------------------------- Turn 2: Opponent — Eevee used Quick Attack   Damage: 20.0   Search score: 0.76   Search depth: 0   Nodes searched: 1   HP after move — Player: 60.0, Opponent: 40.0   Next side: Player ---------------------------------------------------------------------- Turn"", ""t: 30.0   Next side: Opponent ---------------------------------------------------------------------- Turn 4: Opponent — Eevee used Quick Attack   Damage: 20.0   Search score: 0.77   Search depth: 0   Nodes searched: 1   HP after move — Player: 40.0, Opponent: 30.0   Next side: Player ---------------------------------------------------------------------- Turn"", ""t: 20.0   Next side: Opponent ---------------------------------------------------------------------- Turn 6: Opponent — Eevee used Quick Attack   Damage: 20.0   Search score: 0.90   Search depth: 0   Nodes searched: 1   HP after move — Player: 20.0, Opponent: 20.0   Next side: Player ---------------------------------------------------------------------- Turn"", ""t: 10.0   Next side: Opponent ---------------------------------------------------------------------- Turn 8: Opponent — Eevee used Quick Attack   Damage: 20.0   Search score: 0.91   Search depth: 0   Nodes searched: 1   HP after move — Player: 0.0, Opponent: 10.0   Next side: Player ---------------------------------------------------------------------- Winne""]",3
D:\02_AI_and_Data\Kaggle-AI-Agents\PTCG_AI_Battle_Challenge\reports\notebook52\section5\expanded_transcripts\T52_S002__BASELINE_transcript.txt,T52_S002__BASELINE_transcript.txt,Eevee,4,"["" POKÉMON AI BATTLE TRANSCRIPT ====================================================================== Turn 1: Opponent — Eevee used Quick Attack   Damage: 20.0   Search score: 0.65   Search depth: 0   Nodes searched: 1   HP after move — Player: 60.0, Opponent: 50.0   Next side: Player ---------------------------------------------------------------------- Turn"", ""t: 40.0   Next side: Opponent ---------------------------------------------------------------------- Turn 3: Opponent — Eevee used Quick Attack   Damage: 20.0   Search score: 0.77   Search depth: 0   Nodes searched: 1   HP after move — Player: 40.0, Opponent: 40.0   Next side: Player ---------------------------------------------------------------------- Turn"", ""t: 30.0   Next side: Opponent ---------------------------------------------------------------------- Turn 5: Opponent — Eevee used Quick Attack   Damage: 20.0   Search score: 0.82   Search depth: 0   Nodes searched: 1   HP after move — Player: 20.0, Opponent: 30.0   Next side: Player ---------------------------------------------------------------------- Turn"", ""t: 20.0   Next side: Opponent ---------------------------------------------------------------------- Turn 7: Opponent — Eevee used Quick Attack   Damage: 20.0   Search score: 0.89   Search depth: 0   Nodes searched: 1   HP after move — Player: 0.0, Opponent: 20.0   Next side: Player ---------------------------------------------------------------------- Winne""]",3
D:\02_AI_and_Data\Kaggle-AI-Agents\PTCG_AI_Battle_Challenge\notebooks\11_advanced_search_engine.ipynb,11_advanced_search_engine.ipynb,Eevee,3,"[""out\"",      \""output_type\"": \""stream\"",      \""text\"": [       \""✅ Pokémon integration test battle created.\\n\"",       \""Player: Eevee ex\\n\"",       \""Player HP: 200.0\\n\"",       \""Player Energy: 2\\n\"",       \""Opponent: Electrike\\n\"",       \""Opponent HP: 70.0\\n\"",       \""Opponent Energy: 1\\n\"",       \""Current player: Player\\n\""      ]     }    ],    \""source\"": [     \""# Simple "", ""_legal_moves() in src/legal_moves.py.\\n\"",     \""\\n\"",     \""integration_player_card = {\\n\"",     \""    \\\""id\\\"": \\\""integration-eevee-ex\\\"",\\n\"",     \""    \\\""name\\\"": \\\""Eevee ex\\\"",\\n\"",     \""    \\\""hp\\\"": 200,\\n\"",     \""    \\\""attacks\\\"": [\\n\"",     \""        {\\n\"",     \""            \\\""Move Name\\\"": \\\""Tera\\\"",\\n\"",     \""            \\\""damage_numeric\\\"": 0,\\n\"",     \""            \\\""energ"", ""\\n\"",     \""\\n\"",     \""integration_player_card = {\\n\"",     \""    \\\""id\\\"": \\\""integration-eevee-ex\\\"",\\n\"",     \""    \\\""name\\\"": \\\""Eevee ex\\\"",\\n\"",     \""    \\\""hp\\\"": 200,\\n\"",     \""    \\\""attacks\\\"": [\\n\"",     \""        {\\n\"",     \""            \\\""Move Name\\\"": \\\""Tera\\\"",\\n\"",     \""            \\\""damage_numeric\\\"": 0,\\n\"",     \""            \\\""energy_cost\\\"": 0,\\n\"",     \""            \\\""E""]",3
D:\02_AI_and_Data\Kaggle-AI-Agents\PTCG_AI_Battle_Challenge\notebooks\05_deck_builder.ipynb,05_deck_builder.ipynb,Eevee,3,"[""r>\\n\"",        \""  </thead>\\n\"",        \""  <tbody>\\n\"",        \""    <tr>\\n\"",        \""      <th>0</th>\\n\"",        \""      <td>Eevee ex</td>\\n\"",        \""      <td>Pokémon</td>\\n\"",        \""      <td>Colorless</td>\\n\"",        \""      <td>200.0</td>\\n\"",        \""      <td>101.500000</td>\\n\"",        \""    </tr>\\n\"",        \""    <tr>\\n\"",        \""      <th>1</th>\\n\"",        "", ""xt/plain\"": [        \""                      name category       type     hp  overall_score\\n\"",        \""0                 Eevee ex  Pokémon  Colorless  200.0     101.500000\\n\"",        \""1                 Sawsbuck  Pokémon      Grass  130.0      44.666667\\n\"",        \""2                  Blitzle  Pokémon  Lightning   60.0      40.500000\\n\"",        \""3              "", ""d-81c6f4f0c8e1\"",    \""metadata\"": {},    \""outputs\"": [     {      \""data\"": {       \""text/plain\"": [        \""name\\n\"",        \""Eevee ex                  1\\n\"",        \""Sawsbuck                  1\\n\"",        \""Blitzle                   1\\n\"",        \""Beheeyem                  1\\n\"",        \""Squawkabilly              1\\n\"",        \""Dudunsparce ex            1\\n\"",        \""""]",3
D:\02_AI_and_Data\Kaggle-AI-Agents\PTCG_AI_Battle_Challenge\reports\notebook52\section5\expanded_transcripts\T52_S002__BASELINE_transcript.txt,T52_S002__BASELINE_transcript.txt,Bulbasaur,3,"[""onent: 50.0   Next side: Player ---------------------------------------------------------------------- Turn 2: Player — Bulbasaur used Bind Down   Damage: 10.0   Search score: 0.71   Search depth: 0   Nodes searched: 1   HP after move — Player: 60.0, Opponent: 40.0   Next side: Opponent ---------------------------------------------------------------------- T"", ""onent: 40.0   Next side: Player ---------------------------------------------------------------------- Turn 4: Player — Bulbasaur used Bind Down   Damage: 10.0   Search score: 0.64   Search depth: 0   Nodes searched: 1   HP after move — Player: 40.0, Opponent: 30.0   Next side: Opponent ---------------------------------------------------------------------- T"", ""onent: 30.0   Next side: Player ---------------------------------------------------------------------- Turn 6: Player — Bulbasaur used Bind Down   Damage: 10.0   Search score: 0.53   Search depth: 0   Nodes searched: 1   HP after move — Player: 20.0, Opponent: 20.0   Next side: Opponent ---------------------------------------------------------------------- T""]",3
D:\02_AI_and_Data\Kaggle-AI-Agents\PTCG_AI_Battle_Challenge\reports\notebook52\section5\expanded_transcripts\T52_S004__BASELINE_transcript.txt,T52_S004__BASELINE_transcript.txt,Charmander,3,"[""onent: 50.0   Next side: Player ---------------------------------------------------------------------- Turn 2: Player — Charmander used Live Coal   Damage: 20.0   Search score: 0.75   Search depth: 0   Nodes searched: 1   HP after move — Player: 60.0, Opponent: 30.0   Next side: Opponent ---------------------------------------------------------------------- "", ""onent: 30.0   Next side: Player ---------------------------------------------------------------------- Turn 4: Player — Charmander used Live Coal   Damage: 20.0   Search score: 0.68   Search depth: 0   Nodes searched: 1   HP after move — Player: 40.0, Opponent: 10.0   Next side: Opponent ---------------------------------------------------------------------- "", ""onent: 10.0   Next side: Player ---------------------------------------------------------------------- Turn 6: Player — Charmander used Live Coal   Damage: 20.0   Search score: 0.52   Search depth: 0   Nodes searched: 1   HP after move — Player: 20.0, Opponent: 0.0   Next side: Opponent ---------------------------------------------------------------------- W""]",3
D:\02_AI_and_Data\Kaggle-AI-Agents\PTCG_AI_Battle_Challenge\reports\notebook52\section5\expanded_transcripts\T52_S004__BASELINE_transcript.txt,T52_S004__BASELINE_transcript.txt,Eevee,3,"["" POKÉMON AI BATTLE TRANSCRIPT ====================================================================== Turn 1: Opponent — Eevee used Quick Attack   Damage: 20.0   Search score: 0.67   Search depth: 0   Nodes searched: 1   HP after move — Player: 60.0, Opponent: 50.0   Next side: Player ---------------------------------------------------------------------- Turn"", ""t: 30.0   Next side: Opponent ---------------------------------------------------------------------- Turn 3: Opponent — Eevee used Quick Attack   Damage: 20.0   Search score: 0.78   Search depth: 0   Nodes searched: 1   HP after move — Player: 40.0, Opponent: 30.0   Next side: Player ---------------------------------------------------------------------- Turn"", ""t: 10.0   Next side: Opponent ---------------------------------------------------------------------- Turn 5: Opponent — Eevee used Quick Attack   Damage: 20.0   Search score: 0.85   Search depth: 0   Nodes searched: 1   HP after move — Player: 20.0, Opponent: 10.0   Next side: Player ---------------------------------------------------------------------- Turn""]",3
D:\02_AI_and_Data\Kaggle-AI-Agents\PTCG_AI_Battle_Challenge\reports\notebook52\section5\expanded_transcripts\T52_S005__HP_PRESSURE_transcript.txt,T52_S005__HP_PRESSURE_transcript.txt,Bulbasaur,3,"[""t: 80.0   Next side: Opponent ---------------------------------------------------------------------- Turn 6: Opponent — Bulbasaur used Bind Down   Damage: 10.0   Search score: 0.73   Search depth: 0   Nodes searched: 1   HP after move — Player: 20.0, Opponent: 80.0   Next side: Player ---------------------------------------------------------------------- Tur"", ""t: 80.0   Next side: Opponent ---------------------------------------------------------------------- Turn 8: Opponent — Bulbasaur used Bind Down   Damage: 10.0   Search score: 0.67   Search depth: 0   Nodes searched: 1   HP after move — Player: 10.0, Opponent: 80.0   Next side: Player ---------------------------------------------------------------------- Tur"", "": 80.0   Next side: Opponent ---------------------------------------------------------------------- Turn 10: Opponent — Bulbasaur used Bind Down   Damage: 10.0   Search score: 0.65   Search depth: 0   Nodes searched: 1   HP after move — Player: 0.0, Opponent: 80.0   Next side: Player ---------------------------------------------------------------------- Winn""]",3
D:\02_AI_and_Data\Kaggle-AI-Agents\PTCG_AI_Battle_Challenge\reports\notebook52\section5\expanded_transcripts\T52_S005__HP_PRESSURE_transcript.txt,T52_S005__HP_PRESSURE_transcript.txt,Meowth,3,"[""== POKÉMON AI BATTLE TRANSCRIPT ====================================================================== Turn 5: Player — Meowth used Tuck Tail   Damage: 0.0   Search score: 0.76   Search depth: 0   Nodes searched: 1   HP after move — Player: 30.0, Opponent: 80.0   Next side: Opponent ---------------------------------------------------------------------- Turn "", ""onent: 80.0   Next side: Player ---------------------------------------------------------------------- Turn 7: Player — Meowth used Tuck Tail   Damage: 0.0   Search score: 0.65   Search depth: 0   Nodes searched: 1   HP after move — Player: 20.0, Opponent: 80.0   Next side: Opponent ---------------------------------------------------------------------- Turn "", ""onent: 80.0   Next side: Player ---------------------------------------------------------------------- Turn 9: Player — Meowth used Tuck Tail   Damage: 0.0   Search score: 0.63   Search depth: 0   Nodes searched: 1   HP after move — Player: 10.0, Opponent: 80.0   Next side: Opponent ---------------------------------------------------------------------- Turn ""]",3
D:\02_AI_and_Data\Kaggle-AI-Agents\PTCG_AI_Battle_Challenge\reports\notebook52\section5\expanded_transcripts\T52_S008__BASELINE_transcript.txt,T52_S008__BASELINE_transcript.txt,Charmander,3,"[""t: 80.0   Next side: Opponent ---------------------------------------------------------------------- Turn 3: Opponent — Charmander used Live Coal   Damage: 20.0   Search score: 0.95   Search depth: 0   Nodes searched: 1   HP after move — Player: 30.0, Opponent: 80.0   Next side: Player ---------------------------------------------------------------------- Tu"", ""t: 80.0   Next side: Opponent ---------------------------------------------------------------------- Turn 5: Opponent — Charmander used Live Coal   Damage: 20.0   Search score: 0.94   Search depth: 0   Nodes searched: 1   HP after move — Player: 10.0, Opponent: 80.0   Next side: Player ---------------------------------------------------------------------- Tu"", ""t: 80.0   Next side: Opponent ---------------------------------------------------------------------- Turn 7: Opponent — Charmander used Live Coal   Damage: 20.0   Search score: 0.81   Search depth: 0   Nodes searched: 1   HP after move — Player: 0.0, Opponent: 80.0   Next side: Player ---------------------------------------------------------------------- Win""]",3
D:\02_AI_and_Data\Kaggle-AI-Agents\PTCG_AI_Battle_Challenge\reports\notebook52\section5\expanded_transcripts\T52_S008__BASELINE_transcript.txt,T52_S008__BASELINE_transcript.txt,Eevee,3,"[""== POKÉMON AI BATTLE TRANSCRIPT ====================================================================== Turn 2: Player — Eevee used Ascension   Damage: 0.0   Search score: 0.99   Search depth: 0   Nodes searched: 1   HP after move — Player: 50.0, Opponent: 80.0   Next side: Opponent ---------------------------------------------------------------------- Turn 3"", ""onent: 80.0   Next side: Player ---------------------------------------------------------------------- Turn 4: Player — Eevee used Ascension   Damage: 0.0   Search score: 0.98   Search depth: 0   Nodes searched: 1   HP after move — Player: 30.0, Opponent: 80.0   Next side: Opponent ---------------------------------------------------------------------- Turn 5"", ""onent: 80.0   Next side: Player ---------------------------------------------------------------------- Turn 6: Player — Eevee used Ascension   Damage: 0.0   Search score: 0.86   Search depth: 0   Nodes searched: 1   HP after move — Player: 10.0, Opponent: 80.0   Next side: Opponent ---------------------------------------------------------------------- Turn 7""]",3
D:\02_AI_and_Data\Kaggle-AI-Agents\PTCG_AI_Battle_Challenge\reports\notebook52\section5\expanded_transcripts\T52_S004__ENERGY_PRESSURE_transcript.txt,T52_S004__ENERGY_PRESSURE_transcript.txt,Charmander,3,"[""onent: 50.0   Next side: Player ---------------------------------------------------------------------- Turn 4: Player — Charmander used Live Coal   Damage: 20.0   Search score: 0.80   Search depth: 0   Nodes searched: 1   HP after move — Player: 80.0, Opponent: 30.0   Next side: Opponent ---------------------------------------------------------------------- "", ""onent: 30.0   Next side: Player ---------------------------------------------------------------------- Turn 6: Player — Charmander used Live Coal   Damage: 20.0   Search score: 0.74   Search depth: 0   Nodes searched: 1   HP after move — Player: 80.0, Opponent: 10.0   Next side: Opponent ---------------------------------------------------------------------- "", ""onent: 10.0   Next side: Player ---------------------------------------------------------------------- Turn 8: Player — Charmander used Live Coal   Damage: 20.0   Search score: 0.63   Search depth: 0   Nodes searched: 1   HP after move — Player: 80.0, Opponent: 0.0   Next side: Opponent ---------------------------------------------------------------------- W""]",3
D:\02_AI_and_Data\Kaggle-AI-Agents\PTCG_AI_Battle_Challenge\reports\notebook52\section5\expanded_transcripts\T52_S004__ENERGY_PRESSURE_transcript.txt,T52_S004__ENERGY_PRESSURE_transcript.txt,Eevee,3,"["" POKÉMON AI BATTLE TRANSCRIPT ====================================================================== Turn 3: Opponent — Eevee used Ascension   Damage: 0.0   Search score: 0.88   Search depth: 0   Nodes searched: 1   HP after move — Player: 80.0, Opponent: 50.0   Next side: Player ---------------------------------------------------------------------- Turn 4: "", ""t: 30.0   Next side: Opponent ---------------------------------------------------------------------- Turn 5: Opponent — Eevee used Ascension   Damage: 0.0   Search score: 0.86   Search depth: 0   Nodes searched: 1   HP after move — Player: 80.0, Opponent: 30.0   Next side: Player ---------------------------------------------------------------------- Turn 6: "", ""t: 10.0   Next side: Opponent ---------------------------------------------------------------------- Turn 7: Opponent — Eevee used Ascension   Damage: 0.0   Search score: 0.75   Search depth: 0   Nodes searched: 1   HP after move — Player: 80.0, Opponent: 10.0   Next side: Player ---------------------------------------------------------------------- Turn 8: ""]",3
D:\02_AI_and_Data\Kaggle-AI-Agents\PTCG_AI_Battle_Challenge\reports\notebook52\section5\expanded_transcripts\T52_S003__BASELINE_transcript.txt,T52_S003__BASELINE_transcript.txt,Charmander,3,"[""== POKÉMON AI BATTLE TRANSCRIPT ====================================================================== Turn 1: Player — Charmander used Live Coal   Damage: 20.0   Search score: 0.60   Search depth: 0   Nodes searched: 1   HP after move — Player: 80.0, Opponent: 30.0   Next side: Opponent ---------------------------------------------------------------------- "", ""onent: 30.0   Next side: Player ---------------------------------------------------------------------- Turn 3: Player — Charmander used Live Coal   Damage: 20.0   Search score: 0.72   Search depth: 0   Nodes searched: 1   HP after move — Player: 60.0, Opponent: 10.0   Next side: Opponent ---------------------------------------------------------------------- "", ""onent: 10.0   Next side: Player ---------------------------------------------------------------------- Turn 5: Player — Charmander used Live Coal   Damage: 20.0   Search score: 0.64   Search depth: 0   Nodes searched: 1   HP after move — Player: 40.0, Opponent: 0.0   Next side: Opponent ---------------------------------------------------------------------- W""]",3
D:\02_AI_and_Data\Kaggle-AI-Agents\PTCG_AI_Battle_Challenge\reports\notebook52\section5\expanded_transcripts\T52_S006__HP_PRESSURE_transcript.txt,T52_S006__HP_PRESSURE_transcript.txt,Bulbasaur,3,"["" POKÉMON AI BATTLE TRANSCRIPT ====================================================================== Turn 5: Opponent — Bulbasaur used Bind Down   Damage: 10.0   Search score: 0.79   Search depth: 0   Nodes searched: 1   HP after move — Player: 20.0, Opponent: 80.0   Next side: Player ---------------------------------------------------------------------- Tur"", ""t: 80.0   Next side: Opponent ---------------------------------------------------------------------- Turn 7: Opponent — Bulbasaur used Bind Down   Damage: 10.0   Search score: 0.68   Search depth: 0   Nodes searched: 1   HP after move — Player: 10.0, Opponent: 80.0   Next side: Player ---------------------------------------------------------------------- Tur"", ""t: 80.0   Next side: Opponent ---------------------------------------------------------------------- Turn 9: Opponent — Bulbasaur used Bind Down   Damage: 10.0   Search score: 0.65   Search depth: 0   Nodes searched: 1   HP after move — Player: 0.0, Opponent: 80.0   Next side: Player ---------------------------------------------------------------------- Winn""]",3
D:\02_AI_and_Data\Kaggle-AI-Agents\PTCG_AI_Battle_Challenge\reports\notebook52\section5\expanded_transcripts\T52_S003__ENERGY_PRESSURE_transcript.txt,T52_S003__ENERGY_PRESSURE_transcript.txt,Charmander,3,"[""== POKÉMON AI BATTLE TRANSCRIPT ====================================================================== Turn 3: Player — Charmander used Live Coal   Damage: 20.0   Search score: 0.80   Search depth: 0   Nodes searched: 1   HP after move — Player: 80.0, Opponent: 30.0   Next side: Opponent ---------------------------------------------------------------------- "", ""onent: 30.0   Next side: Player ---------------------------------------------------------------------- Turn 5: Player — Charmander used Live Coal   Damage: 20.0   Search score: 0.77   Search depth: 0   Nodes searched: 1   HP after move — Player: 80.0, Opponent: 10.0   Next side: Opponent ---------------------------------------------------------------------- "", ""onent: 10.0   Next side: Player ---------------------------------------------------------------------- Turn 7: Player — Charmander used Live Coal   Damage: 20.0   Search score: 0.64   Search depth: 0   Nodes searched: 1   HP after move — Player: 80.0, Opponent: 0.0   Next side: Opponent ---------------------------------------------------------------------- W""]",3
D:\02_AI_and_Data\Kaggle-AI-Agents\PTCG_AI_Battle_Challenge\notebooks\50_side_balanced_policy_fine_tuning.ipynb,50_side_balanced_policy_fine_tuning.ipynb,Meowth,2,"[""n\"",        \""    </tr>\\n\"",        \""    <tr>\\n\"",        \""      <th>13</th>\\n\"",        \""      <td>categorical__player_card_Meowth</td>\\n\"",        \""      <td>0.014347</td>\\n\"",        \""      <td>0.958056</td>\\n\"",        \""    </tr>\\n\"",        \""    <tr>\\n\"",        \""      <th>14</th>\\n\"",        \""      <td>categorical__current_side_Opponent</td>\\n\"",        \""      <td"", ""     categorical__current_side_Player    0.015810               0.943708\\n\"",        \""13        categorical__player_card_Meowth    0.014347               0.958056\\n\"",        \""14     categorical__current_side_Opponent    0.012961               0.971017\\n\"",        \""15       categorical__opponent_card_Eevee    0.010434               0.981451\\n\"",        \""16  cate""]",3
D:\02_AI_and_Data\Kaggle-AI-Agents\PTCG_AI_Battle_Challenge\reports\notebook52\section5\expanded_transcripts\T52_S003__BASELINE_transcript.txt,T52_S003__BASELINE_transcript.txt,Eevee,2,"[""t: 30.0   Next side: Opponent ---------------------------------------------------------------------- Turn 2: Opponent — Eevee used Quick Attack   Damage: 20.0   Search score: 0.78   Search depth: 0   Nodes searched: 1   HP after move — Player: 60.0, Opponent: 30.0   Next side: Player ---------------------------------------------------------------------- Turn"", ""t: 10.0   Next side: Opponent ---------------------------------------------------------------------- Turn 4: Opponent — Eevee used Quick Attack   Damage: 20.0   Search score: 0.83   Search depth: 0   Nodes searched: 1   HP after move — Player: 40.0, Opponent: 10.0   Next side: Player ---------------------------------------------------------------------- Turn""]",3
D:\02_AI_and_Data\Kaggle-AI-Agents\PTCG_AI_Battle_Challenge\reports\notebook52\section5\expanded_transcripts\T52_S006__HP_PRESSURE_transcript.txt,T52_S006__HP_PRESSURE_transcript.txt,Meowth,2,"[""onent: 80.0   Next side: Player ---------------------------------------------------------------------- Turn 6: Player — Meowth used Tuck Tail   Damage: 0.0   Search score: 0.70   Search depth: 0   Nodes searched: 1   HP after move — Player: 20.0, Opponent: 80.0   Next side: Opponent ---------------------------------------------------------------------- Turn "", ""onent: 80.0   Next side: Player ---------------------------------------------------------------------- Turn 8: Player — Meowth used Tuck Tail   Damage: 0.0   Search score: 0.65   Search depth: 0   Nodes searched: 1   HP after move — Player: 10.0, Opponent: 80.0   Next side: Opponent ---------------------------------------------------------------------- Turn ""]",3
D:\02_AI_and_Data\Kaggle-AI-Agents\PTCG_AI_Battle_Challenge\reports\notebook52\section5\expanded_transcripts\T52_S003__ENERGY_PRESSURE_transcript.txt,T52_S003__ENERGY_PRESSURE_transcript.txt,Eevee,2,"[""t: 30.0   Next side: Opponent ---------------------------------------------------------------------- Turn 4: Opponent — Eevee used Ascension   Damage: 0.0   Search score: 0.86   Search depth: 0   Nodes searched: 1   HP after move — Player: 80.0, Opponent: 30.0   Next side: Player ---------------------------------------------------------------------- Turn 5: "", ""t: 10.0   Next side: Opponent ---------------------------------------------------------------------- Turn 6: Opponent — Eevee used Ascension   Damage: 0.0   Search score: 0.77   Search depth: 0   Nodes searched: 1   HP after move — Player: 80.0, Opponent: 10.0   Next side: Player ---------------------------------------------------------------------- Turn 7: ""]",3
D:\02_AI_and_Data\Kaggle-AI-Agents\PTCG_AI_Battle_Challenge\reports\notebook52\section5\expanded_transcripts\T52_S003__HP_PRESSURE_transcript.txt,T52_S003__HP_PRESSURE_transcript.txt,Charmander,2,"[""== POKÉMON AI BATTLE TRANSCRIPT ====================================================================== Turn 5: Player — Charmander used Live Coal   Damage: 20.0   Search score: 0.72   Search depth: 0   Nodes searched: 1   HP after move — Player: 40.0, Opponent: 30.0   Next side: Opponent ---------------------------------------------------------------------- "", ""onent: 30.0   Next side: Player ---------------------------------------------------------------------- Turn 7: Player — Charmander used Live Coal   Damage: 20.0   Search score: 0.53   Search depth: 0   Nodes searched: 1   HP after move — Player: 20.0, Opponent: 10.0   Next side: Opponent ---------------------------------------------------------------------- ""]",3
D:\02_AI_and_Data\Kaggle-AI-Agents\PTCG_AI_Battle_Challenge\reports\notebook52\section5\expanded_transcripts\T52_S003__HP_PRESSURE_transcript.txt,T52_S003__HP_PRESSURE_transcript.txt,Eevee,2,"[""t: 30.0   Next side: Opponent ---------------------------------------------------------------------- Turn 6: Opponent — Eevee used Quick Attack   Damage: 20.0   Search score: 0.90   Search depth: 0   Nodes searched: 1   HP after move — Player: 20.0, Opponent: 30.0   Next side: Player ---------------------------------------------------------------------- Turn"", ""t: 10.0   Next side: Opponent ---------------------------------------------------------------------- Turn 8: Opponent — Eevee used Quick Attack   Damage: 20.0   Search score: 0.92   Search depth: 0   Nodes searched: 1   HP after move — Player: 0.0, Opponent: 10.0   Next side: Player ---------------------------------------------------------------------- Winne""]",3
D:\02_AI_and_Data\Kaggle-AI-Agents\PTCG_AI_Battle_Challenge\reports\notebook52\section5\expanded_transcripts\T52_S001__HP_PRESSURE_transcript.txt,T52_S001__HP_PRESSURE_transcript.txt,Bulbasaur,2,"[""== POKÉMON AI BATTLE TRANSCRIPT ====================================================================== Turn 5: Player — Bulbasaur used Bind Down   Damage: 10.0   Search score: 0.67   Search depth: 0   Nodes searched: 1   HP after move — Player: 40.0, Opponent: 40.0   Next side: Opponent ---------------------------------------------------------------------- T"", ""onent: 40.0   Next side: Player ---------------------------------------------------------------------- Turn 7: Player — Bulbasaur used Bind Down   Damage: 10.0   Search score: 0.53   Search depth: 0   Nodes searched: 1   HP after move — Player: 20.0, Opponent: 30.0   Next side: Opponent ---------------------------------------------------------------------- T""]",3
D:\02_AI_and_Data\Kaggle-AI-Agents\PTCG_AI_Battle_Challenge\reports\notebook52\section5\expanded_transcripts\T52_S001__HP_PRESSURE_transcript.txt,T52_S001__HP_PRESSURE_transcript.txt,Eevee,2,"[""t: 40.0   Next side: Opponent ---------------------------------------------------------------------- Turn 6: Opponent — Eevee used Quick Attack   Damage: 20.0   Search score: 0.89   Search depth: 0   Nodes searched: 1   HP after move — Player: 20.0, Opponent: 40.0   Next side: Player ---------------------------------------------------------------------- Turn"", ""t: 30.0   Next side: Opponent ---------------------------------------------------------------------- Turn 8: Opponent — Eevee used Quick Attack   Damage: 20.0   Search score: 0.89   Search depth: 0   Nodes searched: 1   HP after move — Player: 0.0, Opponent: 30.0   Next side: Player ---------------------------------------------------------------------- Winne""]",3
D:\02_AI_and_Data\Kaggle-AI-Agents\PTCG_AI_Battle_Challenge\reports\notebook52\section5\expanded_transcripts\T52_S007__ENERGY_PRESSURE_transcript.txt,T52_S007__ENERGY_PRESSURE_transcript.txt,Bulbasaur,2,"[""nent: 20.0   Next side: Player ---------------------------------------------------------------------- Turn 12: Player — Bulbasaur used Bind Down   Damage: 10.0   Search score: 0.47   Search depth: 0   Nodes searched: 1   HP after move — Player: 20.0, Opponent: 10.0   Next side: Opponent ---------------------------------------------------------------------- T"", ""nent: 10.0   Next side: Player ---------------------------------------------------------------------- Turn 14: Player — Bulbasaur used Bind Down   Damage: 10.0   Search score: 0.45   Search depth: 0   Nodes searched: 1   HP after move — Player: 20.0, Opponent: 0.0   Next side: Opponent ---------------------------------------------------------------------- Wi""]",3
D:\02_AI_and_Data\Kaggle-AI-Agents\PTCG_AI_Battle_Challenge\reports\notebook52\section5\expanded_transcripts\T52_S007__ENERGY_PRESSURE_transcript.txt,T52_S007__ENERGY_PRESSURE_transcript.txt,Eevee,2,"[""POKÉMON AI BATTLE TRANSCRIPT ====================================================================== Turn 11: Opponent — Eevee used Ascension   Damage: 0.0   Search score: 0.55   Search depth: 0   Nodes searched: 1   HP after move — Player: 20.0, Opponent: 20.0   Next side: Player ---------------------------------------------------------------------- Turn 12:"", "": 10.0   Next side: Opponent ---------------------------------------------------------------------- Turn 13: Opponent — Eevee used Ascension   Damage: 0.0   Search score: 0.54   Search depth: 0   Nodes searched: 1   HP after move — Player: 20.0, Opponent: 10.0   Next side: Player ---------------------------------------------------------------------- Turn 14:""]",3
D:\02_AI_and_Data\Kaggle-AI-Agents\PTCG_AI_Battle_Challenge\reports\notebook52\section5\expanded_transcripts\T52_S008__HP_PRESSURE_transcript.txt,T52_S008__HP_PRESSURE_transcript.txt,Charmander,2,"[""t: 80.0   Next side: Opponent ---------------------------------------------------------------------- Turn 7: Opponent — Charmander used Live Coal   Damage: 20.0   Search score: 0.88   Search depth: 0   Nodes searched: 1   HP after move — Player: 5.0, Opponent: 80.0   Next side: Player ---------------------------------------------------------------------- Tur"", ""t: 80.0   Next side: Opponent ---------------------------------------------------------------------- Turn 9: Opponent — Charmander used Live Coal   Damage: 20.0   Search score: 0.78   Search depth: 0   Nodes searched: 1   HP after move — Player: 0.0, Opponent: 80.0   Next side: Player ---------------------------------------------------------------------- Win""]",3
D:\02_AI_and_Data\Kaggle-AI-Agents\PTCG_AI_Battle_Challenge\reports\notebook52\section5\expanded_transcripts\T52_S008__HP_PRESSURE_transcript.txt,T52_S008__HP_PRESSURE_transcript.txt,Eevee,2,"[""== POKÉMON AI BATTLE TRANSCRIPT ====================================================================== Turn 6: Player — Eevee used Ascension   Damage: 0.0   Search score: 0.93   Search depth: 0   Nodes searched: 1   HP after move — Player: 25.0, Opponent: 80.0   Next side: Opponent ---------------------------------------------------------------------- Turn 7"", ""onent: 80.0   Next side: Player ---------------------------------------------------------------------- Turn 8: Player — Eevee used Ascension   Damage: 0.0   Search score: 0.83   Search depth: 0   Nodes searched: 1   HP after move — Player: 5.0, Opponent: 80.0   Next side: Opponent ---------------------------------------------------------------------- Turn 9:""]",3
D:\02_AI_and_Data\Kaggle-AI-Agents\PTCG_AI_Battle_Challenge\reports\notebook27\first_full_game_transcript.txt,first_full_game_transcript.txt,Eevee,2,"[""== POKÉMON AI BATTLE TRANSCRIPT ====================================================================== Turn 1: Player — Eevee ex used Evolution Burst   Damage: 60.0   Search score: 633.00   Search depth: 6   Nodes searched: 17   HP after move — Player: 200.0, Opponent: 10.0   Next side: Opponent ---------------------------------------------------------------"", ""onent: 10.0   Next side: Player ---------------------------------------------------------------------- Turn 3: Player — Eevee ex used Evolution Burst   Damage: 60.0   Search score: 633.00   Search depth: 6   Nodes searched: 10   HP after move — Player: 170.0, Opponent: 0.0   Next side: Opponent ----------------------------------------------------------------""]",3
D:\02_AI_and_Data\Kaggle-AI-Agents\PTCG_AI_Battle_Challenge\reports\notebook52\section5\expanded_transcripts\T52_S004__HP_PRESSURE_transcript.txt,T52_S004__HP_PRESSURE_transcript.txt,Eevee,2,"["" POKÉMON AI BATTLE TRANSCRIPT ====================================================================== Turn 5: Opponent — Eevee used Quick Attack   Damage: 20.0   Search score: 0.79   Search depth: 0   Nodes searched: 1   HP after move — Player: 20.0, Opponent: 50.0   Next side: Player ---------------------------------------------------------------------- Turn"", ""t: 30.0   Next side: Opponent ---------------------------------------------------------------------- Turn 7: Opponent — Eevee used Quick Attack   Damage: 20.0   Search score: 0.90   Search depth: 0   Nodes searched: 1   HP after move — Player: 0.0, Opponent: 30.0   Next side: Player ---------------------------------------------------------------------- Winne""]",3
D:\02_AI_and_Data\Kaggle-AI-Agents\PTCG_AI_Battle_Challenge\reports\notebook52\section5\expanded_transcripts\T52_S002__HP_PRESSURE_transcript.txt,T52_S002__HP_PRESSURE_transcript.txt,Eevee,2,"["" POKÉMON AI BATTLE TRANSCRIPT ====================================================================== Turn 5: Opponent — Eevee used Quick Attack   Damage: 20.0   Search score: 0.78   Search depth: 0   Nodes searched: 1   HP after move — Player: 20.0, Opponent: 50.0   Next side: Player ---------------------------------------------------------------------- Turn"", ""t: 40.0   Next side: Opponent ---------------------------------------------------------------------- Turn 7: Opponent — Eevee used Quick Attack   Damage: 20.0   Search score: 0.89   Search depth: 0   Nodes searched: 1   HP after move — Player: 0.0, Opponent: 40.0   Next side: Player ---------------------------------------------------------------------- Winne""]",3
D:\02_AI_and_Data\Kaggle-AI-Agents\PTCG_AI_Battle_Challenge\reports\notebook52\section5\expanded_transcripts\T52_S004__HP_PRESSURE_transcript.txt,T52_S004__HP_PRESSURE_transcript.txt,Charmander,1,"[""onent: 50.0   Next side: Player ---------------------------------------------------------------------- Turn 6: Player — Charmander used Live Coal   Damage: 20.0   Search score: 0.59   Search depth: 0   Nodes searched: 1   HP after move — Player: 20.0, Opponent: 30.0   Next side: Opponent ---------------------------------------------------------------------- ""]",3
D:\02_AI_and_Data\Kaggle-AI-Agents\PTCG_AI_Battle_Challenge\reports\notebook52\section5\expanded_transcripts\T52_S002__HP_PRESSURE_transcript.txt,T52_S002__HP_PRESSURE_transcript.txt,Bulbasaur,1,"[""onent: 50.0   Next side: Player ---------------------------------------------------------------------- Turn 6: Player — Bulbasaur used Bind Down   Damage: 10.0   Search score: 0.57   Search depth: 0   Nodes searched: 1   HP after move — Player: 20.0, Opponent: 40.0   Next side: Opponent ---------------------------------------------------------------------- T""]",3
D:\02_AI_and_Data\Kaggle-AI-Agents\PTCG_AI_Battle_Challenge\reports\notebook52\section5\expanded_transcripts\T52_S007__HP_PRESSURE_transcript.txt,T52_S007__HP_PRESSURE_transcript.txt,Eevee,1,"[""POKÉMON AI BATTLE TRANSCRIPT ====================================================================== Turn 13: Opponent — Eevee used Quick Attack   Damage: 20.0   Search score: 1.00   Search depth: 0   Nodes searched: 1   HP after move — Player: 0.0, Opponent: 20.0   Next side: Player ---------------------------------------------------------------------- Winne""]",3
D:\02_AI_and_Data\Kaggle-AI-Agents\PTCG_AI_Battle_Challenge\reports\notebook52\section5\expanded_transcripts\T52_S007__BASELINE_transcript.txt,T52_S007__BASELINE_transcript.txt,Eevee,1,"["" POKÉMON AI BATTLE TRANSCRIPT ====================================================================== Turn 9: Opponent — Eevee used Quick Attack   Damage: 20.0   Search score: 1.00   Search depth: 0   Nodes searched: 1   HP after move — Player: 0.0, Opponent: 20.0   Next side: Player ---------------------------------------------------------------------- Winne""]",3
