normalized_card_name,normalized_move_name,parsed_damage,source_records,unique_source_files,maximum_source_priority,source_files,is_existing_benchmark_move
Bulbasaur,0.0,1.0,1,1,-5,"[""D:\\02_AI_and_Data\\Kaggle-AI-Agents\\PTCG_AI_Battle_Challenge\\reports\\notebook54\\section4\\section4a_move_source_agreement.csv""]",False
Bulbasaur,0.0,3.0,1,1,-5,"[""D:\\02_AI_and_Data\\Kaggle-AI-Agents\\PTCG_AI_Battle_Challenge\\reports\\notebook54\\section4\\section4a_move_damage_conflicts.csv""]",False
Bulbasaur,0.0,30.0,4,4,-2,"[""D:\\02_AI_and_Data\\Kaggle-AI-Agents\\PTCG_AI_Battle_Challenge\\reports\\notebook54\\section3\\section3b_discovered_move_records.csv"", ""D:\\02_AI_and_Data\\Kaggle-AI-Agents\\PTCG_AI_Battle_Challenge\\reports\\notebook54\\section4\\section4a_move_records_manual_review.csv"", ""D:\\02_AI_and_Data\\Kaggle-AI-Agents\\PTCG_AI_Battle_Challenge\\reports\\notebook54\\section4\\section4a_simulator_supported_move_records.csv"", ""D:\\02_AI_and_Data\\Kaggle-AI-Agents\\PTCG_AI_Battle_Challenge\\reports\\notebook54\\section4\\section4a_tournament_card_move_records.csv""]",False
Bulbasaur,0.0,46.0,7,7,-5,"[""D:\\02_AI_and_Data\\Kaggle-AI-Agents\\PTCG_AI_Battle_Challenge\\reports\\notebook54\\section4\\section4a_additional_source_backed_moves.csv"", ""D:\\02_AI_and_Data\\Kaggle-AI-Agents\\PTCG_AI_Battle_Challenge\\reports\\notebook54\\section4\\section4a_preferred_move_catalog.csv"", ""D:\\02_AI_and_Data\\Kaggle-AI-Agents\\PTCG_AI_Battle_Challenge\\reports\\notebook54\\section4\\section4a_safe_action_catalog.csv"", ""D:\\02_AI_and_Data\\Kaggle-AI-Agents\\PTCG_AI_Battle_Challenge\\reports\\notebook54\\section4\\section4b_candidate_transition_results.csv"", ""D:\\02_AI_and_Data\\Kaggle-AI-Agents\\PTCG_AI_Battle_Challenge\\reports\\notebook54\\section4\\section4b_transition_validated_candidate_catalog.csv"", ""D:\\02_AI_and_Data\\Kaggle-AI-Agents\\PTCG_AI_Battle_Challenge\\reports\\notebook54\\section4\\section4c_candidate_provenance_audit.csv"", ""D:\\02_AI_and_Data\\Kaggle-AI-Agents\\PTCG_AI_Battle_Challenge\\reports\\notebook54\\section4\\section4c_rejected_false_candidates.csv""]",False
Bulbasaur,0.1,1.0,1,1,-5,"[""D:\\02_AI_and_Data\\Kaggle-AI-Agents\\PTCG_AI_Battle_Challenge\\reports\\notebook54\\section4\\section4a_move_source_agreement.csv""]",False
Bulbasaur,0.1,2.0,1,1,-5,"[""D:\\02_AI_and_Data\\Kaggle-AI-Agents\\PTCG_AI_Battle_Challenge\\reports\\notebook54\\section4\\section4a_move_damage_conflicts.csv""]",False
Bulbasaur,0.1,30.0,11,11,-2,"[""D:\\02_AI_and_Data\\Kaggle-AI-Agents\\PTCG_AI_Battle_Challenge\\reports\\notebook54\\section3\\section3b_discovered_move_records.csv"", ""D:\\02_AI_and_Data\\Kaggle-AI-Agents\\PTCG_AI_Battle_Challenge\\reports\\notebook54\\section4\\section4a_additional_source_backed_moves.csv"", ""D:\\02_AI_and_Data\\Kaggle-AI-Agents\\PTCG_AI_Battle_Challenge\\reports\\notebook54\\section4\\section4a_move_records_manual_review.csv"", ""D:\\02_AI_and_Data\\Kaggle-AI-Agents\\PTCG_AI_Battle_Challenge\\reports\\notebook54\\section4\\section4a_preferred_move_catalog.csv"", ""D:\\02_AI_and_Data\\Kaggle-AI-Agents\\PTCG_AI_Battle_Challenge\\reports\\notebook54\\section4\\section4a_safe_action_catalog.csv"", ""D:\\02_AI_and_Data\\Kaggle-AI-Agents\\PTCG_AI_Battle_Challenge\\reports\\notebook54\\section4\\section4a_simulator_supported_move_records.csv"", ""D:\\02_AI_and_Data\\Kaggle-AI-Agents\\PTCG_AI_Battle_Challenge\\reports\\notebook54\\section4\\section4a_tournament_card_move_records.csv"", ""D:\\02_AI_and_Data\\Kaggle-AI-Agents\\PTCG_AI_Battle_Challenge\\reports\\notebook54\\section4\\section4b_candidate_transition_results.csv"", ""D:\\02_AI_and_Data\\Kaggle-AI-Agents\\PTCG_AI_Battle_Challenge\\reports\\notebook54\\section4\\section4b_transition_validated_candidate_catalog.csv"", ""D:\\02_AI_and_Data\\Kaggle-AI-Agents\\PTCG_AI_Battle_Challenge\\reports\\notebook54\\section4\\section4c_candidate_provenance_audit.csv"", ""D:\\02_AI_and_Data\\Kaggle-AI-Agents\\PTCG_AI_Battle_Challenge\\reports\\notebook54\\section4\\section4c_rejected_false_candidates.csv""]",False
Bulbasaur,0.12,1.0,1,1,-5,"[""D:\\02_AI_and_Data\\Kaggle-AI-Agents\\PTCG_AI_Battle_Challenge\\reports\\notebook54\\section4\\section4a_move_source_agreement.csv""]",False
Bulbasaur,0.12,2.0,1,1,-5,"[""D:\\02_AI_and_Data\\Kaggle-AI-Agents\\PTCG_AI_Battle_Challenge\\reports\\notebook54\\section4\\section4a_move_damage_conflicts.csv""]",False
Bulbasaur,0.12,30.0,11,11,-2,"[""D:\\02_AI_and_Data\\Kaggle-AI-Agents\\PTCG_AI_Battle_Challenge\\reports\\notebook54\\section3\\section3b_discovered_move_records.csv"", ""D:\\02_AI_and_Data\\Kaggle-AI-Agents\\PTCG_AI_Battle_Challenge\\reports\\notebook54\\section4\\section4a_additional_source_backed_moves.csv"", ""D:\\02_AI_and_Data\\Kaggle-AI-Agents\\PTCG_AI_Battle_Challenge\\reports\\notebook54\\section4\\section4a_move_records_manual_review.csv"", ""D:\\02_AI_and_Data\\Kaggle-AI-Agents\\PTCG_AI_Battle_Challenge\\reports\\notebook54\\section4\\section4a_preferred_move_catalog.csv"", ""D:\\02_AI_and_Data\\Kaggle-AI-Agents\\PTCG_AI_Battle_Challenge\\reports\\notebook54\\section4\\section4a_safe_action_catalog.csv"", ""D:\\02_AI_and_Data\\Kaggle-AI-Agents\\PTCG_AI_Battle_Challenge\\reports\\notebook54\\section4\\section4a_simulator_supported_move_records.csv"", ""D:\\02_AI_and_Data\\Kaggle-AI-Agents\\PTCG_AI_Battle_Challenge\\reports\\notebook54\\section4\\section4a_tournament_card_move_records.csv"", ""D:\\02_AI_and_Data\\Kaggle-AI-Agents\\PTCG_AI_Battle_Challenge\\reports\\notebook54\\section4\\section4b_candidate_transition_results.csv"", ""D:\\02_AI_and_Data\\Kaggle-AI-Agents\\PTCG_AI_Battle_Challenge\\reports\\notebook54\\section4\\section4b_transition_validated_candidate_catalog.csv"", ""D:\\02_AI_and_Data\\Kaggle-AI-Agents\\PTCG_AI_Battle_Challenge\\reports\\notebook54\\section4\\section4c_candidate_provenance_audit.csv"", ""D:\\02_AI_and_Data\\Kaggle-AI-Agents\\PTCG_AI_Battle_Challenge\\reports\\notebook54\\section4\\section4c_rejected_false_candidates.csv""]",False
Bulbasaur,0.12 0.1 0. 0. 0. 0. 0. 0.52,1.0,1,1,-5,"[""D:\\02_AI_and_Data\\Kaggle-AI-Agents\\PTCG_AI_Battle_Challenge\\reports\\notebook54\\section4\\section4a_move_source_agreement.csv""]",False
Bulbasaur,0.12 0.1 0. 0. 0. 0. 0. 0.52,2.0,1,1,-5,"[""D:\\02_AI_and_Data\\Kaggle-AI-Agents\\PTCG_AI_Battle_Challenge\\reports\\notebook54\\section4\\section4a_move_damage_conflicts.csv""]",False
Bulbasaur,0.12 0.1 0. 0. 0. 0. 0. 0.52,30.0,14,11,-2,"[""D:\\02_AI_and_Data\\Kaggle-AI-Agents\\PTCG_AI_Battle_Challenge\\reports\\notebook54\\section3\\section3b_discovered_move_records.csv"", ""D:\\02_AI_and_Data\\Kaggle-AI-Agents\\PTCG_AI_Battle_Challenge\\reports\\notebook54\\section4\\section4a_additional_source_backed_moves.csv"", ""D:\\02_AI_and_Data\\Kaggle-AI-Agents\\PTCG_AI_Battle_Challenge\\reports\\notebook54\\section4\\section4a_move_records_manual_review.csv"", ""D:\\02_AI_and_Data\\Kaggle-AI-Agents\\PTCG_AI_Battle_Challenge\\reports\\notebook54\\section4\\section4a_preferred_move_catalog.csv"", ""D:\\02_AI_and_Data\\Kaggle-AI-Agents\\PTCG_AI_Battle_Challenge\\reports\\notebook54\\section4\\section4a_safe_action_catalog.csv"", ""D:\\02_AI_and_Data\\Kaggle-AI-Agents\\PTCG_AI_Battle_Challenge\\reports\\notebook54\\section4\\section4a_simulator_supported_move_records.csv"", ""D:\\02_AI_and_Data\\Kaggle-AI-Agents\\PTCG_AI_Battle_Challenge\\reports\\notebook54\\section4\\section4a_tournament_card_move_records.csv"", ""D:\\02_AI_and_Data\\Kaggle-AI-Agents\\PTCG_AI_Battle_Challenge\\reports\\notebook54\\section4\\section4b_candidate_transition_results.csv"", ""D:\\02_AI_and_Data\\Kaggle-AI-Agents\\PTCG_AI_Battle_Challenge\\reports\\notebook54\\section4\\section4b_transition_validated_candidate_catalog.csv"", ""D:\\02_AI_and_Data\\Kaggle-AI-Agents\\PTCG_AI_Battle_Challenge\\reports\\notebook54\\section4\\section4c_candidate_provenance_audit.csv"", ""D:\\02_AI_and_Data\\Kaggle-AI-Agents\\PTCG_AI_Battle_Challenge\\reports\\notebook54\\section4\\section4c_rejected_false_candidates.csv""]",False
Bulbasaur,0.12 0.1 1. 0. 0. 0. 0. 1.52,1.0,1,1,-5,"[""D:\\02_AI_and_Data\\Kaggle-AI-Agents\\PTCG_AI_Battle_Challenge\\reports\\notebook54\\section4\\section4a_move_source_agreement.csv""]",False
Bulbasaur,0.12 0.1 1. 0. 0. 0. 0. 1.52,2.0,1,1,-5,"[""D:\\02_AI_and_Data\\Kaggle-AI-Agents\\PTCG_AI_Battle_Challenge\\reports\\notebook54\\section4\\section4a_move_damage_conflicts.csv""]",False
Bulbasaur,0.12 0.1 1. 0. 0. 0. 0. 1.52,28.0,14,11,-2,"[""D:\\02_AI_and_Data\\Kaggle-AI-Agents\\PTCG_AI_Battle_Challenge\\reports\\notebook54\\section3\\section3b_discovered_move_records.csv"", ""D:\\02_AI_and_Data\\Kaggle-AI-Agents\\PTCG_AI_Battle_Challenge\\reports\\notebook54\\section4\\section4a_additional_source_backed_moves.csv"", ""D:\\02_AI_and_Data\\Kaggle-AI-Agents\\PTCG_AI_Battle_Challenge\\reports\\notebook54\\section4\\section4a_move_records_manual_review.csv"", ""D:\\02_AI_and_Data\\Kaggle-AI-Agents\\PTCG_AI_Battle_Challenge\\reports\\notebook54\\section4\\section4a_preferred_move_catalog.csv"", ""D:\\02_AI_and_Data\\Kaggle-AI-Agents\\PTCG_AI_Battle_Challenge\\reports\\notebook54\\section4\\section4a_safe_action_catalog.csv"", ""D:\\02_AI_and_Data\\Kaggle-AI-Agents\\PTCG_AI_Battle_Challenge\\reports\\notebook54\\section4\\section4a_simulator_supported_move_records.csv"", ""D:\\02_AI_and_Data\\Kaggle-AI-Agents\\PTCG_AI_Battle_Challenge\\reports\\notebook54\\section4\\section4a_tournament_card_move_records.csv"", ""D:\\02_AI_and_Data\\Kaggle-AI-Agents\\PTCG_AI_Battle_Challenge\\reports\\notebook54\\section4\\section4b_candidate_transition_results.csv"", ""D:\\02_AI_and_Data\\Kaggle-AI-Agents\\PTCG_AI_Battle_Challenge\\reports\\notebook54\\section4\\section4b_transition_validated_candidate_catalog.csv"", ""D:\\02_AI_and_Data\\Kaggle-AI-Agents\\PTCG_AI_Battle_Challenge\\reports\\notebook54\\section4\\section4c_candidate_provenance_audit.csv"", ""D:\\02_AI_and_Data\\Kaggle-AI-Agents\\PTCG_AI_Battle_Challenge\\reports\\notebook54\\section4\\section4c_rejected_false_candidates.csv""]",False
Bulbasaur,0.2,1.0,1,1,-5,"[""D:\\02_AI_and_Data\\Kaggle-AI-Agents\\PTCG_AI_Battle_Challenge\\reports\\notebook54\\section4\\section4a_move_source_agreement.csv""]",False
Bulbasaur,0.2,3.0,1,1,-5,"[""D:\\02_AI_and_Data\\Kaggle-AI-Agents\\PTCG_AI_Battle_Challenge\\reports\\notebook54\\section4\\section4a_move_damage_conflicts.csv""]",False
Bulbasaur,0.2,30.0,4,4,-2,"[""D:\\02_AI_and_Data\\Kaggle-AI-Agents\\PTCG_AI_Battle_Challenge\\reports\\notebook54\\section3\\section3b_discovered_move_records.csv"", ""D:\\02_AI_and_Data\\Kaggle-AI-Agents\\PTCG_AI_Battle_Challenge\\reports\\notebook54\\section4\\section4a_move_records_manual_review.csv"", ""D:\\02_AI_and_Data\\Kaggle-AI-Agents\\PTCG_AI_Battle_Challenge\\reports\\notebook54\\section4\\section4a_simulator_supported_move_records.csv"", ""D:\\02_AI_and_Data\\Kaggle-AI-Agents\\PTCG_AI_Battle_Challenge\\reports\\notebook54\\section4\\section4a_tournament_card_move_records.csv""]",False
Bulbasaur,0.2,46.0,7,7,-5,"[""D:\\02_AI_and_Data\\Kaggle-AI-Agents\\PTCG_AI_Battle_Challenge\\reports\\notebook54\\section4\\section4a_additional_source_backed_moves.csv"", ""D:\\02_AI_and_Data\\Kaggle-AI-Agents\\PTCG_AI_Battle_Challenge\\reports\\notebook54\\section4\\section4a_preferred_move_catalog.csv"", ""D:\\02_AI_and_Data\\Kaggle-AI-Agents\\PTCG_AI_Battle_Challenge\\reports\\notebook54\\section4\\section4a_safe_action_catalog.csv"", ""D:\\02_AI_and_Data\\Kaggle-AI-Agents\\PTCG_AI_Battle_Challenge\\reports\\notebook54\\section4\\section4b_candidate_transition_results.csv"", ""D:\\02_AI_and_Data\\Kaggle-AI-Agents\\PTCG_AI_Battle_Challenge\\reports\\notebook54\\section4\\section4b_transition_validated_candidate_catalog.csv"", ""D:\\02_AI_and_Data\\Kaggle-AI-Agents\\PTCG_AI_Battle_Challenge\\reports\\notebook54\\section4\\section4c_candidate_provenance_audit.csv"", ""D:\\02_AI_and_Data\\Kaggle-AI-Agents\\PTCG_AI_Battle_Challenge\\reports\\notebook54\\section4\\section4c_rejected_false_candidates.csv""]",False
Bulbasaur,0.28,1.0,1,1,-5,"[""D:\\02_AI_and_Data\\Kaggle-AI-Agents\\PTCG_AI_Battle_Challenge\\reports\\notebook54\\section4\\section4a_move_source_agreement.csv""]",False
Bulbasaur,0.28,3.0,1,1,-5,"[""D:\\02_AI_and_Data\\Kaggle-AI-Agents\\PTCG_AI_Battle_Challenge\\reports\\notebook54\\section4\\section4a_move_damage_conflicts.csv""]",False
Bulbasaur,0.28,30.0,4,4,-2,"[""D:\\02_AI_and_Data\\Kaggle-AI-Agents\\PTCG_AI_Battle_Challenge\\reports\\notebook54\\section3\\section3b_discovered_move_records.csv"", ""D:\\02_AI_and_Data\\Kaggle-AI-Agents\\PTCG_AI_Battle_Challenge\\reports\\notebook54\\section4\\section4a_move_records_manual_review.csv"", ""D:\\02_AI_and_Data\\Kaggle-AI-Agents\\PTCG_AI_Battle_Challenge\\reports\\notebook54\\section4\\section4a_simulator_supported_move_records.csv"", ""D:\\02_AI_and_Data\\Kaggle-AI-Agents\\PTCG_AI_Battle_Challenge\\reports\\notebook54\\section4\\section4a_tournament_card_move_records.csv""]",False
Bulbasaur,0.28,46.0,7,7,-5,"[""D:\\02_AI_and_Data\\Kaggle-AI-Agents\\PTCG_AI_Battle_Challenge\\reports\\notebook54\\section4\\section4a_additional_source_backed_moves.csv"", ""D:\\02_AI_and_Data\\Kaggle-AI-Agents\\PTCG_AI_Battle_Challenge\\reports\\notebook54\\section4\\section4a_preferred_move_catalog.csv"", ""D:\\02_AI_and_Data\\Kaggle-AI-Agents\\PTCG_AI_Battle_Challenge\\reports\\notebook54\\section4\\section4a_safe_action_catalog.csv"", ""D:\\02_AI_and_Data\\Kaggle-AI-Agents\\PTCG_AI_Battle_Challenge\\reports\\notebook54\\section4\\section4b_candidate_transition_results.csv"", ""D:\\02_AI_and_Data\\Kaggle-AI-Agents\\PTCG_AI_Battle_Challenge\\reports\\notebook54\\section4\\section4b_transition_validated_candidate_catalog.csv"", ""D:\\02_AI_and_Data\\Kaggle-AI-Agents\\PTCG_AI_Battle_Challenge\\reports\\notebook54\\section4\\section4c_candidate_provenance_audit.csv"", ""D:\\02_AI_and_Data\\Kaggle-AI-Agents\\PTCG_AI_Battle_Challenge\\reports\\notebook54\\section4\\section4c_rejected_false_candidates.csv""]",False
Bulbasaur,0.28 0.2 0. 0. 0. 0. 0. 0.73,1.0,1,1,-5,"[""D:\\02_AI_and_Data\\Kaggle-AI-Agents\\PTCG_AI_Battle_Challenge\\reports\\notebook54\\section4\\section4a_move_source_agreement.csv""]",False
Bulbasaur,0.28 0.2 0. 0. 0. 0. 0. 0.73,2.0,1,1,-5,"[""D:\\02_AI_and_Data\\Kaggle-AI-Agents\\PTCG_AI_Battle_Challenge\\reports\\notebook54\\section4\\section4a_move_damage_conflicts.csv""]",False
Bulbasaur,0.28 0.2 0. 0. 0. 0. 0. 0.73,30.0,14,11,-2,"[""D:\\02_AI_and_Data\\Kaggle-AI-Agents\\PTCG_AI_Battle_Challenge\\reports\\notebook54\\section3\\section3b_discovered_move_records.csv"", ""D:\\02_AI_and_Data\\Kaggle-AI-Agents\\PTCG_AI_Battle_Challenge\\reports\\notebook54\\section4\\section4a_additional_source_backed_moves.csv"", ""D:\\02_AI_and_Data\\Kaggle-AI-Agents\\PTCG_AI_Battle_Challenge\\reports\\notebook54\\section4\\section4a_move_records_manual_review.csv"", ""D:\\02_AI_and_Data\\Kaggle-AI-Agents\\PTCG_AI_Battle_Challenge\\reports\\notebook54\\section4\\section4a_preferred_move_catalog.csv"", ""D:\\02_AI_and_Data\\Kaggle-AI-Agents\\PTCG_AI_Battle_Challenge\\reports\\notebook54\\section4\\section4a_safe_action_catalog.csv"", ""D:\\02_AI_and_Data\\Kaggle-AI-Agents\\PTCG_AI_Battle_Challenge\\reports\\notebook54\\section4\\section4a_simulator_supported_move_records.csv"", ""D:\\02_AI_and_Data\\Kaggle-AI-Agents\\PTCG_AI_Battle_Challenge\\reports\\notebook54\\section4\\section4a_tournament_card_move_records.csv"", ""D:\\02_AI_and_Data\\Kaggle-AI-Agents\\PTCG_AI_Battle_Challenge\\reports\\notebook54\\section4\\section4b_candidate_transition_results.csv"", ""D:\\02_AI_and_Data\\Kaggle-AI-Agents\\PTCG_AI_Battle_Challenge\\reports\\notebook54\\section4\\section4b_transition_validated_candidate_catalog.csv"", ""D:\\02_AI_and_Data\\Kaggle-AI-Agents\\PTCG_AI_Battle_Challenge\\reports\\notebook54\\section4\\section4c_candidate_provenance_audit.csv"", ""D:\\02_AI_and_Data\\Kaggle-AI-Agents\\PTCG_AI_Battle_Challenge\\reports\\notebook54\\section4\\section4c_rejected_false_candidates.csv""]",False
Bulbasaur,0.28 0.2 1. 0. 0. 0. 0. 1.73,1.0,1,1,-5,"[""D:\\02_AI_and_Data\\Kaggle-AI-Agents\\PTCG_AI_Battle_Challenge\\reports\\notebook54\\section4\\section4a_move_source_agreement.csv""]",False
Bulbasaur,0.28 0.2 1. 0. 0. 0. 0. 1.73,2.0,1,1,-5,"[""D:\\02_AI_and_Data\\Kaggle-AI-Agents\\PTCG_AI_Battle_Challenge\\reports\\notebook54\\section4\\section4a_move_damage_conflicts.csv""]",False
Bulbasaur,0.28 0.2 1. 0. 0. 0. 0. 1.73,46.0,14,11,-2,"[""D:\\02_AI_and_Data\\Kaggle-AI-Agents\\PTCG_AI_Battle_Challenge\\reports\\notebook54\\section3\\section3b_discovered_move_records.csv"", ""D:\\02_AI_and_Data\\Kaggle-AI-Agents\\PTCG_AI_Battle_Challenge\\reports\\notebook54\\section4\\section4a_additional_source_backed_moves.csv"", ""D:\\02_AI_and_Data\\Kaggle-AI-Agents\\PTCG_AI_Battle_Challenge\\reports\\notebook54\\section4\\section4a_move_records_manual_review.csv"", ""D:\\02_AI_and_Data\\Kaggle-AI-Agents\\PTCG_AI_Battle_Challenge\\reports\\notebook54\\section4\\section4a_preferred_move_catalog.csv"", ""D:\\02_AI_and_Data\\Kaggle-AI-Agents\\PTCG_AI_Battle_Challenge\\reports\\notebook54\\section4\\section4a_safe_action_catalog.csv"", ""D:\\02_AI_and_Data\\Kaggle-AI-Agents\\PTCG_AI_Battle_Challenge\\reports\\notebook54\\section4\\section4a_simulator_supported_move_records.csv"", ""D:\\02_AI_and_Data\\Kaggle-AI-Agents\\PTCG_AI_Battle_Challenge\\reports\\notebook54\\section4\\section4a_tournament_card_move_records.csv"", ""D:\\02_AI_and_Data\\Kaggle-AI-Agents\\PTCG_AI_Battle_Challenge\\reports\\notebook54\\section4\\section4b_candidate_transition_results.csv"", ""D:\\02_AI_and_Data\\Kaggle-AI-Agents\\PTCG_AI_Battle_Challenge\\reports\\notebook54\\section4\\section4b_transition_validated_candidate_catalog.csv"", ""D:\\02_AI_and_Data\\Kaggle-AI-Agents\\PTCG_AI_Battle_Challenge\\reports\\notebook54\\section4\\section4c_candidate_provenance_audit.csv"", ""D:\\02_AI_and_Data\\Kaggle-AI-Agents\\PTCG_AI_Battle_Challenge\\reports\\notebook54\\section4\\section4c_rejected_false_candidates.csv""]",False
Bulbasaur,0.52,1.0,1,1,-5,"[""D:\\02_AI_and_Data\\Kaggle-AI-Agents\\PTCG_AI_Battle_Challenge\\reports\\notebook54\\section4\\section4a_move_source_agreement.csv""]",False
Bulbasaur,0.52,2.0,1,1,-5,"[""D:\\02_AI_and_Data\\Kaggle-AI-Agents\\PTCG_AI_Battle_Challenge\\reports\\notebook54\\section4\\section4a_move_damage_conflicts.csv""]",False
Bulbasaur,0.52,30.0,11,11,-2,"[""D:\\02_AI_and_Data\\Kaggle-AI-Agents\\PTCG_AI_Battle_Challenge\\reports\\notebook54\\section3\\section3b_discovered_move_records.csv"", ""D:\\02_AI_and_Data\\Kaggle-AI-Agents\\PTCG_AI_Battle_Challenge\\reports\\notebook54\\section4\\section4a_additional_source_backed_moves.csv"", ""D:\\02_AI_and_Data\\Kaggle-AI-Agents\\PTCG_AI_Battle_Challenge\\reports\\notebook54\\section4\\section4a_move_records_manual_review.csv"", ""D:\\02_AI_and_Data\\Kaggle-AI-Agents\\PTCG_AI_Battle_Challenge\\reports\\notebook54\\section4\\section4a_preferred_move_catalog.csv"", ""D:\\02_AI_and_Data\\Kaggle-AI-Agents\\PTCG_AI_Battle_Challenge\\reports\\notebook54\\section4\\section4a_safe_action_catalog.csv"", ""D:\\02_AI_and_Data\\Kaggle-AI-Agents\\PTCG_AI_Battle_Challenge\\reports\\notebook54\\section4\\section4a_simulator_supported_move_records.csv"", ""D:\\02_AI_and_Data\\Kaggle-AI-Agents\\PTCG_AI_Battle_Challenge\\reports\\notebook54\\section4\\section4a_tournament_card_move_records.csv"", ""D:\\02_AI_and_Data\\Kaggle-AI-Agents\\PTCG_AI_Battle_Challenge\\reports\\notebook54\\section4\\section4b_candidate_transition_results.csv"", ""D:\\02_AI_and_Data\\Kaggle-AI-Agents\\PTCG_AI_Battle_Challenge\\reports\\notebook54\\section4\\section4b_transition_validated_candidate_catalog.csv"", ""D:\\02_AI_and_Data\\Kaggle-AI-Agents\\PTCG_AI_Battle_Challenge\\reports\\notebook54\\section4\\section4c_candidate_provenance_audit.csv"", ""D:\\02_AI_and_Data\\Kaggle-AI-Agents\\PTCG_AI_Battle_Challenge\\reports\\notebook54\\section4\\section4c_rejected_false_candidates.csv""]",False
Bulbasaur,0.73,1.0,1,1,-5,"[""D:\\02_AI_and_Data\\Kaggle-AI-Agents\\PTCG_AI_Battle_Challenge\\reports\\notebook54\\section4\\section4a_move_source_agreement.csv""]",False
Bulbasaur,0.73,2.0,1,1,-5,"[""D:\\02_AI_and_Data\\Kaggle-AI-Agents\\PTCG_AI_Battle_Challenge\\reports\\notebook54\\section4\\section4a_move_damage_conflicts.csv""]",False
Bulbasaur,0.73,30.0,11,11,-2,"[""D:\\02_AI_and_Data\\Kaggle-AI-Agents\\PTCG_AI_Battle_Challenge\\reports\\notebook54\\section3\\section3b_discovered_move_records.csv"", ""D:\\02_AI_and_Data\\Kaggle-AI-Agents\\PTCG_AI_Battle_Challenge\\reports\\notebook54\\section4\\section4a_additional_source_backed_moves.csv"", ""D:\\02_AI_and_Data\\Kaggle-AI-Agents\\PTCG_AI_Battle_Challenge\\reports\\notebook54\\section4\\section4a_move_records_manual_review.csv"", ""D:\\02_AI_and_Data\\Kaggle-AI-Agents\\PTCG_AI_Battle_Challenge\\reports\\notebook54\\section4\\section4a_preferred_move_catalog.csv"", ""D:\\02_AI_and_Data\\Kaggle-AI-Agents\\PTCG_AI_Battle_Challenge\\reports\\notebook54\\section4\\section4a_safe_action_catalog.csv"", ""D:\\02_AI_and_Data\\Kaggle-AI-Agents\\PTCG_AI_Battle_Challenge\\reports\\notebook54\\section4\\section4a_simulator_supported_move_records.csv"", ""D:\\02_AI_and_Data\\Kaggle-AI-Agents\\PTCG_AI_Battle_Challenge\\reports\\notebook54\\section4\\section4a_tournament_card_move_records.csv"", ""D:\\02_AI_and_Data\\Kaggle-AI-Agents\\PTCG_AI_Battle_Challenge\\reports\\notebook54\\section4\\section4b_candidate_transition_results.csv"", ""D:\\02_AI_and_Data\\Kaggle-AI-Agents\\PTCG_AI_Battle_Challenge\\reports\\notebook54\\section4\\section4b_transition_validated_candidate_catalog.csv"", ""D:\\02_AI_and_Data\\Kaggle-AI-Agents\\PTCG_AI_Battle_Challenge\\reports\\notebook54\\section4\\section4c_candidate_provenance_audit.csv"", ""D:\\02_AI_and_Data\\Kaggle-AI-Agents\\PTCG_AI_Battle_Challenge\\reports\\notebook54\\section4\\section4c_rejected_false_candidates.csv""]",False
Bulbasaur,1,1.0,1,1,-5,"[""D:\\02_AI_and_Data\\Kaggle-AI-Agents\\PTCG_AI_Battle_Challenge\\reports\\notebook54\\section4\\section4a_move_source_agreement.csv""]",False
Bulbasaur,1,2.0,1,1,-5,"[""D:\\02_AI_and_Data\\Kaggle-AI-Agents\\PTCG_AI_Battle_Challenge\\reports\\notebook54\\section4\\section4a_move_damage_conflicts.csv""]",False
Bulbasaur,1,10.0,3,3,-5,"[""D:\\02_AI_and_Data\\Kaggle-AI-Agents\\PTCG_AI_Battle_Challenge\\reports\\notebook54\\section4\\section4q_complete_verified_action_catalog.csv"", ""D:\\02_AI_and_Data\\Kaggle-AI-Agents\\PTCG_AI_Battle_Challenge\\reports\\notebook54\\section4\\section4q_printed_vs_simulator_availability.csv"", ""D:\\02_AI_and_Data\\Kaggle-AI-Agents\\PTCG_AI_Battle_Challenge\\reports\\notebook54\\section4\\section4q_verified_printed_actions.csv""]",False
Bulbasaur,1,30.0,4,4,-5,"[""D:\\02_AI_and_Data\\Kaggle-AI-Agents\\PTCG_AI_Battle_Challenge\\reports\\notebook47\\competitive_policy_test_predictions.csv"", ""D:\\02_AI_and_Data\\Kaggle-AI-Agents\\PTCG_AI_Battle_Challenge\\reports\\notebook54\\section4\\section4a_move_records_manual_review.csv"", ""D:\\02_AI_and_Data\\Kaggle-AI-Agents\\PTCG_AI_Battle_Challenge\\reports\\notebook54\\section4\\section4a_preferred_move_catalog.csv"", ""D:\\02_AI_and_Data\\Kaggle-AI-Agents\\PTCG_AI_Battle_Challenge\\reports\\notebook54\\section4\\section4a_simulator_supported_move_records.csv""]",False
Bulbasaur,1.0,1.0,1,1,-5,"[""D:\\02_AI_and_Data\\Kaggle-AI-Agents\\PTCG_AI_Battle_Challenge\\reports\\notebook54\\section4\\section4a_move_source_agreement.csv""]",False
Bulbasaur,1.0,3.0,1,1,-5,"[""D:\\02_AI_and_Data\\Kaggle-AI-Agents\\PTCG_AI_Battle_Challenge\\reports\\notebook54\\section4\\section4a_move_damage_conflicts.csv""]",False
Bulbasaur,1.0,46.0,9,9,-5,"[""D:\\02_AI_and_Data\\Kaggle-AI-Agents\\PTCG_AI_Battle_Challenge\\reports\\notebook54\\section4\\section4a_additional_source_backed_moves.csv"", ""D:\\02_AI_and_Data\\Kaggle-AI-Agents\\PTCG_AI_Battle_Challenge\\reports\\notebook54\\section4\\section4a_move_records_manual_review.csv"", ""D:\\02_AI_and_Data\\Kaggle-AI-Agents\\PTCG_AI_Battle_Challenge\\reports\\notebook54\\section4\\section4a_preferred_move_catalog.csv"", ""D:\\02_AI_and_Data\\Kaggle-AI-Agents\\PTCG_AI_Battle_Challenge\\reports\\notebook54\\section4\\section4a_safe_action_catalog.csv"", ""D:\\02_AI_and_Data\\Kaggle-AI-Agents\\PTCG_AI_Battle_Challenge\\reports\\notebook54\\section4\\section4a_simulator_supported_move_records.csv"", ""D:\\02_AI_and_Data\\Kaggle-AI-Agents\\PTCG_AI_Battle_Challenge\\reports\\notebook54\\section4\\section4b_candidate_transition_results.csv"", ""D:\\02_AI_and_Data\\Kaggle-AI-Agents\\PTCG_AI_Battle_Challenge\\reports\\notebook54\\section4\\section4b_transition_validated_candidate_catalog.csv"", ""D:\\02_AI_and_Data\\Kaggle-AI-Agents\\PTCG_AI_Battle_Challenge\\reports\\notebook54\\section4\\section4c_candidate_provenance_audit.csv"", ""D:\\02_AI_and_Data\\Kaggle-AI-Agents\\PTCG_AI_Battle_Challenge\\reports\\notebook54\\section4\\section4c_rejected_false_candidates.csv""]",False
Bulbasaur,1.52,1.0,1,1,-5,"[""D:\\02_AI_and_Data\\Kaggle-AI-Agents\\PTCG_AI_Battle_Challenge\\reports\\notebook54\\section4\\section4a_move_source_agreement.csv""]",False
Bulbasaur,1.52,2.0,1,1,-5,"[""D:\\02_AI_and_Data\\Kaggle-AI-Agents\\PTCG_AI_Battle_Challenge\\reports\\notebook54\\section4\\section4a_move_damage_conflicts.csv""]",False
Bulbasaur,1.52,28.0,11,11,-2,"[""D:\\02_AI_and_Data\\Kaggle-AI-Agents\\PTCG_AI_Battle_Challenge\\reports\\notebook54\\section3\\section3b_discovered_move_records.csv"", ""D:\\02_AI_and_Data\\Kaggle-AI-Agents\\PTCG_AI_Battle_Challenge\\reports\\notebook54\\section4\\section4a_additional_source_backed_moves.csv"", ""D:\\02_AI_and_Data\\Kaggle-AI-Agents\\PTCG_AI_Battle_Challenge\\reports\\notebook54\\section4\\section4a_move_records_manual_review.csv"", ""D:\\02_AI_and_Data\\Kaggle-AI-Agents\\PTCG_AI_Battle_Challenge\\reports\\notebook54\\section4\\section4a_preferred_move_catalog.csv"", ""D:\\02_AI_and_Data\\Kaggle-AI-Agents\\PTCG_AI_Battle_Challenge\\reports\\notebook54\\section4\\section4a_safe_action_catalog.csv"", ""D:\\02_AI_and_Data\\Kaggle-AI-Agents\\PTCG_AI_Battle_Challenge\\reports\\notebook54\\section4\\section4a_simulator_supported_move_records.csv"", ""D:\\02_AI_and_Data\\Kaggle-AI-Agents\\PTCG_AI_Battle_Challenge\\reports\\notebook54\\section4\\section4a_tournament_card_move_records.csv"", ""D:\\02_AI_and_Data\\Kaggle-AI-Agents\\PTCG_AI_Battle_Challenge\\reports\\notebook54\\section4\\section4b_candidate_transition_results.csv"", ""D:\\02_AI_and_Data\\Kaggle-AI-Agents\\PTCG_AI_Battle_Challenge\\reports\\notebook54\\section4\\section4b_transition_validated_candidate_catalog.csv"", ""D:\\02_AI_and_Data\\Kaggle-AI-Agents\\PTCG_AI_Battle_Challenge\\reports\\notebook54\\section4\\section4c_candidate_provenance_audit.csv"", ""D:\\02_AI_and_Data\\Kaggle-AI-Agents\\PTCG_AI_Battle_Challenge\\reports\\notebook54\\section4\\section4c_rejected_false_candidates.csv""]",False
Bulbasaur,1.73,1.0,1,1,-5,"[""D:\\02_AI_and_Data\\Kaggle-AI-Agents\\PTCG_AI_Battle_Challenge\\reports\\notebook54\\section4\\section4a_move_source_agreement.csv""]",False
Bulbasaur,1.73,2.0,1,1,-5,"[""D:\\02_AI_and_Data\\Kaggle-AI-Agents\\PTCG_AI_Battle_Challenge\\reports\\notebook54\\section4\\section4a_move_damage_conflicts.csv""]",False
Bulbasaur,1.73,46.0,11,11,-2,"[""D:\\02_AI_and_Data\\Kaggle-AI-Agents\\PTCG_AI_Battle_Challenge\\reports\\notebook54\\section3\\section3b_discovered_move_records.csv"", ""D:\\02_AI_and_Data\\Kaggle-AI-Agents\\PTCG_AI_Battle_Challenge\\reports\\notebook54\\section4\\section4a_additional_source_backed_moves.csv"", ""D:\\02_AI_and_Data\\Kaggle-AI-Agents\\PTCG_AI_Battle_Challenge\\reports\\notebook54\\section4\\section4a_move_records_manual_review.csv"", ""D:\\02_AI_and_Data\\Kaggle-AI-Agents\\PTCG_AI_Battle_Challenge\\reports\\notebook54\\section4\\section4a_preferred_move_catalog.csv"", ""D:\\02_AI_and_Data\\Kaggle-AI-Agents\\PTCG_AI_Battle_Challenge\\reports\\notebook54\\section4\\section4a_safe_action_catalog.csv"", ""D:\\02_AI_and_Data\\Kaggle-AI-Agents\\PTCG_AI_Battle_Challenge\\reports\\notebook54\\section4\\section4a_simulator_supported_move_records.csv"", ""D:\\02_AI_and_Data\\Kaggle-AI-Agents\\PTCG_AI_Battle_Challenge\\reports\\notebook54\\section4\\section4a_tournament_card_move_records.csv"", ""D:\\02_AI_and_Data\\Kaggle-AI-Agents\\PTCG_AI_Battle_Challenge\\reports\\notebook54\\section4\\section4b_candidate_transition_results.csv"", ""D:\\02_AI_and_Data\\Kaggle-AI-Agents\\PTCG_AI_Battle_Challenge\\reports\\notebook54\\section4\\section4b_transition_validated_candidate_catalog.csv"", ""D:\\02_AI_and_Data\\Kaggle-AI-Agents\\PTCG_AI_Battle_Challenge\\reports\\notebook54\\section4\\section4c_candidate_provenance_audit.csv"", ""D:\\02_AI_and_Data\\Kaggle-AI-Agents\\PTCG_AI_Battle_Challenge\\reports\\notebook54\\section4\\section4c_rejected_false_candidates.csv""]",False
Bulbasaur,151,103.0,1,1,-5,"[""D:\\02_AI_and_Data\\Kaggle-AI-Agents\\PTCG_AI_Battle_Challenge\\reports\\notebook54\\section4\\section4a_candidate_move_validation_summary.json""]",False
Bulbasaur,2,2.0,1,1,-5,"[""D:\\02_AI_and_Data\\Kaggle-AI-Agents\\PTCG_AI_Battle_Challenge\\reports\\notebook54\\section4\\section4a_move_source_agreement.csv""]",False
Bulbasaur,2,3.0,1,1,-5,"[""D:\\02_AI_and_Data\\Kaggle-AI-Agents\\PTCG_AI_Battle_Challenge\\reports\\notebook54\\section4\\section4a_move_damage_conflicts.csv""]",False
Bulbasaur,2,30.0,6,6,-2,"[""D:\\02_AI_and_Data\\Kaggle-AI-Agents\\PTCG_AI_Battle_Challenge\\reports\\notebook47\\competitive_policy_test_predictions.csv"", ""D:\\02_AI_and_Data\\Kaggle-AI-Agents\\PTCG_AI_Battle_Challenge\\reports\\notebook54\\section3\\section3b_discovered_move_records.csv"", ""D:\\02_AI_and_Data\\Kaggle-AI-Agents\\PTCG_AI_Battle_Challenge\\reports\\notebook54\\section4\\section4a_move_records_manual_review.csv"", ""D:\\02_AI_and_Data\\Kaggle-AI-Agents\\PTCG_AI_Battle_Challenge\\reports\\notebook54\\section4\\section4a_preferred_move_catalog.csv"", ""D:\\02_AI_and_Data\\Kaggle-AI-Agents\\PTCG_AI_Battle_Challenge\\reports\\notebook54\\section4\\section4a_simulator_supported_move_records.csv"", ""D:\\02_AI_and_Data\\Kaggle-AI-Agents\\PTCG_AI_Battle_Challenge\\reports\\notebook54\\section4\\section4a_tournament_card_move_records.csv""]",False
Bulbasaur,2,70.0,1,1,-5,"[""D:\\02_AI_and_Data\\Kaggle-AI-Agents\\PTCG_AI_Battle_Challenge\\reports\\notebook47\\competitive_policy_test_errors.csv""]",False
Bulbasaur,21,1.0,1,1,-5,"[""D:\\02_AI_and_Data\\Kaggle-AI-Agents\\PTCG_AI_Battle_Challenge\\reports\\notebook54\\section4\\section4a_move_damage_conflicts.csv""]",False
Bulbasaur,21,46.0,6,6,-2,"[""D:\\02_AI_and_Data\\Kaggle-AI-Agents\\PTCG_AI_Battle_Challenge\\reports\\notebook54\\section3\\section3b_discovered_move_records.csv"", ""D:\\02_AI_and_Data\\Kaggle-AI-Agents\\PTCG_AI_Battle_Challenge\\reports\\notebook54\\section4\\section4a_move_records_manual_review.csv"", ""D:\\02_AI_and_Data\\Kaggle-AI-Agents\\PTCG_AI_Battle_Challenge\\reports\\notebook54\\section4\\section4a_move_source_agreement.csv"", ""D:\\02_AI_and_Data\\Kaggle-AI-Agents\\PTCG_AI_Battle_Challenge\\reports\\notebook54\\section4\\section4a_preferred_move_catalog.csv"", ""D:\\02_AI_and_Data\\Kaggle-AI-Agents\\PTCG_AI_Battle_Challenge\\reports\\notebook54\\section4\\section4a_simulator_supported_move_records.csv"", ""D:\\02_AI_and_Data\\Kaggle-AI-Agents\\PTCG_AI_Battle_Challenge\\reports\\notebook54\\section4\\section4a_tournament_card_move_records.csv""]",False
Bulbasaur,32,1.0,1,1,-5,"[""D:\\02_AI_and_Data\\Kaggle-AI-Agents\\PTCG_AI_Battle_Challenge\\reports\\notebook54\\section4\\section4a_move_damage_conflicts.csv""]",False
Bulbasaur,32,8.0,7,7,-2,"[""D:\\02_AI_and_Data\\Kaggle-AI-Agents\\PTCG_AI_Battle_Challenge\\reports\\notebook54\\section3\\section3b_discovered_move_records.csv"", ""D:\\02_AI_and_Data\\Kaggle-AI-Agents\\PTCG_AI_Battle_Challenge\\reports\\notebook54\\section4\\section4a_move_records_manual_review.csv"", ""D:\\02_AI_and_Data\\Kaggle-AI-Agents\\PTCG_AI_Battle_Challenge\\reports\\notebook54\\section4\\section4a_move_source_agreement.csv"", ""D:\\02_AI_and_Data\\Kaggle-AI-Agents\\PTCG_AI_Battle_Challenge\\reports\\notebook54\\section4\\section4a_preferred_move_catalog.csv"", ""D:\\02_AI_and_Data\\Kaggle-AI-Agents\\PTCG_AI_Battle_Challenge\\reports\\notebook54\\section4\\section4a_simulator_supported_move_records.csv"", ""D:\\02_AI_and_Data\\Kaggle-AI-Agents\\PTCG_AI_Battle_Challenge\\reports\\notebook54\\section4\\section4a_tournament_card_move_records.csv"", ""D:\\02_AI_and_Data\\Kaggle-AI-Agents\\PTCG_AI_Battle_Challenge\\reports\\notebook54\\section4\\section4b_candidate_transition_summary.json""]",False
Bulbasaur,39,46.0,1,1,-2,"[""D:\\02_AI_and_Data\\Kaggle-AI-Agents\\PTCG_AI_Battle_Challenge\\reports\\notebook54\\section4\\section4a_card_candidate_profile.csv""]",False
Bulbasaur,8,1.0,1,1,-5,"[""D:\\02_AI_and_Data\\Kaggle-AI-Agents\\PTCG_AI_Battle_Challenge\\reports\\notebook54\\section4\\section4a_move_damage_conflicts.csv""]",False
Bulbasaur,8,28.0,7,7,-2,"[""D:\\02_AI_and_Data\\Kaggle-AI-Agents\\PTCG_AI_Battle_Challenge\\reports\\notebook54\\section3\\section3b_discovered_move_records.csv"", ""D:\\02_AI_and_Data\\Kaggle-AI-Agents\\PTCG_AI_Battle_Challenge\\reports\\notebook54\\section4\\section4a_move_records_manual_review.csv"", ""D:\\02_AI_and_Data\\Kaggle-AI-Agents\\PTCG_AI_Battle_Challenge\\reports\\notebook54\\section4\\section4a_move_source_agreement.csv"", ""D:\\02_AI_and_Data\\Kaggle-AI-Agents\\PTCG_AI_Battle_Challenge\\reports\\notebook54\\section4\\section4a_preferred_move_catalog.csv"", ""D:\\02_AI_and_Data\\Kaggle-AI-Agents\\PTCG_AI_Battle_Challenge\\reports\\notebook54\\section4\\section4a_simulator_supported_move_records.csv"", ""D:\\02_AI_and_Data\\Kaggle-AI-Agents\\PTCG_AI_Battle_Challenge\\reports\\notebook54\\section4\\section4a_tournament_card_move_records.csv"", ""D:\\02_AI_and_Data\\Kaggle-AI-Agents\\PTCG_AI_Battle_Challenge\\reports\\notebook54\\section4\\section4b_candidate_transitions_by_card.csv""]",False
Bulbasaur,81,1.0,1,1,-5,"[""D:\\02_AI_and_Data\\Kaggle-AI-Agents\\PTCG_AI_Battle_Challenge\\reports\\notebook54\\section4\\section4a_move_damage_conflicts.csv""]",False
Bulbasaur,81,4.0,6,6,-2,"[""D:\\02_AI_and_Data\\Kaggle-AI-Agents\\PTCG_AI_Battle_Challenge\\reports\\notebook54\\section3\\section3b_discovered_move_records.csv"", ""D:\\02_AI_and_Data\\Kaggle-AI-Agents\\PTCG_AI_Battle_Challenge\\reports\\notebook54\\section4\\section4a_move_records_manual_review.csv"", ""D:\\02_AI_and_Data\\Kaggle-AI-Agents\\PTCG_AI_Battle_Challenge\\reports\\notebook54\\section4\\section4a_move_source_agreement.csv"", ""D:\\02_AI_and_Data\\Kaggle-AI-Agents\\PTCG_AI_Battle_Challenge\\reports\\notebook54\\section4\\section4a_preferred_move_catalog.csv"", ""D:\\02_AI_and_Data\\Kaggle-AI-Agents\\PTCG_AI_Battle_Challenge\\reports\\notebook54\\section4\\section4a_simulator_supported_move_records.csv"", ""D:\\02_AI_and_Data\\Kaggle-AI-Agents\\PTCG_AI_Battle_Challenge\\reports\\notebook54\\section4\\section4a_tournament_card_move_records.csv""]",False
Bulbasaur,Bind Down,1.0,1,1,-5,"[""D:\\02_AI_and_Data\\Kaggle-AI-Agents\\PTCG_AI_Battle_Challenge\\reports\\notebook54\\section4\\section4a_move_source_agreement.csv""]",True
Bulbasaur,Bind Down,2.0,1,1,-5,"[""D:\\02_AI_and_Data\\Kaggle-AI-Agents\\PTCG_AI_Battle_Challenge\\reports\\notebook54\\section4\\section4a_move_damage_conflicts.csv""]",True
Bulbasaur,Bind Down,10.0,6,6,-5,"[""D:\\02_AI_and_Data\\Kaggle-AI-Agents\\PTCG_AI_Battle_Challenge\\reports\\notebook52\\section5\\section5b_expanded_turn_results.csv"", ""D:\\02_AI_and_Data\\Kaggle-AI-Agents\\PTCG_AI_Battle_Challenge\\reports\\notebook53\\section6\\section6e_tournament_replay_turns.csv"", ""D:\\02_AI_and_Data\\Kaggle-AI-Agents\\PTCG_AI_Battle_Challenge\\reports\\notebook54\\section4\\section4a_preferred_move_catalog.csv"", ""D:\\02_AI_and_Data\\Kaggle-AI-Agents\\PTCG_AI_Battle_Challenge\\reports\\notebook54\\section4\\section4a_safe_action_catalog.csv"", ""D:\\02_AI_and_Data\\Kaggle-AI-Agents\\PTCG_AI_Battle_Challenge\\reports\\notebook54\\section4\\section4a_simulator_supported_move_records.csv"", ""D:\\02_AI_and_Data\\Kaggle-AI-Agents\\PTCG_AI_Battle_Challenge\\reports\\notebook54\\section4\\section4r_verified_attack_energy_readiness.csv""]",True
Bulbasaur,Bite,0.0,7,7,-2,"[""D:\\02_AI_and_Data\\Kaggle-AI-Agents\\PTCG_AI_Battle_Challenge\\reports\\notebook46\\actor_perspective_suspicious_records.csv"", ""D:\\02_AI_and_Data\\Kaggle-AI-Agents\\PTCG_AI_Battle_Challenge\\reports\\notebook54\\section3\\section3b_discovered_move_records.csv"", ""D:\\02_AI_and_Data\\Kaggle-AI-Agents\\PTCG_AI_Battle_Challenge\\reports\\notebook54\\section4\\section4a_move_records_manual_review.csv"", ""D:\\02_AI_and_Data\\Kaggle-AI-Agents\\PTCG_AI_Battle_Challenge\\reports\\notebook54\\section4\\section4a_move_source_agreement.csv"", ""D:\\02_AI_and_Data\\Kaggle-AI-Agents\\PTCG_AI_Battle_Challenge\\reports\\notebook54\\section4\\section4a_preferred_move_catalog.csv"", ""D:\\02_AI_and_Data\\Kaggle-AI-Agents\\PTCG_AI_Battle_Challenge\\reports\\notebook54\\section4\\section4a_simulator_supported_move_records.csv"", ""D:\\02_AI_and_Data\\Kaggle-AI-Agents\\PTCG_AI_Battle_Challenge\\reports\\notebook54\\section4\\section4a_tournament_card_move_records.csv""]",False
Bulbasaur,Bite,2.0,1,1,-5,"[""D:\\02_AI_and_Data\\Kaggle-AI-Agents\\PTCG_AI_Battle_Challenge\\reports\\notebook54\\section4\\section4a_move_damage_conflicts.csv""]",False
Bulbasaur,Flame Tail,0.0,7,7,-2,"[""D:\\02_AI_and_Data\\Kaggle-AI-Agents\\PTCG_AI_Battle_Challenge\\reports\\notebook46\\actor_perspective_suspicious_records.csv"", ""D:\\02_AI_and_Data\\Kaggle-AI-Agents\\PTCG_AI_Battle_Challenge\\reports\\notebook54\\section3\\section3b_discovered_move_records.csv"", ""D:\\02_AI_and_Data\\Kaggle-AI-Agents\\PTCG_AI_Battle_Challenge\\reports\\notebook54\\section4\\section4a_move_records_manual_review.csv"", ""D:\\02_AI_and_Data\\Kaggle-AI-Agents\\PTCG_AI_Battle_Challenge\\reports\\notebook54\\section4\\section4a_move_source_agreement.csv"", ""D:\\02_AI_and_Data\\Kaggle-AI-Agents\\PTCG_AI_Battle_Challenge\\reports\\notebook54\\section4\\section4a_preferred_move_catalog.csv"", ""D:\\02_AI_and_Data\\Kaggle-AI-Agents\\PTCG_AI_Battle_Challenge\\reports\\notebook54\\section4\\section4a_simulator_supported_move_records.csv"", ""D:\\02_AI_and_Data\\Kaggle-AI-Agents\\PTCG_AI_Battle_Challenge\\reports\\notebook54\\section4\\section4a_tournament_card_move_records.csv""]",False
Bulbasaur,Flame Tail,2.0,1,1,-5,"[""D:\\02_AI_and_Data\\Kaggle-AI-Agents\\PTCG_AI_Battle_Challenge\\reports\\notebook54\\section4\\section4a_move_damage_conflicts.csv""]",False
Bulbasaur,Fury Swipes,0.0,7,7,-2,"[""D:\\02_AI_and_Data\\Kaggle-AI-Agents\\PTCG_AI_Battle_Challenge\\reports\\notebook46\\actor_perspective_suspicious_records.csv"", ""D:\\02_AI_and_Data\\Kaggle-AI-Agents\\PTCG_AI_Battle_Challenge\\reports\\notebook54\\section3\\section3b_discovered_move_records.csv"", ""D:\\02_AI_and_Data\\Kaggle-AI-Agents\\PTCG_AI_Battle_Challenge\\reports\\notebook54\\section4\\section4a_move_records_manual_review.csv"", ""D:\\02_AI_and_Data\\Kaggle-AI-Agents\\PTCG_AI_Battle_Challenge\\reports\\notebook54\\section4\\section4a_move_source_agreement.csv"", ""D:\\02_AI_and_Data\\Kaggle-AI-Agents\\PTCG_AI_Battle_Challenge\\reports\\notebook54\\section4\\section4a_preferred_move_catalog.csv"", ""D:\\02_AI_and_Data\\Kaggle-AI-Agents\\PTCG_AI_Battle_Challenge\\reports\\notebook54\\section4\\section4a_simulator_supported_move_records.csv"", ""D:\\02_AI_and_Data\\Kaggle-AI-Agents\\PTCG_AI_Battle_Challenge\\reports\\notebook54\\section4\\section4a_tournament_card_move_records.csv""]",False
Bulbasaur,Fury Swipes,2.0,1,1,-5,"[""D:\\02_AI_and_Data\\Kaggle-AI-Agents\\PTCG_AI_Battle_Challenge\\reports\\notebook54\\section4\\section4a_move_damage_conflicts.csv""]",False
Bulbasaur,Pass,0.0,6,6,-5,"[""D:\\02_AI_and_Data\\Kaggle-AI-Agents\\PTCG_AI_Battle_Challenge\\reports\\notebook52\\section5\\section5b_expanded_turn_results.csv"", ""D:\\02_AI_and_Data\\Kaggle-AI-Agents\\PTCG_AI_Battle_Challenge\\reports\\notebook53\\section6\\section6e_tournament_replay_turns.csv"", ""D:\\02_AI_and_Data\\Kaggle-AI-Agents\\PTCG_AI_Battle_Challenge\\reports\\notebook54\\section4\\section4a_move_records_manual_review.csv"", ""D:\\02_AI_and_Data\\Kaggle-AI-Agents\\PTCG_AI_Battle_Challenge\\reports\\notebook54\\section4\\section4a_move_source_agreement.csv"", ""D:\\02_AI_and_Data\\Kaggle-AI-Agents\\PTCG_AI_Battle_Challenge\\reports\\notebook54\\section4\\section4a_preferred_move_catalog.csv"", ""D:\\02_AI_and_Data\\Kaggle-AI-Agents\\PTCG_AI_Battle_Challenge\\reports\\notebook54\\section4\\section4a_simulator_supported_move_records.csv""]",False
Bulbasaur,Pass,2.0,1,1,-5,"[""D:\\02_AI_and_Data\\Kaggle-AI-Agents\\PTCG_AI_Battle_Challenge\\reports\\notebook54\\section4\\section4a_move_damage_conflicts.csv""]",False
Bulbasaur,Quick Attack,0.0,5,5,-5,"[""D:\\02_AI_and_Data\\Kaggle-AI-Agents\\PTCG_AI_Battle_Challenge\\reports\\notebook46\\actor_perspective_suspicious_records.csv"", ""D:\\02_AI_and_Data\\Kaggle-AI-Agents\\PTCG_AI_Battle_Challenge\\reports\\notebook54\\section4\\section4a_move_records_manual_review.csv"", ""D:\\02_AI_and_Data\\Kaggle-AI-Agents\\PTCG_AI_Battle_Challenge\\reports\\notebook54\\section4\\section4a_move_source_agreement.csv"", ""D:\\02_AI_and_Data\\Kaggle-AI-Agents\\PTCG_AI_Battle_Challenge\\reports\\notebook54\\section4\\section4a_preferred_move_catalog.csv"", ""D:\\02_AI_and_Data\\Kaggle-AI-Agents\\PTCG_AI_Battle_Challenge\\reports\\notebook54\\section4\\section4a_simulator_supported_move_records.csv""]",False
Bulbasaur,Quick Attack,3.0,1,1,-5,"[""D:\\02_AI_and_Data\\Kaggle-AI-Agents\\PTCG_AI_Battle_Challenge\\reports\\notebook54\\section4\\section4a_move_damage_conflicts.csv""]",False
Bulbasaur,Quick Attack,20.0,1,1,-5,"[""D:\\02_AI_and_Data\\Kaggle-AI-Agents\\PTCG_AI_Battle_Challenge\\reports\\notebook51\\section6\\section6d_real_state_transition.csv""]",False
Bulbasaur,Scratch,0.0,7,7,-2,"[""D:\\02_AI_and_Data\\Kaggle-AI-Agents\\PTCG_AI_Battle_Challenge\\reports\\notebook46\\actor_perspective_suspicious_records.csv"", ""D:\\02_AI_and_Data\\Kaggle-AI-Agents\\PTCG_AI_Battle_Challenge\\reports\\notebook54\\section3\\section3b_discovered_move_records.csv"", ""D:\\02_AI_and_Data\\Kaggle-AI-Agents\\PTCG_AI_Battle_Challenge\\reports\\notebook54\\section4\\section4a_move_records_manual_review.csv"", ""D:\\02_AI_and_Data\\Kaggle-AI-Agents\\PTCG_AI_Battle_Challenge\\reports\\notebook54\\section4\\section4a_move_source_agreement.csv"", ""D:\\02_AI_and_Data\\Kaggle-AI-Agents\\PTCG_AI_Battle_Challenge\\reports\\notebook54\\section4\\section4a_preferred_move_catalog.csv"", ""D:\\02_AI_and_Data\\Kaggle-AI-Agents\\PTCG_AI_Battle_Challenge\\reports\\notebook54\\section4\\section4a_simulator_supported_move_records.csv"", ""D:\\02_AI_and_Data\\Kaggle-AI-Agents\\PTCG_AI_Battle_Challenge\\reports\\notebook54\\section4\\section4a_tournament_card_move_records.csv""]",False
Bulbasaur,Scratch,2.0,1,1,-5,"[""D:\\02_AI_and_Data\\Kaggle-AI-Agents\\PTCG_AI_Battle_Challenge\\reports\\notebook54\\section4\\section4a_move_damage_conflicts.csv""]",False
Bulbasaur,Tackle,0.0,7,7,-2,"[""D:\\02_AI_and_Data\\Kaggle-AI-Agents\\PTCG_AI_Battle_Challenge\\reports\\notebook46\\actor_perspective_suspicious_records.csv"", ""D:\\02_AI_and_Data\\Kaggle-AI-Agents\\PTCG_AI_Battle_Challenge\\reports\\notebook54\\section3\\section3b_discovered_move_records.csv"", ""D:\\02_AI_and_Data\\Kaggle-AI-Agents\\PTCG_AI_Battle_Challenge\\reports\\notebook54\\section4\\section4a_move_records_manual_review.csv"", ""D:\\02_AI_and_Data\\Kaggle-AI-Agents\\PTCG_AI_Battle_Challenge\\reports\\notebook54\\section4\\section4a_move_source_agreement.csv"", ""D:\\02_AI_and_Data\\Kaggle-AI-Agents\\PTCG_AI_Battle_Challenge\\reports\\notebook54\\section4\\section4a_preferred_move_catalog.csv"", ""D:\\02_AI_and_Data\\Kaggle-AI-Agents\\PTCG_AI_Battle_Challenge\\reports\\notebook54\\section4\\section4a_simulator_supported_move_records.csv"", ""D:\\02_AI_and_Data\\Kaggle-AI-Agents\\PTCG_AI_Battle_Challenge\\reports\\notebook54\\section4\\section4a_tournament_card_move_records.csv""]",False
Bulbasaur,Tackle,2.0,1,1,-5,"[""D:\\02_AI_and_Data\\Kaggle-AI-Agents\\PTCG_AI_Battle_Challenge\\reports\\notebook54\\section4\\section4a_move_damage_conflicts.csv""]",False
Bulbasaur,Tail Whap,0.0,7,7,-2,"[""D:\\02_AI_and_Data\\Kaggle-AI-Agents\\PTCG_AI_Battle_Challenge\\reports\\notebook46\\actor_perspective_suspicious_records.csv"", ""D:\\02_AI_and_Data\\Kaggle-AI-Agents\\PTCG_AI_Battle_Challenge\\reports\\notebook54\\section3\\section3b_discovered_move_records.csv"", ""D:\\02_AI_and_Data\\Kaggle-AI-Agents\\PTCG_AI_Battle_Challenge\\reports\\notebook54\\section4\\section4a_move_records_manual_review.csv"", ""D:\\02_AI_and_Data\\Kaggle-AI-Agents\\PTCG_AI_Battle_Challenge\\reports\\notebook54\\section4\\section4a_move_source_agreement.csv"", ""D:\\02_AI_and_Data\\Kaggle-AI-Agents\\PTCG_AI_Battle_Challenge\\reports\\notebook54\\section4\\section4a_preferred_move_catalog.csv"", ""D:\\02_AI_and_Data\\Kaggle-AI-Agents\\PTCG_AI_Battle_Challenge\\reports\\notebook54\\section4\\section4a_simulator_supported_move_records.csv"", ""D:\\02_AI_and_Data\\Kaggle-AI-Agents\\PTCG_AI_Battle_Challenge\\reports\\notebook54\\section4\\section4a_tournament_card_move_records.csv""]",False
Bulbasaur,Tail Whap,2.0,1,1,-5,"[""D:\\02_AI_and_Data\\Kaggle-AI-Agents\\PTCG_AI_Battle_Challenge\\reports\\notebook54\\section4\\section4a_move_damage_conflicts.csv""]",False
Bulbasaur,Thunderbolt,0.0,7,7,-2,"[""D:\\02_AI_and_Data\\Kaggle-AI-Agents\\PTCG_AI_Battle_Challenge\\reports\\notebook46\\actor_perspective_suspicious_records.csv"", ""D:\\02_AI_and_Data\\Kaggle-AI-Agents\\PTCG_AI_Battle_Challenge\\reports\\notebook54\\section3\\section3b_discovered_move_records.csv"", ""D:\\02_AI_and_Data\\Kaggle-AI-Agents\\PTCG_AI_Battle_Challenge\\reports\\notebook54\\section4\\section4a_move_records_manual_review.csv"", ""D:\\02_AI_and_Data\\Kaggle-AI-Agents\\PTCG_AI_Battle_Challenge\\reports\\notebook54\\section4\\section4a_move_source_agreement.csv"", ""D:\\02_AI_and_Data\\Kaggle-AI-Agents\\PTCG_AI_Battle_Challenge\\reports\\notebook54\\section4\\section4a_preferred_move_catalog.csv"", ""D:\\02_AI_and_Data\\Kaggle-AI-Agents\\PTCG_AI_Battle_Challenge\\reports\\notebook54\\section4\\section4a_simulator_supported_move_records.csv"", ""D:\\02_AI_and_Data\\Kaggle-AI-Agents\\PTCG_AI_Battle_Challenge\\reports\\notebook54\\section4\\section4a_tournament_card_move_records.csv""]",False
Bulbasaur,Thunderbolt,2.0,1,1,-5,"[""D:\\02_AI_and_Data\\Kaggle-AI-Agents\\PTCG_AI_Battle_Challenge\\reports\\notebook54\\section4\\section4a_move_damage_conflicts.csv""]",False
Bulbasaur,Water Pulse,0.0,7,7,-2,"[""D:\\02_AI_and_Data\\Kaggle-AI-Agents\\PTCG_AI_Battle_Challenge\\reports\\notebook46\\actor_perspective_suspicious_records.csv"", ""D:\\02_AI_and_Data\\Kaggle-AI-Agents\\PTCG_AI_Battle_Challenge\\reports\\notebook54\\section3\\section3b_discovered_move_records.csv"", ""D:\\02_AI_and_Data\\Kaggle-AI-Agents\\PTCG_AI_Battle_Challenge\\reports\\notebook54\\section4\\section4a_move_records_manual_review.csv"", ""D:\\02_AI_and_Data\\Kaggle-AI-Agents\\PTCG_AI_Battle_Challenge\\reports\\notebook54\\section4\\section4a_move_source_agreement.csv"", ""D:\\02_AI_and_Data\\Kaggle-AI-Agents\\PTCG_AI_Battle_Challenge\\reports\\notebook54\\section4\\section4a_preferred_move_catalog.csv"", ""D:\\02_AI_and_Data\\Kaggle-AI-Agents\\PTCG_AI_Battle_Challenge\\reports\\notebook54\\section4\\section4a_simulator_supported_move_records.csv"", ""D:\\02_AI_and_Data\\Kaggle-AI-Agents\\PTCG_AI_Battle_Challenge\\reports\\notebook54\\section4\\section4a_tournament_card_move_records.csv""]",False
Bulbasaur,Water Pulse,2.0,1,1,-5,"[""D:\\02_AI_and_Data\\Kaggle-AI-Agents\\PTCG_AI_Battle_Challenge\\reports\\notebook54\\section4\\section4a_move_damage_conflicts.csv""]",False
Bulbasaur,[0.12 0.1 0. 0. 0. 0. 0. 0.52],30.0,1,1,10,"[""D:\\02_AI_and_Data\\Kaggle-AI-Agents\\PTCG_AI_Battle_Challenge\\data\\competitive\\actor_relative_search_expert_dataset.parquet""]",False
Bulbasaur,[0.12 0.1 1. 0. 0. 0. 0. 1.52],28.0,1,1,10,"[""D:\\02_AI_and_Data\\Kaggle-AI-Agents\\PTCG_AI_Battle_Challenge\\data\\competitive\\actor_relative_search_expert_dataset.parquet""]",False
Bulbasaur,"[0.12, 0.1, 0.0, 0.0, 0.0, 0.0, 0.0, 0.52]",30.0,1,1,10,"[""D:\\02_AI_and_Data\\Kaggle-AI-Agents\\PTCG_AI_Battle_Challenge\\data\\competitive\\actor_relative_search_expert_dataset.jsonl""]",False
Bulbasaur,"[0.12, 0.1, 1.0, 0.0, 0.0, 0.0, 0.0, 1.52]",28.0,1,1,10,"[""D:\\02_AI_and_Data\\Kaggle-AI-Agents\\PTCG_AI_Battle_Challenge\\data\\competitive\\actor_relative_search_expert_dataset.jsonl""]",False
Bulbasaur,[0.28 0.2 0. 0. 0. 0. 0. 0.73],30.0,1,1,10,"[""D:\\02_AI_and_Data\\Kaggle-AI-Agents\\PTCG_AI_Battle_Challenge\\data\\competitive\\actor_relative_search_expert_dataset.parquet""]",False
Bulbasaur,[0.28 0.2 1. 0. 0. 0. 0. 1.73],46.0,1,1,10,"[""D:\\02_AI_and_Data\\Kaggle-AI-Agents\\PTCG_AI_Battle_Challenge\\data\\competitive\\actor_relative_search_expert_dataset.parquet""]",False
Bulbasaur,"[0.28, 0.2, 0.0, 0.0, 0.0, 0.0, 0.0, 0.73]",30.0,1,1,10,"[""D:\\02_AI_and_Data\\Kaggle-AI-Agents\\PTCG_AI_Battle_Challenge\\data\\competitive\\actor_relative_search_expert_dataset.jsonl""]",False
Bulbasaur,"[0.28, 0.2, 1.0, 0.0, 0.0, 0.0, 0.0, 1.73]",46.0,1,1,10,"[""D:\\02_AI_and_Data\\Kaggle-AI-Agents\\PTCG_AI_Battle_Challenge\\data\\competitive\\actor_relative_search_expert_dataset.jsonl""]",False
Charmander,0.0,1.0,1,1,-5,"[""D:\\02_AI_and_Data\\Kaggle-AI-Agents\\PTCG_AI_Battle_Challenge\\reports\\notebook54\\section4\\section4a_move_source_agreement.csv""]",False
Charmander,0.0,2.0,1,1,-5,"[""D:\\02_AI_and_Data\\Kaggle-AI-Agents\\PTCG_AI_Battle_Challenge\\reports\\notebook54\\section4\\section4a_move_damage_conflicts.csv""]",False
Charmander,0.0,50.0,11,11,-2,"[""D:\\02_AI_and_Data\\Kaggle-AI-Agents\\PTCG_AI_Battle_Challenge\\reports\\notebook54\\section3\\section3b_discovered_move_records.csv"", ""D:\\02_AI_and_Data\\Kaggle-AI-Agents\\PTCG_AI_Battle_Challenge\\reports\\notebook54\\section4\\section4a_additional_source_backed_moves.csv"", ""D:\\02_AI_and_Data\\Kaggle-AI-Agents\\PTCG_AI_Battle_Challenge\\reports\\notebook54\\section4\\section4a_move_records_manual_review.csv"", ""D:\\02_AI_and_Data\\Kaggle-AI-Agents\\PTCG_AI_Battle_Challenge\\reports\\notebook54\\section4\\section4a_preferred_move_catalog.csv"", ""D:\\02_AI_and_Data\\Kaggle-AI-Agents\\PTCG_AI_Battle_Challenge\\reports\\notebook54\\section4\\section4a_safe_action_catalog.csv"", ""D:\\02_AI_and_Data\\Kaggle-AI-Agents\\PTCG_AI_Battle_Challenge\\reports\\notebook54\\section4\\section4a_simulator_supported_move_records.csv"", ""D:\\02_AI_and_Data\\Kaggle-AI-Agents\\PTCG_AI_Battle_Challenge\\reports\\notebook54\\section4\\section4a_tournament_card_move_records.csv"", ""D:\\02_AI_and_Data\\Kaggle-AI-Agents\\PTCG_AI_Battle_Challenge\\reports\\notebook54\\section4\\section4b_candidate_transition_results.csv"", ""D:\\02_AI_and_Data\\Kaggle-AI-Agents\\PTCG_AI_Battle_Challenge\\reports\\notebook54\\section4\\section4b_transition_validated_candidate_catalog.csv"", ""D:\\02_AI_and_Data\\Kaggle-AI-Agents\\PTCG_AI_Battle_Challenge\\reports\\notebook54\\section4\\section4c_candidate_provenance_audit.csv"", ""D:\\02_AI_and_Data\\Kaggle-AI-Agents\\PTCG_AI_Battle_Challenge\\reports\\notebook54\\section4\\section4c_rejected_false_candidates.csv""]",False
Charmander,0.08,1.0,1,1,-5,"[""D:\\02_AI_and_Data\\Kaggle-AI-Agents\\PTCG_AI_Battle_Challenge\\reports\\notebook54\\section4\\section4a_move_source_agreement.csv""]",False
Charmander,0.08,2.0,1,1,-5,"[""D:\\02_AI_and_Data\\Kaggle-AI-Agents\\PTCG_AI_Battle_Challenge\\reports\\notebook54\\section4\\section4a_move_damage_conflicts.csv""]",False
Charmander,0.08,50.0,11,11,-2,"[""D:\\02_AI_and_Data\\Kaggle-AI-Agents\\PTCG_AI_Battle_Challenge\\reports\\notebook54\\section3\\section3b_discovered_move_records.csv"", ""D:\\02_AI_and_Data\\Kaggle-AI-Agents\\PTCG_AI_Battle_Challenge\\reports\\notebook54\\section4\\section4a_additional_source_backed_moves.csv"", ""D:\\02_AI_and_Data\\Kaggle-AI-Agents\\PTCG_AI_Battle_Challenge\\reports\\notebook54\\section4\\section4a_move_records_manual_review.csv"", ""D:\\02_AI_and_Data\\Kaggle-AI-Agents\\PTCG_AI_Battle_Challenge\\reports\\notebook54\\section4\\section4a_preferred_move_catalog.csv"", ""D:\\02_AI_and_Data\\Kaggle-AI-Agents\\PTCG_AI_Battle_Challenge\\reports\\notebook54\\section4\\section4a_safe_action_catalog.csv"", ""D:\\02_AI_and_Data\\Kaggle-AI-Agents\\PTCG_AI_Battle_Challenge\\reports\\notebook54\\section4\\section4a_simulator_supported_move_records.csv"", ""D:\\02_AI_and_Data\\Kaggle-AI-Agents\\PTCG_AI_Battle_Challenge\\reports\\notebook54\\section4\\section4a_tournament_card_move_records.csv"", ""D:\\02_AI_and_Data\\Kaggle-AI-Agents\\PTCG_AI_Battle_Challenge\\reports\\notebook54\\section4\\section4b_candidate_transition_results.csv"", ""D:\\02_AI_and_Data\\Kaggle-AI-Agents\\PTCG_AI_Battle_Challenge\\reports\\notebook54\\section4\\section4b_transition_validated_candidate_catalog.csv"", ""D:\\02_AI_and_Data\\Kaggle-AI-Agents\\PTCG_AI_Battle_Challenge\\reports\\notebook54\\section4\\section4c_candidate_provenance_audit.csv"", ""D:\\02_AI_and_Data\\Kaggle-AI-Agents\\PTCG_AI_Battle_Challenge\\reports\\notebook54\\section4\\section4c_rejected_false_candidates.csv""]",False
Charmander,0.08 0.1 0. 0. 0. 0. 0. 0.38,1.0,1,1,-5,"[""D:\\02_AI_and_Data\\Kaggle-AI-Agents\\PTCG_AI_Battle_Challenge\\reports\\notebook54\\section4\\section4a_move_source_agreement.csv""]",False
Charmander,0.08 0.1 0. 0. 0. 0. 0. 0.38,2.0,1,1,-5,"[""D:\\02_AI_and_Data\\Kaggle-AI-Agents\\PTCG_AI_Battle_Challenge\\reports\\notebook54\\section4\\section4a_move_damage_conflicts.csv""]",False
Charmander,0.08 0.1 0. 0. 0. 0. 0. 0.38,50.0,14,11,-2,"[""D:\\02_AI_and_Data\\Kaggle-AI-Agents\\PTCG_AI_Battle_Challenge\\reports\\notebook54\\section3\\section3b_discovered_move_records.csv"", ""D:\\02_AI_and_Data\\Kaggle-AI-Agents\\PTCG_AI_Battle_Challenge\\reports\\notebook54\\section4\\section4a_additional_source_backed_moves.csv"", ""D:\\02_AI_and_Data\\Kaggle-AI-Agents\\PTCG_AI_Battle_Challenge\\reports\\notebook54\\section4\\section4a_move_records_manual_review.csv"", ""D:\\02_AI_and_Data\\Kaggle-AI-Agents\\PTCG_AI_Battle_Challenge\\reports\\notebook54\\section4\\section4a_preferred_move_catalog.csv"", ""D:\\02_AI_and_Data\\Kaggle-AI-Agents\\PTCG_AI_Battle_Challenge\\reports\\notebook54\\section4\\section4a_safe_action_catalog.csv"", ""D:\\02_AI_and_Data\\Kaggle-AI-Agents\\PTCG_AI_Battle_Challenge\\reports\\notebook54\\section4\\section4a_simulator_supported_move_records.csv"", ""D:\\02_AI_and_Data\\Kaggle-AI-Agents\\PTCG_AI_Battle_Challenge\\reports\\notebook54\\section4\\section4a_tournament_card_move_records.csv"", ""D:\\02_AI_and_Data\\Kaggle-AI-Agents\\PTCG_AI_Battle_Challenge\\reports\\notebook54\\section4\\section4b_candidate_transition_results.csv"", ""D:\\02_AI_and_Data\\Kaggle-AI-Agents\\PTCG_AI_Battle_Challenge\\reports\\notebook54\\section4\\section4b_transition_validated_candidate_catalog.csv"", ""D:\\02_AI_and_Data\\Kaggle-AI-Agents\\PTCG_AI_Battle_Challenge\\reports\\notebook54\\section4\\section4c_candidate_provenance_audit.csv"", ""D:\\02_AI_and_Data\\Kaggle-AI-Agents\\PTCG_AI_Battle_Challenge\\reports\\notebook54\\section4\\section4c_rejected_false_candidates.csv""]",False
Charmander,0.08 0.1 1. 0. 0. 0. 0. 1.38,1.0,1,1,-5,"[""D:\\02_AI_and_Data\\Kaggle-AI-Agents\\PTCG_AI_Battle_Challenge\\reports\\notebook54\\section4\\section4a_move_source_agreement.csv""]",False
Charmander,0.08 0.1 1. 0. 0. 0. 0. 1.38,2.0,1,1,-5,"[""D:\\02_AI_and_Data\\Kaggle-AI-Agents\\PTCG_AI_Battle_Challenge\\reports\\notebook54\\section4\\section4a_move_damage_conflicts.csv""]",False
Charmander,0.08 0.1 1. 0. 0. 0. 0. 1.38,16.0,14,11,-2,"[""D:\\02_AI_and_Data\\Kaggle-AI-Agents\\PTCG_AI_Battle_Challenge\\reports\\notebook54\\section3\\section3b_discovered_move_records.csv"", ""D:\\02_AI_and_Data\\Kaggle-AI-Agents\\PTCG_AI_Battle_Challenge\\reports\\notebook54\\section4\\section4a_additional_source_backed_moves.csv"", ""D:\\02_AI_and_Data\\Kaggle-AI-Agents\\PTCG_AI_Battle_Challenge\\reports\\notebook54\\section4\\section4a_move_records_manual_review.csv"", ""D:\\02_AI_and_Data\\Kaggle-AI-Agents\\PTCG_AI_Battle_Challenge\\reports\\notebook54\\section4\\section4a_preferred_move_catalog.csv"", ""D:\\02_AI_and_Data\\Kaggle-AI-Agents\\PTCG_AI_Battle_Challenge\\reports\\notebook54\\section4\\section4a_safe_action_catalog.csv"", ""D:\\02_AI_and_Data\\Kaggle-AI-Agents\\PTCG_AI_Battle_Challenge\\reports\\notebook54\\section4\\section4a_simulator_supported_move_records.csv"", ""D:\\02_AI_and_Data\\Kaggle-AI-Agents\\PTCG_AI_Battle_Challenge\\reports\\notebook54\\section4\\section4a_tournament_card_move_records.csv"", ""D:\\02_AI_and_Data\\Kaggle-AI-Agents\\PTCG_AI_Battle_Challenge\\reports\\notebook54\\section4\\section4b_candidate_transition_results.csv"", ""D:\\02_AI_and_Data\\Kaggle-AI-Agents\\PTCG_AI_Battle_Challenge\\reports\\notebook54\\section4\\section4b_transition_validated_candidate_catalog.csv"", ""D:\\02_AI_and_Data\\Kaggle-AI-Agents\\PTCG_AI_Battle_Challenge\\reports\\notebook54\\section4\\section4c_candidate_provenance_audit.csv"", ""D:\\02_AI_and_Data\\Kaggle-AI-Agents\\PTCG_AI_Battle_Challenge\\reports\\notebook54\\section4\\section4c_rejected_false_candidates.csv""]",False
Charmander,0.1,1.0,1,1,-5,"[""D:\\02_AI_and_Data\\Kaggle-AI-Agents\\PTCG_AI_Battle_Challenge\\reports\\notebook54\\section4\\section4a_move_source_agreement.csv""]",False
Charmander,0.1,2.0,1,1,-5,"[""D:\\02_AI_and_Data\\Kaggle-AI-Agents\\PTCG_AI_Battle_Challenge\\reports\\notebook54\\section4\\section4a_move_damage_conflicts.csv""]",False
Charmander,0.1,50.0,11,11,-2,"[""D:\\02_AI_and_Data\\Kaggle-AI-Agents\\PTCG_AI_Battle_Challenge\\reports\\notebook54\\section3\\section3b_discovered_move_records.csv"", ""D:\\02_AI_and_Data\\Kaggle-AI-Agents\\PTCG_AI_Battle_Challenge\\reports\\notebook54\\section4\\section4a_additional_source_backed_moves.csv"", ""D:\\02_AI_and_Data\\Kaggle-AI-Agents\\PTCG_AI_Battle_Challenge\\reports\\notebook54\\section4\\section4a_move_records_manual_review.csv"", ""D:\\02_AI_and_Data\\Kaggle-AI-Agents\\PTCG_AI_Battle_Challenge\\reports\\notebook54\\section4\\section4a_preferred_move_catalog.csv"", ""D:\\02_AI_and_Data\\Kaggle-AI-Agents\\PTCG_AI_Battle_Challenge\\reports\\notebook54\\section4\\section4a_safe_action_catalog.csv"", ""D:\\02_AI_and_Data\\Kaggle-AI-Agents\\PTCG_AI_Battle_Challenge\\reports\\notebook54\\section4\\section4a_simulator_supported_move_records.csv"", ""D:\\02_AI_and_Data\\Kaggle-AI-Agents\\PTCG_AI_Battle_Challenge\\reports\\notebook54\\section4\\section4a_tournament_card_move_records.csv"", ""D:\\02_AI_and_Data\\Kaggle-AI-Agents\\PTCG_AI_Battle_Challenge\\reports\\notebook54\\section4\\section4b_candidate_transition_results.csv"", ""D:\\02_AI_and_Data\\Kaggle-AI-Agents\\PTCG_AI_Battle_Challenge\\reports\\notebook54\\section4\\section4b_transition_validated_candidate_catalog.csv"", ""D:\\02_AI_and_Data\\Kaggle-AI-Agents\\PTCG_AI_Battle_Challenge\\reports\\notebook54\\section4\\section4c_candidate_provenance_audit.csv"", ""D:\\02_AI_and_Data\\Kaggle-AI-Agents\\PTCG_AI_Battle_Challenge\\reports\\notebook54\\section4\\section4c_rejected_false_candidates.csv""]",False
Charmander,0.2,1.0,1,1,-5,"[""D:\\02_AI_and_Data\\Kaggle-AI-Agents\\PTCG_AI_Battle_Challenge\\reports\\notebook54\\section4\\section4a_move_source_agreement.csv""]",False
Charmander,0.2,2.0,1,1,-5,"[""D:\\02_AI_and_Data\\Kaggle-AI-Agents\\PTCG_AI_Battle_Challenge\\reports\\notebook54\\section4\\section4a_move_damage_conflicts.csv""]",False
Charmander,0.2,50.0,11,11,-2,"[""D:\\02_AI_and_Data\\Kaggle-AI-Agents\\PTCG_AI_Battle_Challenge\\reports\\notebook54\\section3\\section3b_discovered_move_records.csv"", ""D:\\02_AI_and_Data\\Kaggle-AI-Agents\\PTCG_AI_Battle_Challenge\\reports\\notebook54\\section4\\section4a_additional_source_backed_moves.csv"", ""D:\\02_AI_and_Data\\Kaggle-AI-Agents\\PTCG_AI_Battle_Challenge\\reports\\notebook54\\section4\\section4a_move_records_manual_review.csv"", ""D:\\02_AI_and_Data\\Kaggle-AI-Agents\\PTCG_AI_Battle_Challenge\\reports\\notebook54\\section4\\section4a_preferred_move_catalog.csv"", ""D:\\02_AI_and_Data\\Kaggle-AI-Agents\\PTCG_AI_Battle_Challenge\\reports\\notebook54\\section4\\section4a_safe_action_catalog.csv"", ""D:\\02_AI_and_Data\\Kaggle-AI-Agents\\PTCG_AI_Battle_Challenge\\reports\\notebook54\\section4\\section4a_simulator_supported_move_records.csv"", ""D:\\02_AI_and_Data\\Kaggle-AI-Agents\\PTCG_AI_Battle_Challenge\\reports\\notebook54\\section4\\section4a_tournament_card_move_records.csv"", ""D:\\02_AI_and_Data\\Kaggle-AI-Agents\\PTCG_AI_Battle_Challenge\\reports\\notebook54\\section4\\section4b_candidate_transition_results.csv"", ""D:\\02_AI_and_Data\\Kaggle-AI-Agents\\PTCG_AI_Battle_Challenge\\reports\\notebook54\\section4\\section4b_transition_validated_candidate_catalog.csv"", ""D:\\02_AI_and_Data\\Kaggle-AI-Agents\\PTCG_AI_Battle_Challenge\\reports\\notebook54\\section4\\section4c_candidate_provenance_audit.csv"", ""D:\\02_AI_and_Data\\Kaggle-AI-Agents\\PTCG_AI_Battle_Challenge\\reports\\notebook54\\section4\\section4c_rejected_false_candidates.csv""]",False
Charmander,0.2 0.2 0. 0. 0. 0. 0. 0.55,1.0,1,1,-5,"[""D:\\02_AI_and_Data\\Kaggle-AI-Agents\\PTCG_AI_Battle_Challenge\\reports\\notebook54\\section4\\section4a_move_source_agreement.csv""]",False
Charmander,0.2 0.2 0. 0. 0. 0. 0. 0.55,2.0,1,1,-5,"[""D:\\02_AI_and_Data\\Kaggle-AI-Agents\\PTCG_AI_Battle_Challenge\\reports\\notebook54\\section4\\section4a_move_damage_conflicts.csv""]",False
Charmander,0.2 0.2 0. 0. 0. 0. 0. 0.55,50.0,14,11,-2,"[""D:\\02_AI_and_Data\\Kaggle-AI-Agents\\PTCG_AI_Battle_Challenge\\reports\\notebook54\\section3\\section3b_discovered_move_records.csv"", ""D:\\02_AI_and_Data\\Kaggle-AI-Agents\\PTCG_AI_Battle_Challenge\\reports\\notebook54\\section4\\section4a_additional_source_backed_moves.csv"", ""D:\\02_AI_and_Data\\Kaggle-AI-Agents\\PTCG_AI_Battle_Challenge\\reports\\notebook54\\section4\\section4a_move_records_manual_review.csv"", ""D:\\02_AI_and_Data\\Kaggle-AI-Agents\\PTCG_AI_Battle_Challenge\\reports\\notebook54\\section4\\section4a_preferred_move_catalog.csv"", ""D:\\02_AI_and_Data\\Kaggle-AI-Agents\\PTCG_AI_Battle_Challenge\\reports\\notebook54\\section4\\section4a_safe_action_catalog.csv"", ""D:\\02_AI_and_Data\\Kaggle-AI-Agents\\PTCG_AI_Battle_Challenge\\reports\\notebook54\\section4\\section4a_simulator_supported_move_records.csv"", ""D:\\02_AI_and_Data\\Kaggle-AI-Agents\\PTCG_AI_Battle_Challenge\\reports\\notebook54\\section4\\section4a_tournament_card_move_records.csv"", ""D:\\02_AI_and_Data\\Kaggle-AI-Agents\\PTCG_AI_Battle_Challenge\\reports\\notebook54\\section4\\section4b_candidate_transition_results.csv"", ""D:\\02_AI_and_Data\\Kaggle-AI-Agents\\PTCG_AI_Battle_Challenge\\reports\\notebook54\\section4\\section4b_transition_validated_candidate_catalog.csv"", ""D:\\02_AI_and_Data\\Kaggle-AI-Agents\\PTCG_AI_Battle_Challenge\\reports\\notebook54\\section4\\section4c_candidate_provenance_audit.csv"", ""D:\\02_AI_and_Data\\Kaggle-AI-Agents\\PTCG_AI_Battle_Challenge\\reports\\notebook54\\section4\\section4c_rejected_false_candidates.csv""]",False
Charmander,0.2 0.2 1. 0. 0. 0. 0. 1.55,1.0,1,1,-5,"[""D:\\02_AI_and_Data\\Kaggle-AI-Agents\\PTCG_AI_Battle_Challenge\\reports\\notebook54\\section4\\section4a_move_source_agreement.csv""]",False
Charmander,0.2 0.2 1. 0. 0. 0. 0. 1.55,2.0,1,1,-5,"[""D:\\02_AI_and_Data\\Kaggle-AI-Agents\\PTCG_AI_Battle_Challenge\\reports\\notebook54\\section4\\section4a_move_damage_conflicts.csv""]",False
Charmander,0.2 0.2 1. 0. 0. 0. 0. 1.55,20.0,14,11,-2,"[""D:\\02_AI_and_Data\\Kaggle-AI-Agents\\PTCG_AI_Battle_Challenge\\reports\\notebook54\\section3\\section3b_discovered_move_records.csv"", ""D:\\02_AI_and_Data\\Kaggle-AI-Agents\\PTCG_AI_Battle_Challenge\\reports\\notebook54\\section4\\section4a_additional_source_backed_moves.csv"", ""D:\\02_AI_and_Data\\Kaggle-AI-Agents\\PTCG_AI_Battle_Challenge\\reports\\notebook54\\section4\\section4a_move_records_manual_review.csv"", ""D:\\02_AI_and_Data\\Kaggle-AI-Agents\\PTCG_AI_Battle_Challenge\\reports\\notebook54\\section4\\section4a_preferred_move_catalog.csv"", ""D:\\02_AI_and_Data\\Kaggle-AI-Agents\\PTCG_AI_Battle_Challenge\\reports\\notebook54\\section4\\section4a_safe_action_catalog.csv"", ""D:\\02_AI_and_Data\\Kaggle-AI-Agents\\PTCG_AI_Battle_Challenge\\reports\\notebook54\\section4\\section4a_simulator_supported_move_records.csv"", ""D:\\02_AI_and_Data\\Kaggle-AI-Agents\\PTCG_AI_Battle_Challenge\\reports\\notebook54\\section4\\section4a_tournament_card_move_records.csv"", ""D:\\02_AI_and_Data\\Kaggle-AI-Agents\\PTCG_AI_Battle_Challenge\\reports\\notebook54\\section4\\section4b_candidate_transition_results.csv"", ""D:\\02_AI_and_Data\\Kaggle-AI-Agents\\PTCG_AI_Battle_Challenge\\reports\\notebook54\\section4\\section4b_transition_validated_candidate_catalog.csv"", ""D:\\02_AI_and_Data\\Kaggle-AI-Agents\\PTCG_AI_Battle_Challenge\\reports\\notebook54\\section4\\section4c_candidate_provenance_audit.csv"", ""D:\\02_AI_and_Data\\Kaggle-AI-Agents\\PTCG_AI_Battle_Challenge\\reports\\notebook54\\section4\\section4c_rejected_false_candidates.csv""]",False
Charmander,0.38,1.0,1,1,-5,"[""D:\\02_AI_and_Data\\Kaggle-AI-Agents\\PTCG_AI_Battle_Challenge\\reports\\notebook54\\section4\\section4a_move_source_agreement.csv""]",False
Charmander,0.38,2.0,1,1,-5,"[""D:\\02_AI_and_Data\\Kaggle-AI-Agents\\PTCG_AI_Battle_Challenge\\reports\\notebook54\\section4\\section4a_move_damage_conflicts.csv""]",False
Charmander,0.38,50.0,11,11,-2,"[""D:\\02_AI_and_Data\\Kaggle-AI-Agents\\PTCG_AI_Battle_Challenge\\reports\\notebook54\\section3\\section3b_discovered_move_records.csv"", ""D:\\02_AI_and_Data\\Kaggle-AI-Agents\\PTCG_AI_Battle_Challenge\\reports\\notebook54\\section4\\section4a_additional_source_backed_moves.csv"", ""D:\\02_AI_and_Data\\Kaggle-AI-Agents\\PTCG_AI_Battle_Challenge\\reports\\notebook54\\section4\\section4a_move_records_manual_review.csv"", ""D:\\02_AI_and_Data\\Kaggle-AI-Agents\\PTCG_AI_Battle_Challenge\\reports\\notebook54\\section4\\section4a_preferred_move_catalog.csv"", ""D:\\02_AI_and_Data\\Kaggle-AI-Agents\\PTCG_AI_Battle_Challenge\\reports\\notebook54\\section4\\section4a_safe_action_catalog.csv"", ""D:\\02_AI_and_Data\\Kaggle-AI-Agents\\PTCG_AI_Battle_Challenge\\reports\\notebook54\\section4\\section4a_simulator_supported_move_records.csv"", ""D:\\02_AI_and_Data\\Kaggle-AI-Agents\\PTCG_AI_Battle_Challenge\\reports\\notebook54\\section4\\section4a_tournament_card_move_records.csv"", ""D:\\02_AI_and_Data\\Kaggle-AI-Agents\\PTCG_AI_Battle_Challenge\\reports\\notebook54\\section4\\section4b_candidate_transition_results.csv"", ""D:\\02_AI_and_Data\\Kaggle-AI-Agents\\PTCG_AI_Battle_Challenge\\reports\\notebook54\\section4\\section4b_transition_validated_candidate_catalog.csv"", ""D:\\02_AI_and_Data\\Kaggle-AI-Agents\\PTCG_AI_Battle_Challenge\\reports\\notebook54\\section4\\section4c_candidate_provenance_audit.csv"", ""D:\\02_AI_and_Data\\Kaggle-AI-Agents\\PTCG_AI_Battle_Challenge\\reports\\notebook54\\section4\\section4c_rejected_false_candidates.csv""]",False
Charmander,0.55,1.0,1,1,-5,"[""D:\\02_AI_and_Data\\Kaggle-AI-Agents\\PTCG_AI_Battle_Challenge\\reports\\notebook54\\section4\\section4a_move_source_agreement.csv""]",False
Charmander,0.55,2.0,1,1,-5,"[""D:\\02_AI_and_Data\\Kaggle-AI-Agents\\PTCG_AI_Battle_Challenge\\reports\\notebook54\\section4\\section4a_move_damage_conflicts.csv""]",False
Charmander,0.55,50.0,11,11,-2,"[""D:\\02_AI_and_Data\\Kaggle-AI-Agents\\PTCG_AI_Battle_Challenge\\reports\\notebook54\\section3\\section3b_discovered_move_records.csv"", ""D:\\02_AI_and_Data\\Kaggle-AI-Agents\\PTCG_AI_Battle_Challenge\\reports\\notebook54\\section4\\section4a_additional_source_backed_moves.csv"", ""D:\\02_AI_and_Data\\Kaggle-AI-Agents\\PTCG_AI_Battle_Challenge\\reports\\notebook54\\section4\\section4a_move_records_manual_review.csv"", ""D:\\02_AI_and_Data\\Kaggle-AI-Agents\\PTCG_AI_Battle_Challenge\\reports\\notebook54\\section4\\section4a_preferred_move_catalog.csv"", ""D:\\02_AI_and_Data\\Kaggle-AI-Agents\\PTCG_AI_Battle_Challenge\\reports\\notebook54\\section4\\section4a_safe_action_catalog.csv"", ""D:\\02_AI_and_Data\\Kaggle-AI-Agents\\PTCG_AI_Battle_Challenge\\reports\\notebook54\\section4\\section4a_simulator_supported_move_records.csv"", ""D:\\02_AI_and_Data\\Kaggle-AI-Agents\\PTCG_AI_Battle_Challenge\\reports\\notebook54\\section4\\section4a_tournament_card_move_records.csv"", ""D:\\02_AI_and_Data\\Kaggle-AI-Agents\\PTCG_AI_Battle_Challenge\\reports\\notebook54\\section4\\section4b_candidate_transition_results.csv"", ""D:\\02_AI_and_Data\\Kaggle-AI-Agents\\PTCG_AI_Battle_Challenge\\reports\\notebook54\\section4\\section4b_transition_validated_candidate_catalog.csv"", ""D:\\02_AI_and_Data\\Kaggle-AI-Agents\\PTCG_AI_Battle_Challenge\\reports\\notebook54\\section4\\section4c_candidate_provenance_audit.csv"", ""D:\\02_AI_and_Data\\Kaggle-AI-Agents\\PTCG_AI_Battle_Challenge\\reports\\notebook54\\section4\\section4c_rejected_false_candidates.csv""]",False
Charmander,1,1.0,1,1,-5,"[""D:\\02_AI_and_Data\\Kaggle-AI-Agents\\PTCG_AI_Battle_Challenge\\reports\\notebook54\\section4\\section4a_move_source_agreement.csv""]",False
Charmander,1,2.0,1,1,-5,"[""D:\\02_AI_and_Data\\Kaggle-AI-Agents\\PTCG_AI_Battle_Challenge\\reports\\notebook54\\section4\\section4a_move_damage_conflicts.csv""]",False
Charmander,1,20.0,7,7,-5,"[""D:\\02_AI_and_Data\\Kaggle-AI-Agents\\PTCG_AI_Battle_Challenge\\reports\\notebook47\\competitive_policy_test_predictions.csv"", ""D:\\02_AI_and_Data\\Kaggle-AI-Agents\\PTCG_AI_Battle_Challenge\\reports\\notebook54\\section4\\section4a_move_records_manual_review.csv"", ""D:\\02_AI_and_Data\\Kaggle-AI-Agents\\PTCG_AI_Battle_Challenge\\reports\\notebook54\\section4\\section4a_preferred_move_catalog.csv"", ""D:\\02_AI_and_Data\\Kaggle-AI-Agents\\PTCG_AI_Battle_Challenge\\reports\\notebook54\\section4\\section4a_simulator_supported_move_records.csv"", ""D:\\02_AI_and_Data\\Kaggle-AI-Agents\\PTCG_AI_Battle_Challenge\\reports\\notebook54\\section4\\section4q_complete_verified_action_catalog.csv"", ""D:\\02_AI_and_Data\\Kaggle-AI-Agents\\PTCG_AI_Battle_Challenge\\reports\\notebook54\\section4\\section4q_printed_vs_simulator_availability.csv"", ""D:\\02_AI_and_Data\\Kaggle-AI-Agents\\PTCG_AI_Battle_Challenge\\reports\\notebook54\\section4\\section4q_verified_printed_actions.csv""]",False
Charmander,1.0,1.0,1,1,-5,"[""D:\\02_AI_and_Data\\Kaggle-AI-Agents\\PTCG_AI_Battle_Challenge\\reports\\notebook54\\section4\\section4a_move_source_agreement.csv""]",False
Charmander,1.0,3.0,1,1,-5,"[""D:\\02_AI_and_Data\\Kaggle-AI-Agents\\PTCG_AI_Battle_Challenge\\reports\\notebook54\\section4\\section4a_move_damage_conflicts.csv""]",False
Charmander,1.0,20.0,9,9,-5,"[""D:\\02_AI_and_Data\\Kaggle-AI-Agents\\PTCG_AI_Battle_Challenge\\reports\\notebook54\\section4\\section4a_additional_source_backed_moves.csv"", ""D:\\02_AI_and_Data\\Kaggle-AI-Agents\\PTCG_AI_Battle_Challenge\\reports\\notebook54\\section4\\section4a_move_records_manual_review.csv"", ""D:\\02_AI_and_Data\\Kaggle-AI-Agents\\PTCG_AI_Battle_Challenge\\reports\\notebook54\\section4\\section4a_preferred_move_catalog.csv"", ""D:\\02_AI_and_Data\\Kaggle-AI-Agents\\PTCG_AI_Battle_Challenge\\reports\\notebook54\\section4\\section4a_safe_action_catalog.csv"", ""D:\\02_AI_and_Data\\Kaggle-AI-Agents\\PTCG_AI_Battle_Challenge\\reports\\notebook54\\section4\\section4a_simulator_supported_move_records.csv"", ""D:\\02_AI_and_Data\\Kaggle-AI-Agents\\PTCG_AI_Battle_Challenge\\reports\\notebook54\\section4\\section4b_candidate_transition_results.csv"", ""D:\\02_AI_and_Data\\Kaggle-AI-Agents\\PTCG_AI_Battle_Challenge\\reports\\notebook54\\section4\\section4b_transition_validated_candidate_catalog.csv"", ""D:\\02_AI_and_Data\\Kaggle-AI-Agents\\PTCG_AI_Battle_Challenge\\reports\\notebook54\\section4\\section4c_candidate_provenance_audit.csv"", ""D:\\02_AI_and_Data\\Kaggle-AI-Agents\\PTCG_AI_Battle_Challenge\\reports\\notebook54\\section4\\section4c_rejected_false_candidates.csv""]",False
Charmander,1.38,1.0,1,1,-5,"[""D:\\02_AI_and_Data\\Kaggle-AI-Agents\\PTCG_AI_Battle_Challenge\\reports\\notebook54\\section4\\section4a_move_source_agreement.csv""]",False
Charmander,1.38,2.0,1,1,-5,"[""D:\\02_AI_and_Data\\Kaggle-AI-Agents\\PTCG_AI_Battle_Challenge\\reports\\notebook54\\section4\\section4a_move_damage_conflicts.csv""]",False
Charmander,1.38,16.0,11,11,-2,"[""D:\\02_AI_and_Data\\Kaggle-AI-Agents\\PTCG_AI_Battle_Challenge\\reports\\notebook54\\section3\\section3b_discovered_move_records.csv"", ""D:\\02_AI_and_Data\\Kaggle-AI-Agents\\PTCG_AI_Battle_Challenge\\reports\\notebook54\\section4\\section4a_additional_source_backed_moves.csv"", ""D:\\02_AI_and_Data\\Kaggle-AI-Agents\\PTCG_AI_Battle_Challenge\\reports\\notebook54\\section4\\section4a_move_records_manual_review.csv"", ""D:\\02_AI_and_Data\\Kaggle-AI-Agents\\PTCG_AI_Battle_Challenge\\reports\\notebook54\\section4\\section4a_preferred_move_catalog.csv"", ""D:\\02_AI_and_Data\\Kaggle-AI-Agents\\PTCG_AI_Battle_Challenge\\reports\\notebook54\\section4\\section4a_safe_action_catalog.csv"", ""D:\\02_AI_and_Data\\Kaggle-AI-Agents\\PTCG_AI_Battle_Challenge\\reports\\notebook54\\section4\\section4a_simulator_supported_move_records.csv"", ""D:\\02_AI_and_Data\\Kaggle-AI-Agents\\PTCG_AI_Battle_Challenge\\reports\\notebook54\\section4\\section4a_tournament_card_move_records.csv"", ""D:\\02_AI_and_Data\\Kaggle-AI-Agents\\PTCG_AI_Battle_Challenge\\reports\\notebook54\\section4\\section4b_candidate_transition_results.csv"", ""D:\\02_AI_and_Data\\Kaggle-AI-Agents\\PTCG_AI_Battle_Challenge\\reports\\notebook54\\section4\\section4b_transition_validated_candidate_catalog.csv"", ""D:\\02_AI_and_Data\\Kaggle-AI-Agents\\PTCG_AI_Battle_Challenge\\reports\\notebook54\\section4\\section4c_candidate_provenance_audit.csv"", ""D:\\02_AI_and_Data\\Kaggle-AI-Agents\\PTCG_AI_Battle_Challenge\\reports\\notebook54\\section4\\section4c_rejected_false_candidates.csv""]",False
Charmander,1.55,1.0,1,1,-5,"[""D:\\02_AI_and_Data\\Kaggle-AI-Agents\\PTCG_AI_Battle_Challenge\\reports\\notebook54\\section4\\section4a_move_source_agreement.csv""]",False
Charmander,1.55,2.0,1,1,-5,"[""D:\\02_AI_and_Data\\Kaggle-AI-Agents\\PTCG_AI_Battle_Challenge\\reports\\notebook54\\section4\\section4a_move_damage_conflicts.csv""]",False
Charmander,1.55,20.0,11,11,-2,"[""D:\\02_AI_and_Data\\Kaggle-AI-Agents\\PTCG_AI_Battle_Challenge\\reports\\notebook54\\section3\\section3b_discovered_move_records.csv"", ""D:\\02_AI_and_Data\\Kaggle-AI-Agents\\PTCG_AI_Battle_Challenge\\reports\\notebook54\\section4\\section4a_additional_source_backed_moves.csv"", ""D:\\02_AI_and_Data\\Kaggle-AI-Agents\\PTCG_AI_Battle_Challenge\\reports\\notebook54\\section4\\section4a_move_records_manual_review.csv"", ""D:\\02_AI_and_Data\\Kaggle-AI-Agents\\PTCG_AI_Battle_Challenge\\reports\\notebook54\\section4\\section4a_preferred_move_catalog.csv"", ""D:\\02_AI_and_Data\\Kaggle-AI-Agents\\PTCG_AI_Battle_Challenge\\reports\\notebook54\\section4\\section4a_safe_action_catalog.csv"", ""D:\\02_AI_and_Data\\Kaggle-AI-Agents\\PTCG_AI_Battle_Challenge\\reports\\notebook54\\section4\\section4a_simulator_supported_move_records.csv"", ""D:\\02_AI_and_Data\\Kaggle-AI-Agents\\PTCG_AI_Battle_Challenge\\reports\\notebook54\\section4\\section4a_tournament_card_move_records.csv"", ""D:\\02_AI_and_Data\\Kaggle-AI-Agents\\PTCG_AI_Battle_Challenge\\reports\\notebook54\\section4\\section4b_candidate_transition_results.csv"", ""D:\\02_AI_and_Data\\Kaggle-AI-Agents\\PTCG_AI_Battle_Challenge\\reports\\notebook54\\section4\\section4b_transition_validated_candidate_catalog.csv"", ""D:\\02_AI_and_Data\\Kaggle-AI-Agents\\PTCG_AI_Battle_Challenge\\reports\\notebook54\\section4\\section4c_candidate_provenance_audit.csv"", ""D:\\02_AI_and_Data\\Kaggle-AI-Agents\\PTCG_AI_Battle_Challenge\\reports\\notebook54\\section4\\section4c_rejected_false_candidates.csv""]",False
Charmander,151,103.0,1,1,-5,"[""D:\\02_AI_and_Data\\Kaggle-AI-Agents\\PTCG_AI_Battle_Challenge\\reports\\notebook54\\section4\\section4a_candidate_move_validation_summary.json""]",False
Charmander,2,1.0,1,1,-5,"[""D:\\02_AI_and_Data\\Kaggle-AI-Agents\\PTCG_AI_Battle_Challenge\\reports\\notebook54\\section4\\section4a_move_source_agreement.csv""]",False
Charmander,2,2.0,1,1,-5,"[""D:\\02_AI_and_Data\\Kaggle-AI-Agents\\PTCG_AI_Battle_Challenge\\reports\\notebook54\\section4\\section4a_move_damage_conflicts.csv""]",False
Charmander,2,20.0,7,7,-2,"[""D:\\02_AI_and_Data\\Kaggle-AI-Agents\\PTCG_AI_Battle_Challenge\\reports\\notebook47\\competitive_policy_test_errors.csv"", ""D:\\02_AI_and_Data\\Kaggle-AI-Agents\\PTCG_AI_Battle_Challenge\\reports\\notebook47\\competitive_policy_test_predictions.csv"", ""D:\\02_AI_and_Data\\Kaggle-AI-Agents\\PTCG_AI_Battle_Challenge\\reports\\notebook54\\section3\\section3b_discovered_move_records.csv"", ""D:\\02_AI_and_Data\\Kaggle-AI-Agents\\PTCG_AI_Battle_Challenge\\reports\\notebook54\\section4\\section4a_move_records_manual_review.csv"", ""D:\\02_AI_and_Data\\Kaggle-AI-Agents\\PTCG_AI_Battle_Challenge\\reports\\notebook54\\section4\\section4a_preferred_move_catalog.csv"", ""D:\\02_AI_and_Data\\Kaggle-AI-Agents\\PTCG_AI_Battle_Challenge\\reports\\notebook54\\section4\\section4a_simulator_supported_move_records.csv"", ""D:\\02_AI_and_Data\\Kaggle-AI-Agents\\PTCG_AI_Battle_Challenge\\reports\\notebook54\\section4\\section4a_tournament_card_move_records.csv""]",False
Charmander,20,1.0,1,1,-5,"[""D:\\02_AI_and_Data\\Kaggle-AI-Agents\\PTCG_AI_Battle_Challenge\\reports\\notebook54\\section4\\section4a_move_damage_conflicts.csv""]",False
Charmander,20,50.0,6,6,-2,"[""D:\\02_AI_and_Data\\Kaggle-AI-Agents\\PTCG_AI_Battle_Challenge\\reports\\notebook54\\section3\\section3b_discovered_move_records.csv"", ""D:\\02_AI_and_Data\\Kaggle-AI-Agents\\PTCG_AI_Battle_Challenge\\reports\\notebook54\\section4\\section4a_move_records_manual_review.csv"", ""D:\\02_AI_and_Data\\Kaggle-AI-Agents\\PTCG_AI_Battle_Challenge\\reports\\notebook54\\section4\\section4a_move_source_agreement.csv"", ""D:\\02_AI_and_Data\\Kaggle-AI-Agents\\PTCG_AI_Battle_Challenge\\reports\\notebook54\\section4\\section4a_preferred_move_catalog.csv"", ""D:\\02_AI_and_Data\\Kaggle-AI-Agents\\PTCG_AI_Battle_Challenge\\reports\\notebook54\\section4\\section4a_simulator_supported_move_records.csv"", ""D:\\02_AI_and_Data\\Kaggle-AI-Agents\\PTCG_AI_Battle_Challenge\\reports\\notebook54\\section4\\section4a_tournament_card_move_records.csv""]",False
Charmander,32,1.0,1,1,-5,"[""D:\\02_AI_and_Data\\Kaggle-AI-Agents\\PTCG_AI_Battle_Challenge\\reports\\notebook54\\section4\\section4a_move_damage_conflicts.csv""]",False
Charmander,32,8.0,7,7,-2,"[""D:\\02_AI_and_Data\\Kaggle-AI-Agents\\PTCG_AI_Battle_Challenge\\reports\\notebook54\\section3\\section3b_discovered_move_records.csv"", ""D:\\02_AI_and_Data\\Kaggle-AI-Agents\\PTCG_AI_Battle_Challenge\\reports\\notebook54\\section4\\section4a_move_records_manual_review.csv"", ""D:\\02_AI_and_Data\\Kaggle-AI-Agents\\PTCG_AI_Battle_Challenge\\reports\\notebook54\\section4\\section4a_move_source_agreement.csv"", ""D:\\02_AI_and_Data\\Kaggle-AI-Agents\\PTCG_AI_Battle_Challenge\\reports\\notebook54\\section4\\section4a_preferred_move_catalog.csv"", ""D:\\02_AI_and_Data\\Kaggle-AI-Agents\\PTCG_AI_Battle_Challenge\\reports\\notebook54\\section4\\section4a_simulator_supported_move_records.csv"", ""D:\\02_AI_and_Data\\Kaggle-AI-Agents\\PTCG_AI_Battle_Challenge\\reports\\notebook54\\section4\\section4a_tournament_card_move_records.csv"", ""D:\\02_AI_and_Data\\Kaggle-AI-Agents\\PTCG_AI_Battle_Challenge\\reports\\notebook54\\section4\\section4b_candidate_transition_summary.json""]",False
Charmander,37,50.0,1,1,-2,"[""D:\\02_AI_and_Data\\Kaggle-AI-Agents\\PTCG_AI_Battle_Challenge\\reports\\notebook54\\section4\\section4a_card_candidate_profile.csv""]",False
Charmander,8,1.0,1,1,-5,"[""D:\\02_AI_and_Data\\Kaggle-AI-Agents\\PTCG_AI_Battle_Challenge\\reports\\notebook54\\section4\\section4a_move_damage_conflicts.csv""]",False
Charmander,8,16.0,7,7,-2,"[""D:\\02_AI_and_Data\\Kaggle-AI-Agents\\PTCG_AI_Battle_Challenge\\reports\\notebook54\\section3\\section3b_discovered_move_records.csv"", ""D:\\02_AI_and_Data\\Kaggle-AI-Agents\\PTCG_AI_Battle_Challenge\\reports\\notebook54\\section4\\section4a_move_records_manual_review.csv"", ""D:\\02_AI_and_Data\\Kaggle-AI-Agents\\PTCG_AI_Battle_Challenge\\reports\\notebook54\\section4\\section4a_move_source_agreement.csv"", ""D:\\02_AI_and_Data\\Kaggle-AI-Agents\\PTCG_AI_Battle_Challenge\\reports\\notebook54\\section4\\section4a_preferred_move_catalog.csv"", ""D:\\02_AI_and_Data\\Kaggle-AI-Agents\\PTCG_AI_Battle_Challenge\\reports\\notebook54\\section4\\section4a_simulator_supported_move_records.csv"", ""D:\\02_AI_and_Data\\Kaggle-AI-Agents\\PTCG_AI_Battle_Challenge\\reports\\notebook54\\section4\\section4a_tournament_card_move_records.csv"", ""D:\\02_AI_and_Data\\Kaggle-AI-Agents\\PTCG_AI_Battle_Challenge\\reports\\notebook54\\section4\\section4b_candidate_transitions_by_card.csv""]",False
Charmander,81,1.0,1,1,-5,"[""D:\\02_AI_and_Data\\Kaggle-AI-Agents\\PTCG_AI_Battle_Challenge\\reports\\notebook54\\section4\\section4a_move_damage_conflicts.csv""]",False
Charmander,81,4.0,6,6,-2,"[""D:\\02_AI_and_Data\\Kaggle-AI-Agents\\PTCG_AI_Battle_Challenge\\reports\\notebook54\\section3\\section3b_discovered_move_records.csv"", ""D:\\02_AI_and_Data\\Kaggle-AI-Agents\\PTCG_AI_Battle_Challenge\\reports\\notebook54\\section4\\section4a_move_records_manual_review.csv"", ""D:\\02_AI_and_Data\\Kaggle-AI-Agents\\PTCG_AI_Battle_Challenge\\reports\\notebook54\\section4\\section4a_move_source_agreement.csv"", ""D:\\02_AI_and_Data\\Kaggle-AI-Agents\\PTCG_AI_Battle_Challenge\\reports\\notebook54\\section4\\section4a_preferred_move_catalog.csv"", ""D:\\02_AI_and_Data\\Kaggle-AI-Agents\\PTCG_AI_Battle_Challenge\\reports\\notebook54\\section4\\section4a_simulator_supported_move_records.csv"", ""D:\\02_AI_and_Data\\Kaggle-AI-Agents\\PTCG_AI_Battle_Challenge\\reports\\notebook54\\section4\\section4a_tournament_card_move_records.csv""]",False
Charmander,Bite,0.0,7,7,-2,"[""D:\\02_AI_and_Data\\Kaggle-AI-Agents\\PTCG_AI_Battle_Challenge\\reports\\notebook46\\actor_perspective_suspicious_records.csv"", ""D:\\02_AI_and_Data\\Kaggle-AI-Agents\\PTCG_AI_Battle_Challenge\\reports\\notebook54\\section3\\section3b_discovered_move_records.csv"", ""D:\\02_AI_and_Data\\Kaggle-AI-Agents\\PTCG_AI_Battle_Challenge\\reports\\notebook54\\section4\\section4a_move_records_manual_review.csv"", ""D:\\02_AI_and_Data\\Kaggle-AI-Agents\\PTCG_AI_Battle_Challenge\\reports\\notebook54\\section4\\section4a_move_source_agreement.csv"", ""D:\\02_AI_and_Data\\Kaggle-AI-Agents\\PTCG_AI_Battle_Challenge\\reports\\notebook54\\section4\\section4a_preferred_move_catalog.csv"", ""D:\\02_AI_and_Data\\Kaggle-AI-Agents\\PTCG_AI_Battle_Challenge\\reports\\notebook54\\section4\\section4a_simulator_supported_move_records.csv"", ""D:\\02_AI_and_Data\\Kaggle-AI-Agents\\PTCG_AI_Battle_Challenge\\reports\\notebook54\\section4\\section4a_tournament_card_move_records.csv""]",False
Charmander,Bite,2.0,1,1,-5,"[""D:\\02_AI_and_Data\\Kaggle-AI-Agents\\PTCG_AI_Battle_Challenge\\reports\\notebook54\\section4\\section4a_move_damage_conflicts.csv""]",False
Charmander,Fury Swipes,0.0,7,7,-2,"[""D:\\02_AI_and_Data\\Kaggle-AI-Agents\\PTCG_AI_Battle_Challenge\\reports\\notebook46\\actor_perspective_suspicious_records.csv"", ""D:\\02_AI_and_Data\\Kaggle-AI-Agents\\PTCG_AI_Battle_Challenge\\reports\\notebook54\\section3\\section3b_discovered_move_records.csv"", ""D:\\02_AI_and_Data\\Kaggle-AI-Agents\\PTCG_AI_Battle_Challenge\\reports\\notebook54\\section4\\section4a_move_records_manual_review.csv"", ""D:\\02_AI_and_Data\\Kaggle-AI-Agents\\PTCG_AI_Battle_Challenge\\reports\\notebook54\\section4\\section4a_move_source_agreement.csv"", ""D:\\02_AI_and_Data\\Kaggle-AI-Agents\\PTCG_AI_Battle_Challenge\\reports\\notebook54\\section4\\section4a_preferred_move_catalog.csv"", ""D:\\02_AI_and_Data\\Kaggle-AI-Agents\\PTCG_AI_Battle_Challenge\\reports\\notebook54\\section4\\section4a_simulator_supported_move_records.csv"", ""D:\\02_AI_and_Data\\Kaggle-AI-Agents\\PTCG_AI_Battle_Challenge\\reports\\notebook54\\section4\\section4a_tournament_card_move_records.csv""]",False
Charmander,Fury Swipes,2.0,1,1,-5,"[""D:\\02_AI_and_Data\\Kaggle-AI-Agents\\PTCG_AI_Battle_Challenge\\reports\\notebook54\\section4\\section4a_move_damage_conflicts.csv""]",False
Charmander,Live Coal,1.0,1,1,-5,"[""D:\\02_AI_and_Data\\Kaggle-AI-Agents\\PTCG_AI_Battle_Challenge\\reports\\notebook54\\section4\\section4a_move_source_agreement.csv""]",True
Charmander,Live Coal,2.0,1,1,-5,"[""D:\\02_AI_and_Data\\Kaggle-AI-Agents\\PTCG_AI_Battle_Challenge\\reports\\notebook54\\section4\\section4a_move_damage_conflicts.csv""]",True
Charmander,Live Coal,20.0,6,6,-5,"[""D:\\02_AI_and_Data\\Kaggle-AI-Agents\\PTCG_AI_Battle_Challenge\\reports\\notebook52\\section5\\section5b_expanded_turn_results.csv"", ""D:\\02_AI_and_Data\\Kaggle-AI-Agents\\PTCG_AI_Battle_Challenge\\reports\\notebook53\\section6\\section6e_tournament_replay_turns.csv"", ""D:\\02_AI_and_Data\\Kaggle-AI-Agents\\PTCG_AI_Battle_Challenge\\reports\\notebook54\\section4\\section4a_preferred_move_catalog.csv"", ""D:\\02_AI_and_Data\\Kaggle-AI-Agents\\PTCG_AI_Battle_Challenge\\reports\\notebook54\\section4\\section4a_safe_action_catalog.csv"", ""D:\\02_AI_and_Data\\Kaggle-AI-Agents\\PTCG_AI_Battle_Challenge\\reports\\notebook54\\section4\\section4a_simulator_supported_move_records.csv"", ""D:\\02_AI_and_Data\\Kaggle-AI-Agents\\PTCG_AI_Battle_Challenge\\reports\\notebook54\\section4\\section4r_verified_attack_energy_readiness.csv""]",True
Charmander,Pass,0.0,6,6,-5,"[""D:\\02_AI_and_Data\\Kaggle-AI-Agents\\PTCG_AI_Battle_Challenge\\reports\\notebook52\\section5\\section5b_expanded_turn_results.csv"", ""D:\\02_AI_and_Data\\Kaggle-AI-Agents\\PTCG_AI_Battle_Challenge\\reports\\notebook53\\section6\\section6e_tournament_replay_turns.csv"", ""D:\\02_AI_and_Data\\Kaggle-AI-Agents\\PTCG_AI_Battle_Challenge\\reports\\notebook54\\section4\\section4a_move_records_manual_review.csv"", ""D:\\02_AI_and_Data\\Kaggle-AI-Agents\\PTCG_AI_Battle_Challenge\\reports\\notebook54\\section4\\section4a_move_source_agreement.csv"", ""D:\\02_AI_and_Data\\Kaggle-AI-Agents\\PTCG_AI_Battle_Challenge\\reports\\notebook54\\section4\\section4a_preferred_move_catalog.csv"", ""D:\\02_AI_and_Data\\Kaggle-AI-Agents\\PTCG_AI_Battle_Challenge\\reports\\notebook54\\section4\\section4a_simulator_supported_move_records.csv""]",False
Charmander,Pass,2.0,1,1,-5,"[""D:\\02_AI_and_Data\\Kaggle-AI-Agents\\PTCG_AI_Battle_Challenge\\reports\\notebook54\\section4\\section4a_move_damage_conflicts.csv""]",False
Charmander,Razor Leaf,0.0,7,7,-2,"[""D:\\02_AI_and_Data\\Kaggle-AI-Agents\\PTCG_AI_Battle_Challenge\\reports\\notebook46\\actor_perspective_suspicious_records.csv"", ""D:\\02_AI_and_Data\\Kaggle-AI-Agents\\PTCG_AI_Battle_Challenge\\reports\\notebook54\\section3\\section3b_discovered_move_records.csv"", ""D:\\02_AI_and_Data\\Kaggle-AI-Agents\\PTCG_AI_Battle_Challenge\\reports\\notebook54\\section4\\section4a_move_records_manual_review.csv"", ""D:\\02_AI_and_Data\\Kaggle-AI-Agents\\PTCG_AI_Battle_Challenge\\reports\\notebook54\\section4\\section4a_move_source_agreement.csv"", ""D:\\02_AI_and_Data\\Kaggle-AI-Agents\\PTCG_AI_Battle_Challenge\\reports\\notebook54\\section4\\section4a_preferred_move_catalog.csv"", ""D:\\02_AI_and_Data\\Kaggle-AI-Agents\\PTCG_AI_Battle_Challenge\\reports\\notebook54\\section4\\section4a_simulator_supported_move_records.csv"", ""D:\\02_AI_and_Data\\Kaggle-AI-Agents\\PTCG_AI_Battle_Challenge\\reports\\notebook54\\section4\\section4a_tournament_card_move_records.csv""]",False
Charmander,Razor Leaf,2.0,1,1,-5,"[""D:\\02_AI_and_Data\\Kaggle-AI-Agents\\PTCG_AI_Battle_Challenge\\reports\\notebook54\\section4\\section4a_move_damage_conflicts.csv""]",False
Charmander,Tackle,0.0,7,7,-2,"[""D:\\02_AI_and_Data\\Kaggle-AI-Agents\\PTCG_AI_Battle_Challenge\\reports\\notebook46\\actor_perspective_suspicious_records.csv"", ""D:\\02_AI_and_Data\\Kaggle-AI-Agents\\PTCG_AI_Battle_Challenge\\reports\\notebook54\\section3\\section3b_discovered_move_records.csv"", ""D:\\02_AI_and_Data\\Kaggle-AI-Agents\\PTCG_AI_Battle_Challenge\\reports\\notebook54\\section4\\section4a_move_records_manual_review.csv"", ""D:\\02_AI_and_Data\\Kaggle-AI-Agents\\PTCG_AI_Battle_Challenge\\reports\\notebook54\\section4\\section4a_move_source_agreement.csv"", ""D:\\02_AI_and_Data\\Kaggle-AI-Agents\\PTCG_AI_Battle_Challenge\\reports\\notebook54\\section4\\section4a_preferred_move_catalog.csv"", ""D:\\02_AI_and_Data\\Kaggle-AI-Agents\\PTCG_AI_Battle_Challenge\\reports\\notebook54\\section4\\section4a_simulator_supported_move_records.csv"", ""D:\\02_AI_and_Data\\Kaggle-AI-Agents\\PTCG_AI_Battle_Challenge\\reports\\notebook54\\section4\\section4a_tournament_card_move_records.csv""]",False
Charmander,Tackle,2.0,1,1,-5,"[""D:\\02_AI_and_Data\\Kaggle-AI-Agents\\PTCG_AI_Battle_Challenge\\reports\\notebook54\\section4\\section4a_move_damage_conflicts.csv""]",False
Charmander,Tail Whap,0.0,7,7,-2,"[""D:\\02_AI_and_Data\\Kaggle-AI-Agents\\PTCG_AI_Battle_Challenge\\reports\\notebook46\\actor_perspective_suspicious_records.csv"", ""D:\\02_AI_and_Data\\Kaggle-AI-Agents\\PTCG_AI_Battle_Challenge\\reports\\notebook54\\section3\\section3b_discovered_move_records.csv"", ""D:\\02_AI_and_Data\\Kaggle-AI-Agents\\PTCG_AI_Battle_Challenge\\reports\\notebook54\\section4\\section4a_move_records_manual_review.csv"", ""D:\\02_AI_and_Data\\Kaggle-AI-Agents\\PTCG_AI_Battle_Challenge\\reports\\notebook54\\section4\\section4a_move_source_agreement.csv"", ""D:\\02_AI_and_Data\\Kaggle-AI-Agents\\PTCG_AI_Battle_Challenge\\reports\\notebook54\\section4\\section4a_preferred_move_catalog.csv"", ""D:\\02_AI_and_Data\\Kaggle-AI-Agents\\PTCG_AI_Battle_Challenge\\reports\\notebook54\\section4\\section4a_simulator_supported_move_records.csv"", ""D:\\02_AI_and_Data\\Kaggle-AI-Agents\\PTCG_AI_Battle_Challenge\\reports\\notebook54\\section4\\section4a_tournament_card_move_records.csv""]",False
Charmander,Tail Whap,2.0,1,1,-5,"[""D:\\02_AI_and_Data\\Kaggle-AI-Agents\\PTCG_AI_Battle_Challenge\\reports\\notebook54\\section4\\section4a_move_damage_conflicts.csv""]",False
Charmander,Thunderbolt,0.0,7,7,-2,"[""D:\\02_AI_and_Data\\Kaggle-AI-Agents\\PTCG_AI_Battle_Challenge\\reports\\notebook46\\actor_perspective_suspicious_records.csv"", ""D:\\02_AI_and_Data\\Kaggle-AI-Agents\\PTCG_AI_Battle_Challenge\\reports\\notebook54\\section3\\section3b_discovered_move_records.csv"", ""D:\\02_AI_and_Data\\Kaggle-AI-Agents\\PTCG_AI_Battle_Challenge\\reports\\notebook54\\section4\\section4a_move_records_manual_review.csv"", ""D:\\02_AI_and_Data\\Kaggle-AI-Agents\\PTCG_AI_Battle_Challenge\\reports\\notebook54\\section4\\section4a_move_source_agreement.csv"", ""D:\\02_AI_and_Data\\Kaggle-AI-Agents\\PTCG_AI_Battle_Challenge\\reports\\notebook54\\section4\\section4a_preferred_move_catalog.csv"", ""D:\\02_AI_and_Data\\Kaggle-AI-Agents\\PTCG_AI_Battle_Challenge\\reports\\notebook54\\section4\\section4a_simulator_supported_move_records.csv"", ""D:\\02_AI_and_Data\\Kaggle-AI-Agents\\PTCG_AI_Battle_Challenge\\reports\\notebook54\\section4\\section4a_tournament_card_move_records.csv""]",False
Charmander,Thunderbolt,2.0,1,1,-5,"[""D:\\02_AI_and_Data\\Kaggle-AI-Agents\\PTCG_AI_Battle_Challenge\\reports\\notebook54\\section4\\section4a_move_damage_conflicts.csv""]",False
Charmander,Vine Whip,0.0,7,7,-2,"[""D:\\02_AI_and_Data\\Kaggle-AI-Agents\\PTCG_AI_Battle_Challenge\\reports\\notebook46\\actor_perspective_suspicious_records.csv"", ""D:\\02_AI_and_Data\\Kaggle-AI-Agents\\PTCG_AI_Battle_Challenge\\reports\\notebook54\\section3\\section3b_discovered_move_records.csv"", ""D:\\02_AI_and_Data\\Kaggle-AI-Agents\\PTCG_AI_Battle_Challenge\\reports\\notebook54\\section4\\section4a_move_records_manual_review.csv"", ""D:\\02_AI_and_Data\\Kaggle-AI-Agents\\PTCG_AI_Battle_Challenge\\reports\\notebook54\\section4\\section4a_move_source_agreement.csv"", ""D:\\02_AI_and_Data\\Kaggle-AI-Agents\\PTCG_AI_Battle_Challenge\\reports\\notebook54\\section4\\section4a_preferred_move_catalog.csv"", ""D:\\02_AI_and_Data\\Kaggle-AI-Agents\\PTCG_AI_Battle_Challenge\\reports\\notebook54\\section4\\section4a_simulator_supported_move_records.csv"", ""D:\\02_AI_and_Data\\Kaggle-AI-Agents\\PTCG_AI_Battle_Challenge\\reports\\notebook54\\section4\\section4a_tournament_card_move_records.csv""]",False
Charmander,Vine Whip,2.0,1,1,-5,"[""D:\\02_AI_and_Data\\Kaggle-AI-Agents\\PTCG_AI_Battle_Challenge\\reports\\notebook54\\section4\\section4a_move_damage_conflicts.csv""]",False
Charmander,Water Pulse,0.0,7,7,-2,"[""D:\\02_AI_and_Data\\Kaggle-AI-Agents\\PTCG_AI_Battle_Challenge\\reports\\notebook46\\actor_perspective_suspicious_records.csv"", ""D:\\02_AI_and_Data\\Kaggle-AI-Agents\\PTCG_AI_Battle_Challenge\\reports\\notebook54\\section3\\section3b_discovered_move_records.csv"", ""D:\\02_AI_and_Data\\Kaggle-AI-Agents\\PTCG_AI_Battle_Challenge\\reports\\notebook54\\section4\\section4a_move_records_manual_review.csv"", ""D:\\02_AI_and_Data\\Kaggle-AI-Agents\\PTCG_AI_Battle_Challenge\\reports\\notebook54\\section4\\section4a_move_source_agreement.csv"", ""D:\\02_AI_and_Data\\Kaggle-AI-Agents\\PTCG_AI_Battle_Challenge\\reports\\notebook54\\section4\\section4a_preferred_move_catalog.csv"", ""D:\\02_AI_and_Data\\Kaggle-AI-Agents\\PTCG_AI_Battle_Challenge\\reports\\notebook54\\section4\\section4a_simulator_supported_move_records.csv"", ""D:\\02_AI_and_Data\\Kaggle-AI-Agents\\PTCG_AI_Battle_Challenge\\reports\\notebook54\\section4\\section4a_tournament_card_move_records.csv""]",False
Charmander,Water Pulse,2.0,1,1,-5,"[""D:\\02_AI_and_Data\\Kaggle-AI-Agents\\PTCG_AI_Battle_Challenge\\reports\\notebook54\\section4\\section4a_move_damage_conflicts.csv""]",False
Charmander,[0.08 0.1 0. 0. 0. 0. 0. 0.38],50.0,1,1,10,"[""D:\\02_AI_and_Data\\Kaggle-AI-Agents\\PTCG_AI_Battle_Challenge\\data\\competitive\\actor_relative_search_expert_dataset.parquet""]",False
Charmander,[0.08 0.1 1. 0. 0. 0. 0. 1.38],16.0,1,1,10,"[""D:\\02_AI_and_Data\\Kaggle-AI-Agents\\PTCG_AI_Battle_Challenge\\data\\competitive\\actor_relative_search_expert_dataset.parquet""]",False
Charmander,"[0.08, 0.1, 0.0, 0.0, 0.0, 0.0, 0.0, 0.38]",50.0,1,1,10,"[""D:\\02_AI_and_Data\\Kaggle-AI-Agents\\PTCG_AI_Battle_Challenge\\data\\competitive\\actor_relative_search_expert_dataset.jsonl""]",False
Charmander,"[0.08, 0.1, 1.0, 0.0, 0.0, 0.0, 0.0, 1.38]",16.0,1,1,10,"[""D:\\02_AI_and_Data\\Kaggle-AI-Agents\\PTCG_AI_Battle_Challenge\\data\\competitive\\actor_relative_search_expert_dataset.jsonl""]",False
Charmander,[0.2 0.2 0. 0. 0. 0. 0. 0.55],50.0,1,1,10,"[""D:\\02_AI_and_Data\\Kaggle-AI-Agents\\PTCG_AI_Battle_Challenge\\data\\competitive\\actor_relative_search_expert_dataset.parquet""]",False
Charmander,[0.2 0.2 1. 0. 0. 0. 0. 1.55],20.0,1,1,10,"[""D:\\02_AI_and_Data\\Kaggle-AI-Agents\\PTCG_AI_Battle_Challenge\\data\\competitive\\actor_relative_search_expert_dataset.parquet""]",False
Charmander,"[0.2, 0.2, 0.0, 0.0, 0.0, 0.0, 0.0, 0.55]",50.0,1,1,10,"[""D:\\02_AI_and_Data\\Kaggle-AI-Agents\\PTCG_AI_Battle_Challenge\\data\\competitive\\actor_relative_search_expert_dataset.jsonl""]",False
Charmander,"[0.2, 0.2, 1.0, 0.0, 0.0, 0.0, 0.0, 1.55]",20.0,1,1,10,"[""D:\\02_AI_and_Data\\Kaggle-AI-Agents\\PTCG_AI_Battle_Challenge\\data\\competitive\\actor_relative_search_expert_dataset.jsonl""]",False
Eevee,0.0,1.0,1,1,-5,"[""D:\\02_AI_and_Data\\Kaggle-AI-Agents\\PTCG_AI_Battle_Challenge\\reports\\notebook54\\section4\\section4a_move_source_agreement.csv""]",False
Eevee,0.0,3.0,1,1,-5,"[""D:\\02_AI_and_Data\\Kaggle-AI-Agents\\PTCG_AI_Battle_Challenge\\reports\\notebook54\\section4\\section4a_move_damage_conflicts.csv""]",False
Eevee,0.0,20.0,4,4,-2,"[""D:\\02_AI_and_Data\\Kaggle-AI-Agents\\PTCG_AI_Battle_Challenge\\reports\\notebook54\\section3\\section3b_discovered_move_records.csv"", ""D:\\02_AI_and_Data\\Kaggle-AI-Agents\\PTCG_AI_Battle_Challenge\\reports\\notebook54\\section4\\section4a_move_records_manual_review.csv"", ""D:\\02_AI_and_Data\\Kaggle-AI-Agents\\PTCG_AI_Battle_Challenge\\reports\\notebook54\\section4\\section4a_simulator_supported_move_records.csv"", ""D:\\02_AI_and_Data\\Kaggle-AI-Agents\\PTCG_AI_Battle_Challenge\\reports\\notebook54\\section4\\section4a_tournament_card_move_records.csv""]",False
Eevee,0.0,31.0,7,7,-5,"[""D:\\02_AI_and_Data\\Kaggle-AI-Agents\\PTCG_AI_Battle_Challenge\\reports\\notebook54\\section4\\section4a_additional_source_backed_moves.csv"", ""D:\\02_AI_and_Data\\Kaggle-AI-Agents\\PTCG_AI_Battle_Challenge\\reports\\notebook54\\section4\\section4a_preferred_move_catalog.csv"", ""D:\\02_AI_and_Data\\Kaggle-AI-Agents\\PTCG_AI_Battle_Challenge\\reports\\notebook54\\section4\\section4a_safe_action_catalog.csv"", ""D:\\02_AI_and_Data\\Kaggle-AI-Agents\\PTCG_AI_Battle_Challenge\\reports\\notebook54\\section4\\section4b_candidate_transition_results.csv"", ""D:\\02_AI_and_Data\\Kaggle-AI-Agents\\PTCG_AI_Battle_Challenge\\reports\\notebook54\\section4\\section4b_transition_validated_candidate_catalog.csv"", ""D:\\02_AI_and_Data\\Kaggle-AI-Agents\\PTCG_AI_Battle_Challenge\\reports\\notebook54\\section4\\section4c_candidate_provenance_audit.csv"", ""D:\\02_AI_and_Data\\Kaggle-AI-Agents\\PTCG_AI_Battle_Challenge\\reports\\notebook54\\section4\\section4c_rejected_false_candidates.csv""]",False
Eevee,0.08,1.0,1,1,-5,"[""D:\\02_AI_and_Data\\Kaggle-AI-Agents\\PTCG_AI_Battle_Challenge\\reports\\notebook54\\section4\\section4a_move_source_agreement.csv""]",False
Eevee,0.08,2.0,1,1,-5,"[""D:\\02_AI_and_Data\\Kaggle-AI-Agents\\PTCG_AI_Battle_Challenge\\reports\\notebook54\\section4\\section4a_move_damage_conflicts.csv""]",False
Eevee,0.08,20.0,11,11,-2,"[""D:\\02_AI_and_Data\\Kaggle-AI-Agents\\PTCG_AI_Battle_Challenge\\reports\\notebook54\\section3\\section3b_discovered_move_records.csv"", ""D:\\02_AI_and_Data\\Kaggle-AI-Agents\\PTCG_AI_Battle_Challenge\\reports\\notebook54\\section4\\section4a_additional_source_backed_moves.csv"", ""D:\\02_AI_and_Data\\Kaggle-AI-Agents\\PTCG_AI_Battle_Challenge\\reports\\notebook54\\section4\\section4a_move_records_manual_review.csv"", ""D:\\02_AI_and_Data\\Kaggle-AI-Agents\\PTCG_AI_Battle_Challenge\\reports\\notebook54\\section4\\section4a_preferred_move_catalog.csv"", ""D:\\02_AI_and_Data\\Kaggle-AI-Agents\\PTCG_AI_Battle_Challenge\\reports\\notebook54\\section4\\section4a_safe_action_catalog.csv"", ""D:\\02_AI_and_Data\\Kaggle-AI-Agents\\PTCG_AI_Battle_Challenge\\reports\\notebook54\\section4\\section4a_simulator_supported_move_records.csv"", ""D:\\02_AI_and_Data\\Kaggle-AI-Agents\\PTCG_AI_Battle_Challenge\\reports\\notebook54\\section4\\section4a_tournament_card_move_records.csv"", ""D:\\02_AI_and_Data\\Kaggle-AI-Agents\\PTCG_AI_Battle_Challenge\\reports\\notebook54\\section4\\section4b_candidate_transition_results.csv"", ""D:\\02_AI_and_Data\\Kaggle-AI-Agents\\PTCG_AI_Battle_Challenge\\reports\\notebook54\\section4\\section4b_transition_validated_candidate_catalog.csv"", ""D:\\02_AI_and_Data\\Kaggle-AI-Agents\\PTCG_AI_Battle_Challenge\\reports\\notebook54\\section4\\section4c_candidate_provenance_audit.csv"", ""D:\\02_AI_and_Data\\Kaggle-AI-Agents\\PTCG_AI_Battle_Challenge\\reports\\notebook54\\section4\\section4c_rejected_false_candidates.csv""]",False
Eevee,0.08 0.1 0. 0. 0. 0. 0. 0.38,1.0,1,1,-5,"[""D:\\02_AI_and_Data\\Kaggle-AI-Agents\\PTCG_AI_Battle_Challenge\\reports\\notebook54\\section4\\section4a_move_source_agreement.csv""]",False
Eevee,0.08 0.1 0. 0. 0. 0. 0. 0.38,2.0,1,1,-5,"[""D:\\02_AI_and_Data\\Kaggle-AI-Agents\\PTCG_AI_Battle_Challenge\\reports\\notebook54\\section4\\section4a_move_damage_conflicts.csv""]",False
Eevee,0.08 0.1 0. 0. 0. 0. 0. 0.38,20.0,14,11,-2,"[""D:\\02_AI_and_Data\\Kaggle-AI-Agents\\PTCG_AI_Battle_Challenge\\reports\\notebook54\\section3\\section3b_discovered_move_records.csv"", ""D:\\02_AI_and_Data\\Kaggle-AI-Agents\\PTCG_AI_Battle_Challenge\\reports\\notebook54\\section4\\section4a_additional_source_backed_moves.csv"", ""D:\\02_AI_and_Data\\Kaggle-AI-Agents\\PTCG_AI_Battle_Challenge\\reports\\notebook54\\section4\\section4a_move_records_manual_review.csv"", ""D:\\02_AI_and_Data\\Kaggle-AI-Agents\\PTCG_AI_Battle_Challenge\\reports\\notebook54\\section4\\section4a_preferred_move_catalog.csv"", ""D:\\02_AI_and_Data\\Kaggle-AI-Agents\\PTCG_AI_Battle_Challenge\\reports\\notebook54\\section4\\section4a_safe_action_catalog.csv"", ""D:\\02_AI_and_Data\\Kaggle-AI-Agents\\PTCG_AI_Battle_Challenge\\reports\\notebook54\\section4\\section4a_simulator_supported_move_records.csv"", ""D:\\02_AI_and_Data\\Kaggle-AI-Agents\\PTCG_AI_Battle_Challenge\\reports\\notebook54\\section4\\section4a_tournament_card_move_records.csv"", ""D:\\02_AI_and_Data\\Kaggle-AI-Agents\\PTCG_AI_Battle_Challenge\\reports\\notebook54\\section4\\section4b_candidate_transition_results.csv"", ""D:\\02_AI_and_Data\\Kaggle-AI-Agents\\PTCG_AI_Battle_Challenge\\reports\\notebook54\\section4\\section4b_transition_validated_candidate_catalog.csv"", ""D:\\02_AI_and_Data\\Kaggle-AI-Agents\\PTCG_AI_Battle_Challenge\\reports\\notebook54\\section4\\section4c_candidate_provenance_audit.csv"", ""D:\\02_AI_and_Data\\Kaggle-AI-Agents\\PTCG_AI_Battle_Challenge\\reports\\notebook54\\section4\\section4c_rejected_false_candidates.csv""]",False
Eevee,0.08 0.1 1. 0. 0. 0. 0. 1.38,1.0,1,1,-5,"[""D:\\02_AI_and_Data\\Kaggle-AI-Agents\\PTCG_AI_Battle_Challenge\\reports\\notebook54\\section4\\section4a_move_source_agreement.csv""]",False
Eevee,0.08 0.1 1. 0. 0. 0. 0. 1.38,2.0,1,1,-5,"[""D:\\02_AI_and_Data\\Kaggle-AI-Agents\\PTCG_AI_Battle_Challenge\\reports\\notebook54\\section4\\section4a_move_damage_conflicts.csv""]",False
Eevee,0.08 0.1 1. 0. 0. 0. 0. 1.38,18.0,14,11,-2,"[""D:\\02_AI_and_Data\\Kaggle-AI-Agents\\PTCG_AI_Battle_Challenge\\reports\\notebook54\\section3\\section3b_discovered_move_records.csv"", ""D:\\02_AI_and_Data\\Kaggle-AI-Agents\\PTCG_AI_Battle_Challenge\\reports\\notebook54\\section4\\section4a_additional_source_backed_moves.csv"", ""D:\\02_AI_and_Data\\Kaggle-AI-Agents\\PTCG_AI_Battle_Challenge\\reports\\notebook54\\section4\\section4a_move_records_manual_review.csv"", ""D:\\02_AI_and_Data\\Kaggle-AI-Agents\\PTCG_AI_Battle_Challenge\\reports\\notebook54\\section4\\section4a_preferred_move_catalog.csv"", ""D:\\02_AI_and_Data\\Kaggle-AI-Agents\\PTCG_AI_Battle_Challenge\\reports\\notebook54\\section4\\section4a_safe_action_catalog.csv"", ""D:\\02_AI_and_Data\\Kaggle-AI-Agents\\PTCG_AI_Battle_Challenge\\reports\\notebook54\\section4\\section4a_simulator_supported_move_records.csv"", ""D:\\02_AI_and_Data\\Kaggle-AI-Agents\\PTCG_AI_Battle_Challenge\\reports\\notebook54\\section4\\section4a_tournament_card_move_records.csv"", ""D:\\02_AI_and_Data\\Kaggle-AI-Agents\\PTCG_AI_Battle_Challenge\\reports\\notebook54\\section4\\section4b_candidate_transition_results.csv"", ""D:\\02_AI_and_Data\\Kaggle-AI-Agents\\PTCG_AI_Battle_Challenge\\reports\\notebook54\\section4\\section4b_transition_validated_candidate_catalog.csv"", ""D:\\02_AI_and_Data\\Kaggle-AI-Agents\\PTCG_AI_Battle_Challenge\\reports\\notebook54\\section4\\section4c_candidate_provenance_audit.csv"", ""D:\\02_AI_and_Data\\Kaggle-AI-Agents\\PTCG_AI_Battle_Challenge\\reports\\notebook54\\section4\\section4c_rejected_false_candidates.csv""]",False
Eevee,0.1,1.0,1,1,-5,"[""D:\\02_AI_and_Data\\Kaggle-AI-Agents\\PTCG_AI_Battle_Challenge\\reports\\notebook54\\section4\\section4a_move_source_agreement.csv""]",False
Eevee,0.1,2.0,1,1,-5,"[""D:\\02_AI_and_Data\\Kaggle-AI-Agents\\PTCG_AI_Battle_Challenge\\reports\\notebook54\\section4\\section4a_move_damage_conflicts.csv""]",False
Eevee,0.1,20.0,11,11,-2,"[""D:\\02_AI_and_Data\\Kaggle-AI-Agents\\PTCG_AI_Battle_Challenge\\reports\\notebook54\\section3\\section3b_discovered_move_records.csv"", ""D:\\02_AI_and_Data\\Kaggle-AI-Agents\\PTCG_AI_Battle_Challenge\\reports\\notebook54\\section4\\section4a_additional_source_backed_moves.csv"", ""D:\\02_AI_and_Data\\Kaggle-AI-Agents\\PTCG_AI_Battle_Challenge\\reports\\notebook54\\section4\\section4a_move_records_manual_review.csv"", ""D:\\02_AI_and_Data\\Kaggle-AI-Agents\\PTCG_AI_Battle_Challenge\\reports\\notebook54\\section4\\section4a_preferred_move_catalog.csv"", ""D:\\02_AI_and_Data\\Kaggle-AI-Agents\\PTCG_AI_Battle_Challenge\\reports\\notebook54\\section4\\section4a_safe_action_catalog.csv"", ""D:\\02_AI_and_Data\\Kaggle-AI-Agents\\PTCG_AI_Battle_Challenge\\reports\\notebook54\\section4\\section4a_simulator_supported_move_records.csv"", ""D:\\02_AI_and_Data\\Kaggle-AI-Agents\\PTCG_AI_Battle_Challenge\\reports\\notebook54\\section4\\section4a_tournament_card_move_records.csv"", ""D:\\02_AI_and_Data\\Kaggle-AI-Agents\\PTCG_AI_Battle_Challenge\\reports\\notebook54\\section4\\section4b_candidate_transition_results.csv"", ""D:\\02_AI_and_Data\\Kaggle-AI-Agents\\PTCG_AI_Battle_Challenge\\reports\\notebook54\\section4\\section4b_transition_validated_candidate_catalog.csv"", ""D:\\02_AI_and_Data\\Kaggle-AI-Agents\\PTCG_AI_Battle_Challenge\\reports\\notebook54\\section4\\section4c_candidate_provenance_audit.csv"", ""D:\\02_AI_and_Data\\Kaggle-AI-Agents\\PTCG_AI_Battle_Challenge\\reports\\notebook54\\section4\\section4c_rejected_false_candidates.csv""]",False
Eevee,0.2,1.0,1,1,-5,"[""D:\\02_AI_and_Data\\Kaggle-AI-Agents\\PTCG_AI_Battle_Challenge\\reports\\notebook54\\section4\\section4a_move_source_agreement.csv""]",False
Eevee,0.2,3.0,1,1,-5,"[""D:\\02_AI_and_Data\\Kaggle-AI-Agents\\PTCG_AI_Battle_Challenge\\reports\\notebook54\\section4\\section4a_move_damage_conflicts.csv""]",False
Eevee,0.2,20.0,4,4,-2,"[""D:\\02_AI_and_Data\\Kaggle-AI-Agents\\PTCG_AI_Battle_Challenge\\reports\\notebook54\\section3\\section3b_discovered_move_records.csv"", ""D:\\02_AI_and_Data\\Kaggle-AI-Agents\\PTCG_AI_Battle_Challenge\\reports\\notebook54\\section4\\section4a_move_records_manual_review.csv"", ""D:\\02_AI_and_Data\\Kaggle-AI-Agents\\PTCG_AI_Battle_Challenge\\reports\\notebook54\\section4\\section4a_simulator_supported_move_records.csv"", ""D:\\02_AI_and_Data\\Kaggle-AI-Agents\\PTCG_AI_Battle_Challenge\\reports\\notebook54\\section4\\section4a_tournament_card_move_records.csv""]",False
Eevee,0.2,31.0,7,7,-5,"[""D:\\02_AI_and_Data\\Kaggle-AI-Agents\\PTCG_AI_Battle_Challenge\\reports\\notebook54\\section4\\section4a_additional_source_backed_moves.csv"", ""D:\\02_AI_and_Data\\Kaggle-AI-Agents\\PTCG_AI_Battle_Challenge\\reports\\notebook54\\section4\\section4a_preferred_move_catalog.csv"", ""D:\\02_AI_and_Data\\Kaggle-AI-Agents\\PTCG_AI_Battle_Challenge\\reports\\notebook54\\section4\\section4a_safe_action_catalog.csv"", ""D:\\02_AI_and_Data\\Kaggle-AI-Agents\\PTCG_AI_Battle_Challenge\\reports\\notebook54\\section4\\section4b_candidate_transition_results.csv"", ""D:\\02_AI_and_Data\\Kaggle-AI-Agents\\PTCG_AI_Battle_Challenge\\reports\\notebook54\\section4\\section4b_transition_validated_candidate_catalog.csv"", ""D:\\02_AI_and_Data\\Kaggle-AI-Agents\\PTCG_AI_Battle_Challenge\\reports\\notebook54\\section4\\section4c_candidate_provenance_audit.csv"", ""D:\\02_AI_and_Data\\Kaggle-AI-Agents\\PTCG_AI_Battle_Challenge\\reports\\notebook54\\section4\\section4c_rejected_false_candidates.csv""]",False
Eevee,0.2 0.2 0. 0. 0. 0. 0. 0.55,1.0,1,1,-5,"[""D:\\02_AI_and_Data\\Kaggle-AI-Agents\\PTCG_AI_Battle_Challenge\\reports\\notebook54\\section4\\section4a_move_source_agreement.csv""]",False
Eevee,0.2 0.2 0. 0. 0. 0. 0. 0.55,2.0,1,1,-5,"[""D:\\02_AI_and_Data\\Kaggle-AI-Agents\\PTCG_AI_Battle_Challenge\\reports\\notebook54\\section4\\section4a_move_damage_conflicts.csv""]",False
Eevee,0.2 0.2 0. 0. 0. 0. 0. 0.55,20.0,14,11,-2,"[""D:\\02_AI_and_Data\\Kaggle-AI-Agents\\PTCG_AI_Battle_Challenge\\reports\\notebook54\\section3\\section3b_discovered_move_records.csv"", ""D:\\02_AI_and_Data\\Kaggle-AI-Agents\\PTCG_AI_Battle_Challenge\\reports\\notebook54\\section4\\section4a_additional_source_backed_moves.csv"", ""D:\\02_AI_and_Data\\Kaggle-AI-Agents\\PTCG_AI_Battle_Challenge\\reports\\notebook54\\section4\\section4a_move_records_manual_review.csv"", ""D:\\02_AI_and_Data\\Kaggle-AI-Agents\\PTCG_AI_Battle_Challenge\\reports\\notebook54\\section4\\section4a_preferred_move_catalog.csv"", ""D:\\02_AI_and_Data\\Kaggle-AI-Agents\\PTCG_AI_Battle_Challenge\\reports\\notebook54\\section4\\section4a_safe_action_catalog.csv"", ""D:\\02_AI_and_Data\\Kaggle-AI-Agents\\PTCG_AI_Battle_Challenge\\reports\\notebook54\\section4\\section4a_simulator_supported_move_records.csv"", ""D:\\02_AI_and_Data\\Kaggle-AI-Agents\\PTCG_AI_Battle_Challenge\\reports\\notebook54\\section4\\section4a_tournament_card_move_records.csv"", ""D:\\02_AI_and_Data\\Kaggle-AI-Agents\\PTCG_AI_Battle_Challenge\\reports\\notebook54\\section4\\section4b_candidate_transition_results.csv"", ""D:\\02_AI_and_Data\\Kaggle-AI-Agents\\PTCG_AI_Battle_Challenge\\reports\\notebook54\\section4\\section4b_transition_validated_candidate_catalog.csv"", ""D:\\02_AI_and_Data\\Kaggle-AI-Agents\\PTCG_AI_Battle_Challenge\\reports\\notebook54\\section4\\section4c_candidate_provenance_audit.csv"", ""D:\\02_AI_and_Data\\Kaggle-AI-Agents\\PTCG_AI_Battle_Challenge\\reports\\notebook54\\section4\\section4c_rejected_false_candidates.csv""]",False
Eevee,0.2 0.2 1. 0. 0. 0. 0. 1.55,1.0,1,1,-5,"[""D:\\02_AI_and_Data\\Kaggle-AI-Agents\\PTCG_AI_Battle_Challenge\\reports\\notebook54\\section4\\section4a_move_source_agreement.csv""]",False
Eevee,0.2 0.2 1. 0. 0. 0. 0. 1.55,2.0,1,1,-5,"[""D:\\02_AI_and_Data\\Kaggle-AI-Agents\\PTCG_AI_Battle_Challenge\\reports\\notebook54\\section4\\section4a_move_damage_conflicts.csv""]",False
Eevee,0.2 0.2 1. 0. 0. 0. 0. 1.55,31.0,14,11,-2,"[""D:\\02_AI_and_Data\\Kaggle-AI-Agents\\PTCG_AI_Battle_Challenge\\reports\\notebook54\\section3\\section3b_discovered_move_records.csv"", ""D:\\02_AI_and_Data\\Kaggle-AI-Agents\\PTCG_AI_Battle_Challenge\\reports\\notebook54\\section4\\section4a_additional_source_backed_moves.csv"", ""D:\\02_AI_and_Data\\Kaggle-AI-Agents\\PTCG_AI_Battle_Challenge\\reports\\notebook54\\section4\\section4a_move_records_manual_review.csv"", ""D:\\02_AI_and_Data\\Kaggle-AI-Agents\\PTCG_AI_Battle_Challenge\\reports\\notebook54\\section4\\section4a_preferred_move_catalog.csv"", ""D:\\02_AI_and_Data\\Kaggle-AI-Agents\\PTCG_AI_Battle_Challenge\\reports\\notebook54\\section4\\section4a_safe_action_catalog.csv"", ""D:\\02_AI_and_Data\\Kaggle-AI-Agents\\PTCG_AI_Battle_Challenge\\reports\\notebook54\\section4\\section4a_simulator_supported_move_records.csv"", ""D:\\02_AI_and_Data\\Kaggle-AI-Agents\\PTCG_AI_Battle_Challenge\\reports\\notebook54\\section4\\section4a_tournament_card_move_records.csv"", ""D:\\02_AI_and_Data\\Kaggle-AI-Agents\\PTCG_AI_Battle_Challenge\\reports\\notebook54\\section4\\section4b_candidate_transition_results.csv"", ""D:\\02_AI_and_Data\\Kaggle-AI-Agents\\PTCG_AI_Battle_Challenge\\reports\\notebook54\\section4\\section4b_transition_validated_candidate_catalog.csv"", ""D:\\02_AI_and_Data\\Kaggle-AI-Agents\\PTCG_AI_Battle_Challenge\\reports\\notebook54\\section4\\section4c_candidate_provenance_audit.csv"", ""D:\\02_AI_and_Data\\Kaggle-AI-Agents\\PTCG_AI_Battle_Challenge\\reports\\notebook54\\section4\\section4c_rejected_false_candidates.csv""]",False
Eevee,0.38,1.0,1,1,-5,"[""D:\\02_AI_and_Data\\Kaggle-AI-Agents\\PTCG_AI_Battle_Challenge\\reports\\notebook54\\section4\\section4a_move_source_agreement.csv""]",False
Eevee,0.38,2.0,1,1,-5,"[""D:\\02_AI_and_Data\\Kaggle-AI-Agents\\PTCG_AI_Battle_Challenge\\reports\\notebook54\\section4\\section4a_move_damage_conflicts.csv""]",False
Eevee,0.38,20.0,11,11,-2,"[""D:\\02_AI_and_Data\\Kaggle-AI-Agents\\PTCG_AI_Battle_Challenge\\reports\\notebook54\\section3\\section3b_discovered_move_records.csv"", ""D:\\02_AI_and_Data\\Kaggle-AI-Agents\\PTCG_AI_Battle_Challenge\\reports\\notebook54\\section4\\section4a_additional_source_backed_moves.csv"", ""D:\\02_AI_and_Data\\Kaggle-AI-Agents\\PTCG_AI_Battle_Challenge\\reports\\notebook54\\section4\\section4a_move_records_manual_review.csv"", ""D:\\02_AI_and_Data\\Kaggle-AI-Agents\\PTCG_AI_Battle_Challenge\\reports\\notebook54\\section4\\section4a_preferred_move_catalog.csv"", ""D:\\02_AI_and_Data\\Kaggle-AI-Agents\\PTCG_AI_Battle_Challenge\\reports\\notebook54\\section4\\section4a_safe_action_catalog.csv"", ""D:\\02_AI_and_Data\\Kaggle-AI-Agents\\PTCG_AI_Battle_Challenge\\reports\\notebook54\\section4\\section4a_simulator_supported_move_records.csv"", ""D:\\02_AI_and_Data\\Kaggle-AI-Agents\\PTCG_AI_Battle_Challenge\\reports\\notebook54\\section4\\section4a_tournament_card_move_records.csv"", ""D:\\02_AI_and_Data\\Kaggle-AI-Agents\\PTCG_AI_Battle_Challenge\\reports\\notebook54\\section4\\section4b_candidate_transition_results.csv"", ""D:\\02_AI_and_Data\\Kaggle-AI-Agents\\PTCG_AI_Battle_Challenge\\reports\\notebook54\\section4\\section4b_transition_validated_candidate_catalog.csv"", ""D:\\02_AI_and_Data\\Kaggle-AI-Agents\\PTCG_AI_Battle_Challenge\\reports\\notebook54\\section4\\section4c_candidate_provenance_audit.csv"", ""D:\\02_AI_and_Data\\Kaggle-AI-Agents\\PTCG_AI_Battle_Challenge\\reports\\notebook54\\section4\\section4c_rejected_false_candidates.csv""]",False
Eevee,0.55,1.0,1,1,-5,"[""D:\\02_AI_and_Data\\Kaggle-AI-Agents\\PTCG_AI_Battle_Challenge\\reports\\notebook54\\section4\\section4a_move_source_agreement.csv""]",False
Eevee,0.55,2.0,1,1,-5,"[""D:\\02_AI_and_Data\\Kaggle-AI-Agents\\PTCG_AI_Battle_Challenge\\reports\\notebook54\\section4\\section4a_move_damage_conflicts.csv""]",False
Eevee,0.55,20.0,11,11,-2,"[""D:\\02_AI_and_Data\\Kaggle-AI-Agents\\PTCG_AI_Battle_Challenge\\reports\\notebook54\\section3\\section3b_discovered_move_records.csv"", ""D:\\02_AI_and_Data\\Kaggle-AI-Agents\\PTCG_AI_Battle_Challenge\\reports\\notebook54\\section4\\section4a_additional_source_backed_moves.csv"", ""D:\\02_AI_and_Data\\Kaggle-AI-Agents\\PTCG_AI_Battle_Challenge\\reports\\notebook54\\section4\\section4a_move_records_manual_review.csv"", ""D:\\02_AI_and_Data\\Kaggle-AI-Agents\\PTCG_AI_Battle_Challenge\\reports\\notebook54\\section4\\section4a_preferred_move_catalog.csv"", ""D:\\02_AI_and_Data\\Kaggle-AI-Agents\\PTCG_AI_Battle_Challenge\\reports\\notebook54\\section4\\section4a_safe_action_catalog.csv"", ""D:\\02_AI_and_Data\\Kaggle-AI-Agents\\PTCG_AI_Battle_Challenge\\reports\\notebook54\\section4\\section4a_simulator_supported_move_records.csv"", ""D:\\02_AI_and_Data\\Kaggle-AI-Agents\\PTCG_AI_Battle_Challenge\\reports\\notebook54\\section4\\section4a_tournament_card_move_records.csv"", ""D:\\02_AI_and_Data\\Kaggle-AI-Agents\\PTCG_AI_Battle_Challenge\\reports\\notebook54\\section4\\section4b_candidate_transition_results.csv"", ""D:\\02_AI_and_Data\\Kaggle-AI-Agents\\PTCG_AI_Battle_Challenge\\reports\\notebook54\\section4\\section4b_transition_validated_candidate_catalog.csv"", ""D:\\02_AI_and_Data\\Kaggle-AI-Agents\\PTCG_AI_Battle_Challenge\\reports\\notebook54\\section4\\section4c_candidate_provenance_audit.csv"", ""D:\\02_AI_and_Data\\Kaggle-AI-Agents\\PTCG_AI_Battle_Challenge\\reports\\notebook54\\section4\\section4c_rejected_false_candidates.csv""]",False
Eevee,1.0,1.0,1,1,-5,"[""D:\\02_AI_and_Data\\Kaggle-AI-Agents\\PTCG_AI_Battle_Challenge\\reports\\notebook54\\section4\\section4a_move_source_agreement.csv""]",False
Eevee,1.0,3.0,1,1,-5,"[""D:\\02_AI_and_Data\\Kaggle-AI-Agents\\PTCG_AI_Battle_Challenge\\reports\\notebook54\\section4\\section4a_move_damage_conflicts.csv""]",False
Eevee,1.0,31.0,11,11,-2,"[""D:\\02_AI_and_Data\\Kaggle-AI-Agents\\PTCG_AI_Battle_Challenge\\reports\\notebook54\\section3\\section3b_discovered_move_records.csv"", ""D:\\02_AI_and_Data\\Kaggle-AI-Agents\\PTCG_AI_Battle_Challenge\\reports\\notebook54\\section4\\section4a_additional_source_backed_moves.csv"", ""D:\\02_AI_and_Data\\Kaggle-AI-Agents\\PTCG_AI_Battle_Challenge\\reports\\notebook54\\section4\\section4a_move_records_manual_review.csv"", ""D:\\02_AI_and_Data\\Kaggle-AI-Agents\\PTCG_AI_Battle_Challenge\\reports\\notebook54\\section4\\section4a_preferred_move_catalog.csv"", ""D:\\02_AI_and_Data\\Kaggle-AI-Agents\\PTCG_AI_Battle_Challenge\\reports\\notebook54\\section4\\section4a_safe_action_catalog.csv"", ""D:\\02_AI_and_Data\\Kaggle-AI-Agents\\PTCG_AI_Battle_Challenge\\reports\\notebook54\\section4\\section4a_simulator_supported_move_records.csv"", ""D:\\02_AI_and_Data\\Kaggle-AI-Agents\\PTCG_AI_Battle_Challenge\\reports\\notebook54\\section4\\section4a_tournament_card_move_records.csv"", ""D:\\02_AI_and_Data\\Kaggle-AI-Agents\\PTCG_AI_Battle_Challenge\\reports\\notebook54\\section4\\section4b_candidate_transition_results.csv"", ""D:\\02_AI_and_Data\\Kaggle-AI-Agents\\PTCG_AI_Battle_Challenge\\reports\\notebook54\\section4\\section4b_transition_validated_candidate_catalog.csv"", ""D:\\02_AI_and_Data\\Kaggle-AI-Agents\\PTCG_AI_Battle_Challenge\\reports\\notebook54\\section4\\section4c_candidate_provenance_audit.csv"", ""D:\\02_AI_and_Data\\Kaggle-AI-Agents\\PTCG_AI_Battle_Challenge\\reports\\notebook54\\section4\\section4c_rejected_false_candidates.csv""]",False
Eevee,1.38,1.0,1,1,-5,"[""D:\\02_AI_and_Data\\Kaggle-AI-Agents\\PTCG_AI_Battle_Challenge\\reports\\notebook54\\section4\\section4a_move_source_agreement.csv""]",False
Eevee,1.38,2.0,1,1,-5,"[""D:\\02_AI_and_Data\\Kaggle-AI-Agents\\PTCG_AI_Battle_Challenge\\reports\\notebook54\\section4\\section4a_move_damage_conflicts.csv""]",False
Eevee,1.38,18.0,11,11,-2,"[""D:\\02_AI_and_Data\\Kaggle-AI-Agents\\PTCG_AI_Battle_Challenge\\reports\\notebook54\\section3\\section3b_discovered_move_records.csv"", ""D:\\02_AI_and_Data\\Kaggle-AI-Agents\\PTCG_AI_Battle_Challenge\\reports\\notebook54\\section4\\section4a_additional_source_backed_moves.csv"", ""D:\\02_AI_and_Data\\Kaggle-AI-Agents\\PTCG_AI_Battle_Challenge\\reports\\notebook54\\section4\\section4a_move_records_manual_review.csv"", ""D:\\02_AI_and_Data\\Kaggle-AI-Agents\\PTCG_AI_Battle_Challenge\\reports\\notebook54\\section4\\section4a_preferred_move_catalog.csv"", ""D:\\02_AI_and_Data\\Kaggle-AI-Agents\\PTCG_AI_Battle_Challenge\\reports\\notebook54\\section4\\section4a_safe_action_catalog.csv"", ""D:\\02_AI_and_Data\\Kaggle-AI-Agents\\PTCG_AI_Battle_Challenge\\reports\\notebook54\\section4\\section4a_simulator_supported_move_records.csv"", ""D:\\02_AI_and_Data\\Kaggle-AI-Agents\\PTCG_AI_Battle_Challenge\\reports\\notebook54\\section4\\section4a_tournament_card_move_records.csv"", ""D:\\02_AI_and_Data\\Kaggle-AI-Agents\\PTCG_AI_Battle_Challenge\\reports\\notebook54\\section4\\section4b_candidate_transition_results.csv"", ""D:\\02_AI_and_Data\\Kaggle-AI-Agents\\PTCG_AI_Battle_Challenge\\reports\\notebook54\\section4\\section4b_transition_validated_candidate_catalog.csv"", ""D:\\02_AI_and_Data\\Kaggle-AI-Agents\\PTCG_AI_Battle_Challenge\\reports\\notebook54\\section4\\section4c_candidate_provenance_audit.csv"", ""D:\\02_AI_and_Data\\Kaggle-AI-Agents\\PTCG_AI_Battle_Challenge\\reports\\notebook54\\section4\\section4c_rejected_false_candidates.csv""]",False
Eevee,1.55,1.0,1,1,-5,"[""D:\\02_AI_and_Data\\Kaggle-AI-Agents\\PTCG_AI_Battle_Challenge\\reports\\notebook54\\section4\\section4a_move_source_agreement.csv""]",False
Eevee,1.55,2.0,1,1,-5,"[""D:\\02_AI_and_Data\\Kaggle-AI-Agents\\PTCG_AI_Battle_Challenge\\reports\\notebook54\\section4\\section4a_move_damage_conflicts.csv""]",False
Eevee,1.55,31.0,11,11,-2,"[""D:\\02_AI_and_Data\\Kaggle-AI-Agents\\PTCG_AI_Battle_Challenge\\reports\\notebook54\\section3\\section3b_discovered_move_records.csv"", ""D:\\02_AI_and_Data\\Kaggle-AI-Agents\\PTCG_AI_Battle_Challenge\\reports\\notebook54\\section4\\section4a_additional_source_backed_moves.csv"", ""D:\\02_AI_and_Data\\Kaggle-AI-Agents\\PTCG_AI_Battle_Challenge\\reports\\notebook54\\section4\\section4a_move_records_manual_review.csv"", ""D:\\02_AI_and_Data\\Kaggle-AI-Agents\\PTCG_AI_Battle_Challenge\\reports\\notebook54\\section4\\section4a_preferred_move_catalog.csv"", ""D:\\02_AI_and_Data\\Kaggle-AI-Agents\\PTCG_AI_Battle_Challenge\\reports\\notebook54\\section4\\section4a_safe_action_catalog.csv"", ""D:\\02_AI_and_Data\\Kaggle-AI-Agents\\PTCG_AI_Battle_Challenge\\reports\\notebook54\\section4\\section4a_simulator_supported_move_records.csv"", ""D:\\02_AI_and_Data\\Kaggle-AI-Agents\\PTCG_AI_Battle_Challenge\\reports\\notebook54\\section4\\section4a_tournament_card_move_records.csv"", ""D:\\02_AI_and_Data\\Kaggle-AI-Agents\\PTCG_AI_Battle_Challenge\\reports\\notebook54\\section4\\section4b_candidate_transition_results.csv"", ""D:\\02_AI_and_Data\\Kaggle-AI-Agents\\PTCG_AI_Battle_Challenge\\reports\\notebook54\\section4\\section4b_transition_validated_candidate_catalog.csv"", ""D:\\02_AI_and_Data\\Kaggle-AI-Agents\\PTCG_AI_Battle_Challenge\\reports\\notebook54\\section4\\section4c_candidate_provenance_audit.csv"", ""D:\\02_AI_and_Data\\Kaggle-AI-Agents\\PTCG_AI_Battle_Challenge\\reports\\notebook54\\section4\\section4c_rejected_false_candidates.csv""]",False
Eevee,151,103.0,1,1,-5,"[""D:\\02_AI_and_Data\\Kaggle-AI-Agents\\PTCG_AI_Battle_Challenge\\reports\\notebook54\\section4\\section4a_candidate_move_validation_summary.json""]",False
Eevee,19,1.0,1,1,-5,"[""D:\\02_AI_and_Data\\Kaggle-AI-Agents\\PTCG_AI_Battle_Challenge\\reports\\notebook54\\section4\\section4a_move_damage_conflicts.csv""]",False
Eevee,19,31.0,6,6,-2,"[""D:\\02_AI_and_Data\\Kaggle-AI-Agents\\PTCG_AI_Battle_Challenge\\reports\\notebook54\\section3\\section3b_discovered_move_records.csv"", ""D:\\02_AI_and_Data\\Kaggle-AI-Agents\\PTCG_AI_Battle_Challenge\\reports\\notebook54\\section4\\section4a_move_records_manual_review.csv"", ""D:\\02_AI_and_Data\\Kaggle-AI-Agents\\PTCG_AI_Battle_Challenge\\reports\\notebook54\\section4\\section4a_move_source_agreement.csv"", ""D:\\02_AI_and_Data\\Kaggle-AI-Agents\\PTCG_AI_Battle_Challenge\\reports\\notebook54\\section4\\section4a_preferred_move_catalog.csv"", ""D:\\02_AI_and_Data\\Kaggle-AI-Agents\\PTCG_AI_Battle_Challenge\\reports\\notebook54\\section4\\section4a_simulator_supported_move_records.csv"", ""D:\\02_AI_and_Data\\Kaggle-AI-Agents\\PTCG_AI_Battle_Challenge\\reports\\notebook54\\section4\\section4a_tournament_card_move_records.csv""]",False
Eevee,2,1.0,1,1,-5,"[""D:\\02_AI_and_Data\\Kaggle-AI-Agents\\PTCG_AI_Battle_Challenge\\reports\\notebook54\\section4\\section4a_move_source_agreement.csv""]",False
Eevee,2,2.0,1,1,-5,"[""D:\\02_AI_and_Data\\Kaggle-AI-Agents\\PTCG_AI_Battle_Challenge\\reports\\notebook54\\section4\\section4a_move_damage_conflicts.csv""]",False
Eevee,2,20.0,5,5,-5,"[""D:\\02_AI_and_Data\\Kaggle-AI-Agents\\PTCG_AI_Battle_Challenge\\reports\\notebook47\\competitive_policy_test_errors.csv"", ""D:\\02_AI_and_Data\\Kaggle-AI-Agents\\PTCG_AI_Battle_Challenge\\reports\\notebook47\\competitive_policy_test_predictions.csv"", ""D:\\02_AI_and_Data\\Kaggle-AI-Agents\\PTCG_AI_Battle_Challenge\\reports\\notebook54\\section4\\section4a_move_records_manual_review.csv"", ""D:\\02_AI_and_Data\\Kaggle-AI-Agents\\PTCG_AI_Battle_Challenge\\reports\\notebook54\\section4\\section4a_preferred_move_catalog.csv"", ""D:\\02_AI_and_Data\\Kaggle-AI-Agents\\PTCG_AI_Battle_Challenge\\reports\\notebook54\\section4\\section4a_simulator_supported_move_records.csv""]",False
Eevee,32,1.0,1,1,-5,"[""D:\\02_AI_and_Data\\Kaggle-AI-Agents\\PTCG_AI_Battle_Challenge\\reports\\notebook54\\section4\\section4a_move_damage_conflicts.csv""]",False
Eevee,32,8.0,7,7,-2,"[""D:\\02_AI_and_Data\\Kaggle-AI-Agents\\PTCG_AI_Battle_Challenge\\reports\\notebook54\\section3\\section3b_discovered_move_records.csv"", ""D:\\02_AI_and_Data\\Kaggle-AI-Agents\\PTCG_AI_Battle_Challenge\\reports\\notebook54\\section4\\section4a_move_records_manual_review.csv"", ""D:\\02_AI_and_Data\\Kaggle-AI-Agents\\PTCG_AI_Battle_Challenge\\reports\\notebook54\\section4\\section4a_move_source_agreement.csv"", ""D:\\02_AI_and_Data\\Kaggle-AI-Agents\\PTCG_AI_Battle_Challenge\\reports\\notebook54\\section4\\section4a_preferred_move_catalog.csv"", ""D:\\02_AI_and_Data\\Kaggle-AI-Agents\\PTCG_AI_Battle_Challenge\\reports\\notebook54\\section4\\section4a_simulator_supported_move_records.csv"", ""D:\\02_AI_and_Data\\Kaggle-AI-Agents\\PTCG_AI_Battle_Challenge\\reports\\notebook54\\section4\\section4a_tournament_card_move_records.csv"", ""D:\\02_AI_and_Data\\Kaggle-AI-Agents\\PTCG_AI_Battle_Challenge\\reports\\notebook54\\section4\\section4b_candidate_transition_summary.json""]",False
Eevee,36,31.0,1,1,-2,"[""D:\\02_AI_and_Data\\Kaggle-AI-Agents\\PTCG_AI_Battle_Challenge\\reports\\notebook54\\section4\\section4a_card_candidate_profile.csv""]",False
Eevee,8,1.0,1,1,-5,"[""D:\\02_AI_and_Data\\Kaggle-AI-Agents\\PTCG_AI_Battle_Challenge\\reports\\notebook54\\section4\\section4a_move_damage_conflicts.csv""]",False
Eevee,8,18.0,7,7,-2,"[""D:\\02_AI_and_Data\\Kaggle-AI-Agents\\PTCG_AI_Battle_Challenge\\reports\\notebook54\\section3\\section3b_discovered_move_records.csv"", ""D:\\02_AI_and_Data\\Kaggle-AI-Agents\\PTCG_AI_Battle_Challenge\\reports\\notebook54\\section4\\section4a_move_records_manual_review.csv"", ""D:\\02_AI_and_Data\\Kaggle-AI-Agents\\PTCG_AI_Battle_Challenge\\reports\\notebook54\\section4\\section4a_move_source_agreement.csv"", ""D:\\02_AI_and_Data\\Kaggle-AI-Agents\\PTCG_AI_Battle_Challenge\\reports\\notebook54\\section4\\section4a_preferred_move_catalog.csv"", ""D:\\02_AI_and_Data\\Kaggle-AI-Agents\\PTCG_AI_Battle_Challenge\\reports\\notebook54\\section4\\section4a_simulator_supported_move_records.csv"", ""D:\\02_AI_and_Data\\Kaggle-AI-Agents\\PTCG_AI_Battle_Challenge\\reports\\notebook54\\section4\\section4a_tournament_card_move_records.csv"", ""D:\\02_AI_and_Data\\Kaggle-AI-Agents\\PTCG_AI_Battle_Challenge\\reports\\notebook54\\section4\\section4b_candidate_transitions_by_card.csv""]",False
Eevee,81,1.0,1,1,-5,"[""D:\\02_AI_and_Data\\Kaggle-AI-Agents\\PTCG_AI_Battle_Challenge\\reports\\notebook54\\section4\\section4a_move_damage_conflicts.csv""]",False
Eevee,81,4.0,6,6,-2,"[""D:\\02_AI_and_Data\\Kaggle-AI-Agents\\PTCG_AI_Battle_Challenge\\reports\\notebook54\\section3\\section3b_discovered_move_records.csv"", ""D:\\02_AI_and_Data\\Kaggle-AI-Agents\\PTCG_AI_Battle_Challenge\\reports\\notebook54\\section4\\section4a_move_records_manual_review.csv"", ""D:\\02_AI_and_Data\\Kaggle-AI-Agents\\PTCG_AI_Battle_Challenge\\reports\\notebook54\\section4\\section4a_move_source_agreement.csv"", ""D:\\02_AI_and_Data\\Kaggle-AI-Agents\\PTCG_AI_Battle_Challenge\\reports\\notebook54\\section4\\section4a_preferred_move_catalog.csv"", ""D:\\02_AI_and_Data\\Kaggle-AI-Agents\\PTCG_AI_Battle_Challenge\\reports\\notebook54\\section4\\section4a_simulator_supported_move_records.csv"", ""D:\\02_AI_and_Data\\Kaggle-AI-Agents\\PTCG_AI_Battle_Challenge\\reports\\notebook54\\section4\\section4a_tournament_card_move_records.csv""]",False
Eevee,Ascension,0.0,7,7,-5,"[""D:\\02_AI_and_Data\\Kaggle-AI-Agents\\PTCG_AI_Battle_Challenge\\reports\\notebook52\\section5\\section5b_expanded_turn_results.csv"", ""D:\\02_AI_and_Data\\Kaggle-AI-Agents\\PTCG_AI_Battle_Challenge\\reports\\notebook53\\section6\\section6e_tournament_replay_turns.csv"", ""D:\\02_AI_and_Data\\Kaggle-AI-Agents\\PTCG_AI_Battle_Challenge\\reports\\notebook54\\section4\\section4a_move_source_agreement.csv"", ""D:\\02_AI_and_Data\\Kaggle-AI-Agents\\PTCG_AI_Battle_Challenge\\reports\\notebook54\\section4\\section4a_preferred_move_catalog.csv"", ""D:\\02_AI_and_Data\\Kaggle-AI-Agents\\PTCG_AI_Battle_Challenge\\reports\\notebook54\\section4\\section4a_safe_action_catalog.csv"", ""D:\\02_AI_and_Data\\Kaggle-AI-Agents\\PTCG_AI_Battle_Challenge\\reports\\notebook54\\section4\\section4a_simulator_supported_move_records.csv"", ""D:\\02_AI_and_Data\\Kaggle-AI-Agents\\PTCG_AI_Battle_Challenge\\reports\\notebook54\\section4\\section4r_verified_attack_energy_readiness.csv""]",True
Eevee,Ascension,2.0,1,1,-5,"[""D:\\02_AI_and_Data\\Kaggle-AI-Agents\\PTCG_AI_Battle_Challenge\\reports\\notebook54\\section4\\section4a_move_damage_conflicts.csv""]",True
Eevee,Flame Tail,0.0,7,7,-2,"[""D:\\02_AI_and_Data\\Kaggle-AI-Agents\\PTCG_AI_Battle_Challenge\\reports\\notebook46\\actor_perspective_suspicious_records.csv"", ""D:\\02_AI_and_Data\\Kaggle-AI-Agents\\PTCG_AI_Battle_Challenge\\reports\\notebook54\\section3\\section3b_discovered_move_records.csv"", ""D:\\02_AI_and_Data\\Kaggle-AI-Agents\\PTCG_AI_Battle_Challenge\\reports\\notebook54\\section4\\section4a_move_records_manual_review.csv"", ""D:\\02_AI_and_Data\\Kaggle-AI-Agents\\PTCG_AI_Battle_Challenge\\reports\\notebook54\\section4\\section4a_move_source_agreement.csv"", ""D:\\02_AI_and_Data\\Kaggle-AI-Agents\\PTCG_AI_Battle_Challenge\\reports\\notebook54\\section4\\section4a_preferred_move_catalog.csv"", ""D:\\02_AI_and_Data\\Kaggle-AI-Agents\\PTCG_AI_Battle_Challenge\\reports\\notebook54\\section4\\section4a_simulator_supported_move_records.csv"", ""D:\\02_AI_and_Data\\Kaggle-AI-Agents\\PTCG_AI_Battle_Challenge\\reports\\notebook54\\section4\\section4a_tournament_card_move_records.csv""]",False
Eevee,Flame Tail,2.0,1,1,-5,"[""D:\\02_AI_and_Data\\Kaggle-AI-Agents\\PTCG_AI_Battle_Challenge\\reports\\notebook54\\section4\\section4a_move_damage_conflicts.csv""]",False
Eevee,Fury Swipes,0.0,7,7,-2,"[""D:\\02_AI_and_Data\\Kaggle-AI-Agents\\PTCG_AI_Battle_Challenge\\reports\\notebook46\\actor_perspective_suspicious_records.csv"", ""D:\\02_AI_and_Data\\Kaggle-AI-Agents\\PTCG_AI_Battle_Challenge\\reports\\notebook54\\section3\\section3b_discovered_move_records.csv"", ""D:\\02_AI_and_Data\\Kaggle-AI-Agents\\PTCG_AI_Battle_Challenge\\reports\\notebook54\\section4\\section4a_move_records_manual_review.csv"", ""D:\\02_AI_and_Data\\Kaggle-AI-Agents\\PTCG_AI_Battle_Challenge\\reports\\notebook54\\section4\\section4a_move_source_agreement.csv"", ""D:\\02_AI_and_Data\\Kaggle-AI-Agents\\PTCG_AI_Battle_Challenge\\reports\\notebook54\\section4\\section4a_preferred_move_catalog.csv"", ""D:\\02_AI_and_Data\\Kaggle-AI-Agents\\PTCG_AI_Battle_Challenge\\reports\\notebook54\\section4\\section4a_simulator_supported_move_records.csv"", ""D:\\02_AI_and_Data\\Kaggle-AI-Agents\\PTCG_AI_Battle_Challenge\\reports\\notebook54\\section4\\section4a_tournament_card_move_records.csv""]",False
Eevee,Fury Swipes,2.0,1,1,-5,"[""D:\\02_AI_and_Data\\Kaggle-AI-Agents\\PTCG_AI_Battle_Challenge\\reports\\notebook54\\section4\\section4a_move_damage_conflicts.csv""]",False
Eevee,Quick Attack,0.0,2,2,-5,"[""D:\\02_AI_and_Data\\Kaggle-AI-Agents\\PTCG_AI_Battle_Challenge\\reports\\notebook46\\actor_perspective_suspicious_records.csv"", ""D:\\02_AI_and_Data\\Kaggle-AI-Agents\\PTCG_AI_Battle_Challenge\\reports\\notebook54\\section4\\section4a_move_source_agreement.csv""]",True
Eevee,Quick Attack,3.0,1,1,-5,"[""D:\\02_AI_and_Data\\Kaggle-AI-Agents\\PTCG_AI_Battle_Challenge\\reports\\notebook54\\section4\\section4a_move_damage_conflicts.csv""]",True
Eevee,Quick Attack,20.0,6,6,-5,"[""D:\\02_AI_and_Data\\Kaggle-AI-Agents\\PTCG_AI_Battle_Challenge\\reports\\notebook52\\section5\\section5b_expanded_turn_results.csv"", ""D:\\02_AI_and_Data\\Kaggle-AI-Agents\\PTCG_AI_Battle_Challenge\\reports\\notebook53\\section6\\section6e_tournament_replay_turns.csv"", ""D:\\02_AI_and_Data\\Kaggle-AI-Agents\\PTCG_AI_Battle_Challenge\\reports\\notebook54\\section4\\section4a_preferred_move_catalog.csv"", ""D:\\02_AI_and_Data\\Kaggle-AI-Agents\\PTCG_AI_Battle_Challenge\\reports\\notebook54\\section4\\section4a_safe_action_catalog.csv"", ""D:\\02_AI_and_Data\\Kaggle-AI-Agents\\PTCG_AI_Battle_Challenge\\reports\\notebook54\\section4\\section4a_simulator_supported_move_records.csv"", ""D:\\02_AI_and_Data\\Kaggle-AI-Agents\\PTCG_AI_Battle_Challenge\\reports\\notebook54\\section4\\section4r_verified_attack_energy_readiness.csv""]",True
Eevee,Razor Leaf,0.0,7,7,-2,"[""D:\\02_AI_and_Data\\Kaggle-AI-Agents\\PTCG_AI_Battle_Challenge\\reports\\notebook46\\actor_perspective_suspicious_records.csv"", ""D:\\02_AI_and_Data\\Kaggle-AI-Agents\\PTCG_AI_Battle_Challenge\\reports\\notebook54\\section3\\section3b_discovered_move_records.csv"", ""D:\\02_AI_and_Data\\Kaggle-AI-Agents\\PTCG_AI_Battle_Challenge\\reports\\notebook54\\section4\\section4a_move_records_manual_review.csv"", ""D:\\02_AI_and_Data\\Kaggle-AI-Agents\\PTCG_AI_Battle_Challenge\\reports\\notebook54\\section4\\section4a_move_source_agreement.csv"", ""D:\\02_AI_and_Data\\Kaggle-AI-Agents\\PTCG_AI_Battle_Challenge\\reports\\notebook54\\section4\\section4a_preferred_move_catalog.csv"", ""D:\\02_AI_and_Data\\Kaggle-AI-Agents\\PTCG_AI_Battle_Challenge\\reports\\notebook54\\section4\\section4a_simulator_supported_move_records.csv"", ""D:\\02_AI_and_Data\\Kaggle-AI-Agents\\PTCG_AI_Battle_Challenge\\reports\\notebook54\\section4\\section4a_tournament_card_move_records.csv""]",False
Eevee,Razor Leaf,2.0,1,1,-5,"[""D:\\02_AI_and_Data\\Kaggle-AI-Agents\\PTCG_AI_Battle_Challenge\\reports\\notebook54\\section4\\section4a_move_damage_conflicts.csv""]",False
Eevee,Scratch,0.0,7,7,-2,"[""D:\\02_AI_and_Data\\Kaggle-AI-Agents\\PTCG_AI_Battle_Challenge\\reports\\notebook46\\actor_perspective_suspicious_records.csv"", ""D:\\02_AI_and_Data\\Kaggle-AI-Agents\\PTCG_AI_Battle_Challenge\\reports\\notebook54\\section3\\section3b_discovered_move_records.csv"", ""D:\\02_AI_and_Data\\Kaggle-AI-Agents\\PTCG_AI_Battle_Challenge\\reports\\notebook54\\section4\\section4a_move_records_manual_review.csv"", ""D:\\02_AI_and_Data\\Kaggle-AI-Agents\\PTCG_AI_Battle_Challenge\\reports\\notebook54\\section4\\section4a_move_source_agreement.csv"", ""D:\\02_AI_and_Data\\Kaggle-AI-Agents\\PTCG_AI_Battle_Challenge\\reports\\notebook54\\section4\\section4a_preferred_move_catalog.csv"", ""D:\\02_AI_and_Data\\Kaggle-AI-Agents\\PTCG_AI_Battle_Challenge\\reports\\notebook54\\section4\\section4a_simulator_supported_move_records.csv"", ""D:\\02_AI_and_Data\\Kaggle-AI-Agents\\PTCG_AI_Battle_Challenge\\reports\\notebook54\\section4\\section4a_tournament_card_move_records.csv""]",False
Eevee,Scratch,2.0,1,1,-5,"[""D:\\02_AI_and_Data\\Kaggle-AI-Agents\\PTCG_AI_Battle_Challenge\\reports\\notebook54\\section4\\section4a_move_damage_conflicts.csv""]",False
Eevee,Tackle,0.0,7,7,-2,"[""D:\\02_AI_and_Data\\Kaggle-AI-Agents\\PTCG_AI_Battle_Challenge\\reports\\notebook46\\actor_perspective_suspicious_records.csv"", ""D:\\02_AI_and_Data\\Kaggle-AI-Agents\\PTCG_AI_Battle_Challenge\\reports\\notebook54\\section3\\section3b_discovered_move_records.csv"", ""D:\\02_AI_and_Data\\Kaggle-AI-Agents\\PTCG_AI_Battle_Challenge\\reports\\notebook54\\section4\\section4a_move_records_manual_review.csv"", ""D:\\02_AI_and_Data\\Kaggle-AI-Agents\\PTCG_AI_Battle_Challenge\\reports\\notebook54\\section4\\section4a_move_source_agreement.csv"", ""D:\\02_AI_and_Data\\Kaggle-AI-Agents\\PTCG_AI_Battle_Challenge\\reports\\notebook54\\section4\\section4a_preferred_move_catalog.csv"", ""D:\\02_AI_and_Data\\Kaggle-AI-Agents\\PTCG_AI_Battle_Challenge\\reports\\notebook54\\section4\\section4a_simulator_supported_move_records.csv"", ""D:\\02_AI_and_Data\\Kaggle-AI-Agents\\PTCG_AI_Battle_Challenge\\reports\\notebook54\\section4\\section4a_tournament_card_move_records.csv""]",False
Eevee,Tackle,2.0,1,1,-5,"[""D:\\02_AI_and_Data\\Kaggle-AI-Agents\\PTCG_AI_Battle_Challenge\\reports\\notebook54\\section4\\section4a_move_damage_conflicts.csv""]",False
Eevee,Thunderbolt,0.0,7,7,-2,"[""D:\\02_AI_and_Data\\Kaggle-AI-Agents\\PTCG_AI_Battle_Challenge\\reports\\notebook46\\actor_perspective_suspicious_records.csv"", ""D:\\02_AI_and_Data\\Kaggle-AI-Agents\\PTCG_AI_Battle_Challenge\\reports\\notebook54\\section3\\section3b_discovered_move_records.csv"", ""D:\\02_AI_and_Data\\Kaggle-AI-Agents\\PTCG_AI_Battle_Challenge\\reports\\notebook54\\section4\\section4a_move_records_manual_review.csv"", ""D:\\02_AI_and_Data\\Kaggle-AI-Agents\\PTCG_AI_Battle_Challenge\\reports\\notebook54\\section4\\section4a_move_source_agreement.csv"", ""D:\\02_AI_and_Data\\Kaggle-AI-Agents\\PTCG_AI_Battle_Challenge\\reports\\notebook54\\section4\\section4a_preferred_move_catalog.csv"", ""D:\\02_AI_and_Data\\Kaggle-AI-Agents\\PTCG_AI_Battle_Challenge\\reports\\notebook54\\section4\\section4a_simulator_supported_move_records.csv"", ""D:\\02_AI_and_Data\\Kaggle-AI-Agents\\PTCG_AI_Battle_Challenge\\reports\\notebook54\\section4\\section4a_tournament_card_move_records.csv""]",False
Eevee,Thunderbolt,2.0,1,1,-5,"[""D:\\02_AI_and_Data\\Kaggle-AI-Agents\\PTCG_AI_Battle_Challenge\\reports\\notebook54\\section4\\section4a_move_damage_conflicts.csv""]",False
Eevee,Vine Whip,0.0,7,7,-2,"[""D:\\02_AI_and_Data\\Kaggle-AI-Agents\\PTCG_AI_Battle_Challenge\\reports\\notebook46\\actor_perspective_suspicious_records.csv"", ""D:\\02_AI_and_Data\\Kaggle-AI-Agents\\PTCG_AI_Battle_Challenge\\reports\\notebook54\\section3\\section3b_discovered_move_records.csv"", ""D:\\02_AI_and_Data\\Kaggle-AI-Agents\\PTCG_AI_Battle_Challenge\\reports\\notebook54\\section4\\section4a_move_records_manual_review.csv"", ""D:\\02_AI_and_Data\\Kaggle-AI-Agents\\PTCG_AI_Battle_Challenge\\reports\\notebook54\\section4\\section4a_move_source_agreement.csv"", ""D:\\02_AI_and_Data\\Kaggle-AI-Agents\\PTCG_AI_Battle_Challenge\\reports\\notebook54\\section4\\section4a_preferred_move_catalog.csv"", ""D:\\02_AI_and_Data\\Kaggle-AI-Agents\\PTCG_AI_Battle_Challenge\\reports\\notebook54\\section4\\section4a_simulator_supported_move_records.csv"", ""D:\\02_AI_and_Data\\Kaggle-AI-Agents\\PTCG_AI_Battle_Challenge\\reports\\notebook54\\section4\\section4a_tournament_card_move_records.csv""]",False
Eevee,Vine Whip,2.0,1,1,-5,"[""D:\\02_AI_and_Data\\Kaggle-AI-Agents\\PTCG_AI_Battle_Challenge\\reports\\notebook54\\section4\\section4a_move_damage_conflicts.csv""]",False
Eevee,Water Pulse,0.0,7,7,-2,"[""D:\\02_AI_and_Data\\Kaggle-AI-Agents\\PTCG_AI_Battle_Challenge\\reports\\notebook46\\actor_perspective_suspicious_records.csv"", ""D:\\02_AI_and_Data\\Kaggle-AI-Agents\\PTCG_AI_Battle_Challenge\\reports\\notebook54\\section3\\section3b_discovered_move_records.csv"", ""D:\\02_AI_and_Data\\Kaggle-AI-Agents\\PTCG_AI_Battle_Challenge\\reports\\notebook54\\section4\\section4a_move_records_manual_review.csv"", ""D:\\02_AI_and_Data\\Kaggle-AI-Agents\\PTCG_AI_Battle_Challenge\\reports\\notebook54\\section4\\section4a_move_source_agreement.csv"", ""D:\\02_AI_and_Data\\Kaggle-AI-Agents\\PTCG_AI_Battle_Challenge\\reports\\notebook54\\section4\\section4a_preferred_move_catalog.csv"", ""D:\\02_AI_and_Data\\Kaggle-AI-Agents\\PTCG_AI_Battle_Challenge\\reports\\notebook54\\section4\\section4a_simulator_supported_move_records.csv"", ""D:\\02_AI_and_Data\\Kaggle-AI-Agents\\PTCG_AI_Battle_Challenge\\reports\\notebook54\\section4\\section4a_tournament_card_move_records.csv""]",False
Eevee,Water Pulse,2.0,1,1,-5,"[""D:\\02_AI_and_Data\\Kaggle-AI-Agents\\PTCG_AI_Battle_Challenge\\reports\\notebook54\\section4\\section4a_move_damage_conflicts.csv""]",False
Eevee,[0.08 0.1 0. 0. 0. 0. 0. 0.38],20.0,1,1,10,"[""D:\\02_AI_and_Data\\Kaggle-AI-Agents\\PTCG_AI_Battle_Challenge\\data\\competitive\\actor_relative_search_expert_dataset.parquet""]",False
Eevee,[0.08 0.1 1. 0. 0. 0. 0. 1.38],18.0,1,1,10,"[""D:\\02_AI_and_Data\\Kaggle-AI-Agents\\PTCG_AI_Battle_Challenge\\data\\competitive\\actor_relative_search_expert_dataset.parquet""]",False
Eevee,"[0.08, 0.1, 0.0, 0.0, 0.0, 0.0, 0.0, 0.38]",20.0,1,1,10,"[""D:\\02_AI_and_Data\\Kaggle-AI-Agents\\PTCG_AI_Battle_Challenge\\data\\competitive\\actor_relative_search_expert_dataset.jsonl""]",False
Eevee,"[0.08, 0.1, 1.0, 0.0, 0.0, 0.0, 0.0, 1.38]",18.0,1,1,10,"[""D:\\02_AI_and_Data\\Kaggle-AI-Agents\\PTCG_AI_Battle_Challenge\\data\\competitive\\actor_relative_search_expert_dataset.jsonl""]",False
Eevee,[0.2 0.2 0. 0. 0. 0. 0. 0.55],20.0,1,1,10,"[""D:\\02_AI_and_Data\\Kaggle-AI-Agents\\PTCG_AI_Battle_Challenge\\data\\competitive\\actor_relative_search_expert_dataset.parquet""]",False
Eevee,[0.2 0.2 1. 0. 0. 0. 0. 1.55],31.0,1,1,10,"[""D:\\02_AI_and_Data\\Kaggle-AI-Agents\\PTCG_AI_Battle_Challenge\\data\\competitive\\actor_relative_search_expert_dataset.parquet""]",False
Eevee,"[0.2, 0.2, 0.0, 0.0, 0.0, 0.0, 0.0, 0.55]",20.0,1,1,10,"[""D:\\02_AI_and_Data\\Kaggle-AI-Agents\\PTCG_AI_Battle_Challenge\\data\\competitive\\actor_relative_search_expert_dataset.jsonl""]",False
Eevee,"[0.2, 0.2, 1.0, 0.0, 0.0, 0.0, 0.0, 1.55]",31.0,1,1,10,"[""D:\\02_AI_and_Data\\Kaggle-AI-Agents\\PTCG_AI_Battle_Challenge\\data\\competitive\\actor_relative_search_expert_dataset.jsonl""]",False
Meowth,0.0,1.0,1,1,-5,"[""D:\\02_AI_and_Data\\Kaggle-AI-Agents\\PTCG_AI_Battle_Challenge\\reports\\notebook54\\section4\\section4a_move_source_agreement.csv""]",False
Meowth,0.0,3.0,1,1,-5,"[""D:\\02_AI_and_Data\\Kaggle-AI-Agents\\PTCG_AI_Battle_Challenge\\reports\\notebook54\\section4\\section4a_move_damage_conflicts.csv""]",False
Meowth,0.0,20.0,4,4,-2,"[""D:\\02_AI_and_Data\\Kaggle-AI-Agents\\PTCG_AI_Battle_Challenge\\reports\\notebook54\\section3\\section3b_discovered_move_records.csv"", ""D:\\02_AI_and_Data\\Kaggle-AI-Agents\\PTCG_AI_Battle_Challenge\\reports\\notebook54\\section4\\section4a_move_records_manual_review.csv"", ""D:\\02_AI_and_Data\\Kaggle-AI-Agents\\PTCG_AI_Battle_Challenge\\reports\\notebook54\\section4\\section4a_simulator_supported_move_records.csv"", ""D:\\02_AI_and_Data\\Kaggle-AI-Agents\\PTCG_AI_Battle_Challenge\\reports\\notebook54\\section4\\section4a_tournament_card_move_records.csv""]",False
Meowth,0.0,60.0,7,7,-5,"[""D:\\02_AI_and_Data\\Kaggle-AI-Agents\\PTCG_AI_Battle_Challenge\\reports\\notebook54\\section4\\section4a_additional_source_backed_moves.csv"", ""D:\\02_AI_and_Data\\Kaggle-AI-Agents\\PTCG_AI_Battle_Challenge\\reports\\notebook54\\section4\\section4a_preferred_move_catalog.csv"", ""D:\\02_AI_and_Data\\Kaggle-AI-Agents\\PTCG_AI_Battle_Challenge\\reports\\notebook54\\section4\\section4a_safe_action_catalog.csv"", ""D:\\02_AI_and_Data\\Kaggle-AI-Agents\\PTCG_AI_Battle_Challenge\\reports\\notebook54\\section4\\section4b_candidate_transition_results.csv"", ""D:\\02_AI_and_Data\\Kaggle-AI-Agents\\PTCG_AI_Battle_Challenge\\reports\\notebook54\\section4\\section4b_transition_validated_candidate_catalog.csv"", ""D:\\02_AI_and_Data\\Kaggle-AI-Agents\\PTCG_AI_Battle_Challenge\\reports\\notebook54\\section4\\section4c_candidate_provenance_audit.csv"", ""D:\\02_AI_and_Data\\Kaggle-AI-Agents\\PTCG_AI_Battle_Challenge\\reports\\notebook54\\section4\\section4c_rejected_false_candidates.csv""]",False
Meowth,0.08,1.0,1,1,-5,"[""D:\\02_AI_and_Data\\Kaggle-AI-Agents\\PTCG_AI_Battle_Challenge\\reports\\notebook54\\section4\\section4a_move_source_agreement.csv""]",False
Meowth,0.08,2.0,1,1,-5,"[""D:\\02_AI_and_Data\\Kaggle-AI-Agents\\PTCG_AI_Battle_Challenge\\reports\\notebook54\\section4\\section4a_move_damage_conflicts.csv""]",False
Meowth,0.08,20.0,11,11,-2,"[""D:\\02_AI_and_Data\\Kaggle-AI-Agents\\PTCG_AI_Battle_Challenge\\reports\\notebook54\\section3\\section3b_discovered_move_records.csv"", ""D:\\02_AI_and_Data\\Kaggle-AI-Agents\\PTCG_AI_Battle_Challenge\\reports\\notebook54\\section4\\section4a_additional_source_backed_moves.csv"", ""D:\\02_AI_and_Data\\Kaggle-AI-Agents\\PTCG_AI_Battle_Challenge\\reports\\notebook54\\section4\\section4a_move_records_manual_review.csv"", ""D:\\02_AI_and_Data\\Kaggle-AI-Agents\\PTCG_AI_Battle_Challenge\\reports\\notebook54\\section4\\section4a_preferred_move_catalog.csv"", ""D:\\02_AI_and_Data\\Kaggle-AI-Agents\\PTCG_AI_Battle_Challenge\\reports\\notebook54\\section4\\section4a_safe_action_catalog.csv"", ""D:\\02_AI_and_Data\\Kaggle-AI-Agents\\PTCG_AI_Battle_Challenge\\reports\\notebook54\\section4\\section4a_simulator_supported_move_records.csv"", ""D:\\02_AI_and_Data\\Kaggle-AI-Agents\\PTCG_AI_Battle_Challenge\\reports\\notebook54\\section4\\section4a_tournament_card_move_records.csv"", ""D:\\02_AI_and_Data\\Kaggle-AI-Agents\\PTCG_AI_Battle_Challenge\\reports\\notebook54\\section4\\section4b_candidate_transition_results.csv"", ""D:\\02_AI_and_Data\\Kaggle-AI-Agents\\PTCG_AI_Battle_Challenge\\reports\\notebook54\\section4\\section4b_transition_validated_candidate_catalog.csv"", ""D:\\02_AI_and_Data\\Kaggle-AI-Agents\\PTCG_AI_Battle_Challenge\\reports\\notebook54\\section4\\section4c_candidate_provenance_audit.csv"", ""D:\\02_AI_and_Data\\Kaggle-AI-Agents\\PTCG_AI_Battle_Challenge\\reports\\notebook54\\section4\\section4c_rejected_false_candidates.csv""]",False
Meowth,0.08 0.1 0. 0. 0. 0. 0. 0.38,1.0,1,1,-5,"[""D:\\02_AI_and_Data\\Kaggle-AI-Agents\\PTCG_AI_Battle_Challenge\\reports\\notebook54\\section4\\section4a_move_source_agreement.csv""]",False
Meowth,0.08 0.1 0. 0. 0. 0. 0. 0.38,2.0,1,1,-5,"[""D:\\02_AI_and_Data\\Kaggle-AI-Agents\\PTCG_AI_Battle_Challenge\\reports\\notebook54\\section4\\section4a_move_damage_conflicts.csv""]",False
Meowth,0.08 0.1 0. 0. 0. 0. 0. 0.38,20.0,14,11,-2,"[""D:\\02_AI_and_Data\\Kaggle-AI-Agents\\PTCG_AI_Battle_Challenge\\reports\\notebook54\\section3\\section3b_discovered_move_records.csv"", ""D:\\02_AI_and_Data\\Kaggle-AI-Agents\\PTCG_AI_Battle_Challenge\\reports\\notebook54\\section4\\section4a_additional_source_backed_moves.csv"", ""D:\\02_AI_and_Data\\Kaggle-AI-Agents\\PTCG_AI_Battle_Challenge\\reports\\notebook54\\section4\\section4a_move_records_manual_review.csv"", ""D:\\02_AI_and_Data\\Kaggle-AI-Agents\\PTCG_AI_Battle_Challenge\\reports\\notebook54\\section4\\section4a_preferred_move_catalog.csv"", ""D:\\02_AI_and_Data\\Kaggle-AI-Agents\\PTCG_AI_Battle_Challenge\\reports\\notebook54\\section4\\section4a_safe_action_catalog.csv"", ""D:\\02_AI_and_Data\\Kaggle-AI-Agents\\PTCG_AI_Battle_Challenge\\reports\\notebook54\\section4\\section4a_simulator_supported_move_records.csv"", ""D:\\02_AI_and_Data\\Kaggle-AI-Agents\\PTCG_AI_Battle_Challenge\\reports\\notebook54\\section4\\section4a_tournament_card_move_records.csv"", ""D:\\02_AI_and_Data\\Kaggle-AI-Agents\\PTCG_AI_Battle_Challenge\\reports\\notebook54\\section4\\section4b_candidate_transition_results.csv"", ""D:\\02_AI_and_Data\\Kaggle-AI-Agents\\PTCG_AI_Battle_Challenge\\reports\\notebook54\\section4\\section4b_transition_validated_candidate_catalog.csv"", ""D:\\02_AI_and_Data\\Kaggle-AI-Agents\\PTCG_AI_Battle_Challenge\\reports\\notebook54\\section4\\section4c_candidate_provenance_audit.csv"", ""D:\\02_AI_and_Data\\Kaggle-AI-Agents\\PTCG_AI_Battle_Challenge\\reports\\notebook54\\section4\\section4c_rejected_false_candidates.csv""]",False
Meowth,0.08 0.1 1. 0. 0. 0. 0. 1.38,1.0,1,1,-5,"[""D:\\02_AI_and_Data\\Kaggle-AI-Agents\\PTCG_AI_Battle_Challenge\\reports\\notebook54\\section4\\section4a_move_source_agreement.csv""]",False
Meowth,0.08 0.1 1. 0. 0. 0. 0. 1.38,2.0,1,1,-5,"[""D:\\02_AI_and_Data\\Kaggle-AI-Agents\\PTCG_AI_Battle_Challenge\\reports\\notebook54\\section4\\section4a_move_damage_conflicts.csv""]",False
Meowth,0.08 0.1 1. 0. 0. 0. 0. 1.38,8.0,14,11,-2,"[""D:\\02_AI_and_Data\\Kaggle-AI-Agents\\PTCG_AI_Battle_Challenge\\reports\\notebook54\\section3\\section3b_discovered_move_records.csv"", ""D:\\02_AI_and_Data\\Kaggle-AI-Agents\\PTCG_AI_Battle_Challenge\\reports\\notebook54\\section4\\section4a_additional_source_backed_moves.csv"", ""D:\\02_AI_and_Data\\Kaggle-AI-Agents\\PTCG_AI_Battle_Challenge\\reports\\notebook54\\section4\\section4a_move_records_manual_review.csv"", ""D:\\02_AI_and_Data\\Kaggle-AI-Agents\\PTCG_AI_Battle_Challenge\\reports\\notebook54\\section4\\section4a_preferred_move_catalog.csv"", ""D:\\02_AI_and_Data\\Kaggle-AI-Agents\\PTCG_AI_Battle_Challenge\\reports\\notebook54\\section4\\section4a_safe_action_catalog.csv"", ""D:\\02_AI_and_Data\\Kaggle-AI-Agents\\PTCG_AI_Battle_Challenge\\reports\\notebook54\\section4\\section4a_simulator_supported_move_records.csv"", ""D:\\02_AI_and_Data\\Kaggle-AI-Agents\\PTCG_AI_Battle_Challenge\\reports\\notebook54\\section4\\section4a_tournament_card_move_records.csv"", ""D:\\02_AI_and_Data\\Kaggle-AI-Agents\\PTCG_AI_Battle_Challenge\\reports\\notebook54\\section4\\section4b_candidate_transition_results.csv"", ""D:\\02_AI_and_Data\\Kaggle-AI-Agents\\PTCG_AI_Battle_Challenge\\reports\\notebook54\\section4\\section4b_transition_validated_candidate_catalog.csv"", ""D:\\02_AI_and_Data\\Kaggle-AI-Agents\\PTCG_AI_Battle_Challenge\\reports\\notebook54\\section4\\section4c_candidate_provenance_audit.csv"", ""D:\\02_AI_and_Data\\Kaggle-AI-Agents\\PTCG_AI_Battle_Challenge\\reports\\notebook54\\section4\\section4c_rejected_false_candidates.csv""]",False
Meowth,0.1,1.0,1,1,-5,"[""D:\\02_AI_and_Data\\Kaggle-AI-Agents\\PTCG_AI_Battle_Challenge\\reports\\notebook54\\section4\\section4a_move_source_agreement.csv""]",False
Meowth,0.1,2.0,1,1,-5,"[""D:\\02_AI_and_Data\\Kaggle-AI-Agents\\PTCG_AI_Battle_Challenge\\reports\\notebook54\\section4\\section4a_move_damage_conflicts.csv""]",False
Meowth,0.1,20.0,11,11,-2,"[""D:\\02_AI_and_Data\\Kaggle-AI-Agents\\PTCG_AI_Battle_Challenge\\reports\\notebook54\\section3\\section3b_discovered_move_records.csv"", ""D:\\02_AI_and_Data\\Kaggle-AI-Agents\\PTCG_AI_Battle_Challenge\\reports\\notebook54\\section4\\section4a_additional_source_backed_moves.csv"", ""D:\\02_AI_and_Data\\Kaggle-AI-Agents\\PTCG_AI_Battle_Challenge\\reports\\notebook54\\section4\\section4a_move_records_manual_review.csv"", ""D:\\02_AI_and_Data\\Kaggle-AI-Agents\\PTCG_AI_Battle_Challenge\\reports\\notebook54\\section4\\section4a_preferred_move_catalog.csv"", ""D:\\02_AI_and_Data\\Kaggle-AI-Agents\\PTCG_AI_Battle_Challenge\\reports\\notebook54\\section4\\section4a_safe_action_catalog.csv"", ""D:\\02_AI_and_Data\\Kaggle-AI-Agents\\PTCG_AI_Battle_Challenge\\reports\\notebook54\\section4\\section4a_simulator_supported_move_records.csv"", ""D:\\02_AI_and_Data\\Kaggle-AI-Agents\\PTCG_AI_Battle_Challenge\\reports\\notebook54\\section4\\section4a_tournament_card_move_records.csv"", ""D:\\02_AI_and_Data\\Kaggle-AI-Agents\\PTCG_AI_Battle_Challenge\\reports\\notebook54\\section4\\section4b_candidate_transition_results.csv"", ""D:\\02_AI_and_Data\\Kaggle-AI-Agents\\PTCG_AI_Battle_Challenge\\reports\\notebook54\\section4\\section4b_transition_validated_candidate_catalog.csv"", ""D:\\02_AI_and_Data\\Kaggle-AI-Agents\\PTCG_AI_Battle_Challenge\\reports\\notebook54\\section4\\section4c_candidate_provenance_audit.csv"", ""D:\\02_AI_and_Data\\Kaggle-AI-Agents\\PTCG_AI_Battle_Challenge\\reports\\notebook54\\section4\\section4c_rejected_false_candidates.csv""]",False
Meowth,0.2,1.0,1,1,-5,"[""D:\\02_AI_and_Data\\Kaggle-AI-Agents\\PTCG_AI_Battle_Challenge\\reports\\notebook54\\section4\\section4a_move_source_agreement.csv""]",False
Meowth,0.2,2.0,1,1,-5,"[""D:\\02_AI_and_Data\\Kaggle-AI-Agents\\PTCG_AI_Battle_Challenge\\reports\\notebook54\\section4\\section4a_move_damage_conflicts.csv""]",False
Meowth,0.2,60.0,11,11,-2,"[""D:\\02_AI_and_Data\\Kaggle-AI-Agents\\PTCG_AI_Battle_Challenge\\reports\\notebook54\\section3\\section3b_discovered_move_records.csv"", ""D:\\02_AI_and_Data\\Kaggle-AI-Agents\\PTCG_AI_Battle_Challenge\\reports\\notebook54\\section4\\section4a_additional_source_backed_moves.csv"", ""D:\\02_AI_and_Data\\Kaggle-AI-Agents\\PTCG_AI_Battle_Challenge\\reports\\notebook54\\section4\\section4a_move_records_manual_review.csv"", ""D:\\02_AI_and_Data\\Kaggle-AI-Agents\\PTCG_AI_Battle_Challenge\\reports\\notebook54\\section4\\section4a_preferred_move_catalog.csv"", ""D:\\02_AI_and_Data\\Kaggle-AI-Agents\\PTCG_AI_Battle_Challenge\\reports\\notebook54\\section4\\section4a_safe_action_catalog.csv"", ""D:\\02_AI_and_Data\\Kaggle-AI-Agents\\PTCG_AI_Battle_Challenge\\reports\\notebook54\\section4\\section4a_simulator_supported_move_records.csv"", ""D:\\02_AI_and_Data\\Kaggle-AI-Agents\\PTCG_AI_Battle_Challenge\\reports\\notebook54\\section4\\section4a_tournament_card_move_records.csv"", ""D:\\02_AI_and_Data\\Kaggle-AI-Agents\\PTCG_AI_Battle_Challenge\\reports\\notebook54\\section4\\section4b_candidate_transition_results.csv"", ""D:\\02_AI_and_Data\\Kaggle-AI-Agents\\PTCG_AI_Battle_Challenge\\reports\\notebook54\\section4\\section4b_transition_validated_candidate_catalog.csv"", ""D:\\02_AI_and_Data\\Kaggle-AI-Agents\\PTCG_AI_Battle_Challenge\\reports\\notebook54\\section4\\section4c_candidate_provenance_audit.csv"", ""D:\\02_AI_and_Data\\Kaggle-AI-Agents\\PTCG_AI_Battle_Challenge\\reports\\notebook54\\section4\\section4c_rejected_false_candidates.csv""]",False
Meowth,0.24,1.0,1,1,-5,"[""D:\\02_AI_and_Data\\Kaggle-AI-Agents\\PTCG_AI_Battle_Challenge\\reports\\notebook54\\section4\\section4a_move_source_agreement.csv""]",False
Meowth,0.24,2.0,1,1,-5,"[""D:\\02_AI_and_Data\\Kaggle-AI-Agents\\PTCG_AI_Battle_Challenge\\reports\\notebook54\\section4\\section4a_move_damage_conflicts.csv""]",False
Meowth,0.24,60.0,11,11,-2,"[""D:\\02_AI_and_Data\\Kaggle-AI-Agents\\PTCG_AI_Battle_Challenge\\reports\\notebook54\\section3\\section3b_discovered_move_records.csv"", ""D:\\02_AI_and_Data\\Kaggle-AI-Agents\\PTCG_AI_Battle_Challenge\\reports\\notebook54\\section4\\section4a_additional_source_backed_moves.csv"", ""D:\\02_AI_and_Data\\Kaggle-AI-Agents\\PTCG_AI_Battle_Challenge\\reports\\notebook54\\section4\\section4a_move_records_manual_review.csv"", ""D:\\02_AI_and_Data\\Kaggle-AI-Agents\\PTCG_AI_Battle_Challenge\\reports\\notebook54\\section4\\section4a_preferred_move_catalog.csv"", ""D:\\02_AI_and_Data\\Kaggle-AI-Agents\\PTCG_AI_Battle_Challenge\\reports\\notebook54\\section4\\section4a_safe_action_catalog.csv"", ""D:\\02_AI_and_Data\\Kaggle-AI-Agents\\PTCG_AI_Battle_Challenge\\reports\\notebook54\\section4\\section4a_simulator_supported_move_records.csv"", ""D:\\02_AI_and_Data\\Kaggle-AI-Agents\\PTCG_AI_Battle_Challenge\\reports\\notebook54\\section4\\section4a_tournament_card_move_records.csv"", ""D:\\02_AI_and_Data\\Kaggle-AI-Agents\\PTCG_AI_Battle_Challenge\\reports\\notebook54\\section4\\section4b_candidate_transition_results.csv"", ""D:\\02_AI_and_Data\\Kaggle-AI-Agents\\PTCG_AI_Battle_Challenge\\reports\\notebook54\\section4\\section4b_transition_validated_candidate_catalog.csv"", ""D:\\02_AI_and_Data\\Kaggle-AI-Agents\\PTCG_AI_Battle_Challenge\\reports\\notebook54\\section4\\section4c_candidate_provenance_audit.csv"", ""D:\\02_AI_and_Data\\Kaggle-AI-Agents\\PTCG_AI_Battle_Challenge\\reports\\notebook54\\section4\\section4c_rejected_false_candidates.csv""]",False
Meowth,0.24 0.2 0. 0. 0. 0. 0. 0.64,1.0,1,1,-5,"[""D:\\02_AI_and_Data\\Kaggle-AI-Agents\\PTCG_AI_Battle_Challenge\\reports\\notebook54\\section4\\section4a_move_source_agreement.csv""]",False
Meowth,0.24 0.2 0. 0. 0. 0. 0. 0.64,2.0,1,1,-5,"[""D:\\02_AI_and_Data\\Kaggle-AI-Agents\\PTCG_AI_Battle_Challenge\\reports\\notebook54\\section4\\section4a_move_damage_conflicts.csv""]",False
Meowth,0.24 0.2 0. 0. 0. 0. 0. 0.64,60.0,14,11,-2,"[""D:\\02_AI_and_Data\\Kaggle-AI-Agents\\PTCG_AI_Battle_Challenge\\reports\\notebook54\\section3\\section3b_discovered_move_records.csv"", ""D:\\02_AI_and_Data\\Kaggle-AI-Agents\\PTCG_AI_Battle_Challenge\\reports\\notebook54\\section4\\section4a_additional_source_backed_moves.csv"", ""D:\\02_AI_and_Data\\Kaggle-AI-Agents\\PTCG_AI_Battle_Challenge\\reports\\notebook54\\section4\\section4a_move_records_manual_review.csv"", ""D:\\02_AI_and_Data\\Kaggle-AI-Agents\\PTCG_AI_Battle_Challenge\\reports\\notebook54\\section4\\section4a_preferred_move_catalog.csv"", ""D:\\02_AI_and_Data\\Kaggle-AI-Agents\\PTCG_AI_Battle_Challenge\\reports\\notebook54\\section4\\section4a_safe_action_catalog.csv"", ""D:\\02_AI_and_Data\\Kaggle-AI-Agents\\PTCG_AI_Battle_Challenge\\reports\\notebook54\\section4\\section4a_simulator_supported_move_records.csv"", ""D:\\02_AI_and_Data\\Kaggle-AI-Agents\\PTCG_AI_Battle_Challenge\\reports\\notebook54\\section4\\section4a_tournament_card_move_records.csv"", ""D:\\02_AI_and_Data\\Kaggle-AI-Agents\\PTCG_AI_Battle_Challenge\\reports\\notebook54\\section4\\section4b_candidate_transition_results.csv"", ""D:\\02_AI_and_Data\\Kaggle-AI-Agents\\PTCG_AI_Battle_Challenge\\reports\\notebook54\\section4\\section4b_transition_validated_candidate_catalog.csv"", ""D:\\02_AI_and_Data\\Kaggle-AI-Agents\\PTCG_AI_Battle_Challenge\\reports\\notebook54\\section4\\section4c_candidate_provenance_audit.csv"", ""D:\\02_AI_and_Data\\Kaggle-AI-Agents\\PTCG_AI_Battle_Challenge\\reports\\notebook54\\section4\\section4c_rejected_false_candidates.csv""]",False
Meowth,0.24 0.2 1. 0. 0. 0. 0. 1.64,1.0,1,1,-5,"[""D:\\02_AI_and_Data\\Kaggle-AI-Agents\\PTCG_AI_Battle_Challenge\\reports\\notebook54\\section4\\section4a_move_source_agreement.csv""]",False
Meowth,0.24 0.2 1. 0. 0. 0. 0. 1.64,2.0,1,1,-5,"[""D:\\02_AI_and_Data\\Kaggle-AI-Agents\\PTCG_AI_Battle_Challenge\\reports\\notebook54\\section4\\section4a_move_damage_conflicts.csv""]",False
Meowth,0.24 0.2 1. 0. 0. 0. 0. 1.64,33.0,14,11,-2,"[""D:\\02_AI_and_Data\\Kaggle-AI-Agents\\PTCG_AI_Battle_Challenge\\reports\\notebook54\\section3\\section3b_discovered_move_records.csv"", ""D:\\02_AI_and_Data\\Kaggle-AI-Agents\\PTCG_AI_Battle_Challenge\\reports\\notebook54\\section4\\section4a_additional_source_backed_moves.csv"", ""D:\\02_AI_and_Data\\Kaggle-AI-Agents\\PTCG_AI_Battle_Challenge\\reports\\notebook54\\section4\\section4a_move_records_manual_review.csv"", ""D:\\02_AI_and_Data\\Kaggle-AI-Agents\\PTCG_AI_Battle_Challenge\\reports\\notebook54\\section4\\section4a_preferred_move_catalog.csv"", ""D:\\02_AI_and_Data\\Kaggle-AI-Agents\\PTCG_AI_Battle_Challenge\\reports\\notebook54\\section4\\section4a_safe_action_catalog.csv"", ""D:\\02_AI_and_Data\\Kaggle-AI-Agents\\PTCG_AI_Battle_Challenge\\reports\\notebook54\\section4\\section4a_simulator_supported_move_records.csv"", ""D:\\02_AI_and_Data\\Kaggle-AI-Agents\\PTCG_AI_Battle_Challenge\\reports\\notebook54\\section4\\section4a_tournament_card_move_records.csv"", ""D:\\02_AI_and_Data\\Kaggle-AI-Agents\\PTCG_AI_Battle_Challenge\\reports\\notebook54\\section4\\section4b_candidate_transition_results.csv"", ""D:\\02_AI_and_Data\\Kaggle-AI-Agents\\PTCG_AI_Battle_Challenge\\reports\\notebook54\\section4\\section4b_transition_validated_candidate_catalog.csv"", ""D:\\02_AI_and_Data\\Kaggle-AI-Agents\\PTCG_AI_Battle_Challenge\\reports\\notebook54\\section4\\section4c_candidate_provenance_audit.csv"", ""D:\\02_AI_and_Data\\Kaggle-AI-Agents\\PTCG_AI_Battle_Challenge\\reports\\notebook54\\section4\\section4c_rejected_false_candidates.csv""]",False
Meowth,0.38,1.0,1,1,-5,"[""D:\\02_AI_and_Data\\Kaggle-AI-Agents\\PTCG_AI_Battle_Challenge\\reports\\notebook54\\section4\\section4a_move_source_agreement.csv""]",False
Meowth,0.38,2.0,1,1,-5,"[""D:\\02_AI_and_Data\\Kaggle-AI-Agents\\PTCG_AI_Battle_Challenge\\reports\\notebook54\\section4\\section4a_move_damage_conflicts.csv""]",False
Meowth,0.38,20.0,11,11,-2,"[""D:\\02_AI_and_Data\\Kaggle-AI-Agents\\PTCG_AI_Battle_Challenge\\reports\\notebook54\\section3\\section3b_discovered_move_records.csv"", ""D:\\02_AI_and_Data\\Kaggle-AI-Agents\\PTCG_AI_Battle_Challenge\\reports\\notebook54\\section4\\section4a_additional_source_backed_moves.csv"", ""D:\\02_AI_and_Data\\Kaggle-AI-Agents\\PTCG_AI_Battle_Challenge\\reports\\notebook54\\section4\\section4a_move_records_manual_review.csv"", ""D:\\02_AI_and_Data\\Kaggle-AI-Agents\\PTCG_AI_Battle_Challenge\\reports\\notebook54\\section4\\section4a_preferred_move_catalog.csv"", ""D:\\02_AI_and_Data\\Kaggle-AI-Agents\\PTCG_AI_Battle_Challenge\\reports\\notebook54\\section4\\section4a_safe_action_catalog.csv"", ""D:\\02_AI_and_Data\\Kaggle-AI-Agents\\PTCG_AI_Battle_Challenge\\reports\\notebook54\\section4\\section4a_simulator_supported_move_records.csv"", ""D:\\02_AI_and_Data\\Kaggle-AI-Agents\\PTCG_AI_Battle_Challenge\\reports\\notebook54\\section4\\section4a_tournament_card_move_records.csv"", ""D:\\02_AI_and_Data\\Kaggle-AI-Agents\\PTCG_AI_Battle_Challenge\\reports\\notebook54\\section4\\section4b_candidate_transition_results.csv"", ""D:\\02_AI_and_Data\\Kaggle-AI-Agents\\PTCG_AI_Battle_Challenge\\reports\\notebook54\\section4\\section4b_transition_validated_candidate_catalog.csv"", ""D:\\02_AI_and_Data\\Kaggle-AI-Agents\\PTCG_AI_Battle_Challenge\\reports\\notebook54\\section4\\section4c_candidate_provenance_audit.csv"", ""D:\\02_AI_and_Data\\Kaggle-AI-Agents\\PTCG_AI_Battle_Challenge\\reports\\notebook54\\section4\\section4c_rejected_false_candidates.csv""]",False
Meowth,0.639999999999999,1.0,1,1,-5,"[""D:\\02_AI_and_Data\\Kaggle-AI-Agents\\PTCG_AI_Battle_Challenge\\reports\\notebook54\\section4\\section4a_move_source_agreement.csv""]",False
Meowth,0.639999999999999,2.0,1,1,-5,"[""D:\\02_AI_and_Data\\Kaggle-AI-Agents\\PTCG_AI_Battle_Challenge\\reports\\notebook54\\section4\\section4a_move_damage_conflicts.csv""]",False
Meowth,0.639999999999999,60.0,11,11,-2,"[""D:\\02_AI_and_Data\\Kaggle-AI-Agents\\PTCG_AI_Battle_Challenge\\reports\\notebook54\\section3\\section3b_discovered_move_records.csv"", ""D:\\02_AI_and_Data\\Kaggle-AI-Agents\\PTCG_AI_Battle_Challenge\\reports\\notebook54\\section4\\section4a_additional_source_backed_moves.csv"", ""D:\\02_AI_and_Data\\Kaggle-AI-Agents\\PTCG_AI_Battle_Challenge\\reports\\notebook54\\section4\\section4a_move_records_manual_review.csv"", ""D:\\02_AI_and_Data\\Kaggle-AI-Agents\\PTCG_AI_Battle_Challenge\\reports\\notebook54\\section4\\section4a_preferred_move_catalog.csv"", ""D:\\02_AI_and_Data\\Kaggle-AI-Agents\\PTCG_AI_Battle_Challenge\\reports\\notebook54\\section4\\section4a_safe_action_catalog.csv"", ""D:\\02_AI_and_Data\\Kaggle-AI-Agents\\PTCG_AI_Battle_Challenge\\reports\\notebook54\\section4\\section4a_simulator_supported_move_records.csv"", ""D:\\02_AI_and_Data\\Kaggle-AI-Agents\\PTCG_AI_Battle_Challenge\\reports\\notebook54\\section4\\section4a_tournament_card_move_records.csv"", ""D:\\02_AI_and_Data\\Kaggle-AI-Agents\\PTCG_AI_Battle_Challenge\\reports\\notebook54\\section4\\section4b_candidate_transition_results.csv"", ""D:\\02_AI_and_Data\\Kaggle-AI-Agents\\PTCG_AI_Battle_Challenge\\reports\\notebook54\\section4\\section4b_transition_validated_candidate_catalog.csv"", ""D:\\02_AI_and_Data\\Kaggle-AI-Agents\\PTCG_AI_Battle_Challenge\\reports\\notebook54\\section4\\section4c_candidate_provenance_audit.csv"", ""D:\\02_AI_and_Data\\Kaggle-AI-Agents\\PTCG_AI_Battle_Challenge\\reports\\notebook54\\section4\\section4c_rejected_false_candidates.csv""]",False
Meowth,1,1.0,1,1,-5,"[""D:\\02_AI_and_Data\\Kaggle-AI-Agents\\PTCG_AI_Battle_Challenge\\reports\\notebook54\\section4\\section4a_move_source_agreement.csv""]",False
Meowth,1,2.0,1,1,-5,"[""D:\\02_AI_and_Data\\Kaggle-AI-Agents\\PTCG_AI_Battle_Challenge\\reports\\notebook54\\section4\\section4a_move_damage_conflicts.csv""]",False
Meowth,1,20.0,4,4,-5,"[""D:\\02_AI_and_Data\\Kaggle-AI-Agents\\PTCG_AI_Battle_Challenge\\reports\\notebook47\\competitive_policy_test_predictions.csv"", ""D:\\02_AI_and_Data\\Kaggle-AI-Agents\\PTCG_AI_Battle_Challenge\\reports\\notebook54\\section4\\section4a_move_records_manual_review.csv"", ""D:\\02_AI_and_Data\\Kaggle-AI-Agents\\PTCG_AI_Battle_Challenge\\reports\\notebook54\\section4\\section4a_preferred_move_catalog.csv"", ""D:\\02_AI_and_Data\\Kaggle-AI-Agents\\PTCG_AI_Battle_Challenge\\reports\\notebook54\\section4\\section4a_simulator_supported_move_records.csv""]",False
Meowth,1,60.0,3,3,-5,"[""D:\\02_AI_and_Data\\Kaggle-AI-Agents\\PTCG_AI_Battle_Challenge\\reports\\notebook54\\section4\\section4q_complete_verified_action_catalog.csv"", ""D:\\02_AI_and_Data\\Kaggle-AI-Agents\\PTCG_AI_Battle_Challenge\\reports\\notebook54\\section4\\section4q_printed_vs_simulator_availability.csv"", ""D:\\02_AI_and_Data\\Kaggle-AI-Agents\\PTCG_AI_Battle_Challenge\\reports\\notebook54\\section4\\section4q_verified_printed_actions.csv""]",False
Meowth,1.0,1.0,1,1,-5,"[""D:\\02_AI_and_Data\\Kaggle-AI-Agents\\PTCG_AI_Battle_Challenge\\reports\\notebook54\\section4\\section4a_move_source_agreement.csv""]",False
Meowth,1.0,3.0,1,1,-5,"[""D:\\02_AI_and_Data\\Kaggle-AI-Agents\\PTCG_AI_Battle_Challenge\\reports\\notebook54\\section4\\section4a_move_damage_conflicts.csv""]",False
Meowth,1.0,33.0,9,9,-5,"[""D:\\02_AI_and_Data\\Kaggle-AI-Agents\\PTCG_AI_Battle_Challenge\\reports\\notebook54\\section4\\section4a_additional_source_backed_moves.csv"", ""D:\\02_AI_and_Data\\Kaggle-AI-Agents\\PTCG_AI_Battle_Challenge\\reports\\notebook54\\section4\\section4a_move_records_manual_review.csv"", ""D:\\02_AI_and_Data\\Kaggle-AI-Agents\\PTCG_AI_Battle_Challenge\\reports\\notebook54\\section4\\section4a_preferred_move_catalog.csv"", ""D:\\02_AI_and_Data\\Kaggle-AI-Agents\\PTCG_AI_Battle_Challenge\\reports\\notebook54\\section4\\section4a_safe_action_catalog.csv"", ""D:\\02_AI_and_Data\\Kaggle-AI-Agents\\PTCG_AI_Battle_Challenge\\reports\\notebook54\\section4\\section4a_simulator_supported_move_records.csv"", ""D:\\02_AI_and_Data\\Kaggle-AI-Agents\\PTCG_AI_Battle_Challenge\\reports\\notebook54\\section4\\section4b_candidate_transition_results.csv"", ""D:\\02_AI_and_Data\\Kaggle-AI-Agents\\PTCG_AI_Battle_Challenge\\reports\\notebook54\\section4\\section4b_transition_validated_candidate_catalog.csv"", ""D:\\02_AI_and_Data\\Kaggle-AI-Agents\\PTCG_AI_Battle_Challenge\\reports\\notebook54\\section4\\section4c_candidate_provenance_audit.csv"", ""D:\\02_AI_and_Data\\Kaggle-AI-Agents\\PTCG_AI_Battle_Challenge\\reports\\notebook54\\section4\\section4c_rejected_false_candidates.csv""]",False
Meowth,1.38,1.0,1,1,-5,"[""D:\\02_AI_and_Data\\Kaggle-AI-Agents\\PTCG_AI_Battle_Challenge\\reports\\notebook54\\section4\\section4a_move_source_agreement.csv""]",False
Meowth,1.38,2.0,1,1,-5,"[""D:\\02_AI_and_Data\\Kaggle-AI-Agents\\PTCG_AI_Battle_Challenge\\reports\\notebook54\\section4\\section4a_move_damage_conflicts.csv""]",False
Meowth,1.38,8.0,11,11,-2,"[""D:\\02_AI_and_Data\\Kaggle-AI-Agents\\PTCG_AI_Battle_Challenge\\reports\\notebook54\\section3\\section3b_discovered_move_records.csv"", ""D:\\02_AI_and_Data\\Kaggle-AI-Agents\\PTCG_AI_Battle_Challenge\\reports\\notebook54\\section4\\section4a_additional_source_backed_moves.csv"", ""D:\\02_AI_and_Data\\Kaggle-AI-Agents\\PTCG_AI_Battle_Challenge\\reports\\notebook54\\section4\\section4a_move_records_manual_review.csv"", ""D:\\02_AI_and_Data\\Kaggle-AI-Agents\\PTCG_AI_Battle_Challenge\\reports\\notebook54\\section4\\section4a_preferred_move_catalog.csv"", ""D:\\02_AI_and_Data\\Kaggle-AI-Agents\\PTCG_AI_Battle_Challenge\\reports\\notebook54\\section4\\section4a_safe_action_catalog.csv"", ""D:\\02_AI_and_Data\\Kaggle-AI-Agents\\PTCG_AI_Battle_Challenge\\reports\\notebook54\\section4\\section4a_simulator_supported_move_records.csv"", ""D:\\02_AI_and_Data\\Kaggle-AI-Agents\\PTCG_AI_Battle_Challenge\\reports\\notebook54\\section4\\section4a_tournament_card_move_records.csv"", ""D:\\02_AI_and_Data\\Kaggle-AI-Agents\\PTCG_AI_Battle_Challenge\\reports\\notebook54\\section4\\section4b_candidate_transition_results.csv"", ""D:\\02_AI_and_Data\\Kaggle-AI-Agents\\PTCG_AI_Battle_Challenge\\reports\\notebook54\\section4\\section4b_transition_validated_candidate_catalog.csv"", ""D:\\02_AI_and_Data\\Kaggle-AI-Agents\\PTCG_AI_Battle_Challenge\\reports\\notebook54\\section4\\section4c_candidate_provenance_audit.csv"", ""D:\\02_AI_and_Data\\Kaggle-AI-Agents\\PTCG_AI_Battle_Challenge\\reports\\notebook54\\section4\\section4c_rejected_false_candidates.csv""]",False
Meowth,1.6400000000000001,1.0,1,1,-5,"[""D:\\02_AI_and_Data\\Kaggle-AI-Agents\\PTCG_AI_Battle_Challenge\\reports\\notebook54\\section4\\section4a_move_source_agreement.csv""]",False
Meowth,1.6400000000000001,2.0,1,1,-5,"[""D:\\02_AI_and_Data\\Kaggle-AI-Agents\\PTCG_AI_Battle_Challenge\\reports\\notebook54\\section4\\section4a_move_damage_conflicts.csv""]",False
Meowth,1.6400000000000001,33.0,11,11,-2,"[""D:\\02_AI_and_Data\\Kaggle-AI-Agents\\PTCG_AI_Battle_Challenge\\reports\\notebook54\\section3\\section3b_discovered_move_records.csv"", ""D:\\02_AI_and_Data\\Kaggle-AI-Agents\\PTCG_AI_Battle_Challenge\\reports\\notebook54\\section4\\section4a_additional_source_backed_moves.csv"", ""D:\\02_AI_and_Data\\Kaggle-AI-Agents\\PTCG_AI_Battle_Challenge\\reports\\notebook54\\section4\\section4a_move_records_manual_review.csv"", ""D:\\02_AI_and_Data\\Kaggle-AI-Agents\\PTCG_AI_Battle_Challenge\\reports\\notebook54\\section4\\section4a_preferred_move_catalog.csv"", ""D:\\02_AI_and_Data\\Kaggle-AI-Agents\\PTCG_AI_Battle_Challenge\\reports\\notebook54\\section4\\section4a_safe_action_catalog.csv"", ""D:\\02_AI_and_Data\\Kaggle-AI-Agents\\PTCG_AI_Battle_Challenge\\reports\\notebook54\\section4\\section4a_simulator_supported_move_records.csv"", ""D:\\02_AI_and_Data\\Kaggle-AI-Agents\\PTCG_AI_Battle_Challenge\\reports\\notebook54\\section4\\section4a_tournament_card_move_records.csv"", ""D:\\02_AI_and_Data\\Kaggle-AI-Agents\\PTCG_AI_Battle_Challenge\\reports\\notebook54\\section4\\section4b_candidate_transition_results.csv"", ""D:\\02_AI_and_Data\\Kaggle-AI-Agents\\PTCG_AI_Battle_Challenge\\reports\\notebook54\\section4\\section4b_transition_validated_candidate_catalog.csv"", ""D:\\02_AI_and_Data\\Kaggle-AI-Agents\\PTCG_AI_Battle_Challenge\\reports\\notebook54\\section4\\section4c_candidate_provenance_audit.csv"", ""D:\\02_AI_and_Data\\Kaggle-AI-Agents\\PTCG_AI_Battle_Challenge\\reports\\notebook54\\section4\\section4c_rejected_false_candidates.csv""]",False
Meowth,151,103.0,1,1,-5,"[""D:\\02_AI_and_Data\\Kaggle-AI-Agents\\PTCG_AI_Battle_Challenge\\reports\\notebook54\\section4\\section4a_candidate_move_validation_summary.json""]",False
Meowth,2,2.0,1,1,-5,"[""D:\\02_AI_and_Data\\Kaggle-AI-Agents\\PTCG_AI_Battle_Challenge\\reports\\notebook54\\section4\\section4a_move_source_agreement.csv""]",False
Meowth,2,3.0,1,1,-5,"[""D:\\02_AI_and_Data\\Kaggle-AI-Agents\\PTCG_AI_Battle_Challenge\\reports\\notebook54\\section4\\section4a_move_damage_conflicts.csv""]",False
Meowth,2,20.0,3,3,-5,"[""D:\\02_AI_and_Data\\Kaggle-AI-Agents\\PTCG_AI_Battle_Challenge\\reports\\notebook47\\competitive_policy_test_errors.csv"", ""D:\\02_AI_and_Data\\Kaggle-AI-Agents\\PTCG_AI_Battle_Challenge\\reports\\notebook54\\section4\\section4a_move_records_manual_review.csv"", ""D:\\02_AI_and_Data\\Kaggle-AI-Agents\\PTCG_AI_Battle_Challenge\\reports\\notebook54\\section4\\section4a_preferred_move_catalog.csv""]",False
Meowth,2,60.0,2,2,-5,"[""D:\\02_AI_and_Data\\Kaggle-AI-Agents\\PTCG_AI_Battle_Challenge\\reports\\notebook47\\competitive_policy_test_predictions.csv"", ""D:\\02_AI_and_Data\\Kaggle-AI-Agents\\PTCG_AI_Battle_Challenge\\reports\\notebook54\\section4\\section4a_simulator_supported_move_records.csv""]",False
Meowth,21,1.0,1,1,-5,"[""D:\\02_AI_and_Data\\Kaggle-AI-Agents\\PTCG_AI_Battle_Challenge\\reports\\notebook54\\section4\\section4a_move_damage_conflicts.csv""]",False
Meowth,21,60.0,6,6,-2,"[""D:\\02_AI_and_Data\\Kaggle-AI-Agents\\PTCG_AI_Battle_Challenge\\reports\\notebook54\\section3\\section3b_discovered_move_records.csv"", ""D:\\02_AI_and_Data\\Kaggle-AI-Agents\\PTCG_AI_Battle_Challenge\\reports\\notebook54\\section4\\section4a_move_records_manual_review.csv"", ""D:\\02_AI_and_Data\\Kaggle-AI-Agents\\PTCG_AI_Battle_Challenge\\reports\\notebook54\\section4\\section4a_move_source_agreement.csv"", ""D:\\02_AI_and_Data\\Kaggle-AI-Agents\\PTCG_AI_Battle_Challenge\\reports\\notebook54\\section4\\section4a_preferred_move_catalog.csv"", ""D:\\02_AI_and_Data\\Kaggle-AI-Agents\\PTCG_AI_Battle_Challenge\\reports\\notebook54\\section4\\section4a_simulator_supported_move_records.csv"", ""D:\\02_AI_and_Data\\Kaggle-AI-Agents\\PTCG_AI_Battle_Challenge\\reports\\notebook54\\section4\\section4a_tournament_card_move_records.csv""]",False
Meowth,32,1.0,1,1,-5,"[""D:\\02_AI_and_Data\\Kaggle-AI-Agents\\PTCG_AI_Battle_Challenge\\reports\\notebook54\\section4\\section4a_move_damage_conflicts.csv""]",False
Meowth,32,8.0,7,7,-2,"[""D:\\02_AI_and_Data\\Kaggle-AI-Agents\\PTCG_AI_Battle_Challenge\\reports\\notebook54\\section3\\section3b_discovered_move_records.csv"", ""D:\\02_AI_and_Data\\Kaggle-AI-Agents\\PTCG_AI_Battle_Challenge\\reports\\notebook54\\section4\\section4a_move_records_manual_review.csv"", ""D:\\02_AI_and_Data\\Kaggle-AI-Agents\\PTCG_AI_Battle_Challenge\\reports\\notebook54\\section4\\section4a_move_source_agreement.csv"", ""D:\\02_AI_and_Data\\Kaggle-AI-Agents\\PTCG_AI_Battle_Challenge\\reports\\notebook54\\section4\\section4a_preferred_move_catalog.csv"", ""D:\\02_AI_and_Data\\Kaggle-AI-Agents\\PTCG_AI_Battle_Challenge\\reports\\notebook54\\section4\\section4a_simulator_supported_move_records.csv"", ""D:\\02_AI_and_Data\\Kaggle-AI-Agents\\PTCG_AI_Battle_Challenge\\reports\\notebook54\\section4\\section4a_tournament_card_move_records.csv"", ""D:\\02_AI_and_Data\\Kaggle-AI-Agents\\PTCG_AI_Battle_Challenge\\reports\\notebook54\\section4\\section4b_candidate_transition_summary.json""]",False
Meowth,39,60.0,1,1,-2,"[""D:\\02_AI_and_Data\\Kaggle-AI-Agents\\PTCG_AI_Battle_Challenge\\reports\\notebook54\\section4\\section4a_card_candidate_profile.csv""]",False
Meowth,8,1.0,1,1,-5,"[""D:\\02_AI_and_Data\\Kaggle-AI-Agents\\PTCG_AI_Battle_Challenge\\reports\\notebook54\\section4\\section4a_move_damage_conflicts.csv""]",False
Meowth,8,8.0,7,7,-2,"[""D:\\02_AI_and_Data\\Kaggle-AI-Agents\\PTCG_AI_Battle_Challenge\\reports\\notebook54\\section3\\section3b_discovered_move_records.csv"", ""D:\\02_AI_and_Data\\Kaggle-AI-Agents\\PTCG_AI_Battle_Challenge\\reports\\notebook54\\section4\\section4a_move_records_manual_review.csv"", ""D:\\02_AI_and_Data\\Kaggle-AI-Agents\\PTCG_AI_Battle_Challenge\\reports\\notebook54\\section4\\section4a_move_source_agreement.csv"", ""D:\\02_AI_and_Data\\Kaggle-AI-Agents\\PTCG_AI_Battle_Challenge\\reports\\notebook54\\section4\\section4a_preferred_move_catalog.csv"", ""D:\\02_AI_and_Data\\Kaggle-AI-Agents\\PTCG_AI_Battle_Challenge\\reports\\notebook54\\section4\\section4a_simulator_supported_move_records.csv"", ""D:\\02_AI_and_Data\\Kaggle-AI-Agents\\PTCG_AI_Battle_Challenge\\reports\\notebook54\\section4\\section4a_tournament_card_move_records.csv"", ""D:\\02_AI_and_Data\\Kaggle-AI-Agents\\PTCG_AI_Battle_Challenge\\reports\\notebook54\\section4\\section4b_candidate_transitions_by_card.csv""]",False
Meowth,81,1.0,1,1,-5,"[""D:\\02_AI_and_Data\\Kaggle-AI-Agents\\PTCG_AI_Battle_Challenge\\reports\\notebook54\\section4\\section4a_move_damage_conflicts.csv""]",False
Meowth,81,4.0,6,6,-2,"[""D:\\02_AI_and_Data\\Kaggle-AI-Agents\\PTCG_AI_Battle_Challenge\\reports\\notebook54\\section3\\section3b_discovered_move_records.csv"", ""D:\\02_AI_and_Data\\Kaggle-AI-Agents\\PTCG_AI_Battle_Challenge\\reports\\notebook54\\section4\\section4a_move_records_manual_review.csv"", ""D:\\02_AI_and_Data\\Kaggle-AI-Agents\\PTCG_AI_Battle_Challenge\\reports\\notebook54\\section4\\section4a_move_source_agreement.csv"", ""D:\\02_AI_and_Data\\Kaggle-AI-Agents\\PTCG_AI_Battle_Challenge\\reports\\notebook54\\section4\\section4a_preferred_move_catalog.csv"", ""D:\\02_AI_and_Data\\Kaggle-AI-Agents\\PTCG_AI_Battle_Challenge\\reports\\notebook54\\section4\\section4a_simulator_supported_move_records.csv"", ""D:\\02_AI_and_Data\\Kaggle-AI-Agents\\PTCG_AI_Battle_Challenge\\reports\\notebook54\\section4\\section4a_tournament_card_move_records.csv""]",False
Meowth,Bite,0.0,7,7,-2,"[""D:\\02_AI_and_Data\\Kaggle-AI-Agents\\PTCG_AI_Battle_Challenge\\reports\\notebook46\\actor_perspective_suspicious_records.csv"", ""D:\\02_AI_and_Data\\Kaggle-AI-Agents\\PTCG_AI_Battle_Challenge\\reports\\notebook54\\section3\\section3b_discovered_move_records.csv"", ""D:\\02_AI_and_Data\\Kaggle-AI-Agents\\PTCG_AI_Battle_Challenge\\reports\\notebook54\\section4\\section4a_move_records_manual_review.csv"", ""D:\\02_AI_and_Data\\Kaggle-AI-Agents\\PTCG_AI_Battle_Challenge\\reports\\notebook54\\section4\\section4a_move_source_agreement.csv"", ""D:\\02_AI_and_Data\\Kaggle-AI-Agents\\PTCG_AI_Battle_Challenge\\reports\\notebook54\\section4\\section4a_preferred_move_catalog.csv"", ""D:\\02_AI_and_Data\\Kaggle-AI-Agents\\PTCG_AI_Battle_Challenge\\reports\\notebook54\\section4\\section4a_simulator_supported_move_records.csv"", ""D:\\02_AI_and_Data\\Kaggle-AI-Agents\\PTCG_AI_Battle_Challenge\\reports\\notebook54\\section4\\section4a_tournament_card_move_records.csv""]",False
Meowth,Bite,2.0,1,1,-5,"[""D:\\02_AI_and_Data\\Kaggle-AI-Agents\\PTCG_AI_Battle_Challenge\\reports\\notebook54\\section4\\section4a_move_damage_conflicts.csv""]",False
Meowth,Flame Tail,0.0,7,7,-2,"[""D:\\02_AI_and_Data\\Kaggle-AI-Agents\\PTCG_AI_Battle_Challenge\\reports\\notebook46\\actor_perspective_suspicious_records.csv"", ""D:\\02_AI_and_Data\\Kaggle-AI-Agents\\PTCG_AI_Battle_Challenge\\reports\\notebook54\\section3\\section3b_discovered_move_records.csv"", ""D:\\02_AI_and_Data\\Kaggle-AI-Agents\\PTCG_AI_Battle_Challenge\\reports\\notebook54\\section4\\section4a_move_records_manual_review.csv"", ""D:\\02_AI_and_Data\\Kaggle-AI-Agents\\PTCG_AI_Battle_Challenge\\reports\\notebook54\\section4\\section4a_move_source_agreement.csv"", ""D:\\02_AI_and_Data\\Kaggle-AI-Agents\\PTCG_AI_Battle_Challenge\\reports\\notebook54\\section4\\section4a_preferred_move_catalog.csv"", ""D:\\02_AI_and_Data\\Kaggle-AI-Agents\\PTCG_AI_Battle_Challenge\\reports\\notebook54\\section4\\section4a_simulator_supported_move_records.csv"", ""D:\\02_AI_and_Data\\Kaggle-AI-Agents\\PTCG_AI_Battle_Challenge\\reports\\notebook54\\section4\\section4a_tournament_card_move_records.csv""]",False
Meowth,Flame Tail,2.0,1,1,-5,"[""D:\\02_AI_and_Data\\Kaggle-AI-Agents\\PTCG_AI_Battle_Challenge\\reports\\notebook54\\section4\\section4a_move_damage_conflicts.csv""]",False
Meowth,Quick Attack,0.0,7,7,-2,"[""D:\\02_AI_and_Data\\Kaggle-AI-Agents\\PTCG_AI_Battle_Challenge\\reports\\notebook46\\actor_perspective_suspicious_records.csv"", ""D:\\02_AI_and_Data\\Kaggle-AI-Agents\\PTCG_AI_Battle_Challenge\\reports\\notebook54\\section3\\section3b_discovered_move_records.csv"", ""D:\\02_AI_and_Data\\Kaggle-AI-Agents\\PTCG_AI_Battle_Challenge\\reports\\notebook54\\section4\\section4a_move_records_manual_review.csv"", ""D:\\02_AI_and_Data\\Kaggle-AI-Agents\\PTCG_AI_Battle_Challenge\\reports\\notebook54\\section4\\section4a_move_source_agreement.csv"", ""D:\\02_AI_and_Data\\Kaggle-AI-Agents\\PTCG_AI_Battle_Challenge\\reports\\notebook54\\section4\\section4a_preferred_move_catalog.csv"", ""D:\\02_AI_and_Data\\Kaggle-AI-Agents\\PTCG_AI_Battle_Challenge\\reports\\notebook54\\section4\\section4a_simulator_supported_move_records.csv"", ""D:\\02_AI_and_Data\\Kaggle-AI-Agents\\PTCG_AI_Battle_Challenge\\reports\\notebook54\\section4\\section4a_tournament_card_move_records.csv""]",False
Meowth,Quick Attack,2.0,1,1,-5,"[""D:\\02_AI_and_Data\\Kaggle-AI-Agents\\PTCG_AI_Battle_Challenge\\reports\\notebook54\\section4\\section4a_move_damage_conflicts.csv""]",False
Meowth,Razor Leaf,0.0,7,7,-2,"[""D:\\02_AI_and_Data\\Kaggle-AI-Agents\\PTCG_AI_Battle_Challenge\\reports\\notebook46\\actor_perspective_suspicious_records.csv"", ""D:\\02_AI_and_Data\\Kaggle-AI-Agents\\PTCG_AI_Battle_Challenge\\reports\\notebook54\\section3\\section3b_discovered_move_records.csv"", ""D:\\02_AI_and_Data\\Kaggle-AI-Agents\\PTCG_AI_Battle_Challenge\\reports\\notebook54\\section4\\section4a_move_records_manual_review.csv"", ""D:\\02_AI_and_Data\\Kaggle-AI-Agents\\PTCG_AI_Battle_Challenge\\reports\\notebook54\\section4\\section4a_move_source_agreement.csv"", ""D:\\02_AI_and_Data\\Kaggle-AI-Agents\\PTCG_AI_Battle_Challenge\\reports\\notebook54\\section4\\section4a_preferred_move_catalog.csv"", ""D:\\02_AI_and_Data\\Kaggle-AI-Agents\\PTCG_AI_Battle_Challenge\\reports\\notebook54\\section4\\section4a_simulator_supported_move_records.csv"", ""D:\\02_AI_and_Data\\Kaggle-AI-Agents\\PTCG_AI_Battle_Challenge\\reports\\notebook54\\section4\\section4a_tournament_card_move_records.csv""]",False
Meowth,Razor Leaf,2.0,1,1,-5,"[""D:\\02_AI_and_Data\\Kaggle-AI-Agents\\PTCG_AI_Battle_Challenge\\reports\\notebook54\\section4\\section4a_move_damage_conflicts.csv""]",False
Meowth,Scratch,0.0,7,7,-2,"[""D:\\02_AI_and_Data\\Kaggle-AI-Agents\\PTCG_AI_Battle_Challenge\\reports\\notebook46\\actor_perspective_suspicious_records.csv"", ""D:\\02_AI_and_Data\\Kaggle-AI-Agents\\PTCG_AI_Battle_Challenge\\reports\\notebook54\\section3\\section3b_discovered_move_records.csv"", ""D:\\02_AI_and_Data\\Kaggle-AI-Agents\\PTCG_AI_Battle_Challenge\\reports\\notebook54\\section4\\section4a_move_records_manual_review.csv"", ""D:\\02_AI_and_Data\\Kaggle-AI-Agents\\PTCG_AI_Battle_Challenge\\reports\\notebook54\\section4\\section4a_move_source_agreement.csv"", ""D:\\02_AI_and_Data\\Kaggle-AI-Agents\\PTCG_AI_Battle_Challenge\\reports\\notebook54\\section4\\section4a_preferred_move_catalog.csv"", ""D:\\02_AI_and_Data\\Kaggle-AI-Agents\\PTCG_AI_Battle_Challenge\\reports\\notebook54\\section4\\section4a_simulator_supported_move_records.csv"", ""D:\\02_AI_and_Data\\Kaggle-AI-Agents\\PTCG_AI_Battle_Challenge\\reports\\notebook54\\section4\\section4a_tournament_card_move_records.csv""]",False
Meowth,Scratch,2.0,1,1,-5,"[""D:\\02_AI_and_Data\\Kaggle-AI-Agents\\PTCG_AI_Battle_Challenge\\reports\\notebook54\\section4\\section4a_move_damage_conflicts.csv""]",False
Meowth,Tackle,0.0,7,7,-2,"[""D:\\02_AI_and_Data\\Kaggle-AI-Agents\\PTCG_AI_Battle_Challenge\\reports\\notebook46\\actor_perspective_suspicious_records.csv"", ""D:\\02_AI_and_Data\\Kaggle-AI-Agents\\PTCG_AI_Battle_Challenge\\reports\\notebook54\\section3\\section3b_discovered_move_records.csv"", ""D:\\02_AI_and_Data\\Kaggle-AI-Agents\\PTCG_AI_Battle_Challenge\\reports\\notebook54\\section4\\section4a_move_records_manual_review.csv"", ""D:\\02_AI_and_Data\\Kaggle-AI-Agents\\PTCG_AI_Battle_Challenge\\reports\\notebook54\\section4\\section4a_move_source_agreement.csv"", ""D:\\02_AI_and_Data\\Kaggle-AI-Agents\\PTCG_AI_Battle_Challenge\\reports\\notebook54\\section4\\section4a_preferred_move_catalog.csv"", ""D:\\02_AI_and_Data\\Kaggle-AI-Agents\\PTCG_AI_Battle_Challenge\\reports\\notebook54\\section4\\section4a_simulator_supported_move_records.csv"", ""D:\\02_AI_and_Data\\Kaggle-AI-Agents\\PTCG_AI_Battle_Challenge\\reports\\notebook54\\section4\\section4a_tournament_card_move_records.csv""]",False
Meowth,Tackle,2.0,1,1,-5,"[""D:\\02_AI_and_Data\\Kaggle-AI-Agents\\PTCG_AI_Battle_Challenge\\reports\\notebook54\\section4\\section4a_move_damage_conflicts.csv""]",False
Meowth,Tail Whap,0.0,7,7,-2,"[""D:\\02_AI_and_Data\\Kaggle-AI-Agents\\PTCG_AI_Battle_Challenge\\reports\\notebook46\\actor_perspective_suspicious_records.csv"", ""D:\\02_AI_and_Data\\Kaggle-AI-Agents\\PTCG_AI_Battle_Challenge\\reports\\notebook54\\section3\\section3b_discovered_move_records.csv"", ""D:\\02_AI_and_Data\\Kaggle-AI-Agents\\PTCG_AI_Battle_Challenge\\reports\\notebook54\\section4\\section4a_move_records_manual_review.csv"", ""D:\\02_AI_and_Data\\Kaggle-AI-Agents\\PTCG_AI_Battle_Challenge\\reports\\notebook54\\section4\\section4a_move_source_agreement.csv"", ""D:\\02_AI_and_Data\\Kaggle-AI-Agents\\PTCG_AI_Battle_Challenge\\reports\\notebook54\\section4\\section4a_preferred_move_catalog.csv"", ""D:\\02_AI_and_Data\\Kaggle-AI-Agents\\PTCG_AI_Battle_Challenge\\reports\\notebook54\\section4\\section4a_simulator_supported_move_records.csv"", ""D:\\02_AI_and_Data\\Kaggle-AI-Agents\\PTCG_AI_Battle_Challenge\\reports\\notebook54\\section4\\section4a_tournament_card_move_records.csv""]",False
Meowth,Tail Whap,2.0,1,1,-5,"[""D:\\02_AI_and_Data\\Kaggle-AI-Agents\\PTCG_AI_Battle_Challenge\\reports\\notebook54\\section4\\section4a_move_damage_conflicts.csv""]",False
Meowth,Thunderbolt,0.0,7,7,-2,"[""D:\\02_AI_and_Data\\Kaggle-AI-Agents\\PTCG_AI_Battle_Challenge\\reports\\notebook46\\actor_perspective_suspicious_records.csv"", ""D:\\02_AI_and_Data\\Kaggle-AI-Agents\\PTCG_AI_Battle_Challenge\\reports\\notebook54\\section3\\section3b_discovered_move_records.csv"", ""D:\\02_AI_and_Data\\Kaggle-AI-Agents\\PTCG_AI_Battle_Challenge\\reports\\notebook54\\section4\\section4a_move_records_manual_review.csv"", ""D:\\02_AI_and_Data\\Kaggle-AI-Agents\\PTCG_AI_Battle_Challenge\\reports\\notebook54\\section4\\section4a_move_source_agreement.csv"", ""D:\\02_AI_and_Data\\Kaggle-AI-Agents\\PTCG_AI_Battle_Challenge\\reports\\notebook54\\section4\\section4a_preferred_move_catalog.csv"", ""D:\\02_AI_and_Data\\Kaggle-AI-Agents\\PTCG_AI_Battle_Challenge\\reports\\notebook54\\section4\\section4a_simulator_supported_move_records.csv"", ""D:\\02_AI_and_Data\\Kaggle-AI-Agents\\PTCG_AI_Battle_Challenge\\reports\\notebook54\\section4\\section4a_tournament_card_move_records.csv""]",False
Meowth,Thunderbolt,2.0,1,1,-5,"[""D:\\02_AI_and_Data\\Kaggle-AI-Agents\\PTCG_AI_Battle_Challenge\\reports\\notebook54\\section4\\section4a_move_damage_conflicts.csv""]",False
Meowth,Tuck Tail,0.0,6,6,-5,"[""D:\\02_AI_and_Data\\Kaggle-AI-Agents\\PTCG_AI_Battle_Challenge\\reports\\notebook52\\section5\\section5b_expanded_turn_results.csv"", ""D:\\02_AI_and_Data\\Kaggle-AI-Agents\\PTCG_AI_Battle_Challenge\\reports\\notebook53\\section6\\section6e_tournament_replay_turns.csv"", ""D:\\02_AI_and_Data\\Kaggle-AI-Agents\\PTCG_AI_Battle_Challenge\\reports\\notebook54\\section4\\section4a_move_source_agreement.csv"", ""D:\\02_AI_and_Data\\Kaggle-AI-Agents\\PTCG_AI_Battle_Challenge\\reports\\notebook54\\section4\\section4a_preferred_move_catalog.csv"", ""D:\\02_AI_and_Data\\Kaggle-AI-Agents\\PTCG_AI_Battle_Challenge\\reports\\notebook54\\section4\\section4a_safe_action_catalog.csv"", ""D:\\02_AI_and_Data\\Kaggle-AI-Agents\\PTCG_AI_Battle_Challenge\\reports\\notebook54\\section4\\section4a_simulator_supported_move_records.csv""]",True
Meowth,Tuck Tail,2.0,1,1,-5,"[""D:\\02_AI_and_Data\\Kaggle-AI-Agents\\PTCG_AI_Battle_Challenge\\reports\\notebook54\\section4\\section4a_move_damage_conflicts.csv""]",True
Meowth,Tuck Tail,60.0,1,1,-5,"[""D:\\02_AI_and_Data\\Kaggle-AI-Agents\\PTCG_AI_Battle_Challenge\\reports\\notebook54\\section4\\section4r_verified_attack_energy_readiness.csv""]",True
Meowth,Vine Whip,0.0,7,7,-2,"[""D:\\02_AI_and_Data\\Kaggle-AI-Agents\\PTCG_AI_Battle_Challenge\\reports\\notebook46\\actor_perspective_suspicious_records.csv"", ""D:\\02_AI_and_Data\\Kaggle-AI-Agents\\PTCG_AI_Battle_Challenge\\reports\\notebook54\\section3\\section3b_discovered_move_records.csv"", ""D:\\02_AI_and_Data\\Kaggle-AI-Agents\\PTCG_AI_Battle_Challenge\\reports\\notebook54\\section4\\section4a_move_records_manual_review.csv"", ""D:\\02_AI_and_Data\\Kaggle-AI-Agents\\PTCG_AI_Battle_Challenge\\reports\\notebook54\\section4\\section4a_move_source_agreement.csv"", ""D:\\02_AI_and_Data\\Kaggle-AI-Agents\\PTCG_AI_Battle_Challenge\\reports\\notebook54\\section4\\section4a_preferred_move_catalog.csv"", ""D:\\02_AI_and_Data\\Kaggle-AI-Agents\\PTCG_AI_Battle_Challenge\\reports\\notebook54\\section4\\section4a_simulator_supported_move_records.csv"", ""D:\\02_AI_and_Data\\Kaggle-AI-Agents\\PTCG_AI_Battle_Challenge\\reports\\notebook54\\section4\\section4a_tournament_card_move_records.csv""]",False
Meowth,Vine Whip,2.0,1,1,-5,"[""D:\\02_AI_and_Data\\Kaggle-AI-Agents\\PTCG_AI_Battle_Challenge\\reports\\notebook54\\section4\\section4a_move_damage_conflicts.csv""]",False
Meowth,Water Pulse,0.0,7,7,-2,"[""D:\\02_AI_and_Data\\Kaggle-AI-Agents\\PTCG_AI_Battle_Challenge\\reports\\notebook46\\actor_perspective_suspicious_records.csv"", ""D:\\02_AI_and_Data\\Kaggle-AI-Agents\\PTCG_AI_Battle_Challenge\\reports\\notebook54\\section3\\section3b_discovered_move_records.csv"", ""D:\\02_AI_and_Data\\Kaggle-AI-Agents\\PTCG_AI_Battle_Challenge\\reports\\notebook54\\section4\\section4a_move_records_manual_review.csv"", ""D:\\02_AI_and_Data\\Kaggle-AI-Agents\\PTCG_AI_Battle_Challenge\\reports\\notebook54\\section4\\section4a_move_source_agreement.csv"", ""D:\\02_AI_and_Data\\Kaggle-AI-Agents\\PTCG_AI_Battle_Challenge\\reports\\notebook54\\section4\\section4a_preferred_move_catalog.csv"", ""D:\\02_AI_and_Data\\Kaggle-AI-Agents\\PTCG_AI_Battle_Challenge\\reports\\notebook54\\section4\\section4a_simulator_supported_move_records.csv"", ""D:\\02_AI_and_Data\\Kaggle-AI-Agents\\PTCG_AI_Battle_Challenge\\reports\\notebook54\\section4\\section4a_tournament_card_move_records.csv""]",False
Meowth,Water Pulse,2.0,1,1,-5,"[""D:\\02_AI_and_Data\\Kaggle-AI-Agents\\PTCG_AI_Battle_Challenge\\reports\\notebook54\\section4\\section4a_move_damage_conflicts.csv""]",False
Meowth,[0.08 0.1 0. 0. 0. 0. 0. 0.38],20.0,1,1,10,"[""D:\\02_AI_and_Data\\Kaggle-AI-Agents\\PTCG_AI_Battle_Challenge\\data\\competitive\\actor_relative_search_expert_dataset.parquet""]",False
Meowth,[0.08 0.1 1. 0. 0. 0. 0. 1.38],8.0,1,1,10,"[""D:\\02_AI_and_Data\\Kaggle-AI-Agents\\PTCG_AI_Battle_Challenge\\data\\competitive\\actor_relative_search_expert_dataset.parquet""]",False
Meowth,"[0.08, 0.1, 0.0, 0.0, 0.0, 0.0, 0.0, 0.38]",20.0,1,1,10,"[""D:\\02_AI_and_Data\\Kaggle-AI-Agents\\PTCG_AI_Battle_Challenge\\data\\competitive\\actor_relative_search_expert_dataset.jsonl""]",False
Meowth,"[0.08, 0.1, 1.0, 0.0, 0.0, 0.0, 0.0, 1.38]",8.0,1,1,10,"[""D:\\02_AI_and_Data\\Kaggle-AI-Agents\\PTCG_AI_Battle_Challenge\\data\\competitive\\actor_relative_search_expert_dataset.jsonl""]",False
Meowth,[0.24 0.2 0. 0. 0. 0. 0. 0.64],60.0,1,1,10,"[""D:\\02_AI_and_Data\\Kaggle-AI-Agents\\PTCG_AI_Battle_Challenge\\data\\competitive\\actor_relative_search_expert_dataset.parquet""]",False
Meowth,[0.24 0.2 1. 0. 0. 0. 0. 1.64],33.0,1,1,10,"[""D:\\02_AI_and_Data\\Kaggle-AI-Agents\\PTCG_AI_Battle_Challenge\\data\\competitive\\actor_relative_search_expert_dataset.parquet""]",False
Meowth,"[0.24, 0.2, 0.0, 0.0, 0.0, 0.0, 0.0, 0.639999999999999]",60.0,1,1,10,"[""D:\\02_AI_and_Data\\Kaggle-AI-Agents\\PTCG_AI_Battle_Challenge\\data\\competitive\\actor_relative_search_expert_dataset.jsonl""]",False
Meowth,"[0.24, 0.2, 1.0, 0.0, 0.0, 0.0, 0.0, 1.6400000000000001]",33.0,1,1,10,"[""D:\\02_AI_and_Data\\Kaggle-AI-Agents\\PTCG_AI_Battle_Challenge\\data\\competitive\\actor_relative_search_expert_dataset.jsonl""]",False
