expanded_pair_id,comparison_case_id,evaluation_side,source_scenario_id,source_condition_id,source_turn_number,expansion_variant_id,counterfactual_id,counterfactual_group,counterfactual_description,legal_moves,legal_move_signature,observed_turn_number,observed_acting_energy,observed_opposing_energy,observed_energy_difference,predicted_action,quick_attack_probability,ascension_probability,quick_attack_minus_ascension,quick_attack_score_advantage,ascension_score_advantage,baseline_quick_attack_probability,baseline_ascension_probability,baseline_quick_attack_minus_ascension,baseline_predicted_action,quick_attack_probability_change,ascension_probability_change,score_margin_change,predicted_action_changed,ascension_overtook_quick_attack
4WE_PAIR_001_V01,4WE_PAIR_001_V01__OPPONENT,Opponent,T52_S001__BASELINE,BASELINE,2,OBSERVED_ENERGY_CONTEXT,BASELINE,BASELINE,Preserve the original expanded case exactly.,"['Ascension', 'Quick Attack']",Ascension | Quick Attack,2,3.0,3.0,0.0,Quick Attack,0.712,0.188,0.524,True,False,0.712,0.188,0.524,Quick Attack,0.0,0.0,0.0,False,False
4WE_PAIR_001_V01,4WE_PAIR_001_V01__OPPONENT,Opponent,T52_S001__BASELINE,BASELINE,2,OBSERVED_ENERGY_CONTEXT,LEGAL_SIGNATURE_ASCENSION_ONLY,LEGAL_STRUCTURE,Expose Ascension as the only legal action.,['Ascension'],Ascension,2,3.0,3.0,0.0,Ascension,0.042,0.65,-0.608,False,True,0.712,0.188,0.524,Quick Attack,-0.6699999999999999,0.462,-1.1320000000000001,True,True
4WE_PAIR_001_V01,4WE_PAIR_001_V01__OPPONENT,Opponent,T52_S001__BASELINE,BASELINE,2,OBSERVED_ENERGY_CONTEXT,LEGAL_SIGNATURE_QUICK_ATTACK_ONLY,LEGAL_STRUCTURE,Expose Quick Attack as the only legal action.,['Quick Attack'],Quick Attack,2,3.0,3.0,0.0,Ascension,0.156,0.406,-0.25,False,True,0.712,0.188,0.524,Quick Attack,-0.5559999999999999,0.21800000000000003,-0.774,True,True
4WE_PAIR_001_V01,4WE_PAIR_001_V01__OPPONENT,Opponent,T52_S001__BASELINE,BASELINE,2,OBSERVED_ENERGY_CONTEXT,LOW_ACTING_ENERGY,ENERGY_STATE,Reduce the acting Pokémon to one attached energy.,"['Ascension', 'Quick Attack']",Ascension | Quick Attack,2,1.0,3.0,-2.0,Quick Attack,0.704,0.196,0.508,True,False,0.712,0.188,0.524,Quick Attack,-0.008000000000000007,0.008000000000000007,-0.016000000000000014,False,False
4WE_PAIR_001_V01,4WE_PAIR_001_V01__OPPONENT,Opponent,T52_S001__BASELINE,BASELINE,2,OBSERVED_ENERGY_CONTEXT,HIGH_ACTING_ENERGY,ENERGY_STATE,Increase the acting Pokémon to four attached energy.,"['Ascension', 'Quick Attack']",Ascension | Quick Attack,2,4.0,3.0,1.0,Quick Attack,0.718,0.182,0.536,True,False,0.712,0.188,0.524,Quick Attack,0.006000000000000005,-0.006000000000000005,0.01200000000000001,False,False
4WE_PAIR_001_V01,4WE_PAIR_001_V01__OPPONENT,Opponent,T52_S001__BASELINE,BASELINE,2,OBSERVED_ENERGY_CONTEXT,ACTING_ENERGY_DISADVANTAGE,ENERGY_STATE,Set acting energy to two and opposing energy to four.,"['Ascension', 'Quick Attack']",Ascension | Quick Attack,2,2.0,4.0,-2.0,Quick Attack,0.708,0.194,0.514,True,False,0.712,0.188,0.524,Quick Attack,-0.0040000000000000036,0.006000000000000005,-0.010000000000000009,False,False
4WE_PAIR_001_V01,4WE_PAIR_001_V01__OPPONENT,Opponent,T52_S001__BASELINE,BASELINE,2,OBSERVED_ENERGY_CONTEXT,ACTING_ENERGY_ADVANTAGE,ENERGY_STATE,Set acting energy to four and opposing energy to one.,"['Ascension', 'Quick Attack']",Ascension | Quick Attack,2,4.0,1.0,3.0,Quick Attack,0.714,0.186,0.528,True,False,0.712,0.188,0.524,Quick Attack,0.0020000000000000018,-0.0020000000000000018,0.0040000000000000036,False,False
4WE_PAIR_001_V01,4WE_PAIR_001_V01__OPPONENT,Opponent,T52_S001__BASELINE,BASELINE,2,OBSERVED_ENERGY_CONTEXT,EARLY_TURN,TURN_STATE,Force the decision context to turn one.,"['Ascension', 'Quick Attack']",Ascension | Quick Attack,1,3.0,3.0,0.0,Quick Attack,0.702,0.176,0.526,True,False,0.712,0.188,0.524,Quick Attack,-0.010000000000000009,-0.01200000000000001,0.0020000000000000018,False,False
4WE_PAIR_001_V01,4WE_PAIR_001_V01__OPPONENT,Opponent,T52_S001__BASELINE,BASELINE,2,OBSERVED_ENERGY_CONTEXT,LATE_TURN,TURN_STATE,Force the decision context to turn twelve.,"['Ascension', 'Quick Attack']",Ascension | Quick Attack,12,3.0,3.0,0.0,Quick Attack,0.718,0.18,0.538,True,False,0.712,0.188,0.524,Quick Attack,0.006000000000000005,-0.008000000000000007,0.014000000000000012,False,False
4WE_PAIR_001_V01,4WE_PAIR_001_V01__PLAYER,Player,T52_S001__BASELINE,BASELINE,2,OBSERVED_ENERGY_CONTEXT,BASELINE,BASELINE,Preserve the original expanded case exactly.,"['Ascension', 'Quick Attack']",Ascension | Quick Attack,2,3.0,3.0,0.0,Quick Attack,0.714,0.186,0.528,True,False,0.714,0.186,0.528,Quick Attack,0.0,0.0,0.0,False,False
4WE_PAIR_001_V01,4WE_PAIR_001_V01__PLAYER,Player,T52_S001__BASELINE,BASELINE,2,OBSERVED_ENERGY_CONTEXT,LEGAL_SIGNATURE_ASCENSION_ONLY,LEGAL_STRUCTURE,Expose Ascension as the only legal action.,['Ascension'],Ascension,2,3.0,3.0,0.0,Ascension,0.042,0.648,-0.606,False,True,0.714,0.186,0.528,Quick Attack,-0.6719999999999999,0.462,-1.134,True,True
4WE_PAIR_001_V01,4WE_PAIR_001_V01__PLAYER,Player,T52_S001__BASELINE,BASELINE,2,OBSERVED_ENERGY_CONTEXT,LEGAL_SIGNATURE_QUICK_ATTACK_ONLY,LEGAL_STRUCTURE,Expose Quick Attack as the only legal action.,['Quick Attack'],Quick Attack,2,3.0,3.0,0.0,Ascension,0.156,0.404,-0.24800000000000003,False,True,0.714,0.186,0.528,Quick Attack,-0.5579999999999999,0.21800000000000003,-0.776,True,True
4WE_PAIR_001_V01,4WE_PAIR_001_V01__PLAYER,Player,T52_S001__BASELINE,BASELINE,2,OBSERVED_ENERGY_CONTEXT,LOW_ACTING_ENERGY,ENERGY_STATE,Reduce the acting Pokémon to one attached energy.,"['Ascension', 'Quick Attack']",Ascension | Quick Attack,2,1.0,3.0,-2.0,Quick Attack,0.706,0.196,0.51,True,False,0.714,0.186,0.528,Quick Attack,-0.008000000000000007,0.010000000000000009,-0.018000000000000016,False,False
4WE_PAIR_001_V01,4WE_PAIR_001_V01__PLAYER,Player,T52_S001__BASELINE,BASELINE,2,OBSERVED_ENERGY_CONTEXT,HIGH_ACTING_ENERGY,ENERGY_STATE,Increase the acting Pokémon to four attached energy.,"['Ascension', 'Quick Attack']",Ascension | Quick Attack,2,4.0,3.0,1.0,Quick Attack,0.718,0.182,0.536,True,False,0.714,0.186,0.528,Quick Attack,0.0040000000000000036,-0.0040000000000000036,0.008000000000000007,False,False
4WE_PAIR_001_V01,4WE_PAIR_001_V01__PLAYER,Player,T52_S001__BASELINE,BASELINE,2,OBSERVED_ENERGY_CONTEXT,ACTING_ENERGY_DISADVANTAGE,ENERGY_STATE,Set acting energy to two and opposing energy to four.,"['Ascension', 'Quick Attack']",Ascension | Quick Attack,2,2.0,4.0,-2.0,Quick Attack,0.712,0.19,0.522,True,False,0.714,0.186,0.528,Quick Attack,-0.0020000000000000018,0.0040000000000000036,-0.006000000000000005,False,False
4WE_PAIR_001_V01,4WE_PAIR_001_V01__PLAYER,Player,T52_S001__BASELINE,BASELINE,2,OBSERVED_ENERGY_CONTEXT,ACTING_ENERGY_ADVANTAGE,ENERGY_STATE,Set acting energy to four and opposing energy to one.,"['Ascension', 'Quick Attack']",Ascension | Quick Attack,2,4.0,1.0,3.0,Quick Attack,0.714,0.184,0.53,True,False,0.714,0.186,0.528,Quick Attack,0.0,-0.0020000000000000018,0.0020000000000000018,False,False
4WE_PAIR_001_V01,4WE_PAIR_001_V01__PLAYER,Player,T52_S001__BASELINE,BASELINE,2,OBSERVED_ENERGY_CONTEXT,EARLY_TURN,TURN_STATE,Force the decision context to turn one.,"['Ascension', 'Quick Attack']",Ascension | Quick Attack,1,3.0,3.0,0.0,Quick Attack,0.704,0.174,0.53,True,False,0.714,0.186,0.528,Quick Attack,-0.010000000000000009,-0.01200000000000001,0.0020000000000000018,False,False
4WE_PAIR_001_V01,4WE_PAIR_001_V01__PLAYER,Player,T52_S001__BASELINE,BASELINE,2,OBSERVED_ENERGY_CONTEXT,LATE_TURN,TURN_STATE,Force the decision context to turn twelve.,"['Ascension', 'Quick Attack']",Ascension | Quick Attack,12,3.0,3.0,0.0,Quick Attack,0.72,0.178,0.542,True,False,0.714,0.186,0.528,Quick Attack,0.006000000000000005,-0.008000000000000007,0.014000000000000012,False,False
4WE_PAIR_001_V02,4WE_PAIR_001_V02__OPPONENT,Opponent,T52_S001__BASELINE,BASELINE,2,MINIMUM_MULTI_ACTION_ENERGY,BASELINE,BASELINE,Preserve the original expanded case exactly.,"['Ascension', 'Quick Attack']",Ascension | Quick Attack,2,2.0,3.0,-1.0,Quick Attack,0.706,0.196,0.51,True,False,0.706,0.196,0.51,Quick Attack,0.0,0.0,0.0,False,False
4WE_PAIR_001_V02,4WE_PAIR_001_V02__OPPONENT,Opponent,T52_S001__BASELINE,BASELINE,2,MINIMUM_MULTI_ACTION_ENERGY,LEGAL_SIGNATURE_ASCENSION_ONLY,LEGAL_STRUCTURE,Expose Ascension as the only legal action.,['Ascension'],Ascension,2,2.0,3.0,-1.0,Ascension,0.04,0.658,-0.618,False,True,0.706,0.196,0.51,Quick Attack,-0.6659999999999999,0.462,-1.1280000000000001,True,True
4WE_PAIR_001_V02,4WE_PAIR_001_V02__OPPONENT,Opponent,T52_S001__BASELINE,BASELINE,2,MINIMUM_MULTI_ACTION_ENERGY,LEGAL_SIGNATURE_QUICK_ATTACK_ONLY,LEGAL_STRUCTURE,Expose Quick Attack as the only legal action.,['Quick Attack'],Quick Attack,2,2.0,3.0,-1.0,Ascension,0.152,0.412,-0.26,False,True,0.706,0.196,0.51,Quick Attack,-0.5539999999999999,0.21599999999999997,-0.77,True,True
4WE_PAIR_001_V02,4WE_PAIR_001_V02__OPPONENT,Opponent,T52_S001__BASELINE,BASELINE,2,MINIMUM_MULTI_ACTION_ENERGY,LOW_ACTING_ENERGY,ENERGY_STATE,Reduce the acting Pokémon to one attached energy.,"['Ascension', 'Quick Attack']",Ascension | Quick Attack,2,1.0,3.0,-2.0,Quick Attack,0.704,0.196,0.508,True,False,0.706,0.196,0.51,Quick Attack,-0.0020000000000000018,0.0,-0.0020000000000000018,False,False
4WE_PAIR_001_V02,4WE_PAIR_001_V02__OPPONENT,Opponent,T52_S001__BASELINE,BASELINE,2,MINIMUM_MULTI_ACTION_ENERGY,HIGH_ACTING_ENERGY,ENERGY_STATE,Increase the acting Pokémon to four attached energy.,"['Ascension', 'Quick Attack']",Ascension | Quick Attack,2,4.0,3.0,1.0,Quick Attack,0.718,0.182,0.536,True,False,0.706,0.196,0.51,Quick Attack,0.01200000000000001,-0.014000000000000012,0.026000000000000023,False,False
4WE_PAIR_001_V02,4WE_PAIR_001_V02__OPPONENT,Opponent,T52_S001__BASELINE,BASELINE,2,MINIMUM_MULTI_ACTION_ENERGY,ACTING_ENERGY_DISADVANTAGE,ENERGY_STATE,Set acting energy to two and opposing energy to four.,"['Ascension', 'Quick Attack']",Ascension | Quick Attack,2,2.0,4.0,-2.0,Quick Attack,0.708,0.194,0.514,True,False,0.706,0.196,0.51,Quick Attack,0.0020000000000000018,-0.0020000000000000018,0.0040000000000000036,False,False
4WE_PAIR_001_V02,4WE_PAIR_001_V02__OPPONENT,Opponent,T52_S001__BASELINE,BASELINE,2,MINIMUM_MULTI_ACTION_ENERGY,ACTING_ENERGY_ADVANTAGE,ENERGY_STATE,Set acting energy to four and opposing energy to one.,"['Ascension', 'Quick Attack']",Ascension | Quick Attack,2,4.0,1.0,3.0,Quick Attack,0.714,0.186,0.528,True,False,0.706,0.196,0.51,Quick Attack,0.008000000000000007,-0.010000000000000009,0.018000000000000016,False,False
4WE_PAIR_001_V02,4WE_PAIR_001_V02__OPPONENT,Opponent,T52_S001__BASELINE,BASELINE,2,MINIMUM_MULTI_ACTION_ENERGY,EARLY_TURN,TURN_STATE,Force the decision context to turn one.,"['Ascension', 'Quick Attack']",Ascension | Quick Attack,1,2.0,3.0,-1.0,Quick Attack,0.696,0.184,0.512,True,False,0.706,0.196,0.51,Quick Attack,-0.010000000000000009,-0.01200000000000001,0.0020000000000000018,False,False
4WE_PAIR_001_V02,4WE_PAIR_001_V02__OPPONENT,Opponent,T52_S001__BASELINE,BASELINE,2,MINIMUM_MULTI_ACTION_ENERGY,LATE_TURN,TURN_STATE,Force the decision context to turn twelve.,"['Ascension', 'Quick Attack']",Ascension | Quick Attack,12,2.0,3.0,-1.0,Quick Attack,0.712,0.188,0.524,True,False,0.706,0.196,0.51,Quick Attack,0.006000000000000005,-0.008000000000000007,0.014000000000000012,False,False
4WE_PAIR_001_V02,4WE_PAIR_001_V02__PLAYER,Player,T52_S001__BASELINE,BASELINE,2,MINIMUM_MULTI_ACTION_ENERGY,BASELINE,BASELINE,Preserve the original expanded case exactly.,"['Ascension', 'Quick Attack']",Ascension | Quick Attack,2,2.0,3.0,-1.0,Quick Attack,0.708,0.194,0.514,True,False,0.708,0.194,0.514,Quick Attack,0.0,0.0,0.0,False,False
4WE_PAIR_001_V02,4WE_PAIR_001_V02__PLAYER,Player,T52_S001__BASELINE,BASELINE,2,MINIMUM_MULTI_ACTION_ENERGY,LEGAL_SIGNATURE_ASCENSION_ONLY,LEGAL_STRUCTURE,Expose Ascension as the only legal action.,['Ascension'],Ascension,2,2.0,3.0,-1.0,Ascension,0.04,0.656,-0.616,False,True,0.708,0.194,0.514,Quick Attack,-0.6679999999999999,0.462,-1.13,True,True
4WE_PAIR_001_V02,4WE_PAIR_001_V02__PLAYER,Player,T52_S001__BASELINE,BASELINE,2,MINIMUM_MULTI_ACTION_ENERGY,LEGAL_SIGNATURE_QUICK_ATTACK_ONLY,LEGAL_STRUCTURE,Expose Quick Attack as the only legal action.,['Quick Attack'],Quick Attack,2,2.0,3.0,-1.0,Ascension,0.152,0.41,-0.258,False,True,0.708,0.194,0.514,Quick Attack,-0.5559999999999999,0.21599999999999997,-0.772,True,True
4WE_PAIR_001_V02,4WE_PAIR_001_V02__PLAYER,Player,T52_S001__BASELINE,BASELINE,2,MINIMUM_MULTI_ACTION_ENERGY,LOW_ACTING_ENERGY,ENERGY_STATE,Reduce the acting Pokémon to one attached energy.,"['Ascension', 'Quick Attack']",Ascension | Quick Attack,2,1.0,3.0,-2.0,Quick Attack,0.706,0.196,0.51,True,False,0.708,0.194,0.514,Quick Attack,-0.0020000000000000018,0.0020000000000000018,-0.0040000000000000036,False,False
4WE_PAIR_001_V02,4WE_PAIR_001_V02__PLAYER,Player,T52_S001__BASELINE,BASELINE,2,MINIMUM_MULTI_ACTION_ENERGY,HIGH_ACTING_ENERGY,ENERGY_STATE,Increase the acting Pokémon to four attached energy.,"['Ascension', 'Quick Attack']",Ascension | Quick Attack,2,4.0,3.0,1.0,Quick Attack,0.718,0.182,0.536,True,False,0.708,0.194,0.514,Quick Attack,0.010000000000000009,-0.01200000000000001,0.02200000000000002,False,False
4WE_PAIR_001_V02,4WE_PAIR_001_V02__PLAYER,Player,T52_S001__BASELINE,BASELINE,2,MINIMUM_MULTI_ACTION_ENERGY,ACTING_ENERGY_DISADVANTAGE,ENERGY_STATE,Set acting energy to two and opposing energy to four.,"['Ascension', 'Quick Attack']",Ascension | Quick Attack,2,2.0,4.0,-2.0,Quick Attack,0.712,0.19,0.522,True,False,0.708,0.194,0.514,Quick Attack,0.0040000000000000036,-0.0040000000000000036,0.008000000000000007,False,False
4WE_PAIR_001_V02,4WE_PAIR_001_V02__PLAYER,Player,T52_S001__BASELINE,BASELINE,2,MINIMUM_MULTI_ACTION_ENERGY,ACTING_ENERGY_ADVANTAGE,ENERGY_STATE,Set acting energy to four and opposing energy to one.,"['Ascension', 'Quick Attack']",Ascension | Quick Attack,2,4.0,1.0,3.0,Quick Attack,0.714,0.184,0.53,True,False,0.708,0.194,0.514,Quick Attack,0.006000000000000005,-0.010000000000000009,0.016000000000000014,False,False
4WE_PAIR_001_V02,4WE_PAIR_001_V02__PLAYER,Player,T52_S001__BASELINE,BASELINE,2,MINIMUM_MULTI_ACTION_ENERGY,EARLY_TURN,TURN_STATE,Force the decision context to turn one.,"['Ascension', 'Quick Attack']",Ascension | Quick Attack,1,2.0,3.0,-1.0,Quick Attack,0.698,0.182,0.516,True,False,0.708,0.194,0.514,Quick Attack,-0.010000000000000009,-0.01200000000000001,0.0020000000000000018,False,False
4WE_PAIR_001_V02,4WE_PAIR_001_V02__PLAYER,Player,T52_S001__BASELINE,BASELINE,2,MINIMUM_MULTI_ACTION_ENERGY,LATE_TURN,TURN_STATE,Force the decision context to turn twelve.,"['Ascension', 'Quick Attack']",Ascension | Quick Attack,12,2.0,3.0,-1.0,Quick Attack,0.714,0.186,0.528,True,False,0.708,0.194,0.514,Quick Attack,0.006000000000000005,-0.008000000000000007,0.014000000000000012,False,False
4WE_PAIR_001_V03,4WE_PAIR_001_V03__OPPONENT,Opponent,T52_S001__BASELINE,BASELINE,2,SYMMETRIC_TWO_ENERGY,BASELINE,BASELINE,Preserve the original expanded case exactly.,"['Ascension', 'Quick Attack']",Ascension | Quick Attack,2,2.0,2.0,0.0,Quick Attack,0.706,0.196,0.51,True,False,0.706,0.196,0.51,Quick Attack,0.0,0.0,0.0,False,False
4WE_PAIR_001_V03,4WE_PAIR_001_V03__OPPONENT,Opponent,T52_S001__BASELINE,BASELINE,2,SYMMETRIC_TWO_ENERGY,LEGAL_SIGNATURE_ASCENSION_ONLY,LEGAL_STRUCTURE,Expose Ascension as the only legal action.,['Ascension'],Ascension,2,2.0,2.0,0.0,Ascension,0.04,0.658,-0.618,False,True,0.706,0.196,0.51,Quick Attack,-0.6659999999999999,0.462,-1.1280000000000001,True,True
4WE_PAIR_001_V03,4WE_PAIR_001_V03__OPPONENT,Opponent,T52_S001__BASELINE,BASELINE,2,SYMMETRIC_TWO_ENERGY,LEGAL_SIGNATURE_QUICK_ATTACK_ONLY,LEGAL_STRUCTURE,Expose Quick Attack as the only legal action.,['Quick Attack'],Quick Attack,2,2.0,2.0,0.0,Ascension,0.152,0.412,-0.26,False,True,0.706,0.196,0.51,Quick Attack,-0.5539999999999999,0.21599999999999997,-0.77,True,True
4WE_PAIR_001_V03,4WE_PAIR_001_V03__OPPONENT,Opponent,T52_S001__BASELINE,BASELINE,2,SYMMETRIC_TWO_ENERGY,LOW_ACTING_ENERGY,ENERGY_STATE,Reduce the acting Pokémon to one attached energy.,"['Ascension', 'Quick Attack']",Ascension | Quick Attack,2,1.0,2.0,-1.0,Quick Attack,0.704,0.196,0.508,True,False,0.706,0.196,0.51,Quick Attack,-0.0020000000000000018,0.0,-0.0020000000000000018,False,False
4WE_PAIR_001_V03,4WE_PAIR_001_V03__OPPONENT,Opponent,T52_S001__BASELINE,BASELINE,2,SYMMETRIC_TWO_ENERGY,HIGH_ACTING_ENERGY,ENERGY_STATE,Increase the acting Pokémon to four attached energy.,"['Ascension', 'Quick Attack']",Ascension | Quick Attack,2,4.0,2.0,2.0,Quick Attack,0.718,0.182,0.536,True,False,0.706,0.196,0.51,Quick Attack,0.01200000000000001,-0.014000000000000012,0.026000000000000023,False,False
4WE_PAIR_001_V03,4WE_PAIR_001_V03__OPPONENT,Opponent,T52_S001__BASELINE,BASELINE,2,SYMMETRIC_TWO_ENERGY,ACTING_ENERGY_DISADVANTAGE,ENERGY_STATE,Set acting energy to two and opposing energy to four.,"['Ascension', 'Quick Attack']",Ascension | Quick Attack,2,2.0,4.0,-2.0,Quick Attack,0.708,0.194,0.514,True,False,0.706,0.196,0.51,Quick Attack,0.0020000000000000018,-0.0020000000000000018,0.0040000000000000036,False,False
4WE_PAIR_001_V03,4WE_PAIR_001_V03__OPPONENT,Opponent,T52_S001__BASELINE,BASELINE,2,SYMMETRIC_TWO_ENERGY,ACTING_ENERGY_ADVANTAGE,ENERGY_STATE,Set acting energy to four and opposing energy to one.,"['Ascension', 'Quick Attack']",Ascension | Quick Attack,2,4.0,1.0,3.0,Quick Attack,0.714,0.186,0.528,True,False,0.706,0.196,0.51,Quick Attack,0.008000000000000007,-0.010000000000000009,0.018000000000000016,False,False
4WE_PAIR_001_V03,4WE_PAIR_001_V03__OPPONENT,Opponent,T52_S001__BASELINE,BASELINE,2,SYMMETRIC_TWO_ENERGY,EARLY_TURN,TURN_STATE,Force the decision context to turn one.,"['Ascension', 'Quick Attack']",Ascension | Quick Attack,1,2.0,2.0,0.0,Quick Attack,0.696,0.184,0.512,True,False,0.706,0.196,0.51,Quick Attack,-0.010000000000000009,-0.01200000000000001,0.0020000000000000018,False,False
4WE_PAIR_001_V03,4WE_PAIR_001_V03__OPPONENT,Opponent,T52_S001__BASELINE,BASELINE,2,SYMMETRIC_TWO_ENERGY,LATE_TURN,TURN_STATE,Force the decision context to turn twelve.,"['Ascension', 'Quick Attack']",Ascension | Quick Attack,12,2.0,2.0,0.0,Quick Attack,0.712,0.188,0.524,True,False,0.706,0.196,0.51,Quick Attack,0.006000000000000005,-0.008000000000000007,0.014000000000000012,False,False
4WE_PAIR_001_V03,4WE_PAIR_001_V03__PLAYER,Player,T52_S001__BASELINE,BASELINE,2,SYMMETRIC_TWO_ENERGY,BASELINE,BASELINE,Preserve the original expanded case exactly.,"['Ascension', 'Quick Attack']",Ascension | Quick Attack,2,2.0,2.0,0.0,Quick Attack,0.708,0.194,0.514,True,False,0.708,0.194,0.514,Quick Attack,0.0,0.0,0.0,False,False
4WE_PAIR_001_V03,4WE_PAIR_001_V03__PLAYER,Player,T52_S001__BASELINE,BASELINE,2,SYMMETRIC_TWO_ENERGY,LEGAL_SIGNATURE_ASCENSION_ONLY,LEGAL_STRUCTURE,Expose Ascension as the only legal action.,['Ascension'],Ascension,2,2.0,2.0,0.0,Ascension,0.04,0.656,-0.616,False,True,0.708,0.194,0.514,Quick Attack,-0.6679999999999999,0.462,-1.13,True,True
4WE_PAIR_001_V03,4WE_PAIR_001_V03__PLAYER,Player,T52_S001__BASELINE,BASELINE,2,SYMMETRIC_TWO_ENERGY,LEGAL_SIGNATURE_QUICK_ATTACK_ONLY,LEGAL_STRUCTURE,Expose Quick Attack as the only legal action.,['Quick Attack'],Quick Attack,2,2.0,2.0,0.0,Ascension,0.152,0.41,-0.258,False,True,0.708,0.194,0.514,Quick Attack,-0.5559999999999999,0.21599999999999997,-0.772,True,True
4WE_PAIR_001_V03,4WE_PAIR_001_V03__PLAYER,Player,T52_S001__BASELINE,BASELINE,2,SYMMETRIC_TWO_ENERGY,LOW_ACTING_ENERGY,ENERGY_STATE,Reduce the acting Pokémon to one attached energy.,"['Ascension', 'Quick Attack']",Ascension | Quick Attack,2,1.0,2.0,-1.0,Quick Attack,0.706,0.196,0.51,True,False,0.708,0.194,0.514,Quick Attack,-0.0020000000000000018,0.0020000000000000018,-0.0040000000000000036,False,False
4WE_PAIR_001_V03,4WE_PAIR_001_V03__PLAYER,Player,T52_S001__BASELINE,BASELINE,2,SYMMETRIC_TWO_ENERGY,HIGH_ACTING_ENERGY,ENERGY_STATE,Increase the acting Pokémon to four attached energy.,"['Ascension', 'Quick Attack']",Ascension | Quick Attack,2,4.0,2.0,2.0,Quick Attack,0.718,0.182,0.536,True,False,0.708,0.194,0.514,Quick Attack,0.010000000000000009,-0.01200000000000001,0.02200000000000002,False,False
4WE_PAIR_001_V03,4WE_PAIR_001_V03__PLAYER,Player,T52_S001__BASELINE,BASELINE,2,SYMMETRIC_TWO_ENERGY,ACTING_ENERGY_DISADVANTAGE,ENERGY_STATE,Set acting energy to two and opposing energy to four.,"['Ascension', 'Quick Attack']",Ascension | Quick Attack,2,2.0,4.0,-2.0,Quick Attack,0.712,0.19,0.522,True,False,0.708,0.194,0.514,Quick Attack,0.0040000000000000036,-0.0040000000000000036,0.008000000000000007,False,False
4WE_PAIR_001_V03,4WE_PAIR_001_V03__PLAYER,Player,T52_S001__BASELINE,BASELINE,2,SYMMETRIC_TWO_ENERGY,ACTING_ENERGY_ADVANTAGE,ENERGY_STATE,Set acting energy to four and opposing energy to one.,"['Ascension', 'Quick Attack']",Ascension | Quick Attack,2,4.0,1.0,3.0,Quick Attack,0.714,0.184,0.53,True,False,0.708,0.194,0.514,Quick Attack,0.006000000000000005,-0.010000000000000009,0.016000000000000014,False,False
4WE_PAIR_001_V03,4WE_PAIR_001_V03__PLAYER,Player,T52_S001__BASELINE,BASELINE,2,SYMMETRIC_TWO_ENERGY,EARLY_TURN,TURN_STATE,Force the decision context to turn one.,"['Ascension', 'Quick Attack']",Ascension | Quick Attack,1,2.0,2.0,0.0,Quick Attack,0.698,0.182,0.516,True,False,0.708,0.194,0.514,Quick Attack,-0.010000000000000009,-0.01200000000000001,0.0020000000000000018,False,False
4WE_PAIR_001_V03,4WE_PAIR_001_V03__PLAYER,Player,T52_S001__BASELINE,BASELINE,2,SYMMETRIC_TWO_ENERGY,LATE_TURN,TURN_STATE,Force the decision context to turn twelve.,"['Ascension', 'Quick Attack']",Ascension | Quick Attack,12,2.0,2.0,0.0,Quick Attack,0.714,0.186,0.528,True,False,0.708,0.194,0.514,Quick Attack,0.006000000000000005,-0.008000000000000007,0.014000000000000012,False,False
4WE_PAIR_001_V04,4WE_PAIR_001_V04__OPPONENT,Opponent,T52_S001__BASELINE,BASELINE,2,EEVEE_ENERGY_ADVANTAGE,BASELINE,BASELINE,Preserve the original expanded case exactly.,"['Ascension', 'Quick Attack']",Ascension | Quick Attack,2,3.0,2.0,1.0,Quick Attack,0.712,0.188,0.524,True,False,0.712,0.188,0.524,Quick Attack,0.0,0.0,0.0,False,False
4WE_PAIR_001_V04,4WE_PAIR_001_V04__OPPONENT,Opponent,T52_S001__BASELINE,BASELINE,2,EEVEE_ENERGY_ADVANTAGE,LEGAL_SIGNATURE_ASCENSION_ONLY,LEGAL_STRUCTURE,Expose Ascension as the only legal action.,['Ascension'],Ascension,2,3.0,2.0,1.0,Ascension,0.042,0.65,-0.608,False,True,0.712,0.188,0.524,Quick Attack,-0.6699999999999999,0.462,-1.1320000000000001,True,True
4WE_PAIR_001_V04,4WE_PAIR_001_V04__OPPONENT,Opponent,T52_S001__BASELINE,BASELINE,2,EEVEE_ENERGY_ADVANTAGE,LEGAL_SIGNATURE_QUICK_ATTACK_ONLY,LEGAL_STRUCTURE,Expose Quick Attack as the only legal action.,['Quick Attack'],Quick Attack,2,3.0,2.0,1.0,Ascension,0.156,0.406,-0.25,False,True,0.712,0.188,0.524,Quick Attack,-0.5559999999999999,0.21800000000000003,-0.774,True,True
4WE_PAIR_001_V04,4WE_PAIR_001_V04__OPPONENT,Opponent,T52_S001__BASELINE,BASELINE,2,EEVEE_ENERGY_ADVANTAGE,LOW_ACTING_ENERGY,ENERGY_STATE,Reduce the acting Pokémon to one attached energy.,"['Ascension', 'Quick Attack']",Ascension | Quick Attack,2,1.0,2.0,-1.0,Quick Attack,0.704,0.196,0.508,True,False,0.712,0.188,0.524,Quick Attack,-0.008000000000000007,0.008000000000000007,-0.016000000000000014,False,False
4WE_PAIR_001_V04,4WE_PAIR_001_V04__OPPONENT,Opponent,T52_S001__BASELINE,BASELINE,2,EEVEE_ENERGY_ADVANTAGE,HIGH_ACTING_ENERGY,ENERGY_STATE,Increase the acting Pokémon to four attached energy.,"['Ascension', 'Quick Attack']",Ascension | Quick Attack,2,4.0,2.0,2.0,Quick Attack,0.718,0.182,0.536,True,False,0.712,0.188,0.524,Quick Attack,0.006000000000000005,-0.006000000000000005,0.01200000000000001,False,False
4WE_PAIR_001_V04,4WE_PAIR_001_V04__OPPONENT,Opponent,T52_S001__BASELINE,BASELINE,2,EEVEE_ENERGY_ADVANTAGE,ACTING_ENERGY_DISADVANTAGE,ENERGY_STATE,Set acting energy to two and opposing energy to four.,"['Ascension', 'Quick Attack']",Ascension | Quick Attack,2,2.0,4.0,-2.0,Quick Attack,0.708,0.194,0.514,True,False,0.712,0.188,0.524,Quick Attack,-0.0040000000000000036,0.006000000000000005,-0.010000000000000009,False,False
4WE_PAIR_001_V04,4WE_PAIR_001_V04__OPPONENT,Opponent,T52_S001__BASELINE,BASELINE,2,EEVEE_ENERGY_ADVANTAGE,ACTING_ENERGY_ADVANTAGE,ENERGY_STATE,Set acting energy to four and opposing energy to one.,"['Ascension', 'Quick Attack']",Ascension | Quick Attack,2,4.0,1.0,3.0,Quick Attack,0.714,0.186,0.528,True,False,0.712,0.188,0.524,Quick Attack,0.0020000000000000018,-0.0020000000000000018,0.0040000000000000036,False,False
4WE_PAIR_001_V04,4WE_PAIR_001_V04__OPPONENT,Opponent,T52_S001__BASELINE,BASELINE,2,EEVEE_ENERGY_ADVANTAGE,EARLY_TURN,TURN_STATE,Force the decision context to turn one.,"['Ascension', 'Quick Attack']",Ascension | Quick Attack,1,3.0,2.0,1.0,Quick Attack,0.702,0.176,0.526,True,False,0.712,0.188,0.524,Quick Attack,-0.010000000000000009,-0.01200000000000001,0.0020000000000000018,False,False
4WE_PAIR_001_V04,4WE_PAIR_001_V04__OPPONENT,Opponent,T52_S001__BASELINE,BASELINE,2,EEVEE_ENERGY_ADVANTAGE,LATE_TURN,TURN_STATE,Force the decision context to turn twelve.,"['Ascension', 'Quick Attack']",Ascension | Quick Attack,12,3.0,2.0,1.0,Quick Attack,0.718,0.18,0.538,True,False,0.712,0.188,0.524,Quick Attack,0.006000000000000005,-0.008000000000000007,0.014000000000000012,False,False
4WE_PAIR_001_V04,4WE_PAIR_001_V04__PLAYER,Player,T52_S001__BASELINE,BASELINE,2,EEVEE_ENERGY_ADVANTAGE,BASELINE,BASELINE,Preserve the original expanded case exactly.,"['Ascension', 'Quick Attack']",Ascension | Quick Attack,2,3.0,2.0,1.0,Quick Attack,0.714,0.186,0.528,True,False,0.714,0.186,0.528,Quick Attack,0.0,0.0,0.0,False,False
4WE_PAIR_001_V04,4WE_PAIR_001_V04__PLAYER,Player,T52_S001__BASELINE,BASELINE,2,EEVEE_ENERGY_ADVANTAGE,LEGAL_SIGNATURE_ASCENSION_ONLY,LEGAL_STRUCTURE,Expose Ascension as the only legal action.,['Ascension'],Ascension,2,3.0,2.0,1.0,Ascension,0.042,0.648,-0.606,False,True,0.714,0.186,0.528,Quick Attack,-0.6719999999999999,0.462,-1.134,True,True
4WE_PAIR_001_V04,4WE_PAIR_001_V04__PLAYER,Player,T52_S001__BASELINE,BASELINE,2,EEVEE_ENERGY_ADVANTAGE,LEGAL_SIGNATURE_QUICK_ATTACK_ONLY,LEGAL_STRUCTURE,Expose Quick Attack as the only legal action.,['Quick Attack'],Quick Attack,2,3.0,2.0,1.0,Ascension,0.156,0.404,-0.24800000000000003,False,True,0.714,0.186,0.528,Quick Attack,-0.5579999999999999,0.21800000000000003,-0.776,True,True
4WE_PAIR_001_V04,4WE_PAIR_001_V04__PLAYER,Player,T52_S001__BASELINE,BASELINE,2,EEVEE_ENERGY_ADVANTAGE,LOW_ACTING_ENERGY,ENERGY_STATE,Reduce the acting Pokémon to one attached energy.,"['Ascension', 'Quick Attack']",Ascension | Quick Attack,2,1.0,2.0,-1.0,Quick Attack,0.706,0.196,0.51,True,False,0.714,0.186,0.528,Quick Attack,-0.008000000000000007,0.010000000000000009,-0.018000000000000016,False,False
4WE_PAIR_001_V04,4WE_PAIR_001_V04__PLAYER,Player,T52_S001__BASELINE,BASELINE,2,EEVEE_ENERGY_ADVANTAGE,HIGH_ACTING_ENERGY,ENERGY_STATE,Increase the acting Pokémon to four attached energy.,"['Ascension', 'Quick Attack']",Ascension | Quick Attack,2,4.0,2.0,2.0,Quick Attack,0.718,0.182,0.536,True,False,0.714,0.186,0.528,Quick Attack,0.0040000000000000036,-0.0040000000000000036,0.008000000000000007,False,False
4WE_PAIR_001_V04,4WE_PAIR_001_V04__PLAYER,Player,T52_S001__BASELINE,BASELINE,2,EEVEE_ENERGY_ADVANTAGE,ACTING_ENERGY_DISADVANTAGE,ENERGY_STATE,Set acting energy to two and opposing energy to four.,"['Ascension', 'Quick Attack']",Ascension | Quick Attack,2,2.0,4.0,-2.0,Quick Attack,0.712,0.19,0.522,True,False,0.714,0.186,0.528,Quick Attack,-0.0020000000000000018,0.0040000000000000036,-0.006000000000000005,False,False
4WE_PAIR_001_V04,4WE_PAIR_001_V04__PLAYER,Player,T52_S001__BASELINE,BASELINE,2,EEVEE_ENERGY_ADVANTAGE,ACTING_ENERGY_ADVANTAGE,ENERGY_STATE,Set acting energy to four and opposing energy to one.,"['Ascension', 'Quick Attack']",Ascension | Quick Attack,2,4.0,1.0,3.0,Quick Attack,0.714,0.184,0.53,True,False,0.714,0.186,0.528,Quick Attack,0.0,-0.0020000000000000018,0.0020000000000000018,False,False
4WE_PAIR_001_V04,4WE_PAIR_001_V04__PLAYER,Player,T52_S001__BASELINE,BASELINE,2,EEVEE_ENERGY_ADVANTAGE,EARLY_TURN,TURN_STATE,Force the decision context to turn one.,"['Ascension', 'Quick Attack']",Ascension | Quick Attack,1,3.0,2.0,1.0,Quick Attack,0.704,0.174,0.53,True,False,0.714,0.186,0.528,Quick Attack,-0.010000000000000009,-0.01200000000000001,0.0020000000000000018,False,False
4WE_PAIR_001_V04,4WE_PAIR_001_V04__PLAYER,Player,T52_S001__BASELINE,BASELINE,2,EEVEE_ENERGY_ADVANTAGE,LATE_TURN,TURN_STATE,Force the decision context to turn twelve.,"['Ascension', 'Quick Attack']",Ascension | Quick Attack,12,3.0,2.0,1.0,Quick Attack,0.72,0.178,0.542,True,False,0.714,0.186,0.528,Quick Attack,0.006000000000000005,-0.008000000000000007,0.014000000000000012,False,False
4WE_PAIR_002_V01,4WE_PAIR_002_V01__OPPONENT,Opponent,T52_S001__BASELINE,BASELINE,4,OBSERVED_ENERGY_CONTEXT,BASELINE,BASELINE,Preserve the original expanded case exactly.,"['Ascension', 'Quick Attack']",Ascension | Quick Attack,4,3.0,3.0,0.0,Quick Attack,0.712,0.188,0.524,True,False,0.712,0.188,0.524,Quick Attack,0.0,0.0,0.0,False,False
4WE_PAIR_002_V01,4WE_PAIR_002_V01__OPPONENT,Opponent,T52_S001__BASELINE,BASELINE,4,OBSERVED_ENERGY_CONTEXT,LEGAL_SIGNATURE_ASCENSION_ONLY,LEGAL_STRUCTURE,Expose Ascension as the only legal action.,['Ascension'],Ascension,4,3.0,3.0,0.0,Ascension,0.042,0.65,-0.608,False,True,0.712,0.188,0.524,Quick Attack,-0.6699999999999999,0.462,-1.1320000000000001,True,True
4WE_PAIR_002_V01,4WE_PAIR_002_V01__OPPONENT,Opponent,T52_S001__BASELINE,BASELINE,4,OBSERVED_ENERGY_CONTEXT,LEGAL_SIGNATURE_QUICK_ATTACK_ONLY,LEGAL_STRUCTURE,Expose Quick Attack as the only legal action.,['Quick Attack'],Quick Attack,4,3.0,3.0,0.0,Ascension,0.156,0.406,-0.25,False,True,0.712,0.188,0.524,Quick Attack,-0.5559999999999999,0.21800000000000003,-0.774,True,True
4WE_PAIR_002_V01,4WE_PAIR_002_V01__OPPONENT,Opponent,T52_S001__BASELINE,BASELINE,4,OBSERVED_ENERGY_CONTEXT,LOW_ACTING_ENERGY,ENERGY_STATE,Reduce the acting Pokémon to one attached energy.,"['Ascension', 'Quick Attack']",Ascension | Quick Attack,4,1.0,3.0,-2.0,Quick Attack,0.704,0.196,0.508,True,False,0.712,0.188,0.524,Quick Attack,-0.008000000000000007,0.008000000000000007,-0.016000000000000014,False,False
4WE_PAIR_002_V01,4WE_PAIR_002_V01__OPPONENT,Opponent,T52_S001__BASELINE,BASELINE,4,OBSERVED_ENERGY_CONTEXT,HIGH_ACTING_ENERGY,ENERGY_STATE,Increase the acting Pokémon to four attached energy.,"['Ascension', 'Quick Attack']",Ascension | Quick Attack,4,4.0,3.0,1.0,Quick Attack,0.718,0.182,0.536,True,False,0.712,0.188,0.524,Quick Attack,0.006000000000000005,-0.006000000000000005,0.01200000000000001,False,False
4WE_PAIR_002_V01,4WE_PAIR_002_V01__OPPONENT,Opponent,T52_S001__BASELINE,BASELINE,4,OBSERVED_ENERGY_CONTEXT,ACTING_ENERGY_DISADVANTAGE,ENERGY_STATE,Set acting energy to two and opposing energy to four.,"['Ascension', 'Quick Attack']",Ascension | Quick Attack,4,2.0,4.0,-2.0,Quick Attack,0.708,0.194,0.514,True,False,0.712,0.188,0.524,Quick Attack,-0.0040000000000000036,0.006000000000000005,-0.010000000000000009,False,False
4WE_PAIR_002_V01,4WE_PAIR_002_V01__OPPONENT,Opponent,T52_S001__BASELINE,BASELINE,4,OBSERVED_ENERGY_CONTEXT,ACTING_ENERGY_ADVANTAGE,ENERGY_STATE,Set acting energy to four and opposing energy to one.,"['Ascension', 'Quick Attack']",Ascension | Quick Attack,4,4.0,1.0,3.0,Quick Attack,0.714,0.186,0.528,True,False,0.712,0.188,0.524,Quick Attack,0.0020000000000000018,-0.0020000000000000018,0.0040000000000000036,False,False
4WE_PAIR_002_V01,4WE_PAIR_002_V01__OPPONENT,Opponent,T52_S001__BASELINE,BASELINE,4,OBSERVED_ENERGY_CONTEXT,EARLY_TURN,TURN_STATE,Force the decision context to turn one.,"['Ascension', 'Quick Attack']",Ascension | Quick Attack,1,3.0,3.0,0.0,Quick Attack,0.702,0.176,0.526,True,False,0.712,0.188,0.524,Quick Attack,-0.010000000000000009,-0.01200000000000001,0.0020000000000000018,False,False
4WE_PAIR_002_V01,4WE_PAIR_002_V01__OPPONENT,Opponent,T52_S001__BASELINE,BASELINE,4,OBSERVED_ENERGY_CONTEXT,LATE_TURN,TURN_STATE,Force the decision context to turn twelve.,"['Ascension', 'Quick Attack']",Ascension | Quick Attack,12,3.0,3.0,0.0,Quick Attack,0.718,0.18,0.538,True,False,0.712,0.188,0.524,Quick Attack,0.006000000000000005,-0.008000000000000007,0.014000000000000012,False,False
4WE_PAIR_002_V01,4WE_PAIR_002_V01__PLAYER,Player,T52_S001__BASELINE,BASELINE,4,OBSERVED_ENERGY_CONTEXT,BASELINE,BASELINE,Preserve the original expanded case exactly.,"['Ascension', 'Quick Attack']",Ascension | Quick Attack,4,3.0,3.0,0.0,Quick Attack,0.714,0.186,0.528,True,False,0.714,0.186,0.528,Quick Attack,0.0,0.0,0.0,False,False
4WE_PAIR_002_V01,4WE_PAIR_002_V01__PLAYER,Player,T52_S001__BASELINE,BASELINE,4,OBSERVED_ENERGY_CONTEXT,LEGAL_SIGNATURE_ASCENSION_ONLY,LEGAL_STRUCTURE,Expose Ascension as the only legal action.,['Ascension'],Ascension,4,3.0,3.0,0.0,Ascension,0.042,0.648,-0.606,False,True,0.714,0.186,0.528,Quick Attack,-0.6719999999999999,0.462,-1.134,True,True
4WE_PAIR_002_V01,4WE_PAIR_002_V01__PLAYER,Player,T52_S001__BASELINE,BASELINE,4,OBSERVED_ENERGY_CONTEXT,LEGAL_SIGNATURE_QUICK_ATTACK_ONLY,LEGAL_STRUCTURE,Expose Quick Attack as the only legal action.,['Quick Attack'],Quick Attack,4,3.0,3.0,0.0,Ascension,0.156,0.404,-0.24800000000000003,False,True,0.714,0.186,0.528,Quick Attack,-0.5579999999999999,0.21800000000000003,-0.776,True,True
4WE_PAIR_002_V01,4WE_PAIR_002_V01__PLAYER,Player,T52_S001__BASELINE,BASELINE,4,OBSERVED_ENERGY_CONTEXT,LOW_ACTING_ENERGY,ENERGY_STATE,Reduce the acting Pokémon to one attached energy.,"['Ascension', 'Quick Attack']",Ascension | Quick Attack,4,1.0,3.0,-2.0,Quick Attack,0.706,0.196,0.51,True,False,0.714,0.186,0.528,Quick Attack,-0.008000000000000007,0.010000000000000009,-0.018000000000000016,False,False
4WE_PAIR_002_V01,4WE_PAIR_002_V01__PLAYER,Player,T52_S001__BASELINE,BASELINE,4,OBSERVED_ENERGY_CONTEXT,HIGH_ACTING_ENERGY,ENERGY_STATE,Increase the acting Pokémon to four attached energy.,"['Ascension', 'Quick Attack']",Ascension | Quick Attack,4,4.0,3.0,1.0,Quick Attack,0.718,0.182,0.536,True,False,0.714,0.186,0.528,Quick Attack,0.0040000000000000036,-0.0040000000000000036,0.008000000000000007,False,False
4WE_PAIR_002_V01,4WE_PAIR_002_V01__PLAYER,Player,T52_S001__BASELINE,BASELINE,4,OBSERVED_ENERGY_CONTEXT,ACTING_ENERGY_DISADVANTAGE,ENERGY_STATE,Set acting energy to two and opposing energy to four.,"['Ascension', 'Quick Attack']",Ascension | Quick Attack,4,2.0,4.0,-2.0,Quick Attack,0.712,0.19,0.522,True,False,0.714,0.186,0.528,Quick Attack,-0.0020000000000000018,0.0040000000000000036,-0.006000000000000005,False,False
4WE_PAIR_002_V01,4WE_PAIR_002_V01__PLAYER,Player,T52_S001__BASELINE,BASELINE,4,OBSERVED_ENERGY_CONTEXT,ACTING_ENERGY_ADVANTAGE,ENERGY_STATE,Set acting energy to four and opposing energy to one.,"['Ascension', 'Quick Attack']",Ascension | Quick Attack,4,4.0,1.0,3.0,Quick Attack,0.714,0.184,0.53,True,False,0.714,0.186,0.528,Quick Attack,0.0,-0.0020000000000000018,0.0020000000000000018,False,False
4WE_PAIR_002_V01,4WE_PAIR_002_V01__PLAYER,Player,T52_S001__BASELINE,BASELINE,4,OBSERVED_ENERGY_CONTEXT,EARLY_TURN,TURN_STATE,Force the decision context to turn one.,"['Ascension', 'Quick Attack']",Ascension | Quick Attack,1,3.0,3.0,0.0,Quick Attack,0.704,0.174,0.53,True,False,0.714,0.186,0.528,Quick Attack,-0.010000000000000009,-0.01200000000000001,0.0020000000000000018,False,False
4WE_PAIR_002_V01,4WE_PAIR_002_V01__PLAYER,Player,T52_S001__BASELINE,BASELINE,4,OBSERVED_ENERGY_CONTEXT,LATE_TURN,TURN_STATE,Force the decision context to turn twelve.,"['Ascension', 'Quick Attack']",Ascension | Quick Attack,12,3.0,3.0,0.0,Quick Attack,0.72,0.178,0.542,True,False,0.714,0.186,0.528,Quick Attack,0.006000000000000005,-0.008000000000000007,0.014000000000000012,False,False
4WE_PAIR_002_V02,4WE_PAIR_002_V02__OPPONENT,Opponent,T52_S001__BASELINE,BASELINE,4,MINIMUM_MULTI_ACTION_ENERGY,BASELINE,BASELINE,Preserve the original expanded case exactly.,"['Ascension', 'Quick Attack']",Ascension | Quick Attack,4,2.0,3.0,-1.0,Quick Attack,0.706,0.196,0.51,True,False,0.706,0.196,0.51,Quick Attack,0.0,0.0,0.0,False,False
4WE_PAIR_002_V02,4WE_PAIR_002_V02__OPPONENT,Opponent,T52_S001__BASELINE,BASELINE,4,MINIMUM_MULTI_ACTION_ENERGY,LEGAL_SIGNATURE_ASCENSION_ONLY,LEGAL_STRUCTURE,Expose Ascension as the only legal action.,['Ascension'],Ascension,4,2.0,3.0,-1.0,Ascension,0.04,0.658,-0.618,False,True,0.706,0.196,0.51,Quick Attack,-0.6659999999999999,0.462,-1.1280000000000001,True,True
4WE_PAIR_002_V02,4WE_PAIR_002_V02__OPPONENT,Opponent,T52_S001__BASELINE,BASELINE,4,MINIMUM_MULTI_ACTION_ENERGY,LEGAL_SIGNATURE_QUICK_ATTACK_ONLY,LEGAL_STRUCTURE,Expose Quick Attack as the only legal action.,['Quick Attack'],Quick Attack,4,2.0,3.0,-1.0,Ascension,0.152,0.412,-0.26,False,True,0.706,0.196,0.51,Quick Attack,-0.5539999999999999,0.21599999999999997,-0.77,True,True
4WE_PAIR_002_V02,4WE_PAIR_002_V02__OPPONENT,Opponent,T52_S001__BASELINE,BASELINE,4,MINIMUM_MULTI_ACTION_ENERGY,LOW_ACTING_ENERGY,ENERGY_STATE,Reduce the acting Pokémon to one attached energy.,"['Ascension', 'Quick Attack']",Ascension | Quick Attack,4,1.0,3.0,-2.0,Quick Attack,0.704,0.196,0.508,True,False,0.706,0.196,0.51,Quick Attack,-0.0020000000000000018,0.0,-0.0020000000000000018,False,False
4WE_PAIR_002_V02,4WE_PAIR_002_V02__OPPONENT,Opponent,T52_S001__BASELINE,BASELINE,4,MINIMUM_MULTI_ACTION_ENERGY,HIGH_ACTING_ENERGY,ENERGY_STATE,Increase the acting Pokémon to four attached energy.,"['Ascension', 'Quick Attack']",Ascension | Quick Attack,4,4.0,3.0,1.0,Quick Attack,0.718,0.182,0.536,True,False,0.706,0.196,0.51,Quick Attack,0.01200000000000001,-0.014000000000000012,0.026000000000000023,False,False
4WE_PAIR_002_V02,4WE_PAIR_002_V02__OPPONENT,Opponent,T52_S001__BASELINE,BASELINE,4,MINIMUM_MULTI_ACTION_ENERGY,ACTING_ENERGY_DISADVANTAGE,ENERGY_STATE,Set acting energy to two and opposing energy to four.,"['Ascension', 'Quick Attack']",Ascension | Quick Attack,4,2.0,4.0,-2.0,Quick Attack,0.708,0.194,0.514,True,False,0.706,0.196,0.51,Quick Attack,0.0020000000000000018,-0.0020000000000000018,0.0040000000000000036,False,False
4WE_PAIR_002_V02,4WE_PAIR_002_V02__OPPONENT,Opponent,T52_S001__BASELINE,BASELINE,4,MINIMUM_MULTI_ACTION_ENERGY,ACTING_ENERGY_ADVANTAGE,ENERGY_STATE,Set acting energy to four and opposing energy to one.,"['Ascension', 'Quick Attack']",Ascension | Quick Attack,4,4.0,1.0,3.0,Quick Attack,0.714,0.186,0.528,True,False,0.706,0.196,0.51,Quick Attack,0.008000000000000007,-0.010000000000000009,0.018000000000000016,False,False
4WE_PAIR_002_V02,4WE_PAIR_002_V02__OPPONENT,Opponent,T52_S001__BASELINE,BASELINE,4,MINIMUM_MULTI_ACTION_ENERGY,EARLY_TURN,TURN_STATE,Force the decision context to turn one.,"['Ascension', 'Quick Attack']",Ascension | Quick Attack,1,2.0,3.0,-1.0,Quick Attack,0.696,0.184,0.512,True,False,0.706,0.196,0.51,Quick Attack,-0.010000000000000009,-0.01200000000000001,0.0020000000000000018,False,False
4WE_PAIR_002_V02,4WE_PAIR_002_V02__OPPONENT,Opponent,T52_S001__BASELINE,BASELINE,4,MINIMUM_MULTI_ACTION_ENERGY,LATE_TURN,TURN_STATE,Force the decision context to turn twelve.,"['Ascension', 'Quick Attack']",Ascension | Quick Attack,12,2.0,3.0,-1.0,Quick Attack,0.712,0.188,0.524,True,False,0.706,0.196,0.51,Quick Attack,0.006000000000000005,-0.008000000000000007,0.014000000000000012,False,False
4WE_PAIR_002_V02,4WE_PAIR_002_V02__PLAYER,Player,T52_S001__BASELINE,BASELINE,4,MINIMUM_MULTI_ACTION_ENERGY,BASELINE,BASELINE,Preserve the original expanded case exactly.,"['Ascension', 'Quick Attack']",Ascension | Quick Attack,4,2.0,3.0,-1.0,Quick Attack,0.708,0.194,0.514,True,False,0.708,0.194,0.514,Quick Attack,0.0,0.0,0.0,False,False
4WE_PAIR_002_V02,4WE_PAIR_002_V02__PLAYER,Player,T52_S001__BASELINE,BASELINE,4,MINIMUM_MULTI_ACTION_ENERGY,LEGAL_SIGNATURE_ASCENSION_ONLY,LEGAL_STRUCTURE,Expose Ascension as the only legal action.,['Ascension'],Ascension,4,2.0,3.0,-1.0,Ascension,0.04,0.656,-0.616,False,True,0.708,0.194,0.514,Quick Attack,-0.6679999999999999,0.462,-1.13,True,True
4WE_PAIR_002_V02,4WE_PAIR_002_V02__PLAYER,Player,T52_S001__BASELINE,BASELINE,4,MINIMUM_MULTI_ACTION_ENERGY,LEGAL_SIGNATURE_QUICK_ATTACK_ONLY,LEGAL_STRUCTURE,Expose Quick Attack as the only legal action.,['Quick Attack'],Quick Attack,4,2.0,3.0,-1.0,Ascension,0.152,0.41,-0.258,False,True,0.708,0.194,0.514,Quick Attack,-0.5559999999999999,0.21599999999999997,-0.772,True,True
4WE_PAIR_002_V02,4WE_PAIR_002_V02__PLAYER,Player,T52_S001__BASELINE,BASELINE,4,MINIMUM_MULTI_ACTION_ENERGY,LOW_ACTING_ENERGY,ENERGY_STATE,Reduce the acting Pokémon to one attached energy.,"['Ascension', 'Quick Attack']",Ascension | Quick Attack,4,1.0,3.0,-2.0,Quick Attack,0.706,0.196,0.51,True,False,0.708,0.194,0.514,Quick Attack,-0.0020000000000000018,0.0020000000000000018,-0.0040000000000000036,False,False
4WE_PAIR_002_V02,4WE_PAIR_002_V02__PLAYER,Player,T52_S001__BASELINE,BASELINE,4,MINIMUM_MULTI_ACTION_ENERGY,HIGH_ACTING_ENERGY,ENERGY_STATE,Increase the acting Pokémon to four attached energy.,"['Ascension', 'Quick Attack']",Ascension | Quick Attack,4,4.0,3.0,1.0,Quick Attack,0.718,0.182,0.536,True,False,0.708,0.194,0.514,Quick Attack,0.010000000000000009,-0.01200000000000001,0.02200000000000002,False,False
4WE_PAIR_002_V02,4WE_PAIR_002_V02__PLAYER,Player,T52_S001__BASELINE,BASELINE,4,MINIMUM_MULTI_ACTION_ENERGY,ACTING_ENERGY_DISADVANTAGE,ENERGY_STATE,Set acting energy to two and opposing energy to four.,"['Ascension', 'Quick Attack']",Ascension | Quick Attack,4,2.0,4.0,-2.0,Quick Attack,0.712,0.19,0.522,True,False,0.708,0.194,0.514,Quick Attack,0.0040000000000000036,-0.0040000000000000036,0.008000000000000007,False,False
4WE_PAIR_002_V02,4WE_PAIR_002_V02__PLAYER,Player,T52_S001__BASELINE,BASELINE,4,MINIMUM_MULTI_ACTION_ENERGY,ACTING_ENERGY_ADVANTAGE,ENERGY_STATE,Set acting energy to four and opposing energy to one.,"['Ascension', 'Quick Attack']",Ascension | Quick Attack,4,4.0,1.0,3.0,Quick Attack,0.714,0.184,0.53,True,False,0.708,0.194,0.514,Quick Attack,0.006000000000000005,-0.010000000000000009,0.016000000000000014,False,False
4WE_PAIR_002_V02,4WE_PAIR_002_V02__PLAYER,Player,T52_S001__BASELINE,BASELINE,4,MINIMUM_MULTI_ACTION_ENERGY,EARLY_TURN,TURN_STATE,Force the decision context to turn one.,"['Ascension', 'Quick Attack']",Ascension | Quick Attack,1,2.0,3.0,-1.0,Quick Attack,0.698,0.182,0.516,True,False,0.708,0.194,0.514,Quick Attack,-0.010000000000000009,-0.01200000000000001,0.0020000000000000018,False,False
4WE_PAIR_002_V02,4WE_PAIR_002_V02__PLAYER,Player,T52_S001__BASELINE,BASELINE,4,MINIMUM_MULTI_ACTION_ENERGY,LATE_TURN,TURN_STATE,Force the decision context to turn twelve.,"['Ascension', 'Quick Attack']",Ascension | Quick Attack,12,2.0,3.0,-1.0,Quick Attack,0.714,0.186,0.528,True,False,0.708,0.194,0.514,Quick Attack,0.006000000000000005,-0.008000000000000007,0.014000000000000012,False,False
4WE_PAIR_002_V03,4WE_PAIR_002_V03__OPPONENT,Opponent,T52_S001__BASELINE,BASELINE,4,SYMMETRIC_TWO_ENERGY,BASELINE,BASELINE,Preserve the original expanded case exactly.,"['Ascension', 'Quick Attack']",Ascension | Quick Attack,4,2.0,2.0,0.0,Quick Attack,0.706,0.196,0.51,True,False,0.706,0.196,0.51,Quick Attack,0.0,0.0,0.0,False,False
4WE_PAIR_002_V03,4WE_PAIR_002_V03__OPPONENT,Opponent,T52_S001__BASELINE,BASELINE,4,SYMMETRIC_TWO_ENERGY,LEGAL_SIGNATURE_ASCENSION_ONLY,LEGAL_STRUCTURE,Expose Ascension as the only legal action.,['Ascension'],Ascension,4,2.0,2.0,0.0,Ascension,0.04,0.658,-0.618,False,True,0.706,0.196,0.51,Quick Attack,-0.6659999999999999,0.462,-1.1280000000000001,True,True
4WE_PAIR_002_V03,4WE_PAIR_002_V03__OPPONENT,Opponent,T52_S001__BASELINE,BASELINE,4,SYMMETRIC_TWO_ENERGY,LEGAL_SIGNATURE_QUICK_ATTACK_ONLY,LEGAL_STRUCTURE,Expose Quick Attack as the only legal action.,['Quick Attack'],Quick Attack,4,2.0,2.0,0.0,Ascension,0.152,0.412,-0.26,False,True,0.706,0.196,0.51,Quick Attack,-0.5539999999999999,0.21599999999999997,-0.77,True,True
4WE_PAIR_002_V03,4WE_PAIR_002_V03__OPPONENT,Opponent,T52_S001__BASELINE,BASELINE,4,SYMMETRIC_TWO_ENERGY,LOW_ACTING_ENERGY,ENERGY_STATE,Reduce the acting Pokémon to one attached energy.,"['Ascension', 'Quick Attack']",Ascension | Quick Attack,4,1.0,2.0,-1.0,Quick Attack,0.704,0.196,0.508,True,False,0.706,0.196,0.51,Quick Attack,-0.0020000000000000018,0.0,-0.0020000000000000018,False,False
4WE_PAIR_002_V03,4WE_PAIR_002_V03__OPPONENT,Opponent,T52_S001__BASELINE,BASELINE,4,SYMMETRIC_TWO_ENERGY,HIGH_ACTING_ENERGY,ENERGY_STATE,Increase the acting Pokémon to four attached energy.,"['Ascension', 'Quick Attack']",Ascension | Quick Attack,4,4.0,2.0,2.0,Quick Attack,0.718,0.182,0.536,True,False,0.706,0.196,0.51,Quick Attack,0.01200000000000001,-0.014000000000000012,0.026000000000000023,False,False
4WE_PAIR_002_V03,4WE_PAIR_002_V03__OPPONENT,Opponent,T52_S001__BASELINE,BASELINE,4,SYMMETRIC_TWO_ENERGY,ACTING_ENERGY_DISADVANTAGE,ENERGY_STATE,Set acting energy to two and opposing energy to four.,"['Ascension', 'Quick Attack']",Ascension | Quick Attack,4,2.0,4.0,-2.0,Quick Attack,0.708,0.194,0.514,True,False,0.706,0.196,0.51,Quick Attack,0.0020000000000000018,-0.0020000000000000018,0.0040000000000000036,False,False
4WE_PAIR_002_V03,4WE_PAIR_002_V03__OPPONENT,Opponent,T52_S001__BASELINE,BASELINE,4,SYMMETRIC_TWO_ENERGY,ACTING_ENERGY_ADVANTAGE,ENERGY_STATE,Set acting energy to four and opposing energy to one.,"['Ascension', 'Quick Attack']",Ascension | Quick Attack,4,4.0,1.0,3.0,Quick Attack,0.714,0.186,0.528,True,False,0.706,0.196,0.51,Quick Attack,0.008000000000000007,-0.010000000000000009,0.018000000000000016,False,False
4WE_PAIR_002_V03,4WE_PAIR_002_V03__OPPONENT,Opponent,T52_S001__BASELINE,BASELINE,4,SYMMETRIC_TWO_ENERGY,EARLY_TURN,TURN_STATE,Force the decision context to turn one.,"['Ascension', 'Quick Attack']",Ascension | Quick Attack,1,2.0,2.0,0.0,Quick Attack,0.696,0.184,0.512,True,False,0.706,0.196,0.51,Quick Attack,-0.010000000000000009,-0.01200000000000001,0.0020000000000000018,False,False
4WE_PAIR_002_V03,4WE_PAIR_002_V03__OPPONENT,Opponent,T52_S001__BASELINE,BASELINE,4,SYMMETRIC_TWO_ENERGY,LATE_TURN,TURN_STATE,Force the decision context to turn twelve.,"['Ascension', 'Quick Attack']",Ascension | Quick Attack,12,2.0,2.0,0.0,Quick Attack,0.712,0.188,0.524,True,False,0.706,0.196,0.51,Quick Attack,0.006000000000000005,-0.008000000000000007,0.014000000000000012,False,False
4WE_PAIR_002_V03,4WE_PAIR_002_V03__PLAYER,Player,T52_S001__BASELINE,BASELINE,4,SYMMETRIC_TWO_ENERGY,BASELINE,BASELINE,Preserve the original expanded case exactly.,"['Ascension', 'Quick Attack']",Ascension | Quick Attack,4,2.0,2.0,0.0,Quick Attack,0.708,0.194,0.514,True,False,0.708,0.194,0.514,Quick Attack,0.0,0.0,0.0,False,False
4WE_PAIR_002_V03,4WE_PAIR_002_V03__PLAYER,Player,T52_S001__BASELINE,BASELINE,4,SYMMETRIC_TWO_ENERGY,LEGAL_SIGNATURE_ASCENSION_ONLY,LEGAL_STRUCTURE,Expose Ascension as the only legal action.,['Ascension'],Ascension,4,2.0,2.0,0.0,Ascension,0.04,0.656,-0.616,False,True,0.708,0.194,0.514,Quick Attack,-0.6679999999999999,0.462,-1.13,True,True
4WE_PAIR_002_V03,4WE_PAIR_002_V03__PLAYER,Player,T52_S001__BASELINE,BASELINE,4,SYMMETRIC_TWO_ENERGY,LEGAL_SIGNATURE_QUICK_ATTACK_ONLY,LEGAL_STRUCTURE,Expose Quick Attack as the only legal action.,['Quick Attack'],Quick Attack,4,2.0,2.0,0.0,Ascension,0.152,0.41,-0.258,False,True,0.708,0.194,0.514,Quick Attack,-0.5559999999999999,0.21599999999999997,-0.772,True,True
4WE_PAIR_002_V03,4WE_PAIR_002_V03__PLAYER,Player,T52_S001__BASELINE,BASELINE,4,SYMMETRIC_TWO_ENERGY,LOW_ACTING_ENERGY,ENERGY_STATE,Reduce the acting Pokémon to one attached energy.,"['Ascension', 'Quick Attack']",Ascension | Quick Attack,4,1.0,2.0,-1.0,Quick Attack,0.706,0.196,0.51,True,False,0.708,0.194,0.514,Quick Attack,-0.0020000000000000018,0.0020000000000000018,-0.0040000000000000036,False,False
4WE_PAIR_002_V03,4WE_PAIR_002_V03__PLAYER,Player,T52_S001__BASELINE,BASELINE,4,SYMMETRIC_TWO_ENERGY,HIGH_ACTING_ENERGY,ENERGY_STATE,Increase the acting Pokémon to four attached energy.,"['Ascension', 'Quick Attack']",Ascension | Quick Attack,4,4.0,2.0,2.0,Quick Attack,0.718,0.182,0.536,True,False,0.708,0.194,0.514,Quick Attack,0.010000000000000009,-0.01200000000000001,0.02200000000000002,False,False
4WE_PAIR_002_V03,4WE_PAIR_002_V03__PLAYER,Player,T52_S001__BASELINE,BASELINE,4,SYMMETRIC_TWO_ENERGY,ACTING_ENERGY_DISADVANTAGE,ENERGY_STATE,Set acting energy to two and opposing energy to four.,"['Ascension', 'Quick Attack']",Ascension | Quick Attack,4,2.0,4.0,-2.0,Quick Attack,0.712,0.19,0.522,True,False,0.708,0.194,0.514,Quick Attack,0.0040000000000000036,-0.0040000000000000036,0.008000000000000007,False,False
4WE_PAIR_002_V03,4WE_PAIR_002_V03__PLAYER,Player,T52_S001__BASELINE,BASELINE,4,SYMMETRIC_TWO_ENERGY,ACTING_ENERGY_ADVANTAGE,ENERGY_STATE,Set acting energy to four and opposing energy to one.,"['Ascension', 'Quick Attack']",Ascension | Quick Attack,4,4.0,1.0,3.0,Quick Attack,0.714,0.184,0.53,True,False,0.708,0.194,0.514,Quick Attack,0.006000000000000005,-0.010000000000000009,0.016000000000000014,False,False
4WE_PAIR_002_V03,4WE_PAIR_002_V03__PLAYER,Player,T52_S001__BASELINE,BASELINE,4,SYMMETRIC_TWO_ENERGY,EARLY_TURN,TURN_STATE,Force the decision context to turn one.,"['Ascension', 'Quick Attack']",Ascension | Quick Attack,1,2.0,2.0,0.0,Quick Attack,0.698,0.182,0.516,True,False,0.708,0.194,0.514,Quick Attack,-0.010000000000000009,-0.01200000000000001,0.0020000000000000018,False,False
4WE_PAIR_002_V03,4WE_PAIR_002_V03__PLAYER,Player,T52_S001__BASELINE,BASELINE,4,SYMMETRIC_TWO_ENERGY,LATE_TURN,TURN_STATE,Force the decision context to turn twelve.,"['Ascension', 'Quick Attack']",Ascension | Quick Attack,12,2.0,2.0,0.0,Quick Attack,0.714,0.186,0.528,True,False,0.708,0.194,0.514,Quick Attack,0.006000000000000005,-0.008000000000000007,0.014000000000000012,False,False
4WE_PAIR_002_V04,4WE_PAIR_002_V04__OPPONENT,Opponent,T52_S001__BASELINE,BASELINE,4,EEVEE_ENERGY_ADVANTAGE,BASELINE,BASELINE,Preserve the original expanded case exactly.,"['Ascension', 'Quick Attack']",Ascension | Quick Attack,4,3.0,2.0,1.0,Quick Attack,0.712,0.188,0.524,True,False,0.712,0.188,0.524,Quick Attack,0.0,0.0,0.0,False,False
4WE_PAIR_002_V04,4WE_PAIR_002_V04__OPPONENT,Opponent,T52_S001__BASELINE,BASELINE,4,EEVEE_ENERGY_ADVANTAGE,LEGAL_SIGNATURE_ASCENSION_ONLY,LEGAL_STRUCTURE,Expose Ascension as the only legal action.,['Ascension'],Ascension,4,3.0,2.0,1.0,Ascension,0.042,0.65,-0.608,False,True,0.712,0.188,0.524,Quick Attack,-0.6699999999999999,0.462,-1.1320000000000001,True,True
4WE_PAIR_002_V04,4WE_PAIR_002_V04__OPPONENT,Opponent,T52_S001__BASELINE,BASELINE,4,EEVEE_ENERGY_ADVANTAGE,LEGAL_SIGNATURE_QUICK_ATTACK_ONLY,LEGAL_STRUCTURE,Expose Quick Attack as the only legal action.,['Quick Attack'],Quick Attack,4,3.0,2.0,1.0,Ascension,0.156,0.406,-0.25,False,True,0.712,0.188,0.524,Quick Attack,-0.5559999999999999,0.21800000000000003,-0.774,True,True
4WE_PAIR_002_V04,4WE_PAIR_002_V04__OPPONENT,Opponent,T52_S001__BASELINE,BASELINE,4,EEVEE_ENERGY_ADVANTAGE,LOW_ACTING_ENERGY,ENERGY_STATE,Reduce the acting Pokémon to one attached energy.,"['Ascension', 'Quick Attack']",Ascension | Quick Attack,4,1.0,2.0,-1.0,Quick Attack,0.704,0.196,0.508,True,False,0.712,0.188,0.524,Quick Attack,-0.008000000000000007,0.008000000000000007,-0.016000000000000014,False,False
4WE_PAIR_002_V04,4WE_PAIR_002_V04__OPPONENT,Opponent,T52_S001__BASELINE,BASELINE,4,EEVEE_ENERGY_ADVANTAGE,HIGH_ACTING_ENERGY,ENERGY_STATE,Increase the acting Pokémon to four attached energy.,"['Ascension', 'Quick Attack']",Ascension | Quick Attack,4,4.0,2.0,2.0,Quick Attack,0.718,0.182,0.536,True,False,0.712,0.188,0.524,Quick Attack,0.006000000000000005,-0.006000000000000005,0.01200000000000001,False,False
4WE_PAIR_002_V04,4WE_PAIR_002_V04__OPPONENT,Opponent,T52_S001__BASELINE,BASELINE,4,EEVEE_ENERGY_ADVANTAGE,ACTING_ENERGY_DISADVANTAGE,ENERGY_STATE,Set acting energy to two and opposing energy to four.,"['Ascension', 'Quick Attack']",Ascension | Quick Attack,4,2.0,4.0,-2.0,Quick Attack,0.708,0.194,0.514,True,False,0.712,0.188,0.524,Quick Attack,-0.0040000000000000036,0.006000000000000005,-0.010000000000000009,False,False
4WE_PAIR_002_V04,4WE_PAIR_002_V04__OPPONENT,Opponent,T52_S001__BASELINE,BASELINE,4,EEVEE_ENERGY_ADVANTAGE,ACTING_ENERGY_ADVANTAGE,ENERGY_STATE,Set acting energy to four and opposing energy to one.,"['Ascension', 'Quick Attack']",Ascension | Quick Attack,4,4.0,1.0,3.0,Quick Attack,0.714,0.186,0.528,True,False,0.712,0.188,0.524,Quick Attack,0.0020000000000000018,-0.0020000000000000018,0.0040000000000000036,False,False
4WE_PAIR_002_V04,4WE_PAIR_002_V04__OPPONENT,Opponent,T52_S001__BASELINE,BASELINE,4,EEVEE_ENERGY_ADVANTAGE,EARLY_TURN,TURN_STATE,Force the decision context to turn one.,"['Ascension', 'Quick Attack']",Ascension | Quick Attack,1,3.0,2.0,1.0,Quick Attack,0.702,0.176,0.526,True,False,0.712,0.188,0.524,Quick Attack,-0.010000000000000009,-0.01200000000000001,0.0020000000000000018,False,False
4WE_PAIR_002_V04,4WE_PAIR_002_V04__OPPONENT,Opponent,T52_S001__BASELINE,BASELINE,4,EEVEE_ENERGY_ADVANTAGE,LATE_TURN,TURN_STATE,Force the decision context to turn twelve.,"['Ascension', 'Quick Attack']",Ascension | Quick Attack,12,3.0,2.0,1.0,Quick Attack,0.718,0.18,0.538,True,False,0.712,0.188,0.524,Quick Attack,0.006000000000000005,-0.008000000000000007,0.014000000000000012,False,False
4WE_PAIR_002_V04,4WE_PAIR_002_V04__PLAYER,Player,T52_S001__BASELINE,BASELINE,4,EEVEE_ENERGY_ADVANTAGE,BASELINE,BASELINE,Preserve the original expanded case exactly.,"['Ascension', 'Quick Attack']",Ascension | Quick Attack,4,3.0,2.0,1.0,Quick Attack,0.714,0.186,0.528,True,False,0.714,0.186,0.528,Quick Attack,0.0,0.0,0.0,False,False
4WE_PAIR_002_V04,4WE_PAIR_002_V04__PLAYER,Player,T52_S001__BASELINE,BASELINE,4,EEVEE_ENERGY_ADVANTAGE,LEGAL_SIGNATURE_ASCENSION_ONLY,LEGAL_STRUCTURE,Expose Ascension as the only legal action.,['Ascension'],Ascension,4,3.0,2.0,1.0,Ascension,0.042,0.648,-0.606,False,True,0.714,0.186,0.528,Quick Attack,-0.6719999999999999,0.462,-1.134,True,True
4WE_PAIR_002_V04,4WE_PAIR_002_V04__PLAYER,Player,T52_S001__BASELINE,BASELINE,4,EEVEE_ENERGY_ADVANTAGE,LEGAL_SIGNATURE_QUICK_ATTACK_ONLY,LEGAL_STRUCTURE,Expose Quick Attack as the only legal action.,['Quick Attack'],Quick Attack,4,3.0,2.0,1.0,Ascension,0.156,0.404,-0.24800000000000003,False,True,0.714,0.186,0.528,Quick Attack,-0.5579999999999999,0.21800000000000003,-0.776,True,True
4WE_PAIR_002_V04,4WE_PAIR_002_V04__PLAYER,Player,T52_S001__BASELINE,BASELINE,4,EEVEE_ENERGY_ADVANTAGE,LOW_ACTING_ENERGY,ENERGY_STATE,Reduce the acting Pokémon to one attached energy.,"['Ascension', 'Quick Attack']",Ascension | Quick Attack,4,1.0,2.0,-1.0,Quick Attack,0.706,0.196,0.51,True,False,0.714,0.186,0.528,Quick Attack,-0.008000000000000007,0.010000000000000009,-0.018000000000000016,False,False
4WE_PAIR_002_V04,4WE_PAIR_002_V04__PLAYER,Player,T52_S001__BASELINE,BASELINE,4,EEVEE_ENERGY_ADVANTAGE,HIGH_ACTING_ENERGY,ENERGY_STATE,Increase the acting Pokémon to four attached energy.,"['Ascension', 'Quick Attack']",Ascension | Quick Attack,4,4.0,2.0,2.0,Quick Attack,0.718,0.182,0.536,True,False,0.714,0.186,0.528,Quick Attack,0.0040000000000000036,-0.0040000000000000036,0.008000000000000007,False,False
4WE_PAIR_002_V04,4WE_PAIR_002_V04__PLAYER,Player,T52_S001__BASELINE,BASELINE,4,EEVEE_ENERGY_ADVANTAGE,ACTING_ENERGY_DISADVANTAGE,ENERGY_STATE,Set acting energy to two and opposing energy to four.,"['Ascension', 'Quick Attack']",Ascension | Quick Attack,4,2.0,4.0,-2.0,Quick Attack,0.712,0.19,0.522,True,False,0.714,0.186,0.528,Quick Attack,-0.0020000000000000018,0.0040000000000000036,-0.006000000000000005,False,False
4WE_PAIR_002_V04,4WE_PAIR_002_V04__PLAYER,Player,T52_S001__BASELINE,BASELINE,4,EEVEE_ENERGY_ADVANTAGE,ACTING_ENERGY_ADVANTAGE,ENERGY_STATE,Set acting energy to four and opposing energy to one.,"['Ascension', 'Quick Attack']",Ascension | Quick Attack,4,4.0,1.0,3.0,Quick Attack,0.714,0.184,0.53,True,False,0.714,0.186,0.528,Quick Attack,0.0,-0.0020000000000000018,0.0020000000000000018,False,False
4WE_PAIR_002_V04,4WE_PAIR_002_V04__PLAYER,Player,T52_S001__BASELINE,BASELINE,4,EEVEE_ENERGY_ADVANTAGE,EARLY_TURN,TURN_STATE,Force the decision context to turn one.,"['Ascension', 'Quick Attack']",Ascension | Quick Attack,1,3.0,2.0,1.0,Quick Attack,0.704,0.174,0.53,True,False,0.714,0.186,0.528,Quick Attack,-0.010000000000000009,-0.01200000000000001,0.0020000000000000018,False,False
4WE_PAIR_002_V04,4WE_PAIR_002_V04__PLAYER,Player,T52_S001__BASELINE,BASELINE,4,EEVEE_ENERGY_ADVANTAGE,LATE_TURN,TURN_STATE,Force the decision context to turn twelve.,"['Ascension', 'Quick Attack']",Ascension | Quick Attack,12,3.0,2.0,1.0,Quick Attack,0.72,0.178,0.542,True,False,0.714,0.186,0.528,Quick Attack,0.006000000000000005,-0.008000000000000007,0.014000000000000012,False,False
4WE_PAIR_003_V01,4WE_PAIR_003_V01__OPPONENT,Opponent,T52_S001__BASELINE,BASELINE,6,OBSERVED_ENERGY_CONTEXT,BASELINE,BASELINE,Preserve the original expanded case exactly.,"['Ascension', 'Quick Attack']",Ascension | Quick Attack,6,3.0,3.0,0.0,Quick Attack,0.714,0.186,0.528,True,False,0.714,0.186,0.528,Quick Attack,0.0,0.0,0.0,False,False
4WE_PAIR_003_V01,4WE_PAIR_003_V01__OPPONENT,Opponent,T52_S001__BASELINE,BASELINE,6,OBSERVED_ENERGY_CONTEXT,LEGAL_SIGNATURE_ASCENSION_ONLY,LEGAL_STRUCTURE,Expose Ascension as the only legal action.,['Ascension'],Ascension,6,3.0,3.0,0.0,Ascension,0.044,0.648,-0.604,False,True,0.714,0.186,0.528,Quick Attack,-0.6699999999999999,0.462,-1.1320000000000001,True,True
4WE_PAIR_003_V01,4WE_PAIR_003_V01__OPPONENT,Opponent,T52_S001__BASELINE,BASELINE,6,OBSERVED_ENERGY_CONTEXT,LEGAL_SIGNATURE_QUICK_ATTACK_ONLY,LEGAL_STRUCTURE,Expose Quick Attack as the only legal action.,['Quick Attack'],Quick Attack,6,3.0,3.0,0.0,Ascension,0.158,0.404,-0.24600000000000002,False,True,0.714,0.186,0.528,Quick Attack,-0.5559999999999999,0.21800000000000003,-0.774,True,True
4WE_PAIR_003_V01,4WE_PAIR_003_V01__OPPONENT,Opponent,T52_S001__BASELINE,BASELINE,6,OBSERVED_ENERGY_CONTEXT,LOW_ACTING_ENERGY,ENERGY_STATE,Reduce the acting Pokémon to one attached energy.,"['Ascension', 'Quick Attack']",Ascension | Quick Attack,6,1.0,3.0,-2.0,Quick Attack,0.706,0.194,0.512,True,False,0.714,0.186,0.528,Quick Attack,-0.008000000000000007,0.008000000000000007,-0.016000000000000014,False,False
4WE_PAIR_003_V01,4WE_PAIR_003_V01__OPPONENT,Opponent,T52_S001__BASELINE,BASELINE,6,OBSERVED_ENERGY_CONTEXT,HIGH_ACTING_ENERGY,ENERGY_STATE,Increase the acting Pokémon to four attached energy.,"['Ascension', 'Quick Attack']",Ascension | Quick Attack,6,4.0,3.0,1.0,Quick Attack,0.72,0.18,0.54,True,False,0.714,0.186,0.528,Quick Attack,0.006000000000000005,-0.006000000000000005,0.01200000000000001,False,False
4WE_PAIR_003_V01,4WE_PAIR_003_V01__OPPONENT,Opponent,T52_S001__BASELINE,BASELINE,6,OBSERVED_ENERGY_CONTEXT,ACTING_ENERGY_DISADVANTAGE,ENERGY_STATE,Set acting energy to two and opposing energy to four.,"['Ascension', 'Quick Attack']",Ascension | Quick Attack,6,2.0,4.0,-2.0,Quick Attack,0.71,0.192,0.518,True,False,0.714,0.186,0.528,Quick Attack,-0.0040000000000000036,0.006000000000000005,-0.010000000000000009,False,False
4WE_PAIR_003_V01,4WE_PAIR_003_V01__OPPONENT,Opponent,T52_S001__BASELINE,BASELINE,6,OBSERVED_ENERGY_CONTEXT,ACTING_ENERGY_ADVANTAGE,ENERGY_STATE,Set acting energy to four and opposing energy to one.,"['Ascension', 'Quick Attack']",Ascension | Quick Attack,6,4.0,1.0,3.0,Quick Attack,0.716,0.184,0.532,True,False,0.714,0.186,0.528,Quick Attack,0.0020000000000000018,-0.0020000000000000018,0.0040000000000000036,False,False
4WE_PAIR_003_V01,4WE_PAIR_003_V01__OPPONENT,Opponent,T52_S001__BASELINE,BASELINE,6,OBSERVED_ENERGY_CONTEXT,EARLY_TURN,TURN_STATE,Force the decision context to turn one.,"['Ascension', 'Quick Attack']",Ascension | Quick Attack,1,3.0,3.0,0.0,Quick Attack,0.702,0.176,0.526,True,False,0.714,0.186,0.528,Quick Attack,-0.01200000000000001,-0.010000000000000009,-0.0020000000000000018,False,False
4WE_PAIR_003_V01,4WE_PAIR_003_V01__OPPONENT,Opponent,T52_S001__BASELINE,BASELINE,6,OBSERVED_ENERGY_CONTEXT,LATE_TURN,TURN_STATE,Force the decision context to turn twelve.,"['Ascension', 'Quick Attack']",Ascension | Quick Attack,12,3.0,3.0,0.0,Quick Attack,0.718,0.18,0.538,True,False,0.714,0.186,0.528,Quick Attack,0.0040000000000000036,-0.006000000000000005,0.010000000000000009,False,False
4WE_PAIR_003_V01,4WE_PAIR_003_V01__PLAYER,Player,T52_S001__BASELINE,BASELINE,6,OBSERVED_ENERGY_CONTEXT,BASELINE,BASELINE,Preserve the original expanded case exactly.,"['Ascension', 'Quick Attack']",Ascension | Quick Attack,6,3.0,3.0,0.0,Quick Attack,0.716,0.184,0.532,True,False,0.716,0.184,0.532,Quick Attack,0.0,0.0,0.0,False,False
4WE_PAIR_003_V01,4WE_PAIR_003_V01__PLAYER,Player,T52_S001__BASELINE,BASELINE,6,OBSERVED_ENERGY_CONTEXT,LEGAL_SIGNATURE_ASCENSION_ONLY,LEGAL_STRUCTURE,Expose Ascension as the only legal action.,['Ascension'],Ascension,6,3.0,3.0,0.0,Ascension,0.044,0.646,-0.602,False,True,0.716,0.184,0.532,Quick Attack,-0.6719999999999999,0.462,-1.134,True,True
4WE_PAIR_003_V01,4WE_PAIR_003_V01__PLAYER,Player,T52_S001__BASELINE,BASELINE,6,OBSERVED_ENERGY_CONTEXT,LEGAL_SIGNATURE_QUICK_ATTACK_ONLY,LEGAL_STRUCTURE,Expose Quick Attack as the only legal action.,['Quick Attack'],Quick Attack,6,3.0,3.0,0.0,Ascension,0.158,0.402,-0.24400000000000002,False,True,0.716,0.184,0.532,Quick Attack,-0.5579999999999999,0.21800000000000003,-0.776,True,True
4WE_PAIR_003_V01,4WE_PAIR_003_V01__PLAYER,Player,T52_S001__BASELINE,BASELINE,6,OBSERVED_ENERGY_CONTEXT,LOW_ACTING_ENERGY,ENERGY_STATE,Reduce the acting Pokémon to one attached energy.,"['Ascension', 'Quick Attack']",Ascension | Quick Attack,6,1.0,3.0,-2.0,Quick Attack,0.708,0.194,0.514,True,False,0.716,0.184,0.532,Quick Attack,-0.008000000000000007,0.010000000000000009,-0.018000000000000016,False,False
4WE_PAIR_003_V01,4WE_PAIR_003_V01__PLAYER,Player,T52_S001__BASELINE,BASELINE,6,OBSERVED_ENERGY_CONTEXT,HIGH_ACTING_ENERGY,ENERGY_STATE,Increase the acting Pokémon to four attached energy.,"['Ascension', 'Quick Attack']",Ascension | Quick Attack,6,4.0,3.0,1.0,Quick Attack,0.72,0.18,0.54,True,False,0.716,0.184,0.532,Quick Attack,0.0040000000000000036,-0.0040000000000000036,0.008000000000000007,False,False
4WE_PAIR_003_V01,4WE_PAIR_003_V01__PLAYER,Player,T52_S001__BASELINE,BASELINE,6,OBSERVED_ENERGY_CONTEXT,ACTING_ENERGY_DISADVANTAGE,ENERGY_STATE,Set acting energy to two and opposing energy to four.,"['Ascension', 'Quick Attack']",Ascension | Quick Attack,6,2.0,4.0,-2.0,Quick Attack,0.714,0.188,0.526,True,False,0.716,0.184,0.532,Quick Attack,-0.0020000000000000018,0.0040000000000000036,-0.006000000000000005,False,False
4WE_PAIR_003_V01,4WE_PAIR_003_V01__PLAYER,Player,T52_S001__BASELINE,BASELINE,6,OBSERVED_ENERGY_CONTEXT,ACTING_ENERGY_ADVANTAGE,ENERGY_STATE,Set acting energy to four and opposing energy to one.,"['Ascension', 'Quick Attack']",Ascension | Quick Attack,6,4.0,1.0,3.0,Quick Attack,0.716,0.182,0.534,True,False,0.716,0.184,0.532,Quick Attack,0.0,-0.0020000000000000018,0.0020000000000000018,False,False
4WE_PAIR_003_V01,4WE_PAIR_003_V01__PLAYER,Player,T52_S001__BASELINE,BASELINE,6,OBSERVED_ENERGY_CONTEXT,EARLY_TURN,TURN_STATE,Force the decision context to turn one.,"['Ascension', 'Quick Attack']",Ascension | Quick Attack,1,3.0,3.0,0.0,Quick Attack,0.704,0.174,0.53,True,False,0.716,0.184,0.532,Quick Attack,-0.01200000000000001,-0.010000000000000009,-0.0020000000000000018,False,False
4WE_PAIR_003_V01,4WE_PAIR_003_V01__PLAYER,Player,T52_S001__BASELINE,BASELINE,6,OBSERVED_ENERGY_CONTEXT,LATE_TURN,TURN_STATE,Force the decision context to turn twelve.,"['Ascension', 'Quick Attack']",Ascension | Quick Attack,12,3.0,3.0,0.0,Quick Attack,0.72,0.178,0.542,True,False,0.716,0.184,0.532,Quick Attack,0.0040000000000000036,-0.006000000000000005,0.010000000000000009,False,False
4WE_PAIR_003_V02,4WE_PAIR_003_V02__OPPONENT,Opponent,T52_S001__BASELINE,BASELINE,6,MINIMUM_MULTI_ACTION_ENERGY,BASELINE,BASELINE,Preserve the original expanded case exactly.,"['Ascension', 'Quick Attack']",Ascension | Quick Attack,6,2.0,3.0,-1.0,Quick Attack,0.708,0.194,0.514,True,False,0.708,0.194,0.514,Quick Attack,0.0,0.0,0.0,False,False
4WE_PAIR_003_V02,4WE_PAIR_003_V02__OPPONENT,Opponent,T52_S001__BASELINE,BASELINE,6,MINIMUM_MULTI_ACTION_ENERGY,LEGAL_SIGNATURE_ASCENSION_ONLY,LEGAL_STRUCTURE,Expose Ascension as the only legal action.,['Ascension'],Ascension,6,2.0,3.0,-1.0,Ascension,0.042,0.656,-0.614,False,True,0.708,0.194,0.514,Quick Attack,-0.6659999999999999,0.462,-1.1280000000000001,True,True
4WE_PAIR_003_V02,4WE_PAIR_003_V02__OPPONENT,Opponent,T52_S001__BASELINE,BASELINE,6,MINIMUM_MULTI_ACTION_ENERGY,LEGAL_SIGNATURE_QUICK_ATTACK_ONLY,LEGAL_STRUCTURE,Expose Quick Attack as the only legal action.,['Quick Attack'],Quick Attack,6,2.0,3.0,-1.0,Ascension,0.154,0.41,-0.256,False,True,0.708,0.194,0.514,Quick Attack,-0.5539999999999999,0.21599999999999997,-0.77,True,True
4WE_PAIR_003_V02,4WE_PAIR_003_V02__OPPONENT,Opponent,T52_S001__BASELINE,BASELINE,6,MINIMUM_MULTI_ACTION_ENERGY,LOW_ACTING_ENERGY,ENERGY_STATE,Reduce the acting Pokémon to one attached energy.,"['Ascension', 'Quick Attack']",Ascension | Quick Attack,6,1.0,3.0,-2.0,Quick Attack,0.706,0.194,0.512,True,False,0.708,0.194,0.514,Quick Attack,-0.0020000000000000018,0.0,-0.0020000000000000018,False,False
4WE_PAIR_003_V02,4WE_PAIR_003_V02__OPPONENT,Opponent,T52_S001__BASELINE,BASELINE,6,MINIMUM_MULTI_ACTION_ENERGY,HIGH_ACTING_ENERGY,ENERGY_STATE,Increase the acting Pokémon to four attached energy.,"['Ascension', 'Quick Attack']",Ascension | Quick Attack,6,4.0,3.0,1.0,Quick Attack,0.72,0.18,0.54,True,False,0.708,0.194,0.514,Quick Attack,0.01200000000000001,-0.014000000000000012,0.026000000000000023,False,False
4WE_PAIR_003_V02,4WE_PAIR_003_V02__OPPONENT,Opponent,T52_S001__BASELINE,BASELINE,6,MINIMUM_MULTI_ACTION_ENERGY,ACTING_ENERGY_DISADVANTAGE,ENERGY_STATE,Set acting energy to two and opposing energy to four.,"['Ascension', 'Quick Attack']",Ascension | Quick Attack,6,2.0,4.0,-2.0,Quick Attack,0.71,0.192,0.518,True,False,0.708,0.194,0.514,Quick Attack,0.0020000000000000018,-0.0020000000000000018,0.0040000000000000036,False,False
4WE_PAIR_003_V02,4WE_PAIR_003_V02__OPPONENT,Opponent,T52_S001__BASELINE,BASELINE,6,MINIMUM_MULTI_ACTION_ENERGY,ACTING_ENERGY_ADVANTAGE,ENERGY_STATE,Set acting energy to four and opposing energy to one.,"['Ascension', 'Quick Attack']",Ascension | Quick Attack,6,4.0,1.0,3.0,Quick Attack,0.716,0.184,0.532,True,False,0.708,0.194,0.514,Quick Attack,0.008000000000000007,-0.010000000000000009,0.018000000000000016,False,False
4WE_PAIR_003_V02,4WE_PAIR_003_V02__OPPONENT,Opponent,T52_S001__BASELINE,BASELINE,6,MINIMUM_MULTI_ACTION_ENERGY,EARLY_TURN,TURN_STATE,Force the decision context to turn one.,"['Ascension', 'Quick Attack']",Ascension | Quick Attack,1,2.0,3.0,-1.0,Quick Attack,0.696,0.184,0.512,True,False,0.708,0.194,0.514,Quick Attack,-0.01200000000000001,-0.010000000000000009,-0.0020000000000000018,False,False
4WE_PAIR_003_V02,4WE_PAIR_003_V02__OPPONENT,Opponent,T52_S001__BASELINE,BASELINE,6,MINIMUM_MULTI_ACTION_ENERGY,LATE_TURN,TURN_STATE,Force the decision context to turn twelve.,"['Ascension', 'Quick Attack']",Ascension | Quick Attack,12,2.0,3.0,-1.0,Quick Attack,0.712,0.188,0.524,True,False,0.708,0.194,0.514,Quick Attack,0.0040000000000000036,-0.006000000000000005,0.010000000000000009,False,False
4WE_PAIR_003_V02,4WE_PAIR_003_V02__PLAYER,Player,T52_S001__BASELINE,BASELINE,6,MINIMUM_MULTI_ACTION_ENERGY,BASELINE,BASELINE,Preserve the original expanded case exactly.,"['Ascension', 'Quick Attack']",Ascension | Quick Attack,6,2.0,3.0,-1.0,Quick Attack,0.71,0.192,0.518,True,False,0.71,0.192,0.518,Quick Attack,0.0,0.0,0.0,False,False
4WE_PAIR_003_V02,4WE_PAIR_003_V02__PLAYER,Player,T52_S001__BASELINE,BASELINE,6,MINIMUM_MULTI_ACTION_ENERGY,LEGAL_SIGNATURE_ASCENSION_ONLY,LEGAL_STRUCTURE,Expose Ascension as the only legal action.,['Ascension'],Ascension,6,2.0,3.0,-1.0,Ascension,0.042,0.654,-0.612,False,True,0.71,0.192,0.518,Quick Attack,-0.6679999999999999,0.462,-1.13,True,True
4WE_PAIR_003_V02,4WE_PAIR_003_V02__PLAYER,Player,T52_S001__BASELINE,BASELINE,6,MINIMUM_MULTI_ACTION_ENERGY,LEGAL_SIGNATURE_QUICK_ATTACK_ONLY,LEGAL_STRUCTURE,Expose Quick Attack as the only legal action.,['Quick Attack'],Quick Attack,6,2.0,3.0,-1.0,Ascension,0.154,0.408,-0.254,False,True,0.71,0.192,0.518,Quick Attack,-0.5559999999999999,0.21599999999999997,-0.772,True,True
4WE_PAIR_003_V02,4WE_PAIR_003_V02__PLAYER,Player,T52_S001__BASELINE,BASELINE,6,MINIMUM_MULTI_ACTION_ENERGY,LOW_ACTING_ENERGY,ENERGY_STATE,Reduce the acting Pokémon to one attached energy.,"['Ascension', 'Quick Attack']",Ascension | Quick Attack,6,1.0,3.0,-2.0,Quick Attack,0.708,0.194,0.514,True,False,0.71,0.192,0.518,Quick Attack,-0.0020000000000000018,0.0020000000000000018,-0.0040000000000000036,False,False
4WE_PAIR_003_V02,4WE_PAIR_003_V02__PLAYER,Player,T52_S001__BASELINE,BASELINE,6,MINIMUM_MULTI_ACTION_ENERGY,HIGH_ACTING_ENERGY,ENERGY_STATE,Increase the acting Pokémon to four attached energy.,"['Ascension', 'Quick Attack']",Ascension | Quick Attack,6,4.0,3.0,1.0,Quick Attack,0.72,0.18,0.54,True,False,0.71,0.192,0.518,Quick Attack,0.010000000000000009,-0.01200000000000001,0.02200000000000002,False,False
4WE_PAIR_003_V02,4WE_PAIR_003_V02__PLAYER,Player,T52_S001__BASELINE,BASELINE,6,MINIMUM_MULTI_ACTION_ENERGY,ACTING_ENERGY_DISADVANTAGE,ENERGY_STATE,Set acting energy to two and opposing energy to four.,"['Ascension', 'Quick Attack']",Ascension | Quick Attack,6,2.0,4.0,-2.0,Quick Attack,0.714,0.188,0.526,True,False,0.71,0.192,0.518,Quick Attack,0.0040000000000000036,-0.0040000000000000036,0.008000000000000007,False,False
4WE_PAIR_003_V02,4WE_PAIR_003_V02__PLAYER,Player,T52_S001__BASELINE,BASELINE,6,MINIMUM_MULTI_ACTION_ENERGY,ACTING_ENERGY_ADVANTAGE,ENERGY_STATE,Set acting energy to four and opposing energy to one.,"['Ascension', 'Quick Attack']",Ascension | Quick Attack,6,4.0,1.0,3.0,Quick Attack,0.716,0.182,0.534,True,False,0.71,0.192,0.518,Quick Attack,0.006000000000000005,-0.010000000000000009,0.016000000000000014,False,False
4WE_PAIR_003_V02,4WE_PAIR_003_V02__PLAYER,Player,T52_S001__BASELINE,BASELINE,6,MINIMUM_MULTI_ACTION_ENERGY,EARLY_TURN,TURN_STATE,Force the decision context to turn one.,"['Ascension', 'Quick Attack']",Ascension | Quick Attack,1,2.0,3.0,-1.0,Quick Attack,0.698,0.182,0.516,True,False,0.71,0.192,0.518,Quick Attack,-0.01200000000000001,-0.010000000000000009,-0.0020000000000000018,False,False
4WE_PAIR_003_V02,4WE_PAIR_003_V02__PLAYER,Player,T52_S001__BASELINE,BASELINE,6,MINIMUM_MULTI_ACTION_ENERGY,LATE_TURN,TURN_STATE,Force the decision context to turn twelve.,"['Ascension', 'Quick Attack']",Ascension | Quick Attack,12,2.0,3.0,-1.0,Quick Attack,0.714,0.186,0.528,True,False,0.71,0.192,0.518,Quick Attack,0.0040000000000000036,-0.006000000000000005,0.010000000000000009,False,False
4WE_PAIR_003_V03,4WE_PAIR_003_V03__OPPONENT,Opponent,T52_S001__BASELINE,BASELINE,6,SYMMETRIC_TWO_ENERGY,BASELINE,BASELINE,Preserve the original expanded case exactly.,"['Ascension', 'Quick Attack']",Ascension | Quick Attack,6,2.0,2.0,0.0,Quick Attack,0.708,0.194,0.514,True,False,0.708,0.194,0.514,Quick Attack,0.0,0.0,0.0,False,False
4WE_PAIR_003_V03,4WE_PAIR_003_V03__OPPONENT,Opponent,T52_S001__BASELINE,BASELINE,6,SYMMETRIC_TWO_ENERGY,LEGAL_SIGNATURE_ASCENSION_ONLY,LEGAL_STRUCTURE,Expose Ascension as the only legal action.,['Ascension'],Ascension,6,2.0,2.0,0.0,Ascension,0.042,0.656,-0.614,False,True,0.708,0.194,0.514,Quick Attack,-0.6659999999999999,0.462,-1.1280000000000001,True,True
4WE_PAIR_003_V03,4WE_PAIR_003_V03__OPPONENT,Opponent,T52_S001__BASELINE,BASELINE,6,SYMMETRIC_TWO_ENERGY,LEGAL_SIGNATURE_QUICK_ATTACK_ONLY,LEGAL_STRUCTURE,Expose Quick Attack as the only legal action.,['Quick Attack'],Quick Attack,6,2.0,2.0,0.0,Ascension,0.154,0.41,-0.256,False,True,0.708,0.194,0.514,Quick Attack,-0.5539999999999999,0.21599999999999997,-0.77,True,True
4WE_PAIR_003_V03,4WE_PAIR_003_V03__OPPONENT,Opponent,T52_S001__BASELINE,BASELINE,6,SYMMETRIC_TWO_ENERGY,LOW_ACTING_ENERGY,ENERGY_STATE,Reduce the acting Pokémon to one attached energy.,"['Ascension', 'Quick Attack']",Ascension | Quick Attack,6,1.0,2.0,-1.0,Quick Attack,0.706,0.194,0.512,True,False,0.708,0.194,0.514,Quick Attack,-0.0020000000000000018,0.0,-0.0020000000000000018,False,False
4WE_PAIR_003_V03,4WE_PAIR_003_V03__OPPONENT,Opponent,T52_S001__BASELINE,BASELINE,6,SYMMETRIC_TWO_ENERGY,HIGH_ACTING_ENERGY,ENERGY_STATE,Increase the acting Pokémon to four attached energy.,"['Ascension', 'Quick Attack']",Ascension | Quick Attack,6,4.0,2.0,2.0,Quick Attack,0.72,0.18,0.54,True,False,0.708,0.194,0.514,Quick Attack,0.01200000000000001,-0.014000000000000012,0.026000000000000023,False,False
4WE_PAIR_003_V03,4WE_PAIR_003_V03__OPPONENT,Opponent,T52_S001__BASELINE,BASELINE,6,SYMMETRIC_TWO_ENERGY,ACTING_ENERGY_DISADVANTAGE,ENERGY_STATE,Set acting energy to two and opposing energy to four.,"['Ascension', 'Quick Attack']",Ascension | Quick Attack,6,2.0,4.0,-2.0,Quick Attack,0.71,0.192,0.518,True,False,0.708,0.194,0.514,Quick Attack,0.0020000000000000018,-0.0020000000000000018,0.0040000000000000036,False,False
4WE_PAIR_003_V03,4WE_PAIR_003_V03__OPPONENT,Opponent,T52_S001__BASELINE,BASELINE,6,SYMMETRIC_TWO_ENERGY,ACTING_ENERGY_ADVANTAGE,ENERGY_STATE,Set acting energy to four and opposing energy to one.,"['Ascension', 'Quick Attack']",Ascension | Quick Attack,6,4.0,1.0,3.0,Quick Attack,0.716,0.184,0.532,True,False,0.708,0.194,0.514,Quick Attack,0.008000000000000007,-0.010000000000000009,0.018000000000000016,False,False
4WE_PAIR_003_V03,4WE_PAIR_003_V03__OPPONENT,Opponent,T52_S001__BASELINE,BASELINE,6,SYMMETRIC_TWO_ENERGY,EARLY_TURN,TURN_STATE,Force the decision context to turn one.,"['Ascension', 'Quick Attack']",Ascension | Quick Attack,1,2.0,2.0,0.0,Quick Attack,0.696,0.184,0.512,True,False,0.708,0.194,0.514,Quick Attack,-0.01200000000000001,-0.010000000000000009,-0.0020000000000000018,False,False
4WE_PAIR_003_V03,4WE_PAIR_003_V03__OPPONENT,Opponent,T52_S001__BASELINE,BASELINE,6,SYMMETRIC_TWO_ENERGY,LATE_TURN,TURN_STATE,Force the decision context to turn twelve.,"['Ascension', 'Quick Attack']",Ascension | Quick Attack,12,2.0,2.0,0.0,Quick Attack,0.712,0.188,0.524,True,False,0.708,0.194,0.514,Quick Attack,0.0040000000000000036,-0.006000000000000005,0.010000000000000009,False,False
4WE_PAIR_003_V03,4WE_PAIR_003_V03__PLAYER,Player,T52_S001__BASELINE,BASELINE,6,SYMMETRIC_TWO_ENERGY,BASELINE,BASELINE,Preserve the original expanded case exactly.,"['Ascension', 'Quick Attack']",Ascension | Quick Attack,6,2.0,2.0,0.0,Quick Attack,0.71,0.192,0.518,True,False,0.71,0.192,0.518,Quick Attack,0.0,0.0,0.0,False,False
4WE_PAIR_003_V03,4WE_PAIR_003_V03__PLAYER,Player,T52_S001__BASELINE,BASELINE,6,SYMMETRIC_TWO_ENERGY,LEGAL_SIGNATURE_ASCENSION_ONLY,LEGAL_STRUCTURE,Expose Ascension as the only legal action.,['Ascension'],Ascension,6,2.0,2.0,0.0,Ascension,0.042,0.654,-0.612,False,True,0.71,0.192,0.518,Quick Attack,-0.6679999999999999,0.462,-1.13,True,True
4WE_PAIR_003_V03,4WE_PAIR_003_V03__PLAYER,Player,T52_S001__BASELINE,BASELINE,6,SYMMETRIC_TWO_ENERGY,LEGAL_SIGNATURE_QUICK_ATTACK_ONLY,LEGAL_STRUCTURE,Expose Quick Attack as the only legal action.,['Quick Attack'],Quick Attack,6,2.0,2.0,0.0,Ascension,0.154,0.408,-0.254,False,True,0.71,0.192,0.518,Quick Attack,-0.5559999999999999,0.21599999999999997,-0.772,True,True
4WE_PAIR_003_V03,4WE_PAIR_003_V03__PLAYER,Player,T52_S001__BASELINE,BASELINE,6,SYMMETRIC_TWO_ENERGY,LOW_ACTING_ENERGY,ENERGY_STATE,Reduce the acting Pokémon to one attached energy.,"['Ascension', 'Quick Attack']",Ascension | Quick Attack,6,1.0,2.0,-1.0,Quick Attack,0.708,0.194,0.514,True,False,0.71,0.192,0.518,Quick Attack,-0.0020000000000000018,0.0020000000000000018,-0.0040000000000000036,False,False
4WE_PAIR_003_V03,4WE_PAIR_003_V03__PLAYER,Player,T52_S001__BASELINE,BASELINE,6,SYMMETRIC_TWO_ENERGY,HIGH_ACTING_ENERGY,ENERGY_STATE,Increase the acting Pokémon to four attached energy.,"['Ascension', 'Quick Attack']",Ascension | Quick Attack,6,4.0,2.0,2.0,Quick Attack,0.72,0.18,0.54,True,False,0.71,0.192,0.518,Quick Attack,0.010000000000000009,-0.01200000000000001,0.02200000000000002,False,False
4WE_PAIR_003_V03,4WE_PAIR_003_V03__PLAYER,Player,T52_S001__BASELINE,BASELINE,6,SYMMETRIC_TWO_ENERGY,ACTING_ENERGY_DISADVANTAGE,ENERGY_STATE,Set acting energy to two and opposing energy to four.,"['Ascension', 'Quick Attack']",Ascension | Quick Attack,6,2.0,4.0,-2.0,Quick Attack,0.714,0.188,0.526,True,False,0.71,0.192,0.518,Quick Attack,0.0040000000000000036,-0.0040000000000000036,0.008000000000000007,False,False
4WE_PAIR_003_V03,4WE_PAIR_003_V03__PLAYER,Player,T52_S001__BASELINE,BASELINE,6,SYMMETRIC_TWO_ENERGY,ACTING_ENERGY_ADVANTAGE,ENERGY_STATE,Set acting energy to four and opposing energy to one.,"['Ascension', 'Quick Attack']",Ascension | Quick Attack,6,4.0,1.0,3.0,Quick Attack,0.716,0.182,0.534,True,False,0.71,0.192,0.518,Quick Attack,0.006000000000000005,-0.010000000000000009,0.016000000000000014,False,False
4WE_PAIR_003_V03,4WE_PAIR_003_V03__PLAYER,Player,T52_S001__BASELINE,BASELINE,6,SYMMETRIC_TWO_ENERGY,EARLY_TURN,TURN_STATE,Force the decision context to turn one.,"['Ascension', 'Quick Attack']",Ascension | Quick Attack,1,2.0,2.0,0.0,Quick Attack,0.698,0.182,0.516,True,False,0.71,0.192,0.518,Quick Attack,-0.01200000000000001,-0.010000000000000009,-0.0020000000000000018,False,False
4WE_PAIR_003_V03,4WE_PAIR_003_V03__PLAYER,Player,T52_S001__BASELINE,BASELINE,6,SYMMETRIC_TWO_ENERGY,LATE_TURN,TURN_STATE,Force the decision context to turn twelve.,"['Ascension', 'Quick Attack']",Ascension | Quick Attack,12,2.0,2.0,0.0,Quick Attack,0.714,0.186,0.528,True,False,0.71,0.192,0.518,Quick Attack,0.0040000000000000036,-0.006000000000000005,0.010000000000000009,False,False
4WE_PAIR_003_V04,4WE_PAIR_003_V04__OPPONENT,Opponent,T52_S001__BASELINE,BASELINE,6,EEVEE_ENERGY_ADVANTAGE,BASELINE,BASELINE,Preserve the original expanded case exactly.,"['Ascension', 'Quick Attack']",Ascension | Quick Attack,6,3.0,2.0,1.0,Quick Attack,0.714,0.186,0.528,True,False,0.714,0.186,0.528,Quick Attack,0.0,0.0,0.0,False,False
4WE_PAIR_003_V04,4WE_PAIR_003_V04__OPPONENT,Opponent,T52_S001__BASELINE,BASELINE,6,EEVEE_ENERGY_ADVANTAGE,LEGAL_SIGNATURE_ASCENSION_ONLY,LEGAL_STRUCTURE,Expose Ascension as the only legal action.,['Ascension'],Ascension,6,3.0,2.0,1.0,Ascension,0.044,0.648,-0.604,False,True,0.714,0.186,0.528,Quick Attack,-0.6699999999999999,0.462,-1.1320000000000001,True,True
4WE_PAIR_003_V04,4WE_PAIR_003_V04__OPPONENT,Opponent,T52_S001__BASELINE,BASELINE,6,EEVEE_ENERGY_ADVANTAGE,LEGAL_SIGNATURE_QUICK_ATTACK_ONLY,LEGAL_STRUCTURE,Expose Quick Attack as the only legal action.,['Quick Attack'],Quick Attack,6,3.0,2.0,1.0,Ascension,0.158,0.404,-0.24600000000000002,False,True,0.714,0.186,0.528,Quick Attack,-0.5559999999999999,0.21800000000000003,-0.774,True,True
4WE_PAIR_003_V04,4WE_PAIR_003_V04__OPPONENT,Opponent,T52_S001__BASELINE,BASELINE,6,EEVEE_ENERGY_ADVANTAGE,LOW_ACTING_ENERGY,ENERGY_STATE,Reduce the acting Pokémon to one attached energy.,"['Ascension', 'Quick Attack']",Ascension | Quick Attack,6,1.0,2.0,-1.0,Quick Attack,0.706,0.194,0.512,True,False,0.714,0.186,0.528,Quick Attack,-0.008000000000000007,0.008000000000000007,-0.016000000000000014,False,False
4WE_PAIR_003_V04,4WE_PAIR_003_V04__OPPONENT,Opponent,T52_S001__BASELINE,BASELINE,6,EEVEE_ENERGY_ADVANTAGE,HIGH_ACTING_ENERGY,ENERGY_STATE,Increase the acting Pokémon to four attached energy.,"['Ascension', 'Quick Attack']",Ascension | Quick Attack,6,4.0,2.0,2.0,Quick Attack,0.72,0.18,0.54,True,False,0.714,0.186,0.528,Quick Attack,0.006000000000000005,-0.006000000000000005,0.01200000000000001,False,False
4WE_PAIR_003_V04,4WE_PAIR_003_V04__OPPONENT,Opponent,T52_S001__BASELINE,BASELINE,6,EEVEE_ENERGY_ADVANTAGE,ACTING_ENERGY_DISADVANTAGE,ENERGY_STATE,Set acting energy to two and opposing energy to four.,"['Ascension', 'Quick Attack']",Ascension | Quick Attack,6,2.0,4.0,-2.0,Quick Attack,0.71,0.192,0.518,True,False,0.714,0.186,0.528,Quick Attack,-0.0040000000000000036,0.006000000000000005,-0.010000000000000009,False,False
4WE_PAIR_003_V04,4WE_PAIR_003_V04__OPPONENT,Opponent,T52_S001__BASELINE,BASELINE,6,EEVEE_ENERGY_ADVANTAGE,ACTING_ENERGY_ADVANTAGE,ENERGY_STATE,Set acting energy to four and opposing energy to one.,"['Ascension', 'Quick Attack']",Ascension | Quick Attack,6,4.0,1.0,3.0,Quick Attack,0.716,0.184,0.532,True,False,0.714,0.186,0.528,Quick Attack,0.0020000000000000018,-0.0020000000000000018,0.0040000000000000036,False,False
4WE_PAIR_003_V04,4WE_PAIR_003_V04__OPPONENT,Opponent,T52_S001__BASELINE,BASELINE,6,EEVEE_ENERGY_ADVANTAGE,EARLY_TURN,TURN_STATE,Force the decision context to turn one.,"['Ascension', 'Quick Attack']",Ascension | Quick Attack,1,3.0,2.0,1.0,Quick Attack,0.702,0.176,0.526,True,False,0.714,0.186,0.528,Quick Attack,-0.01200000000000001,-0.010000000000000009,-0.0020000000000000018,False,False
4WE_PAIR_003_V04,4WE_PAIR_003_V04__OPPONENT,Opponent,T52_S001__BASELINE,BASELINE,6,EEVEE_ENERGY_ADVANTAGE,LATE_TURN,TURN_STATE,Force the decision context to turn twelve.,"['Ascension', 'Quick Attack']",Ascension | Quick Attack,12,3.0,2.0,1.0,Quick Attack,0.718,0.18,0.538,True,False,0.714,0.186,0.528,Quick Attack,0.0040000000000000036,-0.006000000000000005,0.010000000000000009,False,False
4WE_PAIR_003_V04,4WE_PAIR_003_V04__PLAYER,Player,T52_S001__BASELINE,BASELINE,6,EEVEE_ENERGY_ADVANTAGE,BASELINE,BASELINE,Preserve the original expanded case exactly.,"['Ascension', 'Quick Attack']",Ascension | Quick Attack,6,3.0,2.0,1.0,Quick Attack,0.716,0.184,0.532,True,False,0.716,0.184,0.532,Quick Attack,0.0,0.0,0.0,False,False
4WE_PAIR_003_V04,4WE_PAIR_003_V04__PLAYER,Player,T52_S001__BASELINE,BASELINE,6,EEVEE_ENERGY_ADVANTAGE,LEGAL_SIGNATURE_ASCENSION_ONLY,LEGAL_STRUCTURE,Expose Ascension as the only legal action.,['Ascension'],Ascension,6,3.0,2.0,1.0,Ascension,0.044,0.646,-0.602,False,True,0.716,0.184,0.532,Quick Attack,-0.6719999999999999,0.462,-1.134,True,True
4WE_PAIR_003_V04,4WE_PAIR_003_V04__PLAYER,Player,T52_S001__BASELINE,BASELINE,6,EEVEE_ENERGY_ADVANTAGE,LEGAL_SIGNATURE_QUICK_ATTACK_ONLY,LEGAL_STRUCTURE,Expose Quick Attack as the only legal action.,['Quick Attack'],Quick Attack,6,3.0,2.0,1.0,Ascension,0.158,0.402,-0.24400000000000002,False,True,0.716,0.184,0.532,Quick Attack,-0.5579999999999999,0.21800000000000003,-0.776,True,True
4WE_PAIR_003_V04,4WE_PAIR_003_V04__PLAYER,Player,T52_S001__BASELINE,BASELINE,6,EEVEE_ENERGY_ADVANTAGE,LOW_ACTING_ENERGY,ENERGY_STATE,Reduce the acting Pokémon to one attached energy.,"['Ascension', 'Quick Attack']",Ascension | Quick Attack,6,1.0,2.0,-1.0,Quick Attack,0.708,0.194,0.514,True,False,0.716,0.184,0.532,Quick Attack,-0.008000000000000007,0.010000000000000009,-0.018000000000000016,False,False
4WE_PAIR_003_V04,4WE_PAIR_003_V04__PLAYER,Player,T52_S001__BASELINE,BASELINE,6,EEVEE_ENERGY_ADVANTAGE,HIGH_ACTING_ENERGY,ENERGY_STATE,Increase the acting Pokémon to four attached energy.,"['Ascension', 'Quick Attack']",Ascension | Quick Attack,6,4.0,2.0,2.0,Quick Attack,0.72,0.18,0.54,True,False,0.716,0.184,0.532,Quick Attack,0.0040000000000000036,-0.0040000000000000036,0.008000000000000007,False,False
4WE_PAIR_003_V04,4WE_PAIR_003_V04__PLAYER,Player,T52_S001__BASELINE,BASELINE,6,EEVEE_ENERGY_ADVANTAGE,ACTING_ENERGY_DISADVANTAGE,ENERGY_STATE,Set acting energy to two and opposing energy to four.,"['Ascension', 'Quick Attack']",Ascension | Quick Attack,6,2.0,4.0,-2.0,Quick Attack,0.714,0.188,0.526,True,False,0.716,0.184,0.532,Quick Attack,-0.0020000000000000018,0.0040000000000000036,-0.006000000000000005,False,False
4WE_PAIR_003_V04,4WE_PAIR_003_V04__PLAYER,Player,T52_S001__BASELINE,BASELINE,6,EEVEE_ENERGY_ADVANTAGE,ACTING_ENERGY_ADVANTAGE,ENERGY_STATE,Set acting energy to four and opposing energy to one.,"['Ascension', 'Quick Attack']",Ascension | Quick Attack,6,4.0,1.0,3.0,Quick Attack,0.716,0.182,0.534,True,False,0.716,0.184,0.532,Quick Attack,0.0,-0.0020000000000000018,0.0020000000000000018,False,False
4WE_PAIR_003_V04,4WE_PAIR_003_V04__PLAYER,Player,T52_S001__BASELINE,BASELINE,6,EEVEE_ENERGY_ADVANTAGE,EARLY_TURN,TURN_STATE,Force the decision context to turn one.,"['Ascension', 'Quick Attack']",Ascension | Quick Attack,1,3.0,2.0,1.0,Quick Attack,0.704,0.174,0.53,True,False,0.716,0.184,0.532,Quick Attack,-0.01200000000000001,-0.010000000000000009,-0.0020000000000000018,False,False
4WE_PAIR_003_V04,4WE_PAIR_003_V04__PLAYER,Player,T52_S001__BASELINE,BASELINE,6,EEVEE_ENERGY_ADVANTAGE,LATE_TURN,TURN_STATE,Force the decision context to turn twelve.,"['Ascension', 'Quick Attack']",Ascension | Quick Attack,12,3.0,2.0,1.0,Quick Attack,0.72,0.178,0.542,True,False,0.716,0.184,0.532,Quick Attack,0.0040000000000000036,-0.006000000000000005,0.010000000000000009,False,False
4WE_PAIR_004_V01,4WE_PAIR_004_V01__OPPONENT,Opponent,T52_S001__BASELINE,BASELINE,8,OBSERVED_ENERGY_CONTEXT,BASELINE,BASELINE,Preserve the original expanded case exactly.,"['Ascension', 'Quick Attack']",Ascension | Quick Attack,8,3.0,3.0,0.0,Quick Attack,0.714,0.184,0.53,True,False,0.714,0.184,0.53,Quick Attack,0.0,0.0,0.0,False,False
4WE_PAIR_004_V01,4WE_PAIR_004_V01__OPPONENT,Opponent,T52_S001__BASELINE,BASELINE,8,OBSERVED_ENERGY_CONTEXT,LEGAL_SIGNATURE_ASCENSION_ONLY,LEGAL_STRUCTURE,Expose Ascension as the only legal action.,['Ascension'],Ascension,8,3.0,3.0,0.0,Ascension,0.044,0.646,-0.602,False,True,0.714,0.184,0.53,Quick Attack,-0.6699999999999999,0.462,-1.1320000000000001,True,True
4WE_PAIR_004_V01,4WE_PAIR_004_V01__OPPONENT,Opponent,T52_S001__BASELINE,BASELINE,8,OBSERVED_ENERGY_CONTEXT,LEGAL_SIGNATURE_QUICK_ATTACK_ONLY,LEGAL_STRUCTURE,Expose Quick Attack as the only legal action.,['Quick Attack'],Quick Attack,8,3.0,3.0,0.0,Ascension,0.158,0.402,-0.24400000000000002,False,True,0.714,0.184,0.53,Quick Attack,-0.5559999999999999,0.21800000000000003,-0.774,True,True
4WE_PAIR_004_V01,4WE_PAIR_004_V01__OPPONENT,Opponent,T52_S001__BASELINE,BASELINE,8,OBSERVED_ENERGY_CONTEXT,LOW_ACTING_ENERGY,ENERGY_STATE,Reduce the acting Pokémon to one attached energy.,"['Ascension', 'Quick Attack']",Ascension | Quick Attack,8,1.0,3.0,-2.0,Quick Attack,0.706,0.192,0.514,True,False,0.714,0.184,0.53,Quick Attack,-0.008000000000000007,0.008000000000000007,-0.016000000000000014,False,False
4WE_PAIR_004_V01,4WE_PAIR_004_V01__OPPONENT,Opponent,T52_S001__BASELINE,BASELINE,8,OBSERVED_ENERGY_CONTEXT,HIGH_ACTING_ENERGY,ENERGY_STATE,Increase the acting Pokémon to four attached energy.,"['Ascension', 'Quick Attack']",Ascension | Quick Attack,8,4.0,3.0,1.0,Quick Attack,0.72,0.178,0.542,True,False,0.714,0.184,0.53,Quick Attack,0.006000000000000005,-0.006000000000000005,0.01200000000000001,False,False
4WE_PAIR_004_V01,4WE_PAIR_004_V01__OPPONENT,Opponent,T52_S001__BASELINE,BASELINE,8,OBSERVED_ENERGY_CONTEXT,ACTING_ENERGY_DISADVANTAGE,ENERGY_STATE,Set acting energy to two and opposing energy to four.,"['Ascension', 'Quick Attack']",Ascension | Quick Attack,8,2.0,4.0,-2.0,Quick Attack,0.71,0.19,0.52,True,False,0.714,0.184,0.53,Quick Attack,-0.0040000000000000036,0.006000000000000005,-0.010000000000000009,False,False
4WE_PAIR_004_V01,4WE_PAIR_004_V01__OPPONENT,Opponent,T52_S001__BASELINE,BASELINE,8,OBSERVED_ENERGY_CONTEXT,ACTING_ENERGY_ADVANTAGE,ENERGY_STATE,Set acting energy to four and opposing energy to one.,"['Ascension', 'Quick Attack']",Ascension | Quick Attack,8,4.0,1.0,3.0,Quick Attack,0.716,0.182,0.534,True,False,0.714,0.184,0.53,Quick Attack,0.0020000000000000018,-0.0020000000000000018,0.0040000000000000036,False,False
4WE_PAIR_004_V01,4WE_PAIR_004_V01__OPPONENT,Opponent,T52_S001__BASELINE,BASELINE,8,OBSERVED_ENERGY_CONTEXT,EARLY_TURN,TURN_STATE,Force the decision context to turn one.,"['Ascension', 'Quick Attack']",Ascension | Quick Attack,1,3.0,3.0,0.0,Quick Attack,0.702,0.176,0.526,True,False,0.714,0.184,0.53,Quick Attack,-0.01200000000000001,-0.008000000000000007,-0.0040000000000000036,False,False
4WE_PAIR_004_V01,4WE_PAIR_004_V01__OPPONENT,Opponent,T52_S001__BASELINE,BASELINE,8,OBSERVED_ENERGY_CONTEXT,LATE_TURN,TURN_STATE,Force the decision context to turn twelve.,"['Ascension', 'Quick Attack']",Ascension | Quick Attack,12,3.0,3.0,0.0,Quick Attack,0.718,0.18,0.538,True,False,0.714,0.184,0.53,Quick Attack,0.0040000000000000036,-0.0040000000000000036,0.008000000000000007,False,False
4WE_PAIR_004_V01,4WE_PAIR_004_V01__PLAYER,Player,T52_S001__BASELINE,BASELINE,8,OBSERVED_ENERGY_CONTEXT,BASELINE,BASELINE,Preserve the original expanded case exactly.,"['Ascension', 'Quick Attack']",Ascension | Quick Attack,8,3.0,3.0,0.0,Quick Attack,0.716,0.182,0.534,True,False,0.716,0.182,0.534,Quick Attack,0.0,0.0,0.0,False,False
4WE_PAIR_004_V01,4WE_PAIR_004_V01__PLAYER,Player,T52_S001__BASELINE,BASELINE,8,OBSERVED_ENERGY_CONTEXT,LEGAL_SIGNATURE_ASCENSION_ONLY,LEGAL_STRUCTURE,Expose Ascension as the only legal action.,['Ascension'],Ascension,8,3.0,3.0,0.0,Ascension,0.044,0.644,-0.6,False,True,0.716,0.182,0.534,Quick Attack,-0.6719999999999999,0.462,-1.134,True,True
4WE_PAIR_004_V01,4WE_PAIR_004_V01__PLAYER,Player,T52_S001__BASELINE,BASELINE,8,OBSERVED_ENERGY_CONTEXT,LEGAL_SIGNATURE_QUICK_ATTACK_ONLY,LEGAL_STRUCTURE,Expose Quick Attack as the only legal action.,['Quick Attack'],Quick Attack,8,3.0,3.0,0.0,Ascension,0.158,0.4,-0.24200000000000002,False,True,0.716,0.182,0.534,Quick Attack,-0.5579999999999999,0.21800000000000003,-0.776,True,True
4WE_PAIR_004_V01,4WE_PAIR_004_V01__PLAYER,Player,T52_S001__BASELINE,BASELINE,8,OBSERVED_ENERGY_CONTEXT,LOW_ACTING_ENERGY,ENERGY_STATE,Reduce the acting Pokémon to one attached energy.,"['Ascension', 'Quick Attack']",Ascension | Quick Attack,8,1.0,3.0,-2.0,Quick Attack,0.708,0.192,0.516,True,False,0.716,0.182,0.534,Quick Attack,-0.008000000000000007,0.010000000000000009,-0.018000000000000016,False,False
4WE_PAIR_004_V01,4WE_PAIR_004_V01__PLAYER,Player,T52_S001__BASELINE,BASELINE,8,OBSERVED_ENERGY_CONTEXT,HIGH_ACTING_ENERGY,ENERGY_STATE,Increase the acting Pokémon to four attached energy.,"['Ascension', 'Quick Attack']",Ascension | Quick Attack,8,4.0,3.0,1.0,Quick Attack,0.72,0.178,0.542,True,False,0.716,0.182,0.534,Quick Attack,0.0040000000000000036,-0.0040000000000000036,0.008000000000000007,False,False
4WE_PAIR_004_V01,4WE_PAIR_004_V01__PLAYER,Player,T52_S001__BASELINE,BASELINE,8,OBSERVED_ENERGY_CONTEXT,ACTING_ENERGY_DISADVANTAGE,ENERGY_STATE,Set acting energy to two and opposing energy to four.,"['Ascension', 'Quick Attack']",Ascension | Quick Attack,8,2.0,4.0,-2.0,Quick Attack,0.714,0.186,0.528,True,False,0.716,0.182,0.534,Quick Attack,-0.0020000000000000018,0.0040000000000000036,-0.006000000000000005,False,False
4WE_PAIR_004_V01,4WE_PAIR_004_V01__PLAYER,Player,T52_S001__BASELINE,BASELINE,8,OBSERVED_ENERGY_CONTEXT,ACTING_ENERGY_ADVANTAGE,ENERGY_STATE,Set acting energy to four and opposing energy to one.,"['Ascension', 'Quick Attack']",Ascension | Quick Attack,8,4.0,1.0,3.0,Quick Attack,0.716,0.18,0.536,True,False,0.716,0.182,0.534,Quick Attack,0.0,-0.0020000000000000018,0.0020000000000000018,False,False
4WE_PAIR_004_V01,4WE_PAIR_004_V01__PLAYER,Player,T52_S001__BASELINE,BASELINE,8,OBSERVED_ENERGY_CONTEXT,EARLY_TURN,TURN_STATE,Force the decision context to turn one.,"['Ascension', 'Quick Attack']",Ascension | Quick Attack,1,3.0,3.0,0.0,Quick Attack,0.704,0.174,0.53,True,False,0.716,0.182,0.534,Quick Attack,-0.01200000000000001,-0.008000000000000007,-0.0040000000000000036,False,False
4WE_PAIR_004_V01,4WE_PAIR_004_V01__PLAYER,Player,T52_S001__BASELINE,BASELINE,8,OBSERVED_ENERGY_CONTEXT,LATE_TURN,TURN_STATE,Force the decision context to turn twelve.,"['Ascension', 'Quick Attack']",Ascension | Quick Attack,12,3.0,3.0,0.0,Quick Attack,0.72,0.178,0.542,True,False,0.716,0.182,0.534,Quick Attack,0.0040000000000000036,-0.0040000000000000036,0.008000000000000007,False,False
4WE_PAIR_004_V02,4WE_PAIR_004_V02__OPPONENT,Opponent,T52_S001__BASELINE,BASELINE,8,MINIMUM_MULTI_ACTION_ENERGY,BASELINE,BASELINE,Preserve the original expanded case exactly.,"['Ascension', 'Quick Attack']",Ascension | Quick Attack,8,2.0,3.0,-1.0,Quick Attack,0.708,0.192,0.516,True,False,0.708,0.192,0.516,Quick Attack,0.0,0.0,0.0,False,False
4WE_PAIR_004_V02,4WE_PAIR_004_V02__OPPONENT,Opponent,T52_S001__BASELINE,BASELINE,8,MINIMUM_MULTI_ACTION_ENERGY,LEGAL_SIGNATURE_ASCENSION_ONLY,LEGAL_STRUCTURE,Expose Ascension as the only legal action.,['Ascension'],Ascension,8,2.0,3.0,-1.0,Ascension,0.042,0.654,-0.612,False,True,0.708,0.192,0.516,Quick Attack,-0.6659999999999999,0.462,-1.1280000000000001,True,True
4WE_PAIR_004_V02,4WE_PAIR_004_V02__OPPONENT,Opponent,T52_S001__BASELINE,BASELINE,8,MINIMUM_MULTI_ACTION_ENERGY,LEGAL_SIGNATURE_QUICK_ATTACK_ONLY,LEGAL_STRUCTURE,Expose Quick Attack as the only legal action.,['Quick Attack'],Quick Attack,8,2.0,3.0,-1.0,Ascension,0.154,0.408,-0.254,False,True,0.708,0.192,0.516,Quick Attack,-0.5539999999999999,0.21599999999999997,-0.77,True,True
4WE_PAIR_004_V02,4WE_PAIR_004_V02__OPPONENT,Opponent,T52_S001__BASELINE,BASELINE,8,MINIMUM_MULTI_ACTION_ENERGY,LOW_ACTING_ENERGY,ENERGY_STATE,Reduce the acting Pokémon to one attached energy.,"['Ascension', 'Quick Attack']",Ascension | Quick Attack,8,1.0,3.0,-2.0,Quick Attack,0.706,0.192,0.514,True,False,0.708,0.192,0.516,Quick Attack,-0.0020000000000000018,0.0,-0.0020000000000000018,False,False
4WE_PAIR_004_V02,4WE_PAIR_004_V02__OPPONENT,Opponent,T52_S001__BASELINE,BASELINE,8,MINIMUM_MULTI_ACTION_ENERGY,HIGH_ACTING_ENERGY,ENERGY_STATE,Increase the acting Pokémon to four attached energy.,"['Ascension', 'Quick Attack']",Ascension | Quick Attack,8,4.0,3.0,1.0,Quick Attack,0.72,0.178,0.542,True,False,0.708,0.192,0.516,Quick Attack,0.01200000000000001,-0.014000000000000012,0.026000000000000023,False,False
4WE_PAIR_004_V02,4WE_PAIR_004_V02__OPPONENT,Opponent,T52_S001__BASELINE,BASELINE,8,MINIMUM_MULTI_ACTION_ENERGY,ACTING_ENERGY_DISADVANTAGE,ENERGY_STATE,Set acting energy to two and opposing energy to four.,"['Ascension', 'Quick Attack']",Ascension | Quick Attack,8,2.0,4.0,-2.0,Quick Attack,0.71,0.19,0.52,True,False,0.708,0.192,0.516,Quick Attack,0.0020000000000000018,-0.0020000000000000018,0.0040000000000000036,False,False
4WE_PAIR_004_V02,4WE_PAIR_004_V02__OPPONENT,Opponent,T52_S001__BASELINE,BASELINE,8,MINIMUM_MULTI_ACTION_ENERGY,ACTING_ENERGY_ADVANTAGE,ENERGY_STATE,Set acting energy to four and opposing energy to one.,"['Ascension', 'Quick Attack']",Ascension | Quick Attack,8,4.0,1.0,3.0,Quick Attack,0.716,0.182,0.534,True,False,0.708,0.192,0.516,Quick Attack,0.008000000000000007,-0.010000000000000009,0.018000000000000016,False,False
4WE_PAIR_004_V02,4WE_PAIR_004_V02__OPPONENT,Opponent,T52_S001__BASELINE,BASELINE,8,MINIMUM_MULTI_ACTION_ENERGY,EARLY_TURN,TURN_STATE,Force the decision context to turn one.,"['Ascension', 'Quick Attack']",Ascension | Quick Attack,1,2.0,3.0,-1.0,Quick Attack,0.696,0.184,0.512,True,False,0.708,0.192,0.516,Quick Attack,-0.01200000000000001,-0.008000000000000007,-0.0040000000000000036,False,False
4WE_PAIR_004_V02,4WE_PAIR_004_V02__OPPONENT,Opponent,T52_S001__BASELINE,BASELINE,8,MINIMUM_MULTI_ACTION_ENERGY,LATE_TURN,TURN_STATE,Force the decision context to turn twelve.,"['Ascension', 'Quick Attack']",Ascension | Quick Attack,12,2.0,3.0,-1.0,Quick Attack,0.712,0.188,0.524,True,False,0.708,0.192,0.516,Quick Attack,0.0040000000000000036,-0.0040000000000000036,0.008000000000000007,False,False
4WE_PAIR_004_V02,4WE_PAIR_004_V02__PLAYER,Player,T52_S001__BASELINE,BASELINE,8,MINIMUM_MULTI_ACTION_ENERGY,BASELINE,BASELINE,Preserve the original expanded case exactly.,"['Ascension', 'Quick Attack']",Ascension | Quick Attack,8,2.0,3.0,-1.0,Quick Attack,0.71,0.19,0.52,True,False,0.71,0.19,0.52,Quick Attack,0.0,0.0,0.0,False,False
4WE_PAIR_004_V02,4WE_PAIR_004_V02__PLAYER,Player,T52_S001__BASELINE,BASELINE,8,MINIMUM_MULTI_ACTION_ENERGY,LEGAL_SIGNATURE_ASCENSION_ONLY,LEGAL_STRUCTURE,Expose Ascension as the only legal action.,['Ascension'],Ascension,8,2.0,3.0,-1.0,Ascension,0.042,0.652,-0.61,False,True,0.71,0.19,0.52,Quick Attack,-0.6679999999999999,0.462,-1.13,True,True
4WE_PAIR_004_V02,4WE_PAIR_004_V02__PLAYER,Player,T52_S001__BASELINE,BASELINE,8,MINIMUM_MULTI_ACTION_ENERGY,LEGAL_SIGNATURE_QUICK_ATTACK_ONLY,LEGAL_STRUCTURE,Expose Quick Attack as the only legal action.,['Quick Attack'],Quick Attack,8,2.0,3.0,-1.0,Ascension,0.154,0.406,-0.252,False,True,0.71,0.19,0.52,Quick Attack,-0.5559999999999999,0.21600000000000003,-0.772,True,True
4WE_PAIR_004_V02,4WE_PAIR_004_V02__PLAYER,Player,T52_S001__BASELINE,BASELINE,8,MINIMUM_MULTI_ACTION_ENERGY,LOW_ACTING_ENERGY,ENERGY_STATE,Reduce the acting Pokémon to one attached energy.,"['Ascension', 'Quick Attack']",Ascension | Quick Attack,8,1.0,3.0,-2.0,Quick Attack,0.708,0.192,0.516,True,False,0.71,0.19,0.52,Quick Attack,-0.0020000000000000018,0.0020000000000000018,-0.0040000000000000036,False,False
4WE_PAIR_004_V02,4WE_PAIR_004_V02__PLAYER,Player,T52_S001__BASELINE,BASELINE,8,MINIMUM_MULTI_ACTION_ENERGY,HIGH_ACTING_ENERGY,ENERGY_STATE,Increase the acting Pokémon to four attached energy.,"['Ascension', 'Quick Attack']",Ascension | Quick Attack,8,4.0,3.0,1.0,Quick Attack,0.72,0.178,0.542,True,False,0.71,0.19,0.52,Quick Attack,0.010000000000000009,-0.01200000000000001,0.02200000000000002,False,False
4WE_PAIR_004_V02,4WE_PAIR_004_V02__PLAYER,Player,T52_S001__BASELINE,BASELINE,8,MINIMUM_MULTI_ACTION_ENERGY,ACTING_ENERGY_DISADVANTAGE,ENERGY_STATE,Set acting energy to two and opposing energy to four.,"['Ascension', 'Quick Attack']",Ascension | Quick Attack,8,2.0,4.0,-2.0,Quick Attack,0.714,0.186,0.528,True,False,0.71,0.19,0.52,Quick Attack,0.0040000000000000036,-0.0040000000000000036,0.008000000000000007,False,False
4WE_PAIR_004_V02,4WE_PAIR_004_V02__PLAYER,Player,T52_S001__BASELINE,BASELINE,8,MINIMUM_MULTI_ACTION_ENERGY,ACTING_ENERGY_ADVANTAGE,ENERGY_STATE,Set acting energy to four and opposing energy to one.,"['Ascension', 'Quick Attack']",Ascension | Quick Attack,8,4.0,1.0,3.0,Quick Attack,0.716,0.18,0.536,True,False,0.71,0.19,0.52,Quick Attack,0.006000000000000005,-0.010000000000000009,0.016000000000000014,False,False
4WE_PAIR_004_V02,4WE_PAIR_004_V02__PLAYER,Player,T52_S001__BASELINE,BASELINE,8,MINIMUM_MULTI_ACTION_ENERGY,EARLY_TURN,TURN_STATE,Force the decision context to turn one.,"['Ascension', 'Quick Attack']",Ascension | Quick Attack,1,2.0,3.0,-1.0,Quick Attack,0.698,0.182,0.516,True,False,0.71,0.19,0.52,Quick Attack,-0.01200000000000001,-0.008000000000000007,-0.0040000000000000036,False,False
4WE_PAIR_004_V02,4WE_PAIR_004_V02__PLAYER,Player,T52_S001__BASELINE,BASELINE,8,MINIMUM_MULTI_ACTION_ENERGY,LATE_TURN,TURN_STATE,Force the decision context to turn twelve.,"['Ascension', 'Quick Attack']",Ascension | Quick Attack,12,2.0,3.0,-1.0,Quick Attack,0.714,0.186,0.528,True,False,0.71,0.19,0.52,Quick Attack,0.0040000000000000036,-0.0040000000000000036,0.008000000000000007,False,False
4WE_PAIR_004_V03,4WE_PAIR_004_V03__OPPONENT,Opponent,T52_S001__BASELINE,BASELINE,8,SYMMETRIC_TWO_ENERGY,BASELINE,BASELINE,Preserve the original expanded case exactly.,"['Ascension', 'Quick Attack']",Ascension | Quick Attack,8,2.0,2.0,0.0,Quick Attack,0.708,0.192,0.516,True,False,0.708,0.192,0.516,Quick Attack,0.0,0.0,0.0,False,False
4WE_PAIR_004_V03,4WE_PAIR_004_V03__OPPONENT,Opponent,T52_S001__BASELINE,BASELINE,8,SYMMETRIC_TWO_ENERGY,LEGAL_SIGNATURE_ASCENSION_ONLY,LEGAL_STRUCTURE,Expose Ascension as the only legal action.,['Ascension'],Ascension,8,2.0,2.0,0.0,Ascension,0.042,0.654,-0.612,False,True,0.708,0.192,0.516,Quick Attack,-0.6659999999999999,0.462,-1.1280000000000001,True,True
4WE_PAIR_004_V03,4WE_PAIR_004_V03__OPPONENT,Opponent,T52_S001__BASELINE,BASELINE,8,SYMMETRIC_TWO_ENERGY,LEGAL_SIGNATURE_QUICK_ATTACK_ONLY,LEGAL_STRUCTURE,Expose Quick Attack as the only legal action.,['Quick Attack'],Quick Attack,8,2.0,2.0,0.0,Ascension,0.154,0.408,-0.254,False,True,0.708,0.192,0.516,Quick Attack,-0.5539999999999999,0.21599999999999997,-0.77,True,True
4WE_PAIR_004_V03,4WE_PAIR_004_V03__OPPONENT,Opponent,T52_S001__BASELINE,BASELINE,8,SYMMETRIC_TWO_ENERGY,LOW_ACTING_ENERGY,ENERGY_STATE,Reduce the acting Pokémon to one attached energy.,"['Ascension', 'Quick Attack']",Ascension | Quick Attack,8,1.0,2.0,-1.0,Quick Attack,0.706,0.192,0.514,True,False,0.708,0.192,0.516,Quick Attack,-0.0020000000000000018,0.0,-0.0020000000000000018,False,False
4WE_PAIR_004_V03,4WE_PAIR_004_V03__OPPONENT,Opponent,T52_S001__BASELINE,BASELINE,8,SYMMETRIC_TWO_ENERGY,HIGH_ACTING_ENERGY,ENERGY_STATE,Increase the acting Pokémon to four attached energy.,"['Ascension', 'Quick Attack']",Ascension | Quick Attack,8,4.0,2.0,2.0,Quick Attack,0.72,0.178,0.542,True,False,0.708,0.192,0.516,Quick Attack,0.01200000000000001,-0.014000000000000012,0.026000000000000023,False,False
4WE_PAIR_004_V03,4WE_PAIR_004_V03__OPPONENT,Opponent,T52_S001__BASELINE,BASELINE,8,SYMMETRIC_TWO_ENERGY,ACTING_ENERGY_DISADVANTAGE,ENERGY_STATE,Set acting energy to two and opposing energy to four.,"['Ascension', 'Quick Attack']",Ascension | Quick Attack,8,2.0,4.0,-2.0,Quick Attack,0.71,0.19,0.52,True,False,0.708,0.192,0.516,Quick Attack,0.0020000000000000018,-0.0020000000000000018,0.0040000000000000036,False,False
4WE_PAIR_004_V03,4WE_PAIR_004_V03__OPPONENT,Opponent,T52_S001__BASELINE,BASELINE,8,SYMMETRIC_TWO_ENERGY,ACTING_ENERGY_ADVANTAGE,ENERGY_STATE,Set acting energy to four and opposing energy to one.,"['Ascension', 'Quick Attack']",Ascension | Quick Attack,8,4.0,1.0,3.0,Quick Attack,0.716,0.182,0.534,True,False,0.708,0.192,0.516,Quick Attack,0.008000000000000007,-0.010000000000000009,0.018000000000000016,False,False
4WE_PAIR_004_V03,4WE_PAIR_004_V03__OPPONENT,Opponent,T52_S001__BASELINE,BASELINE,8,SYMMETRIC_TWO_ENERGY,EARLY_TURN,TURN_STATE,Force the decision context to turn one.,"['Ascension', 'Quick Attack']",Ascension | Quick Attack,1,2.0,2.0,0.0,Quick Attack,0.696,0.184,0.512,True,False,0.708,0.192,0.516,Quick Attack,-0.01200000000000001,-0.008000000000000007,-0.0040000000000000036,False,False
4WE_PAIR_004_V03,4WE_PAIR_004_V03__OPPONENT,Opponent,T52_S001__BASELINE,BASELINE,8,SYMMETRIC_TWO_ENERGY,LATE_TURN,TURN_STATE,Force the decision context to turn twelve.,"['Ascension', 'Quick Attack']",Ascension | Quick Attack,12,2.0,2.0,0.0,Quick Attack,0.712,0.188,0.524,True,False,0.708,0.192,0.516,Quick Attack,0.0040000000000000036,-0.0040000000000000036,0.008000000000000007,False,False
4WE_PAIR_004_V03,4WE_PAIR_004_V03__PLAYER,Player,T52_S001__BASELINE,BASELINE,8,SYMMETRIC_TWO_ENERGY,BASELINE,BASELINE,Preserve the original expanded case exactly.,"['Ascension', 'Quick Attack']",Ascension | Quick Attack,8,2.0,2.0,0.0,Quick Attack,0.71,0.19,0.52,True,False,0.71,0.19,0.52,Quick Attack,0.0,0.0,0.0,False,False
4WE_PAIR_004_V03,4WE_PAIR_004_V03__PLAYER,Player,T52_S001__BASELINE,BASELINE,8,SYMMETRIC_TWO_ENERGY,LEGAL_SIGNATURE_ASCENSION_ONLY,LEGAL_STRUCTURE,Expose Ascension as the only legal action.,['Ascension'],Ascension,8,2.0,2.0,0.0,Ascension,0.042,0.652,-0.61,False,True,0.71,0.19,0.52,Quick Attack,-0.6679999999999999,0.462,-1.13,True,True
4WE_PAIR_004_V03,4WE_PAIR_004_V03__PLAYER,Player,T52_S001__BASELINE,BASELINE,8,SYMMETRIC_TWO_ENERGY,LEGAL_SIGNATURE_QUICK_ATTACK_ONLY,LEGAL_STRUCTURE,Expose Quick Attack as the only legal action.,['Quick Attack'],Quick Attack,8,2.0,2.0,0.0,Ascension,0.154,0.406,-0.252,False,True,0.71,0.19,0.52,Quick Attack,-0.5559999999999999,0.21600000000000003,-0.772,True,True
4WE_PAIR_004_V03,4WE_PAIR_004_V03__PLAYER,Player,T52_S001__BASELINE,BASELINE,8,SYMMETRIC_TWO_ENERGY,LOW_ACTING_ENERGY,ENERGY_STATE,Reduce the acting Pokémon to one attached energy.,"['Ascension', 'Quick Attack']",Ascension | Quick Attack,8,1.0,2.0,-1.0,Quick Attack,0.708,0.192,0.516,True,False,0.71,0.19,0.52,Quick Attack,-0.0020000000000000018,0.0020000000000000018,-0.0040000000000000036,False,False
4WE_PAIR_004_V03,4WE_PAIR_004_V03__PLAYER,Player,T52_S001__BASELINE,BASELINE,8,SYMMETRIC_TWO_ENERGY,HIGH_ACTING_ENERGY,ENERGY_STATE,Increase the acting Pokémon to four attached energy.,"['Ascension', 'Quick Attack']",Ascension | Quick Attack,8,4.0,2.0,2.0,Quick Attack,0.72,0.178,0.542,True,False,0.71,0.19,0.52,Quick Attack,0.010000000000000009,-0.01200000000000001,0.02200000000000002,False,False
4WE_PAIR_004_V03,4WE_PAIR_004_V03__PLAYER,Player,T52_S001__BASELINE,BASELINE,8,SYMMETRIC_TWO_ENERGY,ACTING_ENERGY_DISADVANTAGE,ENERGY_STATE,Set acting energy to two and opposing energy to four.,"['Ascension', 'Quick Attack']",Ascension | Quick Attack,8,2.0,4.0,-2.0,Quick Attack,0.714,0.186,0.528,True,False,0.71,0.19,0.52,Quick Attack,0.0040000000000000036,-0.0040000000000000036,0.008000000000000007,False,False
4WE_PAIR_004_V03,4WE_PAIR_004_V03__PLAYER,Player,T52_S001__BASELINE,BASELINE,8,SYMMETRIC_TWO_ENERGY,ACTING_ENERGY_ADVANTAGE,ENERGY_STATE,Set acting energy to four and opposing energy to one.,"['Ascension', 'Quick Attack']",Ascension | Quick Attack,8,4.0,1.0,3.0,Quick Attack,0.716,0.18,0.536,True,False,0.71,0.19,0.52,Quick Attack,0.006000000000000005,-0.010000000000000009,0.016000000000000014,False,False
4WE_PAIR_004_V03,4WE_PAIR_004_V03__PLAYER,Player,T52_S001__BASELINE,BASELINE,8,SYMMETRIC_TWO_ENERGY,EARLY_TURN,TURN_STATE,Force the decision context to turn one.,"['Ascension', 'Quick Attack']",Ascension | Quick Attack,1,2.0,2.0,0.0,Quick Attack,0.698,0.182,0.516,True,False,0.71,0.19,0.52,Quick Attack,-0.01200000000000001,-0.008000000000000007,-0.0040000000000000036,False,False
4WE_PAIR_004_V03,4WE_PAIR_004_V03__PLAYER,Player,T52_S001__BASELINE,BASELINE,8,SYMMETRIC_TWO_ENERGY,LATE_TURN,TURN_STATE,Force the decision context to turn twelve.,"['Ascension', 'Quick Attack']",Ascension | Quick Attack,12,2.0,2.0,0.0,Quick Attack,0.714,0.186,0.528,True,False,0.71,0.19,0.52,Quick Attack,0.0040000000000000036,-0.0040000000000000036,0.008000000000000007,False,False
4WE_PAIR_004_V04,4WE_PAIR_004_V04__OPPONENT,Opponent,T52_S001__BASELINE,BASELINE,8,EEVEE_ENERGY_ADVANTAGE,BASELINE,BASELINE,Preserve the original expanded case exactly.,"['Ascension', 'Quick Attack']",Ascension | Quick Attack,8,3.0,2.0,1.0,Quick Attack,0.714,0.184,0.53,True,False,0.714,0.184,0.53,Quick Attack,0.0,0.0,0.0,False,False
4WE_PAIR_004_V04,4WE_PAIR_004_V04__OPPONENT,Opponent,T52_S001__BASELINE,BASELINE,8,EEVEE_ENERGY_ADVANTAGE,LEGAL_SIGNATURE_ASCENSION_ONLY,LEGAL_STRUCTURE,Expose Ascension as the only legal action.,['Ascension'],Ascension,8,3.0,2.0,1.0,Ascension,0.044,0.646,-0.602,False,True,0.714,0.184,0.53,Quick Attack,-0.6699999999999999,0.462,-1.1320000000000001,True,True
4WE_PAIR_004_V04,4WE_PAIR_004_V04__OPPONENT,Opponent,T52_S001__BASELINE,BASELINE,8,EEVEE_ENERGY_ADVANTAGE,LEGAL_SIGNATURE_QUICK_ATTACK_ONLY,LEGAL_STRUCTURE,Expose Quick Attack as the only legal action.,['Quick Attack'],Quick Attack,8,3.0,2.0,1.0,Ascension,0.158,0.402,-0.24400000000000002,False,True,0.714,0.184,0.53,Quick Attack,-0.5559999999999999,0.21800000000000003,-0.774,True,True
4WE_PAIR_004_V04,4WE_PAIR_004_V04__OPPONENT,Opponent,T52_S001__BASELINE,BASELINE,8,EEVEE_ENERGY_ADVANTAGE,LOW_ACTING_ENERGY,ENERGY_STATE,Reduce the acting Pokémon to one attached energy.,"['Ascension', 'Quick Attack']",Ascension | Quick Attack,8,1.0,2.0,-1.0,Quick Attack,0.706,0.192,0.514,True,False,0.714,0.184,0.53,Quick Attack,-0.008000000000000007,0.008000000000000007,-0.016000000000000014,False,False
4WE_PAIR_004_V04,4WE_PAIR_004_V04__OPPONENT,Opponent,T52_S001__BASELINE,BASELINE,8,EEVEE_ENERGY_ADVANTAGE,HIGH_ACTING_ENERGY,ENERGY_STATE,Increase the acting Pokémon to four attached energy.,"['Ascension', 'Quick Attack']",Ascension | Quick Attack,8,4.0,2.0,2.0,Quick Attack,0.72,0.178,0.542,True,False,0.714,0.184,0.53,Quick Attack,0.006000000000000005,-0.006000000000000005,0.01200000000000001,False,False
4WE_PAIR_004_V04,4WE_PAIR_004_V04__OPPONENT,Opponent,T52_S001__BASELINE,BASELINE,8,EEVEE_ENERGY_ADVANTAGE,ACTING_ENERGY_DISADVANTAGE,ENERGY_STATE,Set acting energy to two and opposing energy to four.,"['Ascension', 'Quick Attack']",Ascension | Quick Attack,8,2.0,4.0,-2.0,Quick Attack,0.71,0.19,0.52,True,False,0.714,0.184,0.53,Quick Attack,-0.0040000000000000036,0.006000000000000005,-0.010000000000000009,False,False
4WE_PAIR_004_V04,4WE_PAIR_004_V04__OPPONENT,Opponent,T52_S001__BASELINE,BASELINE,8,EEVEE_ENERGY_ADVANTAGE,ACTING_ENERGY_ADVANTAGE,ENERGY_STATE,Set acting energy to four and opposing energy to one.,"['Ascension', 'Quick Attack']",Ascension | Quick Attack,8,4.0,1.0,3.0,Quick Attack,0.716,0.182,0.534,True,False,0.714,0.184,0.53,Quick Attack,0.0020000000000000018,-0.0020000000000000018,0.0040000000000000036,False,False
4WE_PAIR_004_V04,4WE_PAIR_004_V04__OPPONENT,Opponent,T52_S001__BASELINE,BASELINE,8,EEVEE_ENERGY_ADVANTAGE,EARLY_TURN,TURN_STATE,Force the decision context to turn one.,"['Ascension', 'Quick Attack']",Ascension | Quick Attack,1,3.0,2.0,1.0,Quick Attack,0.702,0.176,0.526,True,False,0.714,0.184,0.53,Quick Attack,-0.01200000000000001,-0.008000000000000007,-0.0040000000000000036,False,False
4WE_PAIR_004_V04,4WE_PAIR_004_V04__OPPONENT,Opponent,T52_S001__BASELINE,BASELINE,8,EEVEE_ENERGY_ADVANTAGE,LATE_TURN,TURN_STATE,Force the decision context to turn twelve.,"['Ascension', 'Quick Attack']",Ascension | Quick Attack,12,3.0,2.0,1.0,Quick Attack,0.718,0.18,0.538,True,False,0.714,0.184,0.53,Quick Attack,0.0040000000000000036,-0.0040000000000000036,0.008000000000000007,False,False
4WE_PAIR_004_V04,4WE_PAIR_004_V04__PLAYER,Player,T52_S001__BASELINE,BASELINE,8,EEVEE_ENERGY_ADVANTAGE,BASELINE,BASELINE,Preserve the original expanded case exactly.,"['Ascension', 'Quick Attack']",Ascension | Quick Attack,8,3.0,2.0,1.0,Quick Attack,0.716,0.182,0.534,True,False,0.716,0.182,0.534,Quick Attack,0.0,0.0,0.0,False,False
4WE_PAIR_004_V04,4WE_PAIR_004_V04__PLAYER,Player,T52_S001__BASELINE,BASELINE,8,EEVEE_ENERGY_ADVANTAGE,LEGAL_SIGNATURE_ASCENSION_ONLY,LEGAL_STRUCTURE,Expose Ascension as the only legal action.,['Ascension'],Ascension,8,3.0,2.0,1.0,Ascension,0.044,0.644,-0.6,False,True,0.716,0.182,0.534,Quick Attack,-0.6719999999999999,0.462,-1.134,True,True
4WE_PAIR_004_V04,4WE_PAIR_004_V04__PLAYER,Player,T52_S001__BASELINE,BASELINE,8,EEVEE_ENERGY_ADVANTAGE,LEGAL_SIGNATURE_QUICK_ATTACK_ONLY,LEGAL_STRUCTURE,Expose Quick Attack as the only legal action.,['Quick Attack'],Quick Attack,8,3.0,2.0,1.0,Ascension,0.158,0.4,-0.24200000000000002,False,True,0.716,0.182,0.534,Quick Attack,-0.5579999999999999,0.21800000000000003,-0.776,True,True
4WE_PAIR_004_V04,4WE_PAIR_004_V04__PLAYER,Player,T52_S001__BASELINE,BASELINE,8,EEVEE_ENERGY_ADVANTAGE,LOW_ACTING_ENERGY,ENERGY_STATE,Reduce the acting Pokémon to one attached energy.,"['Ascension', 'Quick Attack']",Ascension | Quick Attack,8,1.0,2.0,-1.0,Quick Attack,0.708,0.192,0.516,True,False,0.716,0.182,0.534,Quick Attack,-0.008000000000000007,0.010000000000000009,-0.018000000000000016,False,False
4WE_PAIR_004_V04,4WE_PAIR_004_V04__PLAYER,Player,T52_S001__BASELINE,BASELINE,8,EEVEE_ENERGY_ADVANTAGE,HIGH_ACTING_ENERGY,ENERGY_STATE,Increase the acting Pokémon to four attached energy.,"['Ascension', 'Quick Attack']",Ascension | Quick Attack,8,4.0,2.0,2.0,Quick Attack,0.72,0.178,0.542,True,False,0.716,0.182,0.534,Quick Attack,0.0040000000000000036,-0.0040000000000000036,0.008000000000000007,False,False
4WE_PAIR_004_V04,4WE_PAIR_004_V04__PLAYER,Player,T52_S001__BASELINE,BASELINE,8,EEVEE_ENERGY_ADVANTAGE,ACTING_ENERGY_DISADVANTAGE,ENERGY_STATE,Set acting energy to two and opposing energy to four.,"['Ascension', 'Quick Attack']",Ascension | Quick Attack,8,2.0,4.0,-2.0,Quick Attack,0.714,0.186,0.528,True,False,0.716,0.182,0.534,Quick Attack,-0.0020000000000000018,0.0040000000000000036,-0.006000000000000005,False,False
4WE_PAIR_004_V04,4WE_PAIR_004_V04__PLAYER,Player,T52_S001__BASELINE,BASELINE,8,EEVEE_ENERGY_ADVANTAGE,ACTING_ENERGY_ADVANTAGE,ENERGY_STATE,Set acting energy to four and opposing energy to one.,"['Ascension', 'Quick Attack']",Ascension | Quick Attack,8,4.0,1.0,3.0,Quick Attack,0.716,0.18,0.536,True,False,0.716,0.182,0.534,Quick Attack,0.0,-0.0020000000000000018,0.0020000000000000018,False,False
4WE_PAIR_004_V04,4WE_PAIR_004_V04__PLAYER,Player,T52_S001__BASELINE,BASELINE,8,EEVEE_ENERGY_ADVANTAGE,EARLY_TURN,TURN_STATE,Force the decision context to turn one.,"['Ascension', 'Quick Attack']",Ascension | Quick Attack,1,3.0,2.0,1.0,Quick Attack,0.704,0.174,0.53,True,False,0.716,0.182,0.534,Quick Attack,-0.01200000000000001,-0.008000000000000007,-0.0040000000000000036,False,False
4WE_PAIR_004_V04,4WE_PAIR_004_V04__PLAYER,Player,T52_S001__BASELINE,BASELINE,8,EEVEE_ENERGY_ADVANTAGE,LATE_TURN,TURN_STATE,Force the decision context to turn twelve.,"['Ascension', 'Quick Attack']",Ascension | Quick Attack,12,3.0,2.0,1.0,Quick Attack,0.72,0.178,0.542,True,False,0.716,0.182,0.534,Quick Attack,0.0040000000000000036,-0.0040000000000000036,0.008000000000000007,False,False
4WE_PAIR_005_V01,4WE_PAIR_005_V01__OPPONENT,Opponent,T52_S001__HP_PRESSURE,HP_PRESSURE,2,OBSERVED_ENERGY_CONTEXT,BASELINE,BASELINE,Preserve the original expanded case exactly.,"['Ascension', 'Quick Attack']",Ascension | Quick Attack,2,3.0,3.0,0.0,Quick Attack,0.81,0.126,0.684,True,False,0.81,0.126,0.684,Quick Attack,0.0,0.0,0.0,False,False
4WE_PAIR_005_V01,4WE_PAIR_005_V01__OPPONENT,Opponent,T52_S001__HP_PRESSURE,HP_PRESSURE,2,OBSERVED_ENERGY_CONTEXT,LEGAL_SIGNATURE_ASCENSION_ONLY,LEGAL_STRUCTURE,Expose Ascension as the only legal action.,['Ascension'],Ascension,2,3.0,3.0,0.0,Ascension,0.09,0.642,-0.552,False,True,0.81,0.126,0.684,Quick Attack,-0.7200000000000001,0.516,-1.2360000000000002,True,True
4WE_PAIR_005_V01,4WE_PAIR_005_V01__OPPONENT,Opponent,T52_S001__HP_PRESSURE,HP_PRESSURE,2,OBSERVED_ENERGY_CONTEXT,LEGAL_SIGNATURE_QUICK_ATTACK_ONLY,LEGAL_STRUCTURE,Expose Quick Attack as the only legal action.,['Quick Attack'],Quick Attack,2,3.0,3.0,0.0,Ascension,0.21,0.4,-0.19000000000000003,False,True,0.81,0.126,0.684,Quick Attack,-0.6000000000000001,0.274,-0.8740000000000001,True,True
4WE_PAIR_005_V01,4WE_PAIR_005_V01__OPPONENT,Opponent,T52_S001__HP_PRESSURE,HP_PRESSURE,2,OBSERVED_ENERGY_CONTEXT,LOW_ACTING_ENERGY,ENERGY_STATE,Reduce the acting Pokémon to one attached energy.,"['Ascension', 'Quick Attack']",Ascension | Quick Attack,2,1.0,3.0,-2.0,Quick Attack,0.788,0.148,0.64,True,False,0.81,0.126,0.684,Quick Attack,-0.02200000000000002,0.021999999999999992,-0.04400000000000004,False,False
4WE_PAIR_005_V01,4WE_PAIR_005_V01__OPPONENT,Opponent,T52_S001__HP_PRESSURE,HP_PRESSURE,2,OBSERVED_ENERGY_CONTEXT,HIGH_ACTING_ENERGY,ENERGY_STATE,Increase the acting Pokémon to four attached energy.,"['Ascension', 'Quick Attack']",Ascension | Quick Attack,2,4.0,3.0,1.0,Quick Attack,0.81,0.126,0.684,True,False,0.81,0.126,0.684,Quick Attack,0.0,0.0,0.0,False,False
4WE_PAIR_005_V01,4WE_PAIR_005_V01__OPPONENT,Opponent,T52_S001__HP_PRESSURE,HP_PRESSURE,2,OBSERVED_ENERGY_CONTEXT,ACTING_ENERGY_DISADVANTAGE,ENERGY_STATE,Set acting energy to two and opposing energy to four.,"['Ascension', 'Quick Attack']",Ascension | Quick Attack,2,2.0,4.0,-2.0,Quick Attack,0.79,0.148,0.642,True,False,0.81,0.126,0.684,Quick Attack,-0.020000000000000018,0.021999999999999992,-0.04200000000000004,False,False
4WE_PAIR_005_V01,4WE_PAIR_005_V01__OPPONENT,Opponent,T52_S001__HP_PRESSURE,HP_PRESSURE,2,OBSERVED_ENERGY_CONTEXT,ACTING_ENERGY_ADVANTAGE,ENERGY_STATE,Set acting energy to four and opposing energy to one.,"['Ascension', 'Quick Attack']",Ascension | Quick Attack,2,4.0,1.0,3.0,Quick Attack,0.8,0.136,0.664,True,False,0.81,0.126,0.684,Quick Attack,-0.010000000000000009,0.010000000000000009,-0.020000000000000018,False,False
4WE_PAIR_005_V01,4WE_PAIR_005_V01__OPPONENT,Opponent,T52_S001__HP_PRESSURE,HP_PRESSURE,2,OBSERVED_ENERGY_CONTEXT,EARLY_TURN,TURN_STATE,Force the decision context to turn one.,"['Ascension', 'Quick Attack']",Ascension | Quick Attack,1,3.0,3.0,0.0,Quick Attack,0.798,0.118,0.68,True,False,0.81,0.126,0.684,Quick Attack,-0.01200000000000001,-0.008000000000000007,-0.0040000000000000036,False,False
4WE_PAIR_005_V01,4WE_PAIR_005_V01__OPPONENT,Opponent,T52_S001__HP_PRESSURE,HP_PRESSURE,2,OBSERVED_ENERGY_CONTEXT,LATE_TURN,TURN_STATE,Force the decision context to turn twelve.,"['Ascension', 'Quick Attack']",Ascension | Quick Attack,12,3.0,3.0,0.0,Quick Attack,0.824,0.112,0.712,True,False,0.81,0.126,0.684,Quick Attack,0.013999999999999901,-0.013999999999999999,0.027999999999999914,False,False
4WE_PAIR_005_V01,4WE_PAIR_005_V01__PLAYER,Player,T52_S001__HP_PRESSURE,HP_PRESSURE,2,OBSERVED_ENERGY_CONTEXT,BASELINE,BASELINE,Preserve the original expanded case exactly.,"['Ascension', 'Quick Attack']",Ascension | Quick Attack,2,3.0,3.0,0.0,Quick Attack,0.812,0.124,0.6880000000000001,True,False,0.812,0.124,0.6880000000000001,Quick Attack,0.0,0.0,0.0,False,False
4WE_PAIR_005_V01,4WE_PAIR_005_V01__PLAYER,Player,T52_S001__HP_PRESSURE,HP_PRESSURE,2,OBSERVED_ENERGY_CONTEXT,LEGAL_SIGNATURE_ASCENSION_ONLY,LEGAL_STRUCTURE,Expose Ascension as the only legal action.,['Ascension'],Ascension,2,3.0,3.0,0.0,Ascension,0.09,0.642,-0.552,False,True,0.812,0.124,0.6880000000000001,Quick Attack,-0.7220000000000001,0.518,-1.2400000000000002,True,True
4WE_PAIR_005_V01,4WE_PAIR_005_V01__PLAYER,Player,T52_S001__HP_PRESSURE,HP_PRESSURE,2,OBSERVED_ENERGY_CONTEXT,LEGAL_SIGNATURE_QUICK_ATTACK_ONLY,LEGAL_STRUCTURE,Expose Quick Attack as the only legal action.,['Quick Attack'],Quick Attack,2,3.0,3.0,0.0,Ascension,0.21,0.4,-0.19000000000000003,False,True,0.812,0.124,0.6880000000000001,Quick Attack,-0.6020000000000001,0.276,-0.8780000000000001,True,True
4WE_PAIR_005_V01,4WE_PAIR_005_V01__PLAYER,Player,T52_S001__HP_PRESSURE,HP_PRESSURE,2,OBSERVED_ENERGY_CONTEXT,LOW_ACTING_ENERGY,ENERGY_STATE,Reduce the acting Pokémon to one attached energy.,"['Ascension', 'Quick Attack']",Ascension | Quick Attack,2,1.0,3.0,-2.0,Quick Attack,0.794,0.144,0.65,True,False,0.812,0.124,0.6880000000000001,Quick Attack,-0.018000000000000016,0.01999999999999999,-0.038000000000000034,False,False
4WE_PAIR_005_V01,4WE_PAIR_005_V01__PLAYER,Player,T52_S001__HP_PRESSURE,HP_PRESSURE,2,OBSERVED_ENERGY_CONTEXT,HIGH_ACTING_ENERGY,ENERGY_STATE,Increase the acting Pokémon to four attached energy.,"['Ascension', 'Quick Attack']",Ascension | Quick Attack,2,4.0,3.0,1.0,Quick Attack,0.812,0.124,0.6880000000000001,True,False,0.812,0.124,0.6880000000000001,Quick Attack,0.0,0.0,0.0,False,False
4WE_PAIR_005_V01,4WE_PAIR_005_V01__PLAYER,Player,T52_S001__HP_PRESSURE,HP_PRESSURE,2,OBSERVED_ENERGY_CONTEXT,ACTING_ENERGY_DISADVANTAGE,ENERGY_STATE,Set acting energy to two and opposing energy to four.,"['Ascension', 'Quick Attack']",Ascension | Quick Attack,2,2.0,4.0,-2.0,Quick Attack,0.798,0.14,0.658,True,False,0.812,0.124,0.6880000000000001,Quick Attack,-0.014000000000000012,0.016000000000000014,-0.030000000000000027,False,False
4WE_PAIR_005_V01,4WE_PAIR_005_V01__PLAYER,Player,T52_S001__HP_PRESSURE,HP_PRESSURE,2,OBSERVED_ENERGY_CONTEXT,ACTING_ENERGY_ADVANTAGE,ENERGY_STATE,Set acting energy to four and opposing energy to one.,"['Ascension', 'Quick Attack']",Ascension | Quick Attack,2,4.0,1.0,3.0,Quick Attack,0.804,0.13,0.674,True,False,0.812,0.124,0.6880000000000001,Quick Attack,-0.008000000000000007,0.006000000000000005,-0.014000000000000012,False,False
4WE_PAIR_005_V01,4WE_PAIR_005_V01__PLAYER,Player,T52_S001__HP_PRESSURE,HP_PRESSURE,2,OBSERVED_ENERGY_CONTEXT,EARLY_TURN,TURN_STATE,Force the decision context to turn one.,"['Ascension', 'Quick Attack']",Ascension | Quick Attack,1,3.0,3.0,0.0,Quick Attack,0.8,0.116,0.684,True,False,0.812,0.124,0.6880000000000001,Quick Attack,-0.01200000000000001,-0.007999999999999993,-0.0040000000000000036,False,False
4WE_PAIR_005_V01,4WE_PAIR_005_V01__PLAYER,Player,T52_S001__HP_PRESSURE,HP_PRESSURE,2,OBSERVED_ENERGY_CONTEXT,LATE_TURN,TURN_STATE,Force the decision context to turn twelve.,"['Ascension', 'Quick Attack']",Ascension | Quick Attack,12,3.0,3.0,0.0,Quick Attack,0.826,0.11,0.716,True,False,0.812,0.124,0.6880000000000001,Quick Attack,0.013999999999999901,-0.013999999999999999,0.027999999999999914,False,False
4WE_PAIR_005_V02,4WE_PAIR_005_V02__OPPONENT,Opponent,T52_S001__HP_PRESSURE,HP_PRESSURE,2,MINIMUM_MULTI_ACTION_ENERGY,BASELINE,BASELINE,Preserve the original expanded case exactly.,"['Ascension', 'Quick Attack']",Ascension | Quick Attack,2,2.0,3.0,-1.0,Quick Attack,0.79,0.148,0.642,True,False,0.79,0.148,0.642,Quick Attack,0.0,0.0,0.0,False,False
4WE_PAIR_005_V02,4WE_PAIR_005_V02__OPPONENT,Opponent,T52_S001__HP_PRESSURE,HP_PRESSURE,2,MINIMUM_MULTI_ACTION_ENERGY,LEGAL_SIGNATURE_ASCENSION_ONLY,LEGAL_STRUCTURE,Expose Ascension as the only legal action.,['Ascension'],Ascension,2,2.0,3.0,-1.0,Ascension,0.072,0.666,-0.5940000000000001,False,True,0.79,0.148,0.642,Quick Attack,-0.7180000000000001,0.518,-1.2360000000000002,True,True
4WE_PAIR_005_V02,4WE_PAIR_005_V02__OPPONENT,Opponent,T52_S001__HP_PRESSURE,HP_PRESSURE,2,MINIMUM_MULTI_ACTION_ENERGY,LEGAL_SIGNATURE_QUICK_ATTACK_ONLY,LEGAL_STRUCTURE,Expose Quick Attack as the only legal action.,['Quick Attack'],Quick Attack,2,2.0,3.0,-1.0,Ascension,0.19,0.422,-0.23199999999999998,False,True,0.79,0.148,0.642,Quick Attack,-0.6000000000000001,0.274,-0.874,True,True
4WE_PAIR_005_V02,4WE_PAIR_005_V02__OPPONENT,Opponent,T52_S001__HP_PRESSURE,HP_PRESSURE,2,MINIMUM_MULTI_ACTION_ENERGY,LOW_ACTING_ENERGY,ENERGY_STATE,Reduce the acting Pokémon to one attached energy.,"['Ascension', 'Quick Attack']",Ascension | Quick Attack,2,1.0,3.0,-2.0,Quick Attack,0.788,0.148,0.64,True,False,0.79,0.148,0.642,Quick Attack,-0.0020000000000000018,0.0,-0.0020000000000000018,False,False
4WE_PAIR_005_V02,4WE_PAIR_005_V02__OPPONENT,Opponent,T52_S001__HP_PRESSURE,HP_PRESSURE,2,MINIMUM_MULTI_ACTION_ENERGY,HIGH_ACTING_ENERGY,ENERGY_STATE,Increase the acting Pokémon to four attached energy.,"['Ascension', 'Quick Attack']",Ascension | Quick Attack,2,4.0,3.0,1.0,Quick Attack,0.81,0.126,0.684,True,False,0.79,0.148,0.642,Quick Attack,0.020000000000000018,-0.021999999999999992,0.04200000000000004,False,False
4WE_PAIR_005_V02,4WE_PAIR_005_V02__OPPONENT,Opponent,T52_S001__HP_PRESSURE,HP_PRESSURE,2,MINIMUM_MULTI_ACTION_ENERGY,ACTING_ENERGY_DISADVANTAGE,ENERGY_STATE,Set acting energy to two and opposing energy to four.,"['Ascension', 'Quick Attack']",Ascension | Quick Attack,2,2.0,4.0,-2.0,Quick Attack,0.79,0.148,0.642,True,False,0.79,0.148,0.642,Quick Attack,0.0,0.0,0.0,False,False
4WE_PAIR_005_V02,4WE_PAIR_005_V02__OPPONENT,Opponent,T52_S001__HP_PRESSURE,HP_PRESSURE,2,MINIMUM_MULTI_ACTION_ENERGY,ACTING_ENERGY_ADVANTAGE,ENERGY_STATE,Set acting energy to four and opposing energy to one.,"['Ascension', 'Quick Attack']",Ascension | Quick Attack,2,4.0,1.0,3.0,Quick Attack,0.8,0.136,0.664,True,False,0.79,0.148,0.642,Quick Attack,0.010000000000000009,-0.011999999999999983,0.02200000000000002,False,False
4WE_PAIR_005_V02,4WE_PAIR_005_V02__OPPONENT,Opponent,T52_S001__HP_PRESSURE,HP_PRESSURE,2,MINIMUM_MULTI_ACTION_ENERGY,EARLY_TURN,TURN_STATE,Force the decision context to turn one.,"['Ascension', 'Quick Attack']",Ascension | Quick Attack,1,2.0,3.0,-1.0,Quick Attack,0.778,0.14,0.638,True,False,0.79,0.148,0.642,Quick Attack,-0.01200000000000001,-0.00799999999999998,-0.0040000000000000036,False,False
4WE_PAIR_005_V02,4WE_PAIR_005_V02__OPPONENT,Opponent,T52_S001__HP_PRESSURE,HP_PRESSURE,2,MINIMUM_MULTI_ACTION_ENERGY,LATE_TURN,TURN_STATE,Force the decision context to turn twelve.,"['Ascension', 'Quick Attack']",Ascension | Quick Attack,12,2.0,3.0,-1.0,Quick Attack,0.804,0.134,0.67,True,False,0.79,0.148,0.642,Quick Attack,0.014000000000000012,-0.013999999999999985,0.028000000000000025,False,False
4WE_PAIR_005_V02,4WE_PAIR_005_V02__PLAYER,Player,T52_S001__HP_PRESSURE,HP_PRESSURE,2,MINIMUM_MULTI_ACTION_ENERGY,BASELINE,BASELINE,Preserve the original expanded case exactly.,"['Ascension', 'Quick Attack']",Ascension | Quick Attack,2,2.0,3.0,-1.0,Quick Attack,0.798,0.14,0.658,True,False,0.798,0.14,0.658,Quick Attack,0.0,0.0,0.0,False,False
4WE_PAIR_005_V02,4WE_PAIR_005_V02__PLAYER,Player,T52_S001__HP_PRESSURE,HP_PRESSURE,2,MINIMUM_MULTI_ACTION_ENERGY,LEGAL_SIGNATURE_ASCENSION_ONLY,LEGAL_STRUCTURE,Expose Ascension as the only legal action.,['Ascension'],Ascension,2,2.0,3.0,-1.0,Ascension,0.08,0.658,-0.5780000000000001,False,True,0.798,0.14,0.658,Quick Attack,-0.7180000000000001,0.518,-1.2360000000000002,True,True
4WE_PAIR_005_V02,4WE_PAIR_005_V02__PLAYER,Player,T52_S001__HP_PRESSURE,HP_PRESSURE,2,MINIMUM_MULTI_ACTION_ENERGY,LEGAL_SIGNATURE_QUICK_ATTACK_ONLY,LEGAL_STRUCTURE,Expose Quick Attack as the only legal action.,['Quick Attack'],Quick Attack,2,2.0,3.0,-1.0,Ascension,0.198,0.414,-0.21599999999999997,False,True,0.798,0.14,0.658,Quick Attack,-0.6000000000000001,0.27399999999999997,-0.874,True,True
4WE_PAIR_005_V02,4WE_PAIR_005_V02__PLAYER,Player,T52_S001__HP_PRESSURE,HP_PRESSURE,2,MINIMUM_MULTI_ACTION_ENERGY,LOW_ACTING_ENERGY,ENERGY_STATE,Reduce the acting Pokémon to one attached energy.,"['Ascension', 'Quick Attack']",Ascension | Quick Attack,2,1.0,3.0,-2.0,Quick Attack,0.794,0.144,0.65,True,False,0.798,0.14,0.658,Quick Attack,-0.0040000000000000036,0.003999999999999976,-0.008000000000000007,False,False
4WE_PAIR_005_V02,4WE_PAIR_005_V02__PLAYER,Player,T52_S001__HP_PRESSURE,HP_PRESSURE,2,MINIMUM_MULTI_ACTION_ENERGY,HIGH_ACTING_ENERGY,ENERGY_STATE,Increase the acting Pokémon to four attached energy.,"['Ascension', 'Quick Attack']",Ascension | Quick Attack,2,4.0,3.0,1.0,Quick Attack,0.812,0.124,0.6880000000000001,True,False,0.798,0.14,0.658,Quick Attack,0.014000000000000012,-0.016000000000000014,0.030000000000000027,False,False
4WE_PAIR_005_V02,4WE_PAIR_005_V02__PLAYER,Player,T52_S001__HP_PRESSURE,HP_PRESSURE,2,MINIMUM_MULTI_ACTION_ENERGY,ACTING_ENERGY_DISADVANTAGE,ENERGY_STATE,Set acting energy to two and opposing energy to four.,"['Ascension', 'Quick Attack']",Ascension | Quick Attack,2,2.0,4.0,-2.0,Quick Attack,0.798,0.14,0.658,True,False,0.798,0.14,0.658,Quick Attack,0.0,0.0,0.0,False,False
4WE_PAIR_005_V02,4WE_PAIR_005_V02__PLAYER,Player,T52_S001__HP_PRESSURE,HP_PRESSURE,2,MINIMUM_MULTI_ACTION_ENERGY,ACTING_ENERGY_ADVANTAGE,ENERGY_STATE,Set acting energy to four and opposing energy to one.,"['Ascension', 'Quick Attack']",Ascension | Quick Attack,2,4.0,1.0,3.0,Quick Attack,0.804,0.13,0.674,True,False,0.798,0.14,0.658,Quick Attack,0.006000000000000005,-0.010000000000000009,0.016000000000000014,False,False
4WE_PAIR_005_V02,4WE_PAIR_005_V02__PLAYER,Player,T52_S001__HP_PRESSURE,HP_PRESSURE,2,MINIMUM_MULTI_ACTION_ENERGY,EARLY_TURN,TURN_STATE,Force the decision context to turn one.,"['Ascension', 'Quick Attack']",Ascension | Quick Attack,1,2.0,3.0,-1.0,Quick Attack,0.786,0.132,0.654,True,False,0.798,0.14,0.658,Quick Attack,-0.01200000000000001,-0.008000000000000007,-0.0040000000000000036,False,False
4WE_PAIR_005_V02,4WE_PAIR_005_V02__PLAYER,Player,T52_S001__HP_PRESSURE,HP_PRESSURE,2,MINIMUM_MULTI_ACTION_ENERGY,LATE_TURN,TURN_STATE,Force the decision context to turn twelve.,"['Ascension', 'Quick Attack']",Ascension | Quick Attack,12,2.0,3.0,-1.0,Quick Attack,0.812,0.126,0.686,True,False,0.798,0.14,0.658,Quick Attack,0.014000000000000012,-0.014000000000000012,0.028000000000000025,False,False
4WE_PAIR_005_V03,4WE_PAIR_005_V03__OPPONENT,Opponent,T52_S001__HP_PRESSURE,HP_PRESSURE,2,SYMMETRIC_TWO_ENERGY,BASELINE,BASELINE,Preserve the original expanded case exactly.,"['Ascension', 'Quick Attack']",Ascension | Quick Attack,2,2.0,2.0,0.0,Quick Attack,0.79,0.148,0.642,True,False,0.79,0.148,0.642,Quick Attack,0.0,0.0,0.0,False,False
4WE_PAIR_005_V03,4WE_PAIR_005_V03__OPPONENT,Opponent,T52_S001__HP_PRESSURE,HP_PRESSURE,2,SYMMETRIC_TWO_ENERGY,LEGAL_SIGNATURE_ASCENSION_ONLY,LEGAL_STRUCTURE,Expose Ascension as the only legal action.,['Ascension'],Ascension,2,2.0,2.0,0.0,Ascension,0.072,0.666,-0.5940000000000001,False,True,0.79,0.148,0.642,Quick Attack,-0.7180000000000001,0.518,-1.2360000000000002,True,True
4WE_PAIR_005_V03,4WE_PAIR_005_V03__OPPONENT,Opponent,T52_S001__HP_PRESSURE,HP_PRESSURE,2,SYMMETRIC_TWO_ENERGY,LEGAL_SIGNATURE_QUICK_ATTACK_ONLY,LEGAL_STRUCTURE,Expose Quick Attack as the only legal action.,['Quick Attack'],Quick Attack,2,2.0,2.0,0.0,Ascension,0.19,0.422,-0.23199999999999998,False,True,0.79,0.148,0.642,Quick Attack,-0.6000000000000001,0.274,-0.874,True,True
4WE_PAIR_005_V03,4WE_PAIR_005_V03__OPPONENT,Opponent,T52_S001__HP_PRESSURE,HP_PRESSURE,2,SYMMETRIC_TWO_ENERGY,LOW_ACTING_ENERGY,ENERGY_STATE,Reduce the acting Pokémon to one attached energy.,"['Ascension', 'Quick Attack']",Ascension | Quick Attack,2,1.0,2.0,-1.0,Quick Attack,0.788,0.148,0.64,True,False,0.79,0.148,0.642,Quick Attack,-0.0020000000000000018,0.0,-0.0020000000000000018,False,False
4WE_PAIR_005_V03,4WE_PAIR_005_V03__OPPONENT,Opponent,T52_S001__HP_PRESSURE,HP_PRESSURE,2,SYMMETRIC_TWO_ENERGY,HIGH_ACTING_ENERGY,ENERGY_STATE,Increase the acting Pokémon to four attached energy.,"['Ascension', 'Quick Attack']",Ascension | Quick Attack,2,4.0,2.0,2.0,Quick Attack,0.81,0.126,0.684,True,False,0.79,0.148,0.642,Quick Attack,0.020000000000000018,-0.021999999999999992,0.04200000000000004,False,False
4WE_PAIR_005_V03,4WE_PAIR_005_V03__OPPONENT,Opponent,T52_S001__HP_PRESSURE,HP_PRESSURE,2,SYMMETRIC_TWO_ENERGY,ACTING_ENERGY_DISADVANTAGE,ENERGY_STATE,Set acting energy to two and opposing energy to four.,"['Ascension', 'Quick Attack']",Ascension | Quick Attack,2,2.0,4.0,-2.0,Quick Attack,0.79,0.148,0.642,True,False,0.79,0.148,0.642,Quick Attack,0.0,0.0,0.0,False,False
4WE_PAIR_005_V03,4WE_PAIR_005_V03__OPPONENT,Opponent,T52_S001__HP_PRESSURE,HP_PRESSURE,2,SYMMETRIC_TWO_ENERGY,ACTING_ENERGY_ADVANTAGE,ENERGY_STATE,Set acting energy to four and opposing energy to one.,"['Ascension', 'Quick Attack']",Ascension | Quick Attack,2,4.0,1.0,3.0,Quick Attack,0.8,0.136,0.664,True,False,0.79,0.148,0.642,Quick Attack,0.010000000000000009,-0.011999999999999983,0.02200000000000002,False,False
4WE_PAIR_005_V03,4WE_PAIR_005_V03__OPPONENT,Opponent,T52_S001__HP_PRESSURE,HP_PRESSURE,2,SYMMETRIC_TWO_ENERGY,EARLY_TURN,TURN_STATE,Force the decision context to turn one.,"['Ascension', 'Quick Attack']",Ascension | Quick Attack,1,2.0,2.0,0.0,Quick Attack,0.778,0.14,0.638,True,False,0.79,0.148,0.642,Quick Attack,-0.01200000000000001,-0.00799999999999998,-0.0040000000000000036,False,False
4WE_PAIR_005_V03,4WE_PAIR_005_V03__OPPONENT,Opponent,T52_S001__HP_PRESSURE,HP_PRESSURE,2,SYMMETRIC_TWO_ENERGY,LATE_TURN,TURN_STATE,Force the decision context to turn twelve.,"['Ascension', 'Quick Attack']",Ascension | Quick Attack,12,2.0,2.0,0.0,Quick Attack,0.804,0.134,0.67,True,False,0.79,0.148,0.642,Quick Attack,0.014000000000000012,-0.013999999999999985,0.028000000000000025,False,False
4WE_PAIR_005_V03,4WE_PAIR_005_V03__PLAYER,Player,T52_S001__HP_PRESSURE,HP_PRESSURE,2,SYMMETRIC_TWO_ENERGY,BASELINE,BASELINE,Preserve the original expanded case exactly.,"['Ascension', 'Quick Attack']",Ascension | Quick Attack,2,2.0,2.0,0.0,Quick Attack,0.798,0.14,0.658,True,False,0.798,0.14,0.658,Quick Attack,0.0,0.0,0.0,False,False
4WE_PAIR_005_V03,4WE_PAIR_005_V03__PLAYER,Player,T52_S001__HP_PRESSURE,HP_PRESSURE,2,SYMMETRIC_TWO_ENERGY,LEGAL_SIGNATURE_ASCENSION_ONLY,LEGAL_STRUCTURE,Expose Ascension as the only legal action.,['Ascension'],Ascension,2,2.0,2.0,0.0,Ascension,0.078,0.66,-0.5820000000000001,False,True,0.798,0.14,0.658,Quick Attack,-0.7200000000000001,0.52,-1.2400000000000002,True,True
4WE_PAIR_005_V03,4WE_PAIR_005_V03__PLAYER,Player,T52_S001__HP_PRESSURE,HP_PRESSURE,2,SYMMETRIC_TWO_ENERGY,LEGAL_SIGNATURE_QUICK_ATTACK_ONLY,LEGAL_STRUCTURE,Expose Quick Attack as the only legal action.,['Quick Attack'],Quick Attack,2,2.0,2.0,0.0,Ascension,0.196,0.416,-0.21999999999999997,False,True,0.798,0.14,0.658,Quick Attack,-0.6020000000000001,0.27599999999999997,-0.878,True,True
4WE_PAIR_005_V03,4WE_PAIR_005_V03__PLAYER,Player,T52_S001__HP_PRESSURE,HP_PRESSURE,2,SYMMETRIC_TWO_ENERGY,LOW_ACTING_ENERGY,ENERGY_STATE,Reduce the acting Pokémon to one attached energy.,"['Ascension', 'Quick Attack']",Ascension | Quick Attack,2,1.0,2.0,-1.0,Quick Attack,0.794,0.144,0.65,True,False,0.798,0.14,0.658,Quick Attack,-0.0040000000000000036,0.003999999999999976,-0.008000000000000007,False,False
4WE_PAIR_005_V03,4WE_PAIR_005_V03__PLAYER,Player,T52_S001__HP_PRESSURE,HP_PRESSURE,2,SYMMETRIC_TWO_ENERGY,HIGH_ACTING_ENERGY,ENERGY_STATE,Increase the acting Pokémon to four attached energy.,"['Ascension', 'Quick Attack']",Ascension | Quick Attack,2,4.0,2.0,2.0,Quick Attack,0.812,0.124,0.6880000000000001,True,False,0.798,0.14,0.658,Quick Attack,0.014000000000000012,-0.016000000000000014,0.030000000000000027,False,False
4WE_PAIR_005_V03,4WE_PAIR_005_V03__PLAYER,Player,T52_S001__HP_PRESSURE,HP_PRESSURE,2,SYMMETRIC_TWO_ENERGY,ACTING_ENERGY_DISADVANTAGE,ENERGY_STATE,Set acting energy to two and opposing energy to four.,"['Ascension', 'Quick Attack']",Ascension | Quick Attack,2,2.0,4.0,-2.0,Quick Attack,0.798,0.14,0.658,True,False,0.798,0.14,0.658,Quick Attack,0.0,0.0,0.0,False,False
4WE_PAIR_005_V03,4WE_PAIR_005_V03__PLAYER,Player,T52_S001__HP_PRESSURE,HP_PRESSURE,2,SYMMETRIC_TWO_ENERGY,ACTING_ENERGY_ADVANTAGE,ENERGY_STATE,Set acting energy to four and opposing energy to one.,"['Ascension', 'Quick Attack']",Ascension | Quick Attack,2,4.0,1.0,3.0,Quick Attack,0.804,0.13,0.674,True,False,0.798,0.14,0.658,Quick Attack,0.006000000000000005,-0.010000000000000009,0.016000000000000014,False,False
4WE_PAIR_005_V03,4WE_PAIR_005_V03__PLAYER,Player,T52_S001__HP_PRESSURE,HP_PRESSURE,2,SYMMETRIC_TWO_ENERGY,EARLY_TURN,TURN_STATE,Force the decision context to turn one.,"['Ascension', 'Quick Attack']",Ascension | Quick Attack,1,2.0,2.0,0.0,Quick Attack,0.786,0.132,0.654,True,False,0.798,0.14,0.658,Quick Attack,-0.01200000000000001,-0.008000000000000007,-0.0040000000000000036,False,False
4WE_PAIR_005_V03,4WE_PAIR_005_V03__PLAYER,Player,T52_S001__HP_PRESSURE,HP_PRESSURE,2,SYMMETRIC_TWO_ENERGY,LATE_TURN,TURN_STATE,Force the decision context to turn twelve.,"['Ascension', 'Quick Attack']",Ascension | Quick Attack,12,2.0,2.0,0.0,Quick Attack,0.812,0.126,0.686,True,False,0.798,0.14,0.658,Quick Attack,0.014000000000000012,-0.014000000000000012,0.028000000000000025,False,False
4WE_PAIR_005_V04,4WE_PAIR_005_V04__OPPONENT,Opponent,T52_S001__HP_PRESSURE,HP_PRESSURE,2,EEVEE_ENERGY_ADVANTAGE,BASELINE,BASELINE,Preserve the original expanded case exactly.,"['Ascension', 'Quick Attack']",Ascension | Quick Attack,2,3.0,2.0,1.0,Quick Attack,0.81,0.126,0.684,True,False,0.81,0.126,0.684,Quick Attack,0.0,0.0,0.0,False,False
4WE_PAIR_005_V04,4WE_PAIR_005_V04__OPPONENT,Opponent,T52_S001__HP_PRESSURE,HP_PRESSURE,2,EEVEE_ENERGY_ADVANTAGE,LEGAL_SIGNATURE_ASCENSION_ONLY,LEGAL_STRUCTURE,Expose Ascension as the only legal action.,['Ascension'],Ascension,2,3.0,2.0,1.0,Ascension,0.09,0.642,-0.552,False,True,0.81,0.126,0.684,Quick Attack,-0.7200000000000001,0.516,-1.2360000000000002,True,True
4WE_PAIR_005_V04,4WE_PAIR_005_V04__OPPONENT,Opponent,T52_S001__HP_PRESSURE,HP_PRESSURE,2,EEVEE_ENERGY_ADVANTAGE,LEGAL_SIGNATURE_QUICK_ATTACK_ONLY,LEGAL_STRUCTURE,Expose Quick Attack as the only legal action.,['Quick Attack'],Quick Attack,2,3.0,2.0,1.0,Ascension,0.21,0.4,-0.19000000000000003,False,True,0.81,0.126,0.684,Quick Attack,-0.6000000000000001,0.274,-0.8740000000000001,True,True
4WE_PAIR_005_V04,4WE_PAIR_005_V04__OPPONENT,Opponent,T52_S001__HP_PRESSURE,HP_PRESSURE,2,EEVEE_ENERGY_ADVANTAGE,LOW_ACTING_ENERGY,ENERGY_STATE,Reduce the acting Pokémon to one attached energy.,"['Ascension', 'Quick Attack']",Ascension | Quick Attack,2,1.0,2.0,-1.0,Quick Attack,0.788,0.148,0.64,True,False,0.81,0.126,0.684,Quick Attack,-0.02200000000000002,0.021999999999999992,-0.04400000000000004,False,False
4WE_PAIR_005_V04,4WE_PAIR_005_V04__OPPONENT,Opponent,T52_S001__HP_PRESSURE,HP_PRESSURE,2,EEVEE_ENERGY_ADVANTAGE,HIGH_ACTING_ENERGY,ENERGY_STATE,Increase the acting Pokémon to four attached energy.,"['Ascension', 'Quick Attack']",Ascension | Quick Attack,2,4.0,2.0,2.0,Quick Attack,0.81,0.126,0.684,True,False,0.81,0.126,0.684,Quick Attack,0.0,0.0,0.0,False,False
4WE_PAIR_005_V04,4WE_PAIR_005_V04__OPPONENT,Opponent,T52_S001__HP_PRESSURE,HP_PRESSURE,2,EEVEE_ENERGY_ADVANTAGE,ACTING_ENERGY_DISADVANTAGE,ENERGY_STATE,Set acting energy to two and opposing energy to four.,"['Ascension', 'Quick Attack']",Ascension | Quick Attack,2,2.0,4.0,-2.0,Quick Attack,0.79,0.148,0.642,True,False,0.81,0.126,0.684,Quick Attack,-0.020000000000000018,0.021999999999999992,-0.04200000000000004,False,False
4WE_PAIR_005_V04,4WE_PAIR_005_V04__OPPONENT,Opponent,T52_S001__HP_PRESSURE,HP_PRESSURE,2,EEVEE_ENERGY_ADVANTAGE,ACTING_ENERGY_ADVANTAGE,ENERGY_STATE,Set acting energy to four and opposing energy to one.,"['Ascension', 'Quick Attack']",Ascension | Quick Attack,2,4.0,1.0,3.0,Quick Attack,0.8,0.136,0.664,True,False,0.81,0.126,0.684,Quick Attack,-0.010000000000000009,0.010000000000000009,-0.020000000000000018,False,False
4WE_PAIR_005_V04,4WE_PAIR_005_V04__OPPONENT,Opponent,T52_S001__HP_PRESSURE,HP_PRESSURE,2,EEVEE_ENERGY_ADVANTAGE,EARLY_TURN,TURN_STATE,Force the decision context to turn one.,"['Ascension', 'Quick Attack']",Ascension | Quick Attack,1,3.0,2.0,1.0,Quick Attack,0.798,0.118,0.68,True,False,0.81,0.126,0.684,Quick Attack,-0.01200000000000001,-0.008000000000000007,-0.0040000000000000036,False,False
4WE_PAIR_005_V04,4WE_PAIR_005_V04__OPPONENT,Opponent,T52_S001__HP_PRESSURE,HP_PRESSURE,2,EEVEE_ENERGY_ADVANTAGE,LATE_TURN,TURN_STATE,Force the decision context to turn twelve.,"['Ascension', 'Quick Attack']",Ascension | Quick Attack,12,3.0,2.0,1.0,Quick Attack,0.824,0.112,0.712,True,False,0.81,0.126,0.684,Quick Attack,0.013999999999999901,-0.013999999999999999,0.027999999999999914,False,False
4WE_PAIR_005_V04,4WE_PAIR_005_V04__PLAYER,Player,T52_S001__HP_PRESSURE,HP_PRESSURE,2,EEVEE_ENERGY_ADVANTAGE,BASELINE,BASELINE,Preserve the original expanded case exactly.,"['Ascension', 'Quick Attack']",Ascension | Quick Attack,2,3.0,2.0,1.0,Quick Attack,0.812,0.124,0.6880000000000001,True,False,0.812,0.124,0.6880000000000001,Quick Attack,0.0,0.0,0.0,False,False
4WE_PAIR_005_V04,4WE_PAIR_005_V04__PLAYER,Player,T52_S001__HP_PRESSURE,HP_PRESSURE,2,EEVEE_ENERGY_ADVANTAGE,LEGAL_SIGNATURE_ASCENSION_ONLY,LEGAL_STRUCTURE,Expose Ascension as the only legal action.,['Ascension'],Ascension,2,3.0,2.0,1.0,Ascension,0.088,0.644,-0.556,False,True,0.812,0.124,0.6880000000000001,Quick Attack,-0.7240000000000001,0.52,-1.2440000000000002,True,True
4WE_PAIR_005_V04,4WE_PAIR_005_V04__PLAYER,Player,T52_S001__HP_PRESSURE,HP_PRESSURE,2,EEVEE_ENERGY_ADVANTAGE,LEGAL_SIGNATURE_QUICK_ATTACK_ONLY,LEGAL_STRUCTURE,Expose Quick Attack as the only legal action.,['Quick Attack'],Quick Attack,2,3.0,2.0,1.0,Ascension,0.208,0.402,-0.19400000000000003,False,True,0.812,0.124,0.6880000000000001,Quick Attack,-0.6040000000000001,0.278,-0.8820000000000001,True,True
4WE_PAIR_005_V04,4WE_PAIR_005_V04__PLAYER,Player,T52_S001__HP_PRESSURE,HP_PRESSURE,2,EEVEE_ENERGY_ADVANTAGE,LOW_ACTING_ENERGY,ENERGY_STATE,Reduce the acting Pokémon to one attached energy.,"['Ascension', 'Quick Attack']",Ascension | Quick Attack,2,1.0,2.0,-1.0,Quick Attack,0.794,0.144,0.65,True,False,0.812,0.124,0.6880000000000001,Quick Attack,-0.018000000000000016,0.01999999999999999,-0.038000000000000034,False,False
4WE_PAIR_005_V04,4WE_PAIR_005_V04__PLAYER,Player,T52_S001__HP_PRESSURE,HP_PRESSURE,2,EEVEE_ENERGY_ADVANTAGE,HIGH_ACTING_ENERGY,ENERGY_STATE,Increase the acting Pokémon to four attached energy.,"['Ascension', 'Quick Attack']",Ascension | Quick Attack,2,4.0,2.0,2.0,Quick Attack,0.812,0.124,0.6880000000000001,True,False,0.812,0.124,0.6880000000000001,Quick Attack,0.0,0.0,0.0,False,False
4WE_PAIR_005_V04,4WE_PAIR_005_V04__PLAYER,Player,T52_S001__HP_PRESSURE,HP_PRESSURE,2,EEVEE_ENERGY_ADVANTAGE,ACTING_ENERGY_DISADVANTAGE,ENERGY_STATE,Set acting energy to two and opposing energy to four.,"['Ascension', 'Quick Attack']",Ascension | Quick Attack,2,2.0,4.0,-2.0,Quick Attack,0.798,0.14,0.658,True,False,0.812,0.124,0.6880000000000001,Quick Attack,-0.014000000000000012,0.016000000000000014,-0.030000000000000027,False,False
4WE_PAIR_005_V04,4WE_PAIR_005_V04__PLAYER,Player,T52_S001__HP_PRESSURE,HP_PRESSURE,2,EEVEE_ENERGY_ADVANTAGE,ACTING_ENERGY_ADVANTAGE,ENERGY_STATE,Set acting energy to four and opposing energy to one.,"['Ascension', 'Quick Attack']",Ascension | Quick Attack,2,4.0,1.0,3.0,Quick Attack,0.804,0.13,0.674,True,False,0.812,0.124,0.6880000000000001,Quick Attack,-0.008000000000000007,0.006000000000000005,-0.014000000000000012,False,False
4WE_PAIR_005_V04,4WE_PAIR_005_V04__PLAYER,Player,T52_S001__HP_PRESSURE,HP_PRESSURE,2,EEVEE_ENERGY_ADVANTAGE,EARLY_TURN,TURN_STATE,Force the decision context to turn one.,"['Ascension', 'Quick Attack']",Ascension | Quick Attack,1,3.0,2.0,1.0,Quick Attack,0.8,0.116,0.684,True,False,0.812,0.124,0.6880000000000001,Quick Attack,-0.01200000000000001,-0.007999999999999993,-0.0040000000000000036,False,False
4WE_PAIR_005_V04,4WE_PAIR_005_V04__PLAYER,Player,T52_S001__HP_PRESSURE,HP_PRESSURE,2,EEVEE_ENERGY_ADVANTAGE,LATE_TURN,TURN_STATE,Force the decision context to turn twelve.,"['Ascension', 'Quick Attack']",Ascension | Quick Attack,12,3.0,2.0,1.0,Quick Attack,0.826,0.11,0.716,True,False,0.812,0.124,0.6880000000000001,Quick Attack,0.013999999999999901,-0.013999999999999999,0.027999999999999914,False,False
4WE_PAIR_006_V01,4WE_PAIR_006_V01__OPPONENT,Opponent,T52_S001__HP_PRESSURE,HP_PRESSURE,4,OBSERVED_ENERGY_CONTEXT,BASELINE,BASELINE,Preserve the original expanded case exactly.,"['Ascension', 'Quick Attack']",Ascension | Quick Attack,4,3.0,3.0,0.0,Quick Attack,0.81,0.126,0.684,True,False,0.81,0.126,0.684,Quick Attack,0.0,0.0,0.0,False,False
4WE_PAIR_006_V01,4WE_PAIR_006_V01__OPPONENT,Opponent,T52_S001__HP_PRESSURE,HP_PRESSURE,4,OBSERVED_ENERGY_CONTEXT,LEGAL_SIGNATURE_ASCENSION_ONLY,LEGAL_STRUCTURE,Expose Ascension as the only legal action.,['Ascension'],Ascension,4,3.0,3.0,0.0,Ascension,0.09,0.642,-0.552,False,True,0.81,0.126,0.684,Quick Attack,-0.7200000000000001,0.516,-1.2360000000000002,True,True
4WE_PAIR_006_V01,4WE_PAIR_006_V01__OPPONENT,Opponent,T52_S001__HP_PRESSURE,HP_PRESSURE,4,OBSERVED_ENERGY_CONTEXT,LEGAL_SIGNATURE_QUICK_ATTACK_ONLY,LEGAL_STRUCTURE,Expose Quick Attack as the only legal action.,['Quick Attack'],Quick Attack,4,3.0,3.0,0.0,Ascension,0.21,0.4,-0.19000000000000003,False,True,0.81,0.126,0.684,Quick Attack,-0.6000000000000001,0.274,-0.8740000000000001,True,True
4WE_PAIR_006_V01,4WE_PAIR_006_V01__OPPONENT,Opponent,T52_S001__HP_PRESSURE,HP_PRESSURE,4,OBSERVED_ENERGY_CONTEXT,LOW_ACTING_ENERGY,ENERGY_STATE,Reduce the acting Pokémon to one attached energy.,"['Ascension', 'Quick Attack']",Ascension | Quick Attack,4,1.0,3.0,-2.0,Quick Attack,0.788,0.148,0.64,True,False,0.81,0.126,0.684,Quick Attack,-0.02200000000000002,0.021999999999999992,-0.04400000000000004,False,False
4WE_PAIR_006_V01,4WE_PAIR_006_V01__OPPONENT,Opponent,T52_S001__HP_PRESSURE,HP_PRESSURE,4,OBSERVED_ENERGY_CONTEXT,HIGH_ACTING_ENERGY,ENERGY_STATE,Increase the acting Pokémon to four attached energy.,"['Ascension', 'Quick Attack']",Ascension | Quick Attack,4,4.0,3.0,1.0,Quick Attack,0.81,0.126,0.684,True,False,0.81,0.126,0.684,Quick Attack,0.0,0.0,0.0,False,False
4WE_PAIR_006_V01,4WE_PAIR_006_V01__OPPONENT,Opponent,T52_S001__HP_PRESSURE,HP_PRESSURE,4,OBSERVED_ENERGY_CONTEXT,ACTING_ENERGY_DISADVANTAGE,ENERGY_STATE,Set acting energy to two and opposing energy to four.,"['Ascension', 'Quick Attack']",Ascension | Quick Attack,4,2.0,4.0,-2.0,Quick Attack,0.79,0.148,0.642,True,False,0.81,0.126,0.684,Quick Attack,-0.020000000000000018,0.021999999999999992,-0.04200000000000004,False,False
4WE_PAIR_006_V01,4WE_PAIR_006_V01__OPPONENT,Opponent,T52_S001__HP_PRESSURE,HP_PRESSURE,4,OBSERVED_ENERGY_CONTEXT,ACTING_ENERGY_ADVANTAGE,ENERGY_STATE,Set acting energy to four and opposing energy to one.,"['Ascension', 'Quick Attack']",Ascension | Quick Attack,4,4.0,1.0,3.0,Quick Attack,0.8,0.136,0.664,True,False,0.81,0.126,0.684,Quick Attack,-0.010000000000000009,0.010000000000000009,-0.020000000000000018,False,False
4WE_PAIR_006_V01,4WE_PAIR_006_V01__OPPONENT,Opponent,T52_S001__HP_PRESSURE,HP_PRESSURE,4,OBSERVED_ENERGY_CONTEXT,EARLY_TURN,TURN_STATE,Force the decision context to turn one.,"['Ascension', 'Quick Attack']",Ascension | Quick Attack,1,3.0,3.0,0.0,Quick Attack,0.798,0.118,0.68,True,False,0.81,0.126,0.684,Quick Attack,-0.01200000000000001,-0.008000000000000007,-0.0040000000000000036,False,False
4WE_PAIR_006_V01,4WE_PAIR_006_V01__OPPONENT,Opponent,T52_S001__HP_PRESSURE,HP_PRESSURE,4,OBSERVED_ENERGY_CONTEXT,LATE_TURN,TURN_STATE,Force the decision context to turn twelve.,"['Ascension', 'Quick Attack']",Ascension | Quick Attack,12,3.0,3.0,0.0,Quick Attack,0.824,0.112,0.712,True,False,0.81,0.126,0.684,Quick Attack,0.013999999999999901,-0.013999999999999999,0.027999999999999914,False,False
4WE_PAIR_006_V01,4WE_PAIR_006_V01__PLAYER,Player,T52_S001__HP_PRESSURE,HP_PRESSURE,4,OBSERVED_ENERGY_CONTEXT,BASELINE,BASELINE,Preserve the original expanded case exactly.,"['Ascension', 'Quick Attack']",Ascension | Quick Attack,4,3.0,3.0,0.0,Quick Attack,0.812,0.124,0.6880000000000001,True,False,0.812,0.124,0.6880000000000001,Quick Attack,0.0,0.0,0.0,False,False
4WE_PAIR_006_V01,4WE_PAIR_006_V01__PLAYER,Player,T52_S001__HP_PRESSURE,HP_PRESSURE,4,OBSERVED_ENERGY_CONTEXT,LEGAL_SIGNATURE_ASCENSION_ONLY,LEGAL_STRUCTURE,Expose Ascension as the only legal action.,['Ascension'],Ascension,4,3.0,3.0,0.0,Ascension,0.09,0.642,-0.552,False,True,0.812,0.124,0.6880000000000001,Quick Attack,-0.7220000000000001,0.518,-1.2400000000000002,True,True
4WE_PAIR_006_V01,4WE_PAIR_006_V01__PLAYER,Player,T52_S001__HP_PRESSURE,HP_PRESSURE,4,OBSERVED_ENERGY_CONTEXT,LEGAL_SIGNATURE_QUICK_ATTACK_ONLY,LEGAL_STRUCTURE,Expose Quick Attack as the only legal action.,['Quick Attack'],Quick Attack,4,3.0,3.0,0.0,Ascension,0.21,0.4,-0.19000000000000003,False,True,0.812,0.124,0.6880000000000001,Quick Attack,-0.6020000000000001,0.276,-0.8780000000000001,True,True
4WE_PAIR_006_V01,4WE_PAIR_006_V01__PLAYER,Player,T52_S001__HP_PRESSURE,HP_PRESSURE,4,OBSERVED_ENERGY_CONTEXT,LOW_ACTING_ENERGY,ENERGY_STATE,Reduce the acting Pokémon to one attached energy.,"['Ascension', 'Quick Attack']",Ascension | Quick Attack,4,1.0,3.0,-2.0,Quick Attack,0.794,0.144,0.65,True,False,0.812,0.124,0.6880000000000001,Quick Attack,-0.018000000000000016,0.01999999999999999,-0.038000000000000034,False,False
4WE_PAIR_006_V01,4WE_PAIR_006_V01__PLAYER,Player,T52_S001__HP_PRESSURE,HP_PRESSURE,4,OBSERVED_ENERGY_CONTEXT,HIGH_ACTING_ENERGY,ENERGY_STATE,Increase the acting Pokémon to four attached energy.,"['Ascension', 'Quick Attack']",Ascension | Quick Attack,4,4.0,3.0,1.0,Quick Attack,0.812,0.124,0.6880000000000001,True,False,0.812,0.124,0.6880000000000001,Quick Attack,0.0,0.0,0.0,False,False
4WE_PAIR_006_V01,4WE_PAIR_006_V01__PLAYER,Player,T52_S001__HP_PRESSURE,HP_PRESSURE,4,OBSERVED_ENERGY_CONTEXT,ACTING_ENERGY_DISADVANTAGE,ENERGY_STATE,Set acting energy to two and opposing energy to four.,"['Ascension', 'Quick Attack']",Ascension | Quick Attack,4,2.0,4.0,-2.0,Quick Attack,0.798,0.14,0.658,True,False,0.812,0.124,0.6880000000000001,Quick Attack,-0.014000000000000012,0.016000000000000014,-0.030000000000000027,False,False
4WE_PAIR_006_V01,4WE_PAIR_006_V01__PLAYER,Player,T52_S001__HP_PRESSURE,HP_PRESSURE,4,OBSERVED_ENERGY_CONTEXT,ACTING_ENERGY_ADVANTAGE,ENERGY_STATE,Set acting energy to four and opposing energy to one.,"['Ascension', 'Quick Attack']",Ascension | Quick Attack,4,4.0,1.0,3.0,Quick Attack,0.804,0.13,0.674,True,False,0.812,0.124,0.6880000000000001,Quick Attack,-0.008000000000000007,0.006000000000000005,-0.014000000000000012,False,False
4WE_PAIR_006_V01,4WE_PAIR_006_V01__PLAYER,Player,T52_S001__HP_PRESSURE,HP_PRESSURE,4,OBSERVED_ENERGY_CONTEXT,EARLY_TURN,TURN_STATE,Force the decision context to turn one.,"['Ascension', 'Quick Attack']",Ascension | Quick Attack,1,3.0,3.0,0.0,Quick Attack,0.8,0.116,0.684,True,False,0.812,0.124,0.6880000000000001,Quick Attack,-0.01200000000000001,-0.007999999999999993,-0.0040000000000000036,False,False
4WE_PAIR_006_V01,4WE_PAIR_006_V01__PLAYER,Player,T52_S001__HP_PRESSURE,HP_PRESSURE,4,OBSERVED_ENERGY_CONTEXT,LATE_TURN,TURN_STATE,Force the decision context to turn twelve.,"['Ascension', 'Quick Attack']",Ascension | Quick Attack,12,3.0,3.0,0.0,Quick Attack,0.826,0.11,0.716,True,False,0.812,0.124,0.6880000000000001,Quick Attack,0.013999999999999901,-0.013999999999999999,0.027999999999999914,False,False
4WE_PAIR_006_V02,4WE_PAIR_006_V02__OPPONENT,Opponent,T52_S001__HP_PRESSURE,HP_PRESSURE,4,MINIMUM_MULTI_ACTION_ENERGY,BASELINE,BASELINE,Preserve the original expanded case exactly.,"['Ascension', 'Quick Attack']",Ascension | Quick Attack,4,2.0,3.0,-1.0,Quick Attack,0.79,0.148,0.642,True,False,0.79,0.148,0.642,Quick Attack,0.0,0.0,0.0,False,False
4WE_PAIR_006_V02,4WE_PAIR_006_V02__OPPONENT,Opponent,T52_S001__HP_PRESSURE,HP_PRESSURE,4,MINIMUM_MULTI_ACTION_ENERGY,LEGAL_SIGNATURE_ASCENSION_ONLY,LEGAL_STRUCTURE,Expose Ascension as the only legal action.,['Ascension'],Ascension,4,2.0,3.0,-1.0,Ascension,0.072,0.666,-0.5940000000000001,False,True,0.79,0.148,0.642,Quick Attack,-0.7180000000000001,0.518,-1.2360000000000002,True,True
4WE_PAIR_006_V02,4WE_PAIR_006_V02__OPPONENT,Opponent,T52_S001__HP_PRESSURE,HP_PRESSURE,4,MINIMUM_MULTI_ACTION_ENERGY,LEGAL_SIGNATURE_QUICK_ATTACK_ONLY,LEGAL_STRUCTURE,Expose Quick Attack as the only legal action.,['Quick Attack'],Quick Attack,4,2.0,3.0,-1.0,Ascension,0.19,0.422,-0.23199999999999998,False,True,0.79,0.148,0.642,Quick Attack,-0.6000000000000001,0.274,-0.874,True,True
4WE_PAIR_006_V02,4WE_PAIR_006_V02__OPPONENT,Opponent,T52_S001__HP_PRESSURE,HP_PRESSURE,4,MINIMUM_MULTI_ACTION_ENERGY,LOW_ACTING_ENERGY,ENERGY_STATE,Reduce the acting Pokémon to one attached energy.,"['Ascension', 'Quick Attack']",Ascension | Quick Attack,4,1.0,3.0,-2.0,Quick Attack,0.788,0.148,0.64,True,False,0.79,0.148,0.642,Quick Attack,-0.0020000000000000018,0.0,-0.0020000000000000018,False,False
4WE_PAIR_006_V02,4WE_PAIR_006_V02__OPPONENT,Opponent,T52_S001__HP_PRESSURE,HP_PRESSURE,4,MINIMUM_MULTI_ACTION_ENERGY,HIGH_ACTING_ENERGY,ENERGY_STATE,Increase the acting Pokémon to four attached energy.,"['Ascension', 'Quick Attack']",Ascension | Quick Attack,4,4.0,3.0,1.0,Quick Attack,0.81,0.126,0.684,True,False,0.79,0.148,0.642,Quick Attack,0.020000000000000018,-0.021999999999999992,0.04200000000000004,False,False
4WE_PAIR_006_V02,4WE_PAIR_006_V02__OPPONENT,Opponent,T52_S001__HP_PRESSURE,HP_PRESSURE,4,MINIMUM_MULTI_ACTION_ENERGY,ACTING_ENERGY_DISADVANTAGE,ENERGY_STATE,Set acting energy to two and opposing energy to four.,"['Ascension', 'Quick Attack']",Ascension | Quick Attack,4,2.0,4.0,-2.0,Quick Attack,0.79,0.148,0.642,True,False,0.79,0.148,0.642,Quick Attack,0.0,0.0,0.0,False,False
4WE_PAIR_006_V02,4WE_PAIR_006_V02__OPPONENT,Opponent,T52_S001__HP_PRESSURE,HP_PRESSURE,4,MINIMUM_MULTI_ACTION_ENERGY,ACTING_ENERGY_ADVANTAGE,ENERGY_STATE,Set acting energy to four and opposing energy to one.,"['Ascension', 'Quick Attack']",Ascension | Quick Attack,4,4.0,1.0,3.0,Quick Attack,0.8,0.136,0.664,True,False,0.79,0.148,0.642,Quick Attack,0.010000000000000009,-0.011999999999999983,0.02200000000000002,False,False
4WE_PAIR_006_V02,4WE_PAIR_006_V02__OPPONENT,Opponent,T52_S001__HP_PRESSURE,HP_PRESSURE,4,MINIMUM_MULTI_ACTION_ENERGY,EARLY_TURN,TURN_STATE,Force the decision context to turn one.,"['Ascension', 'Quick Attack']",Ascension | Quick Attack,1,2.0,3.0,-1.0,Quick Attack,0.778,0.14,0.638,True,False,0.79,0.148,0.642,Quick Attack,-0.01200000000000001,-0.00799999999999998,-0.0040000000000000036,False,False
4WE_PAIR_006_V02,4WE_PAIR_006_V02__OPPONENT,Opponent,T52_S001__HP_PRESSURE,HP_PRESSURE,4,MINIMUM_MULTI_ACTION_ENERGY,LATE_TURN,TURN_STATE,Force the decision context to turn twelve.,"['Ascension', 'Quick Attack']",Ascension | Quick Attack,12,2.0,3.0,-1.0,Quick Attack,0.804,0.134,0.67,True,False,0.79,0.148,0.642,Quick Attack,0.014000000000000012,-0.013999999999999985,0.028000000000000025,False,False
4WE_PAIR_006_V02,4WE_PAIR_006_V02__PLAYER,Player,T52_S001__HP_PRESSURE,HP_PRESSURE,4,MINIMUM_MULTI_ACTION_ENERGY,BASELINE,BASELINE,Preserve the original expanded case exactly.,"['Ascension', 'Quick Attack']",Ascension | Quick Attack,4,2.0,3.0,-1.0,Quick Attack,0.798,0.14,0.658,True,False,0.798,0.14,0.658,Quick Attack,0.0,0.0,0.0,False,False
4WE_PAIR_006_V02,4WE_PAIR_006_V02__PLAYER,Player,T52_S001__HP_PRESSURE,HP_PRESSURE,4,MINIMUM_MULTI_ACTION_ENERGY,LEGAL_SIGNATURE_ASCENSION_ONLY,LEGAL_STRUCTURE,Expose Ascension as the only legal action.,['Ascension'],Ascension,4,2.0,3.0,-1.0,Ascension,0.08,0.658,-0.5780000000000001,False,True,0.798,0.14,0.658,Quick Attack,-0.7180000000000001,0.518,-1.2360000000000002,True,True
4WE_PAIR_006_V02,4WE_PAIR_006_V02__PLAYER,Player,T52_S001__HP_PRESSURE,HP_PRESSURE,4,MINIMUM_MULTI_ACTION_ENERGY,LEGAL_SIGNATURE_QUICK_ATTACK_ONLY,LEGAL_STRUCTURE,Expose Quick Attack as the only legal action.,['Quick Attack'],Quick Attack,4,2.0,3.0,-1.0,Ascension,0.198,0.414,-0.21599999999999997,False,True,0.798,0.14,0.658,Quick Attack,-0.6000000000000001,0.27399999999999997,-0.874,True,True
4WE_PAIR_006_V02,4WE_PAIR_006_V02__PLAYER,Player,T52_S001__HP_PRESSURE,HP_PRESSURE,4,MINIMUM_MULTI_ACTION_ENERGY,LOW_ACTING_ENERGY,ENERGY_STATE,Reduce the acting Pokémon to one attached energy.,"['Ascension', 'Quick Attack']",Ascension | Quick Attack,4,1.0,3.0,-2.0,Quick Attack,0.794,0.144,0.65,True,False,0.798,0.14,0.658,Quick Attack,-0.0040000000000000036,0.003999999999999976,-0.008000000000000007,False,False
4WE_PAIR_006_V02,4WE_PAIR_006_V02__PLAYER,Player,T52_S001__HP_PRESSURE,HP_PRESSURE,4,MINIMUM_MULTI_ACTION_ENERGY,HIGH_ACTING_ENERGY,ENERGY_STATE,Increase the acting Pokémon to four attached energy.,"['Ascension', 'Quick Attack']",Ascension | Quick Attack,4,4.0,3.0,1.0,Quick Attack,0.812,0.124,0.6880000000000001,True,False,0.798,0.14,0.658,Quick Attack,0.014000000000000012,-0.016000000000000014,0.030000000000000027,False,False
4WE_PAIR_006_V02,4WE_PAIR_006_V02__PLAYER,Player,T52_S001__HP_PRESSURE,HP_PRESSURE,4,MINIMUM_MULTI_ACTION_ENERGY,ACTING_ENERGY_DISADVANTAGE,ENERGY_STATE,Set acting energy to two and opposing energy to four.,"['Ascension', 'Quick Attack']",Ascension | Quick Attack,4,2.0,4.0,-2.0,Quick Attack,0.798,0.14,0.658,True,False,0.798,0.14,0.658,Quick Attack,0.0,0.0,0.0,False,False
4WE_PAIR_006_V02,4WE_PAIR_006_V02__PLAYER,Player,T52_S001__HP_PRESSURE,HP_PRESSURE,4,MINIMUM_MULTI_ACTION_ENERGY,ACTING_ENERGY_ADVANTAGE,ENERGY_STATE,Set acting energy to four and opposing energy to one.,"['Ascension', 'Quick Attack']",Ascension | Quick Attack,4,4.0,1.0,3.0,Quick Attack,0.804,0.13,0.674,True,False,0.798,0.14,0.658,Quick Attack,0.006000000000000005,-0.010000000000000009,0.016000000000000014,False,False
4WE_PAIR_006_V02,4WE_PAIR_006_V02__PLAYER,Player,T52_S001__HP_PRESSURE,HP_PRESSURE,4,MINIMUM_MULTI_ACTION_ENERGY,EARLY_TURN,TURN_STATE,Force the decision context to turn one.,"['Ascension', 'Quick Attack']",Ascension | Quick Attack,1,2.0,3.0,-1.0,Quick Attack,0.786,0.132,0.654,True,False,0.798,0.14,0.658,Quick Attack,-0.01200000000000001,-0.008000000000000007,-0.0040000000000000036,False,False
4WE_PAIR_006_V02,4WE_PAIR_006_V02__PLAYER,Player,T52_S001__HP_PRESSURE,HP_PRESSURE,4,MINIMUM_MULTI_ACTION_ENERGY,LATE_TURN,TURN_STATE,Force the decision context to turn twelve.,"['Ascension', 'Quick Attack']",Ascension | Quick Attack,12,2.0,3.0,-1.0,Quick Attack,0.812,0.126,0.686,True,False,0.798,0.14,0.658,Quick Attack,0.014000000000000012,-0.014000000000000012,0.028000000000000025,False,False
4WE_PAIR_006_V03,4WE_PAIR_006_V03__OPPONENT,Opponent,T52_S001__HP_PRESSURE,HP_PRESSURE,4,SYMMETRIC_TWO_ENERGY,BASELINE,BASELINE,Preserve the original expanded case exactly.,"['Ascension', 'Quick Attack']",Ascension | Quick Attack,4,2.0,2.0,0.0,Quick Attack,0.79,0.148,0.642,True,False,0.79,0.148,0.642,Quick Attack,0.0,0.0,0.0,False,False
4WE_PAIR_006_V03,4WE_PAIR_006_V03__OPPONENT,Opponent,T52_S001__HP_PRESSURE,HP_PRESSURE,4,SYMMETRIC_TWO_ENERGY,LEGAL_SIGNATURE_ASCENSION_ONLY,LEGAL_STRUCTURE,Expose Ascension as the only legal action.,['Ascension'],Ascension,4,2.0,2.0,0.0,Ascension,0.072,0.666,-0.5940000000000001,False,True,0.79,0.148,0.642,Quick Attack,-0.7180000000000001,0.518,-1.2360000000000002,True,True
4WE_PAIR_006_V03,4WE_PAIR_006_V03__OPPONENT,Opponent,T52_S001__HP_PRESSURE,HP_PRESSURE,4,SYMMETRIC_TWO_ENERGY,LEGAL_SIGNATURE_QUICK_ATTACK_ONLY,LEGAL_STRUCTURE,Expose Quick Attack as the only legal action.,['Quick Attack'],Quick Attack,4,2.0,2.0,0.0,Ascension,0.19,0.422,-0.23199999999999998,False,True,0.79,0.148,0.642,Quick Attack,-0.6000000000000001,0.274,-0.874,True,True
4WE_PAIR_006_V03,4WE_PAIR_006_V03__OPPONENT,Opponent,T52_S001__HP_PRESSURE,HP_PRESSURE,4,SYMMETRIC_TWO_ENERGY,LOW_ACTING_ENERGY,ENERGY_STATE,Reduce the acting Pokémon to one attached energy.,"['Ascension', 'Quick Attack']",Ascension | Quick Attack,4,1.0,2.0,-1.0,Quick Attack,0.788,0.148,0.64,True,False,0.79,0.148,0.642,Quick Attack,-0.0020000000000000018,0.0,-0.0020000000000000018,False,False
4WE_PAIR_006_V03,4WE_PAIR_006_V03__OPPONENT,Opponent,T52_S001__HP_PRESSURE,HP_PRESSURE,4,SYMMETRIC_TWO_ENERGY,HIGH_ACTING_ENERGY,ENERGY_STATE,Increase the acting Pokémon to four attached energy.,"['Ascension', 'Quick Attack']",Ascension | Quick Attack,4,4.0,2.0,2.0,Quick Attack,0.81,0.126,0.684,True,False,0.79,0.148,0.642,Quick Attack,0.020000000000000018,-0.021999999999999992,0.04200000000000004,False,False
4WE_PAIR_006_V03,4WE_PAIR_006_V03__OPPONENT,Opponent,T52_S001__HP_PRESSURE,HP_PRESSURE,4,SYMMETRIC_TWO_ENERGY,ACTING_ENERGY_DISADVANTAGE,ENERGY_STATE,Set acting energy to two and opposing energy to four.,"['Ascension', 'Quick Attack']",Ascension | Quick Attack,4,2.0,4.0,-2.0,Quick Attack,0.79,0.148,0.642,True,False,0.79,0.148,0.642,Quick Attack,0.0,0.0,0.0,False,False
4WE_PAIR_006_V03,4WE_PAIR_006_V03__OPPONENT,Opponent,T52_S001__HP_PRESSURE,HP_PRESSURE,4,SYMMETRIC_TWO_ENERGY,ACTING_ENERGY_ADVANTAGE,ENERGY_STATE,Set acting energy to four and opposing energy to one.,"['Ascension', 'Quick Attack']",Ascension | Quick Attack,4,4.0,1.0,3.0,Quick Attack,0.8,0.136,0.664,True,False,0.79,0.148,0.642,Quick Attack,0.010000000000000009,-0.011999999999999983,0.02200000000000002,False,False
4WE_PAIR_006_V03,4WE_PAIR_006_V03__OPPONENT,Opponent,T52_S001__HP_PRESSURE,HP_PRESSURE,4,SYMMETRIC_TWO_ENERGY,EARLY_TURN,TURN_STATE,Force the decision context to turn one.,"['Ascension', 'Quick Attack']",Ascension | Quick Attack,1,2.0,2.0,0.0,Quick Attack,0.778,0.14,0.638,True,False,0.79,0.148,0.642,Quick Attack,-0.01200000000000001,-0.00799999999999998,-0.0040000000000000036,False,False
4WE_PAIR_006_V03,4WE_PAIR_006_V03__OPPONENT,Opponent,T52_S001__HP_PRESSURE,HP_PRESSURE,4,SYMMETRIC_TWO_ENERGY,LATE_TURN,TURN_STATE,Force the decision context to turn twelve.,"['Ascension', 'Quick Attack']",Ascension | Quick Attack,12,2.0,2.0,0.0,Quick Attack,0.804,0.134,0.67,True,False,0.79,0.148,0.642,Quick Attack,0.014000000000000012,-0.013999999999999985,0.028000000000000025,False,False
4WE_PAIR_006_V03,4WE_PAIR_006_V03__PLAYER,Player,T52_S001__HP_PRESSURE,HP_PRESSURE,4,SYMMETRIC_TWO_ENERGY,BASELINE,BASELINE,Preserve the original expanded case exactly.,"['Ascension', 'Quick Attack']",Ascension | Quick Attack,4,2.0,2.0,0.0,Quick Attack,0.798,0.14,0.658,True,False,0.798,0.14,0.658,Quick Attack,0.0,0.0,0.0,False,False
4WE_PAIR_006_V03,4WE_PAIR_006_V03__PLAYER,Player,T52_S001__HP_PRESSURE,HP_PRESSURE,4,SYMMETRIC_TWO_ENERGY,LEGAL_SIGNATURE_ASCENSION_ONLY,LEGAL_STRUCTURE,Expose Ascension as the only legal action.,['Ascension'],Ascension,4,2.0,2.0,0.0,Ascension,0.078,0.66,-0.5820000000000001,False,True,0.798,0.14,0.658,Quick Attack,-0.7200000000000001,0.52,-1.2400000000000002,True,True
4WE_PAIR_006_V03,4WE_PAIR_006_V03__PLAYER,Player,T52_S001__HP_PRESSURE,HP_PRESSURE,4,SYMMETRIC_TWO_ENERGY,LEGAL_SIGNATURE_QUICK_ATTACK_ONLY,LEGAL_STRUCTURE,Expose Quick Attack as the only legal action.,['Quick Attack'],Quick Attack,4,2.0,2.0,0.0,Ascension,0.196,0.416,-0.21999999999999997,False,True,0.798,0.14,0.658,Quick Attack,-0.6020000000000001,0.27599999999999997,-0.878,True,True
4WE_PAIR_006_V03,4WE_PAIR_006_V03__PLAYER,Player,T52_S001__HP_PRESSURE,HP_PRESSURE,4,SYMMETRIC_TWO_ENERGY,LOW_ACTING_ENERGY,ENERGY_STATE,Reduce the acting Pokémon to one attached energy.,"['Ascension', 'Quick Attack']",Ascension | Quick Attack,4,1.0,2.0,-1.0,Quick Attack,0.794,0.144,0.65,True,False,0.798,0.14,0.658,Quick Attack,-0.0040000000000000036,0.003999999999999976,-0.008000000000000007,False,False
4WE_PAIR_006_V03,4WE_PAIR_006_V03__PLAYER,Player,T52_S001__HP_PRESSURE,HP_PRESSURE,4,SYMMETRIC_TWO_ENERGY,HIGH_ACTING_ENERGY,ENERGY_STATE,Increase the acting Pokémon to four attached energy.,"['Ascension', 'Quick Attack']",Ascension | Quick Attack,4,4.0,2.0,2.0,Quick Attack,0.812,0.124,0.6880000000000001,True,False,0.798,0.14,0.658,Quick Attack,0.014000000000000012,-0.016000000000000014,0.030000000000000027,False,False
4WE_PAIR_006_V03,4WE_PAIR_006_V03__PLAYER,Player,T52_S001__HP_PRESSURE,HP_PRESSURE,4,SYMMETRIC_TWO_ENERGY,ACTING_ENERGY_DISADVANTAGE,ENERGY_STATE,Set acting energy to two and opposing energy to four.,"['Ascension', 'Quick Attack']",Ascension | Quick Attack,4,2.0,4.0,-2.0,Quick Attack,0.798,0.14,0.658,True,False,0.798,0.14,0.658,Quick Attack,0.0,0.0,0.0,False,False
4WE_PAIR_006_V03,4WE_PAIR_006_V03__PLAYER,Player,T52_S001__HP_PRESSURE,HP_PRESSURE,4,SYMMETRIC_TWO_ENERGY,ACTING_ENERGY_ADVANTAGE,ENERGY_STATE,Set acting energy to four and opposing energy to one.,"['Ascension', 'Quick Attack']",Ascension | Quick Attack,4,4.0,1.0,3.0,Quick Attack,0.804,0.13,0.674,True,False,0.798,0.14,0.658,Quick Attack,0.006000000000000005,-0.010000000000000009,0.016000000000000014,False,False
4WE_PAIR_006_V03,4WE_PAIR_006_V03__PLAYER,Player,T52_S001__HP_PRESSURE,HP_PRESSURE,4,SYMMETRIC_TWO_ENERGY,EARLY_TURN,TURN_STATE,Force the decision context to turn one.,"['Ascension', 'Quick Attack']",Ascension | Quick Attack,1,2.0,2.0,0.0,Quick Attack,0.786,0.132,0.654,True,False,0.798,0.14,0.658,Quick Attack,-0.01200000000000001,-0.008000000000000007,-0.0040000000000000036,False,False
4WE_PAIR_006_V03,4WE_PAIR_006_V03__PLAYER,Player,T52_S001__HP_PRESSURE,HP_PRESSURE,4,SYMMETRIC_TWO_ENERGY,LATE_TURN,TURN_STATE,Force the decision context to turn twelve.,"['Ascension', 'Quick Attack']",Ascension | Quick Attack,12,2.0,2.0,0.0,Quick Attack,0.812,0.126,0.686,True,False,0.798,0.14,0.658,Quick Attack,0.014000000000000012,-0.014000000000000012,0.028000000000000025,False,False
4WE_PAIR_006_V04,4WE_PAIR_006_V04__OPPONENT,Opponent,T52_S001__HP_PRESSURE,HP_PRESSURE,4,EEVEE_ENERGY_ADVANTAGE,BASELINE,BASELINE,Preserve the original expanded case exactly.,"['Ascension', 'Quick Attack']",Ascension | Quick Attack,4,3.0,2.0,1.0,Quick Attack,0.81,0.126,0.684,True,False,0.81,0.126,0.684,Quick Attack,0.0,0.0,0.0,False,False
4WE_PAIR_006_V04,4WE_PAIR_006_V04__OPPONENT,Opponent,T52_S001__HP_PRESSURE,HP_PRESSURE,4,EEVEE_ENERGY_ADVANTAGE,LEGAL_SIGNATURE_ASCENSION_ONLY,LEGAL_STRUCTURE,Expose Ascension as the only legal action.,['Ascension'],Ascension,4,3.0,2.0,1.0,Ascension,0.09,0.642,-0.552,False,True,0.81,0.126,0.684,Quick Attack,-0.7200000000000001,0.516,-1.2360000000000002,True,True
4WE_PAIR_006_V04,4WE_PAIR_006_V04__OPPONENT,Opponent,T52_S001__HP_PRESSURE,HP_PRESSURE,4,EEVEE_ENERGY_ADVANTAGE,LEGAL_SIGNATURE_QUICK_ATTACK_ONLY,LEGAL_STRUCTURE,Expose Quick Attack as the only legal action.,['Quick Attack'],Quick Attack,4,3.0,2.0,1.0,Ascension,0.21,0.4,-0.19000000000000003,False,True,0.81,0.126,0.684,Quick Attack,-0.6000000000000001,0.274,-0.8740000000000001,True,True
4WE_PAIR_006_V04,4WE_PAIR_006_V04__OPPONENT,Opponent,T52_S001__HP_PRESSURE,HP_PRESSURE,4,EEVEE_ENERGY_ADVANTAGE,LOW_ACTING_ENERGY,ENERGY_STATE,Reduce the acting Pokémon to one attached energy.,"['Ascension', 'Quick Attack']",Ascension | Quick Attack,4,1.0,2.0,-1.0,Quick Attack,0.788,0.148,0.64,True,False,0.81,0.126,0.684,Quick Attack,-0.02200000000000002,0.021999999999999992,-0.04400000000000004,False,False
4WE_PAIR_006_V04,4WE_PAIR_006_V04__OPPONENT,Opponent,T52_S001__HP_PRESSURE,HP_PRESSURE,4,EEVEE_ENERGY_ADVANTAGE,HIGH_ACTING_ENERGY,ENERGY_STATE,Increase the acting Pokémon to four attached energy.,"['Ascension', 'Quick Attack']",Ascension | Quick Attack,4,4.0,2.0,2.0,Quick Attack,0.81,0.126,0.684,True,False,0.81,0.126,0.684,Quick Attack,0.0,0.0,0.0,False,False
4WE_PAIR_006_V04,4WE_PAIR_006_V04__OPPONENT,Opponent,T52_S001__HP_PRESSURE,HP_PRESSURE,4,EEVEE_ENERGY_ADVANTAGE,ACTING_ENERGY_DISADVANTAGE,ENERGY_STATE,Set acting energy to two and opposing energy to four.,"['Ascension', 'Quick Attack']",Ascension | Quick Attack,4,2.0,4.0,-2.0,Quick Attack,0.79,0.148,0.642,True,False,0.81,0.126,0.684,Quick Attack,-0.020000000000000018,0.021999999999999992,-0.04200000000000004,False,False
4WE_PAIR_006_V04,4WE_PAIR_006_V04__OPPONENT,Opponent,T52_S001__HP_PRESSURE,HP_PRESSURE,4,EEVEE_ENERGY_ADVANTAGE,ACTING_ENERGY_ADVANTAGE,ENERGY_STATE,Set acting energy to four and opposing energy to one.,"['Ascension', 'Quick Attack']",Ascension | Quick Attack,4,4.0,1.0,3.0,Quick Attack,0.8,0.136,0.664,True,False,0.81,0.126,0.684,Quick Attack,-0.010000000000000009,0.010000000000000009,-0.020000000000000018,False,False
4WE_PAIR_006_V04,4WE_PAIR_006_V04__OPPONENT,Opponent,T52_S001__HP_PRESSURE,HP_PRESSURE,4,EEVEE_ENERGY_ADVANTAGE,EARLY_TURN,TURN_STATE,Force the decision context to turn one.,"['Ascension', 'Quick Attack']",Ascension | Quick Attack,1,3.0,2.0,1.0,Quick Attack,0.798,0.118,0.68,True,False,0.81,0.126,0.684,Quick Attack,-0.01200000000000001,-0.008000000000000007,-0.0040000000000000036,False,False
4WE_PAIR_006_V04,4WE_PAIR_006_V04__OPPONENT,Opponent,T52_S001__HP_PRESSURE,HP_PRESSURE,4,EEVEE_ENERGY_ADVANTAGE,LATE_TURN,TURN_STATE,Force the decision context to turn twelve.,"['Ascension', 'Quick Attack']",Ascension | Quick Attack,12,3.0,2.0,1.0,Quick Attack,0.824,0.112,0.712,True,False,0.81,0.126,0.684,Quick Attack,0.013999999999999901,-0.013999999999999999,0.027999999999999914,False,False
4WE_PAIR_006_V04,4WE_PAIR_006_V04__PLAYER,Player,T52_S001__HP_PRESSURE,HP_PRESSURE,4,EEVEE_ENERGY_ADVANTAGE,BASELINE,BASELINE,Preserve the original expanded case exactly.,"['Ascension', 'Quick Attack']",Ascension | Quick Attack,4,3.0,2.0,1.0,Quick Attack,0.812,0.124,0.6880000000000001,True,False,0.812,0.124,0.6880000000000001,Quick Attack,0.0,0.0,0.0,False,False
4WE_PAIR_006_V04,4WE_PAIR_006_V04__PLAYER,Player,T52_S001__HP_PRESSURE,HP_PRESSURE,4,EEVEE_ENERGY_ADVANTAGE,LEGAL_SIGNATURE_ASCENSION_ONLY,LEGAL_STRUCTURE,Expose Ascension as the only legal action.,['Ascension'],Ascension,4,3.0,2.0,1.0,Ascension,0.088,0.644,-0.556,False,True,0.812,0.124,0.6880000000000001,Quick Attack,-0.7240000000000001,0.52,-1.2440000000000002,True,True
4WE_PAIR_006_V04,4WE_PAIR_006_V04__PLAYER,Player,T52_S001__HP_PRESSURE,HP_PRESSURE,4,EEVEE_ENERGY_ADVANTAGE,LEGAL_SIGNATURE_QUICK_ATTACK_ONLY,LEGAL_STRUCTURE,Expose Quick Attack as the only legal action.,['Quick Attack'],Quick Attack,4,3.0,2.0,1.0,Ascension,0.208,0.402,-0.19400000000000003,False,True,0.812,0.124,0.6880000000000001,Quick Attack,-0.6040000000000001,0.278,-0.8820000000000001,True,True
4WE_PAIR_006_V04,4WE_PAIR_006_V04__PLAYER,Player,T52_S001__HP_PRESSURE,HP_PRESSURE,4,EEVEE_ENERGY_ADVANTAGE,LOW_ACTING_ENERGY,ENERGY_STATE,Reduce the acting Pokémon to one attached energy.,"['Ascension', 'Quick Attack']",Ascension | Quick Attack,4,1.0,2.0,-1.0,Quick Attack,0.794,0.144,0.65,True,False,0.812,0.124,0.6880000000000001,Quick Attack,-0.018000000000000016,0.01999999999999999,-0.038000000000000034,False,False
4WE_PAIR_006_V04,4WE_PAIR_006_V04__PLAYER,Player,T52_S001__HP_PRESSURE,HP_PRESSURE,4,EEVEE_ENERGY_ADVANTAGE,HIGH_ACTING_ENERGY,ENERGY_STATE,Increase the acting Pokémon to four attached energy.,"['Ascension', 'Quick Attack']",Ascension | Quick Attack,4,4.0,2.0,2.0,Quick Attack,0.812,0.124,0.6880000000000001,True,False,0.812,0.124,0.6880000000000001,Quick Attack,0.0,0.0,0.0,False,False
4WE_PAIR_006_V04,4WE_PAIR_006_V04__PLAYER,Player,T52_S001__HP_PRESSURE,HP_PRESSURE,4,EEVEE_ENERGY_ADVANTAGE,ACTING_ENERGY_DISADVANTAGE,ENERGY_STATE,Set acting energy to two and opposing energy to four.,"['Ascension', 'Quick Attack']",Ascension | Quick Attack,4,2.0,4.0,-2.0,Quick Attack,0.798,0.14,0.658,True,False,0.812,0.124,0.6880000000000001,Quick Attack,-0.014000000000000012,0.016000000000000014,-0.030000000000000027,False,False
4WE_PAIR_006_V04,4WE_PAIR_006_V04__PLAYER,Player,T52_S001__HP_PRESSURE,HP_PRESSURE,4,EEVEE_ENERGY_ADVANTAGE,ACTING_ENERGY_ADVANTAGE,ENERGY_STATE,Set acting energy to four and opposing energy to one.,"['Ascension', 'Quick Attack']",Ascension | Quick Attack,4,4.0,1.0,3.0,Quick Attack,0.804,0.13,0.674,True,False,0.812,0.124,0.6880000000000001,Quick Attack,-0.008000000000000007,0.006000000000000005,-0.014000000000000012,False,False
4WE_PAIR_006_V04,4WE_PAIR_006_V04__PLAYER,Player,T52_S001__HP_PRESSURE,HP_PRESSURE,4,EEVEE_ENERGY_ADVANTAGE,EARLY_TURN,TURN_STATE,Force the decision context to turn one.,"['Ascension', 'Quick Attack']",Ascension | Quick Attack,1,3.0,2.0,1.0,Quick Attack,0.8,0.116,0.684,True,False,0.812,0.124,0.6880000000000001,Quick Attack,-0.01200000000000001,-0.007999999999999993,-0.0040000000000000036,False,False
4WE_PAIR_006_V04,4WE_PAIR_006_V04__PLAYER,Player,T52_S001__HP_PRESSURE,HP_PRESSURE,4,EEVEE_ENERGY_ADVANTAGE,LATE_TURN,TURN_STATE,Force the decision context to turn twelve.,"['Ascension', 'Quick Attack']",Ascension | Quick Attack,12,3.0,2.0,1.0,Quick Attack,0.826,0.11,0.716,True,False,0.812,0.124,0.6880000000000001,Quick Attack,0.013999999999999901,-0.013999999999999999,0.027999999999999914,False,False
4WE_PAIR_007_V01,4WE_PAIR_007_V01__OPPONENT,Opponent,T52_S002__BASELINE,BASELINE,1,OBSERVED_ENERGY_CONTEXT,BASELINE,BASELINE,Preserve the original expanded case exactly.,"['Ascension', 'Quick Attack']",Ascension | Quick Attack,1,3.0,3.0,0.0,Quick Attack,0.702,0.176,0.526,True,False,0.702,0.176,0.526,Quick Attack,0.0,0.0,0.0,False,False
4WE_PAIR_007_V01,4WE_PAIR_007_V01__OPPONENT,Opponent,T52_S002__BASELINE,BASELINE,1,OBSERVED_ENERGY_CONTEXT,LEGAL_SIGNATURE_ASCENSION_ONLY,LEGAL_STRUCTURE,Expose Ascension as the only legal action.,['Ascension'],Ascension,1,3.0,3.0,0.0,Ascension,0.042,0.606,-0.564,False,True,0.702,0.176,0.526,Quick Attack,-0.6599999999999999,0.43,-1.0899999999999999,True,True
4WE_PAIR_007_V01,4WE_PAIR_007_V01__OPPONENT,Opponent,T52_S002__BASELINE,BASELINE,1,OBSERVED_ENERGY_CONTEXT,LEGAL_SIGNATURE_QUICK_ATTACK_ONLY,LEGAL_STRUCTURE,Expose Quick Attack as the only legal action.,['Quick Attack'],Quick Attack,1,3.0,3.0,0.0,Ascension,0.154,0.374,-0.22,False,True,0.702,0.176,0.526,Quick Attack,-0.5479999999999999,0.198,-0.746,True,True
4WE_PAIR_007_V01,4WE_PAIR_007_V01__OPPONENT,Opponent,T52_S002__BASELINE,BASELINE,1,OBSERVED_ENERGY_CONTEXT,LOW_ACTING_ENERGY,ENERGY_STATE,Reduce the acting Pokémon to one attached energy.,"['Ascension', 'Quick Attack']",Ascension | Quick Attack,1,1.0,3.0,-2.0,Quick Attack,0.694,0.184,0.51,True,False,0.702,0.176,0.526,Quick Attack,-0.008000000000000007,0.008000000000000007,-0.016000000000000014,False,False
4WE_PAIR_007_V01,4WE_PAIR_007_V01__OPPONENT,Opponent,T52_S002__BASELINE,BASELINE,1,OBSERVED_ENERGY_CONTEXT,HIGH_ACTING_ENERGY,ENERGY_STATE,Increase the acting Pokémon to four attached energy.,"['Ascension', 'Quick Attack']",Ascension | Quick Attack,1,4.0,3.0,1.0,Quick Attack,0.708,0.17,0.5379999999999999,True,False,0.702,0.176,0.526,Quick Attack,0.006000000000000005,-0.005999999999999978,0.0119999999999999,False,False
4WE_PAIR_007_V01,4WE_PAIR_007_V01__OPPONENT,Opponent,T52_S002__BASELINE,BASELINE,1,OBSERVED_ENERGY_CONTEXT,ACTING_ENERGY_DISADVANTAGE,ENERGY_STATE,Set acting energy to two and opposing energy to four.,"['Ascension', 'Quick Attack']",Ascension | Quick Attack,1,2.0,4.0,-2.0,Quick Attack,0.698,0.182,0.516,True,False,0.702,0.176,0.526,Quick Attack,-0.0040000000000000036,0.006000000000000005,-0.010000000000000009,False,False
4WE_PAIR_007_V01,4WE_PAIR_007_V01__OPPONENT,Opponent,T52_S002__BASELINE,BASELINE,1,OBSERVED_ENERGY_CONTEXT,ACTING_ENERGY_ADVANTAGE,ENERGY_STATE,Set acting energy to four and opposing energy to one.,"['Ascension', 'Quick Attack']",Ascension | Quick Attack,1,4.0,1.0,3.0,Quick Attack,0.704,0.174,0.53,True,False,0.702,0.176,0.526,Quick Attack,0.0020000000000000018,-0.0020000000000000018,0.0040000000000000036,False,False
4WE_PAIR_007_V01,4WE_PAIR_007_V01__OPPONENT,Opponent,T52_S002__BASELINE,BASELINE,1,OBSERVED_ENERGY_CONTEXT,EARLY_TURN,TURN_STATE,Force the decision context to turn one.,"['Ascension', 'Quick Attack']",Ascension | Quick Attack,1,3.0,3.0,0.0,Quick Attack,0.702,0.176,0.526,True,False,0.702,0.176,0.526,Quick Attack,0.0,0.0,0.0,False,False
4WE_PAIR_007_V01,4WE_PAIR_007_V01__OPPONENT,Opponent,T52_S002__BASELINE,BASELINE,1,OBSERVED_ENERGY_CONTEXT,LATE_TURN,TURN_STATE,Force the decision context to turn twelve.,"['Ascension', 'Quick Attack']",Ascension | Quick Attack,12,3.0,3.0,0.0,Quick Attack,0.718,0.18,0.538,True,False,0.702,0.176,0.526,Quick Attack,0.016000000000000014,0.0040000000000000036,0.01200000000000001,False,False
4WE_PAIR_007_V01,4WE_PAIR_007_V01__PLAYER,Player,T52_S002__BASELINE,BASELINE,1,OBSERVED_ENERGY_CONTEXT,BASELINE,BASELINE,Preserve the original expanded case exactly.,"['Ascension', 'Quick Attack']",Ascension | Quick Attack,1,3.0,3.0,0.0,Quick Attack,0.704,0.174,0.53,True,False,0.704,0.174,0.53,Quick Attack,0.0,0.0,0.0,False,False
4WE_PAIR_007_V01,4WE_PAIR_007_V01__PLAYER,Player,T52_S002__BASELINE,BASELINE,1,OBSERVED_ENERGY_CONTEXT,LEGAL_SIGNATURE_ASCENSION_ONLY,LEGAL_STRUCTURE,Expose Ascension as the only legal action.,['Ascension'],Ascension,1,3.0,3.0,0.0,Ascension,0.042,0.604,-0.5619999999999999,False,True,0.704,0.174,0.53,Quick Attack,-0.6619999999999999,0.43,-1.092,True,True
4WE_PAIR_007_V01,4WE_PAIR_007_V01__PLAYER,Player,T52_S002__BASELINE,BASELINE,1,OBSERVED_ENERGY_CONTEXT,LEGAL_SIGNATURE_QUICK_ATTACK_ONLY,LEGAL_STRUCTURE,Expose Quick Attack as the only legal action.,['Quick Attack'],Quick Attack,1,3.0,3.0,0.0,Ascension,0.154,0.372,-0.218,False,True,0.704,0.174,0.53,Quick Attack,-0.5499999999999999,0.198,-0.748,True,True
4WE_PAIR_007_V01,4WE_PAIR_007_V01__PLAYER,Player,T52_S002__BASELINE,BASELINE,1,OBSERVED_ENERGY_CONTEXT,LOW_ACTING_ENERGY,ENERGY_STATE,Reduce the acting Pokémon to one attached energy.,"['Ascension', 'Quick Attack']",Ascension | Quick Attack,1,1.0,3.0,-2.0,Quick Attack,0.696,0.184,0.512,True,False,0.704,0.174,0.53,Quick Attack,-0.008000000000000007,0.010000000000000009,-0.018000000000000016,False,False
4WE_PAIR_007_V01,4WE_PAIR_007_V01__PLAYER,Player,T52_S002__BASELINE,BASELINE,1,OBSERVED_ENERGY_CONTEXT,HIGH_ACTING_ENERGY,ENERGY_STATE,Increase the acting Pokémon to four attached energy.,"['Ascension', 'Quick Attack']",Ascension | Quick Attack,1,4.0,3.0,1.0,Quick Attack,0.708,0.17,0.5379999999999999,True,False,0.704,0.174,0.53,Quick Attack,0.0040000000000000036,-0.003999999999999976,0.007999999999999896,False,False
4WE_PAIR_007_V01,4WE_PAIR_007_V01__PLAYER,Player,T52_S002__BASELINE,BASELINE,1,OBSERVED_ENERGY_CONTEXT,ACTING_ENERGY_DISADVANTAGE,ENERGY_STATE,Set acting energy to two and opposing energy to four.,"['Ascension', 'Quick Attack']",Ascension | Quick Attack,1,2.0,4.0,-2.0,Quick Attack,0.702,0.178,0.524,True,False,0.704,0.174,0.53,Quick Attack,-0.0020000000000000018,0.0040000000000000036,-0.006000000000000005,False,False
4WE_PAIR_007_V01,4WE_PAIR_007_V01__PLAYER,Player,T52_S002__BASELINE,BASELINE,1,OBSERVED_ENERGY_CONTEXT,ACTING_ENERGY_ADVANTAGE,ENERGY_STATE,Set acting energy to four and opposing energy to one.,"['Ascension', 'Quick Attack']",Ascension | Quick Attack,1,4.0,1.0,3.0,Quick Attack,0.704,0.172,0.532,True,False,0.704,0.174,0.53,Quick Attack,0.0,-0.0020000000000000018,0.0020000000000000018,False,False
4WE_PAIR_007_V01,4WE_PAIR_007_V01__PLAYER,Player,T52_S002__BASELINE,BASELINE,1,OBSERVED_ENERGY_CONTEXT,EARLY_TURN,TURN_STATE,Force the decision context to turn one.,"['Ascension', 'Quick Attack']",Ascension | Quick Attack,1,3.0,3.0,0.0,Quick Attack,0.704,0.174,0.53,True,False,0.704,0.174,0.53,Quick Attack,0.0,0.0,0.0,False,False
4WE_PAIR_007_V01,4WE_PAIR_007_V01__PLAYER,Player,T52_S002__BASELINE,BASELINE,1,OBSERVED_ENERGY_CONTEXT,LATE_TURN,TURN_STATE,Force the decision context to turn twelve.,"['Ascension', 'Quick Attack']",Ascension | Quick Attack,12,3.0,3.0,0.0,Quick Attack,0.72,0.178,0.542,True,False,0.704,0.174,0.53,Quick Attack,0.016000000000000014,0.0040000000000000036,0.01200000000000001,False,False
4WE_PAIR_007_V02,4WE_PAIR_007_V02__OPPONENT,Opponent,T52_S002__BASELINE,BASELINE,1,MINIMUM_MULTI_ACTION_ENERGY,BASELINE,BASELINE,Preserve the original expanded case exactly.,"['Ascension', 'Quick Attack']",Ascension | Quick Attack,1,2.0,3.0,-1.0,Quick Attack,0.696,0.184,0.512,True,False,0.696,0.184,0.512,Quick Attack,0.0,0.0,0.0,False,False
4WE_PAIR_007_V02,4WE_PAIR_007_V02__OPPONENT,Opponent,T52_S002__BASELINE,BASELINE,1,MINIMUM_MULTI_ACTION_ENERGY,LEGAL_SIGNATURE_ASCENSION_ONLY,LEGAL_STRUCTURE,Expose Ascension as the only legal action.,['Ascension'],Ascension,1,2.0,3.0,-1.0,Ascension,0.04,0.614,-0.574,False,True,0.696,0.184,0.512,Quick Attack,-0.6559999999999999,0.43,-1.0859999999999999,True,True
4WE_PAIR_007_V02,4WE_PAIR_007_V02__OPPONENT,Opponent,T52_S002__BASELINE,BASELINE,1,MINIMUM_MULTI_ACTION_ENERGY,LEGAL_SIGNATURE_QUICK_ATTACK_ONLY,LEGAL_STRUCTURE,Expose Quick Attack as the only legal action.,['Quick Attack'],Quick Attack,1,2.0,3.0,-1.0,Ascension,0.15,0.38,-0.23,False,True,0.696,0.184,0.512,Quick Attack,-0.5459999999999999,0.196,-0.742,True,True
4WE_PAIR_007_V02,4WE_PAIR_007_V02__OPPONENT,Opponent,T52_S002__BASELINE,BASELINE,1,MINIMUM_MULTI_ACTION_ENERGY,LOW_ACTING_ENERGY,ENERGY_STATE,Reduce the acting Pokémon to one attached energy.,"['Ascension', 'Quick Attack']",Ascension | Quick Attack,1,1.0,3.0,-2.0,Quick Attack,0.694,0.184,0.51,True,False,0.696,0.184,0.512,Quick Attack,-0.0020000000000000018,0.0,-0.0020000000000000018,False,False
4WE_PAIR_007_V02,4WE_PAIR_007_V02__OPPONENT,Opponent,T52_S002__BASELINE,BASELINE,1,MINIMUM_MULTI_ACTION_ENERGY,HIGH_ACTING_ENERGY,ENERGY_STATE,Increase the acting Pokémon to four attached energy.,"['Ascension', 'Quick Attack']",Ascension | Quick Attack,1,4.0,3.0,1.0,Quick Attack,0.708,0.17,0.5379999999999999,True,False,0.696,0.184,0.512,Quick Attack,0.01200000000000001,-0.013999999999999985,0.025999999999999912,False,False
4WE_PAIR_007_V02,4WE_PAIR_007_V02__OPPONENT,Opponent,T52_S002__BASELINE,BASELINE,1,MINIMUM_MULTI_ACTION_ENERGY,ACTING_ENERGY_DISADVANTAGE,ENERGY_STATE,Set acting energy to two and opposing energy to four.,"['Ascension', 'Quick Attack']",Ascension | Quick Attack,1,2.0,4.0,-2.0,Quick Attack,0.698,0.182,0.516,True,False,0.696,0.184,0.512,Quick Attack,0.0020000000000000018,-0.0020000000000000018,0.0040000000000000036,False,False
4WE_PAIR_007_V02,4WE_PAIR_007_V02__OPPONENT,Opponent,T52_S002__BASELINE,BASELINE,1,MINIMUM_MULTI_ACTION_ENERGY,ACTING_ENERGY_ADVANTAGE,ENERGY_STATE,Set acting energy to four and opposing energy to one.,"['Ascension', 'Quick Attack']",Ascension | Quick Attack,1,4.0,1.0,3.0,Quick Attack,0.704,0.174,0.53,True,False,0.696,0.184,0.512,Quick Attack,0.008000000000000007,-0.010000000000000009,0.018000000000000016,False,False
4WE_PAIR_007_V02,4WE_PAIR_007_V02__OPPONENT,Opponent,T52_S002__BASELINE,BASELINE,1,MINIMUM_MULTI_ACTION_ENERGY,EARLY_TURN,TURN_STATE,Force the decision context to turn one.,"['Ascension', 'Quick Attack']",Ascension | Quick Attack,1,2.0,3.0,-1.0,Quick Attack,0.696,0.184,0.512,True,False,0.696,0.184,0.512,Quick Attack,0.0,0.0,0.0,False,False
4WE_PAIR_007_V02,4WE_PAIR_007_V02__OPPONENT,Opponent,T52_S002__BASELINE,BASELINE,1,MINIMUM_MULTI_ACTION_ENERGY,LATE_TURN,TURN_STATE,Force the decision context to turn twelve.,"['Ascension', 'Quick Attack']",Ascension | Quick Attack,12,2.0,3.0,-1.0,Quick Attack,0.712,0.188,0.524,True,False,0.696,0.184,0.512,Quick Attack,0.016000000000000014,0.0040000000000000036,0.01200000000000001,False,False
4WE_PAIR_007_V02,4WE_PAIR_007_V02__PLAYER,Player,T52_S002__BASELINE,BASELINE,1,MINIMUM_MULTI_ACTION_ENERGY,BASELINE,BASELINE,Preserve the original expanded case exactly.,"['Ascension', 'Quick Attack']",Ascension | Quick Attack,1,2.0,3.0,-1.0,Quick Attack,0.698,0.182,0.516,True,False,0.698,0.182,0.516,Quick Attack,0.0,0.0,0.0,False,False
4WE_PAIR_007_V02,4WE_PAIR_007_V02__PLAYER,Player,T52_S002__BASELINE,BASELINE,1,MINIMUM_MULTI_ACTION_ENERGY,LEGAL_SIGNATURE_ASCENSION_ONLY,LEGAL_STRUCTURE,Expose Ascension as the only legal action.,['Ascension'],Ascension,1,2.0,3.0,-1.0,Ascension,0.04,0.612,-0.572,False,True,0.698,0.182,0.516,Quick Attack,-0.6579999999999999,0.43,-1.088,True,True
4WE_PAIR_007_V02,4WE_PAIR_007_V02__PLAYER,Player,T52_S002__BASELINE,BASELINE,1,MINIMUM_MULTI_ACTION_ENERGY,LEGAL_SIGNATURE_QUICK_ATTACK_ONLY,LEGAL_STRUCTURE,Expose Quick Attack as the only legal action.,['Quick Attack'],Quick Attack,1,2.0,3.0,-1.0,Ascension,0.15,0.378,-0.228,False,True,0.698,0.182,0.516,Quick Attack,-0.5479999999999999,0.196,-0.744,True,True
4WE_PAIR_007_V02,4WE_PAIR_007_V02__PLAYER,Player,T52_S002__BASELINE,BASELINE,1,MINIMUM_MULTI_ACTION_ENERGY,LOW_ACTING_ENERGY,ENERGY_STATE,Reduce the acting Pokémon to one attached energy.,"['Ascension', 'Quick Attack']",Ascension | Quick Attack,1,1.0,3.0,-2.0,Quick Attack,0.696,0.184,0.512,True,False,0.698,0.182,0.516,Quick Attack,-0.0020000000000000018,0.0020000000000000018,-0.0040000000000000036,False,False
4WE_PAIR_007_V02,4WE_PAIR_007_V02__PLAYER,Player,T52_S002__BASELINE,BASELINE,1,MINIMUM_MULTI_ACTION_ENERGY,HIGH_ACTING_ENERGY,ENERGY_STATE,Increase the acting Pokémon to four attached energy.,"['Ascension', 'Quick Attack']",Ascension | Quick Attack,1,4.0,3.0,1.0,Quick Attack,0.708,0.17,0.5379999999999999,True,False,0.698,0.182,0.516,Quick Attack,0.010000000000000009,-0.011999999999999983,0.02199999999999991,False,False
4WE_PAIR_007_V02,4WE_PAIR_007_V02__PLAYER,Player,T52_S002__BASELINE,BASELINE,1,MINIMUM_MULTI_ACTION_ENERGY,ACTING_ENERGY_DISADVANTAGE,ENERGY_STATE,Set acting energy to two and opposing energy to four.,"['Ascension', 'Quick Attack']",Ascension | Quick Attack,1,2.0,4.0,-2.0,Quick Attack,0.702,0.178,0.524,True,False,0.698,0.182,0.516,Quick Attack,0.0040000000000000036,-0.0040000000000000036,0.008000000000000007,False,False
4WE_PAIR_007_V02,4WE_PAIR_007_V02__PLAYER,Player,T52_S002__BASELINE,BASELINE,1,MINIMUM_MULTI_ACTION_ENERGY,ACTING_ENERGY_ADVANTAGE,ENERGY_STATE,Set acting energy to four and opposing energy to one.,"['Ascension', 'Quick Attack']",Ascension | Quick Attack,1,4.0,1.0,3.0,Quick Attack,0.704,0.172,0.532,True,False,0.698,0.182,0.516,Quick Attack,0.006000000000000005,-0.010000000000000009,0.016000000000000014,False,False
4WE_PAIR_007_V02,4WE_PAIR_007_V02__PLAYER,Player,T52_S002__BASELINE,BASELINE,1,MINIMUM_MULTI_ACTION_ENERGY,EARLY_TURN,TURN_STATE,Force the decision context to turn one.,"['Ascension', 'Quick Attack']",Ascension | Quick Attack,1,2.0,3.0,-1.0,Quick Attack,0.698,0.182,0.516,True,False,0.698,0.182,0.516,Quick Attack,0.0,0.0,0.0,False,False
4WE_PAIR_007_V02,4WE_PAIR_007_V02__PLAYER,Player,T52_S002__BASELINE,BASELINE,1,MINIMUM_MULTI_ACTION_ENERGY,LATE_TURN,TURN_STATE,Force the decision context to turn twelve.,"['Ascension', 'Quick Attack']",Ascension | Quick Attack,12,2.0,3.0,-1.0,Quick Attack,0.714,0.186,0.528,True,False,0.698,0.182,0.516,Quick Attack,0.016000000000000014,0.0040000000000000036,0.01200000000000001,False,False
4WE_PAIR_007_V03,4WE_PAIR_007_V03__OPPONENT,Opponent,T52_S002__BASELINE,BASELINE,1,SYMMETRIC_TWO_ENERGY,BASELINE,BASELINE,Preserve the original expanded case exactly.,"['Ascension', 'Quick Attack']",Ascension | Quick Attack,1,2.0,2.0,0.0,Quick Attack,0.696,0.184,0.512,True,False,0.696,0.184,0.512,Quick Attack,0.0,0.0,0.0,False,False
4WE_PAIR_007_V03,4WE_PAIR_007_V03__OPPONENT,Opponent,T52_S002__BASELINE,BASELINE,1,SYMMETRIC_TWO_ENERGY,LEGAL_SIGNATURE_ASCENSION_ONLY,LEGAL_STRUCTURE,Expose Ascension as the only legal action.,['Ascension'],Ascension,1,2.0,2.0,0.0,Ascension,0.04,0.614,-0.574,False,True,0.696,0.184,0.512,Quick Attack,-0.6559999999999999,0.43,-1.0859999999999999,True,True
4WE_PAIR_007_V03,4WE_PAIR_007_V03__OPPONENT,Opponent,T52_S002__BASELINE,BASELINE,1,SYMMETRIC_TWO_ENERGY,LEGAL_SIGNATURE_QUICK_ATTACK_ONLY,LEGAL_STRUCTURE,Expose Quick Attack as the only legal action.,['Quick Attack'],Quick Attack,1,2.0,2.0,0.0,Ascension,0.15,0.38,-0.23,False,True,0.696,0.184,0.512,Quick Attack,-0.5459999999999999,0.196,-0.742,True,True
4WE_PAIR_007_V03,4WE_PAIR_007_V03__OPPONENT,Opponent,T52_S002__BASELINE,BASELINE,1,SYMMETRIC_TWO_ENERGY,LOW_ACTING_ENERGY,ENERGY_STATE,Reduce the acting Pokémon to one attached energy.,"['Ascension', 'Quick Attack']",Ascension | Quick Attack,1,1.0,2.0,-1.0,Quick Attack,0.694,0.184,0.51,True,False,0.696,0.184,0.512,Quick Attack,-0.0020000000000000018,0.0,-0.0020000000000000018,False,False
4WE_PAIR_007_V03,4WE_PAIR_007_V03__OPPONENT,Opponent,T52_S002__BASELINE,BASELINE,1,SYMMETRIC_TWO_ENERGY,HIGH_ACTING_ENERGY,ENERGY_STATE,Increase the acting Pokémon to four attached energy.,"['Ascension', 'Quick Attack']",Ascension | Quick Attack,1,4.0,2.0,2.0,Quick Attack,0.708,0.17,0.5379999999999999,True,False,0.696,0.184,0.512,Quick Attack,0.01200000000000001,-0.013999999999999985,0.025999999999999912,False,False
4WE_PAIR_007_V03,4WE_PAIR_007_V03__OPPONENT,Opponent,T52_S002__BASELINE,BASELINE,1,SYMMETRIC_TWO_ENERGY,ACTING_ENERGY_DISADVANTAGE,ENERGY_STATE,Set acting energy to two and opposing energy to four.,"['Ascension', 'Quick Attack']",Ascension | Quick Attack,1,2.0,4.0,-2.0,Quick Attack,0.698,0.182,0.516,True,False,0.696,0.184,0.512,Quick Attack,0.0020000000000000018,-0.0020000000000000018,0.0040000000000000036,False,False
4WE_PAIR_007_V03,4WE_PAIR_007_V03__OPPONENT,Opponent,T52_S002__BASELINE,BASELINE,1,SYMMETRIC_TWO_ENERGY,ACTING_ENERGY_ADVANTAGE,ENERGY_STATE,Set acting energy to four and opposing energy to one.,"['Ascension', 'Quick Attack']",Ascension | Quick Attack,1,4.0,1.0,3.0,Quick Attack,0.704,0.174,0.53,True,False,0.696,0.184,0.512,Quick Attack,0.008000000000000007,-0.010000000000000009,0.018000000000000016,False,False
4WE_PAIR_007_V03,4WE_PAIR_007_V03__OPPONENT,Opponent,T52_S002__BASELINE,BASELINE,1,SYMMETRIC_TWO_ENERGY,EARLY_TURN,TURN_STATE,Force the decision context to turn one.,"['Ascension', 'Quick Attack']",Ascension | Quick Attack,1,2.0,2.0,0.0,Quick Attack,0.696,0.184,0.512,True,False,0.696,0.184,0.512,Quick Attack,0.0,0.0,0.0,False,False
4WE_PAIR_007_V03,4WE_PAIR_007_V03__OPPONENT,Opponent,T52_S002__BASELINE,BASELINE,1,SYMMETRIC_TWO_ENERGY,LATE_TURN,TURN_STATE,Force the decision context to turn twelve.,"['Ascension', 'Quick Attack']",Ascension | Quick Attack,12,2.0,2.0,0.0,Quick Attack,0.712,0.188,0.524,True,False,0.696,0.184,0.512,Quick Attack,0.016000000000000014,0.0040000000000000036,0.01200000000000001,False,False
4WE_PAIR_007_V03,4WE_PAIR_007_V03__PLAYER,Player,T52_S002__BASELINE,BASELINE,1,SYMMETRIC_TWO_ENERGY,BASELINE,BASELINE,Preserve the original expanded case exactly.,"['Ascension', 'Quick Attack']",Ascension | Quick Attack,1,2.0,2.0,0.0,Quick Attack,0.698,0.182,0.516,True,False,0.698,0.182,0.516,Quick Attack,0.0,0.0,0.0,False,False
4WE_PAIR_007_V03,4WE_PAIR_007_V03__PLAYER,Player,T52_S002__BASELINE,BASELINE,1,SYMMETRIC_TWO_ENERGY,LEGAL_SIGNATURE_ASCENSION_ONLY,LEGAL_STRUCTURE,Expose Ascension as the only legal action.,['Ascension'],Ascension,1,2.0,2.0,0.0,Ascension,0.04,0.612,-0.572,False,True,0.698,0.182,0.516,Quick Attack,-0.6579999999999999,0.43,-1.088,True,True
4WE_PAIR_007_V03,4WE_PAIR_007_V03__PLAYER,Player,T52_S002__BASELINE,BASELINE,1,SYMMETRIC_TWO_ENERGY,LEGAL_SIGNATURE_QUICK_ATTACK_ONLY,LEGAL_STRUCTURE,Expose Quick Attack as the only legal action.,['Quick Attack'],Quick Attack,1,2.0,2.0,0.0,Ascension,0.15,0.378,-0.228,False,True,0.698,0.182,0.516,Quick Attack,-0.5479999999999999,0.196,-0.744,True,True
4WE_PAIR_007_V03,4WE_PAIR_007_V03__PLAYER,Player,T52_S002__BASELINE,BASELINE,1,SYMMETRIC_TWO_ENERGY,LOW_ACTING_ENERGY,ENERGY_STATE,Reduce the acting Pokémon to one attached energy.,"['Ascension', 'Quick Attack']",Ascension | Quick Attack,1,1.0,2.0,-1.0,Quick Attack,0.696,0.184,0.512,True,False,0.698,0.182,0.516,Quick Attack,-0.0020000000000000018,0.0020000000000000018,-0.0040000000000000036,False,False
4WE_PAIR_007_V03,4WE_PAIR_007_V03__PLAYER,Player,T52_S002__BASELINE,BASELINE,1,SYMMETRIC_TWO_ENERGY,HIGH_ACTING_ENERGY,ENERGY_STATE,Increase the acting Pokémon to four attached energy.,"['Ascension', 'Quick Attack']",Ascension | Quick Attack,1,4.0,2.0,2.0,Quick Attack,0.708,0.17,0.5379999999999999,True,False,0.698,0.182,0.516,Quick Attack,0.010000000000000009,-0.011999999999999983,0.02199999999999991,False,False
4WE_PAIR_007_V03,4WE_PAIR_007_V03__PLAYER,Player,T52_S002__BASELINE,BASELINE,1,SYMMETRIC_TWO_ENERGY,ACTING_ENERGY_DISADVANTAGE,ENERGY_STATE,Set acting energy to two and opposing energy to four.,"['Ascension', 'Quick Attack']",Ascension | Quick Attack,1,2.0,4.0,-2.0,Quick Attack,0.702,0.178,0.524,True,False,0.698,0.182,0.516,Quick Attack,0.0040000000000000036,-0.0040000000000000036,0.008000000000000007,False,False
4WE_PAIR_007_V03,4WE_PAIR_007_V03__PLAYER,Player,T52_S002__BASELINE,BASELINE,1,SYMMETRIC_TWO_ENERGY,ACTING_ENERGY_ADVANTAGE,ENERGY_STATE,Set acting energy to four and opposing energy to one.,"['Ascension', 'Quick Attack']",Ascension | Quick Attack,1,4.0,1.0,3.0,Quick Attack,0.704,0.172,0.532,True,False,0.698,0.182,0.516,Quick Attack,0.006000000000000005,-0.010000000000000009,0.016000000000000014,False,False
4WE_PAIR_007_V03,4WE_PAIR_007_V03__PLAYER,Player,T52_S002__BASELINE,BASELINE,1,SYMMETRIC_TWO_ENERGY,EARLY_TURN,TURN_STATE,Force the decision context to turn one.,"['Ascension', 'Quick Attack']",Ascension | Quick Attack,1,2.0,2.0,0.0,Quick Attack,0.698,0.182,0.516,True,False,0.698,0.182,0.516,Quick Attack,0.0,0.0,0.0,False,False
4WE_PAIR_007_V03,4WE_PAIR_007_V03__PLAYER,Player,T52_S002__BASELINE,BASELINE,1,SYMMETRIC_TWO_ENERGY,LATE_TURN,TURN_STATE,Force the decision context to turn twelve.,"['Ascension', 'Quick Attack']",Ascension | Quick Attack,12,2.0,2.0,0.0,Quick Attack,0.714,0.186,0.528,True,False,0.698,0.182,0.516,Quick Attack,0.016000000000000014,0.0040000000000000036,0.01200000000000001,False,False
4WE_PAIR_007_V04,4WE_PAIR_007_V04__OPPONENT,Opponent,T52_S002__BASELINE,BASELINE,1,EEVEE_ENERGY_ADVANTAGE,BASELINE,BASELINE,Preserve the original expanded case exactly.,"['Ascension', 'Quick Attack']",Ascension | Quick Attack,1,3.0,2.0,1.0,Quick Attack,0.702,0.176,0.526,True,False,0.702,0.176,0.526,Quick Attack,0.0,0.0,0.0,False,False
4WE_PAIR_007_V04,4WE_PAIR_007_V04__OPPONENT,Opponent,T52_S002__BASELINE,BASELINE,1,EEVEE_ENERGY_ADVANTAGE,LEGAL_SIGNATURE_ASCENSION_ONLY,LEGAL_STRUCTURE,Expose Ascension as the only legal action.,['Ascension'],Ascension,1,3.0,2.0,1.0,Ascension,0.042,0.606,-0.564,False,True,0.702,0.176,0.526,Quick Attack,-0.6599999999999999,0.43,-1.0899999999999999,True,True
4WE_PAIR_007_V04,4WE_PAIR_007_V04__OPPONENT,Opponent,T52_S002__BASELINE,BASELINE,1,EEVEE_ENERGY_ADVANTAGE,LEGAL_SIGNATURE_QUICK_ATTACK_ONLY,LEGAL_STRUCTURE,Expose Quick Attack as the only legal action.,['Quick Attack'],Quick Attack,1,3.0,2.0,1.0,Ascension,0.154,0.374,-0.22,False,True,0.702,0.176,0.526,Quick Attack,-0.5479999999999999,0.198,-0.746,True,True
4WE_PAIR_007_V04,4WE_PAIR_007_V04__OPPONENT,Opponent,T52_S002__BASELINE,BASELINE,1,EEVEE_ENERGY_ADVANTAGE,LOW_ACTING_ENERGY,ENERGY_STATE,Reduce the acting Pokémon to one attached energy.,"['Ascension', 'Quick Attack']",Ascension | Quick Attack,1,1.0,2.0,-1.0,Quick Attack,0.694,0.184,0.51,True,False,0.702,0.176,0.526,Quick Attack,-0.008000000000000007,0.008000000000000007,-0.016000000000000014,False,False
4WE_PAIR_007_V04,4WE_PAIR_007_V04__OPPONENT,Opponent,T52_S002__BASELINE,BASELINE,1,EEVEE_ENERGY_ADVANTAGE,HIGH_ACTING_ENERGY,ENERGY_STATE,Increase the acting Pokémon to four attached energy.,"['Ascension', 'Quick Attack']",Ascension | Quick Attack,1,4.0,2.0,2.0,Quick Attack,0.708,0.17,0.5379999999999999,True,False,0.702,0.176,0.526,Quick Attack,0.006000000000000005,-0.005999999999999978,0.0119999999999999,False,False
4WE_PAIR_007_V04,4WE_PAIR_007_V04__OPPONENT,Opponent,T52_S002__BASELINE,BASELINE,1,EEVEE_ENERGY_ADVANTAGE,ACTING_ENERGY_DISADVANTAGE,ENERGY_STATE,Set acting energy to two and opposing energy to four.,"['Ascension', 'Quick Attack']",Ascension | Quick Attack,1,2.0,4.0,-2.0,Quick Attack,0.698,0.182,0.516,True,False,0.702,0.176,0.526,Quick Attack,-0.0040000000000000036,0.006000000000000005,-0.010000000000000009,False,False
4WE_PAIR_007_V04,4WE_PAIR_007_V04__OPPONENT,Opponent,T52_S002__BASELINE,BASELINE,1,EEVEE_ENERGY_ADVANTAGE,ACTING_ENERGY_ADVANTAGE,ENERGY_STATE,Set acting energy to four and opposing energy to one.,"['Ascension', 'Quick Attack']",Ascension | Quick Attack,1,4.0,1.0,3.0,Quick Attack,0.704,0.174,0.53,True,False,0.702,0.176,0.526,Quick Attack,0.0020000000000000018,-0.0020000000000000018,0.0040000000000000036,False,False
4WE_PAIR_007_V04,4WE_PAIR_007_V04__OPPONENT,Opponent,T52_S002__BASELINE,BASELINE,1,EEVEE_ENERGY_ADVANTAGE,EARLY_TURN,TURN_STATE,Force the decision context to turn one.,"['Ascension', 'Quick Attack']",Ascension | Quick Attack,1,3.0,2.0,1.0,Quick Attack,0.702,0.176,0.526,True,False,0.702,0.176,0.526,Quick Attack,0.0,0.0,0.0,False,False
4WE_PAIR_007_V04,4WE_PAIR_007_V04__OPPONENT,Opponent,T52_S002__BASELINE,BASELINE,1,EEVEE_ENERGY_ADVANTAGE,LATE_TURN,TURN_STATE,Force the decision context to turn twelve.,"['Ascension', 'Quick Attack']",Ascension | Quick Attack,12,3.0,2.0,1.0,Quick Attack,0.718,0.18,0.538,True,False,0.702,0.176,0.526,Quick Attack,0.016000000000000014,0.0040000000000000036,0.01200000000000001,False,False
4WE_PAIR_007_V04,4WE_PAIR_007_V04__PLAYER,Player,T52_S002__BASELINE,BASELINE,1,EEVEE_ENERGY_ADVANTAGE,BASELINE,BASELINE,Preserve the original expanded case exactly.,"['Ascension', 'Quick Attack']",Ascension | Quick Attack,1,3.0,2.0,1.0,Quick Attack,0.704,0.174,0.53,True,False,0.704,0.174,0.53,Quick Attack,0.0,0.0,0.0,False,False
4WE_PAIR_007_V04,4WE_PAIR_007_V04__PLAYER,Player,T52_S002__BASELINE,BASELINE,1,EEVEE_ENERGY_ADVANTAGE,LEGAL_SIGNATURE_ASCENSION_ONLY,LEGAL_STRUCTURE,Expose Ascension as the only legal action.,['Ascension'],Ascension,1,3.0,2.0,1.0,Ascension,0.042,0.604,-0.5619999999999999,False,True,0.704,0.174,0.53,Quick Attack,-0.6619999999999999,0.43,-1.092,True,True
4WE_PAIR_007_V04,4WE_PAIR_007_V04__PLAYER,Player,T52_S002__BASELINE,BASELINE,1,EEVEE_ENERGY_ADVANTAGE,LEGAL_SIGNATURE_QUICK_ATTACK_ONLY,LEGAL_STRUCTURE,Expose Quick Attack as the only legal action.,['Quick Attack'],Quick Attack,1,3.0,2.0,1.0,Ascension,0.154,0.372,-0.218,False,True,0.704,0.174,0.53,Quick Attack,-0.5499999999999999,0.198,-0.748,True,True
4WE_PAIR_007_V04,4WE_PAIR_007_V04__PLAYER,Player,T52_S002__BASELINE,BASELINE,1,EEVEE_ENERGY_ADVANTAGE,LOW_ACTING_ENERGY,ENERGY_STATE,Reduce the acting Pokémon to one attached energy.,"['Ascension', 'Quick Attack']",Ascension | Quick Attack,1,1.0,2.0,-1.0,Quick Attack,0.696,0.184,0.512,True,False,0.704,0.174,0.53,Quick Attack,-0.008000000000000007,0.010000000000000009,-0.018000000000000016,False,False
4WE_PAIR_007_V04,4WE_PAIR_007_V04__PLAYER,Player,T52_S002__BASELINE,BASELINE,1,EEVEE_ENERGY_ADVANTAGE,HIGH_ACTING_ENERGY,ENERGY_STATE,Increase the acting Pokémon to four attached energy.,"['Ascension', 'Quick Attack']",Ascension | Quick Attack,1,4.0,2.0,2.0,Quick Attack,0.708,0.17,0.5379999999999999,True,False,0.704,0.174,0.53,Quick Attack,0.0040000000000000036,-0.003999999999999976,0.007999999999999896,False,False
4WE_PAIR_007_V04,4WE_PAIR_007_V04__PLAYER,Player,T52_S002__BASELINE,BASELINE,1,EEVEE_ENERGY_ADVANTAGE,ACTING_ENERGY_DISADVANTAGE,ENERGY_STATE,Set acting energy to two and opposing energy to four.,"['Ascension', 'Quick Attack']",Ascension | Quick Attack,1,2.0,4.0,-2.0,Quick Attack,0.702,0.178,0.524,True,False,0.704,0.174,0.53,Quick Attack,-0.0020000000000000018,0.0040000000000000036,-0.006000000000000005,False,False
4WE_PAIR_007_V04,4WE_PAIR_007_V04__PLAYER,Player,T52_S002__BASELINE,BASELINE,1,EEVEE_ENERGY_ADVANTAGE,ACTING_ENERGY_ADVANTAGE,ENERGY_STATE,Set acting energy to four and opposing energy to one.,"['Ascension', 'Quick Attack']",Ascension | Quick Attack,1,4.0,1.0,3.0,Quick Attack,0.704,0.172,0.532,True,False,0.704,0.174,0.53,Quick Attack,0.0,-0.0020000000000000018,0.0020000000000000018,False,False
4WE_PAIR_007_V04,4WE_PAIR_007_V04__PLAYER,Player,T52_S002__BASELINE,BASELINE,1,EEVEE_ENERGY_ADVANTAGE,EARLY_TURN,TURN_STATE,Force the decision context to turn one.,"['Ascension', 'Quick Attack']",Ascension | Quick Attack,1,3.0,2.0,1.0,Quick Attack,0.704,0.174,0.53,True,False,0.704,0.174,0.53,Quick Attack,0.0,0.0,0.0,False,False
4WE_PAIR_007_V04,4WE_PAIR_007_V04__PLAYER,Player,T52_S002__BASELINE,BASELINE,1,EEVEE_ENERGY_ADVANTAGE,LATE_TURN,TURN_STATE,Force the decision context to turn twelve.,"['Ascension', 'Quick Attack']",Ascension | Quick Attack,12,3.0,2.0,1.0,Quick Attack,0.72,0.178,0.542,True,False,0.704,0.174,0.53,Quick Attack,0.016000000000000014,0.0040000000000000036,0.01200000000000001,False,False
4WE_PAIR_008_V01,4WE_PAIR_008_V01__OPPONENT,Opponent,T52_S002__BASELINE,BASELINE,3,OBSERVED_ENERGY_CONTEXT,BASELINE,BASELINE,Preserve the original expanded case exactly.,"['Ascension', 'Quick Attack']",Ascension | Quick Attack,3,3.0,3.0,0.0,Quick Attack,0.712,0.188,0.524,True,False,0.712,0.188,0.524,Quick Attack,0.0,0.0,0.0,False,False
4WE_PAIR_008_V01,4WE_PAIR_008_V01__OPPONENT,Opponent,T52_S002__BASELINE,BASELINE,3,OBSERVED_ENERGY_CONTEXT,LEGAL_SIGNATURE_ASCENSION_ONLY,LEGAL_STRUCTURE,Expose Ascension as the only legal action.,['Ascension'],Ascension,3,3.0,3.0,0.0,Ascension,0.042,0.65,-0.608,False,True,0.712,0.188,0.524,Quick Attack,-0.6699999999999999,0.462,-1.1320000000000001,True,True
4WE_PAIR_008_V01,4WE_PAIR_008_V01__OPPONENT,Opponent,T52_S002__BASELINE,BASELINE,3,OBSERVED_ENERGY_CONTEXT,LEGAL_SIGNATURE_QUICK_ATTACK_ONLY,LEGAL_STRUCTURE,Expose Quick Attack as the only legal action.,['Quick Attack'],Quick Attack,3,3.0,3.0,0.0,Ascension,0.156,0.406,-0.25,False,True,0.712,0.188,0.524,Quick Attack,-0.5559999999999999,0.21800000000000003,-0.774,True,True
4WE_PAIR_008_V01,4WE_PAIR_008_V01__OPPONENT,Opponent,T52_S002__BASELINE,BASELINE,3,OBSERVED_ENERGY_CONTEXT,LOW_ACTING_ENERGY,ENERGY_STATE,Reduce the acting Pokémon to one attached energy.,"['Ascension', 'Quick Attack']",Ascension | Quick Attack,3,1.0,3.0,-2.0,Quick Attack,0.704,0.196,0.508,True,False,0.712,0.188,0.524,Quick Attack,-0.008000000000000007,0.008000000000000007,-0.016000000000000014,False,False
4WE_PAIR_008_V01,4WE_PAIR_008_V01__OPPONENT,Opponent,T52_S002__BASELINE,BASELINE,3,OBSERVED_ENERGY_CONTEXT,HIGH_ACTING_ENERGY,ENERGY_STATE,Increase the acting Pokémon to four attached energy.,"['Ascension', 'Quick Attack']",Ascension | Quick Attack,3,4.0,3.0,1.0,Quick Attack,0.718,0.182,0.536,True,False,0.712,0.188,0.524,Quick Attack,0.006000000000000005,-0.006000000000000005,0.01200000000000001,False,False
4WE_PAIR_008_V01,4WE_PAIR_008_V01__OPPONENT,Opponent,T52_S002__BASELINE,BASELINE,3,OBSERVED_ENERGY_CONTEXT,ACTING_ENERGY_DISADVANTAGE,ENERGY_STATE,Set acting energy to two and opposing energy to four.,"['Ascension', 'Quick Attack']",Ascension | Quick Attack,3,2.0,4.0,-2.0,Quick Attack,0.708,0.194,0.514,True,False,0.712,0.188,0.524,Quick Attack,-0.0040000000000000036,0.006000000000000005,-0.010000000000000009,False,False
4WE_PAIR_008_V01,4WE_PAIR_008_V01__OPPONENT,Opponent,T52_S002__BASELINE,BASELINE,3,OBSERVED_ENERGY_CONTEXT,ACTING_ENERGY_ADVANTAGE,ENERGY_STATE,Set acting energy to four and opposing energy to one.,"['Ascension', 'Quick Attack']",Ascension | Quick Attack,3,4.0,1.0,3.0,Quick Attack,0.714,0.186,0.528,True,False,0.712,0.188,0.524,Quick Attack,0.0020000000000000018,-0.0020000000000000018,0.0040000000000000036,False,False
4WE_PAIR_008_V01,4WE_PAIR_008_V01__OPPONENT,Opponent,T52_S002__BASELINE,BASELINE,3,OBSERVED_ENERGY_CONTEXT,EARLY_TURN,TURN_STATE,Force the decision context to turn one.,"['Ascension', 'Quick Attack']",Ascension | Quick Attack,1,3.0,3.0,0.0,Quick Attack,0.702,0.176,0.526,True,False,0.712,0.188,0.524,Quick Attack,-0.010000000000000009,-0.01200000000000001,0.0020000000000000018,False,False
4WE_PAIR_008_V01,4WE_PAIR_008_V01__OPPONENT,Opponent,T52_S002__BASELINE,BASELINE,3,OBSERVED_ENERGY_CONTEXT,LATE_TURN,TURN_STATE,Force the decision context to turn twelve.,"['Ascension', 'Quick Attack']",Ascension | Quick Attack,12,3.0,3.0,0.0,Quick Attack,0.718,0.18,0.538,True,False,0.712,0.188,0.524,Quick Attack,0.006000000000000005,-0.008000000000000007,0.014000000000000012,False,False
4WE_PAIR_008_V01,4WE_PAIR_008_V01__PLAYER,Player,T52_S002__BASELINE,BASELINE,3,OBSERVED_ENERGY_CONTEXT,BASELINE,BASELINE,Preserve the original expanded case exactly.,"['Ascension', 'Quick Attack']",Ascension | Quick Attack,3,3.0,3.0,0.0,Quick Attack,0.714,0.186,0.528,True,False,0.714,0.186,0.528,Quick Attack,0.0,0.0,0.0,False,False
4WE_PAIR_008_V01,4WE_PAIR_008_V01__PLAYER,Player,T52_S002__BASELINE,BASELINE,3,OBSERVED_ENERGY_CONTEXT,LEGAL_SIGNATURE_ASCENSION_ONLY,LEGAL_STRUCTURE,Expose Ascension as the only legal action.,['Ascension'],Ascension,3,3.0,3.0,0.0,Ascension,0.042,0.648,-0.606,False,True,0.714,0.186,0.528,Quick Attack,-0.6719999999999999,0.462,-1.134,True,True
4WE_PAIR_008_V01,4WE_PAIR_008_V01__PLAYER,Player,T52_S002__BASELINE,BASELINE,3,OBSERVED_ENERGY_CONTEXT,LEGAL_SIGNATURE_QUICK_ATTACK_ONLY,LEGAL_STRUCTURE,Expose Quick Attack as the only legal action.,['Quick Attack'],Quick Attack,3,3.0,3.0,0.0,Ascension,0.156,0.404,-0.24800000000000003,False,True,0.714,0.186,0.528,Quick Attack,-0.5579999999999999,0.21800000000000003,-0.776,True,True
4WE_PAIR_008_V01,4WE_PAIR_008_V01__PLAYER,Player,T52_S002__BASELINE,BASELINE,3,OBSERVED_ENERGY_CONTEXT,LOW_ACTING_ENERGY,ENERGY_STATE,Reduce the acting Pokémon to one attached energy.,"['Ascension', 'Quick Attack']",Ascension | Quick Attack,3,1.0,3.0,-2.0,Quick Attack,0.706,0.196,0.51,True,False,0.714,0.186,0.528,Quick Attack,-0.008000000000000007,0.010000000000000009,-0.018000000000000016,False,False
4WE_PAIR_008_V01,4WE_PAIR_008_V01__PLAYER,Player,T52_S002__BASELINE,BASELINE,3,OBSERVED_ENERGY_CONTEXT,HIGH_ACTING_ENERGY,ENERGY_STATE,Increase the acting Pokémon to four attached energy.,"['Ascension', 'Quick Attack']",Ascension | Quick Attack,3,4.0,3.0,1.0,Quick Attack,0.718,0.182,0.536,True,False,0.714,0.186,0.528,Quick Attack,0.0040000000000000036,-0.0040000000000000036,0.008000000000000007,False,False
4WE_PAIR_008_V01,4WE_PAIR_008_V01__PLAYER,Player,T52_S002__BASELINE,BASELINE,3,OBSERVED_ENERGY_CONTEXT,ACTING_ENERGY_DISADVANTAGE,ENERGY_STATE,Set acting energy to two and opposing energy to four.,"['Ascension', 'Quick Attack']",Ascension | Quick Attack,3,2.0,4.0,-2.0,Quick Attack,0.712,0.19,0.522,True,False,0.714,0.186,0.528,Quick Attack,-0.0020000000000000018,0.0040000000000000036,-0.006000000000000005,False,False
4WE_PAIR_008_V01,4WE_PAIR_008_V01__PLAYER,Player,T52_S002__BASELINE,BASELINE,3,OBSERVED_ENERGY_CONTEXT,ACTING_ENERGY_ADVANTAGE,ENERGY_STATE,Set acting energy to four and opposing energy to one.,"['Ascension', 'Quick Attack']",Ascension | Quick Attack,3,4.0,1.0,3.0,Quick Attack,0.714,0.184,0.53,True,False,0.714,0.186,0.528,Quick Attack,0.0,-0.0020000000000000018,0.0020000000000000018,False,False
4WE_PAIR_008_V01,4WE_PAIR_008_V01__PLAYER,Player,T52_S002__BASELINE,BASELINE,3,OBSERVED_ENERGY_CONTEXT,EARLY_TURN,TURN_STATE,Force the decision context to turn one.,"['Ascension', 'Quick Attack']",Ascension | Quick Attack,1,3.0,3.0,0.0,Quick Attack,0.704,0.174,0.53,True,False,0.714,0.186,0.528,Quick Attack,-0.010000000000000009,-0.01200000000000001,0.0020000000000000018,False,False
4WE_PAIR_008_V01,4WE_PAIR_008_V01__PLAYER,Player,T52_S002__BASELINE,BASELINE,3,OBSERVED_ENERGY_CONTEXT,LATE_TURN,TURN_STATE,Force the decision context to turn twelve.,"['Ascension', 'Quick Attack']",Ascension | Quick Attack,12,3.0,3.0,0.0,Quick Attack,0.72,0.178,0.542,True,False,0.714,0.186,0.528,Quick Attack,0.006000000000000005,-0.008000000000000007,0.014000000000000012,False,False
4WE_PAIR_008_V02,4WE_PAIR_008_V02__OPPONENT,Opponent,T52_S002__BASELINE,BASELINE,3,MINIMUM_MULTI_ACTION_ENERGY,BASELINE,BASELINE,Preserve the original expanded case exactly.,"['Ascension', 'Quick Attack']",Ascension | Quick Attack,3,2.0,3.0,-1.0,Quick Attack,0.706,0.196,0.51,True,False,0.706,0.196,0.51,Quick Attack,0.0,0.0,0.0,False,False
4WE_PAIR_008_V02,4WE_PAIR_008_V02__OPPONENT,Opponent,T52_S002__BASELINE,BASELINE,3,MINIMUM_MULTI_ACTION_ENERGY,LEGAL_SIGNATURE_ASCENSION_ONLY,LEGAL_STRUCTURE,Expose Ascension as the only legal action.,['Ascension'],Ascension,3,2.0,3.0,-1.0,Ascension,0.04,0.658,-0.618,False,True,0.706,0.196,0.51,Quick Attack,-0.6659999999999999,0.462,-1.1280000000000001,True,True
4WE_PAIR_008_V02,4WE_PAIR_008_V02__OPPONENT,Opponent,T52_S002__BASELINE,BASELINE,3,MINIMUM_MULTI_ACTION_ENERGY,LEGAL_SIGNATURE_QUICK_ATTACK_ONLY,LEGAL_STRUCTURE,Expose Quick Attack as the only legal action.,['Quick Attack'],Quick Attack,3,2.0,3.0,-1.0,Ascension,0.152,0.412,-0.26,False,True,0.706,0.196,0.51,Quick Attack,-0.5539999999999999,0.21599999999999997,-0.77,True,True
4WE_PAIR_008_V02,4WE_PAIR_008_V02__OPPONENT,Opponent,T52_S002__BASELINE,BASELINE,3,MINIMUM_MULTI_ACTION_ENERGY,LOW_ACTING_ENERGY,ENERGY_STATE,Reduce the acting Pokémon to one attached energy.,"['Ascension', 'Quick Attack']",Ascension | Quick Attack,3,1.0,3.0,-2.0,Quick Attack,0.704,0.196,0.508,True,False,0.706,0.196,0.51,Quick Attack,-0.0020000000000000018,0.0,-0.0020000000000000018,False,False
4WE_PAIR_008_V02,4WE_PAIR_008_V02__OPPONENT,Opponent,T52_S002__BASELINE,BASELINE,3,MINIMUM_MULTI_ACTION_ENERGY,HIGH_ACTING_ENERGY,ENERGY_STATE,Increase the acting Pokémon to four attached energy.,"['Ascension', 'Quick Attack']",Ascension | Quick Attack,3,4.0,3.0,1.0,Quick Attack,0.718,0.182,0.536,True,False,0.706,0.196,0.51,Quick Attack,0.01200000000000001,-0.014000000000000012,0.026000000000000023,False,False
4WE_PAIR_008_V02,4WE_PAIR_008_V02__OPPONENT,Opponent,T52_S002__BASELINE,BASELINE,3,MINIMUM_MULTI_ACTION_ENERGY,ACTING_ENERGY_DISADVANTAGE,ENERGY_STATE,Set acting energy to two and opposing energy to four.,"['Ascension', 'Quick Attack']",Ascension | Quick Attack,3,2.0,4.0,-2.0,Quick Attack,0.708,0.194,0.514,True,False,0.706,0.196,0.51,Quick Attack,0.0020000000000000018,-0.0020000000000000018,0.0040000000000000036,False,False
4WE_PAIR_008_V02,4WE_PAIR_008_V02__OPPONENT,Opponent,T52_S002__BASELINE,BASELINE,3,MINIMUM_MULTI_ACTION_ENERGY,ACTING_ENERGY_ADVANTAGE,ENERGY_STATE,Set acting energy to four and opposing energy to one.,"['Ascension', 'Quick Attack']",Ascension | Quick Attack,3,4.0,1.0,3.0,Quick Attack,0.714,0.186,0.528,True,False,0.706,0.196,0.51,Quick Attack,0.008000000000000007,-0.010000000000000009,0.018000000000000016,False,False
4WE_PAIR_008_V02,4WE_PAIR_008_V02__OPPONENT,Opponent,T52_S002__BASELINE,BASELINE,3,MINIMUM_MULTI_ACTION_ENERGY,EARLY_TURN,TURN_STATE,Force the decision context to turn one.,"['Ascension', 'Quick Attack']",Ascension | Quick Attack,1,2.0,3.0,-1.0,Quick Attack,0.696,0.184,0.512,True,False,0.706,0.196,0.51,Quick Attack,-0.010000000000000009,-0.01200000000000001,0.0020000000000000018,False,False
4WE_PAIR_008_V02,4WE_PAIR_008_V02__OPPONENT,Opponent,T52_S002__BASELINE,BASELINE,3,MINIMUM_MULTI_ACTION_ENERGY,LATE_TURN,TURN_STATE,Force the decision context to turn twelve.,"['Ascension', 'Quick Attack']",Ascension | Quick Attack,12,2.0,3.0,-1.0,Quick Attack,0.712,0.188,0.524,True,False,0.706,0.196,0.51,Quick Attack,0.006000000000000005,-0.008000000000000007,0.014000000000000012,False,False
4WE_PAIR_008_V02,4WE_PAIR_008_V02__PLAYER,Player,T52_S002__BASELINE,BASELINE,3,MINIMUM_MULTI_ACTION_ENERGY,BASELINE,BASELINE,Preserve the original expanded case exactly.,"['Ascension', 'Quick Attack']",Ascension | Quick Attack,3,2.0,3.0,-1.0,Quick Attack,0.708,0.194,0.514,True,False,0.708,0.194,0.514,Quick Attack,0.0,0.0,0.0,False,False
4WE_PAIR_008_V02,4WE_PAIR_008_V02__PLAYER,Player,T52_S002__BASELINE,BASELINE,3,MINIMUM_MULTI_ACTION_ENERGY,LEGAL_SIGNATURE_ASCENSION_ONLY,LEGAL_STRUCTURE,Expose Ascension as the only legal action.,['Ascension'],Ascension,3,2.0,3.0,-1.0,Ascension,0.04,0.656,-0.616,False,True,0.708,0.194,0.514,Quick Attack,-0.6679999999999999,0.462,-1.13,True,True
4WE_PAIR_008_V02,4WE_PAIR_008_V02__PLAYER,Player,T52_S002__BASELINE,BASELINE,3,MINIMUM_MULTI_ACTION_ENERGY,LEGAL_SIGNATURE_QUICK_ATTACK_ONLY,LEGAL_STRUCTURE,Expose Quick Attack as the only legal action.,['Quick Attack'],Quick Attack,3,2.0,3.0,-1.0,Ascension,0.152,0.41,-0.258,False,True,0.708,0.194,0.514,Quick Attack,-0.5559999999999999,0.21599999999999997,-0.772,True,True
4WE_PAIR_008_V02,4WE_PAIR_008_V02__PLAYER,Player,T52_S002__BASELINE,BASELINE,3,MINIMUM_MULTI_ACTION_ENERGY,LOW_ACTING_ENERGY,ENERGY_STATE,Reduce the acting Pokémon to one attached energy.,"['Ascension', 'Quick Attack']",Ascension | Quick Attack,3,1.0,3.0,-2.0,Quick Attack,0.706,0.196,0.51,True,False,0.708,0.194,0.514,Quick Attack,-0.0020000000000000018,0.0020000000000000018,-0.0040000000000000036,False,False
4WE_PAIR_008_V02,4WE_PAIR_008_V02__PLAYER,Player,T52_S002__BASELINE,BASELINE,3,MINIMUM_MULTI_ACTION_ENERGY,HIGH_ACTING_ENERGY,ENERGY_STATE,Increase the acting Pokémon to four attached energy.,"['Ascension', 'Quick Attack']",Ascension | Quick Attack,3,4.0,3.0,1.0,Quick Attack,0.718,0.182,0.536,True,False,0.708,0.194,0.514,Quick Attack,0.010000000000000009,-0.01200000000000001,0.02200000000000002,False,False
4WE_PAIR_008_V02,4WE_PAIR_008_V02__PLAYER,Player,T52_S002__BASELINE,BASELINE,3,MINIMUM_MULTI_ACTION_ENERGY,ACTING_ENERGY_DISADVANTAGE,ENERGY_STATE,Set acting energy to two and opposing energy to four.,"['Ascension', 'Quick Attack']",Ascension | Quick Attack,3,2.0,4.0,-2.0,Quick Attack,0.712,0.19,0.522,True,False,0.708,0.194,0.514,Quick Attack,0.0040000000000000036,-0.0040000000000000036,0.008000000000000007,False,False
4WE_PAIR_008_V02,4WE_PAIR_008_V02__PLAYER,Player,T52_S002__BASELINE,BASELINE,3,MINIMUM_MULTI_ACTION_ENERGY,ACTING_ENERGY_ADVANTAGE,ENERGY_STATE,Set acting energy to four and opposing energy to one.,"['Ascension', 'Quick Attack']",Ascension | Quick Attack,3,4.0,1.0,3.0,Quick Attack,0.714,0.184,0.53,True,False,0.708,0.194,0.514,Quick Attack,0.006000000000000005,-0.010000000000000009,0.016000000000000014,False,False
4WE_PAIR_008_V02,4WE_PAIR_008_V02__PLAYER,Player,T52_S002__BASELINE,BASELINE,3,MINIMUM_MULTI_ACTION_ENERGY,EARLY_TURN,TURN_STATE,Force the decision context to turn one.,"['Ascension', 'Quick Attack']",Ascension | Quick Attack,1,2.0,3.0,-1.0,Quick Attack,0.698,0.182,0.516,True,False,0.708,0.194,0.514,Quick Attack,-0.010000000000000009,-0.01200000000000001,0.0020000000000000018,False,False
4WE_PAIR_008_V02,4WE_PAIR_008_V02__PLAYER,Player,T52_S002__BASELINE,BASELINE,3,MINIMUM_MULTI_ACTION_ENERGY,LATE_TURN,TURN_STATE,Force the decision context to turn twelve.,"['Ascension', 'Quick Attack']",Ascension | Quick Attack,12,2.0,3.0,-1.0,Quick Attack,0.714,0.186,0.528,True,False,0.708,0.194,0.514,Quick Attack,0.006000000000000005,-0.008000000000000007,0.014000000000000012,False,False
4WE_PAIR_008_V03,4WE_PAIR_008_V03__OPPONENT,Opponent,T52_S002__BASELINE,BASELINE,3,SYMMETRIC_TWO_ENERGY,BASELINE,BASELINE,Preserve the original expanded case exactly.,"['Ascension', 'Quick Attack']",Ascension | Quick Attack,3,2.0,2.0,0.0,Quick Attack,0.706,0.196,0.51,True,False,0.706,0.196,0.51,Quick Attack,0.0,0.0,0.0,False,False
4WE_PAIR_008_V03,4WE_PAIR_008_V03__OPPONENT,Opponent,T52_S002__BASELINE,BASELINE,3,SYMMETRIC_TWO_ENERGY,LEGAL_SIGNATURE_ASCENSION_ONLY,LEGAL_STRUCTURE,Expose Ascension as the only legal action.,['Ascension'],Ascension,3,2.0,2.0,0.0,Ascension,0.04,0.658,-0.618,False,True,0.706,0.196,0.51,Quick Attack,-0.6659999999999999,0.462,-1.1280000000000001,True,True
4WE_PAIR_008_V03,4WE_PAIR_008_V03__OPPONENT,Opponent,T52_S002__BASELINE,BASELINE,3,SYMMETRIC_TWO_ENERGY,LEGAL_SIGNATURE_QUICK_ATTACK_ONLY,LEGAL_STRUCTURE,Expose Quick Attack as the only legal action.,['Quick Attack'],Quick Attack,3,2.0,2.0,0.0,Ascension,0.152,0.412,-0.26,False,True,0.706,0.196,0.51,Quick Attack,-0.5539999999999999,0.21599999999999997,-0.77,True,True
4WE_PAIR_008_V03,4WE_PAIR_008_V03__OPPONENT,Opponent,T52_S002__BASELINE,BASELINE,3,SYMMETRIC_TWO_ENERGY,LOW_ACTING_ENERGY,ENERGY_STATE,Reduce the acting Pokémon to one attached energy.,"['Ascension', 'Quick Attack']",Ascension | Quick Attack,3,1.0,2.0,-1.0,Quick Attack,0.704,0.196,0.508,True,False,0.706,0.196,0.51,Quick Attack,-0.0020000000000000018,0.0,-0.0020000000000000018,False,False
4WE_PAIR_008_V03,4WE_PAIR_008_V03__OPPONENT,Opponent,T52_S002__BASELINE,BASELINE,3,SYMMETRIC_TWO_ENERGY,HIGH_ACTING_ENERGY,ENERGY_STATE,Increase the acting Pokémon to four attached energy.,"['Ascension', 'Quick Attack']",Ascension | Quick Attack,3,4.0,2.0,2.0,Quick Attack,0.718,0.182,0.536,True,False,0.706,0.196,0.51,Quick Attack,0.01200000000000001,-0.014000000000000012,0.026000000000000023,False,False
4WE_PAIR_008_V03,4WE_PAIR_008_V03__OPPONENT,Opponent,T52_S002__BASELINE,BASELINE,3,SYMMETRIC_TWO_ENERGY,ACTING_ENERGY_DISADVANTAGE,ENERGY_STATE,Set acting energy to two and opposing energy to four.,"['Ascension', 'Quick Attack']",Ascension | Quick Attack,3,2.0,4.0,-2.0,Quick Attack,0.708,0.194,0.514,True,False,0.706,0.196,0.51,Quick Attack,0.0020000000000000018,-0.0020000000000000018,0.0040000000000000036,False,False
4WE_PAIR_008_V03,4WE_PAIR_008_V03__OPPONENT,Opponent,T52_S002__BASELINE,BASELINE,3,SYMMETRIC_TWO_ENERGY,ACTING_ENERGY_ADVANTAGE,ENERGY_STATE,Set acting energy to four and opposing energy to one.,"['Ascension', 'Quick Attack']",Ascension | Quick Attack,3,4.0,1.0,3.0,Quick Attack,0.714,0.186,0.528,True,False,0.706,0.196,0.51,Quick Attack,0.008000000000000007,-0.010000000000000009,0.018000000000000016,False,False
4WE_PAIR_008_V03,4WE_PAIR_008_V03__OPPONENT,Opponent,T52_S002__BASELINE,BASELINE,3,SYMMETRIC_TWO_ENERGY,EARLY_TURN,TURN_STATE,Force the decision context to turn one.,"['Ascension', 'Quick Attack']",Ascension | Quick Attack,1,2.0,2.0,0.0,Quick Attack,0.696,0.184,0.512,True,False,0.706,0.196,0.51,Quick Attack,-0.010000000000000009,-0.01200000000000001,0.0020000000000000018,False,False
4WE_PAIR_008_V03,4WE_PAIR_008_V03__OPPONENT,Opponent,T52_S002__BASELINE,BASELINE,3,SYMMETRIC_TWO_ENERGY,LATE_TURN,TURN_STATE,Force the decision context to turn twelve.,"['Ascension', 'Quick Attack']",Ascension | Quick Attack,12,2.0,2.0,0.0,Quick Attack,0.712,0.188,0.524,True,False,0.706,0.196,0.51,Quick Attack,0.006000000000000005,-0.008000000000000007,0.014000000000000012,False,False
4WE_PAIR_008_V03,4WE_PAIR_008_V03__PLAYER,Player,T52_S002__BASELINE,BASELINE,3,SYMMETRIC_TWO_ENERGY,BASELINE,BASELINE,Preserve the original expanded case exactly.,"['Ascension', 'Quick Attack']",Ascension | Quick Attack,3,2.0,2.0,0.0,Quick Attack,0.708,0.194,0.514,True,False,0.708,0.194,0.514,Quick Attack,0.0,0.0,0.0,False,False
4WE_PAIR_008_V03,4WE_PAIR_008_V03__PLAYER,Player,T52_S002__BASELINE,BASELINE,3,SYMMETRIC_TWO_ENERGY,LEGAL_SIGNATURE_ASCENSION_ONLY,LEGAL_STRUCTURE,Expose Ascension as the only legal action.,['Ascension'],Ascension,3,2.0,2.0,0.0,Ascension,0.04,0.656,-0.616,False,True,0.708,0.194,0.514,Quick Attack,-0.6679999999999999,0.462,-1.13,True,True
4WE_PAIR_008_V03,4WE_PAIR_008_V03__PLAYER,Player,T52_S002__BASELINE,BASELINE,3,SYMMETRIC_TWO_ENERGY,LEGAL_SIGNATURE_QUICK_ATTACK_ONLY,LEGAL_STRUCTURE,Expose Quick Attack as the only legal action.,['Quick Attack'],Quick Attack,3,2.0,2.0,0.0,Ascension,0.152,0.41,-0.258,False,True,0.708,0.194,0.514,Quick Attack,-0.5559999999999999,0.21599999999999997,-0.772,True,True
4WE_PAIR_008_V03,4WE_PAIR_008_V03__PLAYER,Player,T52_S002__BASELINE,BASELINE,3,SYMMETRIC_TWO_ENERGY,LOW_ACTING_ENERGY,ENERGY_STATE,Reduce the acting Pokémon to one attached energy.,"['Ascension', 'Quick Attack']",Ascension | Quick Attack,3,1.0,2.0,-1.0,Quick Attack,0.706,0.196,0.51,True,False,0.708,0.194,0.514,Quick Attack,-0.0020000000000000018,0.0020000000000000018,-0.0040000000000000036,False,False
4WE_PAIR_008_V03,4WE_PAIR_008_V03__PLAYER,Player,T52_S002__BASELINE,BASELINE,3,SYMMETRIC_TWO_ENERGY,HIGH_ACTING_ENERGY,ENERGY_STATE,Increase the acting Pokémon to four attached energy.,"['Ascension', 'Quick Attack']",Ascension | Quick Attack,3,4.0,2.0,2.0,Quick Attack,0.718,0.182,0.536,True,False,0.708,0.194,0.514,Quick Attack,0.010000000000000009,-0.01200000000000001,0.02200000000000002,False,False
4WE_PAIR_008_V03,4WE_PAIR_008_V03__PLAYER,Player,T52_S002__BASELINE,BASELINE,3,SYMMETRIC_TWO_ENERGY,ACTING_ENERGY_DISADVANTAGE,ENERGY_STATE,Set acting energy to two and opposing energy to four.,"['Ascension', 'Quick Attack']",Ascension | Quick Attack,3,2.0,4.0,-2.0,Quick Attack,0.712,0.19,0.522,True,False,0.708,0.194,0.514,Quick Attack,0.0040000000000000036,-0.0040000000000000036,0.008000000000000007,False,False
4WE_PAIR_008_V03,4WE_PAIR_008_V03__PLAYER,Player,T52_S002__BASELINE,BASELINE,3,SYMMETRIC_TWO_ENERGY,ACTING_ENERGY_ADVANTAGE,ENERGY_STATE,Set acting energy to four and opposing energy to one.,"['Ascension', 'Quick Attack']",Ascension | Quick Attack,3,4.0,1.0,3.0,Quick Attack,0.714,0.184,0.53,True,False,0.708,0.194,0.514,Quick Attack,0.006000000000000005,-0.010000000000000009,0.016000000000000014,False,False
4WE_PAIR_008_V03,4WE_PAIR_008_V03__PLAYER,Player,T52_S002__BASELINE,BASELINE,3,SYMMETRIC_TWO_ENERGY,EARLY_TURN,TURN_STATE,Force the decision context to turn one.,"['Ascension', 'Quick Attack']",Ascension | Quick Attack,1,2.0,2.0,0.0,Quick Attack,0.698,0.182,0.516,True,False,0.708,0.194,0.514,Quick Attack,-0.010000000000000009,-0.01200000000000001,0.0020000000000000018,False,False
4WE_PAIR_008_V03,4WE_PAIR_008_V03__PLAYER,Player,T52_S002__BASELINE,BASELINE,3,SYMMETRIC_TWO_ENERGY,LATE_TURN,TURN_STATE,Force the decision context to turn twelve.,"['Ascension', 'Quick Attack']",Ascension | Quick Attack,12,2.0,2.0,0.0,Quick Attack,0.714,0.186,0.528,True,False,0.708,0.194,0.514,Quick Attack,0.006000000000000005,-0.008000000000000007,0.014000000000000012,False,False
4WE_PAIR_008_V04,4WE_PAIR_008_V04__OPPONENT,Opponent,T52_S002__BASELINE,BASELINE,3,EEVEE_ENERGY_ADVANTAGE,BASELINE,BASELINE,Preserve the original expanded case exactly.,"['Ascension', 'Quick Attack']",Ascension | Quick Attack,3,3.0,2.0,1.0,Quick Attack,0.712,0.188,0.524,True,False,0.712,0.188,0.524,Quick Attack,0.0,0.0,0.0,False,False
4WE_PAIR_008_V04,4WE_PAIR_008_V04__OPPONENT,Opponent,T52_S002__BASELINE,BASELINE,3,EEVEE_ENERGY_ADVANTAGE,LEGAL_SIGNATURE_ASCENSION_ONLY,LEGAL_STRUCTURE,Expose Ascension as the only legal action.,['Ascension'],Ascension,3,3.0,2.0,1.0,Ascension,0.042,0.65,-0.608,False,True,0.712,0.188,0.524,Quick Attack,-0.6699999999999999,0.462,-1.1320000000000001,True,True
4WE_PAIR_008_V04,4WE_PAIR_008_V04__OPPONENT,Opponent,T52_S002__BASELINE,BASELINE,3,EEVEE_ENERGY_ADVANTAGE,LEGAL_SIGNATURE_QUICK_ATTACK_ONLY,LEGAL_STRUCTURE,Expose Quick Attack as the only legal action.,['Quick Attack'],Quick Attack,3,3.0,2.0,1.0,Ascension,0.156,0.406,-0.25,False,True,0.712,0.188,0.524,Quick Attack,-0.5559999999999999,0.21800000000000003,-0.774,True,True
4WE_PAIR_008_V04,4WE_PAIR_008_V04__OPPONENT,Opponent,T52_S002__BASELINE,BASELINE,3,EEVEE_ENERGY_ADVANTAGE,LOW_ACTING_ENERGY,ENERGY_STATE,Reduce the acting Pokémon to one attached energy.,"['Ascension', 'Quick Attack']",Ascension | Quick Attack,3,1.0,2.0,-1.0,Quick Attack,0.704,0.196,0.508,True,False,0.712,0.188,0.524,Quick Attack,-0.008000000000000007,0.008000000000000007,-0.016000000000000014,False,False
4WE_PAIR_008_V04,4WE_PAIR_008_V04__OPPONENT,Opponent,T52_S002__BASELINE,BASELINE,3,EEVEE_ENERGY_ADVANTAGE,HIGH_ACTING_ENERGY,ENERGY_STATE,Increase the acting Pokémon to four attached energy.,"['Ascension', 'Quick Attack']",Ascension | Quick Attack,3,4.0,2.0,2.0,Quick Attack,0.718,0.182,0.536,True,False,0.712,0.188,0.524,Quick Attack,0.006000000000000005,-0.006000000000000005,0.01200000000000001,False,False
4WE_PAIR_008_V04,4WE_PAIR_008_V04__OPPONENT,Opponent,T52_S002__BASELINE,BASELINE,3,EEVEE_ENERGY_ADVANTAGE,ACTING_ENERGY_DISADVANTAGE,ENERGY_STATE,Set acting energy to two and opposing energy to four.,"['Ascension', 'Quick Attack']",Ascension | Quick Attack,3,2.0,4.0,-2.0,Quick Attack,0.708,0.194,0.514,True,False,0.712,0.188,0.524,Quick Attack,-0.0040000000000000036,0.006000000000000005,-0.010000000000000009,False,False
4WE_PAIR_008_V04,4WE_PAIR_008_V04__OPPONENT,Opponent,T52_S002__BASELINE,BASELINE,3,EEVEE_ENERGY_ADVANTAGE,ACTING_ENERGY_ADVANTAGE,ENERGY_STATE,Set acting energy to four and opposing energy to one.,"['Ascension', 'Quick Attack']",Ascension | Quick Attack,3,4.0,1.0,3.0,Quick Attack,0.714,0.186,0.528,True,False,0.712,0.188,0.524,Quick Attack,0.0020000000000000018,-0.0020000000000000018,0.0040000000000000036,False,False
4WE_PAIR_008_V04,4WE_PAIR_008_V04__OPPONENT,Opponent,T52_S002__BASELINE,BASELINE,3,EEVEE_ENERGY_ADVANTAGE,EARLY_TURN,TURN_STATE,Force the decision context to turn one.,"['Ascension', 'Quick Attack']",Ascension | Quick Attack,1,3.0,2.0,1.0,Quick Attack,0.702,0.176,0.526,True,False,0.712,0.188,0.524,Quick Attack,-0.010000000000000009,-0.01200000000000001,0.0020000000000000018,False,False
4WE_PAIR_008_V04,4WE_PAIR_008_V04__OPPONENT,Opponent,T52_S002__BASELINE,BASELINE,3,EEVEE_ENERGY_ADVANTAGE,LATE_TURN,TURN_STATE,Force the decision context to turn twelve.,"['Ascension', 'Quick Attack']",Ascension | Quick Attack,12,3.0,2.0,1.0,Quick Attack,0.718,0.18,0.538,True,False,0.712,0.188,0.524,Quick Attack,0.006000000000000005,-0.008000000000000007,0.014000000000000012,False,False
4WE_PAIR_008_V04,4WE_PAIR_008_V04__PLAYER,Player,T52_S002__BASELINE,BASELINE,3,EEVEE_ENERGY_ADVANTAGE,BASELINE,BASELINE,Preserve the original expanded case exactly.,"['Ascension', 'Quick Attack']",Ascension | Quick Attack,3,3.0,2.0,1.0,Quick Attack,0.714,0.186,0.528,True,False,0.714,0.186,0.528,Quick Attack,0.0,0.0,0.0,False,False
4WE_PAIR_008_V04,4WE_PAIR_008_V04__PLAYER,Player,T52_S002__BASELINE,BASELINE,3,EEVEE_ENERGY_ADVANTAGE,LEGAL_SIGNATURE_ASCENSION_ONLY,LEGAL_STRUCTURE,Expose Ascension as the only legal action.,['Ascension'],Ascension,3,3.0,2.0,1.0,Ascension,0.042,0.648,-0.606,False,True,0.714,0.186,0.528,Quick Attack,-0.6719999999999999,0.462,-1.134,True,True
4WE_PAIR_008_V04,4WE_PAIR_008_V04__PLAYER,Player,T52_S002__BASELINE,BASELINE,3,EEVEE_ENERGY_ADVANTAGE,LEGAL_SIGNATURE_QUICK_ATTACK_ONLY,LEGAL_STRUCTURE,Expose Quick Attack as the only legal action.,['Quick Attack'],Quick Attack,3,3.0,2.0,1.0,Ascension,0.156,0.404,-0.24800000000000003,False,True,0.714,0.186,0.528,Quick Attack,-0.5579999999999999,0.21800000000000003,-0.776,True,True
4WE_PAIR_008_V04,4WE_PAIR_008_V04__PLAYER,Player,T52_S002__BASELINE,BASELINE,3,EEVEE_ENERGY_ADVANTAGE,LOW_ACTING_ENERGY,ENERGY_STATE,Reduce the acting Pokémon to one attached energy.,"['Ascension', 'Quick Attack']",Ascension | Quick Attack,3,1.0,2.0,-1.0,Quick Attack,0.706,0.196,0.51,True,False,0.714,0.186,0.528,Quick Attack,-0.008000000000000007,0.010000000000000009,-0.018000000000000016,False,False
4WE_PAIR_008_V04,4WE_PAIR_008_V04__PLAYER,Player,T52_S002__BASELINE,BASELINE,3,EEVEE_ENERGY_ADVANTAGE,HIGH_ACTING_ENERGY,ENERGY_STATE,Increase the acting Pokémon to four attached energy.,"['Ascension', 'Quick Attack']",Ascension | Quick Attack,3,4.0,2.0,2.0,Quick Attack,0.718,0.182,0.536,True,False,0.714,0.186,0.528,Quick Attack,0.0040000000000000036,-0.0040000000000000036,0.008000000000000007,False,False
4WE_PAIR_008_V04,4WE_PAIR_008_V04__PLAYER,Player,T52_S002__BASELINE,BASELINE,3,EEVEE_ENERGY_ADVANTAGE,ACTING_ENERGY_DISADVANTAGE,ENERGY_STATE,Set acting energy to two and opposing energy to four.,"['Ascension', 'Quick Attack']",Ascension | Quick Attack,3,2.0,4.0,-2.0,Quick Attack,0.712,0.19,0.522,True,False,0.714,0.186,0.528,Quick Attack,-0.0020000000000000018,0.0040000000000000036,-0.006000000000000005,False,False
4WE_PAIR_008_V04,4WE_PAIR_008_V04__PLAYER,Player,T52_S002__BASELINE,BASELINE,3,EEVEE_ENERGY_ADVANTAGE,ACTING_ENERGY_ADVANTAGE,ENERGY_STATE,Set acting energy to four and opposing energy to one.,"['Ascension', 'Quick Attack']",Ascension | Quick Attack,3,4.0,1.0,3.0,Quick Attack,0.714,0.184,0.53,True,False,0.714,0.186,0.528,Quick Attack,0.0,-0.0020000000000000018,0.0020000000000000018,False,False
4WE_PAIR_008_V04,4WE_PAIR_008_V04__PLAYER,Player,T52_S002__BASELINE,BASELINE,3,EEVEE_ENERGY_ADVANTAGE,EARLY_TURN,TURN_STATE,Force the decision context to turn one.,"['Ascension', 'Quick Attack']",Ascension | Quick Attack,1,3.0,2.0,1.0,Quick Attack,0.704,0.174,0.53,True,False,0.714,0.186,0.528,Quick Attack,-0.010000000000000009,-0.01200000000000001,0.0020000000000000018,False,False
4WE_PAIR_008_V04,4WE_PAIR_008_V04__PLAYER,Player,T52_S002__BASELINE,BASELINE,3,EEVEE_ENERGY_ADVANTAGE,LATE_TURN,TURN_STATE,Force the decision context to turn twelve.,"['Ascension', 'Quick Attack']",Ascension | Quick Attack,12,3.0,2.0,1.0,Quick Attack,0.72,0.178,0.542,True,False,0.714,0.186,0.528,Quick Attack,0.006000000000000005,-0.008000000000000007,0.014000000000000012,False,False
4WE_PAIR_009_V01,4WE_PAIR_009_V01__OPPONENT,Opponent,T52_S002__BASELINE,BASELINE,5,OBSERVED_ENERGY_CONTEXT,BASELINE,BASELINE,Preserve the original expanded case exactly.,"['Ascension', 'Quick Attack']",Ascension | Quick Attack,5,3.0,3.0,0.0,Quick Attack,0.712,0.188,0.524,True,False,0.712,0.188,0.524,Quick Attack,0.0,0.0,0.0,False,False
4WE_PAIR_009_V01,4WE_PAIR_009_V01__OPPONENT,Opponent,T52_S002__BASELINE,BASELINE,5,OBSERVED_ENERGY_CONTEXT,LEGAL_SIGNATURE_ASCENSION_ONLY,LEGAL_STRUCTURE,Expose Ascension as the only legal action.,['Ascension'],Ascension,5,3.0,3.0,0.0,Ascension,0.042,0.65,-0.608,False,True,0.712,0.188,0.524,Quick Attack,-0.6699999999999999,0.462,-1.1320000000000001,True,True
4WE_PAIR_009_V01,4WE_PAIR_009_V01__OPPONENT,Opponent,T52_S002__BASELINE,BASELINE,5,OBSERVED_ENERGY_CONTEXT,LEGAL_SIGNATURE_QUICK_ATTACK_ONLY,LEGAL_STRUCTURE,Expose Quick Attack as the only legal action.,['Quick Attack'],Quick Attack,5,3.0,3.0,0.0,Ascension,0.156,0.406,-0.25,False,True,0.712,0.188,0.524,Quick Attack,-0.5559999999999999,0.21800000000000003,-0.774,True,True
4WE_PAIR_009_V01,4WE_PAIR_009_V01__OPPONENT,Opponent,T52_S002__BASELINE,BASELINE,5,OBSERVED_ENERGY_CONTEXT,LOW_ACTING_ENERGY,ENERGY_STATE,Reduce the acting Pokémon to one attached energy.,"['Ascension', 'Quick Attack']",Ascension | Quick Attack,5,1.0,3.0,-2.0,Quick Attack,0.704,0.196,0.508,True,False,0.712,0.188,0.524,Quick Attack,-0.008000000000000007,0.008000000000000007,-0.016000000000000014,False,False
4WE_PAIR_009_V01,4WE_PAIR_009_V01__OPPONENT,Opponent,T52_S002__BASELINE,BASELINE,5,OBSERVED_ENERGY_CONTEXT,HIGH_ACTING_ENERGY,ENERGY_STATE,Increase the acting Pokémon to four attached energy.,"['Ascension', 'Quick Attack']",Ascension | Quick Attack,5,4.0,3.0,1.0,Quick Attack,0.718,0.182,0.536,True,False,0.712,0.188,0.524,Quick Attack,0.006000000000000005,-0.006000000000000005,0.01200000000000001,False,False
4WE_PAIR_009_V01,4WE_PAIR_009_V01__OPPONENT,Opponent,T52_S002__BASELINE,BASELINE,5,OBSERVED_ENERGY_CONTEXT,ACTING_ENERGY_DISADVANTAGE,ENERGY_STATE,Set acting energy to two and opposing energy to four.,"['Ascension', 'Quick Attack']",Ascension | Quick Attack,5,2.0,4.0,-2.0,Quick Attack,0.708,0.194,0.514,True,False,0.712,0.188,0.524,Quick Attack,-0.0040000000000000036,0.006000000000000005,-0.010000000000000009,False,False
4WE_PAIR_009_V01,4WE_PAIR_009_V01__OPPONENT,Opponent,T52_S002__BASELINE,BASELINE,5,OBSERVED_ENERGY_CONTEXT,ACTING_ENERGY_ADVANTAGE,ENERGY_STATE,Set acting energy to four and opposing energy to one.,"['Ascension', 'Quick Attack']",Ascension | Quick Attack,5,4.0,1.0,3.0,Quick Attack,0.714,0.186,0.528,True,False,0.712,0.188,0.524,Quick Attack,0.0020000000000000018,-0.0020000000000000018,0.0040000000000000036,False,False
4WE_PAIR_009_V01,4WE_PAIR_009_V01__OPPONENT,Opponent,T52_S002__BASELINE,BASELINE,5,OBSERVED_ENERGY_CONTEXT,EARLY_TURN,TURN_STATE,Force the decision context to turn one.,"['Ascension', 'Quick Attack']",Ascension | Quick Attack,1,3.0,3.0,0.0,Quick Attack,0.702,0.176,0.526,True,False,0.712,0.188,0.524,Quick Attack,-0.010000000000000009,-0.01200000000000001,0.0020000000000000018,False,False
4WE_PAIR_009_V01,4WE_PAIR_009_V01__OPPONENT,Opponent,T52_S002__BASELINE,BASELINE,5,OBSERVED_ENERGY_CONTEXT,LATE_TURN,TURN_STATE,Force the decision context to turn twelve.,"['Ascension', 'Quick Attack']",Ascension | Quick Attack,12,3.0,3.0,0.0,Quick Attack,0.718,0.18,0.538,True,False,0.712,0.188,0.524,Quick Attack,0.006000000000000005,-0.008000000000000007,0.014000000000000012,False,False
4WE_PAIR_009_V01,4WE_PAIR_009_V01__PLAYER,Player,T52_S002__BASELINE,BASELINE,5,OBSERVED_ENERGY_CONTEXT,BASELINE,BASELINE,Preserve the original expanded case exactly.,"['Ascension', 'Quick Attack']",Ascension | Quick Attack,5,3.0,3.0,0.0,Quick Attack,0.714,0.186,0.528,True,False,0.714,0.186,0.528,Quick Attack,0.0,0.0,0.0,False,False
4WE_PAIR_009_V01,4WE_PAIR_009_V01__PLAYER,Player,T52_S002__BASELINE,BASELINE,5,OBSERVED_ENERGY_CONTEXT,LEGAL_SIGNATURE_ASCENSION_ONLY,LEGAL_STRUCTURE,Expose Ascension as the only legal action.,['Ascension'],Ascension,5,3.0,3.0,0.0,Ascension,0.042,0.648,-0.606,False,True,0.714,0.186,0.528,Quick Attack,-0.6719999999999999,0.462,-1.134,True,True
4WE_PAIR_009_V01,4WE_PAIR_009_V01__PLAYER,Player,T52_S002__BASELINE,BASELINE,5,OBSERVED_ENERGY_CONTEXT,LEGAL_SIGNATURE_QUICK_ATTACK_ONLY,LEGAL_STRUCTURE,Expose Quick Attack as the only legal action.,['Quick Attack'],Quick Attack,5,3.0,3.0,0.0,Ascension,0.156,0.404,-0.24800000000000003,False,True,0.714,0.186,0.528,Quick Attack,-0.5579999999999999,0.21800000000000003,-0.776,True,True
4WE_PAIR_009_V01,4WE_PAIR_009_V01__PLAYER,Player,T52_S002__BASELINE,BASELINE,5,OBSERVED_ENERGY_CONTEXT,LOW_ACTING_ENERGY,ENERGY_STATE,Reduce the acting Pokémon to one attached energy.,"['Ascension', 'Quick Attack']",Ascension | Quick Attack,5,1.0,3.0,-2.0,Quick Attack,0.706,0.196,0.51,True,False,0.714,0.186,0.528,Quick Attack,-0.008000000000000007,0.010000000000000009,-0.018000000000000016,False,False
4WE_PAIR_009_V01,4WE_PAIR_009_V01__PLAYER,Player,T52_S002__BASELINE,BASELINE,5,OBSERVED_ENERGY_CONTEXT,HIGH_ACTING_ENERGY,ENERGY_STATE,Increase the acting Pokémon to four attached energy.,"['Ascension', 'Quick Attack']",Ascension | Quick Attack,5,4.0,3.0,1.0,Quick Attack,0.718,0.182,0.536,True,False,0.714,0.186,0.528,Quick Attack,0.0040000000000000036,-0.0040000000000000036,0.008000000000000007,False,False
4WE_PAIR_009_V01,4WE_PAIR_009_V01__PLAYER,Player,T52_S002__BASELINE,BASELINE,5,OBSERVED_ENERGY_CONTEXT,ACTING_ENERGY_DISADVANTAGE,ENERGY_STATE,Set acting energy to two and opposing energy to four.,"['Ascension', 'Quick Attack']",Ascension | Quick Attack,5,2.0,4.0,-2.0,Quick Attack,0.712,0.19,0.522,True,False,0.714,0.186,0.528,Quick Attack,-0.0020000000000000018,0.0040000000000000036,-0.006000000000000005,False,False
4WE_PAIR_009_V01,4WE_PAIR_009_V01__PLAYER,Player,T52_S002__BASELINE,BASELINE,5,OBSERVED_ENERGY_CONTEXT,ACTING_ENERGY_ADVANTAGE,ENERGY_STATE,Set acting energy to four and opposing energy to one.,"['Ascension', 'Quick Attack']",Ascension | Quick Attack,5,4.0,1.0,3.0,Quick Attack,0.714,0.184,0.53,True,False,0.714,0.186,0.528,Quick Attack,0.0,-0.0020000000000000018,0.0020000000000000018,False,False
4WE_PAIR_009_V01,4WE_PAIR_009_V01__PLAYER,Player,T52_S002__BASELINE,BASELINE,5,OBSERVED_ENERGY_CONTEXT,EARLY_TURN,TURN_STATE,Force the decision context to turn one.,"['Ascension', 'Quick Attack']",Ascension | Quick Attack,1,3.0,3.0,0.0,Quick Attack,0.704,0.174,0.53,True,False,0.714,0.186,0.528,Quick Attack,-0.010000000000000009,-0.01200000000000001,0.0020000000000000018,False,False
4WE_PAIR_009_V01,4WE_PAIR_009_V01__PLAYER,Player,T52_S002__BASELINE,BASELINE,5,OBSERVED_ENERGY_CONTEXT,LATE_TURN,TURN_STATE,Force the decision context to turn twelve.,"['Ascension', 'Quick Attack']",Ascension | Quick Attack,12,3.0,3.0,0.0,Quick Attack,0.72,0.178,0.542,True,False,0.714,0.186,0.528,Quick Attack,0.006000000000000005,-0.008000000000000007,0.014000000000000012,False,False
4WE_PAIR_009_V02,4WE_PAIR_009_V02__OPPONENT,Opponent,T52_S002__BASELINE,BASELINE,5,MINIMUM_MULTI_ACTION_ENERGY,BASELINE,BASELINE,Preserve the original expanded case exactly.,"['Ascension', 'Quick Attack']",Ascension | Quick Attack,5,2.0,3.0,-1.0,Quick Attack,0.706,0.196,0.51,True,False,0.706,0.196,0.51,Quick Attack,0.0,0.0,0.0,False,False
4WE_PAIR_009_V02,4WE_PAIR_009_V02__OPPONENT,Opponent,T52_S002__BASELINE,BASELINE,5,MINIMUM_MULTI_ACTION_ENERGY,LEGAL_SIGNATURE_ASCENSION_ONLY,LEGAL_STRUCTURE,Expose Ascension as the only legal action.,['Ascension'],Ascension,5,2.0,3.0,-1.0,Ascension,0.04,0.658,-0.618,False,True,0.706,0.196,0.51,Quick Attack,-0.6659999999999999,0.462,-1.1280000000000001,True,True
4WE_PAIR_009_V02,4WE_PAIR_009_V02__OPPONENT,Opponent,T52_S002__BASELINE,BASELINE,5,MINIMUM_MULTI_ACTION_ENERGY,LEGAL_SIGNATURE_QUICK_ATTACK_ONLY,LEGAL_STRUCTURE,Expose Quick Attack as the only legal action.,['Quick Attack'],Quick Attack,5,2.0,3.0,-1.0,Ascension,0.152,0.412,-0.26,False,True,0.706,0.196,0.51,Quick Attack,-0.5539999999999999,0.21599999999999997,-0.77,True,True
4WE_PAIR_009_V02,4WE_PAIR_009_V02__OPPONENT,Opponent,T52_S002__BASELINE,BASELINE,5,MINIMUM_MULTI_ACTION_ENERGY,LOW_ACTING_ENERGY,ENERGY_STATE,Reduce the acting Pokémon to one attached energy.,"['Ascension', 'Quick Attack']",Ascension | Quick Attack,5,1.0,3.0,-2.0,Quick Attack,0.704,0.196,0.508,True,False,0.706,0.196,0.51,Quick Attack,-0.0020000000000000018,0.0,-0.0020000000000000018,False,False
4WE_PAIR_009_V02,4WE_PAIR_009_V02__OPPONENT,Opponent,T52_S002__BASELINE,BASELINE,5,MINIMUM_MULTI_ACTION_ENERGY,HIGH_ACTING_ENERGY,ENERGY_STATE,Increase the acting Pokémon to four attached energy.,"['Ascension', 'Quick Attack']",Ascension | Quick Attack,5,4.0,3.0,1.0,Quick Attack,0.718,0.182,0.536,True,False,0.706,0.196,0.51,Quick Attack,0.01200000000000001,-0.014000000000000012,0.026000000000000023,False,False
4WE_PAIR_009_V02,4WE_PAIR_009_V02__OPPONENT,Opponent,T52_S002__BASELINE,BASELINE,5,MINIMUM_MULTI_ACTION_ENERGY,ACTING_ENERGY_DISADVANTAGE,ENERGY_STATE,Set acting energy to two and opposing energy to four.,"['Ascension', 'Quick Attack']",Ascension | Quick Attack,5,2.0,4.0,-2.0,Quick Attack,0.708,0.194,0.514,True,False,0.706,0.196,0.51,Quick Attack,0.0020000000000000018,-0.0020000000000000018,0.0040000000000000036,False,False
4WE_PAIR_009_V02,4WE_PAIR_009_V02__OPPONENT,Opponent,T52_S002__BASELINE,BASELINE,5,MINIMUM_MULTI_ACTION_ENERGY,ACTING_ENERGY_ADVANTAGE,ENERGY_STATE,Set acting energy to four and opposing energy to one.,"['Ascension', 'Quick Attack']",Ascension | Quick Attack,5,4.0,1.0,3.0,Quick Attack,0.714,0.186,0.528,True,False,0.706,0.196,0.51,Quick Attack,0.008000000000000007,-0.010000000000000009,0.018000000000000016,False,False
4WE_PAIR_009_V02,4WE_PAIR_009_V02__OPPONENT,Opponent,T52_S002__BASELINE,BASELINE,5,MINIMUM_MULTI_ACTION_ENERGY,EARLY_TURN,TURN_STATE,Force the decision context to turn one.,"['Ascension', 'Quick Attack']",Ascension | Quick Attack,1,2.0,3.0,-1.0,Quick Attack,0.696,0.184,0.512,True,False,0.706,0.196,0.51,Quick Attack,-0.010000000000000009,-0.01200000000000001,0.0020000000000000018,False,False
4WE_PAIR_009_V02,4WE_PAIR_009_V02__OPPONENT,Opponent,T52_S002__BASELINE,BASELINE,5,MINIMUM_MULTI_ACTION_ENERGY,LATE_TURN,TURN_STATE,Force the decision context to turn twelve.,"['Ascension', 'Quick Attack']",Ascension | Quick Attack,12,2.0,3.0,-1.0,Quick Attack,0.712,0.188,0.524,True,False,0.706,0.196,0.51,Quick Attack,0.006000000000000005,-0.008000000000000007,0.014000000000000012,False,False
4WE_PAIR_009_V02,4WE_PAIR_009_V02__PLAYER,Player,T52_S002__BASELINE,BASELINE,5,MINIMUM_MULTI_ACTION_ENERGY,BASELINE,BASELINE,Preserve the original expanded case exactly.,"['Ascension', 'Quick Attack']",Ascension | Quick Attack,5,2.0,3.0,-1.0,Quick Attack,0.708,0.194,0.514,True,False,0.708,0.194,0.514,Quick Attack,0.0,0.0,0.0,False,False
4WE_PAIR_009_V02,4WE_PAIR_009_V02__PLAYER,Player,T52_S002__BASELINE,BASELINE,5,MINIMUM_MULTI_ACTION_ENERGY,LEGAL_SIGNATURE_ASCENSION_ONLY,LEGAL_STRUCTURE,Expose Ascension as the only legal action.,['Ascension'],Ascension,5,2.0,3.0,-1.0,Ascension,0.04,0.656,-0.616,False,True,0.708,0.194,0.514,Quick Attack,-0.6679999999999999,0.462,-1.13,True,True
4WE_PAIR_009_V02,4WE_PAIR_009_V02__PLAYER,Player,T52_S002__BASELINE,BASELINE,5,MINIMUM_MULTI_ACTION_ENERGY,LEGAL_SIGNATURE_QUICK_ATTACK_ONLY,LEGAL_STRUCTURE,Expose Quick Attack as the only legal action.,['Quick Attack'],Quick Attack,5,2.0,3.0,-1.0,Ascension,0.152,0.41,-0.258,False,True,0.708,0.194,0.514,Quick Attack,-0.5559999999999999,0.21599999999999997,-0.772,True,True
4WE_PAIR_009_V02,4WE_PAIR_009_V02__PLAYER,Player,T52_S002__BASELINE,BASELINE,5,MINIMUM_MULTI_ACTION_ENERGY,LOW_ACTING_ENERGY,ENERGY_STATE,Reduce the acting Pokémon to one attached energy.,"['Ascension', 'Quick Attack']",Ascension | Quick Attack,5,1.0,3.0,-2.0,Quick Attack,0.706,0.196,0.51,True,False,0.708,0.194,0.514,Quick Attack,-0.0020000000000000018,0.0020000000000000018,-0.0040000000000000036,False,False
4WE_PAIR_009_V02,4WE_PAIR_009_V02__PLAYER,Player,T52_S002__BASELINE,BASELINE,5,MINIMUM_MULTI_ACTION_ENERGY,HIGH_ACTING_ENERGY,ENERGY_STATE,Increase the acting Pokémon to four attached energy.,"['Ascension', 'Quick Attack']",Ascension | Quick Attack,5,4.0,3.0,1.0,Quick Attack,0.718,0.182,0.536,True,False,0.708,0.194,0.514,Quick Attack,0.010000000000000009,-0.01200000000000001,0.02200000000000002,False,False
4WE_PAIR_009_V02,4WE_PAIR_009_V02__PLAYER,Player,T52_S002__BASELINE,BASELINE,5,MINIMUM_MULTI_ACTION_ENERGY,ACTING_ENERGY_DISADVANTAGE,ENERGY_STATE,Set acting energy to two and opposing energy to four.,"['Ascension', 'Quick Attack']",Ascension | Quick Attack,5,2.0,4.0,-2.0,Quick Attack,0.712,0.19,0.522,True,False,0.708,0.194,0.514,Quick Attack,0.0040000000000000036,-0.0040000000000000036,0.008000000000000007,False,False
4WE_PAIR_009_V02,4WE_PAIR_009_V02__PLAYER,Player,T52_S002__BASELINE,BASELINE,5,MINIMUM_MULTI_ACTION_ENERGY,ACTING_ENERGY_ADVANTAGE,ENERGY_STATE,Set acting energy to four and opposing energy to one.,"['Ascension', 'Quick Attack']",Ascension | Quick Attack,5,4.0,1.0,3.0,Quick Attack,0.714,0.184,0.53,True,False,0.708,0.194,0.514,Quick Attack,0.006000000000000005,-0.010000000000000009,0.016000000000000014,False,False
4WE_PAIR_009_V02,4WE_PAIR_009_V02__PLAYER,Player,T52_S002__BASELINE,BASELINE,5,MINIMUM_MULTI_ACTION_ENERGY,EARLY_TURN,TURN_STATE,Force the decision context to turn one.,"['Ascension', 'Quick Attack']",Ascension | Quick Attack,1,2.0,3.0,-1.0,Quick Attack,0.698,0.182,0.516,True,False,0.708,0.194,0.514,Quick Attack,-0.010000000000000009,-0.01200000000000001,0.0020000000000000018,False,False
4WE_PAIR_009_V02,4WE_PAIR_009_V02__PLAYER,Player,T52_S002__BASELINE,BASELINE,5,MINIMUM_MULTI_ACTION_ENERGY,LATE_TURN,TURN_STATE,Force the decision context to turn twelve.,"['Ascension', 'Quick Attack']",Ascension | Quick Attack,12,2.0,3.0,-1.0,Quick Attack,0.714,0.186,0.528,True,False,0.708,0.194,0.514,Quick Attack,0.006000000000000005,-0.008000000000000007,0.014000000000000012,False,False
4WE_PAIR_009_V03,4WE_PAIR_009_V03__OPPONENT,Opponent,T52_S002__BASELINE,BASELINE,5,SYMMETRIC_TWO_ENERGY,BASELINE,BASELINE,Preserve the original expanded case exactly.,"['Ascension', 'Quick Attack']",Ascension | Quick Attack,5,2.0,2.0,0.0,Quick Attack,0.706,0.196,0.51,True,False,0.706,0.196,0.51,Quick Attack,0.0,0.0,0.0,False,False
4WE_PAIR_009_V03,4WE_PAIR_009_V03__OPPONENT,Opponent,T52_S002__BASELINE,BASELINE,5,SYMMETRIC_TWO_ENERGY,LEGAL_SIGNATURE_ASCENSION_ONLY,LEGAL_STRUCTURE,Expose Ascension as the only legal action.,['Ascension'],Ascension,5,2.0,2.0,0.0,Ascension,0.04,0.658,-0.618,False,True,0.706,0.196,0.51,Quick Attack,-0.6659999999999999,0.462,-1.1280000000000001,True,True
4WE_PAIR_009_V03,4WE_PAIR_009_V03__OPPONENT,Opponent,T52_S002__BASELINE,BASELINE,5,SYMMETRIC_TWO_ENERGY,LEGAL_SIGNATURE_QUICK_ATTACK_ONLY,LEGAL_STRUCTURE,Expose Quick Attack as the only legal action.,['Quick Attack'],Quick Attack,5,2.0,2.0,0.0,Ascension,0.152,0.412,-0.26,False,True,0.706,0.196,0.51,Quick Attack,-0.5539999999999999,0.21599999999999997,-0.77,True,True
4WE_PAIR_009_V03,4WE_PAIR_009_V03__OPPONENT,Opponent,T52_S002__BASELINE,BASELINE,5,SYMMETRIC_TWO_ENERGY,LOW_ACTING_ENERGY,ENERGY_STATE,Reduce the acting Pokémon to one attached energy.,"['Ascension', 'Quick Attack']",Ascension | Quick Attack,5,1.0,2.0,-1.0,Quick Attack,0.704,0.196,0.508,True,False,0.706,0.196,0.51,Quick Attack,-0.0020000000000000018,0.0,-0.0020000000000000018,False,False
4WE_PAIR_009_V03,4WE_PAIR_009_V03__OPPONENT,Opponent,T52_S002__BASELINE,BASELINE,5,SYMMETRIC_TWO_ENERGY,HIGH_ACTING_ENERGY,ENERGY_STATE,Increase the acting Pokémon to four attached energy.,"['Ascension', 'Quick Attack']",Ascension | Quick Attack,5,4.0,2.0,2.0,Quick Attack,0.718,0.182,0.536,True,False,0.706,0.196,0.51,Quick Attack,0.01200000000000001,-0.014000000000000012,0.026000000000000023,False,False
4WE_PAIR_009_V03,4WE_PAIR_009_V03__OPPONENT,Opponent,T52_S002__BASELINE,BASELINE,5,SYMMETRIC_TWO_ENERGY,ACTING_ENERGY_DISADVANTAGE,ENERGY_STATE,Set acting energy to two and opposing energy to four.,"['Ascension', 'Quick Attack']",Ascension | Quick Attack,5,2.0,4.0,-2.0,Quick Attack,0.708,0.194,0.514,True,False,0.706,0.196,0.51,Quick Attack,0.0020000000000000018,-0.0020000000000000018,0.0040000000000000036,False,False
4WE_PAIR_009_V03,4WE_PAIR_009_V03__OPPONENT,Opponent,T52_S002__BASELINE,BASELINE,5,SYMMETRIC_TWO_ENERGY,ACTING_ENERGY_ADVANTAGE,ENERGY_STATE,Set acting energy to four and opposing energy to one.,"['Ascension', 'Quick Attack']",Ascension | Quick Attack,5,4.0,1.0,3.0,Quick Attack,0.714,0.186,0.528,True,False,0.706,0.196,0.51,Quick Attack,0.008000000000000007,-0.010000000000000009,0.018000000000000016,False,False
4WE_PAIR_009_V03,4WE_PAIR_009_V03__OPPONENT,Opponent,T52_S002__BASELINE,BASELINE,5,SYMMETRIC_TWO_ENERGY,EARLY_TURN,TURN_STATE,Force the decision context to turn one.,"['Ascension', 'Quick Attack']",Ascension | Quick Attack,1,2.0,2.0,0.0,Quick Attack,0.696,0.184,0.512,True,False,0.706,0.196,0.51,Quick Attack,-0.010000000000000009,-0.01200000000000001,0.0020000000000000018,False,False
4WE_PAIR_009_V03,4WE_PAIR_009_V03__OPPONENT,Opponent,T52_S002__BASELINE,BASELINE,5,SYMMETRIC_TWO_ENERGY,LATE_TURN,TURN_STATE,Force the decision context to turn twelve.,"['Ascension', 'Quick Attack']",Ascension | Quick Attack,12,2.0,2.0,0.0,Quick Attack,0.712,0.188,0.524,True,False,0.706,0.196,0.51,Quick Attack,0.006000000000000005,-0.008000000000000007,0.014000000000000012,False,False
4WE_PAIR_009_V03,4WE_PAIR_009_V03__PLAYER,Player,T52_S002__BASELINE,BASELINE,5,SYMMETRIC_TWO_ENERGY,BASELINE,BASELINE,Preserve the original expanded case exactly.,"['Ascension', 'Quick Attack']",Ascension | Quick Attack,5,2.0,2.0,0.0,Quick Attack,0.708,0.194,0.514,True,False,0.708,0.194,0.514,Quick Attack,0.0,0.0,0.0,False,False
4WE_PAIR_009_V03,4WE_PAIR_009_V03__PLAYER,Player,T52_S002__BASELINE,BASELINE,5,SYMMETRIC_TWO_ENERGY,LEGAL_SIGNATURE_ASCENSION_ONLY,LEGAL_STRUCTURE,Expose Ascension as the only legal action.,['Ascension'],Ascension,5,2.0,2.0,0.0,Ascension,0.04,0.656,-0.616,False,True,0.708,0.194,0.514,Quick Attack,-0.6679999999999999,0.462,-1.13,True,True
4WE_PAIR_009_V03,4WE_PAIR_009_V03__PLAYER,Player,T52_S002__BASELINE,BASELINE,5,SYMMETRIC_TWO_ENERGY,LEGAL_SIGNATURE_QUICK_ATTACK_ONLY,LEGAL_STRUCTURE,Expose Quick Attack as the only legal action.,['Quick Attack'],Quick Attack,5,2.0,2.0,0.0,Ascension,0.152,0.41,-0.258,False,True,0.708,0.194,0.514,Quick Attack,-0.5559999999999999,0.21599999999999997,-0.772,True,True
4WE_PAIR_009_V03,4WE_PAIR_009_V03__PLAYER,Player,T52_S002__BASELINE,BASELINE,5,SYMMETRIC_TWO_ENERGY,LOW_ACTING_ENERGY,ENERGY_STATE,Reduce the acting Pokémon to one attached energy.,"['Ascension', 'Quick Attack']",Ascension | Quick Attack,5,1.0,2.0,-1.0,Quick Attack,0.706,0.196,0.51,True,False,0.708,0.194,0.514,Quick Attack,-0.0020000000000000018,0.0020000000000000018,-0.0040000000000000036,False,False
4WE_PAIR_009_V03,4WE_PAIR_009_V03__PLAYER,Player,T52_S002__BASELINE,BASELINE,5,SYMMETRIC_TWO_ENERGY,HIGH_ACTING_ENERGY,ENERGY_STATE,Increase the acting Pokémon to four attached energy.,"['Ascension', 'Quick Attack']",Ascension | Quick Attack,5,4.0,2.0,2.0,Quick Attack,0.718,0.182,0.536,True,False,0.708,0.194,0.514,Quick Attack,0.010000000000000009,-0.01200000000000001,0.02200000000000002,False,False
4WE_PAIR_009_V03,4WE_PAIR_009_V03__PLAYER,Player,T52_S002__BASELINE,BASELINE,5,SYMMETRIC_TWO_ENERGY,ACTING_ENERGY_DISADVANTAGE,ENERGY_STATE,Set acting energy to two and opposing energy to four.,"['Ascension', 'Quick Attack']",Ascension | Quick Attack,5,2.0,4.0,-2.0,Quick Attack,0.712,0.19,0.522,True,False,0.708,0.194,0.514,Quick Attack,0.0040000000000000036,-0.0040000000000000036,0.008000000000000007,False,False
4WE_PAIR_009_V03,4WE_PAIR_009_V03__PLAYER,Player,T52_S002__BASELINE,BASELINE,5,SYMMETRIC_TWO_ENERGY,ACTING_ENERGY_ADVANTAGE,ENERGY_STATE,Set acting energy to four and opposing energy to one.,"['Ascension', 'Quick Attack']",Ascension | Quick Attack,5,4.0,1.0,3.0,Quick Attack,0.714,0.184,0.53,True,False,0.708,0.194,0.514,Quick Attack,0.006000000000000005,-0.010000000000000009,0.016000000000000014,False,False
4WE_PAIR_009_V03,4WE_PAIR_009_V03__PLAYER,Player,T52_S002__BASELINE,BASELINE,5,SYMMETRIC_TWO_ENERGY,EARLY_TURN,TURN_STATE,Force the decision context to turn one.,"['Ascension', 'Quick Attack']",Ascension | Quick Attack,1,2.0,2.0,0.0,Quick Attack,0.698,0.182,0.516,True,False,0.708,0.194,0.514,Quick Attack,-0.010000000000000009,-0.01200000000000001,0.0020000000000000018,False,False
4WE_PAIR_009_V03,4WE_PAIR_009_V03__PLAYER,Player,T52_S002__BASELINE,BASELINE,5,SYMMETRIC_TWO_ENERGY,LATE_TURN,TURN_STATE,Force the decision context to turn twelve.,"['Ascension', 'Quick Attack']",Ascension | Quick Attack,12,2.0,2.0,0.0,Quick Attack,0.714,0.186,0.528,True,False,0.708,0.194,0.514,Quick Attack,0.006000000000000005,-0.008000000000000007,0.014000000000000012,False,False
4WE_PAIR_009_V04,4WE_PAIR_009_V04__OPPONENT,Opponent,T52_S002__BASELINE,BASELINE,5,EEVEE_ENERGY_ADVANTAGE,BASELINE,BASELINE,Preserve the original expanded case exactly.,"['Ascension', 'Quick Attack']",Ascension | Quick Attack,5,3.0,2.0,1.0,Quick Attack,0.712,0.188,0.524,True,False,0.712,0.188,0.524,Quick Attack,0.0,0.0,0.0,False,False
4WE_PAIR_009_V04,4WE_PAIR_009_V04__OPPONENT,Opponent,T52_S002__BASELINE,BASELINE,5,EEVEE_ENERGY_ADVANTAGE,LEGAL_SIGNATURE_ASCENSION_ONLY,LEGAL_STRUCTURE,Expose Ascension as the only legal action.,['Ascension'],Ascension,5,3.0,2.0,1.0,Ascension,0.042,0.65,-0.608,False,True,0.712,0.188,0.524,Quick Attack,-0.6699999999999999,0.462,-1.1320000000000001,True,True
4WE_PAIR_009_V04,4WE_PAIR_009_V04__OPPONENT,Opponent,T52_S002__BASELINE,BASELINE,5,EEVEE_ENERGY_ADVANTAGE,LEGAL_SIGNATURE_QUICK_ATTACK_ONLY,LEGAL_STRUCTURE,Expose Quick Attack as the only legal action.,['Quick Attack'],Quick Attack,5,3.0,2.0,1.0,Ascension,0.156,0.406,-0.25,False,True,0.712,0.188,0.524,Quick Attack,-0.5559999999999999,0.21800000000000003,-0.774,True,True
4WE_PAIR_009_V04,4WE_PAIR_009_V04__OPPONENT,Opponent,T52_S002__BASELINE,BASELINE,5,EEVEE_ENERGY_ADVANTAGE,LOW_ACTING_ENERGY,ENERGY_STATE,Reduce the acting Pokémon to one attached energy.,"['Ascension', 'Quick Attack']",Ascension | Quick Attack,5,1.0,2.0,-1.0,Quick Attack,0.704,0.196,0.508,True,False,0.712,0.188,0.524,Quick Attack,-0.008000000000000007,0.008000000000000007,-0.016000000000000014,False,False
4WE_PAIR_009_V04,4WE_PAIR_009_V04__OPPONENT,Opponent,T52_S002__BASELINE,BASELINE,5,EEVEE_ENERGY_ADVANTAGE,HIGH_ACTING_ENERGY,ENERGY_STATE,Increase the acting Pokémon to four attached energy.,"['Ascension', 'Quick Attack']",Ascension | Quick Attack,5,4.0,2.0,2.0,Quick Attack,0.718,0.182,0.536,True,False,0.712,0.188,0.524,Quick Attack,0.006000000000000005,-0.006000000000000005,0.01200000000000001,False,False
4WE_PAIR_009_V04,4WE_PAIR_009_V04__OPPONENT,Opponent,T52_S002__BASELINE,BASELINE,5,EEVEE_ENERGY_ADVANTAGE,ACTING_ENERGY_DISADVANTAGE,ENERGY_STATE,Set acting energy to two and opposing energy to four.,"['Ascension', 'Quick Attack']",Ascension | Quick Attack,5,2.0,4.0,-2.0,Quick Attack,0.708,0.194,0.514,True,False,0.712,0.188,0.524,Quick Attack,-0.0040000000000000036,0.006000000000000005,-0.010000000000000009,False,False
4WE_PAIR_009_V04,4WE_PAIR_009_V04__OPPONENT,Opponent,T52_S002__BASELINE,BASELINE,5,EEVEE_ENERGY_ADVANTAGE,ACTING_ENERGY_ADVANTAGE,ENERGY_STATE,Set acting energy to four and opposing energy to one.,"['Ascension', 'Quick Attack']",Ascension | Quick Attack,5,4.0,1.0,3.0,Quick Attack,0.714,0.186,0.528,True,False,0.712,0.188,0.524,Quick Attack,0.0020000000000000018,-0.0020000000000000018,0.0040000000000000036,False,False
4WE_PAIR_009_V04,4WE_PAIR_009_V04__OPPONENT,Opponent,T52_S002__BASELINE,BASELINE,5,EEVEE_ENERGY_ADVANTAGE,EARLY_TURN,TURN_STATE,Force the decision context to turn one.,"['Ascension', 'Quick Attack']",Ascension | Quick Attack,1,3.0,2.0,1.0,Quick Attack,0.702,0.176,0.526,True,False,0.712,0.188,0.524,Quick Attack,-0.010000000000000009,-0.01200000000000001,0.0020000000000000018,False,False
4WE_PAIR_009_V04,4WE_PAIR_009_V04__OPPONENT,Opponent,T52_S002__BASELINE,BASELINE,5,EEVEE_ENERGY_ADVANTAGE,LATE_TURN,TURN_STATE,Force the decision context to turn twelve.,"['Ascension', 'Quick Attack']",Ascension | Quick Attack,12,3.0,2.0,1.0,Quick Attack,0.718,0.18,0.538,True,False,0.712,0.188,0.524,Quick Attack,0.006000000000000005,-0.008000000000000007,0.014000000000000012,False,False
4WE_PAIR_009_V04,4WE_PAIR_009_V04__PLAYER,Player,T52_S002__BASELINE,BASELINE,5,EEVEE_ENERGY_ADVANTAGE,BASELINE,BASELINE,Preserve the original expanded case exactly.,"['Ascension', 'Quick Attack']",Ascension | Quick Attack,5,3.0,2.0,1.0,Quick Attack,0.714,0.186,0.528,True,False,0.714,0.186,0.528,Quick Attack,0.0,0.0,0.0,False,False
4WE_PAIR_009_V04,4WE_PAIR_009_V04__PLAYER,Player,T52_S002__BASELINE,BASELINE,5,EEVEE_ENERGY_ADVANTAGE,LEGAL_SIGNATURE_ASCENSION_ONLY,LEGAL_STRUCTURE,Expose Ascension as the only legal action.,['Ascension'],Ascension,5,3.0,2.0,1.0,Ascension,0.042,0.648,-0.606,False,True,0.714,0.186,0.528,Quick Attack,-0.6719999999999999,0.462,-1.134,True,True
4WE_PAIR_009_V04,4WE_PAIR_009_V04__PLAYER,Player,T52_S002__BASELINE,BASELINE,5,EEVEE_ENERGY_ADVANTAGE,LEGAL_SIGNATURE_QUICK_ATTACK_ONLY,LEGAL_STRUCTURE,Expose Quick Attack as the only legal action.,['Quick Attack'],Quick Attack,5,3.0,2.0,1.0,Ascension,0.156,0.404,-0.24800000000000003,False,True,0.714,0.186,0.528,Quick Attack,-0.5579999999999999,0.21800000000000003,-0.776,True,True
4WE_PAIR_009_V04,4WE_PAIR_009_V04__PLAYER,Player,T52_S002__BASELINE,BASELINE,5,EEVEE_ENERGY_ADVANTAGE,LOW_ACTING_ENERGY,ENERGY_STATE,Reduce the acting Pokémon to one attached energy.,"['Ascension', 'Quick Attack']",Ascension | Quick Attack,5,1.0,2.0,-1.0,Quick Attack,0.706,0.196,0.51,True,False,0.714,0.186,0.528,Quick Attack,-0.008000000000000007,0.010000000000000009,-0.018000000000000016,False,False
4WE_PAIR_009_V04,4WE_PAIR_009_V04__PLAYER,Player,T52_S002__BASELINE,BASELINE,5,EEVEE_ENERGY_ADVANTAGE,HIGH_ACTING_ENERGY,ENERGY_STATE,Increase the acting Pokémon to four attached energy.,"['Ascension', 'Quick Attack']",Ascension | Quick Attack,5,4.0,2.0,2.0,Quick Attack,0.718,0.182,0.536,True,False,0.714,0.186,0.528,Quick Attack,0.0040000000000000036,-0.0040000000000000036,0.008000000000000007,False,False
4WE_PAIR_009_V04,4WE_PAIR_009_V04__PLAYER,Player,T52_S002__BASELINE,BASELINE,5,EEVEE_ENERGY_ADVANTAGE,ACTING_ENERGY_DISADVANTAGE,ENERGY_STATE,Set acting energy to two and opposing energy to four.,"['Ascension', 'Quick Attack']",Ascension | Quick Attack,5,2.0,4.0,-2.0,Quick Attack,0.712,0.19,0.522,True,False,0.714,0.186,0.528,Quick Attack,-0.0020000000000000018,0.0040000000000000036,-0.006000000000000005,False,False
4WE_PAIR_009_V04,4WE_PAIR_009_V04__PLAYER,Player,T52_S002__BASELINE,BASELINE,5,EEVEE_ENERGY_ADVANTAGE,ACTING_ENERGY_ADVANTAGE,ENERGY_STATE,Set acting energy to four and opposing energy to one.,"['Ascension', 'Quick Attack']",Ascension | Quick Attack,5,4.0,1.0,3.0,Quick Attack,0.714,0.184,0.53,True,False,0.714,0.186,0.528,Quick Attack,0.0,-0.0020000000000000018,0.0020000000000000018,False,False
4WE_PAIR_009_V04,4WE_PAIR_009_V04__PLAYER,Player,T52_S002__BASELINE,BASELINE,5,EEVEE_ENERGY_ADVANTAGE,EARLY_TURN,TURN_STATE,Force the decision context to turn one.,"['Ascension', 'Quick Attack']",Ascension | Quick Attack,1,3.0,2.0,1.0,Quick Attack,0.704,0.174,0.53,True,False,0.714,0.186,0.528,Quick Attack,-0.010000000000000009,-0.01200000000000001,0.0020000000000000018,False,False
4WE_PAIR_009_V04,4WE_PAIR_009_V04__PLAYER,Player,T52_S002__BASELINE,BASELINE,5,EEVEE_ENERGY_ADVANTAGE,LATE_TURN,TURN_STATE,Force the decision context to turn twelve.,"['Ascension', 'Quick Attack']",Ascension | Quick Attack,12,3.0,2.0,1.0,Quick Attack,0.72,0.178,0.542,True,False,0.714,0.186,0.528,Quick Attack,0.006000000000000005,-0.008000000000000007,0.014000000000000012,False,False
4WE_PAIR_010_V01,4WE_PAIR_010_V01__OPPONENT,Opponent,T52_S002__BASELINE,BASELINE,7,OBSERVED_ENERGY_CONTEXT,BASELINE,BASELINE,Preserve the original expanded case exactly.,"['Ascension', 'Quick Attack']",Ascension | Quick Attack,7,3.0,3.0,0.0,Quick Attack,0.714,0.186,0.528,True,False,0.714,0.186,0.528,Quick Attack,0.0,0.0,0.0,False,False
4WE_PAIR_010_V01,4WE_PAIR_010_V01__OPPONENT,Opponent,T52_S002__BASELINE,BASELINE,7,OBSERVED_ENERGY_CONTEXT,LEGAL_SIGNATURE_ASCENSION_ONLY,LEGAL_STRUCTURE,Expose Ascension as the only legal action.,['Ascension'],Ascension,7,3.0,3.0,0.0,Ascension,0.044,0.648,-0.604,False,True,0.714,0.186,0.528,Quick Attack,-0.6699999999999999,0.462,-1.1320000000000001,True,True
4WE_PAIR_010_V01,4WE_PAIR_010_V01__OPPONENT,Opponent,T52_S002__BASELINE,BASELINE,7,OBSERVED_ENERGY_CONTEXT,LEGAL_SIGNATURE_QUICK_ATTACK_ONLY,LEGAL_STRUCTURE,Expose Quick Attack as the only legal action.,['Quick Attack'],Quick Attack,7,3.0,3.0,0.0,Ascension,0.158,0.404,-0.24600000000000002,False,True,0.714,0.186,0.528,Quick Attack,-0.5559999999999999,0.21800000000000003,-0.774,True,True
4WE_PAIR_010_V01,4WE_PAIR_010_V01__OPPONENT,Opponent,T52_S002__BASELINE,BASELINE,7,OBSERVED_ENERGY_CONTEXT,LOW_ACTING_ENERGY,ENERGY_STATE,Reduce the acting Pokémon to one attached energy.,"['Ascension', 'Quick Attack']",Ascension | Quick Attack,7,1.0,3.0,-2.0,Quick Attack,0.706,0.194,0.512,True,False,0.714,0.186,0.528,Quick Attack,-0.008000000000000007,0.008000000000000007,-0.016000000000000014,False,False
4WE_PAIR_010_V01,4WE_PAIR_010_V01__OPPONENT,Opponent,T52_S002__BASELINE,BASELINE,7,OBSERVED_ENERGY_CONTEXT,HIGH_ACTING_ENERGY,ENERGY_STATE,Increase the acting Pokémon to four attached energy.,"['Ascension', 'Quick Attack']",Ascension | Quick Attack,7,4.0,3.0,1.0,Quick Attack,0.72,0.18,0.54,True,False,0.714,0.186,0.528,Quick Attack,0.006000000000000005,-0.006000000000000005,0.01200000000000001,False,False
4WE_PAIR_010_V01,4WE_PAIR_010_V01__OPPONENT,Opponent,T52_S002__BASELINE,BASELINE,7,OBSERVED_ENERGY_CONTEXT,ACTING_ENERGY_DISADVANTAGE,ENERGY_STATE,Set acting energy to two and opposing energy to four.,"['Ascension', 'Quick Attack']",Ascension | Quick Attack,7,2.0,4.0,-2.0,Quick Attack,0.71,0.192,0.518,True,False,0.714,0.186,0.528,Quick Attack,-0.0040000000000000036,0.006000000000000005,-0.010000000000000009,False,False
4WE_PAIR_010_V01,4WE_PAIR_010_V01__OPPONENT,Opponent,T52_S002__BASELINE,BASELINE,7,OBSERVED_ENERGY_CONTEXT,ACTING_ENERGY_ADVANTAGE,ENERGY_STATE,Set acting energy to four and opposing energy to one.,"['Ascension', 'Quick Attack']",Ascension | Quick Attack,7,4.0,1.0,3.0,Quick Attack,0.716,0.184,0.532,True,False,0.714,0.186,0.528,Quick Attack,0.0020000000000000018,-0.0020000000000000018,0.0040000000000000036,False,False
4WE_PAIR_010_V01,4WE_PAIR_010_V01__OPPONENT,Opponent,T52_S002__BASELINE,BASELINE,7,OBSERVED_ENERGY_CONTEXT,EARLY_TURN,TURN_STATE,Force the decision context to turn one.,"['Ascension', 'Quick Attack']",Ascension | Quick Attack,1,3.0,3.0,0.0,Quick Attack,0.702,0.176,0.526,True,False,0.714,0.186,0.528,Quick Attack,-0.01200000000000001,-0.010000000000000009,-0.0020000000000000018,False,False
4WE_PAIR_010_V01,4WE_PAIR_010_V01__OPPONENT,Opponent,T52_S002__BASELINE,BASELINE,7,OBSERVED_ENERGY_CONTEXT,LATE_TURN,TURN_STATE,Force the decision context to turn twelve.,"['Ascension', 'Quick Attack']",Ascension | Quick Attack,12,3.0,3.0,0.0,Quick Attack,0.718,0.18,0.538,True,False,0.714,0.186,0.528,Quick Attack,0.0040000000000000036,-0.006000000000000005,0.010000000000000009,False,False
4WE_PAIR_010_V01,4WE_PAIR_010_V01__PLAYER,Player,T52_S002__BASELINE,BASELINE,7,OBSERVED_ENERGY_CONTEXT,BASELINE,BASELINE,Preserve the original expanded case exactly.,"['Ascension', 'Quick Attack']",Ascension | Quick Attack,7,3.0,3.0,0.0,Quick Attack,0.716,0.184,0.532,True,False,0.716,0.184,0.532,Quick Attack,0.0,0.0,0.0,False,False
4WE_PAIR_010_V01,4WE_PAIR_010_V01__PLAYER,Player,T52_S002__BASELINE,BASELINE,7,OBSERVED_ENERGY_CONTEXT,LEGAL_SIGNATURE_ASCENSION_ONLY,LEGAL_STRUCTURE,Expose Ascension as the only legal action.,['Ascension'],Ascension,7,3.0,3.0,0.0,Ascension,0.044,0.646,-0.602,False,True,0.716,0.184,0.532,Quick Attack,-0.6719999999999999,0.462,-1.134,True,True
4WE_PAIR_010_V01,4WE_PAIR_010_V01__PLAYER,Player,T52_S002__BASELINE,BASELINE,7,OBSERVED_ENERGY_CONTEXT,LEGAL_SIGNATURE_QUICK_ATTACK_ONLY,LEGAL_STRUCTURE,Expose Quick Attack as the only legal action.,['Quick Attack'],Quick Attack,7,3.0,3.0,0.0,Ascension,0.158,0.402,-0.24400000000000002,False,True,0.716,0.184,0.532,Quick Attack,-0.5579999999999999,0.21800000000000003,-0.776,True,True
4WE_PAIR_010_V01,4WE_PAIR_010_V01__PLAYER,Player,T52_S002__BASELINE,BASELINE,7,OBSERVED_ENERGY_CONTEXT,LOW_ACTING_ENERGY,ENERGY_STATE,Reduce the acting Pokémon to one attached energy.,"['Ascension', 'Quick Attack']",Ascension | Quick Attack,7,1.0,3.0,-2.0,Quick Attack,0.708,0.194,0.514,True,False,0.716,0.184,0.532,Quick Attack,-0.008000000000000007,0.010000000000000009,-0.018000000000000016,False,False
4WE_PAIR_010_V01,4WE_PAIR_010_V01__PLAYER,Player,T52_S002__BASELINE,BASELINE,7,OBSERVED_ENERGY_CONTEXT,HIGH_ACTING_ENERGY,ENERGY_STATE,Increase the acting Pokémon to four attached energy.,"['Ascension', 'Quick Attack']",Ascension | Quick Attack,7,4.0,3.0,1.0,Quick Attack,0.72,0.18,0.54,True,False,0.716,0.184,0.532,Quick Attack,0.0040000000000000036,-0.0040000000000000036,0.008000000000000007,False,False
4WE_PAIR_010_V01,4WE_PAIR_010_V01__PLAYER,Player,T52_S002__BASELINE,BASELINE,7,OBSERVED_ENERGY_CONTEXT,ACTING_ENERGY_DISADVANTAGE,ENERGY_STATE,Set acting energy to two and opposing energy to four.,"['Ascension', 'Quick Attack']",Ascension | Quick Attack,7,2.0,4.0,-2.0,Quick Attack,0.714,0.188,0.526,True,False,0.716,0.184,0.532,Quick Attack,-0.0020000000000000018,0.0040000000000000036,-0.006000000000000005,False,False
4WE_PAIR_010_V01,4WE_PAIR_010_V01__PLAYER,Player,T52_S002__BASELINE,BASELINE,7,OBSERVED_ENERGY_CONTEXT,ACTING_ENERGY_ADVANTAGE,ENERGY_STATE,Set acting energy to four and opposing energy to one.,"['Ascension', 'Quick Attack']",Ascension | Quick Attack,7,4.0,1.0,3.0,Quick Attack,0.716,0.182,0.534,True,False,0.716,0.184,0.532,Quick Attack,0.0,-0.0020000000000000018,0.0020000000000000018,False,False
4WE_PAIR_010_V01,4WE_PAIR_010_V01__PLAYER,Player,T52_S002__BASELINE,BASELINE,7,OBSERVED_ENERGY_CONTEXT,EARLY_TURN,TURN_STATE,Force the decision context to turn one.,"['Ascension', 'Quick Attack']",Ascension | Quick Attack,1,3.0,3.0,0.0,Quick Attack,0.704,0.174,0.53,True,False,0.716,0.184,0.532,Quick Attack,-0.01200000000000001,-0.010000000000000009,-0.0020000000000000018,False,False
4WE_PAIR_010_V01,4WE_PAIR_010_V01__PLAYER,Player,T52_S002__BASELINE,BASELINE,7,OBSERVED_ENERGY_CONTEXT,LATE_TURN,TURN_STATE,Force the decision context to turn twelve.,"['Ascension', 'Quick Attack']",Ascension | Quick Attack,12,3.0,3.0,0.0,Quick Attack,0.72,0.178,0.542,True,False,0.716,0.184,0.532,Quick Attack,0.0040000000000000036,-0.006000000000000005,0.010000000000000009,False,False
4WE_PAIR_010_V02,4WE_PAIR_010_V02__OPPONENT,Opponent,T52_S002__BASELINE,BASELINE,7,MINIMUM_MULTI_ACTION_ENERGY,BASELINE,BASELINE,Preserve the original expanded case exactly.,"['Ascension', 'Quick Attack']",Ascension | Quick Attack,7,2.0,3.0,-1.0,Quick Attack,0.708,0.194,0.514,True,False,0.708,0.194,0.514,Quick Attack,0.0,0.0,0.0,False,False
4WE_PAIR_010_V02,4WE_PAIR_010_V02__OPPONENT,Opponent,T52_S002__BASELINE,BASELINE,7,MINIMUM_MULTI_ACTION_ENERGY,LEGAL_SIGNATURE_ASCENSION_ONLY,LEGAL_STRUCTURE,Expose Ascension as the only legal action.,['Ascension'],Ascension,7,2.0,3.0,-1.0,Ascension,0.042,0.656,-0.614,False,True,0.708,0.194,0.514,Quick Attack,-0.6659999999999999,0.462,-1.1280000000000001,True,True
4WE_PAIR_010_V02,4WE_PAIR_010_V02__OPPONENT,Opponent,T52_S002__BASELINE,BASELINE,7,MINIMUM_MULTI_ACTION_ENERGY,LEGAL_SIGNATURE_QUICK_ATTACK_ONLY,LEGAL_STRUCTURE,Expose Quick Attack as the only legal action.,['Quick Attack'],Quick Attack,7,2.0,3.0,-1.0,Ascension,0.154,0.41,-0.256,False,True,0.708,0.194,0.514,Quick Attack,-0.5539999999999999,0.21599999999999997,-0.77,True,True
4WE_PAIR_010_V02,4WE_PAIR_010_V02__OPPONENT,Opponent,T52_S002__BASELINE,BASELINE,7,MINIMUM_MULTI_ACTION_ENERGY,LOW_ACTING_ENERGY,ENERGY_STATE,Reduce the acting Pokémon to one attached energy.,"['Ascension', 'Quick Attack']",Ascension | Quick Attack,7,1.0,3.0,-2.0,Quick Attack,0.706,0.194,0.512,True,False,0.708,0.194,0.514,Quick Attack,-0.0020000000000000018,0.0,-0.0020000000000000018,False,False
4WE_PAIR_010_V02,4WE_PAIR_010_V02__OPPONENT,Opponent,T52_S002__BASELINE,BASELINE,7,MINIMUM_MULTI_ACTION_ENERGY,HIGH_ACTING_ENERGY,ENERGY_STATE,Increase the acting Pokémon to four attached energy.,"['Ascension', 'Quick Attack']",Ascension | Quick Attack,7,4.0,3.0,1.0,Quick Attack,0.72,0.18,0.54,True,False,0.708,0.194,0.514,Quick Attack,0.01200000000000001,-0.014000000000000012,0.026000000000000023,False,False
4WE_PAIR_010_V02,4WE_PAIR_010_V02__OPPONENT,Opponent,T52_S002__BASELINE,BASELINE,7,MINIMUM_MULTI_ACTION_ENERGY,ACTING_ENERGY_DISADVANTAGE,ENERGY_STATE,Set acting energy to two and opposing energy to four.,"['Ascension', 'Quick Attack']",Ascension | Quick Attack,7,2.0,4.0,-2.0,Quick Attack,0.71,0.192,0.518,True,False,0.708,0.194,0.514,Quick Attack,0.0020000000000000018,-0.0020000000000000018,0.0040000000000000036,False,False
4WE_PAIR_010_V02,4WE_PAIR_010_V02__OPPONENT,Opponent,T52_S002__BASELINE,BASELINE,7,MINIMUM_MULTI_ACTION_ENERGY,ACTING_ENERGY_ADVANTAGE,ENERGY_STATE,Set acting energy to four and opposing energy to one.,"['Ascension', 'Quick Attack']",Ascension | Quick Attack,7,4.0,1.0,3.0,Quick Attack,0.716,0.184,0.532,True,False,0.708,0.194,0.514,Quick Attack,0.008000000000000007,-0.010000000000000009,0.018000000000000016,False,False
4WE_PAIR_010_V02,4WE_PAIR_010_V02__OPPONENT,Opponent,T52_S002__BASELINE,BASELINE,7,MINIMUM_MULTI_ACTION_ENERGY,EARLY_TURN,TURN_STATE,Force the decision context to turn one.,"['Ascension', 'Quick Attack']",Ascension | Quick Attack,1,2.0,3.0,-1.0,Quick Attack,0.696,0.184,0.512,True,False,0.708,0.194,0.514,Quick Attack,-0.01200000000000001,-0.010000000000000009,-0.0020000000000000018,False,False
4WE_PAIR_010_V02,4WE_PAIR_010_V02__OPPONENT,Opponent,T52_S002__BASELINE,BASELINE,7,MINIMUM_MULTI_ACTION_ENERGY,LATE_TURN,TURN_STATE,Force the decision context to turn twelve.,"['Ascension', 'Quick Attack']",Ascension | Quick Attack,12,2.0,3.0,-1.0,Quick Attack,0.712,0.188,0.524,True,False,0.708,0.194,0.514,Quick Attack,0.0040000000000000036,-0.006000000000000005,0.010000000000000009,False,False
4WE_PAIR_010_V02,4WE_PAIR_010_V02__PLAYER,Player,T52_S002__BASELINE,BASELINE,7,MINIMUM_MULTI_ACTION_ENERGY,BASELINE,BASELINE,Preserve the original expanded case exactly.,"['Ascension', 'Quick Attack']",Ascension | Quick Attack,7,2.0,3.0,-1.0,Quick Attack,0.71,0.192,0.518,True,False,0.71,0.192,0.518,Quick Attack,0.0,0.0,0.0,False,False
4WE_PAIR_010_V02,4WE_PAIR_010_V02__PLAYER,Player,T52_S002__BASELINE,BASELINE,7,MINIMUM_MULTI_ACTION_ENERGY,LEGAL_SIGNATURE_ASCENSION_ONLY,LEGAL_STRUCTURE,Expose Ascension as the only legal action.,['Ascension'],Ascension,7,2.0,3.0,-1.0,Ascension,0.042,0.654,-0.612,False,True,0.71,0.192,0.518,Quick Attack,-0.6679999999999999,0.462,-1.13,True,True
4WE_PAIR_010_V02,4WE_PAIR_010_V02__PLAYER,Player,T52_S002__BASELINE,BASELINE,7,MINIMUM_MULTI_ACTION_ENERGY,LEGAL_SIGNATURE_QUICK_ATTACK_ONLY,LEGAL_STRUCTURE,Expose Quick Attack as the only legal action.,['Quick Attack'],Quick Attack,7,2.0,3.0,-1.0,Ascension,0.154,0.408,-0.254,False,True,0.71,0.192,0.518,Quick Attack,-0.5559999999999999,0.21599999999999997,-0.772,True,True
4WE_PAIR_010_V02,4WE_PAIR_010_V02__PLAYER,Player,T52_S002__BASELINE,BASELINE,7,MINIMUM_MULTI_ACTION_ENERGY,LOW_ACTING_ENERGY,ENERGY_STATE,Reduce the acting Pokémon to one attached energy.,"['Ascension', 'Quick Attack']",Ascension | Quick Attack,7,1.0,3.0,-2.0,Quick Attack,0.708,0.194,0.514,True,False,0.71,0.192,0.518,Quick Attack,-0.0020000000000000018,0.0020000000000000018,-0.0040000000000000036,False,False
4WE_PAIR_010_V02,4WE_PAIR_010_V02__PLAYER,Player,T52_S002__BASELINE,BASELINE,7,MINIMUM_MULTI_ACTION_ENERGY,HIGH_ACTING_ENERGY,ENERGY_STATE,Increase the acting Pokémon to four attached energy.,"['Ascension', 'Quick Attack']",Ascension | Quick Attack,7,4.0,3.0,1.0,Quick Attack,0.72,0.18,0.54,True,False,0.71,0.192,0.518,Quick Attack,0.010000000000000009,-0.01200000000000001,0.02200000000000002,False,False
4WE_PAIR_010_V02,4WE_PAIR_010_V02__PLAYER,Player,T52_S002__BASELINE,BASELINE,7,MINIMUM_MULTI_ACTION_ENERGY,ACTING_ENERGY_DISADVANTAGE,ENERGY_STATE,Set acting energy to two and opposing energy to four.,"['Ascension', 'Quick Attack']",Ascension | Quick Attack,7,2.0,4.0,-2.0,Quick Attack,0.714,0.188,0.526,True,False,0.71,0.192,0.518,Quick Attack,0.0040000000000000036,-0.0040000000000000036,0.008000000000000007,False,False
4WE_PAIR_010_V02,4WE_PAIR_010_V02__PLAYER,Player,T52_S002__BASELINE,BASELINE,7,MINIMUM_MULTI_ACTION_ENERGY,ACTING_ENERGY_ADVANTAGE,ENERGY_STATE,Set acting energy to four and opposing energy to one.,"['Ascension', 'Quick Attack']",Ascension | Quick Attack,7,4.0,1.0,3.0,Quick Attack,0.716,0.182,0.534,True,False,0.71,0.192,0.518,Quick Attack,0.006000000000000005,-0.010000000000000009,0.016000000000000014,False,False
4WE_PAIR_010_V02,4WE_PAIR_010_V02__PLAYER,Player,T52_S002__BASELINE,BASELINE,7,MINIMUM_MULTI_ACTION_ENERGY,EARLY_TURN,TURN_STATE,Force the decision context to turn one.,"['Ascension', 'Quick Attack']",Ascension | Quick Attack,1,2.0,3.0,-1.0,Quick Attack,0.698,0.182,0.516,True,False,0.71,0.192,0.518,Quick Attack,-0.01200000000000001,-0.010000000000000009,-0.0020000000000000018,False,False
4WE_PAIR_010_V02,4WE_PAIR_010_V02__PLAYER,Player,T52_S002__BASELINE,BASELINE,7,MINIMUM_MULTI_ACTION_ENERGY,LATE_TURN,TURN_STATE,Force the decision context to turn twelve.,"['Ascension', 'Quick Attack']",Ascension | Quick Attack,12,2.0,3.0,-1.0,Quick Attack,0.714,0.186,0.528,True,False,0.71,0.192,0.518,Quick Attack,0.0040000000000000036,-0.006000000000000005,0.010000000000000009,False,False
4WE_PAIR_010_V03,4WE_PAIR_010_V03__OPPONENT,Opponent,T52_S002__BASELINE,BASELINE,7,SYMMETRIC_TWO_ENERGY,BASELINE,BASELINE,Preserve the original expanded case exactly.,"['Ascension', 'Quick Attack']",Ascension | Quick Attack,7,2.0,2.0,0.0,Quick Attack,0.708,0.194,0.514,True,False,0.708,0.194,0.514,Quick Attack,0.0,0.0,0.0,False,False
4WE_PAIR_010_V03,4WE_PAIR_010_V03__OPPONENT,Opponent,T52_S002__BASELINE,BASELINE,7,SYMMETRIC_TWO_ENERGY,LEGAL_SIGNATURE_ASCENSION_ONLY,LEGAL_STRUCTURE,Expose Ascension as the only legal action.,['Ascension'],Ascension,7,2.0,2.0,0.0,Ascension,0.042,0.656,-0.614,False,True,0.708,0.194,0.514,Quick Attack,-0.6659999999999999,0.462,-1.1280000000000001,True,True
4WE_PAIR_010_V03,4WE_PAIR_010_V03__OPPONENT,Opponent,T52_S002__BASELINE,BASELINE,7,SYMMETRIC_TWO_ENERGY,LEGAL_SIGNATURE_QUICK_ATTACK_ONLY,LEGAL_STRUCTURE,Expose Quick Attack as the only legal action.,['Quick Attack'],Quick Attack,7,2.0,2.0,0.0,Ascension,0.154,0.41,-0.256,False,True,0.708,0.194,0.514,Quick Attack,-0.5539999999999999,0.21599999999999997,-0.77,True,True
4WE_PAIR_010_V03,4WE_PAIR_010_V03__OPPONENT,Opponent,T52_S002__BASELINE,BASELINE,7,SYMMETRIC_TWO_ENERGY,LOW_ACTING_ENERGY,ENERGY_STATE,Reduce the acting Pokémon to one attached energy.,"['Ascension', 'Quick Attack']",Ascension | Quick Attack,7,1.0,2.0,-1.0,Quick Attack,0.706,0.194,0.512,True,False,0.708,0.194,0.514,Quick Attack,-0.0020000000000000018,0.0,-0.0020000000000000018,False,False
4WE_PAIR_010_V03,4WE_PAIR_010_V03__OPPONENT,Opponent,T52_S002__BASELINE,BASELINE,7,SYMMETRIC_TWO_ENERGY,HIGH_ACTING_ENERGY,ENERGY_STATE,Increase the acting Pokémon to four attached energy.,"['Ascension', 'Quick Attack']",Ascension | Quick Attack,7,4.0,2.0,2.0,Quick Attack,0.72,0.18,0.54,True,False,0.708,0.194,0.514,Quick Attack,0.01200000000000001,-0.014000000000000012,0.026000000000000023,False,False
4WE_PAIR_010_V03,4WE_PAIR_010_V03__OPPONENT,Opponent,T52_S002__BASELINE,BASELINE,7,SYMMETRIC_TWO_ENERGY,ACTING_ENERGY_DISADVANTAGE,ENERGY_STATE,Set acting energy to two and opposing energy to four.,"['Ascension', 'Quick Attack']",Ascension | Quick Attack,7,2.0,4.0,-2.0,Quick Attack,0.71,0.192,0.518,True,False,0.708,0.194,0.514,Quick Attack,0.0020000000000000018,-0.0020000000000000018,0.0040000000000000036,False,False
4WE_PAIR_010_V03,4WE_PAIR_010_V03__OPPONENT,Opponent,T52_S002__BASELINE,BASELINE,7,SYMMETRIC_TWO_ENERGY,ACTING_ENERGY_ADVANTAGE,ENERGY_STATE,Set acting energy to four and opposing energy to one.,"['Ascension', 'Quick Attack']",Ascension | Quick Attack,7,4.0,1.0,3.0,Quick Attack,0.716,0.184,0.532,True,False,0.708,0.194,0.514,Quick Attack,0.008000000000000007,-0.010000000000000009,0.018000000000000016,False,False
4WE_PAIR_010_V03,4WE_PAIR_010_V03__OPPONENT,Opponent,T52_S002__BASELINE,BASELINE,7,SYMMETRIC_TWO_ENERGY,EARLY_TURN,TURN_STATE,Force the decision context to turn one.,"['Ascension', 'Quick Attack']",Ascension | Quick Attack,1,2.0,2.0,0.0,Quick Attack,0.696,0.184,0.512,True,False,0.708,0.194,0.514,Quick Attack,-0.01200000000000001,-0.010000000000000009,-0.0020000000000000018,False,False
4WE_PAIR_010_V03,4WE_PAIR_010_V03__OPPONENT,Opponent,T52_S002__BASELINE,BASELINE,7,SYMMETRIC_TWO_ENERGY,LATE_TURN,TURN_STATE,Force the decision context to turn twelve.,"['Ascension', 'Quick Attack']",Ascension | Quick Attack,12,2.0,2.0,0.0,Quick Attack,0.712,0.188,0.524,True,False,0.708,0.194,0.514,Quick Attack,0.0040000000000000036,-0.006000000000000005,0.010000000000000009,False,False
4WE_PAIR_010_V03,4WE_PAIR_010_V03__PLAYER,Player,T52_S002__BASELINE,BASELINE,7,SYMMETRIC_TWO_ENERGY,BASELINE,BASELINE,Preserve the original expanded case exactly.,"['Ascension', 'Quick Attack']",Ascension | Quick Attack,7,2.0,2.0,0.0,Quick Attack,0.71,0.192,0.518,True,False,0.71,0.192,0.518,Quick Attack,0.0,0.0,0.0,False,False
4WE_PAIR_010_V03,4WE_PAIR_010_V03__PLAYER,Player,T52_S002__BASELINE,BASELINE,7,SYMMETRIC_TWO_ENERGY,LEGAL_SIGNATURE_ASCENSION_ONLY,LEGAL_STRUCTURE,Expose Ascension as the only legal action.,['Ascension'],Ascension,7,2.0,2.0,0.0,Ascension,0.042,0.654,-0.612,False,True,0.71,0.192,0.518,Quick Attack,-0.6679999999999999,0.462,-1.13,True,True
4WE_PAIR_010_V03,4WE_PAIR_010_V03__PLAYER,Player,T52_S002__BASELINE,BASELINE,7,SYMMETRIC_TWO_ENERGY,LEGAL_SIGNATURE_QUICK_ATTACK_ONLY,LEGAL_STRUCTURE,Expose Quick Attack as the only legal action.,['Quick Attack'],Quick Attack,7,2.0,2.0,0.0,Ascension,0.154,0.408,-0.254,False,True,0.71,0.192,0.518,Quick Attack,-0.5559999999999999,0.21599999999999997,-0.772,True,True
4WE_PAIR_010_V03,4WE_PAIR_010_V03__PLAYER,Player,T52_S002__BASELINE,BASELINE,7,SYMMETRIC_TWO_ENERGY,LOW_ACTING_ENERGY,ENERGY_STATE,Reduce the acting Pokémon to one attached energy.,"['Ascension', 'Quick Attack']",Ascension | Quick Attack,7,1.0,2.0,-1.0,Quick Attack,0.708,0.194,0.514,True,False,0.71,0.192,0.518,Quick Attack,-0.0020000000000000018,0.0020000000000000018,-0.0040000000000000036,False,False
4WE_PAIR_010_V03,4WE_PAIR_010_V03__PLAYER,Player,T52_S002__BASELINE,BASELINE,7,SYMMETRIC_TWO_ENERGY,HIGH_ACTING_ENERGY,ENERGY_STATE,Increase the acting Pokémon to four attached energy.,"['Ascension', 'Quick Attack']",Ascension | Quick Attack,7,4.0,2.0,2.0,Quick Attack,0.72,0.18,0.54,True,False,0.71,0.192,0.518,Quick Attack,0.010000000000000009,-0.01200000000000001,0.02200000000000002,False,False
4WE_PAIR_010_V03,4WE_PAIR_010_V03__PLAYER,Player,T52_S002__BASELINE,BASELINE,7,SYMMETRIC_TWO_ENERGY,ACTING_ENERGY_DISADVANTAGE,ENERGY_STATE,Set acting energy to two and opposing energy to four.,"['Ascension', 'Quick Attack']",Ascension | Quick Attack,7,2.0,4.0,-2.0,Quick Attack,0.714,0.188,0.526,True,False,0.71,0.192,0.518,Quick Attack,0.0040000000000000036,-0.0040000000000000036,0.008000000000000007,False,False
4WE_PAIR_010_V03,4WE_PAIR_010_V03__PLAYER,Player,T52_S002__BASELINE,BASELINE,7,SYMMETRIC_TWO_ENERGY,ACTING_ENERGY_ADVANTAGE,ENERGY_STATE,Set acting energy to four and opposing energy to one.,"['Ascension', 'Quick Attack']",Ascension | Quick Attack,7,4.0,1.0,3.0,Quick Attack,0.716,0.182,0.534,True,False,0.71,0.192,0.518,Quick Attack,0.006000000000000005,-0.010000000000000009,0.016000000000000014,False,False
4WE_PAIR_010_V03,4WE_PAIR_010_V03__PLAYER,Player,T52_S002__BASELINE,BASELINE,7,SYMMETRIC_TWO_ENERGY,EARLY_TURN,TURN_STATE,Force the decision context to turn one.,"['Ascension', 'Quick Attack']",Ascension | Quick Attack,1,2.0,2.0,0.0,Quick Attack,0.698,0.182,0.516,True,False,0.71,0.192,0.518,Quick Attack,-0.01200000000000001,-0.010000000000000009,-0.0020000000000000018,False,False
4WE_PAIR_010_V03,4WE_PAIR_010_V03__PLAYER,Player,T52_S002__BASELINE,BASELINE,7,SYMMETRIC_TWO_ENERGY,LATE_TURN,TURN_STATE,Force the decision context to turn twelve.,"['Ascension', 'Quick Attack']",Ascension | Quick Attack,12,2.0,2.0,0.0,Quick Attack,0.714,0.186,0.528,True,False,0.71,0.192,0.518,Quick Attack,0.0040000000000000036,-0.006000000000000005,0.010000000000000009,False,False
4WE_PAIR_010_V04,4WE_PAIR_010_V04__OPPONENT,Opponent,T52_S002__BASELINE,BASELINE,7,EEVEE_ENERGY_ADVANTAGE,BASELINE,BASELINE,Preserve the original expanded case exactly.,"['Ascension', 'Quick Attack']",Ascension | Quick Attack,7,3.0,2.0,1.0,Quick Attack,0.714,0.186,0.528,True,False,0.714,0.186,0.528,Quick Attack,0.0,0.0,0.0,False,False
4WE_PAIR_010_V04,4WE_PAIR_010_V04__OPPONENT,Opponent,T52_S002__BASELINE,BASELINE,7,EEVEE_ENERGY_ADVANTAGE,LEGAL_SIGNATURE_ASCENSION_ONLY,LEGAL_STRUCTURE,Expose Ascension as the only legal action.,['Ascension'],Ascension,7,3.0,2.0,1.0,Ascension,0.044,0.648,-0.604,False,True,0.714,0.186,0.528,Quick Attack,-0.6699999999999999,0.462,-1.1320000000000001,True,True
4WE_PAIR_010_V04,4WE_PAIR_010_V04__OPPONENT,Opponent,T52_S002__BASELINE,BASELINE,7,EEVEE_ENERGY_ADVANTAGE,LEGAL_SIGNATURE_QUICK_ATTACK_ONLY,LEGAL_STRUCTURE,Expose Quick Attack as the only legal action.,['Quick Attack'],Quick Attack,7,3.0,2.0,1.0,Ascension,0.158,0.404,-0.24600000000000002,False,True,0.714,0.186,0.528,Quick Attack,-0.5559999999999999,0.21800000000000003,-0.774,True,True
4WE_PAIR_010_V04,4WE_PAIR_010_V04__OPPONENT,Opponent,T52_S002__BASELINE,BASELINE,7,EEVEE_ENERGY_ADVANTAGE,LOW_ACTING_ENERGY,ENERGY_STATE,Reduce the acting Pokémon to one attached energy.,"['Ascension', 'Quick Attack']",Ascension | Quick Attack,7,1.0,2.0,-1.0,Quick Attack,0.706,0.194,0.512,True,False,0.714,0.186,0.528,Quick Attack,-0.008000000000000007,0.008000000000000007,-0.016000000000000014,False,False
4WE_PAIR_010_V04,4WE_PAIR_010_V04__OPPONENT,Opponent,T52_S002__BASELINE,BASELINE,7,EEVEE_ENERGY_ADVANTAGE,HIGH_ACTING_ENERGY,ENERGY_STATE,Increase the acting Pokémon to four attached energy.,"['Ascension', 'Quick Attack']",Ascension | Quick Attack,7,4.0,2.0,2.0,Quick Attack,0.72,0.18,0.54,True,False,0.714,0.186,0.528,Quick Attack,0.006000000000000005,-0.006000000000000005,0.01200000000000001,False,False
4WE_PAIR_010_V04,4WE_PAIR_010_V04__OPPONENT,Opponent,T52_S002__BASELINE,BASELINE,7,EEVEE_ENERGY_ADVANTAGE,ACTING_ENERGY_DISADVANTAGE,ENERGY_STATE,Set acting energy to two and opposing energy to four.,"['Ascension', 'Quick Attack']",Ascension | Quick Attack,7,2.0,4.0,-2.0,Quick Attack,0.71,0.192,0.518,True,False,0.714,0.186,0.528,Quick Attack,-0.0040000000000000036,0.006000000000000005,-0.010000000000000009,False,False
4WE_PAIR_010_V04,4WE_PAIR_010_V04__OPPONENT,Opponent,T52_S002__BASELINE,BASELINE,7,EEVEE_ENERGY_ADVANTAGE,ACTING_ENERGY_ADVANTAGE,ENERGY_STATE,Set acting energy to four and opposing energy to one.,"['Ascension', 'Quick Attack']",Ascension | Quick Attack,7,4.0,1.0,3.0,Quick Attack,0.716,0.184,0.532,True,False,0.714,0.186,0.528,Quick Attack,0.0020000000000000018,-0.0020000000000000018,0.0040000000000000036,False,False
4WE_PAIR_010_V04,4WE_PAIR_010_V04__OPPONENT,Opponent,T52_S002__BASELINE,BASELINE,7,EEVEE_ENERGY_ADVANTAGE,EARLY_TURN,TURN_STATE,Force the decision context to turn one.,"['Ascension', 'Quick Attack']",Ascension | Quick Attack,1,3.0,2.0,1.0,Quick Attack,0.702,0.176,0.526,True,False,0.714,0.186,0.528,Quick Attack,-0.01200000000000001,-0.010000000000000009,-0.0020000000000000018,False,False
4WE_PAIR_010_V04,4WE_PAIR_010_V04__OPPONENT,Opponent,T52_S002__BASELINE,BASELINE,7,EEVEE_ENERGY_ADVANTAGE,LATE_TURN,TURN_STATE,Force the decision context to turn twelve.,"['Ascension', 'Quick Attack']",Ascension | Quick Attack,12,3.0,2.0,1.0,Quick Attack,0.718,0.18,0.538,True,False,0.714,0.186,0.528,Quick Attack,0.0040000000000000036,-0.006000000000000005,0.010000000000000009,False,False
4WE_PAIR_010_V04,4WE_PAIR_010_V04__PLAYER,Player,T52_S002__BASELINE,BASELINE,7,EEVEE_ENERGY_ADVANTAGE,BASELINE,BASELINE,Preserve the original expanded case exactly.,"['Ascension', 'Quick Attack']",Ascension | Quick Attack,7,3.0,2.0,1.0,Quick Attack,0.716,0.184,0.532,True,False,0.716,0.184,0.532,Quick Attack,0.0,0.0,0.0,False,False
4WE_PAIR_010_V04,4WE_PAIR_010_V04__PLAYER,Player,T52_S002__BASELINE,BASELINE,7,EEVEE_ENERGY_ADVANTAGE,LEGAL_SIGNATURE_ASCENSION_ONLY,LEGAL_STRUCTURE,Expose Ascension as the only legal action.,['Ascension'],Ascension,7,3.0,2.0,1.0,Ascension,0.044,0.646,-0.602,False,True,0.716,0.184,0.532,Quick Attack,-0.6719999999999999,0.462,-1.134,True,True
4WE_PAIR_010_V04,4WE_PAIR_010_V04__PLAYER,Player,T52_S002__BASELINE,BASELINE,7,EEVEE_ENERGY_ADVANTAGE,LEGAL_SIGNATURE_QUICK_ATTACK_ONLY,LEGAL_STRUCTURE,Expose Quick Attack as the only legal action.,['Quick Attack'],Quick Attack,7,3.0,2.0,1.0,Ascension,0.158,0.402,-0.24400000000000002,False,True,0.716,0.184,0.532,Quick Attack,-0.5579999999999999,0.21800000000000003,-0.776,True,True
4WE_PAIR_010_V04,4WE_PAIR_010_V04__PLAYER,Player,T52_S002__BASELINE,BASELINE,7,EEVEE_ENERGY_ADVANTAGE,LOW_ACTING_ENERGY,ENERGY_STATE,Reduce the acting Pokémon to one attached energy.,"['Ascension', 'Quick Attack']",Ascension | Quick Attack,7,1.0,2.0,-1.0,Quick Attack,0.708,0.194,0.514,True,False,0.716,0.184,0.532,Quick Attack,-0.008000000000000007,0.010000000000000009,-0.018000000000000016,False,False
4WE_PAIR_010_V04,4WE_PAIR_010_V04__PLAYER,Player,T52_S002__BASELINE,BASELINE,7,EEVEE_ENERGY_ADVANTAGE,HIGH_ACTING_ENERGY,ENERGY_STATE,Increase the acting Pokémon to four attached energy.,"['Ascension', 'Quick Attack']",Ascension | Quick Attack,7,4.0,2.0,2.0,Quick Attack,0.72,0.18,0.54,True,False,0.716,0.184,0.532,Quick Attack,0.0040000000000000036,-0.0040000000000000036,0.008000000000000007,False,False
4WE_PAIR_010_V04,4WE_PAIR_010_V04__PLAYER,Player,T52_S002__BASELINE,BASELINE,7,EEVEE_ENERGY_ADVANTAGE,ACTING_ENERGY_DISADVANTAGE,ENERGY_STATE,Set acting energy to two and opposing energy to four.,"['Ascension', 'Quick Attack']",Ascension | Quick Attack,7,2.0,4.0,-2.0,Quick Attack,0.714,0.188,0.526,True,False,0.716,0.184,0.532,Quick Attack,-0.0020000000000000018,0.0040000000000000036,-0.006000000000000005,False,False
4WE_PAIR_010_V04,4WE_PAIR_010_V04__PLAYER,Player,T52_S002__BASELINE,BASELINE,7,EEVEE_ENERGY_ADVANTAGE,ACTING_ENERGY_ADVANTAGE,ENERGY_STATE,Set acting energy to four and opposing energy to one.,"['Ascension', 'Quick Attack']",Ascension | Quick Attack,7,4.0,1.0,3.0,Quick Attack,0.716,0.182,0.534,True,False,0.716,0.184,0.532,Quick Attack,0.0,-0.0020000000000000018,0.0020000000000000018,False,False
4WE_PAIR_010_V04,4WE_PAIR_010_V04__PLAYER,Player,T52_S002__BASELINE,BASELINE,7,EEVEE_ENERGY_ADVANTAGE,EARLY_TURN,TURN_STATE,Force the decision context to turn one.,"['Ascension', 'Quick Attack']",Ascension | Quick Attack,1,3.0,2.0,1.0,Quick Attack,0.704,0.174,0.53,True,False,0.716,0.184,0.532,Quick Attack,-0.01200000000000001,-0.010000000000000009,-0.0020000000000000018,False,False
4WE_PAIR_010_V04,4WE_PAIR_010_V04__PLAYER,Player,T52_S002__BASELINE,BASELINE,7,EEVEE_ENERGY_ADVANTAGE,LATE_TURN,TURN_STATE,Force the decision context to turn twelve.,"['Ascension', 'Quick Attack']",Ascension | Quick Attack,12,3.0,2.0,1.0,Quick Attack,0.72,0.178,0.542,True,False,0.716,0.184,0.532,Quick Attack,0.0040000000000000036,-0.006000000000000005,0.010000000000000009,False,False
4WE_PAIR_011_V01,4WE_PAIR_011_V01__OPPONENT,Opponent,T52_S002__HP_PRESSURE,HP_PRESSURE,1,OBSERVED_ENERGY_CONTEXT,BASELINE,BASELINE,Preserve the original expanded case exactly.,"['Ascension', 'Quick Attack']",Ascension | Quick Attack,1,3.0,3.0,0.0,Quick Attack,0.798,0.118,0.68,True,False,0.798,0.118,0.68,Quick Attack,0.0,0.0,0.0,False,False
4WE_PAIR_011_V01,4WE_PAIR_011_V01__OPPONENT,Opponent,T52_S002__HP_PRESSURE,HP_PRESSURE,1,OBSERVED_ENERGY_CONTEXT,LEGAL_SIGNATURE_ASCENSION_ONLY,LEGAL_STRUCTURE,Expose Ascension as the only legal action.,['Ascension'],Ascension,1,3.0,3.0,0.0,Ascension,0.088,0.602,-0.514,False,True,0.798,0.118,0.68,Quick Attack,-0.7100000000000001,0.484,-1.194,True,True
4WE_PAIR_011_V01,4WE_PAIR_011_V01__OPPONENT,Opponent,T52_S002__HP_PRESSURE,HP_PRESSURE,1,OBSERVED_ENERGY_CONTEXT,LEGAL_SIGNATURE_QUICK_ATTACK_ONLY,LEGAL_STRUCTURE,Expose Quick Attack as the only legal action.,['Quick Attack'],Quick Attack,1,3.0,3.0,0.0,Ascension,0.204,0.374,-0.17,False,True,0.798,0.118,0.68,Quick Attack,-0.5940000000000001,0.256,-0.8500000000000001,True,True
4WE_PAIR_011_V01,4WE_PAIR_011_V01__OPPONENT,Opponent,T52_S002__HP_PRESSURE,HP_PRESSURE,1,OBSERVED_ENERGY_CONTEXT,LOW_ACTING_ENERGY,ENERGY_STATE,Reduce the acting Pokémon to one attached energy.,"['Ascension', 'Quick Attack']",Ascension | Quick Attack,1,1.0,3.0,-2.0,Quick Attack,0.776,0.14,0.636,True,False,0.798,0.118,0.68,Quick Attack,-0.02200000000000002,0.02200000000000002,-0.04400000000000004,False,False
4WE_PAIR_011_V01,4WE_PAIR_011_V01__OPPONENT,Opponent,T52_S002__HP_PRESSURE,HP_PRESSURE,1,OBSERVED_ENERGY_CONTEXT,HIGH_ACTING_ENERGY,ENERGY_STATE,Increase the acting Pokémon to four attached energy.,"['Ascension', 'Quick Attack']",Ascension | Quick Attack,1,4.0,3.0,1.0,Quick Attack,0.798,0.118,0.68,True,False,0.798,0.118,0.68,Quick Attack,0.0,0.0,0.0,False,False
4WE_PAIR_011_V01,4WE_PAIR_011_V01__OPPONENT,Opponent,T52_S002__HP_PRESSURE,HP_PRESSURE,1,OBSERVED_ENERGY_CONTEXT,ACTING_ENERGY_DISADVANTAGE,ENERGY_STATE,Set acting energy to two and opposing energy to four.,"['Ascension', 'Quick Attack']",Ascension | Quick Attack,1,2.0,4.0,-2.0,Quick Attack,0.778,0.14,0.638,True,False,0.798,0.118,0.68,Quick Attack,-0.020000000000000018,0.02200000000000002,-0.04200000000000004,False,False
4WE_PAIR_011_V01,4WE_PAIR_011_V01__OPPONENT,Opponent,T52_S002__HP_PRESSURE,HP_PRESSURE,1,OBSERVED_ENERGY_CONTEXT,ACTING_ENERGY_ADVANTAGE,ENERGY_STATE,Set acting energy to four and opposing energy to one.,"['Ascension', 'Quick Attack']",Ascension | Quick Attack,1,4.0,1.0,3.0,Quick Attack,0.79,0.126,0.664,True,False,0.798,0.118,0.68,Quick Attack,-0.008000000000000007,0.008000000000000007,-0.016000000000000014,False,False
4WE_PAIR_011_V01,4WE_PAIR_011_V01__OPPONENT,Opponent,T52_S002__HP_PRESSURE,HP_PRESSURE,1,OBSERVED_ENERGY_CONTEXT,EARLY_TURN,TURN_STATE,Force the decision context to turn one.,"['Ascension', 'Quick Attack']",Ascension | Quick Attack,1,3.0,3.0,0.0,Quick Attack,0.798,0.118,0.68,True,False,0.798,0.118,0.68,Quick Attack,0.0,0.0,0.0,False,False
4WE_PAIR_011_V01,4WE_PAIR_011_V01__OPPONENT,Opponent,T52_S002__HP_PRESSURE,HP_PRESSURE,1,OBSERVED_ENERGY_CONTEXT,LATE_TURN,TURN_STATE,Force the decision context to turn twelve.,"['Ascension', 'Quick Attack']",Ascension | Quick Attack,12,3.0,3.0,0.0,Quick Attack,0.824,0.112,0.712,True,False,0.798,0.118,0.68,Quick Attack,0.025999999999999912,-0.0059999999999999915,0.03199999999999992,False,False
4WE_PAIR_011_V01,4WE_PAIR_011_V01__PLAYER,Player,T52_S002__HP_PRESSURE,HP_PRESSURE,1,OBSERVED_ENERGY_CONTEXT,BASELINE,BASELINE,Preserve the original expanded case exactly.,"['Ascension', 'Quick Attack']",Ascension | Quick Attack,1,3.0,3.0,0.0,Quick Attack,0.8,0.116,0.684,True,False,0.8,0.116,0.684,Quick Attack,0.0,0.0,0.0,False,False
4WE_PAIR_011_V01,4WE_PAIR_011_V01__PLAYER,Player,T52_S002__HP_PRESSURE,HP_PRESSURE,1,OBSERVED_ENERGY_CONTEXT,LEGAL_SIGNATURE_ASCENSION_ONLY,LEGAL_STRUCTURE,Expose Ascension as the only legal action.,['Ascension'],Ascension,1,3.0,3.0,0.0,Ascension,0.088,0.602,-0.514,False,True,0.8,0.116,0.684,Quick Attack,-0.7120000000000001,0.486,-1.198,True,True
4WE_PAIR_011_V01,4WE_PAIR_011_V01__PLAYER,Player,T52_S002__HP_PRESSURE,HP_PRESSURE,1,OBSERVED_ENERGY_CONTEXT,LEGAL_SIGNATURE_QUICK_ATTACK_ONLY,LEGAL_STRUCTURE,Expose Quick Attack as the only legal action.,['Quick Attack'],Quick Attack,1,3.0,3.0,0.0,Ascension,0.204,0.374,-0.17,False,True,0.8,0.116,0.684,Quick Attack,-0.5960000000000001,0.258,-0.8540000000000001,True,True
4WE_PAIR_011_V01,4WE_PAIR_011_V01__PLAYER,Player,T52_S002__HP_PRESSURE,HP_PRESSURE,1,OBSERVED_ENERGY_CONTEXT,LOW_ACTING_ENERGY,ENERGY_STATE,Reduce the acting Pokémon to one attached energy.,"['Ascension', 'Quick Attack']",Ascension | Quick Attack,1,1.0,3.0,-2.0,Quick Attack,0.782,0.136,0.646,True,False,0.8,0.116,0.684,Quick Attack,-0.018000000000000016,0.020000000000000004,-0.038000000000000034,False,False
4WE_PAIR_011_V01,4WE_PAIR_011_V01__PLAYER,Player,T52_S002__HP_PRESSURE,HP_PRESSURE,1,OBSERVED_ENERGY_CONTEXT,HIGH_ACTING_ENERGY,ENERGY_STATE,Increase the acting Pokémon to four attached energy.,"['Ascension', 'Quick Attack']",Ascension | Quick Attack,1,4.0,3.0,1.0,Quick Attack,0.8,0.116,0.684,True,False,0.8,0.116,0.684,Quick Attack,0.0,0.0,0.0,False,False
4WE_PAIR_011_V01,4WE_PAIR_011_V01__PLAYER,Player,T52_S002__HP_PRESSURE,HP_PRESSURE,1,OBSERVED_ENERGY_CONTEXT,ACTING_ENERGY_DISADVANTAGE,ENERGY_STATE,Set acting energy to two and opposing energy to four.,"['Ascension', 'Quick Attack']",Ascension | Quick Attack,1,2.0,4.0,-2.0,Quick Attack,0.786,0.132,0.654,True,False,0.8,0.116,0.684,Quick Attack,-0.014000000000000012,0.016,-0.030000000000000027,False,False
4WE_PAIR_011_V01,4WE_PAIR_011_V01__PLAYER,Player,T52_S002__HP_PRESSURE,HP_PRESSURE,1,OBSERVED_ENERGY_CONTEXT,ACTING_ENERGY_ADVANTAGE,ENERGY_STATE,Set acting energy to four and opposing energy to one.,"['Ascension', 'Quick Attack']",Ascension | Quick Attack,1,4.0,1.0,3.0,Quick Attack,0.794,0.12,0.674,True,False,0.8,0.116,0.684,Quick Attack,-0.006000000000000005,0.00399999999999999,-0.010000000000000009,False,False
4WE_PAIR_011_V01,4WE_PAIR_011_V01__PLAYER,Player,T52_S002__HP_PRESSURE,HP_PRESSURE,1,OBSERVED_ENERGY_CONTEXT,EARLY_TURN,TURN_STATE,Force the decision context to turn one.,"['Ascension', 'Quick Attack']",Ascension | Quick Attack,1,3.0,3.0,0.0,Quick Attack,0.8,0.116,0.684,True,False,0.8,0.116,0.684,Quick Attack,0.0,0.0,0.0,False,False
4WE_PAIR_011_V01,4WE_PAIR_011_V01__PLAYER,Player,T52_S002__HP_PRESSURE,HP_PRESSURE,1,OBSERVED_ENERGY_CONTEXT,LATE_TURN,TURN_STATE,Force the decision context to turn twelve.,"['Ascension', 'Quick Attack']",Ascension | Quick Attack,12,3.0,3.0,0.0,Quick Attack,0.826,0.11,0.716,True,False,0.8,0.116,0.684,Quick Attack,0.025999999999999912,-0.006000000000000005,0.03199999999999992,False,False
4WE_PAIR_011_V02,4WE_PAIR_011_V02__OPPONENT,Opponent,T52_S002__HP_PRESSURE,HP_PRESSURE,1,MINIMUM_MULTI_ACTION_ENERGY,BASELINE,BASELINE,Preserve the original expanded case exactly.,"['Ascension', 'Quick Attack']",Ascension | Quick Attack,1,2.0,3.0,-1.0,Quick Attack,0.778,0.14,0.638,True,False,0.778,0.14,0.638,Quick Attack,0.0,0.0,0.0,False,False
4WE_PAIR_011_V02,4WE_PAIR_011_V02__OPPONENT,Opponent,T52_S002__HP_PRESSURE,HP_PRESSURE,1,MINIMUM_MULTI_ACTION_ENERGY,LEGAL_SIGNATURE_ASCENSION_ONLY,LEGAL_STRUCTURE,Expose Ascension as the only legal action.,['Ascension'],Ascension,1,2.0,3.0,-1.0,Ascension,0.07,0.626,-0.556,False,True,0.778,0.14,0.638,Quick Attack,-0.708,0.486,-1.194,True,True
4WE_PAIR_011_V02,4WE_PAIR_011_V02__OPPONENT,Opponent,T52_S002__HP_PRESSURE,HP_PRESSURE,1,MINIMUM_MULTI_ACTION_ENERGY,LEGAL_SIGNATURE_QUICK_ATTACK_ONLY,LEGAL_STRUCTURE,Expose Quick Attack as the only legal action.,['Quick Attack'],Quick Attack,1,2.0,3.0,-1.0,Ascension,0.184,0.396,-0.21200000000000002,False,True,0.778,0.14,0.638,Quick Attack,-0.5940000000000001,0.256,-0.8500000000000001,True,True
4WE_PAIR_011_V02,4WE_PAIR_011_V02__OPPONENT,Opponent,T52_S002__HP_PRESSURE,HP_PRESSURE,1,MINIMUM_MULTI_ACTION_ENERGY,LOW_ACTING_ENERGY,ENERGY_STATE,Reduce the acting Pokémon to one attached energy.,"['Ascension', 'Quick Attack']",Ascension | Quick Attack,1,1.0,3.0,-2.0,Quick Attack,0.776,0.14,0.636,True,False,0.778,0.14,0.638,Quick Attack,-0.0020000000000000018,0.0,-0.0020000000000000018,False,False
4WE_PAIR_011_V02,4WE_PAIR_011_V02__OPPONENT,Opponent,T52_S002__HP_PRESSURE,HP_PRESSURE,1,MINIMUM_MULTI_ACTION_ENERGY,HIGH_ACTING_ENERGY,ENERGY_STATE,Increase the acting Pokémon to four attached energy.,"['Ascension', 'Quick Attack']",Ascension | Quick Attack,1,4.0,3.0,1.0,Quick Attack,0.798,0.118,0.68,True,False,0.778,0.14,0.638,Quick Attack,0.020000000000000018,-0.02200000000000002,0.04200000000000004,False,False
4WE_PAIR_011_V02,4WE_PAIR_011_V02__OPPONENT,Opponent,T52_S002__HP_PRESSURE,HP_PRESSURE,1,MINIMUM_MULTI_ACTION_ENERGY,ACTING_ENERGY_DISADVANTAGE,ENERGY_STATE,Set acting energy to two and opposing energy to four.,"['Ascension', 'Quick Attack']",Ascension | Quick Attack,1,2.0,4.0,-2.0,Quick Attack,0.778,0.14,0.638,True,False,0.778,0.14,0.638,Quick Attack,0.0,0.0,0.0,False,False
4WE_PAIR_011_V02,4WE_PAIR_011_V02__OPPONENT,Opponent,T52_S002__HP_PRESSURE,HP_PRESSURE,1,MINIMUM_MULTI_ACTION_ENERGY,ACTING_ENERGY_ADVANTAGE,ENERGY_STATE,Set acting energy to four and opposing energy to one.,"['Ascension', 'Quick Attack']",Ascension | Quick Attack,1,4.0,1.0,3.0,Quick Attack,0.79,0.126,0.664,True,False,0.778,0.14,0.638,Quick Attack,0.01200000000000001,-0.014000000000000012,0.026000000000000023,False,False
4WE_PAIR_011_V02,4WE_PAIR_011_V02__OPPONENT,Opponent,T52_S002__HP_PRESSURE,HP_PRESSURE,1,MINIMUM_MULTI_ACTION_ENERGY,EARLY_TURN,TURN_STATE,Force the decision context to turn one.,"['Ascension', 'Quick Attack']",Ascension | Quick Attack,1,2.0,3.0,-1.0,Quick Attack,0.778,0.14,0.638,True,False,0.778,0.14,0.638,Quick Attack,0.0,0.0,0.0,False,False
4WE_PAIR_011_V02,4WE_PAIR_011_V02__OPPONENT,Opponent,T52_S002__HP_PRESSURE,HP_PRESSURE,1,MINIMUM_MULTI_ACTION_ENERGY,LATE_TURN,TURN_STATE,Force the decision context to turn twelve.,"['Ascension', 'Quick Attack']",Ascension | Quick Attack,12,2.0,3.0,-1.0,Quick Attack,0.804,0.134,0.67,True,False,0.778,0.14,0.638,Quick Attack,0.026000000000000023,-0.006000000000000005,0.03200000000000003,False,False
4WE_PAIR_011_V02,4WE_PAIR_011_V02__PLAYER,Player,T52_S002__HP_PRESSURE,HP_PRESSURE,1,MINIMUM_MULTI_ACTION_ENERGY,BASELINE,BASELINE,Preserve the original expanded case exactly.,"['Ascension', 'Quick Attack']",Ascension | Quick Attack,1,2.0,3.0,-1.0,Quick Attack,0.786,0.132,0.654,True,False,0.786,0.132,0.654,Quick Attack,0.0,0.0,0.0,False,False
4WE_PAIR_011_V02,4WE_PAIR_011_V02__PLAYER,Player,T52_S002__HP_PRESSURE,HP_PRESSURE,1,MINIMUM_MULTI_ACTION_ENERGY,LEGAL_SIGNATURE_ASCENSION_ONLY,LEGAL_STRUCTURE,Expose Ascension as the only legal action.,['Ascension'],Ascension,1,2.0,3.0,-1.0,Ascension,0.078,0.618,-0.54,False,True,0.786,0.132,0.654,Quick Attack,-0.7080000000000001,0.486,-1.194,True,True
4WE_PAIR_011_V02,4WE_PAIR_011_V02__PLAYER,Player,T52_S002__HP_PRESSURE,HP_PRESSURE,1,MINIMUM_MULTI_ACTION_ENERGY,LEGAL_SIGNATURE_QUICK_ATTACK_ONLY,LEGAL_STRUCTURE,Expose Quick Attack as the only legal action.,['Quick Attack'],Quick Attack,1,2.0,3.0,-1.0,Ascension,0.192,0.388,-0.196,False,True,0.786,0.132,0.654,Quick Attack,-0.5940000000000001,0.256,-0.8500000000000001,True,True
4WE_PAIR_011_V02,4WE_PAIR_011_V02__PLAYER,Player,T52_S002__HP_PRESSURE,HP_PRESSURE,1,MINIMUM_MULTI_ACTION_ENERGY,LOW_ACTING_ENERGY,ENERGY_STATE,Reduce the acting Pokémon to one attached energy.,"['Ascension', 'Quick Attack']",Ascension | Quick Attack,1,1.0,3.0,-2.0,Quick Attack,0.782,0.136,0.646,True,False,0.786,0.132,0.654,Quick Attack,-0.0040000000000000036,0.0040000000000000036,-0.008000000000000007,False,False
4WE_PAIR_011_V02,4WE_PAIR_011_V02__PLAYER,Player,T52_S002__HP_PRESSURE,HP_PRESSURE,1,MINIMUM_MULTI_ACTION_ENERGY,HIGH_ACTING_ENERGY,ENERGY_STATE,Increase the acting Pokémon to four attached energy.,"['Ascension', 'Quick Attack']",Ascension | Quick Attack,1,4.0,3.0,1.0,Quick Attack,0.8,0.116,0.684,True,False,0.786,0.132,0.654,Quick Attack,0.014000000000000012,-0.016,0.030000000000000027,False,False
4WE_PAIR_011_V02,4WE_PAIR_011_V02__PLAYER,Player,T52_S002__HP_PRESSURE,HP_PRESSURE,1,MINIMUM_MULTI_ACTION_ENERGY,ACTING_ENERGY_DISADVANTAGE,ENERGY_STATE,Set acting energy to two and opposing energy to four.,"['Ascension', 'Quick Attack']",Ascension | Quick Attack,1,2.0,4.0,-2.0,Quick Attack,0.786,0.132,0.654,True,False,0.786,0.132,0.654,Quick Attack,0.0,0.0,0.0,False,False
4WE_PAIR_011_V02,4WE_PAIR_011_V02__PLAYER,Player,T52_S002__HP_PRESSURE,HP_PRESSURE,1,MINIMUM_MULTI_ACTION_ENERGY,ACTING_ENERGY_ADVANTAGE,ENERGY_STATE,Set acting energy to four and opposing energy to one.,"['Ascension', 'Quick Attack']",Ascension | Quick Attack,1,4.0,1.0,3.0,Quick Attack,0.794,0.12,0.674,True,False,0.786,0.132,0.654,Quick Attack,0.008000000000000007,-0.01200000000000001,0.020000000000000018,False,False
4WE_PAIR_011_V02,4WE_PAIR_011_V02__PLAYER,Player,T52_S002__HP_PRESSURE,HP_PRESSURE,1,MINIMUM_MULTI_ACTION_ENERGY,EARLY_TURN,TURN_STATE,Force the decision context to turn one.,"['Ascension', 'Quick Attack']",Ascension | Quick Attack,1,2.0,3.0,-1.0,Quick Attack,0.786,0.132,0.654,True,False,0.786,0.132,0.654,Quick Attack,0.0,0.0,0.0,False,False
4WE_PAIR_011_V02,4WE_PAIR_011_V02__PLAYER,Player,T52_S002__HP_PRESSURE,HP_PRESSURE,1,MINIMUM_MULTI_ACTION_ENERGY,LATE_TURN,TURN_STATE,Force the decision context to turn twelve.,"['Ascension', 'Quick Attack']",Ascension | Quick Attack,12,2.0,3.0,-1.0,Quick Attack,0.812,0.126,0.686,True,False,0.786,0.132,0.654,Quick Attack,0.026000000000000023,-0.006000000000000005,0.03200000000000003,False,False
4WE_PAIR_011_V03,4WE_PAIR_011_V03__OPPONENT,Opponent,T52_S002__HP_PRESSURE,HP_PRESSURE,1,SYMMETRIC_TWO_ENERGY,BASELINE,BASELINE,Preserve the original expanded case exactly.,"['Ascension', 'Quick Attack']",Ascension | Quick Attack,1,2.0,2.0,0.0,Quick Attack,0.778,0.14,0.638,True,False,0.778,0.14,0.638,Quick Attack,0.0,0.0,0.0,False,False
4WE_PAIR_011_V03,4WE_PAIR_011_V03__OPPONENT,Opponent,T52_S002__HP_PRESSURE,HP_PRESSURE,1,SYMMETRIC_TWO_ENERGY,LEGAL_SIGNATURE_ASCENSION_ONLY,LEGAL_STRUCTURE,Expose Ascension as the only legal action.,['Ascension'],Ascension,1,2.0,2.0,0.0,Ascension,0.07,0.626,-0.556,False,True,0.778,0.14,0.638,Quick Attack,-0.708,0.486,-1.194,True,True
4WE_PAIR_011_V03,4WE_PAIR_011_V03__OPPONENT,Opponent,T52_S002__HP_PRESSURE,HP_PRESSURE,1,SYMMETRIC_TWO_ENERGY,LEGAL_SIGNATURE_QUICK_ATTACK_ONLY,LEGAL_STRUCTURE,Expose Quick Attack as the only legal action.,['Quick Attack'],Quick Attack,1,2.0,2.0,0.0,Ascension,0.184,0.396,-0.21200000000000002,False,True,0.778,0.14,0.638,Quick Attack,-0.5940000000000001,0.256,-0.8500000000000001,True,True
4WE_PAIR_011_V03,4WE_PAIR_011_V03__OPPONENT,Opponent,T52_S002__HP_PRESSURE,HP_PRESSURE,1,SYMMETRIC_TWO_ENERGY,LOW_ACTING_ENERGY,ENERGY_STATE,Reduce the acting Pokémon to one attached energy.,"['Ascension', 'Quick Attack']",Ascension | Quick Attack,1,1.0,2.0,-1.0,Quick Attack,0.776,0.14,0.636,True,False,0.778,0.14,0.638,Quick Attack,-0.0020000000000000018,0.0,-0.0020000000000000018,False,False
4WE_PAIR_011_V03,4WE_PAIR_011_V03__OPPONENT,Opponent,T52_S002__HP_PRESSURE,HP_PRESSURE,1,SYMMETRIC_TWO_ENERGY,HIGH_ACTING_ENERGY,ENERGY_STATE,Increase the acting Pokémon to four attached energy.,"['Ascension', 'Quick Attack']",Ascension | Quick Attack,1,4.0,2.0,2.0,Quick Attack,0.798,0.118,0.68,True,False,0.778,0.14,0.638,Quick Attack,0.020000000000000018,-0.02200000000000002,0.04200000000000004,False,False
4WE_PAIR_011_V03,4WE_PAIR_011_V03__OPPONENT,Opponent,T52_S002__HP_PRESSURE,HP_PRESSURE,1,SYMMETRIC_TWO_ENERGY,ACTING_ENERGY_DISADVANTAGE,ENERGY_STATE,Set acting energy to two and opposing energy to four.,"['Ascension', 'Quick Attack']",Ascension | Quick Attack,1,2.0,4.0,-2.0,Quick Attack,0.778,0.14,0.638,True,False,0.778,0.14,0.638,Quick Attack,0.0,0.0,0.0,False,False
4WE_PAIR_011_V03,4WE_PAIR_011_V03__OPPONENT,Opponent,T52_S002__HP_PRESSURE,HP_PRESSURE,1,SYMMETRIC_TWO_ENERGY,ACTING_ENERGY_ADVANTAGE,ENERGY_STATE,Set acting energy to four and opposing energy to one.,"['Ascension', 'Quick Attack']",Ascension | Quick Attack,1,4.0,1.0,3.0,Quick Attack,0.79,0.126,0.664,True,False,0.778,0.14,0.638,Quick Attack,0.01200000000000001,-0.014000000000000012,0.026000000000000023,False,False
4WE_PAIR_011_V03,4WE_PAIR_011_V03__OPPONENT,Opponent,T52_S002__HP_PRESSURE,HP_PRESSURE,1,SYMMETRIC_TWO_ENERGY,EARLY_TURN,TURN_STATE,Force the decision context to turn one.,"['Ascension', 'Quick Attack']",Ascension | Quick Attack,1,2.0,2.0,0.0,Quick Attack,0.778,0.14,0.638,True,False,0.778,0.14,0.638,Quick Attack,0.0,0.0,0.0,False,False
4WE_PAIR_011_V03,4WE_PAIR_011_V03__OPPONENT,Opponent,T52_S002__HP_PRESSURE,HP_PRESSURE,1,SYMMETRIC_TWO_ENERGY,LATE_TURN,TURN_STATE,Force the decision context to turn twelve.,"['Ascension', 'Quick Attack']",Ascension | Quick Attack,12,2.0,2.0,0.0,Quick Attack,0.804,0.134,0.67,True,False,0.778,0.14,0.638,Quick Attack,0.026000000000000023,-0.006000000000000005,0.03200000000000003,False,False
4WE_PAIR_011_V03,4WE_PAIR_011_V03__PLAYER,Player,T52_S002__HP_PRESSURE,HP_PRESSURE,1,SYMMETRIC_TWO_ENERGY,BASELINE,BASELINE,Preserve the original expanded case exactly.,"['Ascension', 'Quick Attack']",Ascension | Quick Attack,1,2.0,2.0,0.0,Quick Attack,0.786,0.132,0.654,True,False,0.786,0.132,0.654,Quick Attack,0.0,0.0,0.0,False,False
4WE_PAIR_011_V03,4WE_PAIR_011_V03__PLAYER,Player,T52_S002__HP_PRESSURE,HP_PRESSURE,1,SYMMETRIC_TWO_ENERGY,LEGAL_SIGNATURE_ASCENSION_ONLY,LEGAL_STRUCTURE,Expose Ascension as the only legal action.,['Ascension'],Ascension,1,2.0,2.0,0.0,Ascension,0.076,0.62,-0.544,False,True,0.786,0.132,0.654,Quick Attack,-0.7100000000000001,0.488,-1.198,True,True
4WE_PAIR_011_V03,4WE_PAIR_011_V03__PLAYER,Player,T52_S002__HP_PRESSURE,HP_PRESSURE,1,SYMMETRIC_TWO_ENERGY,LEGAL_SIGNATURE_QUICK_ATTACK_ONLY,LEGAL_STRUCTURE,Expose Quick Attack as the only legal action.,['Quick Attack'],Quick Attack,1,2.0,2.0,0.0,Ascension,0.19,0.39,-0.2,False,True,0.786,0.132,0.654,Quick Attack,-0.5960000000000001,0.258,-0.8540000000000001,True,True
4WE_PAIR_011_V03,4WE_PAIR_011_V03__PLAYER,Player,T52_S002__HP_PRESSURE,HP_PRESSURE,1,SYMMETRIC_TWO_ENERGY,LOW_ACTING_ENERGY,ENERGY_STATE,Reduce the acting Pokémon to one attached energy.,"['Ascension', 'Quick Attack']",Ascension | Quick Attack,1,1.0,2.0,-1.0,Quick Attack,0.782,0.136,0.646,True,False,0.786,0.132,0.654,Quick Attack,-0.0040000000000000036,0.0040000000000000036,-0.008000000000000007,False,False
4WE_PAIR_011_V03,4WE_PAIR_011_V03__PLAYER,Player,T52_S002__HP_PRESSURE,HP_PRESSURE,1,SYMMETRIC_TWO_ENERGY,HIGH_ACTING_ENERGY,ENERGY_STATE,Increase the acting Pokémon to four attached energy.,"['Ascension', 'Quick Attack']",Ascension | Quick Attack,1,4.0,2.0,2.0,Quick Attack,0.8,0.116,0.684,True,False,0.786,0.132,0.654,Quick Attack,0.014000000000000012,-0.016,0.030000000000000027,False,False
4WE_PAIR_011_V03,4WE_PAIR_011_V03__PLAYER,Player,T52_S002__HP_PRESSURE,HP_PRESSURE,1,SYMMETRIC_TWO_ENERGY,ACTING_ENERGY_DISADVANTAGE,ENERGY_STATE,Set acting energy to two and opposing energy to four.,"['Ascension', 'Quick Attack']",Ascension | Quick Attack,1,2.0,4.0,-2.0,Quick Attack,0.786,0.132,0.654,True,False,0.786,0.132,0.654,Quick Attack,0.0,0.0,0.0,False,False
4WE_PAIR_011_V03,4WE_PAIR_011_V03__PLAYER,Player,T52_S002__HP_PRESSURE,HP_PRESSURE,1,SYMMETRIC_TWO_ENERGY,ACTING_ENERGY_ADVANTAGE,ENERGY_STATE,Set acting energy to four and opposing energy to one.,"['Ascension', 'Quick Attack']",Ascension | Quick Attack,1,4.0,1.0,3.0,Quick Attack,0.794,0.12,0.674,True,False,0.786,0.132,0.654,Quick Attack,0.008000000000000007,-0.01200000000000001,0.020000000000000018,False,False
4WE_PAIR_011_V03,4WE_PAIR_011_V03__PLAYER,Player,T52_S002__HP_PRESSURE,HP_PRESSURE,1,SYMMETRIC_TWO_ENERGY,EARLY_TURN,TURN_STATE,Force the decision context to turn one.,"['Ascension', 'Quick Attack']",Ascension | Quick Attack,1,2.0,2.0,0.0,Quick Attack,0.786,0.132,0.654,True,False,0.786,0.132,0.654,Quick Attack,0.0,0.0,0.0,False,False
4WE_PAIR_011_V03,4WE_PAIR_011_V03__PLAYER,Player,T52_S002__HP_PRESSURE,HP_PRESSURE,1,SYMMETRIC_TWO_ENERGY,LATE_TURN,TURN_STATE,Force the decision context to turn twelve.,"['Ascension', 'Quick Attack']",Ascension | Quick Attack,12,2.0,2.0,0.0,Quick Attack,0.812,0.126,0.686,True,False,0.786,0.132,0.654,Quick Attack,0.026000000000000023,-0.006000000000000005,0.03200000000000003,False,False
4WE_PAIR_011_V04,4WE_PAIR_011_V04__OPPONENT,Opponent,T52_S002__HP_PRESSURE,HP_PRESSURE,1,EEVEE_ENERGY_ADVANTAGE,BASELINE,BASELINE,Preserve the original expanded case exactly.,"['Ascension', 'Quick Attack']",Ascension | Quick Attack,1,3.0,2.0,1.0,Quick Attack,0.798,0.118,0.68,True,False,0.798,0.118,0.68,Quick Attack,0.0,0.0,0.0,False,False
4WE_PAIR_011_V04,4WE_PAIR_011_V04__OPPONENT,Opponent,T52_S002__HP_PRESSURE,HP_PRESSURE,1,EEVEE_ENERGY_ADVANTAGE,LEGAL_SIGNATURE_ASCENSION_ONLY,LEGAL_STRUCTURE,Expose Ascension as the only legal action.,['Ascension'],Ascension,1,3.0,2.0,1.0,Ascension,0.088,0.602,-0.514,False,True,0.798,0.118,0.68,Quick Attack,-0.7100000000000001,0.484,-1.194,True,True
4WE_PAIR_011_V04,4WE_PAIR_011_V04__OPPONENT,Opponent,T52_S002__HP_PRESSURE,HP_PRESSURE,1,EEVEE_ENERGY_ADVANTAGE,LEGAL_SIGNATURE_QUICK_ATTACK_ONLY,LEGAL_STRUCTURE,Expose Quick Attack as the only legal action.,['Quick Attack'],Quick Attack,1,3.0,2.0,1.0,Ascension,0.204,0.374,-0.17,False,True,0.798,0.118,0.68,Quick Attack,-0.5940000000000001,0.256,-0.8500000000000001,True,True
4WE_PAIR_011_V04,4WE_PAIR_011_V04__OPPONENT,Opponent,T52_S002__HP_PRESSURE,HP_PRESSURE,1,EEVEE_ENERGY_ADVANTAGE,LOW_ACTING_ENERGY,ENERGY_STATE,Reduce the acting Pokémon to one attached energy.,"['Ascension', 'Quick Attack']",Ascension | Quick Attack,1,1.0,2.0,-1.0,Quick Attack,0.776,0.14,0.636,True,False,0.798,0.118,0.68,Quick Attack,-0.02200000000000002,0.02200000000000002,-0.04400000000000004,False,False
4WE_PAIR_011_V04,4WE_PAIR_011_V04__OPPONENT,Opponent,T52_S002__HP_PRESSURE,HP_PRESSURE,1,EEVEE_ENERGY_ADVANTAGE,HIGH_ACTING_ENERGY,ENERGY_STATE,Increase the acting Pokémon to four attached energy.,"['Ascension', 'Quick Attack']",Ascension | Quick Attack,1,4.0,2.0,2.0,Quick Attack,0.798,0.118,0.68,True,False,0.798,0.118,0.68,Quick Attack,0.0,0.0,0.0,False,False
4WE_PAIR_011_V04,4WE_PAIR_011_V04__OPPONENT,Opponent,T52_S002__HP_PRESSURE,HP_PRESSURE,1,EEVEE_ENERGY_ADVANTAGE,ACTING_ENERGY_DISADVANTAGE,ENERGY_STATE,Set acting energy to two and opposing energy to four.,"['Ascension', 'Quick Attack']",Ascension | Quick Attack,1,2.0,4.0,-2.0,Quick Attack,0.778,0.14,0.638,True,False,0.798,0.118,0.68,Quick Attack,-0.020000000000000018,0.02200000000000002,-0.04200000000000004,False,False
4WE_PAIR_011_V04,4WE_PAIR_011_V04__OPPONENT,Opponent,T52_S002__HP_PRESSURE,HP_PRESSURE,1,EEVEE_ENERGY_ADVANTAGE,ACTING_ENERGY_ADVANTAGE,ENERGY_STATE,Set acting energy to four and opposing energy to one.,"['Ascension', 'Quick Attack']",Ascension | Quick Attack,1,4.0,1.0,3.0,Quick Attack,0.79,0.126,0.664,True,False,0.798,0.118,0.68,Quick Attack,-0.008000000000000007,0.008000000000000007,-0.016000000000000014,False,False
4WE_PAIR_011_V04,4WE_PAIR_011_V04__OPPONENT,Opponent,T52_S002__HP_PRESSURE,HP_PRESSURE,1,EEVEE_ENERGY_ADVANTAGE,EARLY_TURN,TURN_STATE,Force the decision context to turn one.,"['Ascension', 'Quick Attack']",Ascension | Quick Attack,1,3.0,2.0,1.0,Quick Attack,0.798,0.118,0.68,True,False,0.798,0.118,0.68,Quick Attack,0.0,0.0,0.0,False,False
4WE_PAIR_011_V04,4WE_PAIR_011_V04__OPPONENT,Opponent,T52_S002__HP_PRESSURE,HP_PRESSURE,1,EEVEE_ENERGY_ADVANTAGE,LATE_TURN,TURN_STATE,Force the decision context to turn twelve.,"['Ascension', 'Quick Attack']",Ascension | Quick Attack,12,3.0,2.0,1.0,Quick Attack,0.824,0.112,0.712,True,False,0.798,0.118,0.68,Quick Attack,0.025999999999999912,-0.0059999999999999915,0.03199999999999992,False,False
4WE_PAIR_011_V04,4WE_PAIR_011_V04__PLAYER,Player,T52_S002__HP_PRESSURE,HP_PRESSURE,1,EEVEE_ENERGY_ADVANTAGE,BASELINE,BASELINE,Preserve the original expanded case exactly.,"['Ascension', 'Quick Attack']",Ascension | Quick Attack,1,3.0,2.0,1.0,Quick Attack,0.8,0.116,0.684,True,False,0.8,0.116,0.684,Quick Attack,0.0,0.0,0.0,False,False
4WE_PAIR_011_V04,4WE_PAIR_011_V04__PLAYER,Player,T52_S002__HP_PRESSURE,HP_PRESSURE,1,EEVEE_ENERGY_ADVANTAGE,LEGAL_SIGNATURE_ASCENSION_ONLY,LEGAL_STRUCTURE,Expose Ascension as the only legal action.,['Ascension'],Ascension,1,3.0,2.0,1.0,Ascension,0.086,0.604,-0.518,False,True,0.8,0.116,0.684,Quick Attack,-0.7140000000000001,0.488,-1.202,True,True
4WE_PAIR_011_V04,4WE_PAIR_011_V04__PLAYER,Player,T52_S002__HP_PRESSURE,HP_PRESSURE,1,EEVEE_ENERGY_ADVANTAGE,LEGAL_SIGNATURE_QUICK_ATTACK_ONLY,LEGAL_STRUCTURE,Expose Quick Attack as the only legal action.,['Quick Attack'],Quick Attack,1,3.0,2.0,1.0,Ascension,0.202,0.376,-0.174,False,True,0.8,0.116,0.684,Quick Attack,-0.5980000000000001,0.26,-0.8580000000000001,True,True
4WE_PAIR_011_V04,4WE_PAIR_011_V04__PLAYER,Player,T52_S002__HP_PRESSURE,HP_PRESSURE,1,EEVEE_ENERGY_ADVANTAGE,LOW_ACTING_ENERGY,ENERGY_STATE,Reduce the acting Pokémon to one attached energy.,"['Ascension', 'Quick Attack']",Ascension | Quick Attack,1,1.0,2.0,-1.0,Quick Attack,0.782,0.136,0.646,True,False,0.8,0.116,0.684,Quick Attack,-0.018000000000000016,0.020000000000000004,-0.038000000000000034,False,False
4WE_PAIR_011_V04,4WE_PAIR_011_V04__PLAYER,Player,T52_S002__HP_PRESSURE,HP_PRESSURE,1,EEVEE_ENERGY_ADVANTAGE,HIGH_ACTING_ENERGY,ENERGY_STATE,Increase the acting Pokémon to four attached energy.,"['Ascension', 'Quick Attack']",Ascension | Quick Attack,1,4.0,2.0,2.0,Quick Attack,0.8,0.116,0.684,True,False,0.8,0.116,0.684,Quick Attack,0.0,0.0,0.0,False,False
4WE_PAIR_011_V04,4WE_PAIR_011_V04__PLAYER,Player,T52_S002__HP_PRESSURE,HP_PRESSURE,1,EEVEE_ENERGY_ADVANTAGE,ACTING_ENERGY_DISADVANTAGE,ENERGY_STATE,Set acting energy to two and opposing energy to four.,"['Ascension', 'Quick Attack']",Ascension | Quick Attack,1,2.0,4.0,-2.0,Quick Attack,0.786,0.132,0.654,True,False,0.8,0.116,0.684,Quick Attack,-0.014000000000000012,0.016,-0.030000000000000027,False,False
4WE_PAIR_011_V04,4WE_PAIR_011_V04__PLAYER,Player,T52_S002__HP_PRESSURE,HP_PRESSURE,1,EEVEE_ENERGY_ADVANTAGE,ACTING_ENERGY_ADVANTAGE,ENERGY_STATE,Set acting energy to four and opposing energy to one.,"['Ascension', 'Quick Attack']",Ascension | Quick Attack,1,4.0,1.0,3.0,Quick Attack,0.794,0.12,0.674,True,False,0.8,0.116,0.684,Quick Attack,-0.006000000000000005,0.00399999999999999,-0.010000000000000009,False,False
4WE_PAIR_011_V04,4WE_PAIR_011_V04__PLAYER,Player,T52_S002__HP_PRESSURE,HP_PRESSURE,1,EEVEE_ENERGY_ADVANTAGE,EARLY_TURN,TURN_STATE,Force the decision context to turn one.,"['Ascension', 'Quick Attack']",Ascension | Quick Attack,1,3.0,2.0,1.0,Quick Attack,0.8,0.116,0.684,True,False,0.8,0.116,0.684,Quick Attack,0.0,0.0,0.0,False,False
4WE_PAIR_011_V04,4WE_PAIR_011_V04__PLAYER,Player,T52_S002__HP_PRESSURE,HP_PRESSURE,1,EEVEE_ENERGY_ADVANTAGE,LATE_TURN,TURN_STATE,Force the decision context to turn twelve.,"['Ascension', 'Quick Attack']",Ascension | Quick Attack,12,3.0,2.0,1.0,Quick Attack,0.826,0.11,0.716,True,False,0.8,0.116,0.684,Quick Attack,0.025999999999999912,-0.006000000000000005,0.03199999999999992,False,False
4WE_PAIR_012_V01,4WE_PAIR_012_V01__OPPONENT,Opponent,T52_S002__HP_PRESSURE,HP_PRESSURE,3,OBSERVED_ENERGY_CONTEXT,BASELINE,BASELINE,Preserve the original expanded case exactly.,"['Ascension', 'Quick Attack']",Ascension | Quick Attack,3,3.0,3.0,0.0,Quick Attack,0.81,0.126,0.684,True,False,0.81,0.126,0.684,Quick Attack,0.0,0.0,0.0,False,False
4WE_PAIR_012_V01,4WE_PAIR_012_V01__OPPONENT,Opponent,T52_S002__HP_PRESSURE,HP_PRESSURE,3,OBSERVED_ENERGY_CONTEXT,LEGAL_SIGNATURE_ASCENSION_ONLY,LEGAL_STRUCTURE,Expose Ascension as the only legal action.,['Ascension'],Ascension,3,3.0,3.0,0.0,Ascension,0.09,0.642,-0.552,False,True,0.81,0.126,0.684,Quick Attack,-0.7200000000000001,0.516,-1.2360000000000002,True,True
4WE_PAIR_012_V01,4WE_PAIR_012_V01__OPPONENT,Opponent,T52_S002__HP_PRESSURE,HP_PRESSURE,3,OBSERVED_ENERGY_CONTEXT,LEGAL_SIGNATURE_QUICK_ATTACK_ONLY,LEGAL_STRUCTURE,Expose Quick Attack as the only legal action.,['Quick Attack'],Quick Attack,3,3.0,3.0,0.0,Ascension,0.21,0.4,-0.19000000000000003,False,True,0.81,0.126,0.684,Quick Attack,-0.6000000000000001,0.274,-0.8740000000000001,True,True
4WE_PAIR_012_V01,4WE_PAIR_012_V01__OPPONENT,Opponent,T52_S002__HP_PRESSURE,HP_PRESSURE,3,OBSERVED_ENERGY_CONTEXT,LOW_ACTING_ENERGY,ENERGY_STATE,Reduce the acting Pokémon to one attached energy.,"['Ascension', 'Quick Attack']",Ascension | Quick Attack,3,1.0,3.0,-2.0,Quick Attack,0.788,0.148,0.64,True,False,0.81,0.126,0.684,Quick Attack,-0.02200000000000002,0.021999999999999992,-0.04400000000000004,False,False
4WE_PAIR_012_V01,4WE_PAIR_012_V01__OPPONENT,Opponent,T52_S002__HP_PRESSURE,HP_PRESSURE,3,OBSERVED_ENERGY_CONTEXT,HIGH_ACTING_ENERGY,ENERGY_STATE,Increase the acting Pokémon to four attached energy.,"['Ascension', 'Quick Attack']",Ascension | Quick Attack,3,4.0,3.0,1.0,Quick Attack,0.81,0.126,0.684,True,False,0.81,0.126,0.684,Quick Attack,0.0,0.0,0.0,False,False
4WE_PAIR_012_V01,4WE_PAIR_012_V01__OPPONENT,Opponent,T52_S002__HP_PRESSURE,HP_PRESSURE,3,OBSERVED_ENERGY_CONTEXT,ACTING_ENERGY_DISADVANTAGE,ENERGY_STATE,Set acting energy to two and opposing energy to four.,"['Ascension', 'Quick Attack']",Ascension | Quick Attack,3,2.0,4.0,-2.0,Quick Attack,0.79,0.148,0.642,True,False,0.81,0.126,0.684,Quick Attack,-0.020000000000000018,0.021999999999999992,-0.04200000000000004,False,False
4WE_PAIR_012_V01,4WE_PAIR_012_V01__OPPONENT,Opponent,T52_S002__HP_PRESSURE,HP_PRESSURE,3,OBSERVED_ENERGY_CONTEXT,ACTING_ENERGY_ADVANTAGE,ENERGY_STATE,Set acting energy to four and opposing energy to one.,"['Ascension', 'Quick Attack']",Ascension | Quick Attack,3,4.0,1.0,3.0,Quick Attack,0.8,0.136,0.664,True,False,0.81,0.126,0.684,Quick Attack,-0.010000000000000009,0.010000000000000009,-0.020000000000000018,False,False
4WE_PAIR_012_V01,4WE_PAIR_012_V01__OPPONENT,Opponent,T52_S002__HP_PRESSURE,HP_PRESSURE,3,OBSERVED_ENERGY_CONTEXT,EARLY_TURN,TURN_STATE,Force the decision context to turn one.,"['Ascension', 'Quick Attack']",Ascension | Quick Attack,1,3.0,3.0,0.0,Quick Attack,0.798,0.118,0.68,True,False,0.81,0.126,0.684,Quick Attack,-0.01200000000000001,-0.008000000000000007,-0.0040000000000000036,False,False
4WE_PAIR_012_V01,4WE_PAIR_012_V01__OPPONENT,Opponent,T52_S002__HP_PRESSURE,HP_PRESSURE,3,OBSERVED_ENERGY_CONTEXT,LATE_TURN,TURN_STATE,Force the decision context to turn twelve.,"['Ascension', 'Quick Attack']",Ascension | Quick Attack,12,3.0,3.0,0.0,Quick Attack,0.824,0.112,0.712,True,False,0.81,0.126,0.684,Quick Attack,0.013999999999999901,-0.013999999999999999,0.027999999999999914,False,False
4WE_PAIR_012_V01,4WE_PAIR_012_V01__PLAYER,Player,T52_S002__HP_PRESSURE,HP_PRESSURE,3,OBSERVED_ENERGY_CONTEXT,BASELINE,BASELINE,Preserve the original expanded case exactly.,"['Ascension', 'Quick Attack']",Ascension | Quick Attack,3,3.0,3.0,0.0,Quick Attack,0.812,0.124,0.6880000000000001,True,False,0.812,0.124,0.6880000000000001,Quick Attack,0.0,0.0,0.0,False,False
4WE_PAIR_012_V01,4WE_PAIR_012_V01__PLAYER,Player,T52_S002__HP_PRESSURE,HP_PRESSURE,3,OBSERVED_ENERGY_CONTEXT,LEGAL_SIGNATURE_ASCENSION_ONLY,LEGAL_STRUCTURE,Expose Ascension as the only legal action.,['Ascension'],Ascension,3,3.0,3.0,0.0,Ascension,0.09,0.642,-0.552,False,True,0.812,0.124,0.6880000000000001,Quick Attack,-0.7220000000000001,0.518,-1.2400000000000002,True,True
4WE_PAIR_012_V01,4WE_PAIR_012_V01__PLAYER,Player,T52_S002__HP_PRESSURE,HP_PRESSURE,3,OBSERVED_ENERGY_CONTEXT,LEGAL_SIGNATURE_QUICK_ATTACK_ONLY,LEGAL_STRUCTURE,Expose Quick Attack as the only legal action.,['Quick Attack'],Quick Attack,3,3.0,3.0,0.0,Ascension,0.21,0.4,-0.19000000000000003,False,True,0.812,0.124,0.6880000000000001,Quick Attack,-0.6020000000000001,0.276,-0.8780000000000001,True,True
4WE_PAIR_012_V01,4WE_PAIR_012_V01__PLAYER,Player,T52_S002__HP_PRESSURE,HP_PRESSURE,3,OBSERVED_ENERGY_CONTEXT,LOW_ACTING_ENERGY,ENERGY_STATE,Reduce the acting Pokémon to one attached energy.,"['Ascension', 'Quick Attack']",Ascension | Quick Attack,3,1.0,3.0,-2.0,Quick Attack,0.794,0.144,0.65,True,False,0.812,0.124,0.6880000000000001,Quick Attack,-0.018000000000000016,0.01999999999999999,-0.038000000000000034,False,False
4WE_PAIR_012_V01,4WE_PAIR_012_V01__PLAYER,Player,T52_S002__HP_PRESSURE,HP_PRESSURE,3,OBSERVED_ENERGY_CONTEXT,HIGH_ACTING_ENERGY,ENERGY_STATE,Increase the acting Pokémon to four attached energy.,"['Ascension', 'Quick Attack']",Ascension | Quick Attack,3,4.0,3.0,1.0,Quick Attack,0.812,0.124,0.6880000000000001,True,False,0.812,0.124,0.6880000000000001,Quick Attack,0.0,0.0,0.0,False,False
4WE_PAIR_012_V01,4WE_PAIR_012_V01__PLAYER,Player,T52_S002__HP_PRESSURE,HP_PRESSURE,3,OBSERVED_ENERGY_CONTEXT,ACTING_ENERGY_DISADVANTAGE,ENERGY_STATE,Set acting energy to two and opposing energy to four.,"['Ascension', 'Quick Attack']",Ascension | Quick Attack,3,2.0,4.0,-2.0,Quick Attack,0.798,0.14,0.658,True,False,0.812,0.124,0.6880000000000001,Quick Attack,-0.014000000000000012,0.016000000000000014,-0.030000000000000027,False,False
4WE_PAIR_012_V01,4WE_PAIR_012_V01__PLAYER,Player,T52_S002__HP_PRESSURE,HP_PRESSURE,3,OBSERVED_ENERGY_CONTEXT,ACTING_ENERGY_ADVANTAGE,ENERGY_STATE,Set acting energy to four and opposing energy to one.,"['Ascension', 'Quick Attack']",Ascension | Quick Attack,3,4.0,1.0,3.0,Quick Attack,0.804,0.13,0.674,True,False,0.812,0.124,0.6880000000000001,Quick Attack,-0.008000000000000007,0.006000000000000005,-0.014000000000000012,False,False
4WE_PAIR_012_V01,4WE_PAIR_012_V01__PLAYER,Player,T52_S002__HP_PRESSURE,HP_PRESSURE,3,OBSERVED_ENERGY_CONTEXT,EARLY_TURN,TURN_STATE,Force the decision context to turn one.,"['Ascension', 'Quick Attack']",Ascension | Quick Attack,1,3.0,3.0,0.0,Quick Attack,0.8,0.116,0.684,True,False,0.812,0.124,0.6880000000000001,Quick Attack,-0.01200000000000001,-0.007999999999999993,-0.0040000000000000036,False,False
4WE_PAIR_012_V01,4WE_PAIR_012_V01__PLAYER,Player,T52_S002__HP_PRESSURE,HP_PRESSURE,3,OBSERVED_ENERGY_CONTEXT,LATE_TURN,TURN_STATE,Force the decision context to turn twelve.,"['Ascension', 'Quick Attack']",Ascension | Quick Attack,12,3.0,3.0,0.0,Quick Attack,0.826,0.11,0.716,True,False,0.812,0.124,0.6880000000000001,Quick Attack,0.013999999999999901,-0.013999999999999999,0.027999999999999914,False,False
4WE_PAIR_012_V02,4WE_PAIR_012_V02__OPPONENT,Opponent,T52_S002__HP_PRESSURE,HP_PRESSURE,3,MINIMUM_MULTI_ACTION_ENERGY,BASELINE,BASELINE,Preserve the original expanded case exactly.,"['Ascension', 'Quick Attack']",Ascension | Quick Attack,3,2.0,3.0,-1.0,Quick Attack,0.79,0.148,0.642,True,False,0.79,0.148,0.642,Quick Attack,0.0,0.0,0.0,False,False
4WE_PAIR_012_V02,4WE_PAIR_012_V02__OPPONENT,Opponent,T52_S002__HP_PRESSURE,HP_PRESSURE,3,MINIMUM_MULTI_ACTION_ENERGY,LEGAL_SIGNATURE_ASCENSION_ONLY,LEGAL_STRUCTURE,Expose Ascension as the only legal action.,['Ascension'],Ascension,3,2.0,3.0,-1.0,Ascension,0.072,0.666,-0.5940000000000001,False,True,0.79,0.148,0.642,Quick Attack,-0.7180000000000001,0.518,-1.2360000000000002,True,True
4WE_PAIR_012_V02,4WE_PAIR_012_V02__OPPONENT,Opponent,T52_S002__HP_PRESSURE,HP_PRESSURE,3,MINIMUM_MULTI_ACTION_ENERGY,LEGAL_SIGNATURE_QUICK_ATTACK_ONLY,LEGAL_STRUCTURE,Expose Quick Attack as the only legal action.,['Quick Attack'],Quick Attack,3,2.0,3.0,-1.0,Ascension,0.19,0.422,-0.23199999999999998,False,True,0.79,0.148,0.642,Quick Attack,-0.6000000000000001,0.274,-0.874,True,True
4WE_PAIR_012_V02,4WE_PAIR_012_V02__OPPONENT,Opponent,T52_S002__HP_PRESSURE,HP_PRESSURE,3,MINIMUM_MULTI_ACTION_ENERGY,LOW_ACTING_ENERGY,ENERGY_STATE,Reduce the acting Pokémon to one attached energy.,"['Ascension', 'Quick Attack']",Ascension | Quick Attack,3,1.0,3.0,-2.0,Quick Attack,0.788,0.148,0.64,True,False,0.79,0.148,0.642,Quick Attack,-0.0020000000000000018,0.0,-0.0020000000000000018,False,False
4WE_PAIR_012_V02,4WE_PAIR_012_V02__OPPONENT,Opponent,T52_S002__HP_PRESSURE,HP_PRESSURE,3,MINIMUM_MULTI_ACTION_ENERGY,HIGH_ACTING_ENERGY,ENERGY_STATE,Increase the acting Pokémon to four attached energy.,"['Ascension', 'Quick Attack']",Ascension | Quick Attack,3,4.0,3.0,1.0,Quick Attack,0.81,0.126,0.684,True,False,0.79,0.148,0.642,Quick Attack,0.020000000000000018,-0.021999999999999992,0.04200000000000004,False,False
4WE_PAIR_012_V02,4WE_PAIR_012_V02__OPPONENT,Opponent,T52_S002__HP_PRESSURE,HP_PRESSURE,3,MINIMUM_MULTI_ACTION_ENERGY,ACTING_ENERGY_DISADVANTAGE,ENERGY_STATE,Set acting energy to two and opposing energy to four.,"['Ascension', 'Quick Attack']",Ascension | Quick Attack,3,2.0,4.0,-2.0,Quick Attack,0.79,0.148,0.642,True,False,0.79,0.148,0.642,Quick Attack,0.0,0.0,0.0,False,False
4WE_PAIR_012_V02,4WE_PAIR_012_V02__OPPONENT,Opponent,T52_S002__HP_PRESSURE,HP_PRESSURE,3,MINIMUM_MULTI_ACTION_ENERGY,ACTING_ENERGY_ADVANTAGE,ENERGY_STATE,Set acting energy to four and opposing energy to one.,"['Ascension', 'Quick Attack']",Ascension | Quick Attack,3,4.0,1.0,3.0,Quick Attack,0.8,0.136,0.664,True,False,0.79,0.148,0.642,Quick Attack,0.010000000000000009,-0.011999999999999983,0.02200000000000002,False,False
4WE_PAIR_012_V02,4WE_PAIR_012_V02__OPPONENT,Opponent,T52_S002__HP_PRESSURE,HP_PRESSURE,3,MINIMUM_MULTI_ACTION_ENERGY,EARLY_TURN,TURN_STATE,Force the decision context to turn one.,"['Ascension', 'Quick Attack']",Ascension | Quick Attack,1,2.0,3.0,-1.0,Quick Attack,0.778,0.14,0.638,True,False,0.79,0.148,0.642,Quick Attack,-0.01200000000000001,-0.00799999999999998,-0.0040000000000000036,False,False
4WE_PAIR_012_V02,4WE_PAIR_012_V02__OPPONENT,Opponent,T52_S002__HP_PRESSURE,HP_PRESSURE,3,MINIMUM_MULTI_ACTION_ENERGY,LATE_TURN,TURN_STATE,Force the decision context to turn twelve.,"['Ascension', 'Quick Attack']",Ascension | Quick Attack,12,2.0,3.0,-1.0,Quick Attack,0.804,0.134,0.67,True,False,0.79,0.148,0.642,Quick Attack,0.014000000000000012,-0.013999999999999985,0.028000000000000025,False,False
4WE_PAIR_012_V02,4WE_PAIR_012_V02__PLAYER,Player,T52_S002__HP_PRESSURE,HP_PRESSURE,3,MINIMUM_MULTI_ACTION_ENERGY,BASELINE,BASELINE,Preserve the original expanded case exactly.,"['Ascension', 'Quick Attack']",Ascension | Quick Attack,3,2.0,3.0,-1.0,Quick Attack,0.798,0.14,0.658,True,False,0.798,0.14,0.658,Quick Attack,0.0,0.0,0.0,False,False
4WE_PAIR_012_V02,4WE_PAIR_012_V02__PLAYER,Player,T52_S002__HP_PRESSURE,HP_PRESSURE,3,MINIMUM_MULTI_ACTION_ENERGY,LEGAL_SIGNATURE_ASCENSION_ONLY,LEGAL_STRUCTURE,Expose Ascension as the only legal action.,['Ascension'],Ascension,3,2.0,3.0,-1.0,Ascension,0.08,0.658,-0.5780000000000001,False,True,0.798,0.14,0.658,Quick Attack,-0.7180000000000001,0.518,-1.2360000000000002,True,True
4WE_PAIR_012_V02,4WE_PAIR_012_V02__PLAYER,Player,T52_S002__HP_PRESSURE,HP_PRESSURE,3,MINIMUM_MULTI_ACTION_ENERGY,LEGAL_SIGNATURE_QUICK_ATTACK_ONLY,LEGAL_STRUCTURE,Expose Quick Attack as the only legal action.,['Quick Attack'],Quick Attack,3,2.0,3.0,-1.0,Ascension,0.198,0.414,-0.21599999999999997,False,True,0.798,0.14,0.658,Quick Attack,-0.6000000000000001,0.27399999999999997,-0.874,True,True
4WE_PAIR_012_V02,4WE_PAIR_012_V02__PLAYER,Player,T52_S002__HP_PRESSURE,HP_PRESSURE,3,MINIMUM_MULTI_ACTION_ENERGY,LOW_ACTING_ENERGY,ENERGY_STATE,Reduce the acting Pokémon to one attached energy.,"['Ascension', 'Quick Attack']",Ascension | Quick Attack,3,1.0,3.0,-2.0,Quick Attack,0.794,0.144,0.65,True,False,0.798,0.14,0.658,Quick Attack,-0.0040000000000000036,0.003999999999999976,-0.008000000000000007,False,False
4WE_PAIR_012_V02,4WE_PAIR_012_V02__PLAYER,Player,T52_S002__HP_PRESSURE,HP_PRESSURE,3,MINIMUM_MULTI_ACTION_ENERGY,HIGH_ACTING_ENERGY,ENERGY_STATE,Increase the acting Pokémon to four attached energy.,"['Ascension', 'Quick Attack']",Ascension | Quick Attack,3,4.0,3.0,1.0,Quick Attack,0.812,0.124,0.6880000000000001,True,False,0.798,0.14,0.658,Quick Attack,0.014000000000000012,-0.016000000000000014,0.030000000000000027,False,False
4WE_PAIR_012_V02,4WE_PAIR_012_V02__PLAYER,Player,T52_S002__HP_PRESSURE,HP_PRESSURE,3,MINIMUM_MULTI_ACTION_ENERGY,ACTING_ENERGY_DISADVANTAGE,ENERGY_STATE,Set acting energy to two and opposing energy to four.,"['Ascension', 'Quick Attack']",Ascension | Quick Attack,3,2.0,4.0,-2.0,Quick Attack,0.798,0.14,0.658,True,False,0.798,0.14,0.658,Quick Attack,0.0,0.0,0.0,False,False
4WE_PAIR_012_V02,4WE_PAIR_012_V02__PLAYER,Player,T52_S002__HP_PRESSURE,HP_PRESSURE,3,MINIMUM_MULTI_ACTION_ENERGY,ACTING_ENERGY_ADVANTAGE,ENERGY_STATE,Set acting energy to four and opposing energy to one.,"['Ascension', 'Quick Attack']",Ascension | Quick Attack,3,4.0,1.0,3.0,Quick Attack,0.804,0.13,0.674,True,False,0.798,0.14,0.658,Quick Attack,0.006000000000000005,-0.010000000000000009,0.016000000000000014,False,False
4WE_PAIR_012_V02,4WE_PAIR_012_V02__PLAYER,Player,T52_S002__HP_PRESSURE,HP_PRESSURE,3,MINIMUM_MULTI_ACTION_ENERGY,EARLY_TURN,TURN_STATE,Force the decision context to turn one.,"['Ascension', 'Quick Attack']",Ascension | Quick Attack,1,2.0,3.0,-1.0,Quick Attack,0.786,0.132,0.654,True,False,0.798,0.14,0.658,Quick Attack,-0.01200000000000001,-0.008000000000000007,-0.0040000000000000036,False,False
4WE_PAIR_012_V02,4WE_PAIR_012_V02__PLAYER,Player,T52_S002__HP_PRESSURE,HP_PRESSURE,3,MINIMUM_MULTI_ACTION_ENERGY,LATE_TURN,TURN_STATE,Force the decision context to turn twelve.,"['Ascension', 'Quick Attack']",Ascension | Quick Attack,12,2.0,3.0,-1.0,Quick Attack,0.812,0.126,0.686,True,False,0.798,0.14,0.658,Quick Attack,0.014000000000000012,-0.014000000000000012,0.028000000000000025,False,False
4WE_PAIR_012_V03,4WE_PAIR_012_V03__OPPONENT,Opponent,T52_S002__HP_PRESSURE,HP_PRESSURE,3,SYMMETRIC_TWO_ENERGY,BASELINE,BASELINE,Preserve the original expanded case exactly.,"['Ascension', 'Quick Attack']",Ascension | Quick Attack,3,2.0,2.0,0.0,Quick Attack,0.79,0.148,0.642,True,False,0.79,0.148,0.642,Quick Attack,0.0,0.0,0.0,False,False
4WE_PAIR_012_V03,4WE_PAIR_012_V03__OPPONENT,Opponent,T52_S002__HP_PRESSURE,HP_PRESSURE,3,SYMMETRIC_TWO_ENERGY,LEGAL_SIGNATURE_ASCENSION_ONLY,LEGAL_STRUCTURE,Expose Ascension as the only legal action.,['Ascension'],Ascension,3,2.0,2.0,0.0,Ascension,0.072,0.666,-0.5940000000000001,False,True,0.79,0.148,0.642,Quick Attack,-0.7180000000000001,0.518,-1.2360000000000002,True,True
4WE_PAIR_012_V03,4WE_PAIR_012_V03__OPPONENT,Opponent,T52_S002__HP_PRESSURE,HP_PRESSURE,3,SYMMETRIC_TWO_ENERGY,LEGAL_SIGNATURE_QUICK_ATTACK_ONLY,LEGAL_STRUCTURE,Expose Quick Attack as the only legal action.,['Quick Attack'],Quick Attack,3,2.0,2.0,0.0,Ascension,0.19,0.422,-0.23199999999999998,False,True,0.79,0.148,0.642,Quick Attack,-0.6000000000000001,0.274,-0.874,True,True
4WE_PAIR_012_V03,4WE_PAIR_012_V03__OPPONENT,Opponent,T52_S002__HP_PRESSURE,HP_PRESSURE,3,SYMMETRIC_TWO_ENERGY,LOW_ACTING_ENERGY,ENERGY_STATE,Reduce the acting Pokémon to one attached energy.,"['Ascension', 'Quick Attack']",Ascension | Quick Attack,3,1.0,2.0,-1.0,Quick Attack,0.788,0.148,0.64,True,False,0.79,0.148,0.642,Quick Attack,-0.0020000000000000018,0.0,-0.0020000000000000018,False,False
4WE_PAIR_012_V03,4WE_PAIR_012_V03__OPPONENT,Opponent,T52_S002__HP_PRESSURE,HP_PRESSURE,3,SYMMETRIC_TWO_ENERGY,HIGH_ACTING_ENERGY,ENERGY_STATE,Increase the acting Pokémon to four attached energy.,"['Ascension', 'Quick Attack']",Ascension | Quick Attack,3,4.0,2.0,2.0,Quick Attack,0.81,0.126,0.684,True,False,0.79,0.148,0.642,Quick Attack,0.020000000000000018,-0.021999999999999992,0.04200000000000004,False,False
4WE_PAIR_012_V03,4WE_PAIR_012_V03__OPPONENT,Opponent,T52_S002__HP_PRESSURE,HP_PRESSURE,3,SYMMETRIC_TWO_ENERGY,ACTING_ENERGY_DISADVANTAGE,ENERGY_STATE,Set acting energy to two and opposing energy to four.,"['Ascension', 'Quick Attack']",Ascension | Quick Attack,3,2.0,4.0,-2.0,Quick Attack,0.79,0.148,0.642,True,False,0.79,0.148,0.642,Quick Attack,0.0,0.0,0.0,False,False
4WE_PAIR_012_V03,4WE_PAIR_012_V03__OPPONENT,Opponent,T52_S002__HP_PRESSURE,HP_PRESSURE,3,SYMMETRIC_TWO_ENERGY,ACTING_ENERGY_ADVANTAGE,ENERGY_STATE,Set acting energy to four and opposing energy to one.,"['Ascension', 'Quick Attack']",Ascension | Quick Attack,3,4.0,1.0,3.0,Quick Attack,0.8,0.136,0.664,True,False,0.79,0.148,0.642,Quick Attack,0.010000000000000009,-0.011999999999999983,0.02200000000000002,False,False
4WE_PAIR_012_V03,4WE_PAIR_012_V03__OPPONENT,Opponent,T52_S002__HP_PRESSURE,HP_PRESSURE,3,SYMMETRIC_TWO_ENERGY,EARLY_TURN,TURN_STATE,Force the decision context to turn one.,"['Ascension', 'Quick Attack']",Ascension | Quick Attack,1,2.0,2.0,0.0,Quick Attack,0.778,0.14,0.638,True,False,0.79,0.148,0.642,Quick Attack,-0.01200000000000001,-0.00799999999999998,-0.0040000000000000036,False,False
4WE_PAIR_012_V03,4WE_PAIR_012_V03__OPPONENT,Opponent,T52_S002__HP_PRESSURE,HP_PRESSURE,3,SYMMETRIC_TWO_ENERGY,LATE_TURN,TURN_STATE,Force the decision context to turn twelve.,"['Ascension', 'Quick Attack']",Ascension | Quick Attack,12,2.0,2.0,0.0,Quick Attack,0.804,0.134,0.67,True,False,0.79,0.148,0.642,Quick Attack,0.014000000000000012,-0.013999999999999985,0.028000000000000025,False,False
4WE_PAIR_012_V03,4WE_PAIR_012_V03__PLAYER,Player,T52_S002__HP_PRESSURE,HP_PRESSURE,3,SYMMETRIC_TWO_ENERGY,BASELINE,BASELINE,Preserve the original expanded case exactly.,"['Ascension', 'Quick Attack']",Ascension | Quick Attack,3,2.0,2.0,0.0,Quick Attack,0.798,0.14,0.658,True,False,0.798,0.14,0.658,Quick Attack,0.0,0.0,0.0,False,False
4WE_PAIR_012_V03,4WE_PAIR_012_V03__PLAYER,Player,T52_S002__HP_PRESSURE,HP_PRESSURE,3,SYMMETRIC_TWO_ENERGY,LEGAL_SIGNATURE_ASCENSION_ONLY,LEGAL_STRUCTURE,Expose Ascension as the only legal action.,['Ascension'],Ascension,3,2.0,2.0,0.0,Ascension,0.078,0.66,-0.5820000000000001,False,True,0.798,0.14,0.658,Quick Attack,-0.7200000000000001,0.52,-1.2400000000000002,True,True
4WE_PAIR_012_V03,4WE_PAIR_012_V03__PLAYER,Player,T52_S002__HP_PRESSURE,HP_PRESSURE,3,SYMMETRIC_TWO_ENERGY,LEGAL_SIGNATURE_QUICK_ATTACK_ONLY,LEGAL_STRUCTURE,Expose Quick Attack as the only legal action.,['Quick Attack'],Quick Attack,3,2.0,2.0,0.0,Ascension,0.196,0.416,-0.21999999999999997,False,True,0.798,0.14,0.658,Quick Attack,-0.6020000000000001,0.27599999999999997,-0.878,True,True
4WE_PAIR_012_V03,4WE_PAIR_012_V03__PLAYER,Player,T52_S002__HP_PRESSURE,HP_PRESSURE,3,SYMMETRIC_TWO_ENERGY,LOW_ACTING_ENERGY,ENERGY_STATE,Reduce the acting Pokémon to one attached energy.,"['Ascension', 'Quick Attack']",Ascension | Quick Attack,3,1.0,2.0,-1.0,Quick Attack,0.794,0.144,0.65,True,False,0.798,0.14,0.658,Quick Attack,-0.0040000000000000036,0.003999999999999976,-0.008000000000000007,False,False
4WE_PAIR_012_V03,4WE_PAIR_012_V03__PLAYER,Player,T52_S002__HP_PRESSURE,HP_PRESSURE,3,SYMMETRIC_TWO_ENERGY,HIGH_ACTING_ENERGY,ENERGY_STATE,Increase the acting Pokémon to four attached energy.,"['Ascension', 'Quick Attack']",Ascension | Quick Attack,3,4.0,2.0,2.0,Quick Attack,0.812,0.124,0.6880000000000001,True,False,0.798,0.14,0.658,Quick Attack,0.014000000000000012,-0.016000000000000014,0.030000000000000027,False,False
4WE_PAIR_012_V03,4WE_PAIR_012_V03__PLAYER,Player,T52_S002__HP_PRESSURE,HP_PRESSURE,3,SYMMETRIC_TWO_ENERGY,ACTING_ENERGY_DISADVANTAGE,ENERGY_STATE,Set acting energy to two and opposing energy to four.,"['Ascension', 'Quick Attack']",Ascension | Quick Attack,3,2.0,4.0,-2.0,Quick Attack,0.798,0.14,0.658,True,False,0.798,0.14,0.658,Quick Attack,0.0,0.0,0.0,False,False
4WE_PAIR_012_V03,4WE_PAIR_012_V03__PLAYER,Player,T52_S002__HP_PRESSURE,HP_PRESSURE,3,SYMMETRIC_TWO_ENERGY,ACTING_ENERGY_ADVANTAGE,ENERGY_STATE,Set acting energy to four and opposing energy to one.,"['Ascension', 'Quick Attack']",Ascension | Quick Attack,3,4.0,1.0,3.0,Quick Attack,0.804,0.13,0.674,True,False,0.798,0.14,0.658,Quick Attack,0.006000000000000005,-0.010000000000000009,0.016000000000000014,False,False
4WE_PAIR_012_V03,4WE_PAIR_012_V03__PLAYER,Player,T52_S002__HP_PRESSURE,HP_PRESSURE,3,SYMMETRIC_TWO_ENERGY,EARLY_TURN,TURN_STATE,Force the decision context to turn one.,"['Ascension', 'Quick Attack']",Ascension | Quick Attack,1,2.0,2.0,0.0,Quick Attack,0.786,0.132,0.654,True,False,0.798,0.14,0.658,Quick Attack,-0.01200000000000001,-0.008000000000000007,-0.0040000000000000036,False,False
4WE_PAIR_012_V03,4WE_PAIR_012_V03__PLAYER,Player,T52_S002__HP_PRESSURE,HP_PRESSURE,3,SYMMETRIC_TWO_ENERGY,LATE_TURN,TURN_STATE,Force the decision context to turn twelve.,"['Ascension', 'Quick Attack']",Ascension | Quick Attack,12,2.0,2.0,0.0,Quick Attack,0.812,0.126,0.686,True,False,0.798,0.14,0.658,Quick Attack,0.014000000000000012,-0.014000000000000012,0.028000000000000025,False,False
4WE_PAIR_012_V04,4WE_PAIR_012_V04__OPPONENT,Opponent,T52_S002__HP_PRESSURE,HP_PRESSURE,3,EEVEE_ENERGY_ADVANTAGE,BASELINE,BASELINE,Preserve the original expanded case exactly.,"['Ascension', 'Quick Attack']",Ascension | Quick Attack,3,3.0,2.0,1.0,Quick Attack,0.81,0.126,0.684,True,False,0.81,0.126,0.684,Quick Attack,0.0,0.0,0.0,False,False
4WE_PAIR_012_V04,4WE_PAIR_012_V04__OPPONENT,Opponent,T52_S002__HP_PRESSURE,HP_PRESSURE,3,EEVEE_ENERGY_ADVANTAGE,LEGAL_SIGNATURE_ASCENSION_ONLY,LEGAL_STRUCTURE,Expose Ascension as the only legal action.,['Ascension'],Ascension,3,3.0,2.0,1.0,Ascension,0.09,0.642,-0.552,False,True,0.81,0.126,0.684,Quick Attack,-0.7200000000000001,0.516,-1.2360000000000002,True,True
4WE_PAIR_012_V04,4WE_PAIR_012_V04__OPPONENT,Opponent,T52_S002__HP_PRESSURE,HP_PRESSURE,3,EEVEE_ENERGY_ADVANTAGE,LEGAL_SIGNATURE_QUICK_ATTACK_ONLY,LEGAL_STRUCTURE,Expose Quick Attack as the only legal action.,['Quick Attack'],Quick Attack,3,3.0,2.0,1.0,Ascension,0.21,0.4,-0.19000000000000003,False,True,0.81,0.126,0.684,Quick Attack,-0.6000000000000001,0.274,-0.8740000000000001,True,True
4WE_PAIR_012_V04,4WE_PAIR_012_V04__OPPONENT,Opponent,T52_S002__HP_PRESSURE,HP_PRESSURE,3,EEVEE_ENERGY_ADVANTAGE,LOW_ACTING_ENERGY,ENERGY_STATE,Reduce the acting Pokémon to one attached energy.,"['Ascension', 'Quick Attack']",Ascension | Quick Attack,3,1.0,2.0,-1.0,Quick Attack,0.788,0.148,0.64,True,False,0.81,0.126,0.684,Quick Attack,-0.02200000000000002,0.021999999999999992,-0.04400000000000004,False,False
4WE_PAIR_012_V04,4WE_PAIR_012_V04__OPPONENT,Opponent,T52_S002__HP_PRESSURE,HP_PRESSURE,3,EEVEE_ENERGY_ADVANTAGE,HIGH_ACTING_ENERGY,ENERGY_STATE,Increase the acting Pokémon to four attached energy.,"['Ascension', 'Quick Attack']",Ascension | Quick Attack,3,4.0,2.0,2.0,Quick Attack,0.81,0.126,0.684,True,False,0.81,0.126,0.684,Quick Attack,0.0,0.0,0.0,False,False
4WE_PAIR_012_V04,4WE_PAIR_012_V04__OPPONENT,Opponent,T52_S002__HP_PRESSURE,HP_PRESSURE,3,EEVEE_ENERGY_ADVANTAGE,ACTING_ENERGY_DISADVANTAGE,ENERGY_STATE,Set acting energy to two and opposing energy to four.,"['Ascension', 'Quick Attack']",Ascension | Quick Attack,3,2.0,4.0,-2.0,Quick Attack,0.79,0.148,0.642,True,False,0.81,0.126,0.684,Quick Attack,-0.020000000000000018,0.021999999999999992,-0.04200000000000004,False,False
4WE_PAIR_012_V04,4WE_PAIR_012_V04__OPPONENT,Opponent,T52_S002__HP_PRESSURE,HP_PRESSURE,3,EEVEE_ENERGY_ADVANTAGE,ACTING_ENERGY_ADVANTAGE,ENERGY_STATE,Set acting energy to four and opposing energy to one.,"['Ascension', 'Quick Attack']",Ascension | Quick Attack,3,4.0,1.0,3.0,Quick Attack,0.8,0.136,0.664,True,False,0.81,0.126,0.684,Quick Attack,-0.010000000000000009,0.010000000000000009,-0.020000000000000018,False,False
4WE_PAIR_012_V04,4WE_PAIR_012_V04__OPPONENT,Opponent,T52_S002__HP_PRESSURE,HP_PRESSURE,3,EEVEE_ENERGY_ADVANTAGE,EARLY_TURN,TURN_STATE,Force the decision context to turn one.,"['Ascension', 'Quick Attack']",Ascension | Quick Attack,1,3.0,2.0,1.0,Quick Attack,0.798,0.118,0.68,True,False,0.81,0.126,0.684,Quick Attack,-0.01200000000000001,-0.008000000000000007,-0.0040000000000000036,False,False
4WE_PAIR_012_V04,4WE_PAIR_012_V04__OPPONENT,Opponent,T52_S002__HP_PRESSURE,HP_PRESSURE,3,EEVEE_ENERGY_ADVANTAGE,LATE_TURN,TURN_STATE,Force the decision context to turn twelve.,"['Ascension', 'Quick Attack']",Ascension | Quick Attack,12,3.0,2.0,1.0,Quick Attack,0.824,0.112,0.712,True,False,0.81,0.126,0.684,Quick Attack,0.013999999999999901,-0.013999999999999999,0.027999999999999914,False,False
4WE_PAIR_012_V04,4WE_PAIR_012_V04__PLAYER,Player,T52_S002__HP_PRESSURE,HP_PRESSURE,3,EEVEE_ENERGY_ADVANTAGE,BASELINE,BASELINE,Preserve the original expanded case exactly.,"['Ascension', 'Quick Attack']",Ascension | Quick Attack,3,3.0,2.0,1.0,Quick Attack,0.812,0.124,0.6880000000000001,True,False,0.812,0.124,0.6880000000000001,Quick Attack,0.0,0.0,0.0,False,False
4WE_PAIR_012_V04,4WE_PAIR_012_V04__PLAYER,Player,T52_S002__HP_PRESSURE,HP_PRESSURE,3,EEVEE_ENERGY_ADVANTAGE,LEGAL_SIGNATURE_ASCENSION_ONLY,LEGAL_STRUCTURE,Expose Ascension as the only legal action.,['Ascension'],Ascension,3,3.0,2.0,1.0,Ascension,0.088,0.644,-0.556,False,True,0.812,0.124,0.6880000000000001,Quick Attack,-0.7240000000000001,0.52,-1.2440000000000002,True,True
4WE_PAIR_012_V04,4WE_PAIR_012_V04__PLAYER,Player,T52_S002__HP_PRESSURE,HP_PRESSURE,3,EEVEE_ENERGY_ADVANTAGE,LEGAL_SIGNATURE_QUICK_ATTACK_ONLY,LEGAL_STRUCTURE,Expose Quick Attack as the only legal action.,['Quick Attack'],Quick Attack,3,3.0,2.0,1.0,Ascension,0.208,0.402,-0.19400000000000003,False,True,0.812,0.124,0.6880000000000001,Quick Attack,-0.6040000000000001,0.278,-0.8820000000000001,True,True
4WE_PAIR_012_V04,4WE_PAIR_012_V04__PLAYER,Player,T52_S002__HP_PRESSURE,HP_PRESSURE,3,EEVEE_ENERGY_ADVANTAGE,LOW_ACTING_ENERGY,ENERGY_STATE,Reduce the acting Pokémon to one attached energy.,"['Ascension', 'Quick Attack']",Ascension | Quick Attack,3,1.0,2.0,-1.0,Quick Attack,0.794,0.144,0.65,True,False,0.812,0.124,0.6880000000000001,Quick Attack,-0.018000000000000016,0.01999999999999999,-0.038000000000000034,False,False
4WE_PAIR_012_V04,4WE_PAIR_012_V04__PLAYER,Player,T52_S002__HP_PRESSURE,HP_PRESSURE,3,EEVEE_ENERGY_ADVANTAGE,HIGH_ACTING_ENERGY,ENERGY_STATE,Increase the acting Pokémon to four attached energy.,"['Ascension', 'Quick Attack']",Ascension | Quick Attack,3,4.0,2.0,2.0,Quick Attack,0.812,0.124,0.6880000000000001,True,False,0.812,0.124,0.6880000000000001,Quick Attack,0.0,0.0,0.0,False,False
4WE_PAIR_012_V04,4WE_PAIR_012_V04__PLAYER,Player,T52_S002__HP_PRESSURE,HP_PRESSURE,3,EEVEE_ENERGY_ADVANTAGE,ACTING_ENERGY_DISADVANTAGE,ENERGY_STATE,Set acting energy to two and opposing energy to four.,"['Ascension', 'Quick Attack']",Ascension | Quick Attack,3,2.0,4.0,-2.0,Quick Attack,0.798,0.14,0.658,True,False,0.812,0.124,0.6880000000000001,Quick Attack,-0.014000000000000012,0.016000000000000014,-0.030000000000000027,False,False
4WE_PAIR_012_V04,4WE_PAIR_012_V04__PLAYER,Player,T52_S002__HP_PRESSURE,HP_PRESSURE,3,EEVEE_ENERGY_ADVANTAGE,ACTING_ENERGY_ADVANTAGE,ENERGY_STATE,Set acting energy to four and opposing energy to one.,"['Ascension', 'Quick Attack']",Ascension | Quick Attack,3,4.0,1.0,3.0,Quick Attack,0.804,0.13,0.674,True,False,0.812,0.124,0.6880000000000001,Quick Attack,-0.008000000000000007,0.006000000000000005,-0.014000000000000012,False,False
4WE_PAIR_012_V04,4WE_PAIR_012_V04__PLAYER,Player,T52_S002__HP_PRESSURE,HP_PRESSURE,3,EEVEE_ENERGY_ADVANTAGE,EARLY_TURN,TURN_STATE,Force the decision context to turn one.,"['Ascension', 'Quick Attack']",Ascension | Quick Attack,1,3.0,2.0,1.0,Quick Attack,0.8,0.116,0.684,True,False,0.812,0.124,0.6880000000000001,Quick Attack,-0.01200000000000001,-0.007999999999999993,-0.0040000000000000036,False,False
4WE_PAIR_012_V04,4WE_PAIR_012_V04__PLAYER,Player,T52_S002__HP_PRESSURE,HP_PRESSURE,3,EEVEE_ENERGY_ADVANTAGE,LATE_TURN,TURN_STATE,Force the decision context to turn twelve.,"['Ascension', 'Quick Attack']",Ascension | Quick Attack,12,3.0,2.0,1.0,Quick Attack,0.826,0.11,0.716,True,False,0.812,0.124,0.6880000000000001,Quick Attack,0.013999999999999901,-0.013999999999999999,0.027999999999999914,False,False
4WE_PAIR_013_V01,4WE_PAIR_013_V01__OPPONENT,Opponent,T52_S003__BASELINE,BASELINE,2,OBSERVED_ENERGY_CONTEXT,BASELINE,BASELINE,Preserve the original expanded case exactly.,"['Ascension', 'Quick Attack']",Ascension | Quick Attack,2,3.0,3.0,0.0,Quick Attack,0.712,0.188,0.524,True,False,0.712,0.188,0.524,Quick Attack,0.0,0.0,0.0,False,False
4WE_PAIR_013_V01,4WE_PAIR_013_V01__OPPONENT,Opponent,T52_S003__BASELINE,BASELINE,2,OBSERVED_ENERGY_CONTEXT,LEGAL_SIGNATURE_ASCENSION_ONLY,LEGAL_STRUCTURE,Expose Ascension as the only legal action.,['Ascension'],Ascension,2,3.0,3.0,0.0,Ascension,0.042,0.65,-0.608,False,True,0.712,0.188,0.524,Quick Attack,-0.6699999999999999,0.462,-1.1320000000000001,True,True
4WE_PAIR_013_V01,4WE_PAIR_013_V01__OPPONENT,Opponent,T52_S003__BASELINE,BASELINE,2,OBSERVED_ENERGY_CONTEXT,LEGAL_SIGNATURE_QUICK_ATTACK_ONLY,LEGAL_STRUCTURE,Expose Quick Attack as the only legal action.,['Quick Attack'],Quick Attack,2,3.0,3.0,0.0,Ascension,0.156,0.406,-0.25,False,True,0.712,0.188,0.524,Quick Attack,-0.5559999999999999,0.21800000000000003,-0.774,True,True
4WE_PAIR_013_V01,4WE_PAIR_013_V01__OPPONENT,Opponent,T52_S003__BASELINE,BASELINE,2,OBSERVED_ENERGY_CONTEXT,LOW_ACTING_ENERGY,ENERGY_STATE,Reduce the acting Pokémon to one attached energy.,"['Ascension', 'Quick Attack']",Ascension | Quick Attack,2,1.0,3.0,-2.0,Quick Attack,0.704,0.196,0.508,True,False,0.712,0.188,0.524,Quick Attack,-0.008000000000000007,0.008000000000000007,-0.016000000000000014,False,False
4WE_PAIR_013_V01,4WE_PAIR_013_V01__OPPONENT,Opponent,T52_S003__BASELINE,BASELINE,2,OBSERVED_ENERGY_CONTEXT,HIGH_ACTING_ENERGY,ENERGY_STATE,Increase the acting Pokémon to four attached energy.,"['Ascension', 'Quick Attack']",Ascension | Quick Attack,2,4.0,3.0,1.0,Quick Attack,0.718,0.182,0.536,True,False,0.712,0.188,0.524,Quick Attack,0.006000000000000005,-0.006000000000000005,0.01200000000000001,False,False
4WE_PAIR_013_V01,4WE_PAIR_013_V01__OPPONENT,Opponent,T52_S003__BASELINE,BASELINE,2,OBSERVED_ENERGY_CONTEXT,ACTING_ENERGY_DISADVANTAGE,ENERGY_STATE,Set acting energy to two and opposing energy to four.,"['Ascension', 'Quick Attack']",Ascension | Quick Attack,2,2.0,4.0,-2.0,Quick Attack,0.708,0.194,0.514,True,False,0.712,0.188,0.524,Quick Attack,-0.0040000000000000036,0.006000000000000005,-0.010000000000000009,False,False
4WE_PAIR_013_V01,4WE_PAIR_013_V01__OPPONENT,Opponent,T52_S003__BASELINE,BASELINE,2,OBSERVED_ENERGY_CONTEXT,ACTING_ENERGY_ADVANTAGE,ENERGY_STATE,Set acting energy to four and opposing energy to one.,"['Ascension', 'Quick Attack']",Ascension | Quick Attack,2,4.0,1.0,3.0,Quick Attack,0.714,0.186,0.528,True,False,0.712,0.188,0.524,Quick Attack,0.0020000000000000018,-0.0020000000000000018,0.0040000000000000036,False,False
4WE_PAIR_013_V01,4WE_PAIR_013_V01__OPPONENT,Opponent,T52_S003__BASELINE,BASELINE,2,OBSERVED_ENERGY_CONTEXT,EARLY_TURN,TURN_STATE,Force the decision context to turn one.,"['Ascension', 'Quick Attack']",Ascension | Quick Attack,1,3.0,3.0,0.0,Quick Attack,0.702,0.176,0.526,True,False,0.712,0.188,0.524,Quick Attack,-0.010000000000000009,-0.01200000000000001,0.0020000000000000018,False,False
4WE_PAIR_013_V01,4WE_PAIR_013_V01__OPPONENT,Opponent,T52_S003__BASELINE,BASELINE,2,OBSERVED_ENERGY_CONTEXT,LATE_TURN,TURN_STATE,Force the decision context to turn twelve.,"['Ascension', 'Quick Attack']",Ascension | Quick Attack,12,3.0,3.0,0.0,Quick Attack,0.718,0.18,0.538,True,False,0.712,0.188,0.524,Quick Attack,0.006000000000000005,-0.008000000000000007,0.014000000000000012,False,False
4WE_PAIR_013_V01,4WE_PAIR_013_V01__PLAYER,Player,T52_S003__BASELINE,BASELINE,2,OBSERVED_ENERGY_CONTEXT,BASELINE,BASELINE,Preserve the original expanded case exactly.,"['Ascension', 'Quick Attack']",Ascension | Quick Attack,2,3.0,3.0,0.0,Quick Attack,0.714,0.186,0.528,True,False,0.714,0.186,0.528,Quick Attack,0.0,0.0,0.0,False,False
4WE_PAIR_013_V01,4WE_PAIR_013_V01__PLAYER,Player,T52_S003__BASELINE,BASELINE,2,OBSERVED_ENERGY_CONTEXT,LEGAL_SIGNATURE_ASCENSION_ONLY,LEGAL_STRUCTURE,Expose Ascension as the only legal action.,['Ascension'],Ascension,2,3.0,3.0,0.0,Ascension,0.042,0.648,-0.606,False,True,0.714,0.186,0.528,Quick Attack,-0.6719999999999999,0.462,-1.134,True,True
4WE_PAIR_013_V01,4WE_PAIR_013_V01__PLAYER,Player,T52_S003__BASELINE,BASELINE,2,OBSERVED_ENERGY_CONTEXT,LEGAL_SIGNATURE_QUICK_ATTACK_ONLY,LEGAL_STRUCTURE,Expose Quick Attack as the only legal action.,['Quick Attack'],Quick Attack,2,3.0,3.0,0.0,Ascension,0.156,0.404,-0.24800000000000003,False,True,0.714,0.186,0.528,Quick Attack,-0.5579999999999999,0.21800000000000003,-0.776,True,True
4WE_PAIR_013_V01,4WE_PAIR_013_V01__PLAYER,Player,T52_S003__BASELINE,BASELINE,2,OBSERVED_ENERGY_CONTEXT,LOW_ACTING_ENERGY,ENERGY_STATE,Reduce the acting Pokémon to one attached energy.,"['Ascension', 'Quick Attack']",Ascension | Quick Attack,2,1.0,3.0,-2.0,Quick Attack,0.706,0.196,0.51,True,False,0.714,0.186,0.528,Quick Attack,-0.008000000000000007,0.010000000000000009,-0.018000000000000016,False,False
4WE_PAIR_013_V01,4WE_PAIR_013_V01__PLAYER,Player,T52_S003__BASELINE,BASELINE,2,OBSERVED_ENERGY_CONTEXT,HIGH_ACTING_ENERGY,ENERGY_STATE,Increase the acting Pokémon to four attached energy.,"['Ascension', 'Quick Attack']",Ascension | Quick Attack,2,4.0,3.0,1.0,Quick Attack,0.718,0.182,0.536,True,False,0.714,0.186,0.528,Quick Attack,0.0040000000000000036,-0.0040000000000000036,0.008000000000000007,False,False
4WE_PAIR_013_V01,4WE_PAIR_013_V01__PLAYER,Player,T52_S003__BASELINE,BASELINE,2,OBSERVED_ENERGY_CONTEXT,ACTING_ENERGY_DISADVANTAGE,ENERGY_STATE,Set acting energy to two and opposing energy to four.,"['Ascension', 'Quick Attack']",Ascension | Quick Attack,2,2.0,4.0,-2.0,Quick Attack,0.712,0.19,0.522,True,False,0.714,0.186,0.528,Quick Attack,-0.0020000000000000018,0.0040000000000000036,-0.006000000000000005,False,False
4WE_PAIR_013_V01,4WE_PAIR_013_V01__PLAYER,Player,T52_S003__BASELINE,BASELINE,2,OBSERVED_ENERGY_CONTEXT,ACTING_ENERGY_ADVANTAGE,ENERGY_STATE,Set acting energy to four and opposing energy to one.,"['Ascension', 'Quick Attack']",Ascension | Quick Attack,2,4.0,1.0,3.0,Quick Attack,0.714,0.184,0.53,True,False,0.714,0.186,0.528,Quick Attack,0.0,-0.0020000000000000018,0.0020000000000000018,False,False
4WE_PAIR_013_V01,4WE_PAIR_013_V01__PLAYER,Player,T52_S003__BASELINE,BASELINE,2,OBSERVED_ENERGY_CONTEXT,EARLY_TURN,TURN_STATE,Force the decision context to turn one.,"['Ascension', 'Quick Attack']",Ascension | Quick Attack,1,3.0,3.0,0.0,Quick Attack,0.704,0.174,0.53,True,False,0.714,0.186,0.528,Quick Attack,-0.010000000000000009,-0.01200000000000001,0.0020000000000000018,False,False
4WE_PAIR_013_V01,4WE_PAIR_013_V01__PLAYER,Player,T52_S003__BASELINE,BASELINE,2,OBSERVED_ENERGY_CONTEXT,LATE_TURN,TURN_STATE,Force the decision context to turn twelve.,"['Ascension', 'Quick Attack']",Ascension | Quick Attack,12,3.0,3.0,0.0,Quick Attack,0.72,0.178,0.542,True,False,0.714,0.186,0.528,Quick Attack,0.006000000000000005,-0.008000000000000007,0.014000000000000012,False,False
4WE_PAIR_013_V02,4WE_PAIR_013_V02__OPPONENT,Opponent,T52_S003__BASELINE,BASELINE,2,MINIMUM_MULTI_ACTION_ENERGY,BASELINE,BASELINE,Preserve the original expanded case exactly.,"['Ascension', 'Quick Attack']",Ascension | Quick Attack,2,2.0,3.0,-1.0,Quick Attack,0.706,0.196,0.51,True,False,0.706,0.196,0.51,Quick Attack,0.0,0.0,0.0,False,False
4WE_PAIR_013_V02,4WE_PAIR_013_V02__OPPONENT,Opponent,T52_S003__BASELINE,BASELINE,2,MINIMUM_MULTI_ACTION_ENERGY,LEGAL_SIGNATURE_ASCENSION_ONLY,LEGAL_STRUCTURE,Expose Ascension as the only legal action.,['Ascension'],Ascension,2,2.0,3.0,-1.0,Ascension,0.04,0.658,-0.618,False,True,0.706,0.196,0.51,Quick Attack,-0.6659999999999999,0.462,-1.1280000000000001,True,True
4WE_PAIR_013_V02,4WE_PAIR_013_V02__OPPONENT,Opponent,T52_S003__BASELINE,BASELINE,2,MINIMUM_MULTI_ACTION_ENERGY,LEGAL_SIGNATURE_QUICK_ATTACK_ONLY,LEGAL_STRUCTURE,Expose Quick Attack as the only legal action.,['Quick Attack'],Quick Attack,2,2.0,3.0,-1.0,Ascension,0.152,0.412,-0.26,False,True,0.706,0.196,0.51,Quick Attack,-0.5539999999999999,0.21599999999999997,-0.77,True,True
4WE_PAIR_013_V02,4WE_PAIR_013_V02__OPPONENT,Opponent,T52_S003__BASELINE,BASELINE,2,MINIMUM_MULTI_ACTION_ENERGY,LOW_ACTING_ENERGY,ENERGY_STATE,Reduce the acting Pokémon to one attached energy.,"['Ascension', 'Quick Attack']",Ascension | Quick Attack,2,1.0,3.0,-2.0,Quick Attack,0.704,0.196,0.508,True,False,0.706,0.196,0.51,Quick Attack,-0.0020000000000000018,0.0,-0.0020000000000000018,False,False
4WE_PAIR_013_V02,4WE_PAIR_013_V02__OPPONENT,Opponent,T52_S003__BASELINE,BASELINE,2,MINIMUM_MULTI_ACTION_ENERGY,HIGH_ACTING_ENERGY,ENERGY_STATE,Increase the acting Pokémon to four attached energy.,"['Ascension', 'Quick Attack']",Ascension | Quick Attack,2,4.0,3.0,1.0,Quick Attack,0.718,0.182,0.536,True,False,0.706,0.196,0.51,Quick Attack,0.01200000000000001,-0.014000000000000012,0.026000000000000023,False,False
4WE_PAIR_013_V02,4WE_PAIR_013_V02__OPPONENT,Opponent,T52_S003__BASELINE,BASELINE,2,MINIMUM_MULTI_ACTION_ENERGY,ACTING_ENERGY_DISADVANTAGE,ENERGY_STATE,Set acting energy to two and opposing energy to four.,"['Ascension', 'Quick Attack']",Ascension | Quick Attack,2,2.0,4.0,-2.0,Quick Attack,0.708,0.194,0.514,True,False,0.706,0.196,0.51,Quick Attack,0.0020000000000000018,-0.0020000000000000018,0.0040000000000000036,False,False
4WE_PAIR_013_V02,4WE_PAIR_013_V02__OPPONENT,Opponent,T52_S003__BASELINE,BASELINE,2,MINIMUM_MULTI_ACTION_ENERGY,ACTING_ENERGY_ADVANTAGE,ENERGY_STATE,Set acting energy to four and opposing energy to one.,"['Ascension', 'Quick Attack']",Ascension | Quick Attack,2,4.0,1.0,3.0,Quick Attack,0.714,0.186,0.528,True,False,0.706,0.196,0.51,Quick Attack,0.008000000000000007,-0.010000000000000009,0.018000000000000016,False,False
4WE_PAIR_013_V02,4WE_PAIR_013_V02__OPPONENT,Opponent,T52_S003__BASELINE,BASELINE,2,MINIMUM_MULTI_ACTION_ENERGY,EARLY_TURN,TURN_STATE,Force the decision context to turn one.,"['Ascension', 'Quick Attack']",Ascension | Quick Attack,1,2.0,3.0,-1.0,Quick Attack,0.696,0.184,0.512,True,False,0.706,0.196,0.51,Quick Attack,-0.010000000000000009,-0.01200000000000001,0.0020000000000000018,False,False
4WE_PAIR_013_V02,4WE_PAIR_013_V02__OPPONENT,Opponent,T52_S003__BASELINE,BASELINE,2,MINIMUM_MULTI_ACTION_ENERGY,LATE_TURN,TURN_STATE,Force the decision context to turn twelve.,"['Ascension', 'Quick Attack']",Ascension | Quick Attack,12,2.0,3.0,-1.0,Quick Attack,0.712,0.188,0.524,True,False,0.706,0.196,0.51,Quick Attack,0.006000000000000005,-0.008000000000000007,0.014000000000000012,False,False
4WE_PAIR_013_V02,4WE_PAIR_013_V02__PLAYER,Player,T52_S003__BASELINE,BASELINE,2,MINIMUM_MULTI_ACTION_ENERGY,BASELINE,BASELINE,Preserve the original expanded case exactly.,"['Ascension', 'Quick Attack']",Ascension | Quick Attack,2,2.0,3.0,-1.0,Quick Attack,0.708,0.194,0.514,True,False,0.708,0.194,0.514,Quick Attack,0.0,0.0,0.0,False,False
4WE_PAIR_013_V02,4WE_PAIR_013_V02__PLAYER,Player,T52_S003__BASELINE,BASELINE,2,MINIMUM_MULTI_ACTION_ENERGY,LEGAL_SIGNATURE_ASCENSION_ONLY,LEGAL_STRUCTURE,Expose Ascension as the only legal action.,['Ascension'],Ascension,2,2.0,3.0,-1.0,Ascension,0.04,0.656,-0.616,False,True,0.708,0.194,0.514,Quick Attack,-0.6679999999999999,0.462,-1.13,True,True
4WE_PAIR_013_V02,4WE_PAIR_013_V02__PLAYER,Player,T52_S003__BASELINE,BASELINE,2,MINIMUM_MULTI_ACTION_ENERGY,LEGAL_SIGNATURE_QUICK_ATTACK_ONLY,LEGAL_STRUCTURE,Expose Quick Attack as the only legal action.,['Quick Attack'],Quick Attack,2,2.0,3.0,-1.0,Ascension,0.152,0.41,-0.258,False,True,0.708,0.194,0.514,Quick Attack,-0.5559999999999999,0.21599999999999997,-0.772,True,True
4WE_PAIR_013_V02,4WE_PAIR_013_V02__PLAYER,Player,T52_S003__BASELINE,BASELINE,2,MINIMUM_MULTI_ACTION_ENERGY,LOW_ACTING_ENERGY,ENERGY_STATE,Reduce the acting Pokémon to one attached energy.,"['Ascension', 'Quick Attack']",Ascension | Quick Attack,2,1.0,3.0,-2.0,Quick Attack,0.706,0.196,0.51,True,False,0.708,0.194,0.514,Quick Attack,-0.0020000000000000018,0.0020000000000000018,-0.0040000000000000036,False,False
4WE_PAIR_013_V02,4WE_PAIR_013_V02__PLAYER,Player,T52_S003__BASELINE,BASELINE,2,MINIMUM_MULTI_ACTION_ENERGY,HIGH_ACTING_ENERGY,ENERGY_STATE,Increase the acting Pokémon to four attached energy.,"['Ascension', 'Quick Attack']",Ascension | Quick Attack,2,4.0,3.0,1.0,Quick Attack,0.718,0.182,0.536,True,False,0.708,0.194,0.514,Quick Attack,0.010000000000000009,-0.01200000000000001,0.02200000000000002,False,False
4WE_PAIR_013_V02,4WE_PAIR_013_V02__PLAYER,Player,T52_S003__BASELINE,BASELINE,2,MINIMUM_MULTI_ACTION_ENERGY,ACTING_ENERGY_DISADVANTAGE,ENERGY_STATE,Set acting energy to two and opposing energy to four.,"['Ascension', 'Quick Attack']",Ascension | Quick Attack,2,2.0,4.0,-2.0,Quick Attack,0.712,0.19,0.522,True,False,0.708,0.194,0.514,Quick Attack,0.0040000000000000036,-0.0040000000000000036,0.008000000000000007,False,False
4WE_PAIR_013_V02,4WE_PAIR_013_V02__PLAYER,Player,T52_S003__BASELINE,BASELINE,2,MINIMUM_MULTI_ACTION_ENERGY,ACTING_ENERGY_ADVANTAGE,ENERGY_STATE,Set acting energy to four and opposing energy to one.,"['Ascension', 'Quick Attack']",Ascension | Quick Attack,2,4.0,1.0,3.0,Quick Attack,0.714,0.184,0.53,True,False,0.708,0.194,0.514,Quick Attack,0.006000000000000005,-0.010000000000000009,0.016000000000000014,False,False
4WE_PAIR_013_V02,4WE_PAIR_013_V02__PLAYER,Player,T52_S003__BASELINE,BASELINE,2,MINIMUM_MULTI_ACTION_ENERGY,EARLY_TURN,TURN_STATE,Force the decision context to turn one.,"['Ascension', 'Quick Attack']",Ascension | Quick Attack,1,2.0,3.0,-1.0,Quick Attack,0.698,0.182,0.516,True,False,0.708,0.194,0.514,Quick Attack,-0.010000000000000009,-0.01200000000000001,0.0020000000000000018,False,False
4WE_PAIR_013_V02,4WE_PAIR_013_V02__PLAYER,Player,T52_S003__BASELINE,BASELINE,2,MINIMUM_MULTI_ACTION_ENERGY,LATE_TURN,TURN_STATE,Force the decision context to turn twelve.,"['Ascension', 'Quick Attack']",Ascension | Quick Attack,12,2.0,3.0,-1.0,Quick Attack,0.714,0.186,0.528,True,False,0.708,0.194,0.514,Quick Attack,0.006000000000000005,-0.008000000000000007,0.014000000000000012,False,False
4WE_PAIR_013_V03,4WE_PAIR_013_V03__OPPONENT,Opponent,T52_S003__BASELINE,BASELINE,2,SYMMETRIC_TWO_ENERGY,BASELINE,BASELINE,Preserve the original expanded case exactly.,"['Ascension', 'Quick Attack']",Ascension | Quick Attack,2,2.0,2.0,0.0,Quick Attack,0.706,0.196,0.51,True,False,0.706,0.196,0.51,Quick Attack,0.0,0.0,0.0,False,False
4WE_PAIR_013_V03,4WE_PAIR_013_V03__OPPONENT,Opponent,T52_S003__BASELINE,BASELINE,2,SYMMETRIC_TWO_ENERGY,LEGAL_SIGNATURE_ASCENSION_ONLY,LEGAL_STRUCTURE,Expose Ascension as the only legal action.,['Ascension'],Ascension,2,2.0,2.0,0.0,Ascension,0.04,0.658,-0.618,False,True,0.706,0.196,0.51,Quick Attack,-0.6659999999999999,0.462,-1.1280000000000001,True,True
4WE_PAIR_013_V03,4WE_PAIR_013_V03__OPPONENT,Opponent,T52_S003__BASELINE,BASELINE,2,SYMMETRIC_TWO_ENERGY,LEGAL_SIGNATURE_QUICK_ATTACK_ONLY,LEGAL_STRUCTURE,Expose Quick Attack as the only legal action.,['Quick Attack'],Quick Attack,2,2.0,2.0,0.0,Ascension,0.152,0.412,-0.26,False,True,0.706,0.196,0.51,Quick Attack,-0.5539999999999999,0.21599999999999997,-0.77,True,True
4WE_PAIR_013_V03,4WE_PAIR_013_V03__OPPONENT,Opponent,T52_S003__BASELINE,BASELINE,2,SYMMETRIC_TWO_ENERGY,LOW_ACTING_ENERGY,ENERGY_STATE,Reduce the acting Pokémon to one attached energy.,"['Ascension', 'Quick Attack']",Ascension | Quick Attack,2,1.0,2.0,-1.0,Quick Attack,0.704,0.196,0.508,True,False,0.706,0.196,0.51,Quick Attack,-0.0020000000000000018,0.0,-0.0020000000000000018,False,False
4WE_PAIR_013_V03,4WE_PAIR_013_V03__OPPONENT,Opponent,T52_S003__BASELINE,BASELINE,2,SYMMETRIC_TWO_ENERGY,HIGH_ACTING_ENERGY,ENERGY_STATE,Increase the acting Pokémon to four attached energy.,"['Ascension', 'Quick Attack']",Ascension | Quick Attack,2,4.0,2.0,2.0,Quick Attack,0.718,0.182,0.536,True,False,0.706,0.196,0.51,Quick Attack,0.01200000000000001,-0.014000000000000012,0.026000000000000023,False,False
4WE_PAIR_013_V03,4WE_PAIR_013_V03__OPPONENT,Opponent,T52_S003__BASELINE,BASELINE,2,SYMMETRIC_TWO_ENERGY,ACTING_ENERGY_DISADVANTAGE,ENERGY_STATE,Set acting energy to two and opposing energy to four.,"['Ascension', 'Quick Attack']",Ascension | Quick Attack,2,2.0,4.0,-2.0,Quick Attack,0.708,0.194,0.514,True,False,0.706,0.196,0.51,Quick Attack,0.0020000000000000018,-0.0020000000000000018,0.0040000000000000036,False,False
4WE_PAIR_013_V03,4WE_PAIR_013_V03__OPPONENT,Opponent,T52_S003__BASELINE,BASELINE,2,SYMMETRIC_TWO_ENERGY,ACTING_ENERGY_ADVANTAGE,ENERGY_STATE,Set acting energy to four and opposing energy to one.,"['Ascension', 'Quick Attack']",Ascension | Quick Attack,2,4.0,1.0,3.0,Quick Attack,0.714,0.186,0.528,True,False,0.706,0.196,0.51,Quick Attack,0.008000000000000007,-0.010000000000000009,0.018000000000000016,False,False
4WE_PAIR_013_V03,4WE_PAIR_013_V03__OPPONENT,Opponent,T52_S003__BASELINE,BASELINE,2,SYMMETRIC_TWO_ENERGY,EARLY_TURN,TURN_STATE,Force the decision context to turn one.,"['Ascension', 'Quick Attack']",Ascension | Quick Attack,1,2.0,2.0,0.0,Quick Attack,0.696,0.184,0.512,True,False,0.706,0.196,0.51,Quick Attack,-0.010000000000000009,-0.01200000000000001,0.0020000000000000018,False,False
4WE_PAIR_013_V03,4WE_PAIR_013_V03__OPPONENT,Opponent,T52_S003__BASELINE,BASELINE,2,SYMMETRIC_TWO_ENERGY,LATE_TURN,TURN_STATE,Force the decision context to turn twelve.,"['Ascension', 'Quick Attack']",Ascension | Quick Attack,12,2.0,2.0,0.0,Quick Attack,0.712,0.188,0.524,True,False,0.706,0.196,0.51,Quick Attack,0.006000000000000005,-0.008000000000000007,0.014000000000000012,False,False
4WE_PAIR_013_V03,4WE_PAIR_013_V03__PLAYER,Player,T52_S003__BASELINE,BASELINE,2,SYMMETRIC_TWO_ENERGY,BASELINE,BASELINE,Preserve the original expanded case exactly.,"['Ascension', 'Quick Attack']",Ascension | Quick Attack,2,2.0,2.0,0.0,Quick Attack,0.708,0.194,0.514,True,False,0.708,0.194,0.514,Quick Attack,0.0,0.0,0.0,False,False
4WE_PAIR_013_V03,4WE_PAIR_013_V03__PLAYER,Player,T52_S003__BASELINE,BASELINE,2,SYMMETRIC_TWO_ENERGY,LEGAL_SIGNATURE_ASCENSION_ONLY,LEGAL_STRUCTURE,Expose Ascension as the only legal action.,['Ascension'],Ascension,2,2.0,2.0,0.0,Ascension,0.04,0.656,-0.616,False,True,0.708,0.194,0.514,Quick Attack,-0.6679999999999999,0.462,-1.13,True,True
4WE_PAIR_013_V03,4WE_PAIR_013_V03__PLAYER,Player,T52_S003__BASELINE,BASELINE,2,SYMMETRIC_TWO_ENERGY,LEGAL_SIGNATURE_QUICK_ATTACK_ONLY,LEGAL_STRUCTURE,Expose Quick Attack as the only legal action.,['Quick Attack'],Quick Attack,2,2.0,2.0,0.0,Ascension,0.152,0.41,-0.258,False,True,0.708,0.194,0.514,Quick Attack,-0.5559999999999999,0.21599999999999997,-0.772,True,True
4WE_PAIR_013_V03,4WE_PAIR_013_V03__PLAYER,Player,T52_S003__BASELINE,BASELINE,2,SYMMETRIC_TWO_ENERGY,LOW_ACTING_ENERGY,ENERGY_STATE,Reduce the acting Pokémon to one attached energy.,"['Ascension', 'Quick Attack']",Ascension | Quick Attack,2,1.0,2.0,-1.0,Quick Attack,0.706,0.196,0.51,True,False,0.708,0.194,0.514,Quick Attack,-0.0020000000000000018,0.0020000000000000018,-0.0040000000000000036,False,False
4WE_PAIR_013_V03,4WE_PAIR_013_V03__PLAYER,Player,T52_S003__BASELINE,BASELINE,2,SYMMETRIC_TWO_ENERGY,HIGH_ACTING_ENERGY,ENERGY_STATE,Increase the acting Pokémon to four attached energy.,"['Ascension', 'Quick Attack']",Ascension | Quick Attack,2,4.0,2.0,2.0,Quick Attack,0.718,0.182,0.536,True,False,0.708,0.194,0.514,Quick Attack,0.010000000000000009,-0.01200000000000001,0.02200000000000002,False,False
4WE_PAIR_013_V03,4WE_PAIR_013_V03__PLAYER,Player,T52_S003__BASELINE,BASELINE,2,SYMMETRIC_TWO_ENERGY,ACTING_ENERGY_DISADVANTAGE,ENERGY_STATE,Set acting energy to two and opposing energy to four.,"['Ascension', 'Quick Attack']",Ascension | Quick Attack,2,2.0,4.0,-2.0,Quick Attack,0.712,0.19,0.522,True,False,0.708,0.194,0.514,Quick Attack,0.0040000000000000036,-0.0040000000000000036,0.008000000000000007,False,False
4WE_PAIR_013_V03,4WE_PAIR_013_V03__PLAYER,Player,T52_S003__BASELINE,BASELINE,2,SYMMETRIC_TWO_ENERGY,ACTING_ENERGY_ADVANTAGE,ENERGY_STATE,Set acting energy to four and opposing energy to one.,"['Ascension', 'Quick Attack']",Ascension | Quick Attack,2,4.0,1.0,3.0,Quick Attack,0.714,0.184,0.53,True,False,0.708,0.194,0.514,Quick Attack,0.006000000000000005,-0.010000000000000009,0.016000000000000014,False,False
4WE_PAIR_013_V03,4WE_PAIR_013_V03__PLAYER,Player,T52_S003__BASELINE,BASELINE,2,SYMMETRIC_TWO_ENERGY,EARLY_TURN,TURN_STATE,Force the decision context to turn one.,"['Ascension', 'Quick Attack']",Ascension | Quick Attack,1,2.0,2.0,0.0,Quick Attack,0.698,0.182,0.516,True,False,0.708,0.194,0.514,Quick Attack,-0.010000000000000009,-0.01200000000000001,0.0020000000000000018,False,False
4WE_PAIR_013_V03,4WE_PAIR_013_V03__PLAYER,Player,T52_S003__BASELINE,BASELINE,2,SYMMETRIC_TWO_ENERGY,LATE_TURN,TURN_STATE,Force the decision context to turn twelve.,"['Ascension', 'Quick Attack']",Ascension | Quick Attack,12,2.0,2.0,0.0,Quick Attack,0.714,0.186,0.528,True,False,0.708,0.194,0.514,Quick Attack,0.006000000000000005,-0.008000000000000007,0.014000000000000012,False,False
4WE_PAIR_013_V04,4WE_PAIR_013_V04__OPPONENT,Opponent,T52_S003__BASELINE,BASELINE,2,EEVEE_ENERGY_ADVANTAGE,BASELINE,BASELINE,Preserve the original expanded case exactly.,"['Ascension', 'Quick Attack']",Ascension | Quick Attack,2,3.0,2.0,1.0,Quick Attack,0.712,0.188,0.524,True,False,0.712,0.188,0.524,Quick Attack,0.0,0.0,0.0,False,False
4WE_PAIR_013_V04,4WE_PAIR_013_V04__OPPONENT,Opponent,T52_S003__BASELINE,BASELINE,2,EEVEE_ENERGY_ADVANTAGE,LEGAL_SIGNATURE_ASCENSION_ONLY,LEGAL_STRUCTURE,Expose Ascension as the only legal action.,['Ascension'],Ascension,2,3.0,2.0,1.0,Ascension,0.042,0.65,-0.608,False,True,0.712,0.188,0.524,Quick Attack,-0.6699999999999999,0.462,-1.1320000000000001,True,True
4WE_PAIR_013_V04,4WE_PAIR_013_V04__OPPONENT,Opponent,T52_S003__BASELINE,BASELINE,2,EEVEE_ENERGY_ADVANTAGE,LEGAL_SIGNATURE_QUICK_ATTACK_ONLY,LEGAL_STRUCTURE,Expose Quick Attack as the only legal action.,['Quick Attack'],Quick Attack,2,3.0,2.0,1.0,Ascension,0.156,0.406,-0.25,False,True,0.712,0.188,0.524,Quick Attack,-0.5559999999999999,0.21800000000000003,-0.774,True,True
4WE_PAIR_013_V04,4WE_PAIR_013_V04__OPPONENT,Opponent,T52_S003__BASELINE,BASELINE,2,EEVEE_ENERGY_ADVANTAGE,LOW_ACTING_ENERGY,ENERGY_STATE,Reduce the acting Pokémon to one attached energy.,"['Ascension', 'Quick Attack']",Ascension | Quick Attack,2,1.0,2.0,-1.0,Quick Attack,0.704,0.196,0.508,True,False,0.712,0.188,0.524,Quick Attack,-0.008000000000000007,0.008000000000000007,-0.016000000000000014,False,False
4WE_PAIR_013_V04,4WE_PAIR_013_V04__OPPONENT,Opponent,T52_S003__BASELINE,BASELINE,2,EEVEE_ENERGY_ADVANTAGE,HIGH_ACTING_ENERGY,ENERGY_STATE,Increase the acting Pokémon to four attached energy.,"['Ascension', 'Quick Attack']",Ascension | Quick Attack,2,4.0,2.0,2.0,Quick Attack,0.718,0.182,0.536,True,False,0.712,0.188,0.524,Quick Attack,0.006000000000000005,-0.006000000000000005,0.01200000000000001,False,False
4WE_PAIR_013_V04,4WE_PAIR_013_V04__OPPONENT,Opponent,T52_S003__BASELINE,BASELINE,2,EEVEE_ENERGY_ADVANTAGE,ACTING_ENERGY_DISADVANTAGE,ENERGY_STATE,Set acting energy to two and opposing energy to four.,"['Ascension', 'Quick Attack']",Ascension | Quick Attack,2,2.0,4.0,-2.0,Quick Attack,0.708,0.194,0.514,True,False,0.712,0.188,0.524,Quick Attack,-0.0040000000000000036,0.006000000000000005,-0.010000000000000009,False,False
4WE_PAIR_013_V04,4WE_PAIR_013_V04__OPPONENT,Opponent,T52_S003__BASELINE,BASELINE,2,EEVEE_ENERGY_ADVANTAGE,ACTING_ENERGY_ADVANTAGE,ENERGY_STATE,Set acting energy to four and opposing energy to one.,"['Ascension', 'Quick Attack']",Ascension | Quick Attack,2,4.0,1.0,3.0,Quick Attack,0.714,0.186,0.528,True,False,0.712,0.188,0.524,Quick Attack,0.0020000000000000018,-0.0020000000000000018,0.0040000000000000036,False,False
4WE_PAIR_013_V04,4WE_PAIR_013_V04__OPPONENT,Opponent,T52_S003__BASELINE,BASELINE,2,EEVEE_ENERGY_ADVANTAGE,EARLY_TURN,TURN_STATE,Force the decision context to turn one.,"['Ascension', 'Quick Attack']",Ascension | Quick Attack,1,3.0,2.0,1.0,Quick Attack,0.702,0.176,0.526,True,False,0.712,0.188,0.524,Quick Attack,-0.010000000000000009,-0.01200000000000001,0.0020000000000000018,False,False
4WE_PAIR_013_V04,4WE_PAIR_013_V04__OPPONENT,Opponent,T52_S003__BASELINE,BASELINE,2,EEVEE_ENERGY_ADVANTAGE,LATE_TURN,TURN_STATE,Force the decision context to turn twelve.,"['Ascension', 'Quick Attack']",Ascension | Quick Attack,12,3.0,2.0,1.0,Quick Attack,0.718,0.18,0.538,True,False,0.712,0.188,0.524,Quick Attack,0.006000000000000005,-0.008000000000000007,0.014000000000000012,False,False
4WE_PAIR_013_V04,4WE_PAIR_013_V04__PLAYER,Player,T52_S003__BASELINE,BASELINE,2,EEVEE_ENERGY_ADVANTAGE,BASELINE,BASELINE,Preserve the original expanded case exactly.,"['Ascension', 'Quick Attack']",Ascension | Quick Attack,2,3.0,2.0,1.0,Quick Attack,0.714,0.186,0.528,True,False,0.714,0.186,0.528,Quick Attack,0.0,0.0,0.0,False,False
4WE_PAIR_013_V04,4WE_PAIR_013_V04__PLAYER,Player,T52_S003__BASELINE,BASELINE,2,EEVEE_ENERGY_ADVANTAGE,LEGAL_SIGNATURE_ASCENSION_ONLY,LEGAL_STRUCTURE,Expose Ascension as the only legal action.,['Ascension'],Ascension,2,3.0,2.0,1.0,Ascension,0.042,0.648,-0.606,False,True,0.714,0.186,0.528,Quick Attack,-0.6719999999999999,0.462,-1.134,True,True
4WE_PAIR_013_V04,4WE_PAIR_013_V04__PLAYER,Player,T52_S003__BASELINE,BASELINE,2,EEVEE_ENERGY_ADVANTAGE,LEGAL_SIGNATURE_QUICK_ATTACK_ONLY,LEGAL_STRUCTURE,Expose Quick Attack as the only legal action.,['Quick Attack'],Quick Attack,2,3.0,2.0,1.0,Ascension,0.156,0.404,-0.24800000000000003,False,True,0.714,0.186,0.528,Quick Attack,-0.5579999999999999,0.21800000000000003,-0.776,True,True
4WE_PAIR_013_V04,4WE_PAIR_013_V04__PLAYER,Player,T52_S003__BASELINE,BASELINE,2,EEVEE_ENERGY_ADVANTAGE,LOW_ACTING_ENERGY,ENERGY_STATE,Reduce the acting Pokémon to one attached energy.,"['Ascension', 'Quick Attack']",Ascension | Quick Attack,2,1.0,2.0,-1.0,Quick Attack,0.706,0.196,0.51,True,False,0.714,0.186,0.528,Quick Attack,-0.008000000000000007,0.010000000000000009,-0.018000000000000016,False,False
4WE_PAIR_013_V04,4WE_PAIR_013_V04__PLAYER,Player,T52_S003__BASELINE,BASELINE,2,EEVEE_ENERGY_ADVANTAGE,HIGH_ACTING_ENERGY,ENERGY_STATE,Increase the acting Pokémon to four attached energy.,"['Ascension', 'Quick Attack']",Ascension | Quick Attack,2,4.0,2.0,2.0,Quick Attack,0.718,0.182,0.536,True,False,0.714,0.186,0.528,Quick Attack,0.0040000000000000036,-0.0040000000000000036,0.008000000000000007,False,False
4WE_PAIR_013_V04,4WE_PAIR_013_V04__PLAYER,Player,T52_S003__BASELINE,BASELINE,2,EEVEE_ENERGY_ADVANTAGE,ACTING_ENERGY_DISADVANTAGE,ENERGY_STATE,Set acting energy to two and opposing energy to four.,"['Ascension', 'Quick Attack']",Ascension | Quick Attack,2,2.0,4.0,-2.0,Quick Attack,0.712,0.19,0.522,True,False,0.714,0.186,0.528,Quick Attack,-0.0020000000000000018,0.0040000000000000036,-0.006000000000000005,False,False
4WE_PAIR_013_V04,4WE_PAIR_013_V04__PLAYER,Player,T52_S003__BASELINE,BASELINE,2,EEVEE_ENERGY_ADVANTAGE,ACTING_ENERGY_ADVANTAGE,ENERGY_STATE,Set acting energy to four and opposing energy to one.,"['Ascension', 'Quick Attack']",Ascension | Quick Attack,2,4.0,1.0,3.0,Quick Attack,0.714,0.184,0.53,True,False,0.714,0.186,0.528,Quick Attack,0.0,-0.0020000000000000018,0.0020000000000000018,False,False
4WE_PAIR_013_V04,4WE_PAIR_013_V04__PLAYER,Player,T52_S003__BASELINE,BASELINE,2,EEVEE_ENERGY_ADVANTAGE,EARLY_TURN,TURN_STATE,Force the decision context to turn one.,"['Ascension', 'Quick Attack']",Ascension | Quick Attack,1,3.0,2.0,1.0,Quick Attack,0.704,0.174,0.53,True,False,0.714,0.186,0.528,Quick Attack,-0.010000000000000009,-0.01200000000000001,0.0020000000000000018,False,False
4WE_PAIR_013_V04,4WE_PAIR_013_V04__PLAYER,Player,T52_S003__BASELINE,BASELINE,2,EEVEE_ENERGY_ADVANTAGE,LATE_TURN,TURN_STATE,Force the decision context to turn twelve.,"['Ascension', 'Quick Attack']",Ascension | Quick Attack,12,3.0,2.0,1.0,Quick Attack,0.72,0.178,0.542,True,False,0.714,0.186,0.528,Quick Attack,0.006000000000000005,-0.008000000000000007,0.014000000000000012,False,False
4WE_PAIR_014_V01,4WE_PAIR_014_V01__OPPONENT,Opponent,T52_S003__BASELINE,BASELINE,4,OBSERVED_ENERGY_CONTEXT,BASELINE,BASELINE,Preserve the original expanded case exactly.,"['Ascension', 'Quick Attack']",Ascension | Quick Attack,4,3.0,3.0,0.0,Quick Attack,0.712,0.188,0.524,True,False,0.712,0.188,0.524,Quick Attack,0.0,0.0,0.0,False,False
4WE_PAIR_014_V01,4WE_PAIR_014_V01__OPPONENT,Opponent,T52_S003__BASELINE,BASELINE,4,OBSERVED_ENERGY_CONTEXT,LEGAL_SIGNATURE_ASCENSION_ONLY,LEGAL_STRUCTURE,Expose Ascension as the only legal action.,['Ascension'],Ascension,4,3.0,3.0,0.0,Ascension,0.042,0.65,-0.608,False,True,0.712,0.188,0.524,Quick Attack,-0.6699999999999999,0.462,-1.1320000000000001,True,True
4WE_PAIR_014_V01,4WE_PAIR_014_V01__OPPONENT,Opponent,T52_S003__BASELINE,BASELINE,4,OBSERVED_ENERGY_CONTEXT,LEGAL_SIGNATURE_QUICK_ATTACK_ONLY,LEGAL_STRUCTURE,Expose Quick Attack as the only legal action.,['Quick Attack'],Quick Attack,4,3.0,3.0,0.0,Ascension,0.156,0.406,-0.25,False,True,0.712,0.188,0.524,Quick Attack,-0.5559999999999999,0.21800000000000003,-0.774,True,True
4WE_PAIR_014_V01,4WE_PAIR_014_V01__OPPONENT,Opponent,T52_S003__BASELINE,BASELINE,4,OBSERVED_ENERGY_CONTEXT,LOW_ACTING_ENERGY,ENERGY_STATE,Reduce the acting Pokémon to one attached energy.,"['Ascension', 'Quick Attack']",Ascension | Quick Attack,4,1.0,3.0,-2.0,Quick Attack,0.704,0.196,0.508,True,False,0.712,0.188,0.524,Quick Attack,-0.008000000000000007,0.008000000000000007,-0.016000000000000014,False,False
4WE_PAIR_014_V01,4WE_PAIR_014_V01__OPPONENT,Opponent,T52_S003__BASELINE,BASELINE,4,OBSERVED_ENERGY_CONTEXT,HIGH_ACTING_ENERGY,ENERGY_STATE,Increase the acting Pokémon to four attached energy.,"['Ascension', 'Quick Attack']",Ascension | Quick Attack,4,4.0,3.0,1.0,Quick Attack,0.718,0.182,0.536,True,False,0.712,0.188,0.524,Quick Attack,0.006000000000000005,-0.006000000000000005,0.01200000000000001,False,False
4WE_PAIR_014_V01,4WE_PAIR_014_V01__OPPONENT,Opponent,T52_S003__BASELINE,BASELINE,4,OBSERVED_ENERGY_CONTEXT,ACTING_ENERGY_DISADVANTAGE,ENERGY_STATE,Set acting energy to two and opposing energy to four.,"['Ascension', 'Quick Attack']",Ascension | Quick Attack,4,2.0,4.0,-2.0,Quick Attack,0.708,0.194,0.514,True,False,0.712,0.188,0.524,Quick Attack,-0.0040000000000000036,0.006000000000000005,-0.010000000000000009,False,False
4WE_PAIR_014_V01,4WE_PAIR_014_V01__OPPONENT,Opponent,T52_S003__BASELINE,BASELINE,4,OBSERVED_ENERGY_CONTEXT,ACTING_ENERGY_ADVANTAGE,ENERGY_STATE,Set acting energy to four and opposing energy to one.,"['Ascension', 'Quick Attack']",Ascension | Quick Attack,4,4.0,1.0,3.0,Quick Attack,0.714,0.186,0.528,True,False,0.712,0.188,0.524,Quick Attack,0.0020000000000000018,-0.0020000000000000018,0.0040000000000000036,False,False
4WE_PAIR_014_V01,4WE_PAIR_014_V01__OPPONENT,Opponent,T52_S003__BASELINE,BASELINE,4,OBSERVED_ENERGY_CONTEXT,EARLY_TURN,TURN_STATE,Force the decision context to turn one.,"['Ascension', 'Quick Attack']",Ascension | Quick Attack,1,3.0,3.0,0.0,Quick Attack,0.702,0.176,0.526,True,False,0.712,0.188,0.524,Quick Attack,-0.010000000000000009,-0.01200000000000001,0.0020000000000000018,False,False
4WE_PAIR_014_V01,4WE_PAIR_014_V01__OPPONENT,Opponent,T52_S003__BASELINE,BASELINE,4,OBSERVED_ENERGY_CONTEXT,LATE_TURN,TURN_STATE,Force the decision context to turn twelve.,"['Ascension', 'Quick Attack']",Ascension | Quick Attack,12,3.0,3.0,0.0,Quick Attack,0.718,0.18,0.538,True,False,0.712,0.188,0.524,Quick Attack,0.006000000000000005,-0.008000000000000007,0.014000000000000012,False,False
4WE_PAIR_014_V01,4WE_PAIR_014_V01__PLAYER,Player,T52_S003__BASELINE,BASELINE,4,OBSERVED_ENERGY_CONTEXT,BASELINE,BASELINE,Preserve the original expanded case exactly.,"['Ascension', 'Quick Attack']",Ascension | Quick Attack,4,3.0,3.0,0.0,Quick Attack,0.714,0.186,0.528,True,False,0.714,0.186,0.528,Quick Attack,0.0,0.0,0.0,False,False
4WE_PAIR_014_V01,4WE_PAIR_014_V01__PLAYER,Player,T52_S003__BASELINE,BASELINE,4,OBSERVED_ENERGY_CONTEXT,LEGAL_SIGNATURE_ASCENSION_ONLY,LEGAL_STRUCTURE,Expose Ascension as the only legal action.,['Ascension'],Ascension,4,3.0,3.0,0.0,Ascension,0.042,0.648,-0.606,False,True,0.714,0.186,0.528,Quick Attack,-0.6719999999999999,0.462,-1.134,True,True
4WE_PAIR_014_V01,4WE_PAIR_014_V01__PLAYER,Player,T52_S003__BASELINE,BASELINE,4,OBSERVED_ENERGY_CONTEXT,LEGAL_SIGNATURE_QUICK_ATTACK_ONLY,LEGAL_STRUCTURE,Expose Quick Attack as the only legal action.,['Quick Attack'],Quick Attack,4,3.0,3.0,0.0,Ascension,0.156,0.404,-0.24800000000000003,False,True,0.714,0.186,0.528,Quick Attack,-0.5579999999999999,0.21800000000000003,-0.776,True,True
4WE_PAIR_014_V01,4WE_PAIR_014_V01__PLAYER,Player,T52_S003__BASELINE,BASELINE,4,OBSERVED_ENERGY_CONTEXT,LOW_ACTING_ENERGY,ENERGY_STATE,Reduce the acting Pokémon to one attached energy.,"['Ascension', 'Quick Attack']",Ascension | Quick Attack,4,1.0,3.0,-2.0,Quick Attack,0.706,0.196,0.51,True,False,0.714,0.186,0.528,Quick Attack,-0.008000000000000007,0.010000000000000009,-0.018000000000000016,False,False
4WE_PAIR_014_V01,4WE_PAIR_014_V01__PLAYER,Player,T52_S003__BASELINE,BASELINE,4,OBSERVED_ENERGY_CONTEXT,HIGH_ACTING_ENERGY,ENERGY_STATE,Increase the acting Pokémon to four attached energy.,"['Ascension', 'Quick Attack']",Ascension | Quick Attack,4,4.0,3.0,1.0,Quick Attack,0.718,0.182,0.536,True,False,0.714,0.186,0.528,Quick Attack,0.0040000000000000036,-0.0040000000000000036,0.008000000000000007,False,False
4WE_PAIR_014_V01,4WE_PAIR_014_V01__PLAYER,Player,T52_S003__BASELINE,BASELINE,4,OBSERVED_ENERGY_CONTEXT,ACTING_ENERGY_DISADVANTAGE,ENERGY_STATE,Set acting energy to two and opposing energy to four.,"['Ascension', 'Quick Attack']",Ascension | Quick Attack,4,2.0,4.0,-2.0,Quick Attack,0.712,0.19,0.522,True,False,0.714,0.186,0.528,Quick Attack,-0.0020000000000000018,0.0040000000000000036,-0.006000000000000005,False,False
4WE_PAIR_014_V01,4WE_PAIR_014_V01__PLAYER,Player,T52_S003__BASELINE,BASELINE,4,OBSERVED_ENERGY_CONTEXT,ACTING_ENERGY_ADVANTAGE,ENERGY_STATE,Set acting energy to four and opposing energy to one.,"['Ascension', 'Quick Attack']",Ascension | Quick Attack,4,4.0,1.0,3.0,Quick Attack,0.714,0.184,0.53,True,False,0.714,0.186,0.528,Quick Attack,0.0,-0.0020000000000000018,0.0020000000000000018,False,False
4WE_PAIR_014_V01,4WE_PAIR_014_V01__PLAYER,Player,T52_S003__BASELINE,BASELINE,4,OBSERVED_ENERGY_CONTEXT,EARLY_TURN,TURN_STATE,Force the decision context to turn one.,"['Ascension', 'Quick Attack']",Ascension | Quick Attack,1,3.0,3.0,0.0,Quick Attack,0.704,0.174,0.53,True,False,0.714,0.186,0.528,Quick Attack,-0.010000000000000009,-0.01200000000000001,0.0020000000000000018,False,False
4WE_PAIR_014_V01,4WE_PAIR_014_V01__PLAYER,Player,T52_S003__BASELINE,BASELINE,4,OBSERVED_ENERGY_CONTEXT,LATE_TURN,TURN_STATE,Force the decision context to turn twelve.,"['Ascension', 'Quick Attack']",Ascension | Quick Attack,12,3.0,3.0,0.0,Quick Attack,0.72,0.178,0.542,True,False,0.714,0.186,0.528,Quick Attack,0.006000000000000005,-0.008000000000000007,0.014000000000000012,False,False
4WE_PAIR_014_V02,4WE_PAIR_014_V02__OPPONENT,Opponent,T52_S003__BASELINE,BASELINE,4,MINIMUM_MULTI_ACTION_ENERGY,BASELINE,BASELINE,Preserve the original expanded case exactly.,"['Ascension', 'Quick Attack']",Ascension | Quick Attack,4,2.0,3.0,-1.0,Quick Attack,0.706,0.196,0.51,True,False,0.706,0.196,0.51,Quick Attack,0.0,0.0,0.0,False,False
4WE_PAIR_014_V02,4WE_PAIR_014_V02__OPPONENT,Opponent,T52_S003__BASELINE,BASELINE,4,MINIMUM_MULTI_ACTION_ENERGY,LEGAL_SIGNATURE_ASCENSION_ONLY,LEGAL_STRUCTURE,Expose Ascension as the only legal action.,['Ascension'],Ascension,4,2.0,3.0,-1.0,Ascension,0.04,0.658,-0.618,False,True,0.706,0.196,0.51,Quick Attack,-0.6659999999999999,0.462,-1.1280000000000001,True,True
4WE_PAIR_014_V02,4WE_PAIR_014_V02__OPPONENT,Opponent,T52_S003__BASELINE,BASELINE,4,MINIMUM_MULTI_ACTION_ENERGY,LEGAL_SIGNATURE_QUICK_ATTACK_ONLY,LEGAL_STRUCTURE,Expose Quick Attack as the only legal action.,['Quick Attack'],Quick Attack,4,2.0,3.0,-1.0,Ascension,0.152,0.412,-0.26,False,True,0.706,0.196,0.51,Quick Attack,-0.5539999999999999,0.21599999999999997,-0.77,True,True
4WE_PAIR_014_V02,4WE_PAIR_014_V02__OPPONENT,Opponent,T52_S003__BASELINE,BASELINE,4,MINIMUM_MULTI_ACTION_ENERGY,LOW_ACTING_ENERGY,ENERGY_STATE,Reduce the acting Pokémon to one attached energy.,"['Ascension', 'Quick Attack']",Ascension | Quick Attack,4,1.0,3.0,-2.0,Quick Attack,0.704,0.196,0.508,True,False,0.706,0.196,0.51,Quick Attack,-0.0020000000000000018,0.0,-0.0020000000000000018,False,False
4WE_PAIR_014_V02,4WE_PAIR_014_V02__OPPONENT,Opponent,T52_S003__BASELINE,BASELINE,4,MINIMUM_MULTI_ACTION_ENERGY,HIGH_ACTING_ENERGY,ENERGY_STATE,Increase the acting Pokémon to four attached energy.,"['Ascension', 'Quick Attack']",Ascension | Quick Attack,4,4.0,3.0,1.0,Quick Attack,0.718,0.182,0.536,True,False,0.706,0.196,0.51,Quick Attack,0.01200000000000001,-0.014000000000000012,0.026000000000000023,False,False
4WE_PAIR_014_V02,4WE_PAIR_014_V02__OPPONENT,Opponent,T52_S003__BASELINE,BASELINE,4,MINIMUM_MULTI_ACTION_ENERGY,ACTING_ENERGY_DISADVANTAGE,ENERGY_STATE,Set acting energy to two and opposing energy to four.,"['Ascension', 'Quick Attack']",Ascension | Quick Attack,4,2.0,4.0,-2.0,Quick Attack,0.708,0.194,0.514,True,False,0.706,0.196,0.51,Quick Attack,0.0020000000000000018,-0.0020000000000000018,0.0040000000000000036,False,False
4WE_PAIR_014_V02,4WE_PAIR_014_V02__OPPONENT,Opponent,T52_S003__BASELINE,BASELINE,4,MINIMUM_MULTI_ACTION_ENERGY,ACTING_ENERGY_ADVANTAGE,ENERGY_STATE,Set acting energy to four and opposing energy to one.,"['Ascension', 'Quick Attack']",Ascension | Quick Attack,4,4.0,1.0,3.0,Quick Attack,0.714,0.186,0.528,True,False,0.706,0.196,0.51,Quick Attack,0.008000000000000007,-0.010000000000000009,0.018000000000000016,False,False
4WE_PAIR_014_V02,4WE_PAIR_014_V02__OPPONENT,Opponent,T52_S003__BASELINE,BASELINE,4,MINIMUM_MULTI_ACTION_ENERGY,EARLY_TURN,TURN_STATE,Force the decision context to turn one.,"['Ascension', 'Quick Attack']",Ascension | Quick Attack,1,2.0,3.0,-1.0,Quick Attack,0.696,0.184,0.512,True,False,0.706,0.196,0.51,Quick Attack,-0.010000000000000009,-0.01200000000000001,0.0020000000000000018,False,False
4WE_PAIR_014_V02,4WE_PAIR_014_V02__OPPONENT,Opponent,T52_S003__BASELINE,BASELINE,4,MINIMUM_MULTI_ACTION_ENERGY,LATE_TURN,TURN_STATE,Force the decision context to turn twelve.,"['Ascension', 'Quick Attack']",Ascension | Quick Attack,12,2.0,3.0,-1.0,Quick Attack,0.712,0.188,0.524,True,False,0.706,0.196,0.51,Quick Attack,0.006000000000000005,-0.008000000000000007,0.014000000000000012,False,False
4WE_PAIR_014_V02,4WE_PAIR_014_V02__PLAYER,Player,T52_S003__BASELINE,BASELINE,4,MINIMUM_MULTI_ACTION_ENERGY,BASELINE,BASELINE,Preserve the original expanded case exactly.,"['Ascension', 'Quick Attack']",Ascension | Quick Attack,4,2.0,3.0,-1.0,Quick Attack,0.708,0.194,0.514,True,False,0.708,0.194,0.514,Quick Attack,0.0,0.0,0.0,False,False
4WE_PAIR_014_V02,4WE_PAIR_014_V02__PLAYER,Player,T52_S003__BASELINE,BASELINE,4,MINIMUM_MULTI_ACTION_ENERGY,LEGAL_SIGNATURE_ASCENSION_ONLY,LEGAL_STRUCTURE,Expose Ascension as the only legal action.,['Ascension'],Ascension,4,2.0,3.0,-1.0,Ascension,0.04,0.656,-0.616,False,True,0.708,0.194,0.514,Quick Attack,-0.6679999999999999,0.462,-1.13,True,True
4WE_PAIR_014_V02,4WE_PAIR_014_V02__PLAYER,Player,T52_S003__BASELINE,BASELINE,4,MINIMUM_MULTI_ACTION_ENERGY,LEGAL_SIGNATURE_QUICK_ATTACK_ONLY,LEGAL_STRUCTURE,Expose Quick Attack as the only legal action.,['Quick Attack'],Quick Attack,4,2.0,3.0,-1.0,Ascension,0.152,0.41,-0.258,False,True,0.708,0.194,0.514,Quick Attack,-0.5559999999999999,0.21599999999999997,-0.772,True,True
4WE_PAIR_014_V02,4WE_PAIR_014_V02__PLAYER,Player,T52_S003__BASELINE,BASELINE,4,MINIMUM_MULTI_ACTION_ENERGY,LOW_ACTING_ENERGY,ENERGY_STATE,Reduce the acting Pokémon to one attached energy.,"['Ascension', 'Quick Attack']",Ascension | Quick Attack,4,1.0,3.0,-2.0,Quick Attack,0.706,0.196,0.51,True,False,0.708,0.194,0.514,Quick Attack,-0.0020000000000000018,0.0020000000000000018,-0.0040000000000000036,False,False
4WE_PAIR_014_V02,4WE_PAIR_014_V02__PLAYER,Player,T52_S003__BASELINE,BASELINE,4,MINIMUM_MULTI_ACTION_ENERGY,HIGH_ACTING_ENERGY,ENERGY_STATE,Increase the acting Pokémon to four attached energy.,"['Ascension', 'Quick Attack']",Ascension | Quick Attack,4,4.0,3.0,1.0,Quick Attack,0.718,0.182,0.536,True,False,0.708,0.194,0.514,Quick Attack,0.010000000000000009,-0.01200000000000001,0.02200000000000002,False,False
4WE_PAIR_014_V02,4WE_PAIR_014_V02__PLAYER,Player,T52_S003__BASELINE,BASELINE,4,MINIMUM_MULTI_ACTION_ENERGY,ACTING_ENERGY_DISADVANTAGE,ENERGY_STATE,Set acting energy to two and opposing energy to four.,"['Ascension', 'Quick Attack']",Ascension | Quick Attack,4,2.0,4.0,-2.0,Quick Attack,0.712,0.19,0.522,True,False,0.708,0.194,0.514,Quick Attack,0.0040000000000000036,-0.0040000000000000036,0.008000000000000007,False,False
4WE_PAIR_014_V02,4WE_PAIR_014_V02__PLAYER,Player,T52_S003__BASELINE,BASELINE,4,MINIMUM_MULTI_ACTION_ENERGY,ACTING_ENERGY_ADVANTAGE,ENERGY_STATE,Set acting energy to four and opposing energy to one.,"['Ascension', 'Quick Attack']",Ascension | Quick Attack,4,4.0,1.0,3.0,Quick Attack,0.714,0.184,0.53,True,False,0.708,0.194,0.514,Quick Attack,0.006000000000000005,-0.010000000000000009,0.016000000000000014,False,False
4WE_PAIR_014_V02,4WE_PAIR_014_V02__PLAYER,Player,T52_S003__BASELINE,BASELINE,4,MINIMUM_MULTI_ACTION_ENERGY,EARLY_TURN,TURN_STATE,Force the decision context to turn one.,"['Ascension', 'Quick Attack']",Ascension | Quick Attack,1,2.0,3.0,-1.0,Quick Attack,0.698,0.182,0.516,True,False,0.708,0.194,0.514,Quick Attack,-0.010000000000000009,-0.01200000000000001,0.0020000000000000018,False,False
4WE_PAIR_014_V02,4WE_PAIR_014_V02__PLAYER,Player,T52_S003__BASELINE,BASELINE,4,MINIMUM_MULTI_ACTION_ENERGY,LATE_TURN,TURN_STATE,Force the decision context to turn twelve.,"['Ascension', 'Quick Attack']",Ascension | Quick Attack,12,2.0,3.0,-1.0,Quick Attack,0.714,0.186,0.528,True,False,0.708,0.194,0.514,Quick Attack,0.006000000000000005,-0.008000000000000007,0.014000000000000012,False,False
4WE_PAIR_014_V03,4WE_PAIR_014_V03__OPPONENT,Opponent,T52_S003__BASELINE,BASELINE,4,SYMMETRIC_TWO_ENERGY,BASELINE,BASELINE,Preserve the original expanded case exactly.,"['Ascension', 'Quick Attack']",Ascension | Quick Attack,4,2.0,2.0,0.0,Quick Attack,0.706,0.196,0.51,True,False,0.706,0.196,0.51,Quick Attack,0.0,0.0,0.0,False,False
4WE_PAIR_014_V03,4WE_PAIR_014_V03__OPPONENT,Opponent,T52_S003__BASELINE,BASELINE,4,SYMMETRIC_TWO_ENERGY,LEGAL_SIGNATURE_ASCENSION_ONLY,LEGAL_STRUCTURE,Expose Ascension as the only legal action.,['Ascension'],Ascension,4,2.0,2.0,0.0,Ascension,0.04,0.658,-0.618,False,True,0.706,0.196,0.51,Quick Attack,-0.6659999999999999,0.462,-1.1280000000000001,True,True
4WE_PAIR_014_V03,4WE_PAIR_014_V03__OPPONENT,Opponent,T52_S003__BASELINE,BASELINE,4,SYMMETRIC_TWO_ENERGY,LEGAL_SIGNATURE_QUICK_ATTACK_ONLY,LEGAL_STRUCTURE,Expose Quick Attack as the only legal action.,['Quick Attack'],Quick Attack,4,2.0,2.0,0.0,Ascension,0.152,0.412,-0.26,False,True,0.706,0.196,0.51,Quick Attack,-0.5539999999999999,0.21599999999999997,-0.77,True,True
4WE_PAIR_014_V03,4WE_PAIR_014_V03__OPPONENT,Opponent,T52_S003__BASELINE,BASELINE,4,SYMMETRIC_TWO_ENERGY,LOW_ACTING_ENERGY,ENERGY_STATE,Reduce the acting Pokémon to one attached energy.,"['Ascension', 'Quick Attack']",Ascension | Quick Attack,4,1.0,2.0,-1.0,Quick Attack,0.704,0.196,0.508,True,False,0.706,0.196,0.51,Quick Attack,-0.0020000000000000018,0.0,-0.0020000000000000018,False,False
4WE_PAIR_014_V03,4WE_PAIR_014_V03__OPPONENT,Opponent,T52_S003__BASELINE,BASELINE,4,SYMMETRIC_TWO_ENERGY,HIGH_ACTING_ENERGY,ENERGY_STATE,Increase the acting Pokémon to four attached energy.,"['Ascension', 'Quick Attack']",Ascension | Quick Attack,4,4.0,2.0,2.0,Quick Attack,0.718,0.182,0.536,True,False,0.706,0.196,0.51,Quick Attack,0.01200000000000001,-0.014000000000000012,0.026000000000000023,False,False
4WE_PAIR_014_V03,4WE_PAIR_014_V03__OPPONENT,Opponent,T52_S003__BASELINE,BASELINE,4,SYMMETRIC_TWO_ENERGY,ACTING_ENERGY_DISADVANTAGE,ENERGY_STATE,Set acting energy to two and opposing energy to four.,"['Ascension', 'Quick Attack']",Ascension | Quick Attack,4,2.0,4.0,-2.0,Quick Attack,0.708,0.194,0.514,True,False,0.706,0.196,0.51,Quick Attack,0.0020000000000000018,-0.0020000000000000018,0.0040000000000000036,False,False
4WE_PAIR_014_V03,4WE_PAIR_014_V03__OPPONENT,Opponent,T52_S003__BASELINE,BASELINE,4,SYMMETRIC_TWO_ENERGY,ACTING_ENERGY_ADVANTAGE,ENERGY_STATE,Set acting energy to four and opposing energy to one.,"['Ascension', 'Quick Attack']",Ascension | Quick Attack,4,4.0,1.0,3.0,Quick Attack,0.714,0.186,0.528,True,False,0.706,0.196,0.51,Quick Attack,0.008000000000000007,-0.010000000000000009,0.018000000000000016,False,False
4WE_PAIR_014_V03,4WE_PAIR_014_V03__OPPONENT,Opponent,T52_S003__BASELINE,BASELINE,4,SYMMETRIC_TWO_ENERGY,EARLY_TURN,TURN_STATE,Force the decision context to turn one.,"['Ascension', 'Quick Attack']",Ascension | Quick Attack,1,2.0,2.0,0.0,Quick Attack,0.696,0.184,0.512,True,False,0.706,0.196,0.51,Quick Attack,-0.010000000000000009,-0.01200000000000001,0.0020000000000000018,False,False
4WE_PAIR_014_V03,4WE_PAIR_014_V03__OPPONENT,Opponent,T52_S003__BASELINE,BASELINE,4,SYMMETRIC_TWO_ENERGY,LATE_TURN,TURN_STATE,Force the decision context to turn twelve.,"['Ascension', 'Quick Attack']",Ascension | Quick Attack,12,2.0,2.0,0.0,Quick Attack,0.712,0.188,0.524,True,False,0.706,0.196,0.51,Quick Attack,0.006000000000000005,-0.008000000000000007,0.014000000000000012,False,False
4WE_PAIR_014_V03,4WE_PAIR_014_V03__PLAYER,Player,T52_S003__BASELINE,BASELINE,4,SYMMETRIC_TWO_ENERGY,BASELINE,BASELINE,Preserve the original expanded case exactly.,"['Ascension', 'Quick Attack']",Ascension | Quick Attack,4,2.0,2.0,0.0,Quick Attack,0.708,0.194,0.514,True,False,0.708,0.194,0.514,Quick Attack,0.0,0.0,0.0,False,False
4WE_PAIR_014_V03,4WE_PAIR_014_V03__PLAYER,Player,T52_S003__BASELINE,BASELINE,4,SYMMETRIC_TWO_ENERGY,LEGAL_SIGNATURE_ASCENSION_ONLY,LEGAL_STRUCTURE,Expose Ascension as the only legal action.,['Ascension'],Ascension,4,2.0,2.0,0.0,Ascension,0.04,0.656,-0.616,False,True,0.708,0.194,0.514,Quick Attack,-0.6679999999999999,0.462,-1.13,True,True
4WE_PAIR_014_V03,4WE_PAIR_014_V03__PLAYER,Player,T52_S003__BASELINE,BASELINE,4,SYMMETRIC_TWO_ENERGY,LEGAL_SIGNATURE_QUICK_ATTACK_ONLY,LEGAL_STRUCTURE,Expose Quick Attack as the only legal action.,['Quick Attack'],Quick Attack,4,2.0,2.0,0.0,Ascension,0.152,0.41,-0.258,False,True,0.708,0.194,0.514,Quick Attack,-0.5559999999999999,0.21599999999999997,-0.772,True,True
4WE_PAIR_014_V03,4WE_PAIR_014_V03__PLAYER,Player,T52_S003__BASELINE,BASELINE,4,SYMMETRIC_TWO_ENERGY,LOW_ACTING_ENERGY,ENERGY_STATE,Reduce the acting Pokémon to one attached energy.,"['Ascension', 'Quick Attack']",Ascension | Quick Attack,4,1.0,2.0,-1.0,Quick Attack,0.706,0.196,0.51,True,False,0.708,0.194,0.514,Quick Attack,-0.0020000000000000018,0.0020000000000000018,-0.0040000000000000036,False,False
4WE_PAIR_014_V03,4WE_PAIR_014_V03__PLAYER,Player,T52_S003__BASELINE,BASELINE,4,SYMMETRIC_TWO_ENERGY,HIGH_ACTING_ENERGY,ENERGY_STATE,Increase the acting Pokémon to four attached energy.,"['Ascension', 'Quick Attack']",Ascension | Quick Attack,4,4.0,2.0,2.0,Quick Attack,0.718,0.182,0.536,True,False,0.708,0.194,0.514,Quick Attack,0.010000000000000009,-0.01200000000000001,0.02200000000000002,False,False
4WE_PAIR_014_V03,4WE_PAIR_014_V03__PLAYER,Player,T52_S003__BASELINE,BASELINE,4,SYMMETRIC_TWO_ENERGY,ACTING_ENERGY_DISADVANTAGE,ENERGY_STATE,Set acting energy to two and opposing energy to four.,"['Ascension', 'Quick Attack']",Ascension | Quick Attack,4,2.0,4.0,-2.0,Quick Attack,0.712,0.19,0.522,True,False,0.708,0.194,0.514,Quick Attack,0.0040000000000000036,-0.0040000000000000036,0.008000000000000007,False,False
4WE_PAIR_014_V03,4WE_PAIR_014_V03__PLAYER,Player,T52_S003__BASELINE,BASELINE,4,SYMMETRIC_TWO_ENERGY,ACTING_ENERGY_ADVANTAGE,ENERGY_STATE,Set acting energy to four and opposing energy to one.,"['Ascension', 'Quick Attack']",Ascension | Quick Attack,4,4.0,1.0,3.0,Quick Attack,0.714,0.184,0.53,True,False,0.708,0.194,0.514,Quick Attack,0.006000000000000005,-0.010000000000000009,0.016000000000000014,False,False
4WE_PAIR_014_V03,4WE_PAIR_014_V03__PLAYER,Player,T52_S003__BASELINE,BASELINE,4,SYMMETRIC_TWO_ENERGY,EARLY_TURN,TURN_STATE,Force the decision context to turn one.,"['Ascension', 'Quick Attack']",Ascension | Quick Attack,1,2.0,2.0,0.0,Quick Attack,0.698,0.182,0.516,True,False,0.708,0.194,0.514,Quick Attack,-0.010000000000000009,-0.01200000000000001,0.0020000000000000018,False,False
4WE_PAIR_014_V03,4WE_PAIR_014_V03__PLAYER,Player,T52_S003__BASELINE,BASELINE,4,SYMMETRIC_TWO_ENERGY,LATE_TURN,TURN_STATE,Force the decision context to turn twelve.,"['Ascension', 'Quick Attack']",Ascension | Quick Attack,12,2.0,2.0,0.0,Quick Attack,0.714,0.186,0.528,True,False,0.708,0.194,0.514,Quick Attack,0.006000000000000005,-0.008000000000000007,0.014000000000000012,False,False
4WE_PAIR_014_V04,4WE_PAIR_014_V04__OPPONENT,Opponent,T52_S003__BASELINE,BASELINE,4,EEVEE_ENERGY_ADVANTAGE,BASELINE,BASELINE,Preserve the original expanded case exactly.,"['Ascension', 'Quick Attack']",Ascension | Quick Attack,4,3.0,2.0,1.0,Quick Attack,0.712,0.188,0.524,True,False,0.712,0.188,0.524,Quick Attack,0.0,0.0,0.0,False,False
4WE_PAIR_014_V04,4WE_PAIR_014_V04__OPPONENT,Opponent,T52_S003__BASELINE,BASELINE,4,EEVEE_ENERGY_ADVANTAGE,LEGAL_SIGNATURE_ASCENSION_ONLY,LEGAL_STRUCTURE,Expose Ascension as the only legal action.,['Ascension'],Ascension,4,3.0,2.0,1.0,Ascension,0.042,0.65,-0.608,False,True,0.712,0.188,0.524,Quick Attack,-0.6699999999999999,0.462,-1.1320000000000001,True,True
4WE_PAIR_014_V04,4WE_PAIR_014_V04__OPPONENT,Opponent,T52_S003__BASELINE,BASELINE,4,EEVEE_ENERGY_ADVANTAGE,LEGAL_SIGNATURE_QUICK_ATTACK_ONLY,LEGAL_STRUCTURE,Expose Quick Attack as the only legal action.,['Quick Attack'],Quick Attack,4,3.0,2.0,1.0,Ascension,0.156,0.406,-0.25,False,True,0.712,0.188,0.524,Quick Attack,-0.5559999999999999,0.21800000000000003,-0.774,True,True
4WE_PAIR_014_V04,4WE_PAIR_014_V04__OPPONENT,Opponent,T52_S003__BASELINE,BASELINE,4,EEVEE_ENERGY_ADVANTAGE,LOW_ACTING_ENERGY,ENERGY_STATE,Reduce the acting Pokémon to one attached energy.,"['Ascension', 'Quick Attack']",Ascension | Quick Attack,4,1.0,2.0,-1.0,Quick Attack,0.704,0.196,0.508,True,False,0.712,0.188,0.524,Quick Attack,-0.008000000000000007,0.008000000000000007,-0.016000000000000014,False,False
4WE_PAIR_014_V04,4WE_PAIR_014_V04__OPPONENT,Opponent,T52_S003__BASELINE,BASELINE,4,EEVEE_ENERGY_ADVANTAGE,HIGH_ACTING_ENERGY,ENERGY_STATE,Increase the acting Pokémon to four attached energy.,"['Ascension', 'Quick Attack']",Ascension | Quick Attack,4,4.0,2.0,2.0,Quick Attack,0.718,0.182,0.536,True,False,0.712,0.188,0.524,Quick Attack,0.006000000000000005,-0.006000000000000005,0.01200000000000001,False,False
4WE_PAIR_014_V04,4WE_PAIR_014_V04__OPPONENT,Opponent,T52_S003__BASELINE,BASELINE,4,EEVEE_ENERGY_ADVANTAGE,ACTING_ENERGY_DISADVANTAGE,ENERGY_STATE,Set acting energy to two and opposing energy to four.,"['Ascension', 'Quick Attack']",Ascension | Quick Attack,4,2.0,4.0,-2.0,Quick Attack,0.708,0.194,0.514,True,False,0.712,0.188,0.524,Quick Attack,-0.0040000000000000036,0.006000000000000005,-0.010000000000000009,False,False
4WE_PAIR_014_V04,4WE_PAIR_014_V04__OPPONENT,Opponent,T52_S003__BASELINE,BASELINE,4,EEVEE_ENERGY_ADVANTAGE,ACTING_ENERGY_ADVANTAGE,ENERGY_STATE,Set acting energy to four and opposing energy to one.,"['Ascension', 'Quick Attack']",Ascension | Quick Attack,4,4.0,1.0,3.0,Quick Attack,0.714,0.186,0.528,True,False,0.712,0.188,0.524,Quick Attack,0.0020000000000000018,-0.0020000000000000018,0.0040000000000000036,False,False
4WE_PAIR_014_V04,4WE_PAIR_014_V04__OPPONENT,Opponent,T52_S003__BASELINE,BASELINE,4,EEVEE_ENERGY_ADVANTAGE,EARLY_TURN,TURN_STATE,Force the decision context to turn one.,"['Ascension', 'Quick Attack']",Ascension | Quick Attack,1,3.0,2.0,1.0,Quick Attack,0.702,0.176,0.526,True,False,0.712,0.188,0.524,Quick Attack,-0.010000000000000009,-0.01200000000000001,0.0020000000000000018,False,False
4WE_PAIR_014_V04,4WE_PAIR_014_V04__OPPONENT,Opponent,T52_S003__BASELINE,BASELINE,4,EEVEE_ENERGY_ADVANTAGE,LATE_TURN,TURN_STATE,Force the decision context to turn twelve.,"['Ascension', 'Quick Attack']",Ascension | Quick Attack,12,3.0,2.0,1.0,Quick Attack,0.718,0.18,0.538,True,False,0.712,0.188,0.524,Quick Attack,0.006000000000000005,-0.008000000000000007,0.014000000000000012,False,False
4WE_PAIR_014_V04,4WE_PAIR_014_V04__PLAYER,Player,T52_S003__BASELINE,BASELINE,4,EEVEE_ENERGY_ADVANTAGE,BASELINE,BASELINE,Preserve the original expanded case exactly.,"['Ascension', 'Quick Attack']",Ascension | Quick Attack,4,3.0,2.0,1.0,Quick Attack,0.714,0.186,0.528,True,False,0.714,0.186,0.528,Quick Attack,0.0,0.0,0.0,False,False
4WE_PAIR_014_V04,4WE_PAIR_014_V04__PLAYER,Player,T52_S003__BASELINE,BASELINE,4,EEVEE_ENERGY_ADVANTAGE,LEGAL_SIGNATURE_ASCENSION_ONLY,LEGAL_STRUCTURE,Expose Ascension as the only legal action.,['Ascension'],Ascension,4,3.0,2.0,1.0,Ascension,0.042,0.648,-0.606,False,True,0.714,0.186,0.528,Quick Attack,-0.6719999999999999,0.462,-1.134,True,True
4WE_PAIR_014_V04,4WE_PAIR_014_V04__PLAYER,Player,T52_S003__BASELINE,BASELINE,4,EEVEE_ENERGY_ADVANTAGE,LEGAL_SIGNATURE_QUICK_ATTACK_ONLY,LEGAL_STRUCTURE,Expose Quick Attack as the only legal action.,['Quick Attack'],Quick Attack,4,3.0,2.0,1.0,Ascension,0.156,0.404,-0.24800000000000003,False,True,0.714,0.186,0.528,Quick Attack,-0.5579999999999999,0.21800000000000003,-0.776,True,True
4WE_PAIR_014_V04,4WE_PAIR_014_V04__PLAYER,Player,T52_S003__BASELINE,BASELINE,4,EEVEE_ENERGY_ADVANTAGE,LOW_ACTING_ENERGY,ENERGY_STATE,Reduce the acting Pokémon to one attached energy.,"['Ascension', 'Quick Attack']",Ascension | Quick Attack,4,1.0,2.0,-1.0,Quick Attack,0.706,0.196,0.51,True,False,0.714,0.186,0.528,Quick Attack,-0.008000000000000007,0.010000000000000009,-0.018000000000000016,False,False
4WE_PAIR_014_V04,4WE_PAIR_014_V04__PLAYER,Player,T52_S003__BASELINE,BASELINE,4,EEVEE_ENERGY_ADVANTAGE,HIGH_ACTING_ENERGY,ENERGY_STATE,Increase the acting Pokémon to four attached energy.,"['Ascension', 'Quick Attack']",Ascension | Quick Attack,4,4.0,2.0,2.0,Quick Attack,0.718,0.182,0.536,True,False,0.714,0.186,0.528,Quick Attack,0.0040000000000000036,-0.0040000000000000036,0.008000000000000007,False,False
4WE_PAIR_014_V04,4WE_PAIR_014_V04__PLAYER,Player,T52_S003__BASELINE,BASELINE,4,EEVEE_ENERGY_ADVANTAGE,ACTING_ENERGY_DISADVANTAGE,ENERGY_STATE,Set acting energy to two and opposing energy to four.,"['Ascension', 'Quick Attack']",Ascension | Quick Attack,4,2.0,4.0,-2.0,Quick Attack,0.712,0.19,0.522,True,False,0.714,0.186,0.528,Quick Attack,-0.0020000000000000018,0.0040000000000000036,-0.006000000000000005,False,False
4WE_PAIR_014_V04,4WE_PAIR_014_V04__PLAYER,Player,T52_S003__BASELINE,BASELINE,4,EEVEE_ENERGY_ADVANTAGE,ACTING_ENERGY_ADVANTAGE,ENERGY_STATE,Set acting energy to four and opposing energy to one.,"['Ascension', 'Quick Attack']",Ascension | Quick Attack,4,4.0,1.0,3.0,Quick Attack,0.714,0.184,0.53,True,False,0.714,0.186,0.528,Quick Attack,0.0,-0.0020000000000000018,0.0020000000000000018,False,False
4WE_PAIR_014_V04,4WE_PAIR_014_V04__PLAYER,Player,T52_S003__BASELINE,BASELINE,4,EEVEE_ENERGY_ADVANTAGE,EARLY_TURN,TURN_STATE,Force the decision context to turn one.,"['Ascension', 'Quick Attack']",Ascension | Quick Attack,1,3.0,2.0,1.0,Quick Attack,0.704,0.174,0.53,True,False,0.714,0.186,0.528,Quick Attack,-0.010000000000000009,-0.01200000000000001,0.0020000000000000018,False,False
4WE_PAIR_014_V04,4WE_PAIR_014_V04__PLAYER,Player,T52_S003__BASELINE,BASELINE,4,EEVEE_ENERGY_ADVANTAGE,LATE_TURN,TURN_STATE,Force the decision context to turn twelve.,"['Ascension', 'Quick Attack']",Ascension | Quick Attack,12,3.0,2.0,1.0,Quick Attack,0.72,0.178,0.542,True,False,0.714,0.186,0.528,Quick Attack,0.006000000000000005,-0.008000000000000007,0.014000000000000012,False,False
4WE_PAIR_015_V01,4WE_PAIR_015_V01__OPPONENT,Opponent,T52_S003__HP_PRESSURE,HP_PRESSURE,2,OBSERVED_ENERGY_CONTEXT,BASELINE,BASELINE,Preserve the original expanded case exactly.,"['Ascension', 'Quick Attack']",Ascension | Quick Attack,2,3.0,3.0,0.0,Quick Attack,0.808,0.128,0.68,True,False,0.808,0.128,0.68,Quick Attack,0.0,0.0,0.0,False,False
4WE_PAIR_015_V01,4WE_PAIR_015_V01__OPPONENT,Opponent,T52_S003__HP_PRESSURE,HP_PRESSURE,2,OBSERVED_ENERGY_CONTEXT,LEGAL_SIGNATURE_ASCENSION_ONLY,LEGAL_STRUCTURE,Expose Ascension as the only legal action.,['Ascension'],Ascension,2,3.0,3.0,0.0,Ascension,0.088,0.644,-0.556,False,True,0.808,0.128,0.68,Quick Attack,-0.7200000000000001,0.516,-1.2360000000000002,True,True
4WE_PAIR_015_V01,4WE_PAIR_015_V01__OPPONENT,Opponent,T52_S003__HP_PRESSURE,HP_PRESSURE,2,OBSERVED_ENERGY_CONTEXT,LEGAL_SIGNATURE_QUICK_ATTACK_ONLY,LEGAL_STRUCTURE,Expose Quick Attack as the only legal action.,['Quick Attack'],Quick Attack,2,3.0,3.0,0.0,Ascension,0.208,0.402,-0.19400000000000003,False,True,0.808,0.128,0.68,Quick Attack,-0.6000000000000001,0.274,-0.8740000000000001,True,True
4WE_PAIR_015_V01,4WE_PAIR_015_V01__OPPONENT,Opponent,T52_S003__HP_PRESSURE,HP_PRESSURE,2,OBSERVED_ENERGY_CONTEXT,LOW_ACTING_ENERGY,ENERGY_STATE,Reduce the acting Pokémon to one attached energy.,"['Ascension', 'Quick Attack']",Ascension | Quick Attack,2,1.0,3.0,-2.0,Quick Attack,0.786,0.15,0.636,True,False,0.808,0.128,0.68,Quick Attack,-0.02200000000000002,0.021999999999999992,-0.04400000000000004,False,False
4WE_PAIR_015_V01,4WE_PAIR_015_V01__OPPONENT,Opponent,T52_S003__HP_PRESSURE,HP_PRESSURE,2,OBSERVED_ENERGY_CONTEXT,HIGH_ACTING_ENERGY,ENERGY_STATE,Increase the acting Pokémon to four attached energy.,"['Ascension', 'Quick Attack']",Ascension | Quick Attack,2,4.0,3.0,1.0,Quick Attack,0.808,0.128,0.68,True,False,0.808,0.128,0.68,Quick Attack,0.0,0.0,0.0,False,False
4WE_PAIR_015_V01,4WE_PAIR_015_V01__OPPONENT,Opponent,T52_S003__HP_PRESSURE,HP_PRESSURE,2,OBSERVED_ENERGY_CONTEXT,ACTING_ENERGY_DISADVANTAGE,ENERGY_STATE,Set acting energy to two and opposing energy to four.,"['Ascension', 'Quick Attack']",Ascension | Quick Attack,2,2.0,4.0,-2.0,Quick Attack,0.788,0.15,0.638,True,False,0.808,0.128,0.68,Quick Attack,-0.020000000000000018,0.021999999999999992,-0.04200000000000004,False,False
4WE_PAIR_015_V01,4WE_PAIR_015_V01__OPPONENT,Opponent,T52_S003__HP_PRESSURE,HP_PRESSURE,2,OBSERVED_ENERGY_CONTEXT,ACTING_ENERGY_ADVANTAGE,ENERGY_STATE,Set acting energy to four and opposing energy to one.,"['Ascension', 'Quick Attack']",Ascension | Quick Attack,2,4.0,1.0,3.0,Quick Attack,0.798,0.138,0.66,True,False,0.808,0.128,0.68,Quick Attack,-0.010000000000000009,0.010000000000000009,-0.020000000000000018,False,False
4WE_PAIR_015_V01,4WE_PAIR_015_V01__OPPONENT,Opponent,T52_S003__HP_PRESSURE,HP_PRESSURE,2,OBSERVED_ENERGY_CONTEXT,EARLY_TURN,TURN_STATE,Force the decision context to turn one.,"['Ascension', 'Quick Attack']",Ascension | Quick Attack,1,3.0,3.0,0.0,Quick Attack,0.796,0.12,0.676,True,False,0.808,0.128,0.68,Quick Attack,-0.01200000000000001,-0.008000000000000007,-0.0040000000000000036,False,False
4WE_PAIR_015_V01,4WE_PAIR_015_V01__OPPONENT,Opponent,T52_S003__HP_PRESSURE,HP_PRESSURE,2,OBSERVED_ENERGY_CONTEXT,LATE_TURN,TURN_STATE,Force the decision context to turn twelve.,"['Ascension', 'Quick Attack']",Ascension | Quick Attack,12,3.0,3.0,0.0,Quick Attack,0.822,0.114,0.708,True,False,0.808,0.128,0.68,Quick Attack,0.013999999999999901,-0.013999999999999999,0.027999999999999914,False,False
4WE_PAIR_015_V01,4WE_PAIR_015_V01__PLAYER,Player,T52_S003__HP_PRESSURE,HP_PRESSURE,2,OBSERVED_ENERGY_CONTEXT,BASELINE,BASELINE,Preserve the original expanded case exactly.,"['Ascension', 'Quick Attack']",Ascension | Quick Attack,2,3.0,3.0,0.0,Quick Attack,0.81,0.126,0.684,True,False,0.81,0.126,0.684,Quick Attack,0.0,0.0,0.0,False,False
4WE_PAIR_015_V01,4WE_PAIR_015_V01__PLAYER,Player,T52_S003__HP_PRESSURE,HP_PRESSURE,2,OBSERVED_ENERGY_CONTEXT,LEGAL_SIGNATURE_ASCENSION_ONLY,LEGAL_STRUCTURE,Expose Ascension as the only legal action.,['Ascension'],Ascension,2,3.0,3.0,0.0,Ascension,0.088,0.644,-0.556,False,True,0.81,0.126,0.684,Quick Attack,-0.7220000000000001,0.518,-1.2400000000000002,True,True
4WE_PAIR_015_V01,4WE_PAIR_015_V01__PLAYER,Player,T52_S003__HP_PRESSURE,HP_PRESSURE,2,OBSERVED_ENERGY_CONTEXT,LEGAL_SIGNATURE_QUICK_ATTACK_ONLY,LEGAL_STRUCTURE,Expose Quick Attack as the only legal action.,['Quick Attack'],Quick Attack,2,3.0,3.0,0.0,Ascension,0.208,0.402,-0.19400000000000003,False,True,0.81,0.126,0.684,Quick Attack,-0.6020000000000001,0.276,-0.8780000000000001,True,True
4WE_PAIR_015_V01,4WE_PAIR_015_V01__PLAYER,Player,T52_S003__HP_PRESSURE,HP_PRESSURE,2,OBSERVED_ENERGY_CONTEXT,LOW_ACTING_ENERGY,ENERGY_STATE,Reduce the acting Pokémon to one attached energy.,"['Ascension', 'Quick Attack']",Ascension | Quick Attack,2,1.0,3.0,-2.0,Quick Attack,0.792,0.146,0.646,True,False,0.81,0.126,0.684,Quick Attack,-0.018000000000000016,0.01999999999999999,-0.038000000000000034,False,False
4WE_PAIR_015_V01,4WE_PAIR_015_V01__PLAYER,Player,T52_S003__HP_PRESSURE,HP_PRESSURE,2,OBSERVED_ENERGY_CONTEXT,HIGH_ACTING_ENERGY,ENERGY_STATE,Increase the acting Pokémon to four attached energy.,"['Ascension', 'Quick Attack']",Ascension | Quick Attack,2,4.0,3.0,1.0,Quick Attack,0.81,0.126,0.684,True,False,0.81,0.126,0.684,Quick Attack,0.0,0.0,0.0,False,False
4WE_PAIR_015_V01,4WE_PAIR_015_V01__PLAYER,Player,T52_S003__HP_PRESSURE,HP_PRESSURE,2,OBSERVED_ENERGY_CONTEXT,ACTING_ENERGY_DISADVANTAGE,ENERGY_STATE,Set acting energy to two and opposing energy to four.,"['Ascension', 'Quick Attack']",Ascension | Quick Attack,2,2.0,4.0,-2.0,Quick Attack,0.796,0.142,0.654,True,False,0.81,0.126,0.684,Quick Attack,-0.014000000000000012,0.015999999999999986,-0.030000000000000027,False,False
4WE_PAIR_015_V01,4WE_PAIR_015_V01__PLAYER,Player,T52_S003__HP_PRESSURE,HP_PRESSURE,2,OBSERVED_ENERGY_CONTEXT,ACTING_ENERGY_ADVANTAGE,ENERGY_STATE,Set acting energy to four and opposing energy to one.,"['Ascension', 'Quick Attack']",Ascension | Quick Attack,2,4.0,1.0,3.0,Quick Attack,0.802,0.132,0.67,True,False,0.81,0.126,0.684,Quick Attack,-0.008000000000000007,0.006000000000000005,-0.014000000000000012,False,False
4WE_PAIR_015_V01,4WE_PAIR_015_V01__PLAYER,Player,T52_S003__HP_PRESSURE,HP_PRESSURE,2,OBSERVED_ENERGY_CONTEXT,EARLY_TURN,TURN_STATE,Force the decision context to turn one.,"['Ascension', 'Quick Attack']",Ascension | Quick Attack,1,3.0,3.0,0.0,Quick Attack,0.798,0.118,0.68,True,False,0.81,0.126,0.684,Quick Attack,-0.01200000000000001,-0.008000000000000007,-0.0040000000000000036,False,False
4WE_PAIR_015_V01,4WE_PAIR_015_V01__PLAYER,Player,T52_S003__HP_PRESSURE,HP_PRESSURE,2,OBSERVED_ENERGY_CONTEXT,LATE_TURN,TURN_STATE,Force the decision context to turn twelve.,"['Ascension', 'Quick Attack']",Ascension | Quick Attack,12,3.0,3.0,0.0,Quick Attack,0.824,0.112,0.712,True,False,0.81,0.126,0.684,Quick Attack,0.013999999999999901,-0.013999999999999999,0.027999999999999914,False,False
4WE_PAIR_015_V02,4WE_PAIR_015_V02__OPPONENT,Opponent,T52_S003__HP_PRESSURE,HP_PRESSURE,2,MINIMUM_MULTI_ACTION_ENERGY,BASELINE,BASELINE,Preserve the original expanded case exactly.,"['Ascension', 'Quick Attack']",Ascension | Quick Attack,2,2.0,3.0,-1.0,Quick Attack,0.788,0.15,0.638,True,False,0.788,0.15,0.638,Quick Attack,0.0,0.0,0.0,False,False
4WE_PAIR_015_V02,4WE_PAIR_015_V02__OPPONENT,Opponent,T52_S003__HP_PRESSURE,HP_PRESSURE,2,MINIMUM_MULTI_ACTION_ENERGY,LEGAL_SIGNATURE_ASCENSION_ONLY,LEGAL_STRUCTURE,Expose Ascension as the only legal action.,['Ascension'],Ascension,2,2.0,3.0,-1.0,Ascension,0.07,0.668,-0.5980000000000001,False,True,0.788,0.15,0.638,Quick Attack,-0.718,0.518,-1.2360000000000002,True,True
4WE_PAIR_015_V02,4WE_PAIR_015_V02__OPPONENT,Opponent,T52_S003__HP_PRESSURE,HP_PRESSURE,2,MINIMUM_MULTI_ACTION_ENERGY,LEGAL_SIGNATURE_QUICK_ATTACK_ONLY,LEGAL_STRUCTURE,Expose Quick Attack as the only legal action.,['Quick Attack'],Quick Attack,2,2.0,3.0,-1.0,Ascension,0.188,0.424,-0.236,False,True,0.788,0.15,0.638,Quick Attack,-0.6000000000000001,0.274,-0.874,True,True
4WE_PAIR_015_V02,4WE_PAIR_015_V02__OPPONENT,Opponent,T52_S003__HP_PRESSURE,HP_PRESSURE,2,MINIMUM_MULTI_ACTION_ENERGY,LOW_ACTING_ENERGY,ENERGY_STATE,Reduce the acting Pokémon to one attached energy.,"['Ascension', 'Quick Attack']",Ascension | Quick Attack,2,1.0,3.0,-2.0,Quick Attack,0.786,0.15,0.636,True,False,0.788,0.15,0.638,Quick Attack,-0.0020000000000000018,0.0,-0.0020000000000000018,False,False
4WE_PAIR_015_V02,4WE_PAIR_015_V02__OPPONENT,Opponent,T52_S003__HP_PRESSURE,HP_PRESSURE,2,MINIMUM_MULTI_ACTION_ENERGY,HIGH_ACTING_ENERGY,ENERGY_STATE,Increase the acting Pokémon to four attached energy.,"['Ascension', 'Quick Attack']",Ascension | Quick Attack,2,4.0,3.0,1.0,Quick Attack,0.808,0.128,0.68,True,False,0.788,0.15,0.638,Quick Attack,0.020000000000000018,-0.021999999999999992,0.04200000000000004,False,False
4WE_PAIR_015_V02,4WE_PAIR_015_V02__OPPONENT,Opponent,T52_S003__HP_PRESSURE,HP_PRESSURE,2,MINIMUM_MULTI_ACTION_ENERGY,ACTING_ENERGY_DISADVANTAGE,ENERGY_STATE,Set acting energy to two and opposing energy to four.,"['Ascension', 'Quick Attack']",Ascension | Quick Attack,2,2.0,4.0,-2.0,Quick Attack,0.788,0.15,0.638,True,False,0.788,0.15,0.638,Quick Attack,0.0,0.0,0.0,False,False
4WE_PAIR_015_V02,4WE_PAIR_015_V02__OPPONENT,Opponent,T52_S003__HP_PRESSURE,HP_PRESSURE,2,MINIMUM_MULTI_ACTION_ENERGY,ACTING_ENERGY_ADVANTAGE,ENERGY_STATE,Set acting energy to four and opposing energy to one.,"['Ascension', 'Quick Attack']",Ascension | Quick Attack,2,4.0,1.0,3.0,Quick Attack,0.798,0.138,0.66,True,False,0.788,0.15,0.638,Quick Attack,0.010000000000000009,-0.011999999999999983,0.02200000000000002,False,False
4WE_PAIR_015_V02,4WE_PAIR_015_V02__OPPONENT,Opponent,T52_S003__HP_PRESSURE,HP_PRESSURE,2,MINIMUM_MULTI_ACTION_ENERGY,EARLY_TURN,TURN_STATE,Force the decision context to turn one.,"['Ascension', 'Quick Attack']",Ascension | Quick Attack,1,2.0,3.0,-1.0,Quick Attack,0.776,0.142,0.634,True,False,0.788,0.15,0.638,Quick Attack,-0.01200000000000001,-0.008000000000000007,-0.0040000000000000036,False,False
4WE_PAIR_015_V02,4WE_PAIR_015_V02__OPPONENT,Opponent,T52_S003__HP_PRESSURE,HP_PRESSURE,2,MINIMUM_MULTI_ACTION_ENERGY,LATE_TURN,TURN_STATE,Force the decision context to turn twelve.,"['Ascension', 'Quick Attack']",Ascension | Quick Attack,12,2.0,3.0,-1.0,Quick Attack,0.802,0.136,0.666,True,False,0.788,0.15,0.638,Quick Attack,0.014000000000000012,-0.013999999999999985,0.028000000000000025,False,False
4WE_PAIR_015_V02,4WE_PAIR_015_V02__PLAYER,Player,T52_S003__HP_PRESSURE,HP_PRESSURE,2,MINIMUM_MULTI_ACTION_ENERGY,BASELINE,BASELINE,Preserve the original expanded case exactly.,"['Ascension', 'Quick Attack']",Ascension | Quick Attack,2,2.0,3.0,-1.0,Quick Attack,0.796,0.142,0.654,True,False,0.796,0.142,0.654,Quick Attack,0.0,0.0,0.0,False,False
4WE_PAIR_015_V02,4WE_PAIR_015_V02__PLAYER,Player,T52_S003__HP_PRESSURE,HP_PRESSURE,2,MINIMUM_MULTI_ACTION_ENERGY,LEGAL_SIGNATURE_ASCENSION_ONLY,LEGAL_STRUCTURE,Expose Ascension as the only legal action.,['Ascension'],Ascension,2,2.0,3.0,-1.0,Ascension,0.078,0.66,-0.5820000000000001,False,True,0.796,0.142,0.654,Quick Attack,-0.7180000000000001,0.518,-1.2360000000000002,True,True
4WE_PAIR_015_V02,4WE_PAIR_015_V02__PLAYER,Player,T52_S003__HP_PRESSURE,HP_PRESSURE,2,MINIMUM_MULTI_ACTION_ENERGY,LEGAL_SIGNATURE_QUICK_ATTACK_ONLY,LEGAL_STRUCTURE,Expose Quick Attack as the only legal action.,['Quick Attack'],Quick Attack,2,2.0,3.0,-1.0,Ascension,0.196,0.416,-0.21999999999999997,False,True,0.796,0.142,0.654,Quick Attack,-0.6000000000000001,0.274,-0.874,True,True
4WE_PAIR_015_V02,4WE_PAIR_015_V02__PLAYER,Player,T52_S003__HP_PRESSURE,HP_PRESSURE,2,MINIMUM_MULTI_ACTION_ENERGY,LOW_ACTING_ENERGY,ENERGY_STATE,Reduce the acting Pokémon to one attached energy.,"['Ascension', 'Quick Attack']",Ascension | Quick Attack,2,1.0,3.0,-2.0,Quick Attack,0.792,0.146,0.646,True,False,0.796,0.142,0.654,Quick Attack,-0.0040000000000000036,0.0040000000000000036,-0.008000000000000007,False,False
4WE_PAIR_015_V02,4WE_PAIR_015_V02__PLAYER,Player,T52_S003__HP_PRESSURE,HP_PRESSURE,2,MINIMUM_MULTI_ACTION_ENERGY,HIGH_ACTING_ENERGY,ENERGY_STATE,Increase the acting Pokémon to four attached energy.,"['Ascension', 'Quick Attack']",Ascension | Quick Attack,2,4.0,3.0,1.0,Quick Attack,0.81,0.126,0.684,True,False,0.796,0.142,0.654,Quick Attack,0.014000000000000012,-0.015999999999999986,0.030000000000000027,False,False
4WE_PAIR_015_V02,4WE_PAIR_015_V02__PLAYER,Player,T52_S003__HP_PRESSURE,HP_PRESSURE,2,MINIMUM_MULTI_ACTION_ENERGY,ACTING_ENERGY_DISADVANTAGE,ENERGY_STATE,Set acting energy to two and opposing energy to four.,"['Ascension', 'Quick Attack']",Ascension | Quick Attack,2,2.0,4.0,-2.0,Quick Attack,0.796,0.142,0.654,True,False,0.796,0.142,0.654,Quick Attack,0.0,0.0,0.0,False,False
4WE_PAIR_015_V02,4WE_PAIR_015_V02__PLAYER,Player,T52_S003__HP_PRESSURE,HP_PRESSURE,2,MINIMUM_MULTI_ACTION_ENERGY,ACTING_ENERGY_ADVANTAGE,ENERGY_STATE,Set acting energy to four and opposing energy to one.,"['Ascension', 'Quick Attack']",Ascension | Quick Attack,2,4.0,1.0,3.0,Quick Attack,0.802,0.132,0.67,True,False,0.796,0.142,0.654,Quick Attack,0.006000000000000005,-0.009999999999999981,0.016000000000000014,False,False
4WE_PAIR_015_V02,4WE_PAIR_015_V02__PLAYER,Player,T52_S003__HP_PRESSURE,HP_PRESSURE,2,MINIMUM_MULTI_ACTION_ENERGY,EARLY_TURN,TURN_STATE,Force the decision context to turn one.,"['Ascension', 'Quick Attack']",Ascension | Quick Attack,1,2.0,3.0,-1.0,Quick Attack,0.784,0.134,0.65,True,False,0.796,0.142,0.654,Quick Attack,-0.01200000000000001,-0.00799999999999998,-0.0040000000000000036,False,False
4WE_PAIR_015_V02,4WE_PAIR_015_V02__PLAYER,Player,T52_S003__HP_PRESSURE,HP_PRESSURE,2,MINIMUM_MULTI_ACTION_ENERGY,LATE_TURN,TURN_STATE,Force the decision context to turn twelve.,"['Ascension', 'Quick Attack']",Ascension | Quick Attack,12,2.0,3.0,-1.0,Quick Attack,0.81,0.128,0.682,True,False,0.796,0.142,0.654,Quick Attack,0.014000000000000012,-0.013999999999999985,0.028000000000000025,False,False
4WE_PAIR_015_V03,4WE_PAIR_015_V03__OPPONENT,Opponent,T52_S003__HP_PRESSURE,HP_PRESSURE,2,SYMMETRIC_TWO_ENERGY,BASELINE,BASELINE,Preserve the original expanded case exactly.,"['Ascension', 'Quick Attack']",Ascension | Quick Attack,2,2.0,2.0,0.0,Quick Attack,0.788,0.15,0.638,True,False,0.788,0.15,0.638,Quick Attack,0.0,0.0,0.0,False,False
4WE_PAIR_015_V03,4WE_PAIR_015_V03__OPPONENT,Opponent,T52_S003__HP_PRESSURE,HP_PRESSURE,2,SYMMETRIC_TWO_ENERGY,LEGAL_SIGNATURE_ASCENSION_ONLY,LEGAL_STRUCTURE,Expose Ascension as the only legal action.,['Ascension'],Ascension,2,2.0,2.0,0.0,Ascension,0.07,0.668,-0.5980000000000001,False,True,0.788,0.15,0.638,Quick Attack,-0.718,0.518,-1.2360000000000002,True,True
4WE_PAIR_015_V03,4WE_PAIR_015_V03__OPPONENT,Opponent,T52_S003__HP_PRESSURE,HP_PRESSURE,2,SYMMETRIC_TWO_ENERGY,LEGAL_SIGNATURE_QUICK_ATTACK_ONLY,LEGAL_STRUCTURE,Expose Quick Attack as the only legal action.,['Quick Attack'],Quick Attack,2,2.0,2.0,0.0,Ascension,0.188,0.424,-0.236,False,True,0.788,0.15,0.638,Quick Attack,-0.6000000000000001,0.274,-0.874,True,True
4WE_PAIR_015_V03,4WE_PAIR_015_V03__OPPONENT,Opponent,T52_S003__HP_PRESSURE,HP_PRESSURE,2,SYMMETRIC_TWO_ENERGY,LOW_ACTING_ENERGY,ENERGY_STATE,Reduce the acting Pokémon to one attached energy.,"['Ascension', 'Quick Attack']",Ascension | Quick Attack,2,1.0,2.0,-1.0,Quick Attack,0.786,0.15,0.636,True,False,0.788,0.15,0.638,Quick Attack,-0.0020000000000000018,0.0,-0.0020000000000000018,False,False
4WE_PAIR_015_V03,4WE_PAIR_015_V03__OPPONENT,Opponent,T52_S003__HP_PRESSURE,HP_PRESSURE,2,SYMMETRIC_TWO_ENERGY,HIGH_ACTING_ENERGY,ENERGY_STATE,Increase the acting Pokémon to four attached energy.,"['Ascension', 'Quick Attack']",Ascension | Quick Attack,2,4.0,2.0,2.0,Quick Attack,0.808,0.128,0.68,True,False,0.788,0.15,0.638,Quick Attack,0.020000000000000018,-0.021999999999999992,0.04200000000000004,False,False
4WE_PAIR_015_V03,4WE_PAIR_015_V03__OPPONENT,Opponent,T52_S003__HP_PRESSURE,HP_PRESSURE,2,SYMMETRIC_TWO_ENERGY,ACTING_ENERGY_DISADVANTAGE,ENERGY_STATE,Set acting energy to two and opposing energy to four.,"['Ascension', 'Quick Attack']",Ascension | Quick Attack,2,2.0,4.0,-2.0,Quick Attack,0.788,0.15,0.638,True,False,0.788,0.15,0.638,Quick Attack,0.0,0.0,0.0,False,False
4WE_PAIR_015_V03,4WE_PAIR_015_V03__OPPONENT,Opponent,T52_S003__HP_PRESSURE,HP_PRESSURE,2,SYMMETRIC_TWO_ENERGY,ACTING_ENERGY_ADVANTAGE,ENERGY_STATE,Set acting energy to four and opposing energy to one.,"['Ascension', 'Quick Attack']",Ascension | Quick Attack,2,4.0,1.0,3.0,Quick Attack,0.798,0.138,0.66,True,False,0.788,0.15,0.638,Quick Attack,0.010000000000000009,-0.011999999999999983,0.02200000000000002,False,False
4WE_PAIR_015_V03,4WE_PAIR_015_V03__OPPONENT,Opponent,T52_S003__HP_PRESSURE,HP_PRESSURE,2,SYMMETRIC_TWO_ENERGY,EARLY_TURN,TURN_STATE,Force the decision context to turn one.,"['Ascension', 'Quick Attack']",Ascension | Quick Attack,1,2.0,2.0,0.0,Quick Attack,0.776,0.142,0.634,True,False,0.788,0.15,0.638,Quick Attack,-0.01200000000000001,-0.008000000000000007,-0.0040000000000000036,False,False
4WE_PAIR_015_V03,4WE_PAIR_015_V03__OPPONENT,Opponent,T52_S003__HP_PRESSURE,HP_PRESSURE,2,SYMMETRIC_TWO_ENERGY,LATE_TURN,TURN_STATE,Force the decision context to turn twelve.,"['Ascension', 'Quick Attack']",Ascension | Quick Attack,12,2.0,2.0,0.0,Quick Attack,0.802,0.136,0.666,True,False,0.788,0.15,0.638,Quick Attack,0.014000000000000012,-0.013999999999999985,0.028000000000000025,False,False
4WE_PAIR_015_V03,4WE_PAIR_015_V03__PLAYER,Player,T52_S003__HP_PRESSURE,HP_PRESSURE,2,SYMMETRIC_TWO_ENERGY,BASELINE,BASELINE,Preserve the original expanded case exactly.,"['Ascension', 'Quick Attack']",Ascension | Quick Attack,2,2.0,2.0,0.0,Quick Attack,0.796,0.142,0.654,True,False,0.796,0.142,0.654,Quick Attack,0.0,0.0,0.0,False,False
4WE_PAIR_015_V03,4WE_PAIR_015_V03__PLAYER,Player,T52_S003__HP_PRESSURE,HP_PRESSURE,2,SYMMETRIC_TWO_ENERGY,LEGAL_SIGNATURE_ASCENSION_ONLY,LEGAL_STRUCTURE,Expose Ascension as the only legal action.,['Ascension'],Ascension,2,2.0,2.0,0.0,Ascension,0.076,0.662,-0.5860000000000001,False,True,0.796,0.142,0.654,Quick Attack,-0.7200000000000001,0.52,-1.2400000000000002,True,True
4WE_PAIR_015_V03,4WE_PAIR_015_V03__PLAYER,Player,T52_S003__HP_PRESSURE,HP_PRESSURE,2,SYMMETRIC_TWO_ENERGY,LEGAL_SIGNATURE_QUICK_ATTACK_ONLY,LEGAL_STRUCTURE,Expose Quick Attack as the only legal action.,['Quick Attack'],Quick Attack,2,2.0,2.0,0.0,Ascension,0.194,0.418,-0.22399999999999998,False,True,0.796,0.142,0.654,Quick Attack,-0.6020000000000001,0.276,-0.878,True,True
4WE_PAIR_015_V03,4WE_PAIR_015_V03__PLAYER,Player,T52_S003__HP_PRESSURE,HP_PRESSURE,2,SYMMETRIC_TWO_ENERGY,LOW_ACTING_ENERGY,ENERGY_STATE,Reduce the acting Pokémon to one attached energy.,"['Ascension', 'Quick Attack']",Ascension | Quick Attack,2,1.0,2.0,-1.0,Quick Attack,0.792,0.146,0.646,True,False,0.796,0.142,0.654,Quick Attack,-0.0040000000000000036,0.0040000000000000036,-0.008000000000000007,False,False
4WE_PAIR_015_V03,4WE_PAIR_015_V03__PLAYER,Player,T52_S003__HP_PRESSURE,HP_PRESSURE,2,SYMMETRIC_TWO_ENERGY,HIGH_ACTING_ENERGY,ENERGY_STATE,Increase the acting Pokémon to four attached energy.,"['Ascension', 'Quick Attack']",Ascension | Quick Attack,2,4.0,2.0,2.0,Quick Attack,0.81,0.126,0.684,True,False,0.796,0.142,0.654,Quick Attack,0.014000000000000012,-0.015999999999999986,0.030000000000000027,False,False
4WE_PAIR_015_V03,4WE_PAIR_015_V03__PLAYER,Player,T52_S003__HP_PRESSURE,HP_PRESSURE,2,SYMMETRIC_TWO_ENERGY,ACTING_ENERGY_DISADVANTAGE,ENERGY_STATE,Set acting energy to two and opposing energy to four.,"['Ascension', 'Quick Attack']",Ascension | Quick Attack,2,2.0,4.0,-2.0,Quick Attack,0.796,0.142,0.654,True,False,0.796,0.142,0.654,Quick Attack,0.0,0.0,0.0,False,False
4WE_PAIR_015_V03,4WE_PAIR_015_V03__PLAYER,Player,T52_S003__HP_PRESSURE,HP_PRESSURE,2,SYMMETRIC_TWO_ENERGY,ACTING_ENERGY_ADVANTAGE,ENERGY_STATE,Set acting energy to four and opposing energy to one.,"['Ascension', 'Quick Attack']",Ascension | Quick Attack,2,4.0,1.0,3.0,Quick Attack,0.802,0.132,0.67,True,False,0.796,0.142,0.654,Quick Attack,0.006000000000000005,-0.009999999999999981,0.016000000000000014,False,False
4WE_PAIR_015_V03,4WE_PAIR_015_V03__PLAYER,Player,T52_S003__HP_PRESSURE,HP_PRESSURE,2,SYMMETRIC_TWO_ENERGY,EARLY_TURN,TURN_STATE,Force the decision context to turn one.,"['Ascension', 'Quick Attack']",Ascension | Quick Attack,1,2.0,2.0,0.0,Quick Attack,0.784,0.134,0.65,True,False,0.796,0.142,0.654,Quick Attack,-0.01200000000000001,-0.00799999999999998,-0.0040000000000000036,False,False
4WE_PAIR_015_V03,4WE_PAIR_015_V03__PLAYER,Player,T52_S003__HP_PRESSURE,HP_PRESSURE,2,SYMMETRIC_TWO_ENERGY,LATE_TURN,TURN_STATE,Force the decision context to turn twelve.,"['Ascension', 'Quick Attack']",Ascension | Quick Attack,12,2.0,2.0,0.0,Quick Attack,0.81,0.128,0.682,True,False,0.796,0.142,0.654,Quick Attack,0.014000000000000012,-0.013999999999999985,0.028000000000000025,False,False
4WE_PAIR_015_V04,4WE_PAIR_015_V04__OPPONENT,Opponent,T52_S003__HP_PRESSURE,HP_PRESSURE,2,EEVEE_ENERGY_ADVANTAGE,BASELINE,BASELINE,Preserve the original expanded case exactly.,"['Ascension', 'Quick Attack']",Ascension | Quick Attack,2,3.0,2.0,1.0,Quick Attack,0.808,0.128,0.68,True,False,0.808,0.128,0.68,Quick Attack,0.0,0.0,0.0,False,False
4WE_PAIR_015_V04,4WE_PAIR_015_V04__OPPONENT,Opponent,T52_S003__HP_PRESSURE,HP_PRESSURE,2,EEVEE_ENERGY_ADVANTAGE,LEGAL_SIGNATURE_ASCENSION_ONLY,LEGAL_STRUCTURE,Expose Ascension as the only legal action.,['Ascension'],Ascension,2,3.0,2.0,1.0,Ascension,0.088,0.644,-0.556,False,True,0.808,0.128,0.68,Quick Attack,-0.7200000000000001,0.516,-1.2360000000000002,True,True
4WE_PAIR_015_V04,4WE_PAIR_015_V04__OPPONENT,Opponent,T52_S003__HP_PRESSURE,HP_PRESSURE,2,EEVEE_ENERGY_ADVANTAGE,LEGAL_SIGNATURE_QUICK_ATTACK_ONLY,LEGAL_STRUCTURE,Expose Quick Attack as the only legal action.,['Quick Attack'],Quick Attack,2,3.0,2.0,1.0,Ascension,0.208,0.402,-0.19400000000000003,False,True,0.808,0.128,0.68,Quick Attack,-0.6000000000000001,0.274,-0.8740000000000001,True,True
4WE_PAIR_015_V04,4WE_PAIR_015_V04__OPPONENT,Opponent,T52_S003__HP_PRESSURE,HP_PRESSURE,2,EEVEE_ENERGY_ADVANTAGE,LOW_ACTING_ENERGY,ENERGY_STATE,Reduce the acting Pokémon to one attached energy.,"['Ascension', 'Quick Attack']",Ascension | Quick Attack,2,1.0,2.0,-1.0,Quick Attack,0.786,0.15,0.636,True,False,0.808,0.128,0.68,Quick Attack,-0.02200000000000002,0.021999999999999992,-0.04400000000000004,False,False
4WE_PAIR_015_V04,4WE_PAIR_015_V04__OPPONENT,Opponent,T52_S003__HP_PRESSURE,HP_PRESSURE,2,EEVEE_ENERGY_ADVANTAGE,HIGH_ACTING_ENERGY,ENERGY_STATE,Increase the acting Pokémon to four attached energy.,"['Ascension', 'Quick Attack']",Ascension | Quick Attack,2,4.0,2.0,2.0,Quick Attack,0.808,0.128,0.68,True,False,0.808,0.128,0.68,Quick Attack,0.0,0.0,0.0,False,False
4WE_PAIR_015_V04,4WE_PAIR_015_V04__OPPONENT,Opponent,T52_S003__HP_PRESSURE,HP_PRESSURE,2,EEVEE_ENERGY_ADVANTAGE,ACTING_ENERGY_DISADVANTAGE,ENERGY_STATE,Set acting energy to two and opposing energy to four.,"['Ascension', 'Quick Attack']",Ascension | Quick Attack,2,2.0,4.0,-2.0,Quick Attack,0.788,0.15,0.638,True,False,0.808,0.128,0.68,Quick Attack,-0.020000000000000018,0.021999999999999992,-0.04200000000000004,False,False
4WE_PAIR_015_V04,4WE_PAIR_015_V04__OPPONENT,Opponent,T52_S003__HP_PRESSURE,HP_PRESSURE,2,EEVEE_ENERGY_ADVANTAGE,ACTING_ENERGY_ADVANTAGE,ENERGY_STATE,Set acting energy to four and opposing energy to one.,"['Ascension', 'Quick Attack']",Ascension | Quick Attack,2,4.0,1.0,3.0,Quick Attack,0.798,0.138,0.66,True,False,0.808,0.128,0.68,Quick Attack,-0.010000000000000009,0.010000000000000009,-0.020000000000000018,False,False
4WE_PAIR_015_V04,4WE_PAIR_015_V04__OPPONENT,Opponent,T52_S003__HP_PRESSURE,HP_PRESSURE,2,EEVEE_ENERGY_ADVANTAGE,EARLY_TURN,TURN_STATE,Force the decision context to turn one.,"['Ascension', 'Quick Attack']",Ascension | Quick Attack,1,3.0,2.0,1.0,Quick Attack,0.796,0.12,0.676,True,False,0.808,0.128,0.68,Quick Attack,-0.01200000000000001,-0.008000000000000007,-0.0040000000000000036,False,False
4WE_PAIR_015_V04,4WE_PAIR_015_V04__OPPONENT,Opponent,T52_S003__HP_PRESSURE,HP_PRESSURE,2,EEVEE_ENERGY_ADVANTAGE,LATE_TURN,TURN_STATE,Force the decision context to turn twelve.,"['Ascension', 'Quick Attack']",Ascension | Quick Attack,12,3.0,2.0,1.0,Quick Attack,0.822,0.114,0.708,True,False,0.808,0.128,0.68,Quick Attack,0.013999999999999901,-0.013999999999999999,0.027999999999999914,False,False
4WE_PAIR_015_V04,4WE_PAIR_015_V04__PLAYER,Player,T52_S003__HP_PRESSURE,HP_PRESSURE,2,EEVEE_ENERGY_ADVANTAGE,BASELINE,BASELINE,Preserve the original expanded case exactly.,"['Ascension', 'Quick Attack']",Ascension | Quick Attack,2,3.0,2.0,1.0,Quick Attack,0.81,0.126,0.684,True,False,0.81,0.126,0.684,Quick Attack,0.0,0.0,0.0,False,False
4WE_PAIR_015_V04,4WE_PAIR_015_V04__PLAYER,Player,T52_S003__HP_PRESSURE,HP_PRESSURE,2,EEVEE_ENERGY_ADVANTAGE,LEGAL_SIGNATURE_ASCENSION_ONLY,LEGAL_STRUCTURE,Expose Ascension as the only legal action.,['Ascension'],Ascension,2,3.0,2.0,1.0,Ascension,0.086,0.646,-0.56,False,True,0.81,0.126,0.684,Quick Attack,-0.7240000000000001,0.52,-1.2440000000000002,True,True
4WE_PAIR_015_V04,4WE_PAIR_015_V04__PLAYER,Player,T52_S003__HP_PRESSURE,HP_PRESSURE,2,EEVEE_ENERGY_ADVANTAGE,LEGAL_SIGNATURE_QUICK_ATTACK_ONLY,LEGAL_STRUCTURE,Expose Quick Attack as the only legal action.,['Quick Attack'],Quick Attack,2,3.0,2.0,1.0,Ascension,0.206,0.404,-0.19800000000000004,False,True,0.81,0.126,0.684,Quick Attack,-0.6040000000000001,0.278,-0.8820000000000001,True,True
4WE_PAIR_015_V04,4WE_PAIR_015_V04__PLAYER,Player,T52_S003__HP_PRESSURE,HP_PRESSURE,2,EEVEE_ENERGY_ADVANTAGE,LOW_ACTING_ENERGY,ENERGY_STATE,Reduce the acting Pokémon to one attached energy.,"['Ascension', 'Quick Attack']",Ascension | Quick Attack,2,1.0,2.0,-1.0,Quick Attack,0.792,0.146,0.646,True,False,0.81,0.126,0.684,Quick Attack,-0.018000000000000016,0.01999999999999999,-0.038000000000000034,False,False
4WE_PAIR_015_V04,4WE_PAIR_015_V04__PLAYER,Player,T52_S003__HP_PRESSURE,HP_PRESSURE,2,EEVEE_ENERGY_ADVANTAGE,HIGH_ACTING_ENERGY,ENERGY_STATE,Increase the acting Pokémon to four attached energy.,"['Ascension', 'Quick Attack']",Ascension | Quick Attack,2,4.0,2.0,2.0,Quick Attack,0.81,0.126,0.684,True,False,0.81,0.126,0.684,Quick Attack,0.0,0.0,0.0,False,False
4WE_PAIR_015_V04,4WE_PAIR_015_V04__PLAYER,Player,T52_S003__HP_PRESSURE,HP_PRESSURE,2,EEVEE_ENERGY_ADVANTAGE,ACTING_ENERGY_DISADVANTAGE,ENERGY_STATE,Set acting energy to two and opposing energy to four.,"['Ascension', 'Quick Attack']",Ascension | Quick Attack,2,2.0,4.0,-2.0,Quick Attack,0.796,0.142,0.654,True,False,0.81,0.126,0.684,Quick Attack,-0.014000000000000012,0.015999999999999986,-0.030000000000000027,False,False
4WE_PAIR_015_V04,4WE_PAIR_015_V04__PLAYER,Player,T52_S003__HP_PRESSURE,HP_PRESSURE,2,EEVEE_ENERGY_ADVANTAGE,ACTING_ENERGY_ADVANTAGE,ENERGY_STATE,Set acting energy to four and opposing energy to one.,"['Ascension', 'Quick Attack']",Ascension | Quick Attack,2,4.0,1.0,3.0,Quick Attack,0.802,0.132,0.67,True,False,0.81,0.126,0.684,Quick Attack,-0.008000000000000007,0.006000000000000005,-0.014000000000000012,False,False
4WE_PAIR_015_V04,4WE_PAIR_015_V04__PLAYER,Player,T52_S003__HP_PRESSURE,HP_PRESSURE,2,EEVEE_ENERGY_ADVANTAGE,EARLY_TURN,TURN_STATE,Force the decision context to turn one.,"['Ascension', 'Quick Attack']",Ascension | Quick Attack,1,3.0,2.0,1.0,Quick Attack,0.798,0.118,0.68,True,False,0.81,0.126,0.684,Quick Attack,-0.01200000000000001,-0.008000000000000007,-0.0040000000000000036,False,False
4WE_PAIR_015_V04,4WE_PAIR_015_V04__PLAYER,Player,T52_S003__HP_PRESSURE,HP_PRESSURE,2,EEVEE_ENERGY_ADVANTAGE,LATE_TURN,TURN_STATE,Force the decision context to turn twelve.,"['Ascension', 'Quick Attack']",Ascension | Quick Attack,12,3.0,2.0,1.0,Quick Attack,0.824,0.112,0.712,True,False,0.81,0.126,0.684,Quick Attack,0.013999999999999901,-0.013999999999999999,0.027999999999999914,False,False
4WE_PAIR_016_V01,4WE_PAIR_016_V01__OPPONENT,Opponent,T52_S003__HP_PRESSURE,HP_PRESSURE,4,OBSERVED_ENERGY_CONTEXT,BASELINE,BASELINE,Preserve the original expanded case exactly.,"['Ascension', 'Quick Attack']",Ascension | Quick Attack,4,3.0,3.0,0.0,Quick Attack,0.808,0.128,0.68,True,False,0.808,0.128,0.68,Quick Attack,0.0,0.0,0.0,False,False
4WE_PAIR_016_V01,4WE_PAIR_016_V01__OPPONENT,Opponent,T52_S003__HP_PRESSURE,HP_PRESSURE,4,OBSERVED_ENERGY_CONTEXT,LEGAL_SIGNATURE_ASCENSION_ONLY,LEGAL_STRUCTURE,Expose Ascension as the only legal action.,['Ascension'],Ascension,4,3.0,3.0,0.0,Ascension,0.088,0.644,-0.556,False,True,0.808,0.128,0.68,Quick Attack,-0.7200000000000001,0.516,-1.2360000000000002,True,True
4WE_PAIR_016_V01,4WE_PAIR_016_V01__OPPONENT,Opponent,T52_S003__HP_PRESSURE,HP_PRESSURE,4,OBSERVED_ENERGY_CONTEXT,LEGAL_SIGNATURE_QUICK_ATTACK_ONLY,LEGAL_STRUCTURE,Expose Quick Attack as the only legal action.,['Quick Attack'],Quick Attack,4,3.0,3.0,0.0,Ascension,0.208,0.402,-0.19400000000000003,False,True,0.808,0.128,0.68,Quick Attack,-0.6000000000000001,0.274,-0.8740000000000001,True,True
4WE_PAIR_016_V01,4WE_PAIR_016_V01__OPPONENT,Opponent,T52_S003__HP_PRESSURE,HP_PRESSURE,4,OBSERVED_ENERGY_CONTEXT,LOW_ACTING_ENERGY,ENERGY_STATE,Reduce the acting Pokémon to one attached energy.,"['Ascension', 'Quick Attack']",Ascension | Quick Attack,4,1.0,3.0,-2.0,Quick Attack,0.786,0.15,0.636,True,False,0.808,0.128,0.68,Quick Attack,-0.02200000000000002,0.021999999999999992,-0.04400000000000004,False,False
4WE_PAIR_016_V01,4WE_PAIR_016_V01__OPPONENT,Opponent,T52_S003__HP_PRESSURE,HP_PRESSURE,4,OBSERVED_ENERGY_CONTEXT,HIGH_ACTING_ENERGY,ENERGY_STATE,Increase the acting Pokémon to four attached energy.,"['Ascension', 'Quick Attack']",Ascension | Quick Attack,4,4.0,3.0,1.0,Quick Attack,0.808,0.128,0.68,True,False,0.808,0.128,0.68,Quick Attack,0.0,0.0,0.0,False,False
4WE_PAIR_016_V01,4WE_PAIR_016_V01__OPPONENT,Opponent,T52_S003__HP_PRESSURE,HP_PRESSURE,4,OBSERVED_ENERGY_CONTEXT,ACTING_ENERGY_DISADVANTAGE,ENERGY_STATE,Set acting energy to two and opposing energy to four.,"['Ascension', 'Quick Attack']",Ascension | Quick Attack,4,2.0,4.0,-2.0,Quick Attack,0.788,0.15,0.638,True,False,0.808,0.128,0.68,Quick Attack,-0.020000000000000018,0.021999999999999992,-0.04200000000000004,False,False
4WE_PAIR_016_V01,4WE_PAIR_016_V01__OPPONENT,Opponent,T52_S003__HP_PRESSURE,HP_PRESSURE,4,OBSERVED_ENERGY_CONTEXT,ACTING_ENERGY_ADVANTAGE,ENERGY_STATE,Set acting energy to four and opposing energy to one.,"['Ascension', 'Quick Attack']",Ascension | Quick Attack,4,4.0,1.0,3.0,Quick Attack,0.798,0.138,0.66,True,False,0.808,0.128,0.68,Quick Attack,-0.010000000000000009,0.010000000000000009,-0.020000000000000018,False,False
4WE_PAIR_016_V01,4WE_PAIR_016_V01__OPPONENT,Opponent,T52_S003__HP_PRESSURE,HP_PRESSURE,4,OBSERVED_ENERGY_CONTEXT,EARLY_TURN,TURN_STATE,Force the decision context to turn one.,"['Ascension', 'Quick Attack']",Ascension | Quick Attack,1,3.0,3.0,0.0,Quick Attack,0.796,0.12,0.676,True,False,0.808,0.128,0.68,Quick Attack,-0.01200000000000001,-0.008000000000000007,-0.0040000000000000036,False,False
4WE_PAIR_016_V01,4WE_PAIR_016_V01__OPPONENT,Opponent,T52_S003__HP_PRESSURE,HP_PRESSURE,4,OBSERVED_ENERGY_CONTEXT,LATE_TURN,TURN_STATE,Force the decision context to turn twelve.,"['Ascension', 'Quick Attack']",Ascension | Quick Attack,12,3.0,3.0,0.0,Quick Attack,0.822,0.114,0.708,True,False,0.808,0.128,0.68,Quick Attack,0.013999999999999901,-0.013999999999999999,0.027999999999999914,False,False
4WE_PAIR_016_V01,4WE_PAIR_016_V01__PLAYER,Player,T52_S003__HP_PRESSURE,HP_PRESSURE,4,OBSERVED_ENERGY_CONTEXT,BASELINE,BASELINE,Preserve the original expanded case exactly.,"['Ascension', 'Quick Attack']",Ascension | Quick Attack,4,3.0,3.0,0.0,Quick Attack,0.81,0.126,0.684,True,False,0.81,0.126,0.684,Quick Attack,0.0,0.0,0.0,False,False
4WE_PAIR_016_V01,4WE_PAIR_016_V01__PLAYER,Player,T52_S003__HP_PRESSURE,HP_PRESSURE,4,OBSERVED_ENERGY_CONTEXT,LEGAL_SIGNATURE_ASCENSION_ONLY,LEGAL_STRUCTURE,Expose Ascension as the only legal action.,['Ascension'],Ascension,4,3.0,3.0,0.0,Ascension,0.088,0.644,-0.556,False,True,0.81,0.126,0.684,Quick Attack,-0.7220000000000001,0.518,-1.2400000000000002,True,True
4WE_PAIR_016_V01,4WE_PAIR_016_V01__PLAYER,Player,T52_S003__HP_PRESSURE,HP_PRESSURE,4,OBSERVED_ENERGY_CONTEXT,LEGAL_SIGNATURE_QUICK_ATTACK_ONLY,LEGAL_STRUCTURE,Expose Quick Attack as the only legal action.,['Quick Attack'],Quick Attack,4,3.0,3.0,0.0,Ascension,0.208,0.402,-0.19400000000000003,False,True,0.81,0.126,0.684,Quick Attack,-0.6020000000000001,0.276,-0.8780000000000001,True,True
4WE_PAIR_016_V01,4WE_PAIR_016_V01__PLAYER,Player,T52_S003__HP_PRESSURE,HP_PRESSURE,4,OBSERVED_ENERGY_CONTEXT,LOW_ACTING_ENERGY,ENERGY_STATE,Reduce the acting Pokémon to one attached energy.,"['Ascension', 'Quick Attack']",Ascension | Quick Attack,4,1.0,3.0,-2.0,Quick Attack,0.792,0.146,0.646,True,False,0.81,0.126,0.684,Quick Attack,-0.018000000000000016,0.01999999999999999,-0.038000000000000034,False,False
4WE_PAIR_016_V01,4WE_PAIR_016_V01__PLAYER,Player,T52_S003__HP_PRESSURE,HP_PRESSURE,4,OBSERVED_ENERGY_CONTEXT,HIGH_ACTING_ENERGY,ENERGY_STATE,Increase the acting Pokémon to four attached energy.,"['Ascension', 'Quick Attack']",Ascension | Quick Attack,4,4.0,3.0,1.0,Quick Attack,0.81,0.126,0.684,True,False,0.81,0.126,0.684,Quick Attack,0.0,0.0,0.0,False,False
4WE_PAIR_016_V01,4WE_PAIR_016_V01__PLAYER,Player,T52_S003__HP_PRESSURE,HP_PRESSURE,4,OBSERVED_ENERGY_CONTEXT,ACTING_ENERGY_DISADVANTAGE,ENERGY_STATE,Set acting energy to two and opposing energy to four.,"['Ascension', 'Quick Attack']",Ascension | Quick Attack,4,2.0,4.0,-2.0,Quick Attack,0.796,0.142,0.654,True,False,0.81,0.126,0.684,Quick Attack,-0.014000000000000012,0.015999999999999986,-0.030000000000000027,False,False
4WE_PAIR_016_V01,4WE_PAIR_016_V01__PLAYER,Player,T52_S003__HP_PRESSURE,HP_PRESSURE,4,OBSERVED_ENERGY_CONTEXT,ACTING_ENERGY_ADVANTAGE,ENERGY_STATE,Set acting energy to four and opposing energy to one.,"['Ascension', 'Quick Attack']",Ascension | Quick Attack,4,4.0,1.0,3.0,Quick Attack,0.802,0.132,0.67,True,False,0.81,0.126,0.684,Quick Attack,-0.008000000000000007,0.006000000000000005,-0.014000000000000012,False,False
4WE_PAIR_016_V01,4WE_PAIR_016_V01__PLAYER,Player,T52_S003__HP_PRESSURE,HP_PRESSURE,4,OBSERVED_ENERGY_CONTEXT,EARLY_TURN,TURN_STATE,Force the decision context to turn one.,"['Ascension', 'Quick Attack']",Ascension | Quick Attack,1,3.0,3.0,0.0,Quick Attack,0.798,0.118,0.68,True,False,0.81,0.126,0.684,Quick Attack,-0.01200000000000001,-0.008000000000000007,-0.0040000000000000036,False,False
4WE_PAIR_016_V01,4WE_PAIR_016_V01__PLAYER,Player,T52_S003__HP_PRESSURE,HP_PRESSURE,4,OBSERVED_ENERGY_CONTEXT,LATE_TURN,TURN_STATE,Force the decision context to turn twelve.,"['Ascension', 'Quick Attack']",Ascension | Quick Attack,12,3.0,3.0,0.0,Quick Attack,0.824,0.112,0.712,True,False,0.81,0.126,0.684,Quick Attack,0.013999999999999901,-0.013999999999999999,0.027999999999999914,False,False
4WE_PAIR_016_V02,4WE_PAIR_016_V02__OPPONENT,Opponent,T52_S003__HP_PRESSURE,HP_PRESSURE,4,MINIMUM_MULTI_ACTION_ENERGY,BASELINE,BASELINE,Preserve the original expanded case exactly.,"['Ascension', 'Quick Attack']",Ascension | Quick Attack,4,2.0,3.0,-1.0,Quick Attack,0.788,0.15,0.638,True,False,0.788,0.15,0.638,Quick Attack,0.0,0.0,0.0,False,False
4WE_PAIR_016_V02,4WE_PAIR_016_V02__OPPONENT,Opponent,T52_S003__HP_PRESSURE,HP_PRESSURE,4,MINIMUM_MULTI_ACTION_ENERGY,LEGAL_SIGNATURE_ASCENSION_ONLY,LEGAL_STRUCTURE,Expose Ascension as the only legal action.,['Ascension'],Ascension,4,2.0,3.0,-1.0,Ascension,0.07,0.668,-0.5980000000000001,False,True,0.788,0.15,0.638,Quick Attack,-0.718,0.518,-1.2360000000000002,True,True
4WE_PAIR_016_V02,4WE_PAIR_016_V02__OPPONENT,Opponent,T52_S003__HP_PRESSURE,HP_PRESSURE,4,MINIMUM_MULTI_ACTION_ENERGY,LEGAL_SIGNATURE_QUICK_ATTACK_ONLY,LEGAL_STRUCTURE,Expose Quick Attack as the only legal action.,['Quick Attack'],Quick Attack,4,2.0,3.0,-1.0,Ascension,0.188,0.424,-0.236,False,True,0.788,0.15,0.638,Quick Attack,-0.6000000000000001,0.274,-0.874,True,True
4WE_PAIR_016_V02,4WE_PAIR_016_V02__OPPONENT,Opponent,T52_S003__HP_PRESSURE,HP_PRESSURE,4,MINIMUM_MULTI_ACTION_ENERGY,LOW_ACTING_ENERGY,ENERGY_STATE,Reduce the acting Pokémon to one attached energy.,"['Ascension', 'Quick Attack']",Ascension | Quick Attack,4,1.0,3.0,-2.0,Quick Attack,0.786,0.15,0.636,True,False,0.788,0.15,0.638,Quick Attack,-0.0020000000000000018,0.0,-0.0020000000000000018,False,False
4WE_PAIR_016_V02,4WE_PAIR_016_V02__OPPONENT,Opponent,T52_S003__HP_PRESSURE,HP_PRESSURE,4,MINIMUM_MULTI_ACTION_ENERGY,HIGH_ACTING_ENERGY,ENERGY_STATE,Increase the acting Pokémon to four attached energy.,"['Ascension', 'Quick Attack']",Ascension | Quick Attack,4,4.0,3.0,1.0,Quick Attack,0.808,0.128,0.68,True,False,0.788,0.15,0.638,Quick Attack,0.020000000000000018,-0.021999999999999992,0.04200000000000004,False,False
4WE_PAIR_016_V02,4WE_PAIR_016_V02__OPPONENT,Opponent,T52_S003__HP_PRESSURE,HP_PRESSURE,4,MINIMUM_MULTI_ACTION_ENERGY,ACTING_ENERGY_DISADVANTAGE,ENERGY_STATE,Set acting energy to two and opposing energy to four.,"['Ascension', 'Quick Attack']",Ascension | Quick Attack,4,2.0,4.0,-2.0,Quick Attack,0.788,0.15,0.638,True,False,0.788,0.15,0.638,Quick Attack,0.0,0.0,0.0,False,False
4WE_PAIR_016_V02,4WE_PAIR_016_V02__OPPONENT,Opponent,T52_S003__HP_PRESSURE,HP_PRESSURE,4,MINIMUM_MULTI_ACTION_ENERGY,ACTING_ENERGY_ADVANTAGE,ENERGY_STATE,Set acting energy to four and opposing energy to one.,"['Ascension', 'Quick Attack']",Ascension | Quick Attack,4,4.0,1.0,3.0,Quick Attack,0.798,0.138,0.66,True,False,0.788,0.15,0.638,Quick Attack,0.010000000000000009,-0.011999999999999983,0.02200000000000002,False,False
4WE_PAIR_016_V02,4WE_PAIR_016_V02__OPPONENT,Opponent,T52_S003__HP_PRESSURE,HP_PRESSURE,4,MINIMUM_MULTI_ACTION_ENERGY,EARLY_TURN,TURN_STATE,Force the decision context to turn one.,"['Ascension', 'Quick Attack']",Ascension | Quick Attack,1,2.0,3.0,-1.0,Quick Attack,0.776,0.142,0.634,True,False,0.788,0.15,0.638,Quick Attack,-0.01200000000000001,-0.008000000000000007,-0.0040000000000000036,False,False
4WE_PAIR_016_V02,4WE_PAIR_016_V02__OPPONENT,Opponent,T52_S003__HP_PRESSURE,HP_PRESSURE,4,MINIMUM_MULTI_ACTION_ENERGY,LATE_TURN,TURN_STATE,Force the decision context to turn twelve.,"['Ascension', 'Quick Attack']",Ascension | Quick Attack,12,2.0,3.0,-1.0,Quick Attack,0.802,0.136,0.666,True,False,0.788,0.15,0.638,Quick Attack,0.014000000000000012,-0.013999999999999985,0.028000000000000025,False,False
4WE_PAIR_016_V02,4WE_PAIR_016_V02__PLAYER,Player,T52_S003__HP_PRESSURE,HP_PRESSURE,4,MINIMUM_MULTI_ACTION_ENERGY,BASELINE,BASELINE,Preserve the original expanded case exactly.,"['Ascension', 'Quick Attack']",Ascension | Quick Attack,4,2.0,3.0,-1.0,Quick Attack,0.796,0.142,0.654,True,False,0.796,0.142,0.654,Quick Attack,0.0,0.0,0.0,False,False
4WE_PAIR_016_V02,4WE_PAIR_016_V02__PLAYER,Player,T52_S003__HP_PRESSURE,HP_PRESSURE,4,MINIMUM_MULTI_ACTION_ENERGY,LEGAL_SIGNATURE_ASCENSION_ONLY,LEGAL_STRUCTURE,Expose Ascension as the only legal action.,['Ascension'],Ascension,4,2.0,3.0,-1.0,Ascension,0.078,0.66,-0.5820000000000001,False,True,0.796,0.142,0.654,Quick Attack,-0.7180000000000001,0.518,-1.2360000000000002,True,True
4WE_PAIR_016_V02,4WE_PAIR_016_V02__PLAYER,Player,T52_S003__HP_PRESSURE,HP_PRESSURE,4,MINIMUM_MULTI_ACTION_ENERGY,LEGAL_SIGNATURE_QUICK_ATTACK_ONLY,LEGAL_STRUCTURE,Expose Quick Attack as the only legal action.,['Quick Attack'],Quick Attack,4,2.0,3.0,-1.0,Ascension,0.196,0.416,-0.21999999999999997,False,True,0.796,0.142,0.654,Quick Attack,-0.6000000000000001,0.274,-0.874,True,True
4WE_PAIR_016_V02,4WE_PAIR_016_V02__PLAYER,Player,T52_S003__HP_PRESSURE,HP_PRESSURE,4,MINIMUM_MULTI_ACTION_ENERGY,LOW_ACTING_ENERGY,ENERGY_STATE,Reduce the acting Pokémon to one attached energy.,"['Ascension', 'Quick Attack']",Ascension | Quick Attack,4,1.0,3.0,-2.0,Quick Attack,0.792,0.146,0.646,True,False,0.796,0.142,0.654,Quick Attack,-0.0040000000000000036,0.0040000000000000036,-0.008000000000000007,False,False
4WE_PAIR_016_V02,4WE_PAIR_016_V02__PLAYER,Player,T52_S003__HP_PRESSURE,HP_PRESSURE,4,MINIMUM_MULTI_ACTION_ENERGY,HIGH_ACTING_ENERGY,ENERGY_STATE,Increase the acting Pokémon to four attached energy.,"['Ascension', 'Quick Attack']",Ascension | Quick Attack,4,4.0,3.0,1.0,Quick Attack,0.81,0.126,0.684,True,False,0.796,0.142,0.654,Quick Attack,0.014000000000000012,-0.015999999999999986,0.030000000000000027,False,False
4WE_PAIR_016_V02,4WE_PAIR_016_V02__PLAYER,Player,T52_S003__HP_PRESSURE,HP_PRESSURE,4,MINIMUM_MULTI_ACTION_ENERGY,ACTING_ENERGY_DISADVANTAGE,ENERGY_STATE,Set acting energy to two and opposing energy to four.,"['Ascension', 'Quick Attack']",Ascension | Quick Attack,4,2.0,4.0,-2.0,Quick Attack,0.796,0.142,0.654,True,False,0.796,0.142,0.654,Quick Attack,0.0,0.0,0.0,False,False
4WE_PAIR_016_V02,4WE_PAIR_016_V02__PLAYER,Player,T52_S003__HP_PRESSURE,HP_PRESSURE,4,MINIMUM_MULTI_ACTION_ENERGY,ACTING_ENERGY_ADVANTAGE,ENERGY_STATE,Set acting energy to four and opposing energy to one.,"['Ascension', 'Quick Attack']",Ascension | Quick Attack,4,4.0,1.0,3.0,Quick Attack,0.802,0.132,0.67,True,False,0.796,0.142,0.654,Quick Attack,0.006000000000000005,-0.009999999999999981,0.016000000000000014,False,False
4WE_PAIR_016_V02,4WE_PAIR_016_V02__PLAYER,Player,T52_S003__HP_PRESSURE,HP_PRESSURE,4,MINIMUM_MULTI_ACTION_ENERGY,EARLY_TURN,TURN_STATE,Force the decision context to turn one.,"['Ascension', 'Quick Attack']",Ascension | Quick Attack,1,2.0,3.0,-1.0,Quick Attack,0.784,0.134,0.65,True,False,0.796,0.142,0.654,Quick Attack,-0.01200000000000001,-0.00799999999999998,-0.0040000000000000036,False,False
4WE_PAIR_016_V02,4WE_PAIR_016_V02__PLAYER,Player,T52_S003__HP_PRESSURE,HP_PRESSURE,4,MINIMUM_MULTI_ACTION_ENERGY,LATE_TURN,TURN_STATE,Force the decision context to turn twelve.,"['Ascension', 'Quick Attack']",Ascension | Quick Attack,12,2.0,3.0,-1.0,Quick Attack,0.81,0.128,0.682,True,False,0.796,0.142,0.654,Quick Attack,0.014000000000000012,-0.013999999999999985,0.028000000000000025,False,False
4WE_PAIR_016_V03,4WE_PAIR_016_V03__OPPONENT,Opponent,T52_S003__HP_PRESSURE,HP_PRESSURE,4,SYMMETRIC_TWO_ENERGY,BASELINE,BASELINE,Preserve the original expanded case exactly.,"['Ascension', 'Quick Attack']",Ascension | Quick Attack,4,2.0,2.0,0.0,Quick Attack,0.788,0.15,0.638,True,False,0.788,0.15,0.638,Quick Attack,0.0,0.0,0.0,False,False
4WE_PAIR_016_V03,4WE_PAIR_016_V03__OPPONENT,Opponent,T52_S003__HP_PRESSURE,HP_PRESSURE,4,SYMMETRIC_TWO_ENERGY,LEGAL_SIGNATURE_ASCENSION_ONLY,LEGAL_STRUCTURE,Expose Ascension as the only legal action.,['Ascension'],Ascension,4,2.0,2.0,0.0,Ascension,0.07,0.668,-0.5980000000000001,False,True,0.788,0.15,0.638,Quick Attack,-0.718,0.518,-1.2360000000000002,True,True
4WE_PAIR_016_V03,4WE_PAIR_016_V03__OPPONENT,Opponent,T52_S003__HP_PRESSURE,HP_PRESSURE,4,SYMMETRIC_TWO_ENERGY,LEGAL_SIGNATURE_QUICK_ATTACK_ONLY,LEGAL_STRUCTURE,Expose Quick Attack as the only legal action.,['Quick Attack'],Quick Attack,4,2.0,2.0,0.0,Ascension,0.188,0.424,-0.236,False,True,0.788,0.15,0.638,Quick Attack,-0.6000000000000001,0.274,-0.874,True,True
4WE_PAIR_016_V03,4WE_PAIR_016_V03__OPPONENT,Opponent,T52_S003__HP_PRESSURE,HP_PRESSURE,4,SYMMETRIC_TWO_ENERGY,LOW_ACTING_ENERGY,ENERGY_STATE,Reduce the acting Pokémon to one attached energy.,"['Ascension', 'Quick Attack']",Ascension | Quick Attack,4,1.0,2.0,-1.0,Quick Attack,0.786,0.15,0.636,True,False,0.788,0.15,0.638,Quick Attack,-0.0020000000000000018,0.0,-0.0020000000000000018,False,False
4WE_PAIR_016_V03,4WE_PAIR_016_V03__OPPONENT,Opponent,T52_S003__HP_PRESSURE,HP_PRESSURE,4,SYMMETRIC_TWO_ENERGY,HIGH_ACTING_ENERGY,ENERGY_STATE,Increase the acting Pokémon to four attached energy.,"['Ascension', 'Quick Attack']",Ascension | Quick Attack,4,4.0,2.0,2.0,Quick Attack,0.808,0.128,0.68,True,False,0.788,0.15,0.638,Quick Attack,0.020000000000000018,-0.021999999999999992,0.04200000000000004,False,False
4WE_PAIR_016_V03,4WE_PAIR_016_V03__OPPONENT,Opponent,T52_S003__HP_PRESSURE,HP_PRESSURE,4,SYMMETRIC_TWO_ENERGY,ACTING_ENERGY_DISADVANTAGE,ENERGY_STATE,Set acting energy to two and opposing energy to four.,"['Ascension', 'Quick Attack']",Ascension | Quick Attack,4,2.0,4.0,-2.0,Quick Attack,0.788,0.15,0.638,True,False,0.788,0.15,0.638,Quick Attack,0.0,0.0,0.0,False,False
4WE_PAIR_016_V03,4WE_PAIR_016_V03__OPPONENT,Opponent,T52_S003__HP_PRESSURE,HP_PRESSURE,4,SYMMETRIC_TWO_ENERGY,ACTING_ENERGY_ADVANTAGE,ENERGY_STATE,Set acting energy to four and opposing energy to one.,"['Ascension', 'Quick Attack']",Ascension | Quick Attack,4,4.0,1.0,3.0,Quick Attack,0.798,0.138,0.66,True,False,0.788,0.15,0.638,Quick Attack,0.010000000000000009,-0.011999999999999983,0.02200000000000002,False,False
4WE_PAIR_016_V03,4WE_PAIR_016_V03__OPPONENT,Opponent,T52_S003__HP_PRESSURE,HP_PRESSURE,4,SYMMETRIC_TWO_ENERGY,EARLY_TURN,TURN_STATE,Force the decision context to turn one.,"['Ascension', 'Quick Attack']",Ascension | Quick Attack,1,2.0,2.0,0.0,Quick Attack,0.776,0.142,0.634,True,False,0.788,0.15,0.638,Quick Attack,-0.01200000000000001,-0.008000000000000007,-0.0040000000000000036,False,False
4WE_PAIR_016_V03,4WE_PAIR_016_V03__OPPONENT,Opponent,T52_S003__HP_PRESSURE,HP_PRESSURE,4,SYMMETRIC_TWO_ENERGY,LATE_TURN,TURN_STATE,Force the decision context to turn twelve.,"['Ascension', 'Quick Attack']",Ascension | Quick Attack,12,2.0,2.0,0.0,Quick Attack,0.802,0.136,0.666,True,False,0.788,0.15,0.638,Quick Attack,0.014000000000000012,-0.013999999999999985,0.028000000000000025,False,False
4WE_PAIR_016_V03,4WE_PAIR_016_V03__PLAYER,Player,T52_S003__HP_PRESSURE,HP_PRESSURE,4,SYMMETRIC_TWO_ENERGY,BASELINE,BASELINE,Preserve the original expanded case exactly.,"['Ascension', 'Quick Attack']",Ascension | Quick Attack,4,2.0,2.0,0.0,Quick Attack,0.796,0.142,0.654,True,False,0.796,0.142,0.654,Quick Attack,0.0,0.0,0.0,False,False
4WE_PAIR_016_V03,4WE_PAIR_016_V03__PLAYER,Player,T52_S003__HP_PRESSURE,HP_PRESSURE,4,SYMMETRIC_TWO_ENERGY,LEGAL_SIGNATURE_ASCENSION_ONLY,LEGAL_STRUCTURE,Expose Ascension as the only legal action.,['Ascension'],Ascension,4,2.0,2.0,0.0,Ascension,0.076,0.662,-0.5860000000000001,False,True,0.796,0.142,0.654,Quick Attack,-0.7200000000000001,0.52,-1.2400000000000002,True,True
4WE_PAIR_016_V03,4WE_PAIR_016_V03__PLAYER,Player,T52_S003__HP_PRESSURE,HP_PRESSURE,4,SYMMETRIC_TWO_ENERGY,LEGAL_SIGNATURE_QUICK_ATTACK_ONLY,LEGAL_STRUCTURE,Expose Quick Attack as the only legal action.,['Quick Attack'],Quick Attack,4,2.0,2.0,0.0,Ascension,0.194,0.418,-0.22399999999999998,False,True,0.796,0.142,0.654,Quick Attack,-0.6020000000000001,0.276,-0.878,True,True
4WE_PAIR_016_V03,4WE_PAIR_016_V03__PLAYER,Player,T52_S003__HP_PRESSURE,HP_PRESSURE,4,SYMMETRIC_TWO_ENERGY,LOW_ACTING_ENERGY,ENERGY_STATE,Reduce the acting Pokémon to one attached energy.,"['Ascension', 'Quick Attack']",Ascension | Quick Attack,4,1.0,2.0,-1.0,Quick Attack,0.792,0.146,0.646,True,False,0.796,0.142,0.654,Quick Attack,-0.0040000000000000036,0.0040000000000000036,-0.008000000000000007,False,False
4WE_PAIR_016_V03,4WE_PAIR_016_V03__PLAYER,Player,T52_S003__HP_PRESSURE,HP_PRESSURE,4,SYMMETRIC_TWO_ENERGY,HIGH_ACTING_ENERGY,ENERGY_STATE,Increase the acting Pokémon to four attached energy.,"['Ascension', 'Quick Attack']",Ascension | Quick Attack,4,4.0,2.0,2.0,Quick Attack,0.81,0.126,0.684,True,False,0.796,0.142,0.654,Quick Attack,0.014000000000000012,-0.015999999999999986,0.030000000000000027,False,False
4WE_PAIR_016_V03,4WE_PAIR_016_V03__PLAYER,Player,T52_S003__HP_PRESSURE,HP_PRESSURE,4,SYMMETRIC_TWO_ENERGY,ACTING_ENERGY_DISADVANTAGE,ENERGY_STATE,Set acting energy to two and opposing energy to four.,"['Ascension', 'Quick Attack']",Ascension | Quick Attack,4,2.0,4.0,-2.0,Quick Attack,0.796,0.142,0.654,True,False,0.796,0.142,0.654,Quick Attack,0.0,0.0,0.0,False,False
4WE_PAIR_016_V03,4WE_PAIR_016_V03__PLAYER,Player,T52_S003__HP_PRESSURE,HP_PRESSURE,4,SYMMETRIC_TWO_ENERGY,ACTING_ENERGY_ADVANTAGE,ENERGY_STATE,Set acting energy to four and opposing energy to one.,"['Ascension', 'Quick Attack']",Ascension | Quick Attack,4,4.0,1.0,3.0,Quick Attack,0.802,0.132,0.67,True,False,0.796,0.142,0.654,Quick Attack,0.006000000000000005,-0.009999999999999981,0.016000000000000014,False,False
4WE_PAIR_016_V03,4WE_PAIR_016_V03__PLAYER,Player,T52_S003__HP_PRESSURE,HP_PRESSURE,4,SYMMETRIC_TWO_ENERGY,EARLY_TURN,TURN_STATE,Force the decision context to turn one.,"['Ascension', 'Quick Attack']",Ascension | Quick Attack,1,2.0,2.0,0.0,Quick Attack,0.784,0.134,0.65,True,False,0.796,0.142,0.654,Quick Attack,-0.01200000000000001,-0.00799999999999998,-0.0040000000000000036,False,False
4WE_PAIR_016_V03,4WE_PAIR_016_V03__PLAYER,Player,T52_S003__HP_PRESSURE,HP_PRESSURE,4,SYMMETRIC_TWO_ENERGY,LATE_TURN,TURN_STATE,Force the decision context to turn twelve.,"['Ascension', 'Quick Attack']",Ascension | Quick Attack,12,2.0,2.0,0.0,Quick Attack,0.81,0.128,0.682,True,False,0.796,0.142,0.654,Quick Attack,0.014000000000000012,-0.013999999999999985,0.028000000000000025,False,False
4WE_PAIR_016_V04,4WE_PAIR_016_V04__OPPONENT,Opponent,T52_S003__HP_PRESSURE,HP_PRESSURE,4,EEVEE_ENERGY_ADVANTAGE,BASELINE,BASELINE,Preserve the original expanded case exactly.,"['Ascension', 'Quick Attack']",Ascension | Quick Attack,4,3.0,2.0,1.0,Quick Attack,0.808,0.128,0.68,True,False,0.808,0.128,0.68,Quick Attack,0.0,0.0,0.0,False,False
4WE_PAIR_016_V04,4WE_PAIR_016_V04__OPPONENT,Opponent,T52_S003__HP_PRESSURE,HP_PRESSURE,4,EEVEE_ENERGY_ADVANTAGE,LEGAL_SIGNATURE_ASCENSION_ONLY,LEGAL_STRUCTURE,Expose Ascension as the only legal action.,['Ascension'],Ascension,4,3.0,2.0,1.0,Ascension,0.088,0.644,-0.556,False,True,0.808,0.128,0.68,Quick Attack,-0.7200000000000001,0.516,-1.2360000000000002,True,True
4WE_PAIR_016_V04,4WE_PAIR_016_V04__OPPONENT,Opponent,T52_S003__HP_PRESSURE,HP_PRESSURE,4,EEVEE_ENERGY_ADVANTAGE,LEGAL_SIGNATURE_QUICK_ATTACK_ONLY,LEGAL_STRUCTURE,Expose Quick Attack as the only legal action.,['Quick Attack'],Quick Attack,4,3.0,2.0,1.0,Ascension,0.208,0.402,-0.19400000000000003,False,True,0.808,0.128,0.68,Quick Attack,-0.6000000000000001,0.274,-0.8740000000000001,True,True
4WE_PAIR_016_V04,4WE_PAIR_016_V04__OPPONENT,Opponent,T52_S003__HP_PRESSURE,HP_PRESSURE,4,EEVEE_ENERGY_ADVANTAGE,LOW_ACTING_ENERGY,ENERGY_STATE,Reduce the acting Pokémon to one attached energy.,"['Ascension', 'Quick Attack']",Ascension | Quick Attack,4,1.0,2.0,-1.0,Quick Attack,0.786,0.15,0.636,True,False,0.808,0.128,0.68,Quick Attack,-0.02200000000000002,0.021999999999999992,-0.04400000000000004,False,False
4WE_PAIR_016_V04,4WE_PAIR_016_V04__OPPONENT,Opponent,T52_S003__HP_PRESSURE,HP_PRESSURE,4,EEVEE_ENERGY_ADVANTAGE,HIGH_ACTING_ENERGY,ENERGY_STATE,Increase the acting Pokémon to four attached energy.,"['Ascension', 'Quick Attack']",Ascension | Quick Attack,4,4.0,2.0,2.0,Quick Attack,0.808,0.128,0.68,True,False,0.808,0.128,0.68,Quick Attack,0.0,0.0,0.0,False,False
4WE_PAIR_016_V04,4WE_PAIR_016_V04__OPPONENT,Opponent,T52_S003__HP_PRESSURE,HP_PRESSURE,4,EEVEE_ENERGY_ADVANTAGE,ACTING_ENERGY_DISADVANTAGE,ENERGY_STATE,Set acting energy to two and opposing energy to four.,"['Ascension', 'Quick Attack']",Ascension | Quick Attack,4,2.0,4.0,-2.0,Quick Attack,0.788,0.15,0.638,True,False,0.808,0.128,0.68,Quick Attack,-0.020000000000000018,0.021999999999999992,-0.04200000000000004,False,False
4WE_PAIR_016_V04,4WE_PAIR_016_V04__OPPONENT,Opponent,T52_S003__HP_PRESSURE,HP_PRESSURE,4,EEVEE_ENERGY_ADVANTAGE,ACTING_ENERGY_ADVANTAGE,ENERGY_STATE,Set acting energy to four and opposing energy to one.,"['Ascension', 'Quick Attack']",Ascension | Quick Attack,4,4.0,1.0,3.0,Quick Attack,0.798,0.138,0.66,True,False,0.808,0.128,0.68,Quick Attack,-0.010000000000000009,0.010000000000000009,-0.020000000000000018,False,False
4WE_PAIR_016_V04,4WE_PAIR_016_V04__OPPONENT,Opponent,T52_S003__HP_PRESSURE,HP_PRESSURE,4,EEVEE_ENERGY_ADVANTAGE,EARLY_TURN,TURN_STATE,Force the decision context to turn one.,"['Ascension', 'Quick Attack']",Ascension | Quick Attack,1,3.0,2.0,1.0,Quick Attack,0.796,0.12,0.676,True,False,0.808,0.128,0.68,Quick Attack,-0.01200000000000001,-0.008000000000000007,-0.0040000000000000036,False,False
4WE_PAIR_016_V04,4WE_PAIR_016_V04__OPPONENT,Opponent,T52_S003__HP_PRESSURE,HP_PRESSURE,4,EEVEE_ENERGY_ADVANTAGE,LATE_TURN,TURN_STATE,Force the decision context to turn twelve.,"['Ascension', 'Quick Attack']",Ascension | Quick Attack,12,3.0,2.0,1.0,Quick Attack,0.822,0.114,0.708,True,False,0.808,0.128,0.68,Quick Attack,0.013999999999999901,-0.013999999999999999,0.027999999999999914,False,False
4WE_PAIR_016_V04,4WE_PAIR_016_V04__PLAYER,Player,T52_S003__HP_PRESSURE,HP_PRESSURE,4,EEVEE_ENERGY_ADVANTAGE,BASELINE,BASELINE,Preserve the original expanded case exactly.,"['Ascension', 'Quick Attack']",Ascension | Quick Attack,4,3.0,2.0,1.0,Quick Attack,0.81,0.126,0.684,True,False,0.81,0.126,0.684,Quick Attack,0.0,0.0,0.0,False,False
4WE_PAIR_016_V04,4WE_PAIR_016_V04__PLAYER,Player,T52_S003__HP_PRESSURE,HP_PRESSURE,4,EEVEE_ENERGY_ADVANTAGE,LEGAL_SIGNATURE_ASCENSION_ONLY,LEGAL_STRUCTURE,Expose Ascension as the only legal action.,['Ascension'],Ascension,4,3.0,2.0,1.0,Ascension,0.086,0.646,-0.56,False,True,0.81,0.126,0.684,Quick Attack,-0.7240000000000001,0.52,-1.2440000000000002,True,True
4WE_PAIR_016_V04,4WE_PAIR_016_V04__PLAYER,Player,T52_S003__HP_PRESSURE,HP_PRESSURE,4,EEVEE_ENERGY_ADVANTAGE,LEGAL_SIGNATURE_QUICK_ATTACK_ONLY,LEGAL_STRUCTURE,Expose Quick Attack as the only legal action.,['Quick Attack'],Quick Attack,4,3.0,2.0,1.0,Ascension,0.206,0.404,-0.19800000000000004,False,True,0.81,0.126,0.684,Quick Attack,-0.6040000000000001,0.278,-0.8820000000000001,True,True
4WE_PAIR_016_V04,4WE_PAIR_016_V04__PLAYER,Player,T52_S003__HP_PRESSURE,HP_PRESSURE,4,EEVEE_ENERGY_ADVANTAGE,LOW_ACTING_ENERGY,ENERGY_STATE,Reduce the acting Pokémon to one attached energy.,"['Ascension', 'Quick Attack']",Ascension | Quick Attack,4,1.0,2.0,-1.0,Quick Attack,0.792,0.146,0.646,True,False,0.81,0.126,0.684,Quick Attack,-0.018000000000000016,0.01999999999999999,-0.038000000000000034,False,False
4WE_PAIR_016_V04,4WE_PAIR_016_V04__PLAYER,Player,T52_S003__HP_PRESSURE,HP_PRESSURE,4,EEVEE_ENERGY_ADVANTAGE,HIGH_ACTING_ENERGY,ENERGY_STATE,Increase the acting Pokémon to four attached energy.,"['Ascension', 'Quick Attack']",Ascension | Quick Attack,4,4.0,2.0,2.0,Quick Attack,0.81,0.126,0.684,True,False,0.81,0.126,0.684,Quick Attack,0.0,0.0,0.0,False,False
4WE_PAIR_016_V04,4WE_PAIR_016_V04__PLAYER,Player,T52_S003__HP_PRESSURE,HP_PRESSURE,4,EEVEE_ENERGY_ADVANTAGE,ACTING_ENERGY_DISADVANTAGE,ENERGY_STATE,Set acting energy to two and opposing energy to four.,"['Ascension', 'Quick Attack']",Ascension | Quick Attack,4,2.0,4.0,-2.0,Quick Attack,0.796,0.142,0.654,True,False,0.81,0.126,0.684,Quick Attack,-0.014000000000000012,0.015999999999999986,-0.030000000000000027,False,False
4WE_PAIR_016_V04,4WE_PAIR_016_V04__PLAYER,Player,T52_S003__HP_PRESSURE,HP_PRESSURE,4,EEVEE_ENERGY_ADVANTAGE,ACTING_ENERGY_ADVANTAGE,ENERGY_STATE,Set acting energy to four and opposing energy to one.,"['Ascension', 'Quick Attack']",Ascension | Quick Attack,4,4.0,1.0,3.0,Quick Attack,0.802,0.132,0.67,True,False,0.81,0.126,0.684,Quick Attack,-0.008000000000000007,0.006000000000000005,-0.014000000000000012,False,False
4WE_PAIR_016_V04,4WE_PAIR_016_V04__PLAYER,Player,T52_S003__HP_PRESSURE,HP_PRESSURE,4,EEVEE_ENERGY_ADVANTAGE,EARLY_TURN,TURN_STATE,Force the decision context to turn one.,"['Ascension', 'Quick Attack']",Ascension | Quick Attack,1,3.0,2.0,1.0,Quick Attack,0.798,0.118,0.68,True,False,0.81,0.126,0.684,Quick Attack,-0.01200000000000001,-0.008000000000000007,-0.0040000000000000036,False,False
4WE_PAIR_016_V04,4WE_PAIR_016_V04__PLAYER,Player,T52_S003__HP_PRESSURE,HP_PRESSURE,4,EEVEE_ENERGY_ADVANTAGE,LATE_TURN,TURN_STATE,Force the decision context to turn twelve.,"['Ascension', 'Quick Attack']",Ascension | Quick Attack,12,3.0,2.0,1.0,Quick Attack,0.824,0.112,0.712,True,False,0.81,0.126,0.684,Quick Attack,0.013999999999999901,-0.013999999999999999,0.027999999999999914,False,False
4WE_PAIR_017_V01,4WE_PAIR_017_V01__OPPONENT,Opponent,T52_S004__BASELINE,BASELINE,1,OBSERVED_ENERGY_CONTEXT,BASELINE,BASELINE,Preserve the original expanded case exactly.,"['Ascension', 'Quick Attack']",Ascension | Quick Attack,1,3.0,3.0,0.0,Quick Attack,0.702,0.176,0.526,True,False,0.702,0.176,0.526,Quick Attack,0.0,0.0,0.0,False,False
4WE_PAIR_017_V01,4WE_PAIR_017_V01__OPPONENT,Opponent,T52_S004__BASELINE,BASELINE,1,OBSERVED_ENERGY_CONTEXT,LEGAL_SIGNATURE_ASCENSION_ONLY,LEGAL_STRUCTURE,Expose Ascension as the only legal action.,['Ascension'],Ascension,1,3.0,3.0,0.0,Ascension,0.042,0.606,-0.564,False,True,0.702,0.176,0.526,Quick Attack,-0.6599999999999999,0.43,-1.0899999999999999,True,True
4WE_PAIR_017_V01,4WE_PAIR_017_V01__OPPONENT,Opponent,T52_S004__BASELINE,BASELINE,1,OBSERVED_ENERGY_CONTEXT,LEGAL_SIGNATURE_QUICK_ATTACK_ONLY,LEGAL_STRUCTURE,Expose Quick Attack as the only legal action.,['Quick Attack'],Quick Attack,1,3.0,3.0,0.0,Ascension,0.154,0.374,-0.22,False,True,0.702,0.176,0.526,Quick Attack,-0.5479999999999999,0.198,-0.746,True,True
4WE_PAIR_017_V01,4WE_PAIR_017_V01__OPPONENT,Opponent,T52_S004__BASELINE,BASELINE,1,OBSERVED_ENERGY_CONTEXT,LOW_ACTING_ENERGY,ENERGY_STATE,Reduce the acting Pokémon to one attached energy.,"['Ascension', 'Quick Attack']",Ascension | Quick Attack,1,1.0,3.0,-2.0,Quick Attack,0.694,0.184,0.51,True,False,0.702,0.176,0.526,Quick Attack,-0.008000000000000007,0.008000000000000007,-0.016000000000000014,False,False
4WE_PAIR_017_V01,4WE_PAIR_017_V01__OPPONENT,Opponent,T52_S004__BASELINE,BASELINE,1,OBSERVED_ENERGY_CONTEXT,HIGH_ACTING_ENERGY,ENERGY_STATE,Increase the acting Pokémon to four attached energy.,"['Ascension', 'Quick Attack']",Ascension | Quick Attack,1,4.0,3.0,1.0,Quick Attack,0.708,0.17,0.5379999999999999,True,False,0.702,0.176,0.526,Quick Attack,0.006000000000000005,-0.005999999999999978,0.0119999999999999,False,False
4WE_PAIR_017_V01,4WE_PAIR_017_V01__OPPONENT,Opponent,T52_S004__BASELINE,BASELINE,1,OBSERVED_ENERGY_CONTEXT,ACTING_ENERGY_DISADVANTAGE,ENERGY_STATE,Set acting energy to two and opposing energy to four.,"['Ascension', 'Quick Attack']",Ascension | Quick Attack,1,2.0,4.0,-2.0,Quick Attack,0.698,0.182,0.516,True,False,0.702,0.176,0.526,Quick Attack,-0.0040000000000000036,0.006000000000000005,-0.010000000000000009,False,False
4WE_PAIR_017_V01,4WE_PAIR_017_V01__OPPONENT,Opponent,T52_S004__BASELINE,BASELINE,1,OBSERVED_ENERGY_CONTEXT,ACTING_ENERGY_ADVANTAGE,ENERGY_STATE,Set acting energy to four and opposing energy to one.,"['Ascension', 'Quick Attack']",Ascension | Quick Attack,1,4.0,1.0,3.0,Quick Attack,0.704,0.174,0.53,True,False,0.702,0.176,0.526,Quick Attack,0.0020000000000000018,-0.0020000000000000018,0.0040000000000000036,False,False
4WE_PAIR_017_V01,4WE_PAIR_017_V01__OPPONENT,Opponent,T52_S004__BASELINE,BASELINE,1,OBSERVED_ENERGY_CONTEXT,EARLY_TURN,TURN_STATE,Force the decision context to turn one.,"['Ascension', 'Quick Attack']",Ascension | Quick Attack,1,3.0,3.0,0.0,Quick Attack,0.702,0.176,0.526,True,False,0.702,0.176,0.526,Quick Attack,0.0,0.0,0.0,False,False
4WE_PAIR_017_V01,4WE_PAIR_017_V01__OPPONENT,Opponent,T52_S004__BASELINE,BASELINE,1,OBSERVED_ENERGY_CONTEXT,LATE_TURN,TURN_STATE,Force the decision context to turn twelve.,"['Ascension', 'Quick Attack']",Ascension | Quick Attack,12,3.0,3.0,0.0,Quick Attack,0.718,0.18,0.538,True,False,0.702,0.176,0.526,Quick Attack,0.016000000000000014,0.0040000000000000036,0.01200000000000001,False,False
4WE_PAIR_017_V01,4WE_PAIR_017_V01__PLAYER,Player,T52_S004__BASELINE,BASELINE,1,OBSERVED_ENERGY_CONTEXT,BASELINE,BASELINE,Preserve the original expanded case exactly.,"['Ascension', 'Quick Attack']",Ascension | Quick Attack,1,3.0,3.0,0.0,Quick Attack,0.704,0.174,0.53,True,False,0.704,0.174,0.53,Quick Attack,0.0,0.0,0.0,False,False
4WE_PAIR_017_V01,4WE_PAIR_017_V01__PLAYER,Player,T52_S004__BASELINE,BASELINE,1,OBSERVED_ENERGY_CONTEXT,LEGAL_SIGNATURE_ASCENSION_ONLY,LEGAL_STRUCTURE,Expose Ascension as the only legal action.,['Ascension'],Ascension,1,3.0,3.0,0.0,Ascension,0.042,0.604,-0.5619999999999999,False,True,0.704,0.174,0.53,Quick Attack,-0.6619999999999999,0.43,-1.092,True,True
4WE_PAIR_017_V01,4WE_PAIR_017_V01__PLAYER,Player,T52_S004__BASELINE,BASELINE,1,OBSERVED_ENERGY_CONTEXT,LEGAL_SIGNATURE_QUICK_ATTACK_ONLY,LEGAL_STRUCTURE,Expose Quick Attack as the only legal action.,['Quick Attack'],Quick Attack,1,3.0,3.0,0.0,Ascension,0.154,0.372,-0.218,False,True,0.704,0.174,0.53,Quick Attack,-0.5499999999999999,0.198,-0.748,True,True
4WE_PAIR_017_V01,4WE_PAIR_017_V01__PLAYER,Player,T52_S004__BASELINE,BASELINE,1,OBSERVED_ENERGY_CONTEXT,LOW_ACTING_ENERGY,ENERGY_STATE,Reduce the acting Pokémon to one attached energy.,"['Ascension', 'Quick Attack']",Ascension | Quick Attack,1,1.0,3.0,-2.0,Quick Attack,0.696,0.184,0.512,True,False,0.704,0.174,0.53,Quick Attack,-0.008000000000000007,0.010000000000000009,-0.018000000000000016,False,False
4WE_PAIR_017_V01,4WE_PAIR_017_V01__PLAYER,Player,T52_S004__BASELINE,BASELINE,1,OBSERVED_ENERGY_CONTEXT,HIGH_ACTING_ENERGY,ENERGY_STATE,Increase the acting Pokémon to four attached energy.,"['Ascension', 'Quick Attack']",Ascension | Quick Attack,1,4.0,3.0,1.0,Quick Attack,0.708,0.17,0.5379999999999999,True,False,0.704,0.174,0.53,Quick Attack,0.0040000000000000036,-0.003999999999999976,0.007999999999999896,False,False
4WE_PAIR_017_V01,4WE_PAIR_017_V01__PLAYER,Player,T52_S004__BASELINE,BASELINE,1,OBSERVED_ENERGY_CONTEXT,ACTING_ENERGY_DISADVANTAGE,ENERGY_STATE,Set acting energy to two and opposing energy to four.,"['Ascension', 'Quick Attack']",Ascension | Quick Attack,1,2.0,4.0,-2.0,Quick Attack,0.702,0.178,0.524,True,False,0.704,0.174,0.53,Quick Attack,-0.0020000000000000018,0.0040000000000000036,-0.006000000000000005,False,False
4WE_PAIR_017_V01,4WE_PAIR_017_V01__PLAYER,Player,T52_S004__BASELINE,BASELINE,1,OBSERVED_ENERGY_CONTEXT,ACTING_ENERGY_ADVANTAGE,ENERGY_STATE,Set acting energy to four and opposing energy to one.,"['Ascension', 'Quick Attack']",Ascension | Quick Attack,1,4.0,1.0,3.0,Quick Attack,0.704,0.172,0.532,True,False,0.704,0.174,0.53,Quick Attack,0.0,-0.0020000000000000018,0.0020000000000000018,False,False
4WE_PAIR_017_V01,4WE_PAIR_017_V01__PLAYER,Player,T52_S004__BASELINE,BASELINE,1,OBSERVED_ENERGY_CONTEXT,EARLY_TURN,TURN_STATE,Force the decision context to turn one.,"['Ascension', 'Quick Attack']",Ascension | Quick Attack,1,3.0,3.0,0.0,Quick Attack,0.704,0.174,0.53,True,False,0.704,0.174,0.53,Quick Attack,0.0,0.0,0.0,False,False
4WE_PAIR_017_V01,4WE_PAIR_017_V01__PLAYER,Player,T52_S004__BASELINE,BASELINE,1,OBSERVED_ENERGY_CONTEXT,LATE_TURN,TURN_STATE,Force the decision context to turn twelve.,"['Ascension', 'Quick Attack']",Ascension | Quick Attack,12,3.0,3.0,0.0,Quick Attack,0.72,0.178,0.542,True,False,0.704,0.174,0.53,Quick Attack,0.016000000000000014,0.0040000000000000036,0.01200000000000001,False,False
4WE_PAIR_017_V02,4WE_PAIR_017_V02__OPPONENT,Opponent,T52_S004__BASELINE,BASELINE,1,MINIMUM_MULTI_ACTION_ENERGY,BASELINE,BASELINE,Preserve the original expanded case exactly.,"['Ascension', 'Quick Attack']",Ascension | Quick Attack,1,2.0,3.0,-1.0,Quick Attack,0.696,0.184,0.512,True,False,0.696,0.184,0.512,Quick Attack,0.0,0.0,0.0,False,False
4WE_PAIR_017_V02,4WE_PAIR_017_V02__OPPONENT,Opponent,T52_S004__BASELINE,BASELINE,1,MINIMUM_MULTI_ACTION_ENERGY,LEGAL_SIGNATURE_ASCENSION_ONLY,LEGAL_STRUCTURE,Expose Ascension as the only legal action.,['Ascension'],Ascension,1,2.0,3.0,-1.0,Ascension,0.04,0.614,-0.574,False,True,0.696,0.184,0.512,Quick Attack,-0.6559999999999999,0.43,-1.0859999999999999,True,True
4WE_PAIR_017_V02,4WE_PAIR_017_V02__OPPONENT,Opponent,T52_S004__BASELINE,BASELINE,1,MINIMUM_MULTI_ACTION_ENERGY,LEGAL_SIGNATURE_QUICK_ATTACK_ONLY,LEGAL_STRUCTURE,Expose Quick Attack as the only legal action.,['Quick Attack'],Quick Attack,1,2.0,3.0,-1.0,Ascension,0.15,0.38,-0.23,False,True,0.696,0.184,0.512,Quick Attack,-0.5459999999999999,0.196,-0.742,True,True
4WE_PAIR_017_V02,4WE_PAIR_017_V02__OPPONENT,Opponent,T52_S004__BASELINE,BASELINE,1,MINIMUM_MULTI_ACTION_ENERGY,LOW_ACTING_ENERGY,ENERGY_STATE,Reduce the acting Pokémon to one attached energy.,"['Ascension', 'Quick Attack']",Ascension | Quick Attack,1,1.0,3.0,-2.0,Quick Attack,0.694,0.184,0.51,True,False,0.696,0.184,0.512,Quick Attack,-0.0020000000000000018,0.0,-0.0020000000000000018,False,False
4WE_PAIR_017_V02,4WE_PAIR_017_V02__OPPONENT,Opponent,T52_S004__BASELINE,BASELINE,1,MINIMUM_MULTI_ACTION_ENERGY,HIGH_ACTING_ENERGY,ENERGY_STATE,Increase the acting Pokémon to four attached energy.,"['Ascension', 'Quick Attack']",Ascension | Quick Attack,1,4.0,3.0,1.0,Quick Attack,0.708,0.17,0.5379999999999999,True,False,0.696,0.184,0.512,Quick Attack,0.01200000000000001,-0.013999999999999985,0.025999999999999912,False,False
4WE_PAIR_017_V02,4WE_PAIR_017_V02__OPPONENT,Opponent,T52_S004__BASELINE,BASELINE,1,MINIMUM_MULTI_ACTION_ENERGY,ACTING_ENERGY_DISADVANTAGE,ENERGY_STATE,Set acting energy to two and opposing energy to four.,"['Ascension', 'Quick Attack']",Ascension | Quick Attack,1,2.0,4.0,-2.0,Quick Attack,0.698,0.182,0.516,True,False,0.696,0.184,0.512,Quick Attack,0.0020000000000000018,-0.0020000000000000018,0.0040000000000000036,False,False
4WE_PAIR_017_V02,4WE_PAIR_017_V02__OPPONENT,Opponent,T52_S004__BASELINE,BASELINE,1,MINIMUM_MULTI_ACTION_ENERGY,ACTING_ENERGY_ADVANTAGE,ENERGY_STATE,Set acting energy to four and opposing energy to one.,"['Ascension', 'Quick Attack']",Ascension | Quick Attack,1,4.0,1.0,3.0,Quick Attack,0.704,0.174,0.53,True,False,0.696,0.184,0.512,Quick Attack,0.008000000000000007,-0.010000000000000009,0.018000000000000016,False,False
4WE_PAIR_017_V02,4WE_PAIR_017_V02__OPPONENT,Opponent,T52_S004__BASELINE,BASELINE,1,MINIMUM_MULTI_ACTION_ENERGY,EARLY_TURN,TURN_STATE,Force the decision context to turn one.,"['Ascension', 'Quick Attack']",Ascension | Quick Attack,1,2.0,3.0,-1.0,Quick Attack,0.696,0.184,0.512,True,False,0.696,0.184,0.512,Quick Attack,0.0,0.0,0.0,False,False
4WE_PAIR_017_V02,4WE_PAIR_017_V02__OPPONENT,Opponent,T52_S004__BASELINE,BASELINE,1,MINIMUM_MULTI_ACTION_ENERGY,LATE_TURN,TURN_STATE,Force the decision context to turn twelve.,"['Ascension', 'Quick Attack']",Ascension | Quick Attack,12,2.0,3.0,-1.0,Quick Attack,0.712,0.188,0.524,True,False,0.696,0.184,0.512,Quick Attack,0.016000000000000014,0.0040000000000000036,0.01200000000000001,False,False
4WE_PAIR_017_V02,4WE_PAIR_017_V02__PLAYER,Player,T52_S004__BASELINE,BASELINE,1,MINIMUM_MULTI_ACTION_ENERGY,BASELINE,BASELINE,Preserve the original expanded case exactly.,"['Ascension', 'Quick Attack']",Ascension | Quick Attack,1,2.0,3.0,-1.0,Quick Attack,0.698,0.182,0.516,True,False,0.698,0.182,0.516,Quick Attack,0.0,0.0,0.0,False,False
4WE_PAIR_017_V02,4WE_PAIR_017_V02__PLAYER,Player,T52_S004__BASELINE,BASELINE,1,MINIMUM_MULTI_ACTION_ENERGY,LEGAL_SIGNATURE_ASCENSION_ONLY,LEGAL_STRUCTURE,Expose Ascension as the only legal action.,['Ascension'],Ascension,1,2.0,3.0,-1.0,Ascension,0.04,0.612,-0.572,False,True,0.698,0.182,0.516,Quick Attack,-0.6579999999999999,0.43,-1.088,True,True
4WE_PAIR_017_V02,4WE_PAIR_017_V02__PLAYER,Player,T52_S004__BASELINE,BASELINE,1,MINIMUM_MULTI_ACTION_ENERGY,LEGAL_SIGNATURE_QUICK_ATTACK_ONLY,LEGAL_STRUCTURE,Expose Quick Attack as the only legal action.,['Quick Attack'],Quick Attack,1,2.0,3.0,-1.0,Ascension,0.15,0.378,-0.228,False,True,0.698,0.182,0.516,Quick Attack,-0.5479999999999999,0.196,-0.744,True,True
4WE_PAIR_017_V02,4WE_PAIR_017_V02__PLAYER,Player,T52_S004__BASELINE,BASELINE,1,MINIMUM_MULTI_ACTION_ENERGY,LOW_ACTING_ENERGY,ENERGY_STATE,Reduce the acting Pokémon to one attached energy.,"['Ascension', 'Quick Attack']",Ascension | Quick Attack,1,1.0,3.0,-2.0,Quick Attack,0.696,0.184,0.512,True,False,0.698,0.182,0.516,Quick Attack,-0.0020000000000000018,0.0020000000000000018,-0.0040000000000000036,False,False
4WE_PAIR_017_V02,4WE_PAIR_017_V02__PLAYER,Player,T52_S004__BASELINE,BASELINE,1,MINIMUM_MULTI_ACTION_ENERGY,HIGH_ACTING_ENERGY,ENERGY_STATE,Increase the acting Pokémon to four attached energy.,"['Ascension', 'Quick Attack']",Ascension | Quick Attack,1,4.0,3.0,1.0,Quick Attack,0.708,0.17,0.5379999999999999,True,False,0.698,0.182,0.516,Quick Attack,0.010000000000000009,-0.011999999999999983,0.02199999999999991,False,False
4WE_PAIR_017_V02,4WE_PAIR_017_V02__PLAYER,Player,T52_S004__BASELINE,BASELINE,1,MINIMUM_MULTI_ACTION_ENERGY,ACTING_ENERGY_DISADVANTAGE,ENERGY_STATE,Set acting energy to two and opposing energy to four.,"['Ascension', 'Quick Attack']",Ascension | Quick Attack,1,2.0,4.0,-2.0,Quick Attack,0.702,0.178,0.524,True,False,0.698,0.182,0.516,Quick Attack,0.0040000000000000036,-0.0040000000000000036,0.008000000000000007,False,False
4WE_PAIR_017_V02,4WE_PAIR_017_V02__PLAYER,Player,T52_S004__BASELINE,BASELINE,1,MINIMUM_MULTI_ACTION_ENERGY,ACTING_ENERGY_ADVANTAGE,ENERGY_STATE,Set acting energy to four and opposing energy to one.,"['Ascension', 'Quick Attack']",Ascension | Quick Attack,1,4.0,1.0,3.0,Quick Attack,0.704,0.172,0.532,True,False,0.698,0.182,0.516,Quick Attack,0.006000000000000005,-0.010000000000000009,0.016000000000000014,False,False
4WE_PAIR_017_V02,4WE_PAIR_017_V02__PLAYER,Player,T52_S004__BASELINE,BASELINE,1,MINIMUM_MULTI_ACTION_ENERGY,EARLY_TURN,TURN_STATE,Force the decision context to turn one.,"['Ascension', 'Quick Attack']",Ascension | Quick Attack,1,2.0,3.0,-1.0,Quick Attack,0.698,0.182,0.516,True,False,0.698,0.182,0.516,Quick Attack,0.0,0.0,0.0,False,False
4WE_PAIR_017_V02,4WE_PAIR_017_V02__PLAYER,Player,T52_S004__BASELINE,BASELINE,1,MINIMUM_MULTI_ACTION_ENERGY,LATE_TURN,TURN_STATE,Force the decision context to turn twelve.,"['Ascension', 'Quick Attack']",Ascension | Quick Attack,12,2.0,3.0,-1.0,Quick Attack,0.714,0.186,0.528,True,False,0.698,0.182,0.516,Quick Attack,0.016000000000000014,0.0040000000000000036,0.01200000000000001,False,False
4WE_PAIR_017_V03,4WE_PAIR_017_V03__OPPONENT,Opponent,T52_S004__BASELINE,BASELINE,1,SYMMETRIC_TWO_ENERGY,BASELINE,BASELINE,Preserve the original expanded case exactly.,"['Ascension', 'Quick Attack']",Ascension | Quick Attack,1,2.0,2.0,0.0,Quick Attack,0.696,0.184,0.512,True,False,0.696,0.184,0.512,Quick Attack,0.0,0.0,0.0,False,False
4WE_PAIR_017_V03,4WE_PAIR_017_V03__OPPONENT,Opponent,T52_S004__BASELINE,BASELINE,1,SYMMETRIC_TWO_ENERGY,LEGAL_SIGNATURE_ASCENSION_ONLY,LEGAL_STRUCTURE,Expose Ascension as the only legal action.,['Ascension'],Ascension,1,2.0,2.0,0.0,Ascension,0.04,0.614,-0.574,False,True,0.696,0.184,0.512,Quick Attack,-0.6559999999999999,0.43,-1.0859999999999999,True,True
4WE_PAIR_017_V03,4WE_PAIR_017_V03__OPPONENT,Opponent,T52_S004__BASELINE,BASELINE,1,SYMMETRIC_TWO_ENERGY,LEGAL_SIGNATURE_QUICK_ATTACK_ONLY,LEGAL_STRUCTURE,Expose Quick Attack as the only legal action.,['Quick Attack'],Quick Attack,1,2.0,2.0,0.0,Ascension,0.15,0.38,-0.23,False,True,0.696,0.184,0.512,Quick Attack,-0.5459999999999999,0.196,-0.742,True,True
4WE_PAIR_017_V03,4WE_PAIR_017_V03__OPPONENT,Opponent,T52_S004__BASELINE,BASELINE,1,SYMMETRIC_TWO_ENERGY,LOW_ACTING_ENERGY,ENERGY_STATE,Reduce the acting Pokémon to one attached energy.,"['Ascension', 'Quick Attack']",Ascension | Quick Attack,1,1.0,2.0,-1.0,Quick Attack,0.694,0.184,0.51,True,False,0.696,0.184,0.512,Quick Attack,-0.0020000000000000018,0.0,-0.0020000000000000018,False,False
4WE_PAIR_017_V03,4WE_PAIR_017_V03__OPPONENT,Opponent,T52_S004__BASELINE,BASELINE,1,SYMMETRIC_TWO_ENERGY,HIGH_ACTING_ENERGY,ENERGY_STATE,Increase the acting Pokémon to four attached energy.,"['Ascension', 'Quick Attack']",Ascension | Quick Attack,1,4.0,2.0,2.0,Quick Attack,0.708,0.17,0.5379999999999999,True,False,0.696,0.184,0.512,Quick Attack,0.01200000000000001,-0.013999999999999985,0.025999999999999912,False,False
4WE_PAIR_017_V03,4WE_PAIR_017_V03__OPPONENT,Opponent,T52_S004__BASELINE,BASELINE,1,SYMMETRIC_TWO_ENERGY,ACTING_ENERGY_DISADVANTAGE,ENERGY_STATE,Set acting energy to two and opposing energy to four.,"['Ascension', 'Quick Attack']",Ascension | Quick Attack,1,2.0,4.0,-2.0,Quick Attack,0.698,0.182,0.516,True,False,0.696,0.184,0.512,Quick Attack,0.0020000000000000018,-0.0020000000000000018,0.0040000000000000036,False,False
4WE_PAIR_017_V03,4WE_PAIR_017_V03__OPPONENT,Opponent,T52_S004__BASELINE,BASELINE,1,SYMMETRIC_TWO_ENERGY,ACTING_ENERGY_ADVANTAGE,ENERGY_STATE,Set acting energy to four and opposing energy to one.,"['Ascension', 'Quick Attack']",Ascension | Quick Attack,1,4.0,1.0,3.0,Quick Attack,0.704,0.174,0.53,True,False,0.696,0.184,0.512,Quick Attack,0.008000000000000007,-0.010000000000000009,0.018000000000000016,False,False
4WE_PAIR_017_V03,4WE_PAIR_017_V03__OPPONENT,Opponent,T52_S004__BASELINE,BASELINE,1,SYMMETRIC_TWO_ENERGY,EARLY_TURN,TURN_STATE,Force the decision context to turn one.,"['Ascension', 'Quick Attack']",Ascension | Quick Attack,1,2.0,2.0,0.0,Quick Attack,0.696,0.184,0.512,True,False,0.696,0.184,0.512,Quick Attack,0.0,0.0,0.0,False,False
4WE_PAIR_017_V03,4WE_PAIR_017_V03__OPPONENT,Opponent,T52_S004__BASELINE,BASELINE,1,SYMMETRIC_TWO_ENERGY,LATE_TURN,TURN_STATE,Force the decision context to turn twelve.,"['Ascension', 'Quick Attack']",Ascension | Quick Attack,12,2.0,2.0,0.0,Quick Attack,0.712,0.188,0.524,True,False,0.696,0.184,0.512,Quick Attack,0.016000000000000014,0.0040000000000000036,0.01200000000000001,False,False
4WE_PAIR_017_V03,4WE_PAIR_017_V03__PLAYER,Player,T52_S004__BASELINE,BASELINE,1,SYMMETRIC_TWO_ENERGY,BASELINE,BASELINE,Preserve the original expanded case exactly.,"['Ascension', 'Quick Attack']",Ascension | Quick Attack,1,2.0,2.0,0.0,Quick Attack,0.698,0.182,0.516,True,False,0.698,0.182,0.516,Quick Attack,0.0,0.0,0.0,False,False
4WE_PAIR_017_V03,4WE_PAIR_017_V03__PLAYER,Player,T52_S004__BASELINE,BASELINE,1,SYMMETRIC_TWO_ENERGY,LEGAL_SIGNATURE_ASCENSION_ONLY,LEGAL_STRUCTURE,Expose Ascension as the only legal action.,['Ascension'],Ascension,1,2.0,2.0,0.0,Ascension,0.04,0.612,-0.572,False,True,0.698,0.182,0.516,Quick Attack,-0.6579999999999999,0.43,-1.088,True,True
4WE_PAIR_017_V03,4WE_PAIR_017_V03__PLAYER,Player,T52_S004__BASELINE,BASELINE,1,SYMMETRIC_TWO_ENERGY,LEGAL_SIGNATURE_QUICK_ATTACK_ONLY,LEGAL_STRUCTURE,Expose Quick Attack as the only legal action.,['Quick Attack'],Quick Attack,1,2.0,2.0,0.0,Ascension,0.15,0.378,-0.228,False,True,0.698,0.182,0.516,Quick Attack,-0.5479999999999999,0.196,-0.744,True,True
4WE_PAIR_017_V03,4WE_PAIR_017_V03__PLAYER,Player,T52_S004__BASELINE,BASELINE,1,SYMMETRIC_TWO_ENERGY,LOW_ACTING_ENERGY,ENERGY_STATE,Reduce the acting Pokémon to one attached energy.,"['Ascension', 'Quick Attack']",Ascension | Quick Attack,1,1.0,2.0,-1.0,Quick Attack,0.696,0.184,0.512,True,False,0.698,0.182,0.516,Quick Attack,-0.0020000000000000018,0.0020000000000000018,-0.0040000000000000036,False,False
4WE_PAIR_017_V03,4WE_PAIR_017_V03__PLAYER,Player,T52_S004__BASELINE,BASELINE,1,SYMMETRIC_TWO_ENERGY,HIGH_ACTING_ENERGY,ENERGY_STATE,Increase the acting Pokémon to four attached energy.,"['Ascension', 'Quick Attack']",Ascension | Quick Attack,1,4.0,2.0,2.0,Quick Attack,0.708,0.17,0.5379999999999999,True,False,0.698,0.182,0.516,Quick Attack,0.010000000000000009,-0.011999999999999983,0.02199999999999991,False,False
4WE_PAIR_017_V03,4WE_PAIR_017_V03__PLAYER,Player,T52_S004__BASELINE,BASELINE,1,SYMMETRIC_TWO_ENERGY,ACTING_ENERGY_DISADVANTAGE,ENERGY_STATE,Set acting energy to two and opposing energy to four.,"['Ascension', 'Quick Attack']",Ascension | Quick Attack,1,2.0,4.0,-2.0,Quick Attack,0.702,0.178,0.524,True,False,0.698,0.182,0.516,Quick Attack,0.0040000000000000036,-0.0040000000000000036,0.008000000000000007,False,False
4WE_PAIR_017_V03,4WE_PAIR_017_V03__PLAYER,Player,T52_S004__BASELINE,BASELINE,1,SYMMETRIC_TWO_ENERGY,ACTING_ENERGY_ADVANTAGE,ENERGY_STATE,Set acting energy to four and opposing energy to one.,"['Ascension', 'Quick Attack']",Ascension | Quick Attack,1,4.0,1.0,3.0,Quick Attack,0.704,0.172,0.532,True,False,0.698,0.182,0.516,Quick Attack,0.006000000000000005,-0.010000000000000009,0.016000000000000014,False,False
4WE_PAIR_017_V03,4WE_PAIR_017_V03__PLAYER,Player,T52_S004__BASELINE,BASELINE,1,SYMMETRIC_TWO_ENERGY,EARLY_TURN,TURN_STATE,Force the decision context to turn one.,"['Ascension', 'Quick Attack']",Ascension | Quick Attack,1,2.0,2.0,0.0,Quick Attack,0.698,0.182,0.516,True,False,0.698,0.182,0.516,Quick Attack,0.0,0.0,0.0,False,False
4WE_PAIR_017_V03,4WE_PAIR_017_V03__PLAYER,Player,T52_S004__BASELINE,BASELINE,1,SYMMETRIC_TWO_ENERGY,LATE_TURN,TURN_STATE,Force the decision context to turn twelve.,"['Ascension', 'Quick Attack']",Ascension | Quick Attack,12,2.0,2.0,0.0,Quick Attack,0.714,0.186,0.528,True,False,0.698,0.182,0.516,Quick Attack,0.016000000000000014,0.0040000000000000036,0.01200000000000001,False,False
4WE_PAIR_017_V04,4WE_PAIR_017_V04__OPPONENT,Opponent,T52_S004__BASELINE,BASELINE,1,EEVEE_ENERGY_ADVANTAGE,BASELINE,BASELINE,Preserve the original expanded case exactly.,"['Ascension', 'Quick Attack']",Ascension | Quick Attack,1,3.0,2.0,1.0,Quick Attack,0.702,0.176,0.526,True,False,0.702,0.176,0.526,Quick Attack,0.0,0.0,0.0,False,False
4WE_PAIR_017_V04,4WE_PAIR_017_V04__OPPONENT,Opponent,T52_S004__BASELINE,BASELINE,1,EEVEE_ENERGY_ADVANTAGE,LEGAL_SIGNATURE_ASCENSION_ONLY,LEGAL_STRUCTURE,Expose Ascension as the only legal action.,['Ascension'],Ascension,1,3.0,2.0,1.0,Ascension,0.042,0.606,-0.564,False,True,0.702,0.176,0.526,Quick Attack,-0.6599999999999999,0.43,-1.0899999999999999,True,True
4WE_PAIR_017_V04,4WE_PAIR_017_V04__OPPONENT,Opponent,T52_S004__BASELINE,BASELINE,1,EEVEE_ENERGY_ADVANTAGE,LEGAL_SIGNATURE_QUICK_ATTACK_ONLY,LEGAL_STRUCTURE,Expose Quick Attack as the only legal action.,['Quick Attack'],Quick Attack,1,3.0,2.0,1.0,Ascension,0.154,0.374,-0.22,False,True,0.702,0.176,0.526,Quick Attack,-0.5479999999999999,0.198,-0.746,True,True
4WE_PAIR_017_V04,4WE_PAIR_017_V04__OPPONENT,Opponent,T52_S004__BASELINE,BASELINE,1,EEVEE_ENERGY_ADVANTAGE,LOW_ACTING_ENERGY,ENERGY_STATE,Reduce the acting Pokémon to one attached energy.,"['Ascension', 'Quick Attack']",Ascension | Quick Attack,1,1.0,2.0,-1.0,Quick Attack,0.694,0.184,0.51,True,False,0.702,0.176,0.526,Quick Attack,-0.008000000000000007,0.008000000000000007,-0.016000000000000014,False,False
4WE_PAIR_017_V04,4WE_PAIR_017_V04__OPPONENT,Opponent,T52_S004__BASELINE,BASELINE,1,EEVEE_ENERGY_ADVANTAGE,HIGH_ACTING_ENERGY,ENERGY_STATE,Increase the acting Pokémon to four attached energy.,"['Ascension', 'Quick Attack']",Ascension | Quick Attack,1,4.0,2.0,2.0,Quick Attack,0.708,0.17,0.5379999999999999,True,False,0.702,0.176,0.526,Quick Attack,0.006000000000000005,-0.005999999999999978,0.0119999999999999,False,False
4WE_PAIR_017_V04,4WE_PAIR_017_V04__OPPONENT,Opponent,T52_S004__BASELINE,BASELINE,1,EEVEE_ENERGY_ADVANTAGE,ACTING_ENERGY_DISADVANTAGE,ENERGY_STATE,Set acting energy to two and opposing energy to four.,"['Ascension', 'Quick Attack']",Ascension | Quick Attack,1,2.0,4.0,-2.0,Quick Attack,0.698,0.182,0.516,True,False,0.702,0.176,0.526,Quick Attack,-0.0040000000000000036,0.006000000000000005,-0.010000000000000009,False,False
4WE_PAIR_017_V04,4WE_PAIR_017_V04__OPPONENT,Opponent,T52_S004__BASELINE,BASELINE,1,EEVEE_ENERGY_ADVANTAGE,ACTING_ENERGY_ADVANTAGE,ENERGY_STATE,Set acting energy to four and opposing energy to one.,"['Ascension', 'Quick Attack']",Ascension | Quick Attack,1,4.0,1.0,3.0,Quick Attack,0.704,0.174,0.53,True,False,0.702,0.176,0.526,Quick Attack,0.0020000000000000018,-0.0020000000000000018,0.0040000000000000036,False,False
4WE_PAIR_017_V04,4WE_PAIR_017_V04__OPPONENT,Opponent,T52_S004__BASELINE,BASELINE,1,EEVEE_ENERGY_ADVANTAGE,EARLY_TURN,TURN_STATE,Force the decision context to turn one.,"['Ascension', 'Quick Attack']",Ascension | Quick Attack,1,3.0,2.0,1.0,Quick Attack,0.702,0.176,0.526,True,False,0.702,0.176,0.526,Quick Attack,0.0,0.0,0.0,False,False
4WE_PAIR_017_V04,4WE_PAIR_017_V04__OPPONENT,Opponent,T52_S004__BASELINE,BASELINE,1,EEVEE_ENERGY_ADVANTAGE,LATE_TURN,TURN_STATE,Force the decision context to turn twelve.,"['Ascension', 'Quick Attack']",Ascension | Quick Attack,12,3.0,2.0,1.0,Quick Attack,0.718,0.18,0.538,True,False,0.702,0.176,0.526,Quick Attack,0.016000000000000014,0.0040000000000000036,0.01200000000000001,False,False
4WE_PAIR_017_V04,4WE_PAIR_017_V04__PLAYER,Player,T52_S004__BASELINE,BASELINE,1,EEVEE_ENERGY_ADVANTAGE,BASELINE,BASELINE,Preserve the original expanded case exactly.,"['Ascension', 'Quick Attack']",Ascension | Quick Attack,1,3.0,2.0,1.0,Quick Attack,0.704,0.174,0.53,True,False,0.704,0.174,0.53,Quick Attack,0.0,0.0,0.0,False,False
4WE_PAIR_017_V04,4WE_PAIR_017_V04__PLAYER,Player,T52_S004__BASELINE,BASELINE,1,EEVEE_ENERGY_ADVANTAGE,LEGAL_SIGNATURE_ASCENSION_ONLY,LEGAL_STRUCTURE,Expose Ascension as the only legal action.,['Ascension'],Ascension,1,3.0,2.0,1.0,Ascension,0.042,0.604,-0.5619999999999999,False,True,0.704,0.174,0.53,Quick Attack,-0.6619999999999999,0.43,-1.092,True,True
4WE_PAIR_017_V04,4WE_PAIR_017_V04__PLAYER,Player,T52_S004__BASELINE,BASELINE,1,EEVEE_ENERGY_ADVANTAGE,LEGAL_SIGNATURE_QUICK_ATTACK_ONLY,LEGAL_STRUCTURE,Expose Quick Attack as the only legal action.,['Quick Attack'],Quick Attack,1,3.0,2.0,1.0,Ascension,0.154,0.372,-0.218,False,True,0.704,0.174,0.53,Quick Attack,-0.5499999999999999,0.198,-0.748,True,True
4WE_PAIR_017_V04,4WE_PAIR_017_V04__PLAYER,Player,T52_S004__BASELINE,BASELINE,1,EEVEE_ENERGY_ADVANTAGE,LOW_ACTING_ENERGY,ENERGY_STATE,Reduce the acting Pokémon to one attached energy.,"['Ascension', 'Quick Attack']",Ascension | Quick Attack,1,1.0,2.0,-1.0,Quick Attack,0.696,0.184,0.512,True,False,0.704,0.174,0.53,Quick Attack,-0.008000000000000007,0.010000000000000009,-0.018000000000000016,False,False
4WE_PAIR_017_V04,4WE_PAIR_017_V04__PLAYER,Player,T52_S004__BASELINE,BASELINE,1,EEVEE_ENERGY_ADVANTAGE,HIGH_ACTING_ENERGY,ENERGY_STATE,Increase the acting Pokémon to four attached energy.,"['Ascension', 'Quick Attack']",Ascension | Quick Attack,1,4.0,2.0,2.0,Quick Attack,0.708,0.17,0.5379999999999999,True,False,0.704,0.174,0.53,Quick Attack,0.0040000000000000036,-0.003999999999999976,0.007999999999999896,False,False
4WE_PAIR_017_V04,4WE_PAIR_017_V04__PLAYER,Player,T52_S004__BASELINE,BASELINE,1,EEVEE_ENERGY_ADVANTAGE,ACTING_ENERGY_DISADVANTAGE,ENERGY_STATE,Set acting energy to two and opposing energy to four.,"['Ascension', 'Quick Attack']",Ascension | Quick Attack,1,2.0,4.0,-2.0,Quick Attack,0.702,0.178,0.524,True,False,0.704,0.174,0.53,Quick Attack,-0.0020000000000000018,0.0040000000000000036,-0.006000000000000005,False,False
4WE_PAIR_017_V04,4WE_PAIR_017_V04__PLAYER,Player,T52_S004__BASELINE,BASELINE,1,EEVEE_ENERGY_ADVANTAGE,ACTING_ENERGY_ADVANTAGE,ENERGY_STATE,Set acting energy to four and opposing energy to one.,"['Ascension', 'Quick Attack']",Ascension | Quick Attack,1,4.0,1.0,3.0,Quick Attack,0.704,0.172,0.532,True,False,0.704,0.174,0.53,Quick Attack,0.0,-0.0020000000000000018,0.0020000000000000018,False,False
4WE_PAIR_017_V04,4WE_PAIR_017_V04__PLAYER,Player,T52_S004__BASELINE,BASELINE,1,EEVEE_ENERGY_ADVANTAGE,EARLY_TURN,TURN_STATE,Force the decision context to turn one.,"['Ascension', 'Quick Attack']",Ascension | Quick Attack,1,3.0,2.0,1.0,Quick Attack,0.704,0.174,0.53,True,False,0.704,0.174,0.53,Quick Attack,0.0,0.0,0.0,False,False
4WE_PAIR_017_V04,4WE_PAIR_017_V04__PLAYER,Player,T52_S004__BASELINE,BASELINE,1,EEVEE_ENERGY_ADVANTAGE,LATE_TURN,TURN_STATE,Force the decision context to turn twelve.,"['Ascension', 'Quick Attack']",Ascension | Quick Attack,12,3.0,2.0,1.0,Quick Attack,0.72,0.178,0.542,True,False,0.704,0.174,0.53,Quick Attack,0.016000000000000014,0.0040000000000000036,0.01200000000000001,False,False
4WE_PAIR_018_V01,4WE_PAIR_018_V01__OPPONENT,Opponent,T52_S004__BASELINE,BASELINE,3,OBSERVED_ENERGY_CONTEXT,BASELINE,BASELINE,Preserve the original expanded case exactly.,"['Ascension', 'Quick Attack']",Ascension | Quick Attack,3,3.0,3.0,0.0,Quick Attack,0.712,0.188,0.524,True,False,0.712,0.188,0.524,Quick Attack,0.0,0.0,0.0,False,False
4WE_PAIR_018_V01,4WE_PAIR_018_V01__OPPONENT,Opponent,T52_S004__BASELINE,BASELINE,3,OBSERVED_ENERGY_CONTEXT,LEGAL_SIGNATURE_ASCENSION_ONLY,LEGAL_STRUCTURE,Expose Ascension as the only legal action.,['Ascension'],Ascension,3,3.0,3.0,0.0,Ascension,0.042,0.65,-0.608,False,True,0.712,0.188,0.524,Quick Attack,-0.6699999999999999,0.462,-1.1320000000000001,True,True
4WE_PAIR_018_V01,4WE_PAIR_018_V01__OPPONENT,Opponent,T52_S004__BASELINE,BASELINE,3,OBSERVED_ENERGY_CONTEXT,LEGAL_SIGNATURE_QUICK_ATTACK_ONLY,LEGAL_STRUCTURE,Expose Quick Attack as the only legal action.,['Quick Attack'],Quick Attack,3,3.0,3.0,0.0,Ascension,0.156,0.406,-0.25,False,True,0.712,0.188,0.524,Quick Attack,-0.5559999999999999,0.21800000000000003,-0.774,True,True
4WE_PAIR_018_V01,4WE_PAIR_018_V01__OPPONENT,Opponent,T52_S004__BASELINE,BASELINE,3,OBSERVED_ENERGY_CONTEXT,LOW_ACTING_ENERGY,ENERGY_STATE,Reduce the acting Pokémon to one attached energy.,"['Ascension', 'Quick Attack']",Ascension | Quick Attack,3,1.0,3.0,-2.0,Quick Attack,0.704,0.196,0.508,True,False,0.712,0.188,0.524,Quick Attack,-0.008000000000000007,0.008000000000000007,-0.016000000000000014,False,False
4WE_PAIR_018_V01,4WE_PAIR_018_V01__OPPONENT,Opponent,T52_S004__BASELINE,BASELINE,3,OBSERVED_ENERGY_CONTEXT,HIGH_ACTING_ENERGY,ENERGY_STATE,Increase the acting Pokémon to four attached energy.,"['Ascension', 'Quick Attack']",Ascension | Quick Attack,3,4.0,3.0,1.0,Quick Attack,0.718,0.182,0.536,True,False,0.712,0.188,0.524,Quick Attack,0.006000000000000005,-0.006000000000000005,0.01200000000000001,False,False
4WE_PAIR_018_V01,4WE_PAIR_018_V01__OPPONENT,Opponent,T52_S004__BASELINE,BASELINE,3,OBSERVED_ENERGY_CONTEXT,ACTING_ENERGY_DISADVANTAGE,ENERGY_STATE,Set acting energy to two and opposing energy to four.,"['Ascension', 'Quick Attack']",Ascension | Quick Attack,3,2.0,4.0,-2.0,Quick Attack,0.708,0.194,0.514,True,False,0.712,0.188,0.524,Quick Attack,-0.0040000000000000036,0.006000000000000005,-0.010000000000000009,False,False
4WE_PAIR_018_V01,4WE_PAIR_018_V01__OPPONENT,Opponent,T52_S004__BASELINE,BASELINE,3,OBSERVED_ENERGY_CONTEXT,ACTING_ENERGY_ADVANTAGE,ENERGY_STATE,Set acting energy to four and opposing energy to one.,"['Ascension', 'Quick Attack']",Ascension | Quick Attack,3,4.0,1.0,3.0,Quick Attack,0.714,0.186,0.528,True,False,0.712,0.188,0.524,Quick Attack,0.0020000000000000018,-0.0020000000000000018,0.0040000000000000036,False,False
4WE_PAIR_018_V01,4WE_PAIR_018_V01__OPPONENT,Opponent,T52_S004__BASELINE,BASELINE,3,OBSERVED_ENERGY_CONTEXT,EARLY_TURN,TURN_STATE,Force the decision context to turn one.,"['Ascension', 'Quick Attack']",Ascension | Quick Attack,1,3.0,3.0,0.0,Quick Attack,0.702,0.176,0.526,True,False,0.712,0.188,0.524,Quick Attack,-0.010000000000000009,-0.01200000000000001,0.0020000000000000018,False,False
4WE_PAIR_018_V01,4WE_PAIR_018_V01__OPPONENT,Opponent,T52_S004__BASELINE,BASELINE,3,OBSERVED_ENERGY_CONTEXT,LATE_TURN,TURN_STATE,Force the decision context to turn twelve.,"['Ascension', 'Quick Attack']",Ascension | Quick Attack,12,3.0,3.0,0.0,Quick Attack,0.718,0.18,0.538,True,False,0.712,0.188,0.524,Quick Attack,0.006000000000000005,-0.008000000000000007,0.014000000000000012,False,False
4WE_PAIR_018_V01,4WE_PAIR_018_V01__PLAYER,Player,T52_S004__BASELINE,BASELINE,3,OBSERVED_ENERGY_CONTEXT,BASELINE,BASELINE,Preserve the original expanded case exactly.,"['Ascension', 'Quick Attack']",Ascension | Quick Attack,3,3.0,3.0,0.0,Quick Attack,0.714,0.186,0.528,True,False,0.714,0.186,0.528,Quick Attack,0.0,0.0,0.0,False,False
4WE_PAIR_018_V01,4WE_PAIR_018_V01__PLAYER,Player,T52_S004__BASELINE,BASELINE,3,OBSERVED_ENERGY_CONTEXT,LEGAL_SIGNATURE_ASCENSION_ONLY,LEGAL_STRUCTURE,Expose Ascension as the only legal action.,['Ascension'],Ascension,3,3.0,3.0,0.0,Ascension,0.042,0.648,-0.606,False,True,0.714,0.186,0.528,Quick Attack,-0.6719999999999999,0.462,-1.134,True,True
4WE_PAIR_018_V01,4WE_PAIR_018_V01__PLAYER,Player,T52_S004__BASELINE,BASELINE,3,OBSERVED_ENERGY_CONTEXT,LEGAL_SIGNATURE_QUICK_ATTACK_ONLY,LEGAL_STRUCTURE,Expose Quick Attack as the only legal action.,['Quick Attack'],Quick Attack,3,3.0,3.0,0.0,Ascension,0.156,0.404,-0.24800000000000003,False,True,0.714,0.186,0.528,Quick Attack,-0.5579999999999999,0.21800000000000003,-0.776,True,True
4WE_PAIR_018_V01,4WE_PAIR_018_V01__PLAYER,Player,T52_S004__BASELINE,BASELINE,3,OBSERVED_ENERGY_CONTEXT,LOW_ACTING_ENERGY,ENERGY_STATE,Reduce the acting Pokémon to one attached energy.,"['Ascension', 'Quick Attack']",Ascension | Quick Attack,3,1.0,3.0,-2.0,Quick Attack,0.706,0.196,0.51,True,False,0.714,0.186,0.528,Quick Attack,-0.008000000000000007,0.010000000000000009,-0.018000000000000016,False,False
4WE_PAIR_018_V01,4WE_PAIR_018_V01__PLAYER,Player,T52_S004__BASELINE,BASELINE,3,OBSERVED_ENERGY_CONTEXT,HIGH_ACTING_ENERGY,ENERGY_STATE,Increase the acting Pokémon to four attached energy.,"['Ascension', 'Quick Attack']",Ascension | Quick Attack,3,4.0,3.0,1.0,Quick Attack,0.718,0.182,0.536,True,False,0.714,0.186,0.528,Quick Attack,0.0040000000000000036,-0.0040000000000000036,0.008000000000000007,False,False
4WE_PAIR_018_V01,4WE_PAIR_018_V01__PLAYER,Player,T52_S004__BASELINE,BASELINE,3,OBSERVED_ENERGY_CONTEXT,ACTING_ENERGY_DISADVANTAGE,ENERGY_STATE,Set acting energy to two and opposing energy to four.,"['Ascension', 'Quick Attack']",Ascension | Quick Attack,3,2.0,4.0,-2.0,Quick Attack,0.712,0.19,0.522,True,False,0.714,0.186,0.528,Quick Attack,-0.0020000000000000018,0.0040000000000000036,-0.006000000000000005,False,False
4WE_PAIR_018_V01,4WE_PAIR_018_V01__PLAYER,Player,T52_S004__BASELINE,BASELINE,3,OBSERVED_ENERGY_CONTEXT,ACTING_ENERGY_ADVANTAGE,ENERGY_STATE,Set acting energy to four and opposing energy to one.,"['Ascension', 'Quick Attack']",Ascension | Quick Attack,3,4.0,1.0,3.0,Quick Attack,0.714,0.184,0.53,True,False,0.714,0.186,0.528,Quick Attack,0.0,-0.0020000000000000018,0.0020000000000000018,False,False
4WE_PAIR_018_V01,4WE_PAIR_018_V01__PLAYER,Player,T52_S004__BASELINE,BASELINE,3,OBSERVED_ENERGY_CONTEXT,EARLY_TURN,TURN_STATE,Force the decision context to turn one.,"['Ascension', 'Quick Attack']",Ascension | Quick Attack,1,3.0,3.0,0.0,Quick Attack,0.704,0.174,0.53,True,False,0.714,0.186,0.528,Quick Attack,-0.010000000000000009,-0.01200000000000001,0.0020000000000000018,False,False
4WE_PAIR_018_V01,4WE_PAIR_018_V01__PLAYER,Player,T52_S004__BASELINE,BASELINE,3,OBSERVED_ENERGY_CONTEXT,LATE_TURN,TURN_STATE,Force the decision context to turn twelve.,"['Ascension', 'Quick Attack']",Ascension | Quick Attack,12,3.0,3.0,0.0,Quick Attack,0.72,0.178,0.542,True,False,0.714,0.186,0.528,Quick Attack,0.006000000000000005,-0.008000000000000007,0.014000000000000012,False,False
4WE_PAIR_018_V02,4WE_PAIR_018_V02__OPPONENT,Opponent,T52_S004__BASELINE,BASELINE,3,MINIMUM_MULTI_ACTION_ENERGY,BASELINE,BASELINE,Preserve the original expanded case exactly.,"['Ascension', 'Quick Attack']",Ascension | Quick Attack,3,2.0,3.0,-1.0,Quick Attack,0.706,0.196,0.51,True,False,0.706,0.196,0.51,Quick Attack,0.0,0.0,0.0,False,False
4WE_PAIR_018_V02,4WE_PAIR_018_V02__OPPONENT,Opponent,T52_S004__BASELINE,BASELINE,3,MINIMUM_MULTI_ACTION_ENERGY,LEGAL_SIGNATURE_ASCENSION_ONLY,LEGAL_STRUCTURE,Expose Ascension as the only legal action.,['Ascension'],Ascension,3,2.0,3.0,-1.0,Ascension,0.04,0.658,-0.618,False,True,0.706,0.196,0.51,Quick Attack,-0.6659999999999999,0.462,-1.1280000000000001,True,True
4WE_PAIR_018_V02,4WE_PAIR_018_V02__OPPONENT,Opponent,T52_S004__BASELINE,BASELINE,3,MINIMUM_MULTI_ACTION_ENERGY,LEGAL_SIGNATURE_QUICK_ATTACK_ONLY,LEGAL_STRUCTURE,Expose Quick Attack as the only legal action.,['Quick Attack'],Quick Attack,3,2.0,3.0,-1.0,Ascension,0.152,0.412,-0.26,False,True,0.706,0.196,0.51,Quick Attack,-0.5539999999999999,0.21599999999999997,-0.77,True,True
4WE_PAIR_018_V02,4WE_PAIR_018_V02__OPPONENT,Opponent,T52_S004__BASELINE,BASELINE,3,MINIMUM_MULTI_ACTION_ENERGY,LOW_ACTING_ENERGY,ENERGY_STATE,Reduce the acting Pokémon to one attached energy.,"['Ascension', 'Quick Attack']",Ascension | Quick Attack,3,1.0,3.0,-2.0,Quick Attack,0.704,0.196,0.508,True,False,0.706,0.196,0.51,Quick Attack,-0.0020000000000000018,0.0,-0.0020000000000000018,False,False
4WE_PAIR_018_V02,4WE_PAIR_018_V02__OPPONENT,Opponent,T52_S004__BASELINE,BASELINE,3,MINIMUM_MULTI_ACTION_ENERGY,HIGH_ACTING_ENERGY,ENERGY_STATE,Increase the acting Pokémon to four attached energy.,"['Ascension', 'Quick Attack']",Ascension | Quick Attack,3,4.0,3.0,1.0,Quick Attack,0.718,0.182,0.536,True,False,0.706,0.196,0.51,Quick Attack,0.01200000000000001,-0.014000000000000012,0.026000000000000023,False,False
4WE_PAIR_018_V02,4WE_PAIR_018_V02__OPPONENT,Opponent,T52_S004__BASELINE,BASELINE,3,MINIMUM_MULTI_ACTION_ENERGY,ACTING_ENERGY_DISADVANTAGE,ENERGY_STATE,Set acting energy to two and opposing energy to four.,"['Ascension', 'Quick Attack']",Ascension | Quick Attack,3,2.0,4.0,-2.0,Quick Attack,0.708,0.194,0.514,True,False,0.706,0.196,0.51,Quick Attack,0.0020000000000000018,-0.0020000000000000018,0.0040000000000000036,False,False
4WE_PAIR_018_V02,4WE_PAIR_018_V02__OPPONENT,Opponent,T52_S004__BASELINE,BASELINE,3,MINIMUM_MULTI_ACTION_ENERGY,ACTING_ENERGY_ADVANTAGE,ENERGY_STATE,Set acting energy to four and opposing energy to one.,"['Ascension', 'Quick Attack']",Ascension | Quick Attack,3,4.0,1.0,3.0,Quick Attack,0.714,0.186,0.528,True,False,0.706,0.196,0.51,Quick Attack,0.008000000000000007,-0.010000000000000009,0.018000000000000016,False,False
4WE_PAIR_018_V02,4WE_PAIR_018_V02__OPPONENT,Opponent,T52_S004__BASELINE,BASELINE,3,MINIMUM_MULTI_ACTION_ENERGY,EARLY_TURN,TURN_STATE,Force the decision context to turn one.,"['Ascension', 'Quick Attack']",Ascension | Quick Attack,1,2.0,3.0,-1.0,Quick Attack,0.696,0.184,0.512,True,False,0.706,0.196,0.51,Quick Attack,-0.010000000000000009,-0.01200000000000001,0.0020000000000000018,False,False
4WE_PAIR_018_V02,4WE_PAIR_018_V02__OPPONENT,Opponent,T52_S004__BASELINE,BASELINE,3,MINIMUM_MULTI_ACTION_ENERGY,LATE_TURN,TURN_STATE,Force the decision context to turn twelve.,"['Ascension', 'Quick Attack']",Ascension | Quick Attack,12,2.0,3.0,-1.0,Quick Attack,0.712,0.188,0.524,True,False,0.706,0.196,0.51,Quick Attack,0.006000000000000005,-0.008000000000000007,0.014000000000000012,False,False
4WE_PAIR_018_V02,4WE_PAIR_018_V02__PLAYER,Player,T52_S004__BASELINE,BASELINE,3,MINIMUM_MULTI_ACTION_ENERGY,BASELINE,BASELINE,Preserve the original expanded case exactly.,"['Ascension', 'Quick Attack']",Ascension | Quick Attack,3,2.0,3.0,-1.0,Quick Attack,0.708,0.194,0.514,True,False,0.708,0.194,0.514,Quick Attack,0.0,0.0,0.0,False,False
4WE_PAIR_018_V02,4WE_PAIR_018_V02__PLAYER,Player,T52_S004__BASELINE,BASELINE,3,MINIMUM_MULTI_ACTION_ENERGY,LEGAL_SIGNATURE_ASCENSION_ONLY,LEGAL_STRUCTURE,Expose Ascension as the only legal action.,['Ascension'],Ascension,3,2.0,3.0,-1.0,Ascension,0.04,0.656,-0.616,False,True,0.708,0.194,0.514,Quick Attack,-0.6679999999999999,0.462,-1.13,True,True
4WE_PAIR_018_V02,4WE_PAIR_018_V02__PLAYER,Player,T52_S004__BASELINE,BASELINE,3,MINIMUM_MULTI_ACTION_ENERGY,LEGAL_SIGNATURE_QUICK_ATTACK_ONLY,LEGAL_STRUCTURE,Expose Quick Attack as the only legal action.,['Quick Attack'],Quick Attack,3,2.0,3.0,-1.0,Ascension,0.152,0.41,-0.258,False,True,0.708,0.194,0.514,Quick Attack,-0.5559999999999999,0.21599999999999997,-0.772,True,True
4WE_PAIR_018_V02,4WE_PAIR_018_V02__PLAYER,Player,T52_S004__BASELINE,BASELINE,3,MINIMUM_MULTI_ACTION_ENERGY,LOW_ACTING_ENERGY,ENERGY_STATE,Reduce the acting Pokémon to one attached energy.,"['Ascension', 'Quick Attack']",Ascension | Quick Attack,3,1.0,3.0,-2.0,Quick Attack,0.706,0.196,0.51,True,False,0.708,0.194,0.514,Quick Attack,-0.0020000000000000018,0.0020000000000000018,-0.0040000000000000036,False,False
4WE_PAIR_018_V02,4WE_PAIR_018_V02__PLAYER,Player,T52_S004__BASELINE,BASELINE,3,MINIMUM_MULTI_ACTION_ENERGY,HIGH_ACTING_ENERGY,ENERGY_STATE,Increase the acting Pokémon to four attached energy.,"['Ascension', 'Quick Attack']",Ascension | Quick Attack,3,4.0,3.0,1.0,Quick Attack,0.718,0.182,0.536,True,False,0.708,0.194,0.514,Quick Attack,0.010000000000000009,-0.01200000000000001,0.02200000000000002,False,False
4WE_PAIR_018_V02,4WE_PAIR_018_V02__PLAYER,Player,T52_S004__BASELINE,BASELINE,3,MINIMUM_MULTI_ACTION_ENERGY,ACTING_ENERGY_DISADVANTAGE,ENERGY_STATE,Set acting energy to two and opposing energy to four.,"['Ascension', 'Quick Attack']",Ascension | Quick Attack,3,2.0,4.0,-2.0,Quick Attack,0.712,0.19,0.522,True,False,0.708,0.194,0.514,Quick Attack,0.0040000000000000036,-0.0040000000000000036,0.008000000000000007,False,False
4WE_PAIR_018_V02,4WE_PAIR_018_V02__PLAYER,Player,T52_S004__BASELINE,BASELINE,3,MINIMUM_MULTI_ACTION_ENERGY,ACTING_ENERGY_ADVANTAGE,ENERGY_STATE,Set acting energy to four and opposing energy to one.,"['Ascension', 'Quick Attack']",Ascension | Quick Attack,3,4.0,1.0,3.0,Quick Attack,0.714,0.184,0.53,True,False,0.708,0.194,0.514,Quick Attack,0.006000000000000005,-0.010000000000000009,0.016000000000000014,False,False
4WE_PAIR_018_V02,4WE_PAIR_018_V02__PLAYER,Player,T52_S004__BASELINE,BASELINE,3,MINIMUM_MULTI_ACTION_ENERGY,EARLY_TURN,TURN_STATE,Force the decision context to turn one.,"['Ascension', 'Quick Attack']",Ascension | Quick Attack,1,2.0,3.0,-1.0,Quick Attack,0.698,0.182,0.516,True,False,0.708,0.194,0.514,Quick Attack,-0.010000000000000009,-0.01200000000000001,0.0020000000000000018,False,False
4WE_PAIR_018_V02,4WE_PAIR_018_V02__PLAYER,Player,T52_S004__BASELINE,BASELINE,3,MINIMUM_MULTI_ACTION_ENERGY,LATE_TURN,TURN_STATE,Force the decision context to turn twelve.,"['Ascension', 'Quick Attack']",Ascension | Quick Attack,12,2.0,3.0,-1.0,Quick Attack,0.714,0.186,0.528,True,False,0.708,0.194,0.514,Quick Attack,0.006000000000000005,-0.008000000000000007,0.014000000000000012,False,False
4WE_PAIR_018_V03,4WE_PAIR_018_V03__OPPONENT,Opponent,T52_S004__BASELINE,BASELINE,3,SYMMETRIC_TWO_ENERGY,BASELINE,BASELINE,Preserve the original expanded case exactly.,"['Ascension', 'Quick Attack']",Ascension | Quick Attack,3,2.0,2.0,0.0,Quick Attack,0.706,0.196,0.51,True,False,0.706,0.196,0.51,Quick Attack,0.0,0.0,0.0,False,False
4WE_PAIR_018_V03,4WE_PAIR_018_V03__OPPONENT,Opponent,T52_S004__BASELINE,BASELINE,3,SYMMETRIC_TWO_ENERGY,LEGAL_SIGNATURE_ASCENSION_ONLY,LEGAL_STRUCTURE,Expose Ascension as the only legal action.,['Ascension'],Ascension,3,2.0,2.0,0.0,Ascension,0.04,0.658,-0.618,False,True,0.706,0.196,0.51,Quick Attack,-0.6659999999999999,0.462,-1.1280000000000001,True,True
4WE_PAIR_018_V03,4WE_PAIR_018_V03__OPPONENT,Opponent,T52_S004__BASELINE,BASELINE,3,SYMMETRIC_TWO_ENERGY,LEGAL_SIGNATURE_QUICK_ATTACK_ONLY,LEGAL_STRUCTURE,Expose Quick Attack as the only legal action.,['Quick Attack'],Quick Attack,3,2.0,2.0,0.0,Ascension,0.152,0.412,-0.26,False,True,0.706,0.196,0.51,Quick Attack,-0.5539999999999999,0.21599999999999997,-0.77,True,True
4WE_PAIR_018_V03,4WE_PAIR_018_V03__OPPONENT,Opponent,T52_S004__BASELINE,BASELINE,3,SYMMETRIC_TWO_ENERGY,LOW_ACTING_ENERGY,ENERGY_STATE,Reduce the acting Pokémon to one attached energy.,"['Ascension', 'Quick Attack']",Ascension | Quick Attack,3,1.0,2.0,-1.0,Quick Attack,0.704,0.196,0.508,True,False,0.706,0.196,0.51,Quick Attack,-0.0020000000000000018,0.0,-0.0020000000000000018,False,False
4WE_PAIR_018_V03,4WE_PAIR_018_V03__OPPONENT,Opponent,T52_S004__BASELINE,BASELINE,3,SYMMETRIC_TWO_ENERGY,HIGH_ACTING_ENERGY,ENERGY_STATE,Increase the acting Pokémon to four attached energy.,"['Ascension', 'Quick Attack']",Ascension | Quick Attack,3,4.0,2.0,2.0,Quick Attack,0.718,0.182,0.536,True,False,0.706,0.196,0.51,Quick Attack,0.01200000000000001,-0.014000000000000012,0.026000000000000023,False,False
4WE_PAIR_018_V03,4WE_PAIR_018_V03__OPPONENT,Opponent,T52_S004__BASELINE,BASELINE,3,SYMMETRIC_TWO_ENERGY,ACTING_ENERGY_DISADVANTAGE,ENERGY_STATE,Set acting energy to two and opposing energy to four.,"['Ascension', 'Quick Attack']",Ascension | Quick Attack,3,2.0,4.0,-2.0,Quick Attack,0.708,0.194,0.514,True,False,0.706,0.196,0.51,Quick Attack,0.0020000000000000018,-0.0020000000000000018,0.0040000000000000036,False,False
4WE_PAIR_018_V03,4WE_PAIR_018_V03__OPPONENT,Opponent,T52_S004__BASELINE,BASELINE,3,SYMMETRIC_TWO_ENERGY,ACTING_ENERGY_ADVANTAGE,ENERGY_STATE,Set acting energy to four and opposing energy to one.,"['Ascension', 'Quick Attack']",Ascension | Quick Attack,3,4.0,1.0,3.0,Quick Attack,0.714,0.186,0.528,True,False,0.706,0.196,0.51,Quick Attack,0.008000000000000007,-0.010000000000000009,0.018000000000000016,False,False
4WE_PAIR_018_V03,4WE_PAIR_018_V03__OPPONENT,Opponent,T52_S004__BASELINE,BASELINE,3,SYMMETRIC_TWO_ENERGY,EARLY_TURN,TURN_STATE,Force the decision context to turn one.,"['Ascension', 'Quick Attack']",Ascension | Quick Attack,1,2.0,2.0,0.0,Quick Attack,0.696,0.184,0.512,True,False,0.706,0.196,0.51,Quick Attack,-0.010000000000000009,-0.01200000000000001,0.0020000000000000018,False,False
4WE_PAIR_018_V03,4WE_PAIR_018_V03__OPPONENT,Opponent,T52_S004__BASELINE,BASELINE,3,SYMMETRIC_TWO_ENERGY,LATE_TURN,TURN_STATE,Force the decision context to turn twelve.,"['Ascension', 'Quick Attack']",Ascension | Quick Attack,12,2.0,2.0,0.0,Quick Attack,0.712,0.188,0.524,True,False,0.706,0.196,0.51,Quick Attack,0.006000000000000005,-0.008000000000000007,0.014000000000000012,False,False
4WE_PAIR_018_V03,4WE_PAIR_018_V03__PLAYER,Player,T52_S004__BASELINE,BASELINE,3,SYMMETRIC_TWO_ENERGY,BASELINE,BASELINE,Preserve the original expanded case exactly.,"['Ascension', 'Quick Attack']",Ascension | Quick Attack,3,2.0,2.0,0.0,Quick Attack,0.708,0.194,0.514,True,False,0.708,0.194,0.514,Quick Attack,0.0,0.0,0.0,False,False
4WE_PAIR_018_V03,4WE_PAIR_018_V03__PLAYER,Player,T52_S004__BASELINE,BASELINE,3,SYMMETRIC_TWO_ENERGY,LEGAL_SIGNATURE_ASCENSION_ONLY,LEGAL_STRUCTURE,Expose Ascension as the only legal action.,['Ascension'],Ascension,3,2.0,2.0,0.0,Ascension,0.04,0.656,-0.616,False,True,0.708,0.194,0.514,Quick Attack,-0.6679999999999999,0.462,-1.13,True,True
4WE_PAIR_018_V03,4WE_PAIR_018_V03__PLAYER,Player,T52_S004__BASELINE,BASELINE,3,SYMMETRIC_TWO_ENERGY,LEGAL_SIGNATURE_QUICK_ATTACK_ONLY,LEGAL_STRUCTURE,Expose Quick Attack as the only legal action.,['Quick Attack'],Quick Attack,3,2.0,2.0,0.0,Ascension,0.152,0.41,-0.258,False,True,0.708,0.194,0.514,Quick Attack,-0.5559999999999999,0.21599999999999997,-0.772,True,True
4WE_PAIR_018_V03,4WE_PAIR_018_V03__PLAYER,Player,T52_S004__BASELINE,BASELINE,3,SYMMETRIC_TWO_ENERGY,LOW_ACTING_ENERGY,ENERGY_STATE,Reduce the acting Pokémon to one attached energy.,"['Ascension', 'Quick Attack']",Ascension | Quick Attack,3,1.0,2.0,-1.0,Quick Attack,0.706,0.196,0.51,True,False,0.708,0.194,0.514,Quick Attack,-0.0020000000000000018,0.0020000000000000018,-0.0040000000000000036,False,False
4WE_PAIR_018_V03,4WE_PAIR_018_V03__PLAYER,Player,T52_S004__BASELINE,BASELINE,3,SYMMETRIC_TWO_ENERGY,HIGH_ACTING_ENERGY,ENERGY_STATE,Increase the acting Pokémon to four attached energy.,"['Ascension', 'Quick Attack']",Ascension | Quick Attack,3,4.0,2.0,2.0,Quick Attack,0.718,0.182,0.536,True,False,0.708,0.194,0.514,Quick Attack,0.010000000000000009,-0.01200000000000001,0.02200000000000002,False,False
4WE_PAIR_018_V03,4WE_PAIR_018_V03__PLAYER,Player,T52_S004__BASELINE,BASELINE,3,SYMMETRIC_TWO_ENERGY,ACTING_ENERGY_DISADVANTAGE,ENERGY_STATE,Set acting energy to two and opposing energy to four.,"['Ascension', 'Quick Attack']",Ascension | Quick Attack,3,2.0,4.0,-2.0,Quick Attack,0.712,0.19,0.522,True,False,0.708,0.194,0.514,Quick Attack,0.0040000000000000036,-0.0040000000000000036,0.008000000000000007,False,False
4WE_PAIR_018_V03,4WE_PAIR_018_V03__PLAYER,Player,T52_S004__BASELINE,BASELINE,3,SYMMETRIC_TWO_ENERGY,ACTING_ENERGY_ADVANTAGE,ENERGY_STATE,Set acting energy to four and opposing energy to one.,"['Ascension', 'Quick Attack']",Ascension | Quick Attack,3,4.0,1.0,3.0,Quick Attack,0.714,0.184,0.53,True,False,0.708,0.194,0.514,Quick Attack,0.006000000000000005,-0.010000000000000009,0.016000000000000014,False,False
4WE_PAIR_018_V03,4WE_PAIR_018_V03__PLAYER,Player,T52_S004__BASELINE,BASELINE,3,SYMMETRIC_TWO_ENERGY,EARLY_TURN,TURN_STATE,Force the decision context to turn one.,"['Ascension', 'Quick Attack']",Ascension | Quick Attack,1,2.0,2.0,0.0,Quick Attack,0.698,0.182,0.516,True,False,0.708,0.194,0.514,Quick Attack,-0.010000000000000009,-0.01200000000000001,0.0020000000000000018,False,False
4WE_PAIR_018_V03,4WE_PAIR_018_V03__PLAYER,Player,T52_S004__BASELINE,BASELINE,3,SYMMETRIC_TWO_ENERGY,LATE_TURN,TURN_STATE,Force the decision context to turn twelve.,"['Ascension', 'Quick Attack']",Ascension | Quick Attack,12,2.0,2.0,0.0,Quick Attack,0.714,0.186,0.528,True,False,0.708,0.194,0.514,Quick Attack,0.006000000000000005,-0.008000000000000007,0.014000000000000012,False,False
4WE_PAIR_018_V04,4WE_PAIR_018_V04__OPPONENT,Opponent,T52_S004__BASELINE,BASELINE,3,EEVEE_ENERGY_ADVANTAGE,BASELINE,BASELINE,Preserve the original expanded case exactly.,"['Ascension', 'Quick Attack']",Ascension | Quick Attack,3,3.0,2.0,1.0,Quick Attack,0.712,0.188,0.524,True,False,0.712,0.188,0.524,Quick Attack,0.0,0.0,0.0,False,False
4WE_PAIR_018_V04,4WE_PAIR_018_V04__OPPONENT,Opponent,T52_S004__BASELINE,BASELINE,3,EEVEE_ENERGY_ADVANTAGE,LEGAL_SIGNATURE_ASCENSION_ONLY,LEGAL_STRUCTURE,Expose Ascension as the only legal action.,['Ascension'],Ascension,3,3.0,2.0,1.0,Ascension,0.042,0.65,-0.608,False,True,0.712,0.188,0.524,Quick Attack,-0.6699999999999999,0.462,-1.1320000000000001,True,True
4WE_PAIR_018_V04,4WE_PAIR_018_V04__OPPONENT,Opponent,T52_S004__BASELINE,BASELINE,3,EEVEE_ENERGY_ADVANTAGE,LEGAL_SIGNATURE_QUICK_ATTACK_ONLY,LEGAL_STRUCTURE,Expose Quick Attack as the only legal action.,['Quick Attack'],Quick Attack,3,3.0,2.0,1.0,Ascension,0.156,0.406,-0.25,False,True,0.712,0.188,0.524,Quick Attack,-0.5559999999999999,0.21800000000000003,-0.774,True,True
4WE_PAIR_018_V04,4WE_PAIR_018_V04__OPPONENT,Opponent,T52_S004__BASELINE,BASELINE,3,EEVEE_ENERGY_ADVANTAGE,LOW_ACTING_ENERGY,ENERGY_STATE,Reduce the acting Pokémon to one attached energy.,"['Ascension', 'Quick Attack']",Ascension | Quick Attack,3,1.0,2.0,-1.0,Quick Attack,0.704,0.196,0.508,True,False,0.712,0.188,0.524,Quick Attack,-0.008000000000000007,0.008000000000000007,-0.016000000000000014,False,False
4WE_PAIR_018_V04,4WE_PAIR_018_V04__OPPONENT,Opponent,T52_S004__BASELINE,BASELINE,3,EEVEE_ENERGY_ADVANTAGE,HIGH_ACTING_ENERGY,ENERGY_STATE,Increase the acting Pokémon to four attached energy.,"['Ascension', 'Quick Attack']",Ascension | Quick Attack,3,4.0,2.0,2.0,Quick Attack,0.718,0.182,0.536,True,False,0.712,0.188,0.524,Quick Attack,0.006000000000000005,-0.006000000000000005,0.01200000000000001,False,False
4WE_PAIR_018_V04,4WE_PAIR_018_V04__OPPONENT,Opponent,T52_S004__BASELINE,BASELINE,3,EEVEE_ENERGY_ADVANTAGE,ACTING_ENERGY_DISADVANTAGE,ENERGY_STATE,Set acting energy to two and opposing energy to four.,"['Ascension', 'Quick Attack']",Ascension | Quick Attack,3,2.0,4.0,-2.0,Quick Attack,0.708,0.194,0.514,True,False,0.712,0.188,0.524,Quick Attack,-0.0040000000000000036,0.006000000000000005,-0.010000000000000009,False,False
4WE_PAIR_018_V04,4WE_PAIR_018_V04__OPPONENT,Opponent,T52_S004__BASELINE,BASELINE,3,EEVEE_ENERGY_ADVANTAGE,ACTING_ENERGY_ADVANTAGE,ENERGY_STATE,Set acting energy to four and opposing energy to one.,"['Ascension', 'Quick Attack']",Ascension | Quick Attack,3,4.0,1.0,3.0,Quick Attack,0.714,0.186,0.528,True,False,0.712,0.188,0.524,Quick Attack,0.0020000000000000018,-0.0020000000000000018,0.0040000000000000036,False,False
4WE_PAIR_018_V04,4WE_PAIR_018_V04__OPPONENT,Opponent,T52_S004__BASELINE,BASELINE,3,EEVEE_ENERGY_ADVANTAGE,EARLY_TURN,TURN_STATE,Force the decision context to turn one.,"['Ascension', 'Quick Attack']",Ascension | Quick Attack,1,3.0,2.0,1.0,Quick Attack,0.702,0.176,0.526,True,False,0.712,0.188,0.524,Quick Attack,-0.010000000000000009,-0.01200000000000001,0.0020000000000000018,False,False
4WE_PAIR_018_V04,4WE_PAIR_018_V04__OPPONENT,Opponent,T52_S004__BASELINE,BASELINE,3,EEVEE_ENERGY_ADVANTAGE,LATE_TURN,TURN_STATE,Force the decision context to turn twelve.,"['Ascension', 'Quick Attack']",Ascension | Quick Attack,12,3.0,2.0,1.0,Quick Attack,0.718,0.18,0.538,True,False,0.712,0.188,0.524,Quick Attack,0.006000000000000005,-0.008000000000000007,0.014000000000000012,False,False
4WE_PAIR_018_V04,4WE_PAIR_018_V04__PLAYER,Player,T52_S004__BASELINE,BASELINE,3,EEVEE_ENERGY_ADVANTAGE,BASELINE,BASELINE,Preserve the original expanded case exactly.,"['Ascension', 'Quick Attack']",Ascension | Quick Attack,3,3.0,2.0,1.0,Quick Attack,0.714,0.186,0.528,True,False,0.714,0.186,0.528,Quick Attack,0.0,0.0,0.0,False,False
4WE_PAIR_018_V04,4WE_PAIR_018_V04__PLAYER,Player,T52_S004__BASELINE,BASELINE,3,EEVEE_ENERGY_ADVANTAGE,LEGAL_SIGNATURE_ASCENSION_ONLY,LEGAL_STRUCTURE,Expose Ascension as the only legal action.,['Ascension'],Ascension,3,3.0,2.0,1.0,Ascension,0.042,0.648,-0.606,False,True,0.714,0.186,0.528,Quick Attack,-0.6719999999999999,0.462,-1.134,True,True
4WE_PAIR_018_V04,4WE_PAIR_018_V04__PLAYER,Player,T52_S004__BASELINE,BASELINE,3,EEVEE_ENERGY_ADVANTAGE,LEGAL_SIGNATURE_QUICK_ATTACK_ONLY,LEGAL_STRUCTURE,Expose Quick Attack as the only legal action.,['Quick Attack'],Quick Attack,3,3.0,2.0,1.0,Ascension,0.156,0.404,-0.24800000000000003,False,True,0.714,0.186,0.528,Quick Attack,-0.5579999999999999,0.21800000000000003,-0.776,True,True
4WE_PAIR_018_V04,4WE_PAIR_018_V04__PLAYER,Player,T52_S004__BASELINE,BASELINE,3,EEVEE_ENERGY_ADVANTAGE,LOW_ACTING_ENERGY,ENERGY_STATE,Reduce the acting Pokémon to one attached energy.,"['Ascension', 'Quick Attack']",Ascension | Quick Attack,3,1.0,2.0,-1.0,Quick Attack,0.706,0.196,0.51,True,False,0.714,0.186,0.528,Quick Attack,-0.008000000000000007,0.010000000000000009,-0.018000000000000016,False,False
4WE_PAIR_018_V04,4WE_PAIR_018_V04__PLAYER,Player,T52_S004__BASELINE,BASELINE,3,EEVEE_ENERGY_ADVANTAGE,HIGH_ACTING_ENERGY,ENERGY_STATE,Increase the acting Pokémon to four attached energy.,"['Ascension', 'Quick Attack']",Ascension | Quick Attack,3,4.0,2.0,2.0,Quick Attack,0.718,0.182,0.536,True,False,0.714,0.186,0.528,Quick Attack,0.0040000000000000036,-0.0040000000000000036,0.008000000000000007,False,False
4WE_PAIR_018_V04,4WE_PAIR_018_V04__PLAYER,Player,T52_S004__BASELINE,BASELINE,3,EEVEE_ENERGY_ADVANTAGE,ACTING_ENERGY_DISADVANTAGE,ENERGY_STATE,Set acting energy to two and opposing energy to four.,"['Ascension', 'Quick Attack']",Ascension | Quick Attack,3,2.0,4.0,-2.0,Quick Attack,0.712,0.19,0.522,True,False,0.714,0.186,0.528,Quick Attack,-0.0020000000000000018,0.0040000000000000036,-0.006000000000000005,False,False
4WE_PAIR_018_V04,4WE_PAIR_018_V04__PLAYER,Player,T52_S004__BASELINE,BASELINE,3,EEVEE_ENERGY_ADVANTAGE,ACTING_ENERGY_ADVANTAGE,ENERGY_STATE,Set acting energy to four and opposing energy to one.,"['Ascension', 'Quick Attack']",Ascension | Quick Attack,3,4.0,1.0,3.0,Quick Attack,0.714,0.184,0.53,True,False,0.714,0.186,0.528,Quick Attack,0.0,-0.0020000000000000018,0.0020000000000000018,False,False
4WE_PAIR_018_V04,4WE_PAIR_018_V04__PLAYER,Player,T52_S004__BASELINE,BASELINE,3,EEVEE_ENERGY_ADVANTAGE,EARLY_TURN,TURN_STATE,Force the decision context to turn one.,"['Ascension', 'Quick Attack']",Ascension | Quick Attack,1,3.0,2.0,1.0,Quick Attack,0.704,0.174,0.53,True,False,0.714,0.186,0.528,Quick Attack,-0.010000000000000009,-0.01200000000000001,0.0020000000000000018,False,False
4WE_PAIR_018_V04,4WE_PAIR_018_V04__PLAYER,Player,T52_S004__BASELINE,BASELINE,3,EEVEE_ENERGY_ADVANTAGE,LATE_TURN,TURN_STATE,Force the decision context to turn twelve.,"['Ascension', 'Quick Attack']",Ascension | Quick Attack,12,3.0,2.0,1.0,Quick Attack,0.72,0.178,0.542,True,False,0.714,0.186,0.528,Quick Attack,0.006000000000000005,-0.008000000000000007,0.014000000000000012,False,False
4WE_PAIR_019_V01,4WE_PAIR_019_V01__OPPONENT,Opponent,T52_S004__BASELINE,BASELINE,5,OBSERVED_ENERGY_CONTEXT,BASELINE,BASELINE,Preserve the original expanded case exactly.,"['Ascension', 'Quick Attack']",Ascension | Quick Attack,5,3.0,3.0,0.0,Quick Attack,0.712,0.188,0.524,True,False,0.712,0.188,0.524,Quick Attack,0.0,0.0,0.0,False,False
4WE_PAIR_019_V01,4WE_PAIR_019_V01__OPPONENT,Opponent,T52_S004__BASELINE,BASELINE,5,OBSERVED_ENERGY_CONTEXT,LEGAL_SIGNATURE_ASCENSION_ONLY,LEGAL_STRUCTURE,Expose Ascension as the only legal action.,['Ascension'],Ascension,5,3.0,3.0,0.0,Ascension,0.042,0.65,-0.608,False,True,0.712,0.188,0.524,Quick Attack,-0.6699999999999999,0.462,-1.1320000000000001,True,True
4WE_PAIR_019_V01,4WE_PAIR_019_V01__OPPONENT,Opponent,T52_S004__BASELINE,BASELINE,5,OBSERVED_ENERGY_CONTEXT,LEGAL_SIGNATURE_QUICK_ATTACK_ONLY,LEGAL_STRUCTURE,Expose Quick Attack as the only legal action.,['Quick Attack'],Quick Attack,5,3.0,3.0,0.0,Ascension,0.156,0.406,-0.25,False,True,0.712,0.188,0.524,Quick Attack,-0.5559999999999999,0.21800000000000003,-0.774,True,True
4WE_PAIR_019_V01,4WE_PAIR_019_V01__OPPONENT,Opponent,T52_S004__BASELINE,BASELINE,5,OBSERVED_ENERGY_CONTEXT,LOW_ACTING_ENERGY,ENERGY_STATE,Reduce the acting Pokémon to one attached energy.,"['Ascension', 'Quick Attack']",Ascension | Quick Attack,5,1.0,3.0,-2.0,Quick Attack,0.704,0.196,0.508,True,False,0.712,0.188,0.524,Quick Attack,-0.008000000000000007,0.008000000000000007,-0.016000000000000014,False,False
4WE_PAIR_019_V01,4WE_PAIR_019_V01__OPPONENT,Opponent,T52_S004__BASELINE,BASELINE,5,OBSERVED_ENERGY_CONTEXT,HIGH_ACTING_ENERGY,ENERGY_STATE,Increase the acting Pokémon to four attached energy.,"['Ascension', 'Quick Attack']",Ascension | Quick Attack,5,4.0,3.0,1.0,Quick Attack,0.718,0.182,0.536,True,False,0.712,0.188,0.524,Quick Attack,0.006000000000000005,-0.006000000000000005,0.01200000000000001,False,False
4WE_PAIR_019_V01,4WE_PAIR_019_V01__OPPONENT,Opponent,T52_S004__BASELINE,BASELINE,5,OBSERVED_ENERGY_CONTEXT,ACTING_ENERGY_DISADVANTAGE,ENERGY_STATE,Set acting energy to two and opposing energy to four.,"['Ascension', 'Quick Attack']",Ascension | Quick Attack,5,2.0,4.0,-2.0,Quick Attack,0.708,0.194,0.514,True,False,0.712,0.188,0.524,Quick Attack,-0.0040000000000000036,0.006000000000000005,-0.010000000000000009,False,False
4WE_PAIR_019_V01,4WE_PAIR_019_V01__OPPONENT,Opponent,T52_S004__BASELINE,BASELINE,5,OBSERVED_ENERGY_CONTEXT,ACTING_ENERGY_ADVANTAGE,ENERGY_STATE,Set acting energy to four and opposing energy to one.,"['Ascension', 'Quick Attack']",Ascension | Quick Attack,5,4.0,1.0,3.0,Quick Attack,0.714,0.186,0.528,True,False,0.712,0.188,0.524,Quick Attack,0.0020000000000000018,-0.0020000000000000018,0.0040000000000000036,False,False
4WE_PAIR_019_V01,4WE_PAIR_019_V01__OPPONENT,Opponent,T52_S004__BASELINE,BASELINE,5,OBSERVED_ENERGY_CONTEXT,EARLY_TURN,TURN_STATE,Force the decision context to turn one.,"['Ascension', 'Quick Attack']",Ascension | Quick Attack,1,3.0,3.0,0.0,Quick Attack,0.702,0.176,0.526,True,False,0.712,0.188,0.524,Quick Attack,-0.010000000000000009,-0.01200000000000001,0.0020000000000000018,False,False
4WE_PAIR_019_V01,4WE_PAIR_019_V01__OPPONENT,Opponent,T52_S004__BASELINE,BASELINE,5,OBSERVED_ENERGY_CONTEXT,LATE_TURN,TURN_STATE,Force the decision context to turn twelve.,"['Ascension', 'Quick Attack']",Ascension | Quick Attack,12,3.0,3.0,0.0,Quick Attack,0.718,0.18,0.538,True,False,0.712,0.188,0.524,Quick Attack,0.006000000000000005,-0.008000000000000007,0.014000000000000012,False,False
4WE_PAIR_019_V01,4WE_PAIR_019_V01__PLAYER,Player,T52_S004__BASELINE,BASELINE,5,OBSERVED_ENERGY_CONTEXT,BASELINE,BASELINE,Preserve the original expanded case exactly.,"['Ascension', 'Quick Attack']",Ascension | Quick Attack,5,3.0,3.0,0.0,Quick Attack,0.714,0.186,0.528,True,False,0.714,0.186,0.528,Quick Attack,0.0,0.0,0.0,False,False
4WE_PAIR_019_V01,4WE_PAIR_019_V01__PLAYER,Player,T52_S004__BASELINE,BASELINE,5,OBSERVED_ENERGY_CONTEXT,LEGAL_SIGNATURE_ASCENSION_ONLY,LEGAL_STRUCTURE,Expose Ascension as the only legal action.,['Ascension'],Ascension,5,3.0,3.0,0.0,Ascension,0.042,0.648,-0.606,False,True,0.714,0.186,0.528,Quick Attack,-0.6719999999999999,0.462,-1.134,True,True
4WE_PAIR_019_V01,4WE_PAIR_019_V01__PLAYER,Player,T52_S004__BASELINE,BASELINE,5,OBSERVED_ENERGY_CONTEXT,LEGAL_SIGNATURE_QUICK_ATTACK_ONLY,LEGAL_STRUCTURE,Expose Quick Attack as the only legal action.,['Quick Attack'],Quick Attack,5,3.0,3.0,0.0,Ascension,0.156,0.404,-0.24800000000000003,False,True,0.714,0.186,0.528,Quick Attack,-0.5579999999999999,0.21800000000000003,-0.776,True,True
4WE_PAIR_019_V01,4WE_PAIR_019_V01__PLAYER,Player,T52_S004__BASELINE,BASELINE,5,OBSERVED_ENERGY_CONTEXT,LOW_ACTING_ENERGY,ENERGY_STATE,Reduce the acting Pokémon to one attached energy.,"['Ascension', 'Quick Attack']",Ascension | Quick Attack,5,1.0,3.0,-2.0,Quick Attack,0.706,0.196,0.51,True,False,0.714,0.186,0.528,Quick Attack,-0.008000000000000007,0.010000000000000009,-0.018000000000000016,False,False
4WE_PAIR_019_V01,4WE_PAIR_019_V01__PLAYER,Player,T52_S004__BASELINE,BASELINE,5,OBSERVED_ENERGY_CONTEXT,HIGH_ACTING_ENERGY,ENERGY_STATE,Increase the acting Pokémon to four attached energy.,"['Ascension', 'Quick Attack']",Ascension | Quick Attack,5,4.0,3.0,1.0,Quick Attack,0.718,0.182,0.536,True,False,0.714,0.186,0.528,Quick Attack,0.0040000000000000036,-0.0040000000000000036,0.008000000000000007,False,False
4WE_PAIR_019_V01,4WE_PAIR_019_V01__PLAYER,Player,T52_S004__BASELINE,BASELINE,5,OBSERVED_ENERGY_CONTEXT,ACTING_ENERGY_DISADVANTAGE,ENERGY_STATE,Set acting energy to two and opposing energy to four.,"['Ascension', 'Quick Attack']",Ascension | Quick Attack,5,2.0,4.0,-2.0,Quick Attack,0.712,0.19,0.522,True,False,0.714,0.186,0.528,Quick Attack,-0.0020000000000000018,0.0040000000000000036,-0.006000000000000005,False,False
4WE_PAIR_019_V01,4WE_PAIR_019_V01__PLAYER,Player,T52_S004__BASELINE,BASELINE,5,OBSERVED_ENERGY_CONTEXT,ACTING_ENERGY_ADVANTAGE,ENERGY_STATE,Set acting energy to four and opposing energy to one.,"['Ascension', 'Quick Attack']",Ascension | Quick Attack,5,4.0,1.0,3.0,Quick Attack,0.714,0.184,0.53,True,False,0.714,0.186,0.528,Quick Attack,0.0,-0.0020000000000000018,0.0020000000000000018,False,False
4WE_PAIR_019_V01,4WE_PAIR_019_V01__PLAYER,Player,T52_S004__BASELINE,BASELINE,5,OBSERVED_ENERGY_CONTEXT,EARLY_TURN,TURN_STATE,Force the decision context to turn one.,"['Ascension', 'Quick Attack']",Ascension | Quick Attack,1,3.0,3.0,0.0,Quick Attack,0.704,0.174,0.53,True,False,0.714,0.186,0.528,Quick Attack,-0.010000000000000009,-0.01200000000000001,0.0020000000000000018,False,False
4WE_PAIR_019_V01,4WE_PAIR_019_V01__PLAYER,Player,T52_S004__BASELINE,BASELINE,5,OBSERVED_ENERGY_CONTEXT,LATE_TURN,TURN_STATE,Force the decision context to turn twelve.,"['Ascension', 'Quick Attack']",Ascension | Quick Attack,12,3.0,3.0,0.0,Quick Attack,0.72,0.178,0.542,True,False,0.714,0.186,0.528,Quick Attack,0.006000000000000005,-0.008000000000000007,0.014000000000000012,False,False
4WE_PAIR_019_V02,4WE_PAIR_019_V02__OPPONENT,Opponent,T52_S004__BASELINE,BASELINE,5,MINIMUM_MULTI_ACTION_ENERGY,BASELINE,BASELINE,Preserve the original expanded case exactly.,"['Ascension', 'Quick Attack']",Ascension | Quick Attack,5,2.0,3.0,-1.0,Quick Attack,0.706,0.196,0.51,True,False,0.706,0.196,0.51,Quick Attack,0.0,0.0,0.0,False,False
4WE_PAIR_019_V02,4WE_PAIR_019_V02__OPPONENT,Opponent,T52_S004__BASELINE,BASELINE,5,MINIMUM_MULTI_ACTION_ENERGY,LEGAL_SIGNATURE_ASCENSION_ONLY,LEGAL_STRUCTURE,Expose Ascension as the only legal action.,['Ascension'],Ascension,5,2.0,3.0,-1.0,Ascension,0.04,0.658,-0.618,False,True,0.706,0.196,0.51,Quick Attack,-0.6659999999999999,0.462,-1.1280000000000001,True,True
4WE_PAIR_019_V02,4WE_PAIR_019_V02__OPPONENT,Opponent,T52_S004__BASELINE,BASELINE,5,MINIMUM_MULTI_ACTION_ENERGY,LEGAL_SIGNATURE_QUICK_ATTACK_ONLY,LEGAL_STRUCTURE,Expose Quick Attack as the only legal action.,['Quick Attack'],Quick Attack,5,2.0,3.0,-1.0,Ascension,0.152,0.412,-0.26,False,True,0.706,0.196,0.51,Quick Attack,-0.5539999999999999,0.21599999999999997,-0.77,True,True
4WE_PAIR_019_V02,4WE_PAIR_019_V02__OPPONENT,Opponent,T52_S004__BASELINE,BASELINE,5,MINIMUM_MULTI_ACTION_ENERGY,LOW_ACTING_ENERGY,ENERGY_STATE,Reduce the acting Pokémon to one attached energy.,"['Ascension', 'Quick Attack']",Ascension | Quick Attack,5,1.0,3.0,-2.0,Quick Attack,0.704,0.196,0.508,True,False,0.706,0.196,0.51,Quick Attack,-0.0020000000000000018,0.0,-0.0020000000000000018,False,False
4WE_PAIR_019_V02,4WE_PAIR_019_V02__OPPONENT,Opponent,T52_S004__BASELINE,BASELINE,5,MINIMUM_MULTI_ACTION_ENERGY,HIGH_ACTING_ENERGY,ENERGY_STATE,Increase the acting Pokémon to four attached energy.,"['Ascension', 'Quick Attack']",Ascension | Quick Attack,5,4.0,3.0,1.0,Quick Attack,0.718,0.182,0.536,True,False,0.706,0.196,0.51,Quick Attack,0.01200000000000001,-0.014000000000000012,0.026000000000000023,False,False
4WE_PAIR_019_V02,4WE_PAIR_019_V02__OPPONENT,Opponent,T52_S004__BASELINE,BASELINE,5,MINIMUM_MULTI_ACTION_ENERGY,ACTING_ENERGY_DISADVANTAGE,ENERGY_STATE,Set acting energy to two and opposing energy to four.,"['Ascension', 'Quick Attack']",Ascension | Quick Attack,5,2.0,4.0,-2.0,Quick Attack,0.708,0.194,0.514,True,False,0.706,0.196,0.51,Quick Attack,0.0020000000000000018,-0.0020000000000000018,0.0040000000000000036,False,False
4WE_PAIR_019_V02,4WE_PAIR_019_V02__OPPONENT,Opponent,T52_S004__BASELINE,BASELINE,5,MINIMUM_MULTI_ACTION_ENERGY,ACTING_ENERGY_ADVANTAGE,ENERGY_STATE,Set acting energy to four and opposing energy to one.,"['Ascension', 'Quick Attack']",Ascension | Quick Attack,5,4.0,1.0,3.0,Quick Attack,0.714,0.186,0.528,True,False,0.706,0.196,0.51,Quick Attack,0.008000000000000007,-0.010000000000000009,0.018000000000000016,False,False
4WE_PAIR_019_V02,4WE_PAIR_019_V02__OPPONENT,Opponent,T52_S004__BASELINE,BASELINE,5,MINIMUM_MULTI_ACTION_ENERGY,EARLY_TURN,TURN_STATE,Force the decision context to turn one.,"['Ascension', 'Quick Attack']",Ascension | Quick Attack,1,2.0,3.0,-1.0,Quick Attack,0.696,0.184,0.512,True,False,0.706,0.196,0.51,Quick Attack,-0.010000000000000009,-0.01200000000000001,0.0020000000000000018,False,False
4WE_PAIR_019_V02,4WE_PAIR_019_V02__OPPONENT,Opponent,T52_S004__BASELINE,BASELINE,5,MINIMUM_MULTI_ACTION_ENERGY,LATE_TURN,TURN_STATE,Force the decision context to turn twelve.,"['Ascension', 'Quick Attack']",Ascension | Quick Attack,12,2.0,3.0,-1.0,Quick Attack,0.712,0.188,0.524,True,False,0.706,0.196,0.51,Quick Attack,0.006000000000000005,-0.008000000000000007,0.014000000000000012,False,False
4WE_PAIR_019_V02,4WE_PAIR_019_V02__PLAYER,Player,T52_S004__BASELINE,BASELINE,5,MINIMUM_MULTI_ACTION_ENERGY,BASELINE,BASELINE,Preserve the original expanded case exactly.,"['Ascension', 'Quick Attack']",Ascension | Quick Attack,5,2.0,3.0,-1.0,Quick Attack,0.708,0.194,0.514,True,False,0.708,0.194,0.514,Quick Attack,0.0,0.0,0.0,False,False
4WE_PAIR_019_V02,4WE_PAIR_019_V02__PLAYER,Player,T52_S004__BASELINE,BASELINE,5,MINIMUM_MULTI_ACTION_ENERGY,LEGAL_SIGNATURE_ASCENSION_ONLY,LEGAL_STRUCTURE,Expose Ascension as the only legal action.,['Ascension'],Ascension,5,2.0,3.0,-1.0,Ascension,0.04,0.656,-0.616,False,True,0.708,0.194,0.514,Quick Attack,-0.6679999999999999,0.462,-1.13,True,True
4WE_PAIR_019_V02,4WE_PAIR_019_V02__PLAYER,Player,T52_S004__BASELINE,BASELINE,5,MINIMUM_MULTI_ACTION_ENERGY,LEGAL_SIGNATURE_QUICK_ATTACK_ONLY,LEGAL_STRUCTURE,Expose Quick Attack as the only legal action.,['Quick Attack'],Quick Attack,5,2.0,3.0,-1.0,Ascension,0.152,0.41,-0.258,False,True,0.708,0.194,0.514,Quick Attack,-0.5559999999999999,0.21599999999999997,-0.772,True,True
4WE_PAIR_019_V02,4WE_PAIR_019_V02__PLAYER,Player,T52_S004__BASELINE,BASELINE,5,MINIMUM_MULTI_ACTION_ENERGY,LOW_ACTING_ENERGY,ENERGY_STATE,Reduce the acting Pokémon to one attached energy.,"['Ascension', 'Quick Attack']",Ascension | Quick Attack,5,1.0,3.0,-2.0,Quick Attack,0.706,0.196,0.51,True,False,0.708,0.194,0.514,Quick Attack,-0.0020000000000000018,0.0020000000000000018,-0.0040000000000000036,False,False
4WE_PAIR_019_V02,4WE_PAIR_019_V02__PLAYER,Player,T52_S004__BASELINE,BASELINE,5,MINIMUM_MULTI_ACTION_ENERGY,HIGH_ACTING_ENERGY,ENERGY_STATE,Increase the acting Pokémon to four attached energy.,"['Ascension', 'Quick Attack']",Ascension | Quick Attack,5,4.0,3.0,1.0,Quick Attack,0.718,0.182,0.536,True,False,0.708,0.194,0.514,Quick Attack,0.010000000000000009,-0.01200000000000001,0.02200000000000002,False,False
4WE_PAIR_019_V02,4WE_PAIR_019_V02__PLAYER,Player,T52_S004__BASELINE,BASELINE,5,MINIMUM_MULTI_ACTION_ENERGY,ACTING_ENERGY_DISADVANTAGE,ENERGY_STATE,Set acting energy to two and opposing energy to four.,"['Ascension', 'Quick Attack']",Ascension | Quick Attack,5,2.0,4.0,-2.0,Quick Attack,0.712,0.19,0.522,True,False,0.708,0.194,0.514,Quick Attack,0.0040000000000000036,-0.0040000000000000036,0.008000000000000007,False,False
4WE_PAIR_019_V02,4WE_PAIR_019_V02__PLAYER,Player,T52_S004__BASELINE,BASELINE,5,MINIMUM_MULTI_ACTION_ENERGY,ACTING_ENERGY_ADVANTAGE,ENERGY_STATE,Set acting energy to four and opposing energy to one.,"['Ascension', 'Quick Attack']",Ascension | Quick Attack,5,4.0,1.0,3.0,Quick Attack,0.714,0.184,0.53,True,False,0.708,0.194,0.514,Quick Attack,0.006000000000000005,-0.010000000000000009,0.016000000000000014,False,False
4WE_PAIR_019_V02,4WE_PAIR_019_V02__PLAYER,Player,T52_S004__BASELINE,BASELINE,5,MINIMUM_MULTI_ACTION_ENERGY,EARLY_TURN,TURN_STATE,Force the decision context to turn one.,"['Ascension', 'Quick Attack']",Ascension | Quick Attack,1,2.0,3.0,-1.0,Quick Attack,0.698,0.182,0.516,True,False,0.708,0.194,0.514,Quick Attack,-0.010000000000000009,-0.01200000000000001,0.0020000000000000018,False,False
4WE_PAIR_019_V02,4WE_PAIR_019_V02__PLAYER,Player,T52_S004__BASELINE,BASELINE,5,MINIMUM_MULTI_ACTION_ENERGY,LATE_TURN,TURN_STATE,Force the decision context to turn twelve.,"['Ascension', 'Quick Attack']",Ascension | Quick Attack,12,2.0,3.0,-1.0,Quick Attack,0.714,0.186,0.528,True,False,0.708,0.194,0.514,Quick Attack,0.006000000000000005,-0.008000000000000007,0.014000000000000012,False,False
4WE_PAIR_019_V03,4WE_PAIR_019_V03__OPPONENT,Opponent,T52_S004__BASELINE,BASELINE,5,SYMMETRIC_TWO_ENERGY,BASELINE,BASELINE,Preserve the original expanded case exactly.,"['Ascension', 'Quick Attack']",Ascension | Quick Attack,5,2.0,2.0,0.0,Quick Attack,0.706,0.196,0.51,True,False,0.706,0.196,0.51,Quick Attack,0.0,0.0,0.0,False,False
4WE_PAIR_019_V03,4WE_PAIR_019_V03__OPPONENT,Opponent,T52_S004__BASELINE,BASELINE,5,SYMMETRIC_TWO_ENERGY,LEGAL_SIGNATURE_ASCENSION_ONLY,LEGAL_STRUCTURE,Expose Ascension as the only legal action.,['Ascension'],Ascension,5,2.0,2.0,0.0,Ascension,0.04,0.658,-0.618,False,True,0.706,0.196,0.51,Quick Attack,-0.6659999999999999,0.462,-1.1280000000000001,True,True
4WE_PAIR_019_V03,4WE_PAIR_019_V03__OPPONENT,Opponent,T52_S004__BASELINE,BASELINE,5,SYMMETRIC_TWO_ENERGY,LEGAL_SIGNATURE_QUICK_ATTACK_ONLY,LEGAL_STRUCTURE,Expose Quick Attack as the only legal action.,['Quick Attack'],Quick Attack,5,2.0,2.0,0.0,Ascension,0.152,0.412,-0.26,False,True,0.706,0.196,0.51,Quick Attack,-0.5539999999999999,0.21599999999999997,-0.77,True,True
4WE_PAIR_019_V03,4WE_PAIR_019_V03__OPPONENT,Opponent,T52_S004__BASELINE,BASELINE,5,SYMMETRIC_TWO_ENERGY,LOW_ACTING_ENERGY,ENERGY_STATE,Reduce the acting Pokémon to one attached energy.,"['Ascension', 'Quick Attack']",Ascension | Quick Attack,5,1.0,2.0,-1.0,Quick Attack,0.704,0.196,0.508,True,False,0.706,0.196,0.51,Quick Attack,-0.0020000000000000018,0.0,-0.0020000000000000018,False,False
4WE_PAIR_019_V03,4WE_PAIR_019_V03__OPPONENT,Opponent,T52_S004__BASELINE,BASELINE,5,SYMMETRIC_TWO_ENERGY,HIGH_ACTING_ENERGY,ENERGY_STATE,Increase the acting Pokémon to four attached energy.,"['Ascension', 'Quick Attack']",Ascension | Quick Attack,5,4.0,2.0,2.0,Quick Attack,0.718,0.182,0.536,True,False,0.706,0.196,0.51,Quick Attack,0.01200000000000001,-0.014000000000000012,0.026000000000000023,False,False
4WE_PAIR_019_V03,4WE_PAIR_019_V03__OPPONENT,Opponent,T52_S004__BASELINE,BASELINE,5,SYMMETRIC_TWO_ENERGY,ACTING_ENERGY_DISADVANTAGE,ENERGY_STATE,Set acting energy to two and opposing energy to four.,"['Ascension', 'Quick Attack']",Ascension | Quick Attack,5,2.0,4.0,-2.0,Quick Attack,0.708,0.194,0.514,True,False,0.706,0.196,0.51,Quick Attack,0.0020000000000000018,-0.0020000000000000018,0.0040000000000000036,False,False
4WE_PAIR_019_V03,4WE_PAIR_019_V03__OPPONENT,Opponent,T52_S004__BASELINE,BASELINE,5,SYMMETRIC_TWO_ENERGY,ACTING_ENERGY_ADVANTAGE,ENERGY_STATE,Set acting energy to four and opposing energy to one.,"['Ascension', 'Quick Attack']",Ascension | Quick Attack,5,4.0,1.0,3.0,Quick Attack,0.714,0.186,0.528,True,False,0.706,0.196,0.51,Quick Attack,0.008000000000000007,-0.010000000000000009,0.018000000000000016,False,False
4WE_PAIR_019_V03,4WE_PAIR_019_V03__OPPONENT,Opponent,T52_S004__BASELINE,BASELINE,5,SYMMETRIC_TWO_ENERGY,EARLY_TURN,TURN_STATE,Force the decision context to turn one.,"['Ascension', 'Quick Attack']",Ascension | Quick Attack,1,2.0,2.0,0.0,Quick Attack,0.696,0.184,0.512,True,False,0.706,0.196,0.51,Quick Attack,-0.010000000000000009,-0.01200000000000001,0.0020000000000000018,False,False
4WE_PAIR_019_V03,4WE_PAIR_019_V03__OPPONENT,Opponent,T52_S004__BASELINE,BASELINE,5,SYMMETRIC_TWO_ENERGY,LATE_TURN,TURN_STATE,Force the decision context to turn twelve.,"['Ascension', 'Quick Attack']",Ascension | Quick Attack,12,2.0,2.0,0.0,Quick Attack,0.712,0.188,0.524,True,False,0.706,0.196,0.51,Quick Attack,0.006000000000000005,-0.008000000000000007,0.014000000000000012,False,False
4WE_PAIR_019_V03,4WE_PAIR_019_V03__PLAYER,Player,T52_S004__BASELINE,BASELINE,5,SYMMETRIC_TWO_ENERGY,BASELINE,BASELINE,Preserve the original expanded case exactly.,"['Ascension', 'Quick Attack']",Ascension | Quick Attack,5,2.0,2.0,0.0,Quick Attack,0.708,0.194,0.514,True,False,0.708,0.194,0.514,Quick Attack,0.0,0.0,0.0,False,False
4WE_PAIR_019_V03,4WE_PAIR_019_V03__PLAYER,Player,T52_S004__BASELINE,BASELINE,5,SYMMETRIC_TWO_ENERGY,LEGAL_SIGNATURE_ASCENSION_ONLY,LEGAL_STRUCTURE,Expose Ascension as the only legal action.,['Ascension'],Ascension,5,2.0,2.0,0.0,Ascension,0.04,0.656,-0.616,False,True,0.708,0.194,0.514,Quick Attack,-0.6679999999999999,0.462,-1.13,True,True
4WE_PAIR_019_V03,4WE_PAIR_019_V03__PLAYER,Player,T52_S004__BASELINE,BASELINE,5,SYMMETRIC_TWO_ENERGY,LEGAL_SIGNATURE_QUICK_ATTACK_ONLY,LEGAL_STRUCTURE,Expose Quick Attack as the only legal action.,['Quick Attack'],Quick Attack,5,2.0,2.0,0.0,Ascension,0.152,0.41,-0.258,False,True,0.708,0.194,0.514,Quick Attack,-0.5559999999999999,0.21599999999999997,-0.772,True,True
4WE_PAIR_019_V03,4WE_PAIR_019_V03__PLAYER,Player,T52_S004__BASELINE,BASELINE,5,SYMMETRIC_TWO_ENERGY,LOW_ACTING_ENERGY,ENERGY_STATE,Reduce the acting Pokémon to one attached energy.,"['Ascension', 'Quick Attack']",Ascension | Quick Attack,5,1.0,2.0,-1.0,Quick Attack,0.706,0.196,0.51,True,False,0.708,0.194,0.514,Quick Attack,-0.0020000000000000018,0.0020000000000000018,-0.0040000000000000036,False,False
4WE_PAIR_019_V03,4WE_PAIR_019_V03__PLAYER,Player,T52_S004__BASELINE,BASELINE,5,SYMMETRIC_TWO_ENERGY,HIGH_ACTING_ENERGY,ENERGY_STATE,Increase the acting Pokémon to four attached energy.,"['Ascension', 'Quick Attack']",Ascension | Quick Attack,5,4.0,2.0,2.0,Quick Attack,0.718,0.182,0.536,True,False,0.708,0.194,0.514,Quick Attack,0.010000000000000009,-0.01200000000000001,0.02200000000000002,False,False
4WE_PAIR_019_V03,4WE_PAIR_019_V03__PLAYER,Player,T52_S004__BASELINE,BASELINE,5,SYMMETRIC_TWO_ENERGY,ACTING_ENERGY_DISADVANTAGE,ENERGY_STATE,Set acting energy to two and opposing energy to four.,"['Ascension', 'Quick Attack']",Ascension | Quick Attack,5,2.0,4.0,-2.0,Quick Attack,0.712,0.19,0.522,True,False,0.708,0.194,0.514,Quick Attack,0.0040000000000000036,-0.0040000000000000036,0.008000000000000007,False,False
4WE_PAIR_019_V03,4WE_PAIR_019_V03__PLAYER,Player,T52_S004__BASELINE,BASELINE,5,SYMMETRIC_TWO_ENERGY,ACTING_ENERGY_ADVANTAGE,ENERGY_STATE,Set acting energy to four and opposing energy to one.,"['Ascension', 'Quick Attack']",Ascension | Quick Attack,5,4.0,1.0,3.0,Quick Attack,0.714,0.184,0.53,True,False,0.708,0.194,0.514,Quick Attack,0.006000000000000005,-0.010000000000000009,0.016000000000000014,False,False
4WE_PAIR_019_V03,4WE_PAIR_019_V03__PLAYER,Player,T52_S004__BASELINE,BASELINE,5,SYMMETRIC_TWO_ENERGY,EARLY_TURN,TURN_STATE,Force the decision context to turn one.,"['Ascension', 'Quick Attack']",Ascension | Quick Attack,1,2.0,2.0,0.0,Quick Attack,0.698,0.182,0.516,True,False,0.708,0.194,0.514,Quick Attack,-0.010000000000000009,-0.01200000000000001,0.0020000000000000018,False,False
4WE_PAIR_019_V03,4WE_PAIR_019_V03__PLAYER,Player,T52_S004__BASELINE,BASELINE,5,SYMMETRIC_TWO_ENERGY,LATE_TURN,TURN_STATE,Force the decision context to turn twelve.,"['Ascension', 'Quick Attack']",Ascension | Quick Attack,12,2.0,2.0,0.0,Quick Attack,0.714,0.186,0.528,True,False,0.708,0.194,0.514,Quick Attack,0.006000000000000005,-0.008000000000000007,0.014000000000000012,False,False
4WE_PAIR_019_V04,4WE_PAIR_019_V04__OPPONENT,Opponent,T52_S004__BASELINE,BASELINE,5,EEVEE_ENERGY_ADVANTAGE,BASELINE,BASELINE,Preserve the original expanded case exactly.,"['Ascension', 'Quick Attack']",Ascension | Quick Attack,5,3.0,2.0,1.0,Quick Attack,0.712,0.188,0.524,True,False,0.712,0.188,0.524,Quick Attack,0.0,0.0,0.0,False,False
4WE_PAIR_019_V04,4WE_PAIR_019_V04__OPPONENT,Opponent,T52_S004__BASELINE,BASELINE,5,EEVEE_ENERGY_ADVANTAGE,LEGAL_SIGNATURE_ASCENSION_ONLY,LEGAL_STRUCTURE,Expose Ascension as the only legal action.,['Ascension'],Ascension,5,3.0,2.0,1.0,Ascension,0.042,0.65,-0.608,False,True,0.712,0.188,0.524,Quick Attack,-0.6699999999999999,0.462,-1.1320000000000001,True,True
4WE_PAIR_019_V04,4WE_PAIR_019_V04__OPPONENT,Opponent,T52_S004__BASELINE,BASELINE,5,EEVEE_ENERGY_ADVANTAGE,LEGAL_SIGNATURE_QUICK_ATTACK_ONLY,LEGAL_STRUCTURE,Expose Quick Attack as the only legal action.,['Quick Attack'],Quick Attack,5,3.0,2.0,1.0,Ascension,0.156,0.406,-0.25,False,True,0.712,0.188,0.524,Quick Attack,-0.5559999999999999,0.21800000000000003,-0.774,True,True
4WE_PAIR_019_V04,4WE_PAIR_019_V04__OPPONENT,Opponent,T52_S004__BASELINE,BASELINE,5,EEVEE_ENERGY_ADVANTAGE,LOW_ACTING_ENERGY,ENERGY_STATE,Reduce the acting Pokémon to one attached energy.,"['Ascension', 'Quick Attack']",Ascension | Quick Attack,5,1.0,2.0,-1.0,Quick Attack,0.704,0.196,0.508,True,False,0.712,0.188,0.524,Quick Attack,-0.008000000000000007,0.008000000000000007,-0.016000000000000014,False,False
4WE_PAIR_019_V04,4WE_PAIR_019_V04__OPPONENT,Opponent,T52_S004__BASELINE,BASELINE,5,EEVEE_ENERGY_ADVANTAGE,HIGH_ACTING_ENERGY,ENERGY_STATE,Increase the acting Pokémon to four attached energy.,"['Ascension', 'Quick Attack']",Ascension | Quick Attack,5,4.0,2.0,2.0,Quick Attack,0.718,0.182,0.536,True,False,0.712,0.188,0.524,Quick Attack,0.006000000000000005,-0.006000000000000005,0.01200000000000001,False,False
4WE_PAIR_019_V04,4WE_PAIR_019_V04__OPPONENT,Opponent,T52_S004__BASELINE,BASELINE,5,EEVEE_ENERGY_ADVANTAGE,ACTING_ENERGY_DISADVANTAGE,ENERGY_STATE,Set acting energy to two and opposing energy to four.,"['Ascension', 'Quick Attack']",Ascension | Quick Attack,5,2.0,4.0,-2.0,Quick Attack,0.708,0.194,0.514,True,False,0.712,0.188,0.524,Quick Attack,-0.0040000000000000036,0.006000000000000005,-0.010000000000000009,False,False
4WE_PAIR_019_V04,4WE_PAIR_019_V04__OPPONENT,Opponent,T52_S004__BASELINE,BASELINE,5,EEVEE_ENERGY_ADVANTAGE,ACTING_ENERGY_ADVANTAGE,ENERGY_STATE,Set acting energy to four and opposing energy to one.,"['Ascension', 'Quick Attack']",Ascension | Quick Attack,5,4.0,1.0,3.0,Quick Attack,0.714,0.186,0.528,True,False,0.712,0.188,0.524,Quick Attack,0.0020000000000000018,-0.0020000000000000018,0.0040000000000000036,False,False
4WE_PAIR_019_V04,4WE_PAIR_019_V04__OPPONENT,Opponent,T52_S004__BASELINE,BASELINE,5,EEVEE_ENERGY_ADVANTAGE,EARLY_TURN,TURN_STATE,Force the decision context to turn one.,"['Ascension', 'Quick Attack']",Ascension | Quick Attack,1,3.0,2.0,1.0,Quick Attack,0.702,0.176,0.526,True,False,0.712,0.188,0.524,Quick Attack,-0.010000000000000009,-0.01200000000000001,0.0020000000000000018,False,False
4WE_PAIR_019_V04,4WE_PAIR_019_V04__OPPONENT,Opponent,T52_S004__BASELINE,BASELINE,5,EEVEE_ENERGY_ADVANTAGE,LATE_TURN,TURN_STATE,Force the decision context to turn twelve.,"['Ascension', 'Quick Attack']",Ascension | Quick Attack,12,3.0,2.0,1.0,Quick Attack,0.718,0.18,0.538,True,False,0.712,0.188,0.524,Quick Attack,0.006000000000000005,-0.008000000000000007,0.014000000000000012,False,False
4WE_PAIR_019_V04,4WE_PAIR_019_V04__PLAYER,Player,T52_S004__BASELINE,BASELINE,5,EEVEE_ENERGY_ADVANTAGE,BASELINE,BASELINE,Preserve the original expanded case exactly.,"['Ascension', 'Quick Attack']",Ascension | Quick Attack,5,3.0,2.0,1.0,Quick Attack,0.714,0.186,0.528,True,False,0.714,0.186,0.528,Quick Attack,0.0,0.0,0.0,False,False
4WE_PAIR_019_V04,4WE_PAIR_019_V04__PLAYER,Player,T52_S004__BASELINE,BASELINE,5,EEVEE_ENERGY_ADVANTAGE,LEGAL_SIGNATURE_ASCENSION_ONLY,LEGAL_STRUCTURE,Expose Ascension as the only legal action.,['Ascension'],Ascension,5,3.0,2.0,1.0,Ascension,0.042,0.648,-0.606,False,True,0.714,0.186,0.528,Quick Attack,-0.6719999999999999,0.462,-1.134,True,True
4WE_PAIR_019_V04,4WE_PAIR_019_V04__PLAYER,Player,T52_S004__BASELINE,BASELINE,5,EEVEE_ENERGY_ADVANTAGE,LEGAL_SIGNATURE_QUICK_ATTACK_ONLY,LEGAL_STRUCTURE,Expose Quick Attack as the only legal action.,['Quick Attack'],Quick Attack,5,3.0,2.0,1.0,Ascension,0.156,0.404,-0.24800000000000003,False,True,0.714,0.186,0.528,Quick Attack,-0.5579999999999999,0.21800000000000003,-0.776,True,True
4WE_PAIR_019_V04,4WE_PAIR_019_V04__PLAYER,Player,T52_S004__BASELINE,BASELINE,5,EEVEE_ENERGY_ADVANTAGE,LOW_ACTING_ENERGY,ENERGY_STATE,Reduce the acting Pokémon to one attached energy.,"['Ascension', 'Quick Attack']",Ascension | Quick Attack,5,1.0,2.0,-1.0,Quick Attack,0.706,0.196,0.51,True,False,0.714,0.186,0.528,Quick Attack,-0.008000000000000007,0.010000000000000009,-0.018000000000000016,False,False
4WE_PAIR_019_V04,4WE_PAIR_019_V04__PLAYER,Player,T52_S004__BASELINE,BASELINE,5,EEVEE_ENERGY_ADVANTAGE,HIGH_ACTING_ENERGY,ENERGY_STATE,Increase the acting Pokémon to four attached energy.,"['Ascension', 'Quick Attack']",Ascension | Quick Attack,5,4.0,2.0,2.0,Quick Attack,0.718,0.182,0.536,True,False,0.714,0.186,0.528,Quick Attack,0.0040000000000000036,-0.0040000000000000036,0.008000000000000007,False,False
4WE_PAIR_019_V04,4WE_PAIR_019_V04__PLAYER,Player,T52_S004__BASELINE,BASELINE,5,EEVEE_ENERGY_ADVANTAGE,ACTING_ENERGY_DISADVANTAGE,ENERGY_STATE,Set acting energy to two and opposing energy to four.,"['Ascension', 'Quick Attack']",Ascension | Quick Attack,5,2.0,4.0,-2.0,Quick Attack,0.712,0.19,0.522,True,False,0.714,0.186,0.528,Quick Attack,-0.0020000000000000018,0.0040000000000000036,-0.006000000000000005,False,False
4WE_PAIR_019_V04,4WE_PAIR_019_V04__PLAYER,Player,T52_S004__BASELINE,BASELINE,5,EEVEE_ENERGY_ADVANTAGE,ACTING_ENERGY_ADVANTAGE,ENERGY_STATE,Set acting energy to four and opposing energy to one.,"['Ascension', 'Quick Attack']",Ascension | Quick Attack,5,4.0,1.0,3.0,Quick Attack,0.714,0.184,0.53,True,False,0.714,0.186,0.528,Quick Attack,0.0,-0.0020000000000000018,0.0020000000000000018,False,False
4WE_PAIR_019_V04,4WE_PAIR_019_V04__PLAYER,Player,T52_S004__BASELINE,BASELINE,5,EEVEE_ENERGY_ADVANTAGE,EARLY_TURN,TURN_STATE,Force the decision context to turn one.,"['Ascension', 'Quick Attack']",Ascension | Quick Attack,1,3.0,2.0,1.0,Quick Attack,0.704,0.174,0.53,True,False,0.714,0.186,0.528,Quick Attack,-0.010000000000000009,-0.01200000000000001,0.0020000000000000018,False,False
4WE_PAIR_019_V04,4WE_PAIR_019_V04__PLAYER,Player,T52_S004__BASELINE,BASELINE,5,EEVEE_ENERGY_ADVANTAGE,LATE_TURN,TURN_STATE,Force the decision context to turn twelve.,"['Ascension', 'Quick Attack']",Ascension | Quick Attack,12,3.0,2.0,1.0,Quick Attack,0.72,0.178,0.542,True,False,0.714,0.186,0.528,Quick Attack,0.006000000000000005,-0.008000000000000007,0.014000000000000012,False,False
4WE_PAIR_020_V01,4WE_PAIR_020_V01__OPPONENT,Opponent,T52_S004__HP_PRESSURE,HP_PRESSURE,1,OBSERVED_ENERGY_CONTEXT,BASELINE,BASELINE,Preserve the original expanded case exactly.,"['Ascension', 'Quick Attack']",Ascension | Quick Attack,1,3.0,3.0,0.0,Quick Attack,0.796,0.12,0.676,True,False,0.796,0.12,0.676,Quick Attack,0.0,0.0,0.0,False,False
4WE_PAIR_020_V01,4WE_PAIR_020_V01__OPPONENT,Opponent,T52_S004__HP_PRESSURE,HP_PRESSURE,1,OBSERVED_ENERGY_CONTEXT,LEGAL_SIGNATURE_ASCENSION_ONLY,LEGAL_STRUCTURE,Expose Ascension as the only legal action.,['Ascension'],Ascension,1,3.0,3.0,0.0,Ascension,0.086,0.604,-0.518,False,True,0.796,0.12,0.676,Quick Attack,-0.7100000000000001,0.484,-1.194,True,True
4WE_PAIR_020_V01,4WE_PAIR_020_V01__OPPONENT,Opponent,T52_S004__HP_PRESSURE,HP_PRESSURE,1,OBSERVED_ENERGY_CONTEXT,LEGAL_SIGNATURE_QUICK_ATTACK_ONLY,LEGAL_STRUCTURE,Expose Quick Attack as the only legal action.,['Quick Attack'],Quick Attack,1,3.0,3.0,0.0,Ascension,0.202,0.376,-0.174,False,True,0.796,0.12,0.676,Quick Attack,-0.5940000000000001,0.256,-0.8500000000000001,True,True
4WE_PAIR_020_V01,4WE_PAIR_020_V01__OPPONENT,Opponent,T52_S004__HP_PRESSURE,HP_PRESSURE,1,OBSERVED_ENERGY_CONTEXT,LOW_ACTING_ENERGY,ENERGY_STATE,Reduce the acting Pokémon to one attached energy.,"['Ascension', 'Quick Attack']",Ascension | Quick Attack,1,1.0,3.0,-2.0,Quick Attack,0.774,0.142,0.632,True,False,0.796,0.12,0.676,Quick Attack,-0.02200000000000002,0.021999999999999992,-0.04400000000000004,False,False
4WE_PAIR_020_V01,4WE_PAIR_020_V01__OPPONENT,Opponent,T52_S004__HP_PRESSURE,HP_PRESSURE,1,OBSERVED_ENERGY_CONTEXT,HIGH_ACTING_ENERGY,ENERGY_STATE,Increase the acting Pokémon to four attached energy.,"['Ascension', 'Quick Attack']",Ascension | Quick Attack,1,4.0,3.0,1.0,Quick Attack,0.796,0.12,0.676,True,False,0.796,0.12,0.676,Quick Attack,0.0,0.0,0.0,False,False
4WE_PAIR_020_V01,4WE_PAIR_020_V01__OPPONENT,Opponent,T52_S004__HP_PRESSURE,HP_PRESSURE,1,OBSERVED_ENERGY_CONTEXT,ACTING_ENERGY_DISADVANTAGE,ENERGY_STATE,Set acting energy to two and opposing energy to four.,"['Ascension', 'Quick Attack']",Ascension | Quick Attack,1,2.0,4.0,-2.0,Quick Attack,0.776,0.142,0.634,True,False,0.796,0.12,0.676,Quick Attack,-0.020000000000000018,0.021999999999999992,-0.04200000000000004,False,False
4WE_PAIR_020_V01,4WE_PAIR_020_V01__OPPONENT,Opponent,T52_S004__HP_PRESSURE,HP_PRESSURE,1,OBSERVED_ENERGY_CONTEXT,ACTING_ENERGY_ADVANTAGE,ENERGY_STATE,Set acting energy to four and opposing energy to one.,"['Ascension', 'Quick Attack']",Ascension | Quick Attack,1,4.0,1.0,3.0,Quick Attack,0.788,0.128,0.66,True,False,0.796,0.12,0.676,Quick Attack,-0.008000000000000007,0.008000000000000007,-0.016000000000000014,False,False
4WE_PAIR_020_V01,4WE_PAIR_020_V01__OPPONENT,Opponent,T52_S004__HP_PRESSURE,HP_PRESSURE,1,OBSERVED_ENERGY_CONTEXT,EARLY_TURN,TURN_STATE,Force the decision context to turn one.,"['Ascension', 'Quick Attack']",Ascension | Quick Attack,1,3.0,3.0,0.0,Quick Attack,0.796,0.12,0.676,True,False,0.796,0.12,0.676,Quick Attack,0.0,0.0,0.0,False,False
4WE_PAIR_020_V01,4WE_PAIR_020_V01__OPPONENT,Opponent,T52_S004__HP_PRESSURE,HP_PRESSURE,1,OBSERVED_ENERGY_CONTEXT,LATE_TURN,TURN_STATE,Force the decision context to turn twelve.,"['Ascension', 'Quick Attack']",Ascension | Quick Attack,12,3.0,3.0,0.0,Quick Attack,0.822,0.114,0.708,True,False,0.796,0.12,0.676,Quick Attack,0.025999999999999912,-0.0059999999999999915,0.03199999999999992,False,False
4WE_PAIR_020_V01,4WE_PAIR_020_V01__PLAYER,Player,T52_S004__HP_PRESSURE,HP_PRESSURE,1,OBSERVED_ENERGY_CONTEXT,BASELINE,BASELINE,Preserve the original expanded case exactly.,"['Ascension', 'Quick Attack']",Ascension | Quick Attack,1,3.0,3.0,0.0,Quick Attack,0.798,0.118,0.68,True,False,0.798,0.118,0.68,Quick Attack,0.0,0.0,0.0,False,False
4WE_PAIR_020_V01,4WE_PAIR_020_V01__PLAYER,Player,T52_S004__HP_PRESSURE,HP_PRESSURE,1,OBSERVED_ENERGY_CONTEXT,LEGAL_SIGNATURE_ASCENSION_ONLY,LEGAL_STRUCTURE,Expose Ascension as the only legal action.,['Ascension'],Ascension,1,3.0,3.0,0.0,Ascension,0.086,0.604,-0.518,False,True,0.798,0.118,0.68,Quick Attack,-0.7120000000000001,0.486,-1.198,True,True
4WE_PAIR_020_V01,4WE_PAIR_020_V01__PLAYER,Player,T52_S004__HP_PRESSURE,HP_PRESSURE,1,OBSERVED_ENERGY_CONTEXT,LEGAL_SIGNATURE_QUICK_ATTACK_ONLY,LEGAL_STRUCTURE,Expose Quick Attack as the only legal action.,['Quick Attack'],Quick Attack,1,3.0,3.0,0.0,Ascension,0.202,0.376,-0.174,False,True,0.798,0.118,0.68,Quick Attack,-0.5960000000000001,0.258,-0.8540000000000001,True,True
4WE_PAIR_020_V01,4WE_PAIR_020_V01__PLAYER,Player,T52_S004__HP_PRESSURE,HP_PRESSURE,1,OBSERVED_ENERGY_CONTEXT,LOW_ACTING_ENERGY,ENERGY_STATE,Reduce the acting Pokémon to one attached energy.,"['Ascension', 'Quick Attack']",Ascension | Quick Attack,1,1.0,3.0,-2.0,Quick Attack,0.78,0.138,0.642,True,False,0.798,0.118,0.68,Quick Attack,-0.018000000000000016,0.020000000000000018,-0.038000000000000034,False,False
4WE_PAIR_020_V01,4WE_PAIR_020_V01__PLAYER,Player,T52_S004__HP_PRESSURE,HP_PRESSURE,1,OBSERVED_ENERGY_CONTEXT,HIGH_ACTING_ENERGY,ENERGY_STATE,Increase the acting Pokémon to four attached energy.,"['Ascension', 'Quick Attack']",Ascension | Quick Attack,1,4.0,3.0,1.0,Quick Attack,0.798,0.118,0.68,True,False,0.798,0.118,0.68,Quick Attack,0.0,0.0,0.0,False,False
4WE_PAIR_020_V01,4WE_PAIR_020_V01__PLAYER,Player,T52_S004__HP_PRESSURE,HP_PRESSURE,1,OBSERVED_ENERGY_CONTEXT,ACTING_ENERGY_DISADVANTAGE,ENERGY_STATE,Set acting energy to two and opposing energy to four.,"['Ascension', 'Quick Attack']",Ascension | Quick Attack,1,2.0,4.0,-2.0,Quick Attack,0.784,0.134,0.65,True,False,0.798,0.118,0.68,Quick Attack,-0.014000000000000012,0.016000000000000014,-0.030000000000000027,False,False
4WE_PAIR_020_V01,4WE_PAIR_020_V01__PLAYER,Player,T52_S004__HP_PRESSURE,HP_PRESSURE,1,OBSERVED_ENERGY_CONTEXT,ACTING_ENERGY_ADVANTAGE,ENERGY_STATE,Set acting energy to four and opposing energy to one.,"['Ascension', 'Quick Attack']",Ascension | Quick Attack,1,4.0,1.0,3.0,Quick Attack,0.792,0.122,0.67,True,False,0.798,0.118,0.68,Quick Attack,-0.006000000000000005,0.0040000000000000036,-0.010000000000000009,False,False
4WE_PAIR_020_V01,4WE_PAIR_020_V01__PLAYER,Player,T52_S004__HP_PRESSURE,HP_PRESSURE,1,OBSERVED_ENERGY_CONTEXT,EARLY_TURN,TURN_STATE,Force the decision context to turn one.,"['Ascension', 'Quick Attack']",Ascension | Quick Attack,1,3.0,3.0,0.0,Quick Attack,0.798,0.118,0.68,True,False,0.798,0.118,0.68,Quick Attack,0.0,0.0,0.0,False,False
4WE_PAIR_020_V01,4WE_PAIR_020_V01__PLAYER,Player,T52_S004__HP_PRESSURE,HP_PRESSURE,1,OBSERVED_ENERGY_CONTEXT,LATE_TURN,TURN_STATE,Force the decision context to turn twelve.,"['Ascension', 'Quick Attack']",Ascension | Quick Attack,12,3.0,3.0,0.0,Quick Attack,0.824,0.112,0.712,True,False,0.798,0.118,0.68,Quick Attack,0.025999999999999912,-0.0059999999999999915,0.03199999999999992,False,False
4WE_PAIR_020_V02,4WE_PAIR_020_V02__OPPONENT,Opponent,T52_S004__HP_PRESSURE,HP_PRESSURE,1,MINIMUM_MULTI_ACTION_ENERGY,BASELINE,BASELINE,Preserve the original expanded case exactly.,"['Ascension', 'Quick Attack']",Ascension | Quick Attack,1,2.0,3.0,-1.0,Quick Attack,0.776,0.142,0.634,True,False,0.776,0.142,0.634,Quick Attack,0.0,0.0,0.0,False,False
4WE_PAIR_020_V02,4WE_PAIR_020_V02__OPPONENT,Opponent,T52_S004__HP_PRESSURE,HP_PRESSURE,1,MINIMUM_MULTI_ACTION_ENERGY,LEGAL_SIGNATURE_ASCENSION_ONLY,LEGAL_STRUCTURE,Expose Ascension as the only legal action.,['Ascension'],Ascension,1,2.0,3.0,-1.0,Ascension,0.068,0.628,-0.56,False,True,0.776,0.142,0.634,Quick Attack,-0.708,0.486,-1.194,True,True
4WE_PAIR_020_V02,4WE_PAIR_020_V02__OPPONENT,Opponent,T52_S004__HP_PRESSURE,HP_PRESSURE,1,MINIMUM_MULTI_ACTION_ENERGY,LEGAL_SIGNATURE_QUICK_ATTACK_ONLY,LEGAL_STRUCTURE,Expose Quick Attack as the only legal action.,['Quick Attack'],Quick Attack,1,2.0,3.0,-1.0,Ascension,0.182,0.398,-0.21600000000000003,False,True,0.776,0.142,0.634,Quick Attack,-0.5940000000000001,0.256,-0.8500000000000001,True,True
4WE_PAIR_020_V02,4WE_PAIR_020_V02__OPPONENT,Opponent,T52_S004__HP_PRESSURE,HP_PRESSURE,1,MINIMUM_MULTI_ACTION_ENERGY,LOW_ACTING_ENERGY,ENERGY_STATE,Reduce the acting Pokémon to one attached energy.,"['Ascension', 'Quick Attack']",Ascension | Quick Attack,1,1.0,3.0,-2.0,Quick Attack,0.774,0.142,0.632,True,False,0.776,0.142,0.634,Quick Attack,-0.0020000000000000018,0.0,-0.0020000000000000018,False,False
4WE_PAIR_020_V02,4WE_PAIR_020_V02__OPPONENT,Opponent,T52_S004__HP_PRESSURE,HP_PRESSURE,1,MINIMUM_MULTI_ACTION_ENERGY,HIGH_ACTING_ENERGY,ENERGY_STATE,Increase the acting Pokémon to four attached energy.,"['Ascension', 'Quick Attack']",Ascension | Quick Attack,1,4.0,3.0,1.0,Quick Attack,0.796,0.12,0.676,True,False,0.776,0.142,0.634,Quick Attack,0.020000000000000018,-0.021999999999999992,0.04200000000000004,False,False
4WE_PAIR_020_V02,4WE_PAIR_020_V02__OPPONENT,Opponent,T52_S004__HP_PRESSURE,HP_PRESSURE,1,MINIMUM_MULTI_ACTION_ENERGY,ACTING_ENERGY_DISADVANTAGE,ENERGY_STATE,Set acting energy to two and opposing energy to four.,"['Ascension', 'Quick Attack']",Ascension | Quick Attack,1,2.0,4.0,-2.0,Quick Attack,0.776,0.142,0.634,True,False,0.776,0.142,0.634,Quick Attack,0.0,0.0,0.0,False,False
4WE_PAIR_020_V02,4WE_PAIR_020_V02__OPPONENT,Opponent,T52_S004__HP_PRESSURE,HP_PRESSURE,1,MINIMUM_MULTI_ACTION_ENERGY,ACTING_ENERGY_ADVANTAGE,ENERGY_STATE,Set acting energy to four and opposing energy to one.,"['Ascension', 'Quick Attack']",Ascension | Quick Attack,1,4.0,1.0,3.0,Quick Attack,0.788,0.128,0.66,True,False,0.776,0.142,0.634,Quick Attack,0.01200000000000001,-0.013999999999999985,0.026000000000000023,False,False
4WE_PAIR_020_V02,4WE_PAIR_020_V02__OPPONENT,Opponent,T52_S004__HP_PRESSURE,HP_PRESSURE,1,MINIMUM_MULTI_ACTION_ENERGY,EARLY_TURN,TURN_STATE,Force the decision context to turn one.,"['Ascension', 'Quick Attack']",Ascension | Quick Attack,1,2.0,3.0,-1.0,Quick Attack,0.776,0.142,0.634,True,False,0.776,0.142,0.634,Quick Attack,0.0,0.0,0.0,False,False
4WE_PAIR_020_V02,4WE_PAIR_020_V02__OPPONENT,Opponent,T52_S004__HP_PRESSURE,HP_PRESSURE,1,MINIMUM_MULTI_ACTION_ENERGY,LATE_TURN,TURN_STATE,Force the decision context to turn twelve.,"['Ascension', 'Quick Attack']",Ascension | Quick Attack,12,2.0,3.0,-1.0,Quick Attack,0.802,0.136,0.666,True,False,0.776,0.142,0.634,Quick Attack,0.026000000000000023,-0.005999999999999978,0.03200000000000003,False,False
4WE_PAIR_020_V02,4WE_PAIR_020_V02__PLAYER,Player,T52_S004__HP_PRESSURE,HP_PRESSURE,1,MINIMUM_MULTI_ACTION_ENERGY,BASELINE,BASELINE,Preserve the original expanded case exactly.,"['Ascension', 'Quick Attack']",Ascension | Quick Attack,1,2.0,3.0,-1.0,Quick Attack,0.784,0.134,0.65,True,False,0.784,0.134,0.65,Quick Attack,0.0,0.0,0.0,False,False
4WE_PAIR_020_V02,4WE_PAIR_020_V02__PLAYER,Player,T52_S004__HP_PRESSURE,HP_PRESSURE,1,MINIMUM_MULTI_ACTION_ENERGY,LEGAL_SIGNATURE_ASCENSION_ONLY,LEGAL_STRUCTURE,Expose Ascension as the only legal action.,['Ascension'],Ascension,1,2.0,3.0,-1.0,Ascension,0.076,0.62,-0.544,False,True,0.784,0.134,0.65,Quick Attack,-0.7080000000000001,0.486,-1.194,True,True
4WE_PAIR_020_V02,4WE_PAIR_020_V02__PLAYER,Player,T52_S004__HP_PRESSURE,HP_PRESSURE,1,MINIMUM_MULTI_ACTION_ENERGY,LEGAL_SIGNATURE_QUICK_ATTACK_ONLY,LEGAL_STRUCTURE,Expose Quick Attack as the only legal action.,['Quick Attack'],Quick Attack,1,2.0,3.0,-1.0,Ascension,0.19,0.39,-0.2,False,True,0.784,0.134,0.65,Quick Attack,-0.5940000000000001,0.256,-0.8500000000000001,True,True
4WE_PAIR_020_V02,4WE_PAIR_020_V02__PLAYER,Player,T52_S004__HP_PRESSURE,HP_PRESSURE,1,MINIMUM_MULTI_ACTION_ENERGY,LOW_ACTING_ENERGY,ENERGY_STATE,Reduce the acting Pokémon to one attached energy.,"['Ascension', 'Quick Attack']",Ascension | Quick Attack,1,1.0,3.0,-2.0,Quick Attack,0.78,0.138,0.642,True,False,0.784,0.134,0.65,Quick Attack,-0.0040000000000000036,0.0040000000000000036,-0.008000000000000007,False,False
4WE_PAIR_020_V02,4WE_PAIR_020_V02__PLAYER,Player,T52_S004__HP_PRESSURE,HP_PRESSURE,1,MINIMUM_MULTI_ACTION_ENERGY,HIGH_ACTING_ENERGY,ENERGY_STATE,Increase the acting Pokémon to four attached energy.,"['Ascension', 'Quick Attack']",Ascension | Quick Attack,1,4.0,3.0,1.0,Quick Attack,0.798,0.118,0.68,True,False,0.784,0.134,0.65,Quick Attack,0.014000000000000012,-0.016000000000000014,0.030000000000000027,False,False
4WE_PAIR_020_V02,4WE_PAIR_020_V02__PLAYER,Player,T52_S004__HP_PRESSURE,HP_PRESSURE,1,MINIMUM_MULTI_ACTION_ENERGY,ACTING_ENERGY_DISADVANTAGE,ENERGY_STATE,Set acting energy to two and opposing energy to four.,"['Ascension', 'Quick Attack']",Ascension | Quick Attack,1,2.0,4.0,-2.0,Quick Attack,0.784,0.134,0.65,True,False,0.784,0.134,0.65,Quick Attack,0.0,0.0,0.0,False,False
4WE_PAIR_020_V02,4WE_PAIR_020_V02__PLAYER,Player,T52_S004__HP_PRESSURE,HP_PRESSURE,1,MINIMUM_MULTI_ACTION_ENERGY,ACTING_ENERGY_ADVANTAGE,ENERGY_STATE,Set acting energy to four and opposing energy to one.,"['Ascension', 'Quick Attack']",Ascension | Quick Attack,1,4.0,1.0,3.0,Quick Attack,0.792,0.122,0.67,True,False,0.784,0.134,0.65,Quick Attack,0.008000000000000007,-0.01200000000000001,0.020000000000000018,False,False
4WE_PAIR_020_V02,4WE_PAIR_020_V02__PLAYER,Player,T52_S004__HP_PRESSURE,HP_PRESSURE,1,MINIMUM_MULTI_ACTION_ENERGY,EARLY_TURN,TURN_STATE,Force the decision context to turn one.,"['Ascension', 'Quick Attack']",Ascension | Quick Attack,1,2.0,3.0,-1.0,Quick Attack,0.784,0.134,0.65,True,False,0.784,0.134,0.65,Quick Attack,0.0,0.0,0.0,False,False
4WE_PAIR_020_V02,4WE_PAIR_020_V02__PLAYER,Player,T52_S004__HP_PRESSURE,HP_PRESSURE,1,MINIMUM_MULTI_ACTION_ENERGY,LATE_TURN,TURN_STATE,Force the decision context to turn twelve.,"['Ascension', 'Quick Attack']",Ascension | Quick Attack,12,2.0,3.0,-1.0,Quick Attack,0.81,0.128,0.682,True,False,0.784,0.134,0.65,Quick Attack,0.026000000000000023,-0.006000000000000005,0.03200000000000003,False,False
4WE_PAIR_020_V03,4WE_PAIR_020_V03__OPPONENT,Opponent,T52_S004__HP_PRESSURE,HP_PRESSURE,1,SYMMETRIC_TWO_ENERGY,BASELINE,BASELINE,Preserve the original expanded case exactly.,"['Ascension', 'Quick Attack']",Ascension | Quick Attack,1,2.0,2.0,0.0,Quick Attack,0.776,0.142,0.634,True,False,0.776,0.142,0.634,Quick Attack,0.0,0.0,0.0,False,False
4WE_PAIR_020_V03,4WE_PAIR_020_V03__OPPONENT,Opponent,T52_S004__HP_PRESSURE,HP_PRESSURE,1,SYMMETRIC_TWO_ENERGY,LEGAL_SIGNATURE_ASCENSION_ONLY,LEGAL_STRUCTURE,Expose Ascension as the only legal action.,['Ascension'],Ascension,1,2.0,2.0,0.0,Ascension,0.068,0.628,-0.56,False,True,0.776,0.142,0.634,Quick Attack,-0.708,0.486,-1.194,True,True
4WE_PAIR_020_V03,4WE_PAIR_020_V03__OPPONENT,Opponent,T52_S004__HP_PRESSURE,HP_PRESSURE,1,SYMMETRIC_TWO_ENERGY,LEGAL_SIGNATURE_QUICK_ATTACK_ONLY,LEGAL_STRUCTURE,Expose Quick Attack as the only legal action.,['Quick Attack'],Quick Attack,1,2.0,2.0,0.0,Ascension,0.182,0.398,-0.21600000000000003,False,True,0.776,0.142,0.634,Quick Attack,-0.5940000000000001,0.256,-0.8500000000000001,True,True
4WE_PAIR_020_V03,4WE_PAIR_020_V03__OPPONENT,Opponent,T52_S004__HP_PRESSURE,HP_PRESSURE,1,SYMMETRIC_TWO_ENERGY,LOW_ACTING_ENERGY,ENERGY_STATE,Reduce the acting Pokémon to one attached energy.,"['Ascension', 'Quick Attack']",Ascension | Quick Attack,1,1.0,2.0,-1.0,Quick Attack,0.774,0.142,0.632,True,False,0.776,0.142,0.634,Quick Attack,-0.0020000000000000018,0.0,-0.0020000000000000018,False,False
4WE_PAIR_020_V03,4WE_PAIR_020_V03__OPPONENT,Opponent,T52_S004__HP_PRESSURE,HP_PRESSURE,1,SYMMETRIC_TWO_ENERGY,HIGH_ACTING_ENERGY,ENERGY_STATE,Increase the acting Pokémon to four attached energy.,"['Ascension', 'Quick Attack']",Ascension | Quick Attack,1,4.0,2.0,2.0,Quick Attack,0.796,0.12,0.676,True,False,0.776,0.142,0.634,Quick Attack,0.020000000000000018,-0.021999999999999992,0.04200000000000004,False,False
4WE_PAIR_020_V03,4WE_PAIR_020_V03__OPPONENT,Opponent,T52_S004__HP_PRESSURE,HP_PRESSURE,1,SYMMETRIC_TWO_ENERGY,ACTING_ENERGY_DISADVANTAGE,ENERGY_STATE,Set acting energy to two and opposing energy to four.,"['Ascension', 'Quick Attack']",Ascension | Quick Attack,1,2.0,4.0,-2.0,Quick Attack,0.776,0.142,0.634,True,False,0.776,0.142,0.634,Quick Attack,0.0,0.0,0.0,False,False
4WE_PAIR_020_V03,4WE_PAIR_020_V03__OPPONENT,Opponent,T52_S004__HP_PRESSURE,HP_PRESSURE,1,SYMMETRIC_TWO_ENERGY,ACTING_ENERGY_ADVANTAGE,ENERGY_STATE,Set acting energy to four and opposing energy to one.,"['Ascension', 'Quick Attack']",Ascension | Quick Attack,1,4.0,1.0,3.0,Quick Attack,0.788,0.128,0.66,True,False,0.776,0.142,0.634,Quick Attack,0.01200000000000001,-0.013999999999999985,0.026000000000000023,False,False
4WE_PAIR_020_V03,4WE_PAIR_020_V03__OPPONENT,Opponent,T52_S004__HP_PRESSURE,HP_PRESSURE,1,SYMMETRIC_TWO_ENERGY,EARLY_TURN,TURN_STATE,Force the decision context to turn one.,"['Ascension', 'Quick Attack']",Ascension | Quick Attack,1,2.0,2.0,0.0,Quick Attack,0.776,0.142,0.634,True,False,0.776,0.142,0.634,Quick Attack,0.0,0.0,0.0,False,False
4WE_PAIR_020_V03,4WE_PAIR_020_V03__OPPONENT,Opponent,T52_S004__HP_PRESSURE,HP_PRESSURE,1,SYMMETRIC_TWO_ENERGY,LATE_TURN,TURN_STATE,Force the decision context to turn twelve.,"['Ascension', 'Quick Attack']",Ascension | Quick Attack,12,2.0,2.0,0.0,Quick Attack,0.802,0.136,0.666,True,False,0.776,0.142,0.634,Quick Attack,0.026000000000000023,-0.005999999999999978,0.03200000000000003,False,False
4WE_PAIR_020_V03,4WE_PAIR_020_V03__PLAYER,Player,T52_S004__HP_PRESSURE,HP_PRESSURE,1,SYMMETRIC_TWO_ENERGY,BASELINE,BASELINE,Preserve the original expanded case exactly.,"['Ascension', 'Quick Attack']",Ascension | Quick Attack,1,2.0,2.0,0.0,Quick Attack,0.784,0.134,0.65,True,False,0.784,0.134,0.65,Quick Attack,0.0,0.0,0.0,False,False
4WE_PAIR_020_V03,4WE_PAIR_020_V03__PLAYER,Player,T52_S004__HP_PRESSURE,HP_PRESSURE,1,SYMMETRIC_TWO_ENERGY,LEGAL_SIGNATURE_ASCENSION_ONLY,LEGAL_STRUCTURE,Expose Ascension as the only legal action.,['Ascension'],Ascension,1,2.0,2.0,0.0,Ascension,0.074,0.622,-0.548,False,True,0.784,0.134,0.65,Quick Attack,-0.7100000000000001,0.488,-1.198,True,True
4WE_PAIR_020_V03,4WE_PAIR_020_V03__PLAYER,Player,T52_S004__HP_PRESSURE,HP_PRESSURE,1,SYMMETRIC_TWO_ENERGY,LEGAL_SIGNATURE_QUICK_ATTACK_ONLY,LEGAL_STRUCTURE,Expose Quick Attack as the only legal action.,['Quick Attack'],Quick Attack,1,2.0,2.0,0.0,Ascension,0.188,0.392,-0.20400000000000001,False,True,0.784,0.134,0.65,Quick Attack,-0.5960000000000001,0.258,-0.8540000000000001,True,True
4WE_PAIR_020_V03,4WE_PAIR_020_V03__PLAYER,Player,T52_S004__HP_PRESSURE,HP_PRESSURE,1,SYMMETRIC_TWO_ENERGY,LOW_ACTING_ENERGY,ENERGY_STATE,Reduce the acting Pokémon to one attached energy.,"['Ascension', 'Quick Attack']",Ascension | Quick Attack,1,1.0,2.0,-1.0,Quick Attack,0.78,0.138,0.642,True,False,0.784,0.134,0.65,Quick Attack,-0.0040000000000000036,0.0040000000000000036,-0.008000000000000007,False,False
4WE_PAIR_020_V03,4WE_PAIR_020_V03__PLAYER,Player,T52_S004__HP_PRESSURE,HP_PRESSURE,1,SYMMETRIC_TWO_ENERGY,HIGH_ACTING_ENERGY,ENERGY_STATE,Increase the acting Pokémon to four attached energy.,"['Ascension', 'Quick Attack']",Ascension | Quick Attack,1,4.0,2.0,2.0,Quick Attack,0.798,0.118,0.68,True,False,0.784,0.134,0.65,Quick Attack,0.014000000000000012,-0.016000000000000014,0.030000000000000027,False,False
4WE_PAIR_020_V03,4WE_PAIR_020_V03__PLAYER,Player,T52_S004__HP_PRESSURE,HP_PRESSURE,1,SYMMETRIC_TWO_ENERGY,ACTING_ENERGY_DISADVANTAGE,ENERGY_STATE,Set acting energy to two and opposing energy to four.,"['Ascension', 'Quick Attack']",Ascension | Quick Attack,1,2.0,4.0,-2.0,Quick Attack,0.784,0.134,0.65,True,False,0.784,0.134,0.65,Quick Attack,0.0,0.0,0.0,False,False
4WE_PAIR_020_V03,4WE_PAIR_020_V03__PLAYER,Player,T52_S004__HP_PRESSURE,HP_PRESSURE,1,SYMMETRIC_TWO_ENERGY,ACTING_ENERGY_ADVANTAGE,ENERGY_STATE,Set acting energy to four and opposing energy to one.,"['Ascension', 'Quick Attack']",Ascension | Quick Attack,1,4.0,1.0,3.0,Quick Attack,0.792,0.122,0.67,True,False,0.784,0.134,0.65,Quick Attack,0.008000000000000007,-0.01200000000000001,0.020000000000000018,False,False
4WE_PAIR_020_V03,4WE_PAIR_020_V03__PLAYER,Player,T52_S004__HP_PRESSURE,HP_PRESSURE,1,SYMMETRIC_TWO_ENERGY,EARLY_TURN,TURN_STATE,Force the decision context to turn one.,"['Ascension', 'Quick Attack']",Ascension | Quick Attack,1,2.0,2.0,0.0,Quick Attack,0.784,0.134,0.65,True,False,0.784,0.134,0.65,Quick Attack,0.0,0.0,0.0,False,False
4WE_PAIR_020_V03,4WE_PAIR_020_V03__PLAYER,Player,T52_S004__HP_PRESSURE,HP_PRESSURE,1,SYMMETRIC_TWO_ENERGY,LATE_TURN,TURN_STATE,Force the decision context to turn twelve.,"['Ascension', 'Quick Attack']",Ascension | Quick Attack,12,2.0,2.0,0.0,Quick Attack,0.81,0.128,0.682,True,False,0.784,0.134,0.65,Quick Attack,0.026000000000000023,-0.006000000000000005,0.03200000000000003,False,False
4WE_PAIR_020_V04,4WE_PAIR_020_V04__OPPONENT,Opponent,T52_S004__HP_PRESSURE,HP_PRESSURE,1,EEVEE_ENERGY_ADVANTAGE,BASELINE,BASELINE,Preserve the original expanded case exactly.,"['Ascension', 'Quick Attack']",Ascension | Quick Attack,1,3.0,2.0,1.0,Quick Attack,0.796,0.12,0.676,True,False,0.796,0.12,0.676,Quick Attack,0.0,0.0,0.0,False,False
4WE_PAIR_020_V04,4WE_PAIR_020_V04__OPPONENT,Opponent,T52_S004__HP_PRESSURE,HP_PRESSURE,1,EEVEE_ENERGY_ADVANTAGE,LEGAL_SIGNATURE_ASCENSION_ONLY,LEGAL_STRUCTURE,Expose Ascension as the only legal action.,['Ascension'],Ascension,1,3.0,2.0,1.0,Ascension,0.086,0.604,-0.518,False,True,0.796,0.12,0.676,Quick Attack,-0.7100000000000001,0.484,-1.194,True,True
4WE_PAIR_020_V04,4WE_PAIR_020_V04__OPPONENT,Opponent,T52_S004__HP_PRESSURE,HP_PRESSURE,1,EEVEE_ENERGY_ADVANTAGE,LEGAL_SIGNATURE_QUICK_ATTACK_ONLY,LEGAL_STRUCTURE,Expose Quick Attack as the only legal action.,['Quick Attack'],Quick Attack,1,3.0,2.0,1.0,Ascension,0.202,0.376,-0.174,False,True,0.796,0.12,0.676,Quick Attack,-0.5940000000000001,0.256,-0.8500000000000001,True,True
4WE_PAIR_020_V04,4WE_PAIR_020_V04__OPPONENT,Opponent,T52_S004__HP_PRESSURE,HP_PRESSURE,1,EEVEE_ENERGY_ADVANTAGE,LOW_ACTING_ENERGY,ENERGY_STATE,Reduce the acting Pokémon to one attached energy.,"['Ascension', 'Quick Attack']",Ascension | Quick Attack,1,1.0,2.0,-1.0,Quick Attack,0.774,0.142,0.632,True,False,0.796,0.12,0.676,Quick Attack,-0.02200000000000002,0.021999999999999992,-0.04400000000000004,False,False
4WE_PAIR_020_V04,4WE_PAIR_020_V04__OPPONENT,Opponent,T52_S004__HP_PRESSURE,HP_PRESSURE,1,EEVEE_ENERGY_ADVANTAGE,HIGH_ACTING_ENERGY,ENERGY_STATE,Increase the acting Pokémon to four attached energy.,"['Ascension', 'Quick Attack']",Ascension | Quick Attack,1,4.0,2.0,2.0,Quick Attack,0.796,0.12,0.676,True,False,0.796,0.12,0.676,Quick Attack,0.0,0.0,0.0,False,False
4WE_PAIR_020_V04,4WE_PAIR_020_V04__OPPONENT,Opponent,T52_S004__HP_PRESSURE,HP_PRESSURE,1,EEVEE_ENERGY_ADVANTAGE,ACTING_ENERGY_DISADVANTAGE,ENERGY_STATE,Set acting energy to two and opposing energy to four.,"['Ascension', 'Quick Attack']",Ascension | Quick Attack,1,2.0,4.0,-2.0,Quick Attack,0.776,0.142,0.634,True,False,0.796,0.12,0.676,Quick Attack,-0.020000000000000018,0.021999999999999992,-0.04200000000000004,False,False
4WE_PAIR_020_V04,4WE_PAIR_020_V04__OPPONENT,Opponent,T52_S004__HP_PRESSURE,HP_PRESSURE,1,EEVEE_ENERGY_ADVANTAGE,ACTING_ENERGY_ADVANTAGE,ENERGY_STATE,Set acting energy to four and opposing energy to one.,"['Ascension', 'Quick Attack']",Ascension | Quick Attack,1,4.0,1.0,3.0,Quick Attack,0.788,0.128,0.66,True,False,0.796,0.12,0.676,Quick Attack,-0.008000000000000007,0.008000000000000007,-0.016000000000000014,False,False
4WE_PAIR_020_V04,4WE_PAIR_020_V04__OPPONENT,Opponent,T52_S004__HP_PRESSURE,HP_PRESSURE,1,EEVEE_ENERGY_ADVANTAGE,EARLY_TURN,TURN_STATE,Force the decision context to turn one.,"['Ascension', 'Quick Attack']",Ascension | Quick Attack,1,3.0,2.0,1.0,Quick Attack,0.796,0.12,0.676,True,False,0.796,0.12,0.676,Quick Attack,0.0,0.0,0.0,False,False
4WE_PAIR_020_V04,4WE_PAIR_020_V04__OPPONENT,Opponent,T52_S004__HP_PRESSURE,HP_PRESSURE,1,EEVEE_ENERGY_ADVANTAGE,LATE_TURN,TURN_STATE,Force the decision context to turn twelve.,"['Ascension', 'Quick Attack']",Ascension | Quick Attack,12,3.0,2.0,1.0,Quick Attack,0.822,0.114,0.708,True,False,0.796,0.12,0.676,Quick Attack,0.025999999999999912,-0.0059999999999999915,0.03199999999999992,False,False
4WE_PAIR_020_V04,4WE_PAIR_020_V04__PLAYER,Player,T52_S004__HP_PRESSURE,HP_PRESSURE,1,EEVEE_ENERGY_ADVANTAGE,BASELINE,BASELINE,Preserve the original expanded case exactly.,"['Ascension', 'Quick Attack']",Ascension | Quick Attack,1,3.0,2.0,1.0,Quick Attack,0.798,0.118,0.68,True,False,0.798,0.118,0.68,Quick Attack,0.0,0.0,0.0,False,False
4WE_PAIR_020_V04,4WE_PAIR_020_V04__PLAYER,Player,T52_S004__HP_PRESSURE,HP_PRESSURE,1,EEVEE_ENERGY_ADVANTAGE,LEGAL_SIGNATURE_ASCENSION_ONLY,LEGAL_STRUCTURE,Expose Ascension as the only legal action.,['Ascension'],Ascension,1,3.0,2.0,1.0,Ascension,0.084,0.606,-0.522,False,True,0.798,0.118,0.68,Quick Attack,-0.7140000000000001,0.488,-1.202,True,True
4WE_PAIR_020_V04,4WE_PAIR_020_V04__PLAYER,Player,T52_S004__HP_PRESSURE,HP_PRESSURE,1,EEVEE_ENERGY_ADVANTAGE,LEGAL_SIGNATURE_QUICK_ATTACK_ONLY,LEGAL_STRUCTURE,Expose Quick Attack as the only legal action.,['Quick Attack'],Quick Attack,1,3.0,2.0,1.0,Ascension,0.2,0.378,-0.178,False,True,0.798,0.118,0.68,Quick Attack,-0.5980000000000001,0.26,-0.8580000000000001,True,True
4WE_PAIR_020_V04,4WE_PAIR_020_V04__PLAYER,Player,T52_S004__HP_PRESSURE,HP_PRESSURE,1,EEVEE_ENERGY_ADVANTAGE,LOW_ACTING_ENERGY,ENERGY_STATE,Reduce the acting Pokémon to one attached energy.,"['Ascension', 'Quick Attack']",Ascension | Quick Attack,1,1.0,2.0,-1.0,Quick Attack,0.78,0.138,0.642,True,False,0.798,0.118,0.68,Quick Attack,-0.018000000000000016,0.020000000000000018,-0.038000000000000034,False,False
4WE_PAIR_020_V04,4WE_PAIR_020_V04__PLAYER,Player,T52_S004__HP_PRESSURE,HP_PRESSURE,1,EEVEE_ENERGY_ADVANTAGE,HIGH_ACTING_ENERGY,ENERGY_STATE,Increase the acting Pokémon to four attached energy.,"['Ascension', 'Quick Attack']",Ascension | Quick Attack,1,4.0,2.0,2.0,Quick Attack,0.798,0.118,0.68,True,False,0.798,0.118,0.68,Quick Attack,0.0,0.0,0.0,False,False
4WE_PAIR_020_V04,4WE_PAIR_020_V04__PLAYER,Player,T52_S004__HP_PRESSURE,HP_PRESSURE,1,EEVEE_ENERGY_ADVANTAGE,ACTING_ENERGY_DISADVANTAGE,ENERGY_STATE,Set acting energy to two and opposing energy to four.,"['Ascension', 'Quick Attack']",Ascension | Quick Attack,1,2.0,4.0,-2.0,Quick Attack,0.784,0.134,0.65,True,False,0.798,0.118,0.68,Quick Attack,-0.014000000000000012,0.016000000000000014,-0.030000000000000027,False,False
4WE_PAIR_020_V04,4WE_PAIR_020_V04__PLAYER,Player,T52_S004__HP_PRESSURE,HP_PRESSURE,1,EEVEE_ENERGY_ADVANTAGE,ACTING_ENERGY_ADVANTAGE,ENERGY_STATE,Set acting energy to four and opposing energy to one.,"['Ascension', 'Quick Attack']",Ascension | Quick Attack,1,4.0,1.0,3.0,Quick Attack,0.792,0.122,0.67,True,False,0.798,0.118,0.68,Quick Attack,-0.006000000000000005,0.0040000000000000036,-0.010000000000000009,False,False
4WE_PAIR_020_V04,4WE_PAIR_020_V04__PLAYER,Player,T52_S004__HP_PRESSURE,HP_PRESSURE,1,EEVEE_ENERGY_ADVANTAGE,EARLY_TURN,TURN_STATE,Force the decision context to turn one.,"['Ascension', 'Quick Attack']",Ascension | Quick Attack,1,3.0,2.0,1.0,Quick Attack,0.798,0.118,0.68,True,False,0.798,0.118,0.68,Quick Attack,0.0,0.0,0.0,False,False
4WE_PAIR_020_V04,4WE_PAIR_020_V04__PLAYER,Player,T52_S004__HP_PRESSURE,HP_PRESSURE,1,EEVEE_ENERGY_ADVANTAGE,LATE_TURN,TURN_STATE,Force the decision context to turn twelve.,"['Ascension', 'Quick Attack']",Ascension | Quick Attack,12,3.0,2.0,1.0,Quick Attack,0.824,0.112,0.712,True,False,0.798,0.118,0.68,Quick Attack,0.025999999999999912,-0.0059999999999999915,0.03199999999999992,False,False
4WE_PAIR_021_V01,4WE_PAIR_021_V01__OPPONENT,Opponent,T52_S004__HP_PRESSURE,HP_PRESSURE,3,OBSERVED_ENERGY_CONTEXT,BASELINE,BASELINE,Preserve the original expanded case exactly.,"['Ascension', 'Quick Attack']",Ascension | Quick Attack,3,3.0,3.0,0.0,Quick Attack,0.808,0.128,0.68,True,False,0.808,0.128,0.68,Quick Attack,0.0,0.0,0.0,False,False
4WE_PAIR_021_V01,4WE_PAIR_021_V01__OPPONENT,Opponent,T52_S004__HP_PRESSURE,HP_PRESSURE,3,OBSERVED_ENERGY_CONTEXT,LEGAL_SIGNATURE_ASCENSION_ONLY,LEGAL_STRUCTURE,Expose Ascension as the only legal action.,['Ascension'],Ascension,3,3.0,3.0,0.0,Ascension,0.088,0.644,-0.556,False,True,0.808,0.128,0.68,Quick Attack,-0.7200000000000001,0.516,-1.2360000000000002,True,True
4WE_PAIR_021_V01,4WE_PAIR_021_V01__OPPONENT,Opponent,T52_S004__HP_PRESSURE,HP_PRESSURE,3,OBSERVED_ENERGY_CONTEXT,LEGAL_SIGNATURE_QUICK_ATTACK_ONLY,LEGAL_STRUCTURE,Expose Quick Attack as the only legal action.,['Quick Attack'],Quick Attack,3,3.0,3.0,0.0,Ascension,0.208,0.402,-0.19400000000000003,False,True,0.808,0.128,0.68,Quick Attack,-0.6000000000000001,0.274,-0.8740000000000001,True,True
4WE_PAIR_021_V01,4WE_PAIR_021_V01__OPPONENT,Opponent,T52_S004__HP_PRESSURE,HP_PRESSURE,3,OBSERVED_ENERGY_CONTEXT,LOW_ACTING_ENERGY,ENERGY_STATE,Reduce the acting Pokémon to one attached energy.,"['Ascension', 'Quick Attack']",Ascension | Quick Attack,3,1.0,3.0,-2.0,Quick Attack,0.786,0.15,0.636,True,False,0.808,0.128,0.68,Quick Attack,-0.02200000000000002,0.021999999999999992,-0.04400000000000004,False,False
4WE_PAIR_021_V01,4WE_PAIR_021_V01__OPPONENT,Opponent,T52_S004__HP_PRESSURE,HP_PRESSURE,3,OBSERVED_ENERGY_CONTEXT,HIGH_ACTING_ENERGY,ENERGY_STATE,Increase the acting Pokémon to four attached energy.,"['Ascension', 'Quick Attack']",Ascension | Quick Attack,3,4.0,3.0,1.0,Quick Attack,0.808,0.128,0.68,True,False,0.808,0.128,0.68,Quick Attack,0.0,0.0,0.0,False,False
4WE_PAIR_021_V01,4WE_PAIR_021_V01__OPPONENT,Opponent,T52_S004__HP_PRESSURE,HP_PRESSURE,3,OBSERVED_ENERGY_CONTEXT,ACTING_ENERGY_DISADVANTAGE,ENERGY_STATE,Set acting energy to two and opposing energy to four.,"['Ascension', 'Quick Attack']",Ascension | Quick Attack,3,2.0,4.0,-2.0,Quick Attack,0.788,0.15,0.638,True,False,0.808,0.128,0.68,Quick Attack,-0.020000000000000018,0.021999999999999992,-0.04200000000000004,False,False
4WE_PAIR_021_V01,4WE_PAIR_021_V01__OPPONENT,Opponent,T52_S004__HP_PRESSURE,HP_PRESSURE,3,OBSERVED_ENERGY_CONTEXT,ACTING_ENERGY_ADVANTAGE,ENERGY_STATE,Set acting energy to four and opposing energy to one.,"['Ascension', 'Quick Attack']",Ascension | Quick Attack,3,4.0,1.0,3.0,Quick Attack,0.798,0.138,0.66,True,False,0.808,0.128,0.68,Quick Attack,-0.010000000000000009,0.010000000000000009,-0.020000000000000018,False,False
4WE_PAIR_021_V01,4WE_PAIR_021_V01__OPPONENT,Opponent,T52_S004__HP_PRESSURE,HP_PRESSURE,3,OBSERVED_ENERGY_CONTEXT,EARLY_TURN,TURN_STATE,Force the decision context to turn one.,"['Ascension', 'Quick Attack']",Ascension | Quick Attack,1,3.0,3.0,0.0,Quick Attack,0.796,0.12,0.676,True,False,0.808,0.128,0.68,Quick Attack,-0.01200000000000001,-0.008000000000000007,-0.0040000000000000036,False,False
4WE_PAIR_021_V01,4WE_PAIR_021_V01__OPPONENT,Opponent,T52_S004__HP_PRESSURE,HP_PRESSURE,3,OBSERVED_ENERGY_CONTEXT,LATE_TURN,TURN_STATE,Force the decision context to turn twelve.,"['Ascension', 'Quick Attack']",Ascension | Quick Attack,12,3.0,3.0,0.0,Quick Attack,0.822,0.114,0.708,True,False,0.808,0.128,0.68,Quick Attack,0.013999999999999901,-0.013999999999999999,0.027999999999999914,False,False
4WE_PAIR_021_V01,4WE_PAIR_021_V01__PLAYER,Player,T52_S004__HP_PRESSURE,HP_PRESSURE,3,OBSERVED_ENERGY_CONTEXT,BASELINE,BASELINE,Preserve the original expanded case exactly.,"['Ascension', 'Quick Attack']",Ascension | Quick Attack,3,3.0,3.0,0.0,Quick Attack,0.81,0.126,0.684,True,False,0.81,0.126,0.684,Quick Attack,0.0,0.0,0.0,False,False
4WE_PAIR_021_V01,4WE_PAIR_021_V01__PLAYER,Player,T52_S004__HP_PRESSURE,HP_PRESSURE,3,OBSERVED_ENERGY_CONTEXT,LEGAL_SIGNATURE_ASCENSION_ONLY,LEGAL_STRUCTURE,Expose Ascension as the only legal action.,['Ascension'],Ascension,3,3.0,3.0,0.0,Ascension,0.088,0.644,-0.556,False,True,0.81,0.126,0.684,Quick Attack,-0.7220000000000001,0.518,-1.2400000000000002,True,True
4WE_PAIR_021_V01,4WE_PAIR_021_V01__PLAYER,Player,T52_S004__HP_PRESSURE,HP_PRESSURE,3,OBSERVED_ENERGY_CONTEXT,LEGAL_SIGNATURE_QUICK_ATTACK_ONLY,LEGAL_STRUCTURE,Expose Quick Attack as the only legal action.,['Quick Attack'],Quick Attack,3,3.0,3.0,0.0,Ascension,0.208,0.402,-0.19400000000000003,False,True,0.81,0.126,0.684,Quick Attack,-0.6020000000000001,0.276,-0.8780000000000001,True,True
4WE_PAIR_021_V01,4WE_PAIR_021_V01__PLAYER,Player,T52_S004__HP_PRESSURE,HP_PRESSURE,3,OBSERVED_ENERGY_CONTEXT,LOW_ACTING_ENERGY,ENERGY_STATE,Reduce the acting Pokémon to one attached energy.,"['Ascension', 'Quick Attack']",Ascension | Quick Attack,3,1.0,3.0,-2.0,Quick Attack,0.792,0.146,0.646,True,False,0.81,0.126,0.684,Quick Attack,-0.018000000000000016,0.01999999999999999,-0.038000000000000034,False,False
4WE_PAIR_021_V01,4WE_PAIR_021_V01__PLAYER,Player,T52_S004__HP_PRESSURE,HP_PRESSURE,3,OBSERVED_ENERGY_CONTEXT,HIGH_ACTING_ENERGY,ENERGY_STATE,Increase the acting Pokémon to four attached energy.,"['Ascension', 'Quick Attack']",Ascension | Quick Attack,3,4.0,3.0,1.0,Quick Attack,0.81,0.126,0.684,True,False,0.81,0.126,0.684,Quick Attack,0.0,0.0,0.0,False,False
4WE_PAIR_021_V01,4WE_PAIR_021_V01__PLAYER,Player,T52_S004__HP_PRESSURE,HP_PRESSURE,3,OBSERVED_ENERGY_CONTEXT,ACTING_ENERGY_DISADVANTAGE,ENERGY_STATE,Set acting energy to two and opposing energy to four.,"['Ascension', 'Quick Attack']",Ascension | Quick Attack,3,2.0,4.0,-2.0,Quick Attack,0.796,0.142,0.654,True,False,0.81,0.126,0.684,Quick Attack,-0.014000000000000012,0.015999999999999986,-0.030000000000000027,False,False
4WE_PAIR_021_V01,4WE_PAIR_021_V01__PLAYER,Player,T52_S004__HP_PRESSURE,HP_PRESSURE,3,OBSERVED_ENERGY_CONTEXT,ACTING_ENERGY_ADVANTAGE,ENERGY_STATE,Set acting energy to four and opposing energy to one.,"['Ascension', 'Quick Attack']",Ascension | Quick Attack,3,4.0,1.0,3.0,Quick Attack,0.802,0.132,0.67,True,False,0.81,0.126,0.684,Quick Attack,-0.008000000000000007,0.006000000000000005,-0.014000000000000012,False,False
4WE_PAIR_021_V01,4WE_PAIR_021_V01__PLAYER,Player,T52_S004__HP_PRESSURE,HP_PRESSURE,3,OBSERVED_ENERGY_CONTEXT,EARLY_TURN,TURN_STATE,Force the decision context to turn one.,"['Ascension', 'Quick Attack']",Ascension | Quick Attack,1,3.0,3.0,0.0,Quick Attack,0.798,0.118,0.68,True,False,0.81,0.126,0.684,Quick Attack,-0.01200000000000001,-0.008000000000000007,-0.0040000000000000036,False,False
4WE_PAIR_021_V01,4WE_PAIR_021_V01__PLAYER,Player,T52_S004__HP_PRESSURE,HP_PRESSURE,3,OBSERVED_ENERGY_CONTEXT,LATE_TURN,TURN_STATE,Force the decision context to turn twelve.,"['Ascension', 'Quick Attack']",Ascension | Quick Attack,12,3.0,3.0,0.0,Quick Attack,0.824,0.112,0.712,True,False,0.81,0.126,0.684,Quick Attack,0.013999999999999901,-0.013999999999999999,0.027999999999999914,False,False
4WE_PAIR_021_V02,4WE_PAIR_021_V02__OPPONENT,Opponent,T52_S004__HP_PRESSURE,HP_PRESSURE,3,MINIMUM_MULTI_ACTION_ENERGY,BASELINE,BASELINE,Preserve the original expanded case exactly.,"['Ascension', 'Quick Attack']",Ascension | Quick Attack,3,2.0,3.0,-1.0,Quick Attack,0.788,0.15,0.638,True,False,0.788,0.15,0.638,Quick Attack,0.0,0.0,0.0,False,False
4WE_PAIR_021_V02,4WE_PAIR_021_V02__OPPONENT,Opponent,T52_S004__HP_PRESSURE,HP_PRESSURE,3,MINIMUM_MULTI_ACTION_ENERGY,LEGAL_SIGNATURE_ASCENSION_ONLY,LEGAL_STRUCTURE,Expose Ascension as the only legal action.,['Ascension'],Ascension,3,2.0,3.0,-1.0,Ascension,0.07,0.668,-0.5980000000000001,False,True,0.788,0.15,0.638,Quick Attack,-0.718,0.518,-1.2360000000000002,True,True
4WE_PAIR_021_V02,4WE_PAIR_021_V02__OPPONENT,Opponent,T52_S004__HP_PRESSURE,HP_PRESSURE,3,MINIMUM_MULTI_ACTION_ENERGY,LEGAL_SIGNATURE_QUICK_ATTACK_ONLY,LEGAL_STRUCTURE,Expose Quick Attack as the only legal action.,['Quick Attack'],Quick Attack,3,2.0,3.0,-1.0,Ascension,0.188,0.424,-0.236,False,True,0.788,0.15,0.638,Quick Attack,-0.6000000000000001,0.274,-0.874,True,True
4WE_PAIR_021_V02,4WE_PAIR_021_V02__OPPONENT,Opponent,T52_S004__HP_PRESSURE,HP_PRESSURE,3,MINIMUM_MULTI_ACTION_ENERGY,LOW_ACTING_ENERGY,ENERGY_STATE,Reduce the acting Pokémon to one attached energy.,"['Ascension', 'Quick Attack']",Ascension | Quick Attack,3,1.0,3.0,-2.0,Quick Attack,0.786,0.15,0.636,True,False,0.788,0.15,0.638,Quick Attack,-0.0020000000000000018,0.0,-0.0020000000000000018,False,False
4WE_PAIR_021_V02,4WE_PAIR_021_V02__OPPONENT,Opponent,T52_S004__HP_PRESSURE,HP_PRESSURE,3,MINIMUM_MULTI_ACTION_ENERGY,HIGH_ACTING_ENERGY,ENERGY_STATE,Increase the acting Pokémon to four attached energy.,"['Ascension', 'Quick Attack']",Ascension | Quick Attack,3,4.0,3.0,1.0,Quick Attack,0.808,0.128,0.68,True,False,0.788,0.15,0.638,Quick Attack,0.020000000000000018,-0.021999999999999992,0.04200000000000004,False,False
4WE_PAIR_021_V02,4WE_PAIR_021_V02__OPPONENT,Opponent,T52_S004__HP_PRESSURE,HP_PRESSURE,3,MINIMUM_MULTI_ACTION_ENERGY,ACTING_ENERGY_DISADVANTAGE,ENERGY_STATE,Set acting energy to two and opposing energy to four.,"['Ascension', 'Quick Attack']",Ascension | Quick Attack,3,2.0,4.0,-2.0,Quick Attack,0.788,0.15,0.638,True,False,0.788,0.15,0.638,Quick Attack,0.0,0.0,0.0,False,False
4WE_PAIR_021_V02,4WE_PAIR_021_V02__OPPONENT,Opponent,T52_S004__HP_PRESSURE,HP_PRESSURE,3,MINIMUM_MULTI_ACTION_ENERGY,ACTING_ENERGY_ADVANTAGE,ENERGY_STATE,Set acting energy to four and opposing energy to one.,"['Ascension', 'Quick Attack']",Ascension | Quick Attack,3,4.0,1.0,3.0,Quick Attack,0.798,0.138,0.66,True,False,0.788,0.15,0.638,Quick Attack,0.010000000000000009,-0.011999999999999983,0.02200000000000002,False,False
4WE_PAIR_021_V02,4WE_PAIR_021_V02__OPPONENT,Opponent,T52_S004__HP_PRESSURE,HP_PRESSURE,3,MINIMUM_MULTI_ACTION_ENERGY,EARLY_TURN,TURN_STATE,Force the decision context to turn one.,"['Ascension', 'Quick Attack']",Ascension | Quick Attack,1,2.0,3.0,-1.0,Quick Attack,0.776,0.142,0.634,True,False,0.788,0.15,0.638,Quick Attack,-0.01200000000000001,-0.008000000000000007,-0.0040000000000000036,False,False
4WE_PAIR_021_V02,4WE_PAIR_021_V02__OPPONENT,Opponent,T52_S004__HP_PRESSURE,HP_PRESSURE,3,MINIMUM_MULTI_ACTION_ENERGY,LATE_TURN,TURN_STATE,Force the decision context to turn twelve.,"['Ascension', 'Quick Attack']",Ascension | Quick Attack,12,2.0,3.0,-1.0,Quick Attack,0.802,0.136,0.666,True,False,0.788,0.15,0.638,Quick Attack,0.014000000000000012,-0.013999999999999985,0.028000000000000025,False,False
4WE_PAIR_021_V02,4WE_PAIR_021_V02__PLAYER,Player,T52_S004__HP_PRESSURE,HP_PRESSURE,3,MINIMUM_MULTI_ACTION_ENERGY,BASELINE,BASELINE,Preserve the original expanded case exactly.,"['Ascension', 'Quick Attack']",Ascension | Quick Attack,3,2.0,3.0,-1.0,Quick Attack,0.796,0.142,0.654,True,False,0.796,0.142,0.654,Quick Attack,0.0,0.0,0.0,False,False
4WE_PAIR_021_V02,4WE_PAIR_021_V02__PLAYER,Player,T52_S004__HP_PRESSURE,HP_PRESSURE,3,MINIMUM_MULTI_ACTION_ENERGY,LEGAL_SIGNATURE_ASCENSION_ONLY,LEGAL_STRUCTURE,Expose Ascension as the only legal action.,['Ascension'],Ascension,3,2.0,3.0,-1.0,Ascension,0.078,0.66,-0.5820000000000001,False,True,0.796,0.142,0.654,Quick Attack,-0.7180000000000001,0.518,-1.2360000000000002,True,True
4WE_PAIR_021_V02,4WE_PAIR_021_V02__PLAYER,Player,T52_S004__HP_PRESSURE,HP_PRESSURE,3,MINIMUM_MULTI_ACTION_ENERGY,LEGAL_SIGNATURE_QUICK_ATTACK_ONLY,LEGAL_STRUCTURE,Expose Quick Attack as the only legal action.,['Quick Attack'],Quick Attack,3,2.0,3.0,-1.0,Ascension,0.196,0.416,-0.21999999999999997,False,True,0.796,0.142,0.654,Quick Attack,-0.6000000000000001,0.274,-0.874,True,True
4WE_PAIR_021_V02,4WE_PAIR_021_V02__PLAYER,Player,T52_S004__HP_PRESSURE,HP_PRESSURE,3,MINIMUM_MULTI_ACTION_ENERGY,LOW_ACTING_ENERGY,ENERGY_STATE,Reduce the acting Pokémon to one attached energy.,"['Ascension', 'Quick Attack']",Ascension | Quick Attack,3,1.0,3.0,-2.0,Quick Attack,0.792,0.146,0.646,True,False,0.796,0.142,0.654,Quick Attack,-0.0040000000000000036,0.0040000000000000036,-0.008000000000000007,False,False
4WE_PAIR_021_V02,4WE_PAIR_021_V02__PLAYER,Player,T52_S004__HP_PRESSURE,HP_PRESSURE,3,MINIMUM_MULTI_ACTION_ENERGY,HIGH_ACTING_ENERGY,ENERGY_STATE,Increase the acting Pokémon to four attached energy.,"['Ascension', 'Quick Attack']",Ascension | Quick Attack,3,4.0,3.0,1.0,Quick Attack,0.81,0.126,0.684,True,False,0.796,0.142,0.654,Quick Attack,0.014000000000000012,-0.015999999999999986,0.030000000000000027,False,False
4WE_PAIR_021_V02,4WE_PAIR_021_V02__PLAYER,Player,T52_S004__HP_PRESSURE,HP_PRESSURE,3,MINIMUM_MULTI_ACTION_ENERGY,ACTING_ENERGY_DISADVANTAGE,ENERGY_STATE,Set acting energy to two and opposing energy to four.,"['Ascension', 'Quick Attack']",Ascension | Quick Attack,3,2.0,4.0,-2.0,Quick Attack,0.796,0.142,0.654,True,False,0.796,0.142,0.654,Quick Attack,0.0,0.0,0.0,False,False
4WE_PAIR_021_V02,4WE_PAIR_021_V02__PLAYER,Player,T52_S004__HP_PRESSURE,HP_PRESSURE,3,MINIMUM_MULTI_ACTION_ENERGY,ACTING_ENERGY_ADVANTAGE,ENERGY_STATE,Set acting energy to four and opposing energy to one.,"['Ascension', 'Quick Attack']",Ascension | Quick Attack,3,4.0,1.0,3.0,Quick Attack,0.802,0.132,0.67,True,False,0.796,0.142,0.654,Quick Attack,0.006000000000000005,-0.009999999999999981,0.016000000000000014,False,False
4WE_PAIR_021_V02,4WE_PAIR_021_V02__PLAYER,Player,T52_S004__HP_PRESSURE,HP_PRESSURE,3,MINIMUM_MULTI_ACTION_ENERGY,EARLY_TURN,TURN_STATE,Force the decision context to turn one.,"['Ascension', 'Quick Attack']",Ascension | Quick Attack,1,2.0,3.0,-1.0,Quick Attack,0.784,0.134,0.65,True,False,0.796,0.142,0.654,Quick Attack,-0.01200000000000001,-0.00799999999999998,-0.0040000000000000036,False,False
4WE_PAIR_021_V02,4WE_PAIR_021_V02__PLAYER,Player,T52_S004__HP_PRESSURE,HP_PRESSURE,3,MINIMUM_MULTI_ACTION_ENERGY,LATE_TURN,TURN_STATE,Force the decision context to turn twelve.,"['Ascension', 'Quick Attack']",Ascension | Quick Attack,12,2.0,3.0,-1.0,Quick Attack,0.81,0.128,0.682,True,False,0.796,0.142,0.654,Quick Attack,0.014000000000000012,-0.013999999999999985,0.028000000000000025,False,False
4WE_PAIR_021_V03,4WE_PAIR_021_V03__OPPONENT,Opponent,T52_S004__HP_PRESSURE,HP_PRESSURE,3,SYMMETRIC_TWO_ENERGY,BASELINE,BASELINE,Preserve the original expanded case exactly.,"['Ascension', 'Quick Attack']",Ascension | Quick Attack,3,2.0,2.0,0.0,Quick Attack,0.788,0.15,0.638,True,False,0.788,0.15,0.638,Quick Attack,0.0,0.0,0.0,False,False
4WE_PAIR_021_V03,4WE_PAIR_021_V03__OPPONENT,Opponent,T52_S004__HP_PRESSURE,HP_PRESSURE,3,SYMMETRIC_TWO_ENERGY,LEGAL_SIGNATURE_ASCENSION_ONLY,LEGAL_STRUCTURE,Expose Ascension as the only legal action.,['Ascension'],Ascension,3,2.0,2.0,0.0,Ascension,0.07,0.668,-0.5980000000000001,False,True,0.788,0.15,0.638,Quick Attack,-0.718,0.518,-1.2360000000000002,True,True
4WE_PAIR_021_V03,4WE_PAIR_021_V03__OPPONENT,Opponent,T52_S004__HP_PRESSURE,HP_PRESSURE,3,SYMMETRIC_TWO_ENERGY,LEGAL_SIGNATURE_QUICK_ATTACK_ONLY,LEGAL_STRUCTURE,Expose Quick Attack as the only legal action.,['Quick Attack'],Quick Attack,3,2.0,2.0,0.0,Ascension,0.188,0.424,-0.236,False,True,0.788,0.15,0.638,Quick Attack,-0.6000000000000001,0.274,-0.874,True,True
4WE_PAIR_021_V03,4WE_PAIR_021_V03__OPPONENT,Opponent,T52_S004__HP_PRESSURE,HP_PRESSURE,3,SYMMETRIC_TWO_ENERGY,LOW_ACTING_ENERGY,ENERGY_STATE,Reduce the acting Pokémon to one attached energy.,"['Ascension', 'Quick Attack']",Ascension | Quick Attack,3,1.0,2.0,-1.0,Quick Attack,0.786,0.15,0.636,True,False,0.788,0.15,0.638,Quick Attack,-0.0020000000000000018,0.0,-0.0020000000000000018,False,False
4WE_PAIR_021_V03,4WE_PAIR_021_V03__OPPONENT,Opponent,T52_S004__HP_PRESSURE,HP_PRESSURE,3,SYMMETRIC_TWO_ENERGY,HIGH_ACTING_ENERGY,ENERGY_STATE,Increase the acting Pokémon to four attached energy.,"['Ascension', 'Quick Attack']",Ascension | Quick Attack,3,4.0,2.0,2.0,Quick Attack,0.808,0.128,0.68,True,False,0.788,0.15,0.638,Quick Attack,0.020000000000000018,-0.021999999999999992,0.04200000000000004,False,False
4WE_PAIR_021_V03,4WE_PAIR_021_V03__OPPONENT,Opponent,T52_S004__HP_PRESSURE,HP_PRESSURE,3,SYMMETRIC_TWO_ENERGY,ACTING_ENERGY_DISADVANTAGE,ENERGY_STATE,Set acting energy to two and opposing energy to four.,"['Ascension', 'Quick Attack']",Ascension | Quick Attack,3,2.0,4.0,-2.0,Quick Attack,0.788,0.15,0.638,True,False,0.788,0.15,0.638,Quick Attack,0.0,0.0,0.0,False,False
4WE_PAIR_021_V03,4WE_PAIR_021_V03__OPPONENT,Opponent,T52_S004__HP_PRESSURE,HP_PRESSURE,3,SYMMETRIC_TWO_ENERGY,ACTING_ENERGY_ADVANTAGE,ENERGY_STATE,Set acting energy to four and opposing energy to one.,"['Ascension', 'Quick Attack']",Ascension | Quick Attack,3,4.0,1.0,3.0,Quick Attack,0.798,0.138,0.66,True,False,0.788,0.15,0.638,Quick Attack,0.010000000000000009,-0.011999999999999983,0.02200000000000002,False,False
4WE_PAIR_021_V03,4WE_PAIR_021_V03__OPPONENT,Opponent,T52_S004__HP_PRESSURE,HP_PRESSURE,3,SYMMETRIC_TWO_ENERGY,EARLY_TURN,TURN_STATE,Force the decision context to turn one.,"['Ascension', 'Quick Attack']",Ascension | Quick Attack,1,2.0,2.0,0.0,Quick Attack,0.776,0.142,0.634,True,False,0.788,0.15,0.638,Quick Attack,-0.01200000000000001,-0.008000000000000007,-0.0040000000000000036,False,False
4WE_PAIR_021_V03,4WE_PAIR_021_V03__OPPONENT,Opponent,T52_S004__HP_PRESSURE,HP_PRESSURE,3,SYMMETRIC_TWO_ENERGY,LATE_TURN,TURN_STATE,Force the decision context to turn twelve.,"['Ascension', 'Quick Attack']",Ascension | Quick Attack,12,2.0,2.0,0.0,Quick Attack,0.802,0.136,0.666,True,False,0.788,0.15,0.638,Quick Attack,0.014000000000000012,-0.013999999999999985,0.028000000000000025,False,False
4WE_PAIR_021_V03,4WE_PAIR_021_V03__PLAYER,Player,T52_S004__HP_PRESSURE,HP_PRESSURE,3,SYMMETRIC_TWO_ENERGY,BASELINE,BASELINE,Preserve the original expanded case exactly.,"['Ascension', 'Quick Attack']",Ascension | Quick Attack,3,2.0,2.0,0.0,Quick Attack,0.796,0.142,0.654,True,False,0.796,0.142,0.654,Quick Attack,0.0,0.0,0.0,False,False
4WE_PAIR_021_V03,4WE_PAIR_021_V03__PLAYER,Player,T52_S004__HP_PRESSURE,HP_PRESSURE,3,SYMMETRIC_TWO_ENERGY,LEGAL_SIGNATURE_ASCENSION_ONLY,LEGAL_STRUCTURE,Expose Ascension as the only legal action.,['Ascension'],Ascension,3,2.0,2.0,0.0,Ascension,0.076,0.662,-0.5860000000000001,False,True,0.796,0.142,0.654,Quick Attack,-0.7200000000000001,0.52,-1.2400000000000002,True,True
4WE_PAIR_021_V03,4WE_PAIR_021_V03__PLAYER,Player,T52_S004__HP_PRESSURE,HP_PRESSURE,3,SYMMETRIC_TWO_ENERGY,LEGAL_SIGNATURE_QUICK_ATTACK_ONLY,LEGAL_STRUCTURE,Expose Quick Attack as the only legal action.,['Quick Attack'],Quick Attack,3,2.0,2.0,0.0,Ascension,0.194,0.418,-0.22399999999999998,False,True,0.796,0.142,0.654,Quick Attack,-0.6020000000000001,0.276,-0.878,True,True
4WE_PAIR_021_V03,4WE_PAIR_021_V03__PLAYER,Player,T52_S004__HP_PRESSURE,HP_PRESSURE,3,SYMMETRIC_TWO_ENERGY,LOW_ACTING_ENERGY,ENERGY_STATE,Reduce the acting Pokémon to one attached energy.,"['Ascension', 'Quick Attack']",Ascension | Quick Attack,3,1.0,2.0,-1.0,Quick Attack,0.792,0.146,0.646,True,False,0.796,0.142,0.654,Quick Attack,-0.0040000000000000036,0.0040000000000000036,-0.008000000000000007,False,False
4WE_PAIR_021_V03,4WE_PAIR_021_V03__PLAYER,Player,T52_S004__HP_PRESSURE,HP_PRESSURE,3,SYMMETRIC_TWO_ENERGY,HIGH_ACTING_ENERGY,ENERGY_STATE,Increase the acting Pokémon to four attached energy.,"['Ascension', 'Quick Attack']",Ascension | Quick Attack,3,4.0,2.0,2.0,Quick Attack,0.81,0.126,0.684,True,False,0.796,0.142,0.654,Quick Attack,0.014000000000000012,-0.015999999999999986,0.030000000000000027,False,False
4WE_PAIR_021_V03,4WE_PAIR_021_V03__PLAYER,Player,T52_S004__HP_PRESSURE,HP_PRESSURE,3,SYMMETRIC_TWO_ENERGY,ACTING_ENERGY_DISADVANTAGE,ENERGY_STATE,Set acting energy to two and opposing energy to four.,"['Ascension', 'Quick Attack']",Ascension | Quick Attack,3,2.0,4.0,-2.0,Quick Attack,0.796,0.142,0.654,True,False,0.796,0.142,0.654,Quick Attack,0.0,0.0,0.0,False,False
4WE_PAIR_021_V03,4WE_PAIR_021_V03__PLAYER,Player,T52_S004__HP_PRESSURE,HP_PRESSURE,3,SYMMETRIC_TWO_ENERGY,ACTING_ENERGY_ADVANTAGE,ENERGY_STATE,Set acting energy to four and opposing energy to one.,"['Ascension', 'Quick Attack']",Ascension | Quick Attack,3,4.0,1.0,3.0,Quick Attack,0.802,0.132,0.67,True,False,0.796,0.142,0.654,Quick Attack,0.006000000000000005,-0.009999999999999981,0.016000000000000014,False,False
4WE_PAIR_021_V03,4WE_PAIR_021_V03__PLAYER,Player,T52_S004__HP_PRESSURE,HP_PRESSURE,3,SYMMETRIC_TWO_ENERGY,EARLY_TURN,TURN_STATE,Force the decision context to turn one.,"['Ascension', 'Quick Attack']",Ascension | Quick Attack,1,2.0,2.0,0.0,Quick Attack,0.784,0.134,0.65,True,False,0.796,0.142,0.654,Quick Attack,-0.01200000000000001,-0.00799999999999998,-0.0040000000000000036,False,False
4WE_PAIR_021_V03,4WE_PAIR_021_V03__PLAYER,Player,T52_S004__HP_PRESSURE,HP_PRESSURE,3,SYMMETRIC_TWO_ENERGY,LATE_TURN,TURN_STATE,Force the decision context to turn twelve.,"['Ascension', 'Quick Attack']",Ascension | Quick Attack,12,2.0,2.0,0.0,Quick Attack,0.81,0.128,0.682,True,False,0.796,0.142,0.654,Quick Attack,0.014000000000000012,-0.013999999999999985,0.028000000000000025,False,False
4WE_PAIR_021_V04,4WE_PAIR_021_V04__OPPONENT,Opponent,T52_S004__HP_PRESSURE,HP_PRESSURE,3,EEVEE_ENERGY_ADVANTAGE,BASELINE,BASELINE,Preserve the original expanded case exactly.,"['Ascension', 'Quick Attack']",Ascension | Quick Attack,3,3.0,2.0,1.0,Quick Attack,0.808,0.128,0.68,True,False,0.808,0.128,0.68,Quick Attack,0.0,0.0,0.0,False,False
4WE_PAIR_021_V04,4WE_PAIR_021_V04__OPPONENT,Opponent,T52_S004__HP_PRESSURE,HP_PRESSURE,3,EEVEE_ENERGY_ADVANTAGE,LEGAL_SIGNATURE_ASCENSION_ONLY,LEGAL_STRUCTURE,Expose Ascension as the only legal action.,['Ascension'],Ascension,3,3.0,2.0,1.0,Ascension,0.088,0.644,-0.556,False,True,0.808,0.128,0.68,Quick Attack,-0.7200000000000001,0.516,-1.2360000000000002,True,True
4WE_PAIR_021_V04,4WE_PAIR_021_V04__OPPONENT,Opponent,T52_S004__HP_PRESSURE,HP_PRESSURE,3,EEVEE_ENERGY_ADVANTAGE,LEGAL_SIGNATURE_QUICK_ATTACK_ONLY,LEGAL_STRUCTURE,Expose Quick Attack as the only legal action.,['Quick Attack'],Quick Attack,3,3.0,2.0,1.0,Ascension,0.208,0.402,-0.19400000000000003,False,True,0.808,0.128,0.68,Quick Attack,-0.6000000000000001,0.274,-0.8740000000000001,True,True
4WE_PAIR_021_V04,4WE_PAIR_021_V04__OPPONENT,Opponent,T52_S004__HP_PRESSURE,HP_PRESSURE,3,EEVEE_ENERGY_ADVANTAGE,LOW_ACTING_ENERGY,ENERGY_STATE,Reduce the acting Pokémon to one attached energy.,"['Ascension', 'Quick Attack']",Ascension | Quick Attack,3,1.0,2.0,-1.0,Quick Attack,0.786,0.15,0.636,True,False,0.808,0.128,0.68,Quick Attack,-0.02200000000000002,0.021999999999999992,-0.04400000000000004,False,False
4WE_PAIR_021_V04,4WE_PAIR_021_V04__OPPONENT,Opponent,T52_S004__HP_PRESSURE,HP_PRESSURE,3,EEVEE_ENERGY_ADVANTAGE,HIGH_ACTING_ENERGY,ENERGY_STATE,Increase the acting Pokémon to four attached energy.,"['Ascension', 'Quick Attack']",Ascension | Quick Attack,3,4.0,2.0,2.0,Quick Attack,0.808,0.128,0.68,True,False,0.808,0.128,0.68,Quick Attack,0.0,0.0,0.0,False,False
4WE_PAIR_021_V04,4WE_PAIR_021_V04__OPPONENT,Opponent,T52_S004__HP_PRESSURE,HP_PRESSURE,3,EEVEE_ENERGY_ADVANTAGE,ACTING_ENERGY_DISADVANTAGE,ENERGY_STATE,Set acting energy to two and opposing energy to four.,"['Ascension', 'Quick Attack']",Ascension | Quick Attack,3,2.0,4.0,-2.0,Quick Attack,0.788,0.15,0.638,True,False,0.808,0.128,0.68,Quick Attack,-0.020000000000000018,0.021999999999999992,-0.04200000000000004,False,False
4WE_PAIR_021_V04,4WE_PAIR_021_V04__OPPONENT,Opponent,T52_S004__HP_PRESSURE,HP_PRESSURE,3,EEVEE_ENERGY_ADVANTAGE,ACTING_ENERGY_ADVANTAGE,ENERGY_STATE,Set acting energy to four and opposing energy to one.,"['Ascension', 'Quick Attack']",Ascension | Quick Attack,3,4.0,1.0,3.0,Quick Attack,0.798,0.138,0.66,True,False,0.808,0.128,0.68,Quick Attack,-0.010000000000000009,0.010000000000000009,-0.020000000000000018,False,False
4WE_PAIR_021_V04,4WE_PAIR_021_V04__OPPONENT,Opponent,T52_S004__HP_PRESSURE,HP_PRESSURE,3,EEVEE_ENERGY_ADVANTAGE,EARLY_TURN,TURN_STATE,Force the decision context to turn one.,"['Ascension', 'Quick Attack']",Ascension | Quick Attack,1,3.0,2.0,1.0,Quick Attack,0.796,0.12,0.676,True,False,0.808,0.128,0.68,Quick Attack,-0.01200000000000001,-0.008000000000000007,-0.0040000000000000036,False,False
4WE_PAIR_021_V04,4WE_PAIR_021_V04__OPPONENT,Opponent,T52_S004__HP_PRESSURE,HP_PRESSURE,3,EEVEE_ENERGY_ADVANTAGE,LATE_TURN,TURN_STATE,Force the decision context to turn twelve.,"['Ascension', 'Quick Attack']",Ascension | Quick Attack,12,3.0,2.0,1.0,Quick Attack,0.822,0.114,0.708,True,False,0.808,0.128,0.68,Quick Attack,0.013999999999999901,-0.013999999999999999,0.027999999999999914,False,False
4WE_PAIR_021_V04,4WE_PAIR_021_V04__PLAYER,Player,T52_S004__HP_PRESSURE,HP_PRESSURE,3,EEVEE_ENERGY_ADVANTAGE,BASELINE,BASELINE,Preserve the original expanded case exactly.,"['Ascension', 'Quick Attack']",Ascension | Quick Attack,3,3.0,2.0,1.0,Quick Attack,0.81,0.126,0.684,True,False,0.81,0.126,0.684,Quick Attack,0.0,0.0,0.0,False,False
4WE_PAIR_021_V04,4WE_PAIR_021_V04__PLAYER,Player,T52_S004__HP_PRESSURE,HP_PRESSURE,3,EEVEE_ENERGY_ADVANTAGE,LEGAL_SIGNATURE_ASCENSION_ONLY,LEGAL_STRUCTURE,Expose Ascension as the only legal action.,['Ascension'],Ascension,3,3.0,2.0,1.0,Ascension,0.086,0.646,-0.56,False,True,0.81,0.126,0.684,Quick Attack,-0.7240000000000001,0.52,-1.2440000000000002,True,True
4WE_PAIR_021_V04,4WE_PAIR_021_V04__PLAYER,Player,T52_S004__HP_PRESSURE,HP_PRESSURE,3,EEVEE_ENERGY_ADVANTAGE,LEGAL_SIGNATURE_QUICK_ATTACK_ONLY,LEGAL_STRUCTURE,Expose Quick Attack as the only legal action.,['Quick Attack'],Quick Attack,3,3.0,2.0,1.0,Ascension,0.206,0.404,-0.19800000000000004,False,True,0.81,0.126,0.684,Quick Attack,-0.6040000000000001,0.278,-0.8820000000000001,True,True
4WE_PAIR_021_V04,4WE_PAIR_021_V04__PLAYER,Player,T52_S004__HP_PRESSURE,HP_PRESSURE,3,EEVEE_ENERGY_ADVANTAGE,LOW_ACTING_ENERGY,ENERGY_STATE,Reduce the acting Pokémon to one attached energy.,"['Ascension', 'Quick Attack']",Ascension | Quick Attack,3,1.0,2.0,-1.0,Quick Attack,0.792,0.146,0.646,True,False,0.81,0.126,0.684,Quick Attack,-0.018000000000000016,0.01999999999999999,-0.038000000000000034,False,False
4WE_PAIR_021_V04,4WE_PAIR_021_V04__PLAYER,Player,T52_S004__HP_PRESSURE,HP_PRESSURE,3,EEVEE_ENERGY_ADVANTAGE,HIGH_ACTING_ENERGY,ENERGY_STATE,Increase the acting Pokémon to four attached energy.,"['Ascension', 'Quick Attack']",Ascension | Quick Attack,3,4.0,2.0,2.0,Quick Attack,0.81,0.126,0.684,True,False,0.81,0.126,0.684,Quick Attack,0.0,0.0,0.0,False,False
4WE_PAIR_021_V04,4WE_PAIR_021_V04__PLAYER,Player,T52_S004__HP_PRESSURE,HP_PRESSURE,3,EEVEE_ENERGY_ADVANTAGE,ACTING_ENERGY_DISADVANTAGE,ENERGY_STATE,Set acting energy to two and opposing energy to four.,"['Ascension', 'Quick Attack']",Ascension | Quick Attack,3,2.0,4.0,-2.0,Quick Attack,0.796,0.142,0.654,True,False,0.81,0.126,0.684,Quick Attack,-0.014000000000000012,0.015999999999999986,-0.030000000000000027,False,False
4WE_PAIR_021_V04,4WE_PAIR_021_V04__PLAYER,Player,T52_S004__HP_PRESSURE,HP_PRESSURE,3,EEVEE_ENERGY_ADVANTAGE,ACTING_ENERGY_ADVANTAGE,ENERGY_STATE,Set acting energy to four and opposing energy to one.,"['Ascension', 'Quick Attack']",Ascension | Quick Attack,3,4.0,1.0,3.0,Quick Attack,0.802,0.132,0.67,True,False,0.81,0.126,0.684,Quick Attack,-0.008000000000000007,0.006000000000000005,-0.014000000000000012,False,False
4WE_PAIR_021_V04,4WE_PAIR_021_V04__PLAYER,Player,T52_S004__HP_PRESSURE,HP_PRESSURE,3,EEVEE_ENERGY_ADVANTAGE,EARLY_TURN,TURN_STATE,Force the decision context to turn one.,"['Ascension', 'Quick Attack']",Ascension | Quick Attack,1,3.0,2.0,1.0,Quick Attack,0.798,0.118,0.68,True,False,0.81,0.126,0.684,Quick Attack,-0.01200000000000001,-0.008000000000000007,-0.0040000000000000036,False,False
4WE_PAIR_021_V04,4WE_PAIR_021_V04__PLAYER,Player,T52_S004__HP_PRESSURE,HP_PRESSURE,3,EEVEE_ENERGY_ADVANTAGE,LATE_TURN,TURN_STATE,Force the decision context to turn twelve.,"['Ascension', 'Quick Attack']",Ascension | Quick Attack,12,3.0,2.0,1.0,Quick Attack,0.824,0.112,0.712,True,False,0.81,0.126,0.684,Quick Attack,0.013999999999999901,-0.013999999999999999,0.027999999999999914,False,False
4WE_PAIR_022_V01,4WE_PAIR_022_V01__OPPONENT,Opponent,T52_S007__BASELINE,BASELINE,1,OBSERVED_ENERGY_CONTEXT,BASELINE,BASELINE,Preserve the original expanded case exactly.,"['Ascension', 'Quick Attack']",Ascension | Quick Attack,1,3.0,3.0,0.0,Quick Attack,0.802,0.116,0.686,True,False,0.802,0.116,0.686,Quick Attack,0.0,0.0,0.0,False,False
4WE_PAIR_022_V01,4WE_PAIR_022_V01__OPPONENT,Opponent,T52_S007__BASELINE,BASELINE,1,OBSERVED_ENERGY_CONTEXT,LEGAL_SIGNATURE_ASCENSION_ONLY,LEGAL_STRUCTURE,Expose Ascension as the only legal action.,['Ascension'],Ascension,1,3.0,3.0,0.0,Ascension,0.088,0.604,-0.516,False,True,0.802,0.116,0.686,Quick Attack,-0.7140000000000001,0.488,-1.202,True,True
4WE_PAIR_022_V01,4WE_PAIR_022_V01__OPPONENT,Opponent,T52_S007__BASELINE,BASELINE,1,OBSERVED_ENERGY_CONTEXT,LEGAL_SIGNATURE_QUICK_ATTACK_ONLY,LEGAL_STRUCTURE,Expose Quick Attack as the only legal action.,['Quick Attack'],Quick Attack,1,3.0,3.0,0.0,Ascension,0.204,0.376,-0.17200000000000001,False,True,0.802,0.116,0.686,Quick Attack,-0.5980000000000001,0.26,-0.8580000000000001,True,True
4WE_PAIR_022_V01,4WE_PAIR_022_V01__OPPONENT,Opponent,T52_S007__BASELINE,BASELINE,1,OBSERVED_ENERGY_CONTEXT,LOW_ACTING_ENERGY,ENERGY_STATE,Reduce the acting Pokémon to one attached energy.,"['Ascension', 'Quick Attack']",Ascension | Quick Attack,1,1.0,3.0,-2.0,Quick Attack,0.782,0.136,0.646,True,False,0.802,0.116,0.686,Quick Attack,-0.020000000000000018,0.020000000000000004,-0.040000000000000036,False,False
4WE_PAIR_022_V01,4WE_PAIR_022_V01__OPPONENT,Opponent,T52_S007__BASELINE,BASELINE,1,OBSERVED_ENERGY_CONTEXT,HIGH_ACTING_ENERGY,ENERGY_STATE,Increase the acting Pokémon to four attached energy.,"['Ascension', 'Quick Attack']",Ascension | Quick Attack,1,4.0,3.0,1.0,Quick Attack,0.802,0.116,0.686,True,False,0.802,0.116,0.686,Quick Attack,0.0,0.0,0.0,False,False
4WE_PAIR_022_V01,4WE_PAIR_022_V01__OPPONENT,Opponent,T52_S007__BASELINE,BASELINE,1,OBSERVED_ENERGY_CONTEXT,ACTING_ENERGY_DISADVANTAGE,ENERGY_STATE,Set acting energy to two and opposing energy to four.,"['Ascension', 'Quick Attack']",Ascension | Quick Attack,1,2.0,4.0,-2.0,Quick Attack,0.784,0.136,0.648,True,False,0.802,0.116,0.686,Quick Attack,-0.018000000000000016,0.020000000000000004,-0.038000000000000034,False,False
4WE_PAIR_022_V01,4WE_PAIR_022_V01__OPPONENT,Opponent,T52_S007__BASELINE,BASELINE,1,OBSERVED_ENERGY_CONTEXT,ACTING_ENERGY_ADVANTAGE,ENERGY_STATE,Set acting energy to four and opposing energy to one.,"['Ascension', 'Quick Attack']",Ascension | Quick Attack,1,4.0,1.0,3.0,Quick Attack,0.794,0.124,0.67,True,False,0.802,0.116,0.686,Quick Attack,-0.008000000000000007,0.007999999999999993,-0.016000000000000014,False,False
4WE_PAIR_022_V01,4WE_PAIR_022_V01__OPPONENT,Opponent,T52_S007__BASELINE,BASELINE,1,OBSERVED_ENERGY_CONTEXT,EARLY_TURN,TURN_STATE,Force the decision context to turn one.,"['Ascension', 'Quick Attack']",Ascension | Quick Attack,1,3.0,3.0,0.0,Quick Attack,0.802,0.116,0.686,True,False,0.802,0.116,0.686,Quick Attack,0.0,0.0,0.0,False,False
4WE_PAIR_022_V01,4WE_PAIR_022_V01__OPPONENT,Opponent,T52_S007__BASELINE,BASELINE,1,OBSERVED_ENERGY_CONTEXT,LATE_TURN,TURN_STATE,Force the decision context to turn twelve.,"['Ascension', 'Quick Attack']",Ascension | Quick Attack,12,3.0,3.0,0.0,Quick Attack,0.828,0.11,0.718,True,False,0.802,0.116,0.686,Quick Attack,0.025999999999999912,-0.006000000000000005,0.03199999999999992,False,False
4WE_PAIR_022_V01,4WE_PAIR_022_V01__PLAYER,Player,T52_S007__BASELINE,BASELINE,1,OBSERVED_ENERGY_CONTEXT,BASELINE,BASELINE,Preserve the original expanded case exactly.,"['Ascension', 'Quick Attack']",Ascension | Quick Attack,1,3.0,3.0,0.0,Quick Attack,0.802,0.114,0.6880000000000001,True,False,0.802,0.114,0.6880000000000001,Quick Attack,0.0,0.0,0.0,False,False
4WE_PAIR_022_V01,4WE_PAIR_022_V01__PLAYER,Player,T52_S007__BASELINE,BASELINE,1,OBSERVED_ENERGY_CONTEXT,LEGAL_SIGNATURE_ASCENSION_ONLY,LEGAL_STRUCTURE,Expose Ascension as the only legal action.,['Ascension'],Ascension,1,3.0,3.0,0.0,Ascension,0.088,0.606,-0.518,False,True,0.802,0.114,0.6880000000000001,Quick Attack,-0.7140000000000001,0.492,-1.206,True,True
4WE_PAIR_022_V01,4WE_PAIR_022_V01__PLAYER,Player,T52_S007__BASELINE,BASELINE,1,OBSERVED_ENERGY_CONTEXT,LEGAL_SIGNATURE_QUICK_ATTACK_ONLY,LEGAL_STRUCTURE,Expose Quick Attack as the only legal action.,['Quick Attack'],Quick Attack,1,3.0,3.0,0.0,Ascension,0.204,0.378,-0.17400000000000002,False,True,0.802,0.114,0.6880000000000001,Quick Attack,-0.5980000000000001,0.264,-0.8620000000000001,True,True
4WE_PAIR_022_V01,4WE_PAIR_022_V01__PLAYER,Player,T52_S007__BASELINE,BASELINE,1,OBSERVED_ENERGY_CONTEXT,LOW_ACTING_ENERGY,ENERGY_STATE,Reduce the acting Pokémon to one attached energy.,"['Ascension', 'Quick Attack']",Ascension | Quick Attack,1,1.0,3.0,-2.0,Quick Attack,0.784,0.134,0.65,True,False,0.802,0.114,0.6880000000000001,Quick Attack,-0.018000000000000016,0.020000000000000004,-0.038000000000000034,False,False
4WE_PAIR_022_V01,4WE_PAIR_022_V01__PLAYER,Player,T52_S007__BASELINE,BASELINE,1,OBSERVED_ENERGY_CONTEXT,HIGH_ACTING_ENERGY,ENERGY_STATE,Increase the acting Pokémon to four attached energy.,"['Ascension', 'Quick Attack']",Ascension | Quick Attack,1,4.0,3.0,1.0,Quick Attack,0.802,0.114,0.6880000000000001,True,False,0.802,0.114,0.6880000000000001,Quick Attack,0.0,0.0,0.0,False,False
4WE_PAIR_022_V01,4WE_PAIR_022_V01__PLAYER,Player,T52_S007__BASELINE,BASELINE,1,OBSERVED_ENERGY_CONTEXT,ACTING_ENERGY_DISADVANTAGE,ENERGY_STATE,Set acting energy to two and opposing energy to four.,"['Ascension', 'Quick Attack']",Ascension | Quick Attack,1,2.0,4.0,-2.0,Quick Attack,0.788,0.13,0.658,True,False,0.802,0.114,0.6880000000000001,Quick Attack,-0.014000000000000012,0.016,-0.030000000000000027,False,False
4WE_PAIR_022_V01,4WE_PAIR_022_V01__PLAYER,Player,T52_S007__BASELINE,BASELINE,1,OBSERVED_ENERGY_CONTEXT,ACTING_ENERGY_ADVANTAGE,ENERGY_STATE,Set acting energy to four and opposing energy to one.,"['Ascension', 'Quick Attack']",Ascension | Quick Attack,1,4.0,1.0,3.0,Quick Attack,0.796,0.118,0.678,True,False,0.802,0.114,0.6880000000000001,Quick Attack,-0.006000000000000005,0.00399999999999999,-0.010000000000000009,False,False
4WE_PAIR_022_V01,4WE_PAIR_022_V01__PLAYER,Player,T52_S007__BASELINE,BASELINE,1,OBSERVED_ENERGY_CONTEXT,EARLY_TURN,TURN_STATE,Force the decision context to turn one.,"['Ascension', 'Quick Attack']",Ascension | Quick Attack,1,3.0,3.0,0.0,Quick Attack,0.802,0.114,0.6880000000000001,True,False,0.802,0.114,0.6880000000000001,Quick Attack,0.0,0.0,0.0,False,False
4WE_PAIR_022_V01,4WE_PAIR_022_V01__PLAYER,Player,T52_S007__BASELINE,BASELINE,1,OBSERVED_ENERGY_CONTEXT,LATE_TURN,TURN_STATE,Force the decision context to turn twelve.,"['Ascension', 'Quick Attack']",Ascension | Quick Attack,12,3.0,3.0,0.0,Quick Attack,0.828,0.108,0.72,True,False,0.802,0.114,0.6880000000000001,Quick Attack,0.025999999999999912,-0.006000000000000005,0.03199999999999992,False,False
4WE_PAIR_022_V02,4WE_PAIR_022_V02__OPPONENT,Opponent,T52_S007__BASELINE,BASELINE,1,MINIMUM_MULTI_ACTION_ENERGY,BASELINE,BASELINE,Preserve the original expanded case exactly.,"['Ascension', 'Quick Attack']",Ascension | Quick Attack,1,2.0,3.0,-1.0,Quick Attack,0.784,0.136,0.648,True,False,0.784,0.136,0.648,Quick Attack,0.0,0.0,0.0,False,False
4WE_PAIR_022_V02,4WE_PAIR_022_V02__OPPONENT,Opponent,T52_S007__BASELINE,BASELINE,1,MINIMUM_MULTI_ACTION_ENERGY,LEGAL_SIGNATURE_ASCENSION_ONLY,LEGAL_STRUCTURE,Expose Ascension as the only legal action.,['Ascension'],Ascension,1,2.0,3.0,-1.0,Ascension,0.072,0.626,-0.554,False,True,0.784,0.136,0.648,Quick Attack,-0.7120000000000001,0.49,-1.202,True,True
4WE_PAIR_022_V02,4WE_PAIR_022_V02__OPPONENT,Opponent,T52_S007__BASELINE,BASELINE,1,MINIMUM_MULTI_ACTION_ENERGY,LEGAL_SIGNATURE_QUICK_ATTACK_ONLY,LEGAL_STRUCTURE,Expose Quick Attack as the only legal action.,['Quick Attack'],Quick Attack,1,2.0,3.0,-1.0,Ascension,0.186,0.396,-0.21000000000000002,False,True,0.784,0.136,0.648,Quick Attack,-0.5980000000000001,0.26,-0.8580000000000001,True,True
4WE_PAIR_022_V02,4WE_PAIR_022_V02__OPPONENT,Opponent,T52_S007__BASELINE,BASELINE,1,MINIMUM_MULTI_ACTION_ENERGY,LOW_ACTING_ENERGY,ENERGY_STATE,Reduce the acting Pokémon to one attached energy.,"['Ascension', 'Quick Attack']",Ascension | Quick Attack,1,1.0,3.0,-2.0,Quick Attack,0.782,0.136,0.646,True,False,0.784,0.136,0.648,Quick Attack,-0.0020000000000000018,0.0,-0.0020000000000000018,False,False
4WE_PAIR_022_V02,4WE_PAIR_022_V02__OPPONENT,Opponent,T52_S007__BASELINE,BASELINE,1,MINIMUM_MULTI_ACTION_ENERGY,HIGH_ACTING_ENERGY,ENERGY_STATE,Increase the acting Pokémon to four attached energy.,"['Ascension', 'Quick Attack']",Ascension | Quick Attack,1,4.0,3.0,1.0,Quick Attack,0.802,0.116,0.686,True,False,0.784,0.136,0.648,Quick Attack,0.018000000000000016,-0.020000000000000004,0.038000000000000034,False,False
4WE_PAIR_022_V02,4WE_PAIR_022_V02__OPPONENT,Opponent,T52_S007__BASELINE,BASELINE,1,MINIMUM_MULTI_ACTION_ENERGY,ACTING_ENERGY_DISADVANTAGE,ENERGY_STATE,Set acting energy to two and opposing energy to four.,"['Ascension', 'Quick Attack']",Ascension | Quick Attack,1,2.0,4.0,-2.0,Quick Attack,0.784,0.136,0.648,True,False,0.784,0.136,0.648,Quick Attack,0.0,0.0,0.0,False,False
4WE_PAIR_022_V02,4WE_PAIR_022_V02__OPPONENT,Opponent,T52_S007__BASELINE,BASELINE,1,MINIMUM_MULTI_ACTION_ENERGY,ACTING_ENERGY_ADVANTAGE,ENERGY_STATE,Set acting energy to four and opposing energy to one.,"['Ascension', 'Quick Attack']",Ascension | Quick Attack,1,4.0,1.0,3.0,Quick Attack,0.794,0.124,0.67,True,False,0.784,0.136,0.648,Quick Attack,0.010000000000000009,-0.01200000000000001,0.02200000000000002,False,False
4WE_PAIR_022_V02,4WE_PAIR_022_V02__OPPONENT,Opponent,T52_S007__BASELINE,BASELINE,1,MINIMUM_MULTI_ACTION_ENERGY,EARLY_TURN,TURN_STATE,Force the decision context to turn one.,"['Ascension', 'Quick Attack']",Ascension | Quick Attack,1,2.0,3.0,-1.0,Quick Attack,0.784,0.136,0.648,True,False,0.784,0.136,0.648,Quick Attack,0.0,0.0,0.0,False,False
4WE_PAIR_022_V02,4WE_PAIR_022_V02__OPPONENT,Opponent,T52_S007__BASELINE,BASELINE,1,MINIMUM_MULTI_ACTION_ENERGY,LATE_TURN,TURN_STATE,Force the decision context to turn twelve.,"['Ascension', 'Quick Attack']",Ascension | Quick Attack,12,2.0,3.0,-1.0,Quick Attack,0.81,0.13,0.68,True,False,0.784,0.136,0.648,Quick Attack,0.026000000000000023,-0.006000000000000005,0.03200000000000003,False,False
4WE_PAIR_022_V02,4WE_PAIR_022_V02__PLAYER,Player,T52_S007__BASELINE,BASELINE,1,MINIMUM_MULTI_ACTION_ENERGY,BASELINE,BASELINE,Preserve the original expanded case exactly.,"['Ascension', 'Quick Attack']",Ascension | Quick Attack,1,2.0,3.0,-1.0,Quick Attack,0.788,0.13,0.658,True,False,0.788,0.13,0.658,Quick Attack,0.0,0.0,0.0,False,False
4WE_PAIR_022_V02,4WE_PAIR_022_V02__PLAYER,Player,T52_S007__BASELINE,BASELINE,1,MINIMUM_MULTI_ACTION_ENERGY,LEGAL_SIGNATURE_ASCENSION_ONLY,LEGAL_STRUCTURE,Expose Ascension as the only legal action.,['Ascension'],Ascension,1,2.0,3.0,-1.0,Ascension,0.078,0.622,-0.544,False,True,0.788,0.13,0.658,Quick Attack,-0.7100000000000001,0.492,-1.202,True,True
4WE_PAIR_022_V02,4WE_PAIR_022_V02__PLAYER,Player,T52_S007__BASELINE,BASELINE,1,MINIMUM_MULTI_ACTION_ENERGY,LEGAL_SIGNATURE_QUICK_ATTACK_ONLY,LEGAL_STRUCTURE,Expose Quick Attack as the only legal action.,['Quick Attack'],Quick Attack,1,2.0,3.0,-1.0,Ascension,0.192,0.392,-0.2,False,True,0.788,0.13,0.658,Quick Attack,-0.5960000000000001,0.262,-0.8580000000000001,True,True
4WE_PAIR_022_V02,4WE_PAIR_022_V02__PLAYER,Player,T52_S007__BASELINE,BASELINE,1,MINIMUM_MULTI_ACTION_ENERGY,LOW_ACTING_ENERGY,ENERGY_STATE,Reduce the acting Pokémon to one attached energy.,"['Ascension', 'Quick Attack']",Ascension | Quick Attack,1,1.0,3.0,-2.0,Quick Attack,0.784,0.134,0.65,True,False,0.788,0.13,0.658,Quick Attack,-0.0040000000000000036,0.0040000000000000036,-0.008000000000000007,False,False
4WE_PAIR_022_V02,4WE_PAIR_022_V02__PLAYER,Player,T52_S007__BASELINE,BASELINE,1,MINIMUM_MULTI_ACTION_ENERGY,HIGH_ACTING_ENERGY,ENERGY_STATE,Increase the acting Pokémon to four attached energy.,"['Ascension', 'Quick Attack']",Ascension | Quick Attack,1,4.0,3.0,1.0,Quick Attack,0.802,0.114,0.6880000000000001,True,False,0.788,0.13,0.658,Quick Attack,0.014000000000000012,-0.016,0.030000000000000027,False,False
4WE_PAIR_022_V02,4WE_PAIR_022_V02__PLAYER,Player,T52_S007__BASELINE,BASELINE,1,MINIMUM_MULTI_ACTION_ENERGY,ACTING_ENERGY_DISADVANTAGE,ENERGY_STATE,Set acting energy to two and opposing energy to four.,"['Ascension', 'Quick Attack']",Ascension | Quick Attack,1,2.0,4.0,-2.0,Quick Attack,0.788,0.13,0.658,True,False,0.788,0.13,0.658,Quick Attack,0.0,0.0,0.0,False,False
4WE_PAIR_022_V02,4WE_PAIR_022_V02__PLAYER,Player,T52_S007__BASELINE,BASELINE,1,MINIMUM_MULTI_ACTION_ENERGY,ACTING_ENERGY_ADVANTAGE,ENERGY_STATE,Set acting energy to four and opposing energy to one.,"['Ascension', 'Quick Attack']",Ascension | Quick Attack,1,4.0,1.0,3.0,Quick Attack,0.796,0.118,0.678,True,False,0.788,0.13,0.658,Quick Attack,0.008000000000000007,-0.01200000000000001,0.020000000000000018,False,False
4WE_PAIR_022_V02,4WE_PAIR_022_V02__PLAYER,Player,T52_S007__BASELINE,BASELINE,1,MINIMUM_MULTI_ACTION_ENERGY,EARLY_TURN,TURN_STATE,Force the decision context to turn one.,"['Ascension', 'Quick Attack']",Ascension | Quick Attack,1,2.0,3.0,-1.0,Quick Attack,0.788,0.13,0.658,True,False,0.788,0.13,0.658,Quick Attack,0.0,0.0,0.0,False,False
4WE_PAIR_022_V02,4WE_PAIR_022_V02__PLAYER,Player,T52_S007__BASELINE,BASELINE,1,MINIMUM_MULTI_ACTION_ENERGY,LATE_TURN,TURN_STATE,Force the decision context to turn twelve.,"['Ascension', 'Quick Attack']",Ascension | Quick Attack,12,2.0,3.0,-1.0,Quick Attack,0.814,0.124,0.69,True,False,0.788,0.13,0.658,Quick Attack,0.025999999999999912,-0.006000000000000005,0.03199999999999992,False,False
4WE_PAIR_022_V03,4WE_PAIR_022_V03__OPPONENT,Opponent,T52_S007__BASELINE,BASELINE,1,SYMMETRIC_TWO_ENERGY,BASELINE,BASELINE,Preserve the original expanded case exactly.,"['Ascension', 'Quick Attack']",Ascension | Quick Attack,1,2.0,2.0,0.0,Quick Attack,0.784,0.136,0.648,True,False,0.784,0.136,0.648,Quick Attack,0.0,0.0,0.0,False,False
4WE_PAIR_022_V03,4WE_PAIR_022_V03__OPPONENT,Opponent,T52_S007__BASELINE,BASELINE,1,SYMMETRIC_TWO_ENERGY,LEGAL_SIGNATURE_ASCENSION_ONLY,LEGAL_STRUCTURE,Expose Ascension as the only legal action.,['Ascension'],Ascension,1,2.0,2.0,0.0,Ascension,0.072,0.626,-0.554,False,True,0.784,0.136,0.648,Quick Attack,-0.7120000000000001,0.49,-1.202,True,True
4WE_PAIR_022_V03,4WE_PAIR_022_V03__OPPONENT,Opponent,T52_S007__BASELINE,BASELINE,1,SYMMETRIC_TWO_ENERGY,LEGAL_SIGNATURE_QUICK_ATTACK_ONLY,LEGAL_STRUCTURE,Expose Quick Attack as the only legal action.,['Quick Attack'],Quick Attack,1,2.0,2.0,0.0,Ascension,0.186,0.396,-0.21000000000000002,False,True,0.784,0.136,0.648,Quick Attack,-0.5980000000000001,0.26,-0.8580000000000001,True,True
4WE_PAIR_022_V03,4WE_PAIR_022_V03__OPPONENT,Opponent,T52_S007__BASELINE,BASELINE,1,SYMMETRIC_TWO_ENERGY,LOW_ACTING_ENERGY,ENERGY_STATE,Reduce the acting Pokémon to one attached energy.,"['Ascension', 'Quick Attack']",Ascension | Quick Attack,1,1.0,2.0,-1.0,Quick Attack,0.782,0.136,0.646,True,False,0.784,0.136,0.648,Quick Attack,-0.0020000000000000018,0.0,-0.0020000000000000018,False,False
4WE_PAIR_022_V03,4WE_PAIR_022_V03__OPPONENT,Opponent,T52_S007__BASELINE,BASELINE,1,SYMMETRIC_TWO_ENERGY,HIGH_ACTING_ENERGY,ENERGY_STATE,Increase the acting Pokémon to four attached energy.,"['Ascension', 'Quick Attack']",Ascension | Quick Attack,1,4.0,2.0,2.0,Quick Attack,0.802,0.116,0.686,True,False,0.784,0.136,0.648,Quick Attack,0.018000000000000016,-0.020000000000000004,0.038000000000000034,False,False
4WE_PAIR_022_V03,4WE_PAIR_022_V03__OPPONENT,Opponent,T52_S007__BASELINE,BASELINE,1,SYMMETRIC_TWO_ENERGY,ACTING_ENERGY_DISADVANTAGE,ENERGY_STATE,Set acting energy to two and opposing energy to four.,"['Ascension', 'Quick Attack']",Ascension | Quick Attack,1,2.0,4.0,-2.0,Quick Attack,0.784,0.136,0.648,True,False,0.784,0.136,0.648,Quick Attack,0.0,0.0,0.0,False,False
4WE_PAIR_022_V03,4WE_PAIR_022_V03__OPPONENT,Opponent,T52_S007__BASELINE,BASELINE,1,SYMMETRIC_TWO_ENERGY,ACTING_ENERGY_ADVANTAGE,ENERGY_STATE,Set acting energy to four and opposing energy to one.,"['Ascension', 'Quick Attack']",Ascension | Quick Attack,1,4.0,1.0,3.0,Quick Attack,0.794,0.124,0.67,True,False,0.784,0.136,0.648,Quick Attack,0.010000000000000009,-0.01200000000000001,0.02200000000000002,False,False
4WE_PAIR_022_V03,4WE_PAIR_022_V03__OPPONENT,Opponent,T52_S007__BASELINE,BASELINE,1,SYMMETRIC_TWO_ENERGY,EARLY_TURN,TURN_STATE,Force the decision context to turn one.,"['Ascension', 'Quick Attack']",Ascension | Quick Attack,1,2.0,2.0,0.0,Quick Attack,0.784,0.136,0.648,True,False,0.784,0.136,0.648,Quick Attack,0.0,0.0,0.0,False,False
4WE_PAIR_022_V03,4WE_PAIR_022_V03__OPPONENT,Opponent,T52_S007__BASELINE,BASELINE,1,SYMMETRIC_TWO_ENERGY,LATE_TURN,TURN_STATE,Force the decision context to turn twelve.,"['Ascension', 'Quick Attack']",Ascension | Quick Attack,12,2.0,2.0,0.0,Quick Attack,0.81,0.13,0.68,True,False,0.784,0.136,0.648,Quick Attack,0.026000000000000023,-0.006000000000000005,0.03200000000000003,False,False
4WE_PAIR_022_V03,4WE_PAIR_022_V03__PLAYER,Player,T52_S007__BASELINE,BASELINE,1,SYMMETRIC_TWO_ENERGY,BASELINE,BASELINE,Preserve the original expanded case exactly.,"['Ascension', 'Quick Attack']",Ascension | Quick Attack,1,2.0,2.0,0.0,Quick Attack,0.788,0.13,0.658,True,False,0.788,0.13,0.658,Quick Attack,0.0,0.0,0.0,False,False
4WE_PAIR_022_V03,4WE_PAIR_022_V03__PLAYER,Player,T52_S007__BASELINE,BASELINE,1,SYMMETRIC_TWO_ENERGY,LEGAL_SIGNATURE_ASCENSION_ONLY,LEGAL_STRUCTURE,Expose Ascension as the only legal action.,['Ascension'],Ascension,1,2.0,2.0,0.0,Ascension,0.076,0.624,-0.548,False,True,0.788,0.13,0.658,Quick Attack,-0.7120000000000001,0.494,-1.206,True,True
4WE_PAIR_022_V03,4WE_PAIR_022_V03__PLAYER,Player,T52_S007__BASELINE,BASELINE,1,SYMMETRIC_TWO_ENERGY,LEGAL_SIGNATURE_QUICK_ATTACK_ONLY,LEGAL_STRUCTURE,Expose Quick Attack as the only legal action.,['Quick Attack'],Quick Attack,1,2.0,2.0,0.0,Ascension,0.19,0.394,-0.20400000000000001,False,True,0.788,0.13,0.658,Quick Attack,-0.5980000000000001,0.264,-0.8620000000000001,True,True
4WE_PAIR_022_V03,4WE_PAIR_022_V03__PLAYER,Player,T52_S007__BASELINE,BASELINE,1,SYMMETRIC_TWO_ENERGY,LOW_ACTING_ENERGY,ENERGY_STATE,Reduce the acting Pokémon to one attached energy.,"['Ascension', 'Quick Attack']",Ascension | Quick Attack,1,1.0,2.0,-1.0,Quick Attack,0.784,0.134,0.65,True,False,0.788,0.13,0.658,Quick Attack,-0.0040000000000000036,0.0040000000000000036,-0.008000000000000007,False,False
4WE_PAIR_022_V03,4WE_PAIR_022_V03__PLAYER,Player,T52_S007__BASELINE,BASELINE,1,SYMMETRIC_TWO_ENERGY,HIGH_ACTING_ENERGY,ENERGY_STATE,Increase the acting Pokémon to four attached energy.,"['Ascension', 'Quick Attack']",Ascension | Quick Attack,1,4.0,2.0,2.0,Quick Attack,0.802,0.114,0.6880000000000001,True,False,0.788,0.13,0.658,Quick Attack,0.014000000000000012,-0.016,0.030000000000000027,False,False
4WE_PAIR_022_V03,4WE_PAIR_022_V03__PLAYER,Player,T52_S007__BASELINE,BASELINE,1,SYMMETRIC_TWO_ENERGY,ACTING_ENERGY_DISADVANTAGE,ENERGY_STATE,Set acting energy to two and opposing energy to four.,"['Ascension', 'Quick Attack']",Ascension | Quick Attack,1,2.0,4.0,-2.0,Quick Attack,0.788,0.13,0.658,True,False,0.788,0.13,0.658,Quick Attack,0.0,0.0,0.0,False,False
4WE_PAIR_022_V03,4WE_PAIR_022_V03__PLAYER,Player,T52_S007__BASELINE,BASELINE,1,SYMMETRIC_TWO_ENERGY,ACTING_ENERGY_ADVANTAGE,ENERGY_STATE,Set acting energy to four and opposing energy to one.,"['Ascension', 'Quick Attack']",Ascension | Quick Attack,1,4.0,1.0,3.0,Quick Attack,0.796,0.118,0.678,True,False,0.788,0.13,0.658,Quick Attack,0.008000000000000007,-0.01200000000000001,0.020000000000000018,False,False
4WE_PAIR_022_V03,4WE_PAIR_022_V03__PLAYER,Player,T52_S007__BASELINE,BASELINE,1,SYMMETRIC_TWO_ENERGY,EARLY_TURN,TURN_STATE,Force the decision context to turn one.,"['Ascension', 'Quick Attack']",Ascension | Quick Attack,1,2.0,2.0,0.0,Quick Attack,0.788,0.13,0.658,True,False,0.788,0.13,0.658,Quick Attack,0.0,0.0,0.0,False,False
4WE_PAIR_022_V03,4WE_PAIR_022_V03__PLAYER,Player,T52_S007__BASELINE,BASELINE,1,SYMMETRIC_TWO_ENERGY,LATE_TURN,TURN_STATE,Force the decision context to turn twelve.,"['Ascension', 'Quick Attack']",Ascension | Quick Attack,12,2.0,2.0,0.0,Quick Attack,0.814,0.124,0.69,True,False,0.788,0.13,0.658,Quick Attack,0.025999999999999912,-0.006000000000000005,0.03199999999999992,False,False
4WE_PAIR_022_V04,4WE_PAIR_022_V04__OPPONENT,Opponent,T52_S007__BASELINE,BASELINE,1,EEVEE_ENERGY_ADVANTAGE,BASELINE,BASELINE,Preserve the original expanded case exactly.,"['Ascension', 'Quick Attack']",Ascension | Quick Attack,1,3.0,2.0,1.0,Quick Attack,0.802,0.116,0.686,True,False,0.802,0.116,0.686,Quick Attack,0.0,0.0,0.0,False,False
4WE_PAIR_022_V04,4WE_PAIR_022_V04__OPPONENT,Opponent,T52_S007__BASELINE,BASELINE,1,EEVEE_ENERGY_ADVANTAGE,LEGAL_SIGNATURE_ASCENSION_ONLY,LEGAL_STRUCTURE,Expose Ascension as the only legal action.,['Ascension'],Ascension,1,3.0,2.0,1.0,Ascension,0.088,0.604,-0.516,False,True,0.802,0.116,0.686,Quick Attack,-0.7140000000000001,0.488,-1.202,True,True
4WE_PAIR_022_V04,4WE_PAIR_022_V04__OPPONENT,Opponent,T52_S007__BASELINE,BASELINE,1,EEVEE_ENERGY_ADVANTAGE,LEGAL_SIGNATURE_QUICK_ATTACK_ONLY,LEGAL_STRUCTURE,Expose Quick Attack as the only legal action.,['Quick Attack'],Quick Attack,1,3.0,2.0,1.0,Ascension,0.204,0.376,-0.17200000000000001,False,True,0.802,0.116,0.686,Quick Attack,-0.5980000000000001,0.26,-0.8580000000000001,True,True
4WE_PAIR_022_V04,4WE_PAIR_022_V04__OPPONENT,Opponent,T52_S007__BASELINE,BASELINE,1,EEVEE_ENERGY_ADVANTAGE,LOW_ACTING_ENERGY,ENERGY_STATE,Reduce the acting Pokémon to one attached energy.,"['Ascension', 'Quick Attack']",Ascension | Quick Attack,1,1.0,2.0,-1.0,Quick Attack,0.782,0.136,0.646,True,False,0.802,0.116,0.686,Quick Attack,-0.020000000000000018,0.020000000000000004,-0.040000000000000036,False,False
4WE_PAIR_022_V04,4WE_PAIR_022_V04__OPPONENT,Opponent,T52_S007__BASELINE,BASELINE,1,EEVEE_ENERGY_ADVANTAGE,HIGH_ACTING_ENERGY,ENERGY_STATE,Increase the acting Pokémon to four attached energy.,"['Ascension', 'Quick Attack']",Ascension | Quick Attack,1,4.0,2.0,2.0,Quick Attack,0.802,0.116,0.686,True,False,0.802,0.116,0.686,Quick Attack,0.0,0.0,0.0,False,False
4WE_PAIR_022_V04,4WE_PAIR_022_V04__OPPONENT,Opponent,T52_S007__BASELINE,BASELINE,1,EEVEE_ENERGY_ADVANTAGE,ACTING_ENERGY_DISADVANTAGE,ENERGY_STATE,Set acting energy to two and opposing energy to four.,"['Ascension', 'Quick Attack']",Ascension | Quick Attack,1,2.0,4.0,-2.0,Quick Attack,0.784,0.136,0.648,True,False,0.802,0.116,0.686,Quick Attack,-0.018000000000000016,0.020000000000000004,-0.038000000000000034,False,False
4WE_PAIR_022_V04,4WE_PAIR_022_V04__OPPONENT,Opponent,T52_S007__BASELINE,BASELINE,1,EEVEE_ENERGY_ADVANTAGE,ACTING_ENERGY_ADVANTAGE,ENERGY_STATE,Set acting energy to four and opposing energy to one.,"['Ascension', 'Quick Attack']",Ascension | Quick Attack,1,4.0,1.0,3.0,Quick Attack,0.794,0.124,0.67,True,False,0.802,0.116,0.686,Quick Attack,-0.008000000000000007,0.007999999999999993,-0.016000000000000014,False,False
4WE_PAIR_022_V04,4WE_PAIR_022_V04__OPPONENT,Opponent,T52_S007__BASELINE,BASELINE,1,EEVEE_ENERGY_ADVANTAGE,EARLY_TURN,TURN_STATE,Force the decision context to turn one.,"['Ascension', 'Quick Attack']",Ascension | Quick Attack,1,3.0,2.0,1.0,Quick Attack,0.802,0.116,0.686,True,False,0.802,0.116,0.686,Quick Attack,0.0,0.0,0.0,False,False
4WE_PAIR_022_V04,4WE_PAIR_022_V04__OPPONENT,Opponent,T52_S007__BASELINE,BASELINE,1,EEVEE_ENERGY_ADVANTAGE,LATE_TURN,TURN_STATE,Force the decision context to turn twelve.,"['Ascension', 'Quick Attack']",Ascension | Quick Attack,12,3.0,2.0,1.0,Quick Attack,0.828,0.11,0.718,True,False,0.802,0.116,0.686,Quick Attack,0.025999999999999912,-0.006000000000000005,0.03199999999999992,False,False
4WE_PAIR_022_V04,4WE_PAIR_022_V04__PLAYER,Player,T52_S007__BASELINE,BASELINE,1,EEVEE_ENERGY_ADVANTAGE,BASELINE,BASELINE,Preserve the original expanded case exactly.,"['Ascension', 'Quick Attack']",Ascension | Quick Attack,1,3.0,2.0,1.0,Quick Attack,0.802,0.114,0.6880000000000001,True,False,0.802,0.114,0.6880000000000001,Quick Attack,0.0,0.0,0.0,False,False
4WE_PAIR_022_V04,4WE_PAIR_022_V04__PLAYER,Player,T52_S007__BASELINE,BASELINE,1,EEVEE_ENERGY_ADVANTAGE,LEGAL_SIGNATURE_ASCENSION_ONLY,LEGAL_STRUCTURE,Expose Ascension as the only legal action.,['Ascension'],Ascension,1,3.0,2.0,1.0,Ascension,0.086,0.608,-0.522,False,True,0.802,0.114,0.6880000000000001,Quick Attack,-0.7160000000000001,0.494,-1.21,True,True
4WE_PAIR_022_V04,4WE_PAIR_022_V04__PLAYER,Player,T52_S007__BASELINE,BASELINE,1,EEVEE_ENERGY_ADVANTAGE,LEGAL_SIGNATURE_QUICK_ATTACK_ONLY,LEGAL_STRUCTURE,Expose Quick Attack as the only legal action.,['Quick Attack'],Quick Attack,1,3.0,2.0,1.0,Ascension,0.202,0.38,-0.178,False,True,0.802,0.114,0.6880000000000001,Quick Attack,-0.6000000000000001,0.266,-0.8660000000000001,True,True
4WE_PAIR_022_V04,4WE_PAIR_022_V04__PLAYER,Player,T52_S007__BASELINE,BASELINE,1,EEVEE_ENERGY_ADVANTAGE,LOW_ACTING_ENERGY,ENERGY_STATE,Reduce the acting Pokémon to one attached energy.,"['Ascension', 'Quick Attack']",Ascension | Quick Attack,1,1.0,2.0,-1.0,Quick Attack,0.784,0.134,0.65,True,False,0.802,0.114,0.6880000000000001,Quick Attack,-0.018000000000000016,0.020000000000000004,-0.038000000000000034,False,False
4WE_PAIR_022_V04,4WE_PAIR_022_V04__PLAYER,Player,T52_S007__BASELINE,BASELINE,1,EEVEE_ENERGY_ADVANTAGE,HIGH_ACTING_ENERGY,ENERGY_STATE,Increase the acting Pokémon to four attached energy.,"['Ascension', 'Quick Attack']",Ascension | Quick Attack,1,4.0,2.0,2.0,Quick Attack,0.802,0.114,0.6880000000000001,True,False,0.802,0.114,0.6880000000000001,Quick Attack,0.0,0.0,0.0,False,False
4WE_PAIR_022_V04,4WE_PAIR_022_V04__PLAYER,Player,T52_S007__BASELINE,BASELINE,1,EEVEE_ENERGY_ADVANTAGE,ACTING_ENERGY_DISADVANTAGE,ENERGY_STATE,Set acting energy to two and opposing energy to four.,"['Ascension', 'Quick Attack']",Ascension | Quick Attack,1,2.0,4.0,-2.0,Quick Attack,0.788,0.13,0.658,True,False,0.802,0.114,0.6880000000000001,Quick Attack,-0.014000000000000012,0.016,-0.030000000000000027,False,False
4WE_PAIR_022_V04,4WE_PAIR_022_V04__PLAYER,Player,T52_S007__BASELINE,BASELINE,1,EEVEE_ENERGY_ADVANTAGE,ACTING_ENERGY_ADVANTAGE,ENERGY_STATE,Set acting energy to four and opposing energy to one.,"['Ascension', 'Quick Attack']",Ascension | Quick Attack,1,4.0,1.0,3.0,Quick Attack,0.796,0.118,0.678,True,False,0.802,0.114,0.6880000000000001,Quick Attack,-0.006000000000000005,0.00399999999999999,-0.010000000000000009,False,False
4WE_PAIR_022_V04,4WE_PAIR_022_V04__PLAYER,Player,T52_S007__BASELINE,BASELINE,1,EEVEE_ENERGY_ADVANTAGE,EARLY_TURN,TURN_STATE,Force the decision context to turn one.,"['Ascension', 'Quick Attack']",Ascension | Quick Attack,1,3.0,2.0,1.0,Quick Attack,0.802,0.114,0.6880000000000001,True,False,0.802,0.114,0.6880000000000001,Quick Attack,0.0,0.0,0.0,False,False
4WE_PAIR_022_V04,4WE_PAIR_022_V04__PLAYER,Player,T52_S007__BASELINE,BASELINE,1,EEVEE_ENERGY_ADVANTAGE,LATE_TURN,TURN_STATE,Force the decision context to turn twelve.,"['Ascension', 'Quick Attack']",Ascension | Quick Attack,12,3.0,2.0,1.0,Quick Attack,0.828,0.108,0.72,True,False,0.802,0.114,0.6880000000000001,Quick Attack,0.025999999999999912,-0.006000000000000005,0.03199999999999992,False,False
4WE_PAIR_023_V01,4WE_PAIR_023_V01__OPPONENT,Opponent,T52_S007__HP_PRESSURE,HP_PRESSURE,1,OBSERVED_ENERGY_CONTEXT,BASELINE,BASELINE,Preserve the original expanded case exactly.,"['Ascension', 'Quick Attack']",Ascension | Quick Attack,1,3.0,3.0,0.0,Quick Attack,0.802,0.116,0.686,True,False,0.802,0.116,0.686,Quick Attack,0.0,0.0,0.0,False,False
4WE_PAIR_023_V01,4WE_PAIR_023_V01__OPPONENT,Opponent,T52_S007__HP_PRESSURE,HP_PRESSURE,1,OBSERVED_ENERGY_CONTEXT,LEGAL_SIGNATURE_ASCENSION_ONLY,LEGAL_STRUCTURE,Expose Ascension as the only legal action.,['Ascension'],Ascension,1,3.0,3.0,0.0,Ascension,0.088,0.604,-0.516,False,True,0.802,0.116,0.686,Quick Attack,-0.7140000000000001,0.488,-1.202,True,True
4WE_PAIR_023_V01,4WE_PAIR_023_V01__OPPONENT,Opponent,T52_S007__HP_PRESSURE,HP_PRESSURE,1,OBSERVED_ENERGY_CONTEXT,LEGAL_SIGNATURE_QUICK_ATTACK_ONLY,LEGAL_STRUCTURE,Expose Quick Attack as the only legal action.,['Quick Attack'],Quick Attack,1,3.0,3.0,0.0,Ascension,0.204,0.376,-0.17200000000000001,False,True,0.802,0.116,0.686,Quick Attack,-0.5980000000000001,0.26,-0.8580000000000001,True,True
4WE_PAIR_023_V01,4WE_PAIR_023_V01__OPPONENT,Opponent,T52_S007__HP_PRESSURE,HP_PRESSURE,1,OBSERVED_ENERGY_CONTEXT,LOW_ACTING_ENERGY,ENERGY_STATE,Reduce the acting Pokémon to one attached energy.,"['Ascension', 'Quick Attack']",Ascension | Quick Attack,1,1.0,3.0,-2.0,Quick Attack,0.782,0.136,0.646,True,False,0.802,0.116,0.686,Quick Attack,-0.020000000000000018,0.020000000000000004,-0.040000000000000036,False,False
4WE_PAIR_023_V01,4WE_PAIR_023_V01__OPPONENT,Opponent,T52_S007__HP_PRESSURE,HP_PRESSURE,1,OBSERVED_ENERGY_CONTEXT,HIGH_ACTING_ENERGY,ENERGY_STATE,Increase the acting Pokémon to four attached energy.,"['Ascension', 'Quick Attack']",Ascension | Quick Attack,1,4.0,3.0,1.0,Quick Attack,0.802,0.116,0.686,True,False,0.802,0.116,0.686,Quick Attack,0.0,0.0,0.0,False,False
4WE_PAIR_023_V01,4WE_PAIR_023_V01__OPPONENT,Opponent,T52_S007__HP_PRESSURE,HP_PRESSURE,1,OBSERVED_ENERGY_CONTEXT,ACTING_ENERGY_DISADVANTAGE,ENERGY_STATE,Set acting energy to two and opposing energy to four.,"['Ascension', 'Quick Attack']",Ascension | Quick Attack,1,2.0,4.0,-2.0,Quick Attack,0.784,0.136,0.648,True,False,0.802,0.116,0.686,Quick Attack,-0.018000000000000016,0.020000000000000004,-0.038000000000000034,False,False
4WE_PAIR_023_V01,4WE_PAIR_023_V01__OPPONENT,Opponent,T52_S007__HP_PRESSURE,HP_PRESSURE,1,OBSERVED_ENERGY_CONTEXT,ACTING_ENERGY_ADVANTAGE,ENERGY_STATE,Set acting energy to four and opposing energy to one.,"['Ascension', 'Quick Attack']",Ascension | Quick Attack,1,4.0,1.0,3.0,Quick Attack,0.794,0.124,0.67,True,False,0.802,0.116,0.686,Quick Attack,-0.008000000000000007,0.007999999999999993,-0.016000000000000014,False,False
4WE_PAIR_023_V01,4WE_PAIR_023_V01__OPPONENT,Opponent,T52_S007__HP_PRESSURE,HP_PRESSURE,1,OBSERVED_ENERGY_CONTEXT,EARLY_TURN,TURN_STATE,Force the decision context to turn one.,"['Ascension', 'Quick Attack']",Ascension | Quick Attack,1,3.0,3.0,0.0,Quick Attack,0.802,0.116,0.686,True,False,0.802,0.116,0.686,Quick Attack,0.0,0.0,0.0,False,False
4WE_PAIR_023_V01,4WE_PAIR_023_V01__OPPONENT,Opponent,T52_S007__HP_PRESSURE,HP_PRESSURE,1,OBSERVED_ENERGY_CONTEXT,LATE_TURN,TURN_STATE,Force the decision context to turn twelve.,"['Ascension', 'Quick Attack']",Ascension | Quick Attack,12,3.0,3.0,0.0,Quick Attack,0.828,0.11,0.718,True,False,0.802,0.116,0.686,Quick Attack,0.025999999999999912,-0.006000000000000005,0.03199999999999992,False,False
4WE_PAIR_023_V01,4WE_PAIR_023_V01__PLAYER,Player,T52_S007__HP_PRESSURE,HP_PRESSURE,1,OBSERVED_ENERGY_CONTEXT,BASELINE,BASELINE,Preserve the original expanded case exactly.,"['Ascension', 'Quick Attack']",Ascension | Quick Attack,1,3.0,3.0,0.0,Quick Attack,0.802,0.114,0.6880000000000001,True,False,0.802,0.114,0.6880000000000001,Quick Attack,0.0,0.0,0.0,False,False
4WE_PAIR_023_V01,4WE_PAIR_023_V01__PLAYER,Player,T52_S007__HP_PRESSURE,HP_PRESSURE,1,OBSERVED_ENERGY_CONTEXT,LEGAL_SIGNATURE_ASCENSION_ONLY,LEGAL_STRUCTURE,Expose Ascension as the only legal action.,['Ascension'],Ascension,1,3.0,3.0,0.0,Ascension,0.088,0.606,-0.518,False,True,0.802,0.114,0.6880000000000001,Quick Attack,-0.7140000000000001,0.492,-1.206,True,True
4WE_PAIR_023_V01,4WE_PAIR_023_V01__PLAYER,Player,T52_S007__HP_PRESSURE,HP_PRESSURE,1,OBSERVED_ENERGY_CONTEXT,LEGAL_SIGNATURE_QUICK_ATTACK_ONLY,LEGAL_STRUCTURE,Expose Quick Attack as the only legal action.,['Quick Attack'],Quick Attack,1,3.0,3.0,0.0,Ascension,0.204,0.378,-0.17400000000000002,False,True,0.802,0.114,0.6880000000000001,Quick Attack,-0.5980000000000001,0.264,-0.8620000000000001,True,True
4WE_PAIR_023_V01,4WE_PAIR_023_V01__PLAYER,Player,T52_S007__HP_PRESSURE,HP_PRESSURE,1,OBSERVED_ENERGY_CONTEXT,LOW_ACTING_ENERGY,ENERGY_STATE,Reduce the acting Pokémon to one attached energy.,"['Ascension', 'Quick Attack']",Ascension | Quick Attack,1,1.0,3.0,-2.0,Quick Attack,0.784,0.134,0.65,True,False,0.802,0.114,0.6880000000000001,Quick Attack,-0.018000000000000016,0.020000000000000004,-0.038000000000000034,False,False
4WE_PAIR_023_V01,4WE_PAIR_023_V01__PLAYER,Player,T52_S007__HP_PRESSURE,HP_PRESSURE,1,OBSERVED_ENERGY_CONTEXT,HIGH_ACTING_ENERGY,ENERGY_STATE,Increase the acting Pokémon to four attached energy.,"['Ascension', 'Quick Attack']",Ascension | Quick Attack,1,4.0,3.0,1.0,Quick Attack,0.802,0.114,0.6880000000000001,True,False,0.802,0.114,0.6880000000000001,Quick Attack,0.0,0.0,0.0,False,False
4WE_PAIR_023_V01,4WE_PAIR_023_V01__PLAYER,Player,T52_S007__HP_PRESSURE,HP_PRESSURE,1,OBSERVED_ENERGY_CONTEXT,ACTING_ENERGY_DISADVANTAGE,ENERGY_STATE,Set acting energy to two and opposing energy to four.,"['Ascension', 'Quick Attack']",Ascension | Quick Attack,1,2.0,4.0,-2.0,Quick Attack,0.788,0.13,0.658,True,False,0.802,0.114,0.6880000000000001,Quick Attack,-0.014000000000000012,0.016,-0.030000000000000027,False,False
4WE_PAIR_023_V01,4WE_PAIR_023_V01__PLAYER,Player,T52_S007__HP_PRESSURE,HP_PRESSURE,1,OBSERVED_ENERGY_CONTEXT,ACTING_ENERGY_ADVANTAGE,ENERGY_STATE,Set acting energy to four and opposing energy to one.,"['Ascension', 'Quick Attack']",Ascension | Quick Attack,1,4.0,1.0,3.0,Quick Attack,0.796,0.118,0.678,True,False,0.802,0.114,0.6880000000000001,Quick Attack,-0.006000000000000005,0.00399999999999999,-0.010000000000000009,False,False
4WE_PAIR_023_V01,4WE_PAIR_023_V01__PLAYER,Player,T52_S007__HP_PRESSURE,HP_PRESSURE,1,OBSERVED_ENERGY_CONTEXT,EARLY_TURN,TURN_STATE,Force the decision context to turn one.,"['Ascension', 'Quick Attack']",Ascension | Quick Attack,1,3.0,3.0,0.0,Quick Attack,0.802,0.114,0.6880000000000001,True,False,0.802,0.114,0.6880000000000001,Quick Attack,0.0,0.0,0.0,False,False
4WE_PAIR_023_V01,4WE_PAIR_023_V01__PLAYER,Player,T52_S007__HP_PRESSURE,HP_PRESSURE,1,OBSERVED_ENERGY_CONTEXT,LATE_TURN,TURN_STATE,Force the decision context to turn twelve.,"['Ascension', 'Quick Attack']",Ascension | Quick Attack,12,3.0,3.0,0.0,Quick Attack,0.828,0.108,0.72,True,False,0.802,0.114,0.6880000000000001,Quick Attack,0.025999999999999912,-0.006000000000000005,0.03199999999999992,False,False
4WE_PAIR_023_V02,4WE_PAIR_023_V02__OPPONENT,Opponent,T52_S007__HP_PRESSURE,HP_PRESSURE,1,MINIMUM_MULTI_ACTION_ENERGY,BASELINE,BASELINE,Preserve the original expanded case exactly.,"['Ascension', 'Quick Attack']",Ascension | Quick Attack,1,2.0,3.0,-1.0,Quick Attack,0.784,0.136,0.648,True,False,0.784,0.136,0.648,Quick Attack,0.0,0.0,0.0,False,False
4WE_PAIR_023_V02,4WE_PAIR_023_V02__OPPONENT,Opponent,T52_S007__HP_PRESSURE,HP_PRESSURE,1,MINIMUM_MULTI_ACTION_ENERGY,LEGAL_SIGNATURE_ASCENSION_ONLY,LEGAL_STRUCTURE,Expose Ascension as the only legal action.,['Ascension'],Ascension,1,2.0,3.0,-1.0,Ascension,0.072,0.626,-0.554,False,True,0.784,0.136,0.648,Quick Attack,-0.7120000000000001,0.49,-1.202,True,True
4WE_PAIR_023_V02,4WE_PAIR_023_V02__OPPONENT,Opponent,T52_S007__HP_PRESSURE,HP_PRESSURE,1,MINIMUM_MULTI_ACTION_ENERGY,LEGAL_SIGNATURE_QUICK_ATTACK_ONLY,LEGAL_STRUCTURE,Expose Quick Attack as the only legal action.,['Quick Attack'],Quick Attack,1,2.0,3.0,-1.0,Ascension,0.186,0.396,-0.21000000000000002,False,True,0.784,0.136,0.648,Quick Attack,-0.5980000000000001,0.26,-0.8580000000000001,True,True
4WE_PAIR_023_V02,4WE_PAIR_023_V02__OPPONENT,Opponent,T52_S007__HP_PRESSURE,HP_PRESSURE,1,MINIMUM_MULTI_ACTION_ENERGY,LOW_ACTING_ENERGY,ENERGY_STATE,Reduce the acting Pokémon to one attached energy.,"['Ascension', 'Quick Attack']",Ascension | Quick Attack,1,1.0,3.0,-2.0,Quick Attack,0.782,0.136,0.646,True,False,0.784,0.136,0.648,Quick Attack,-0.0020000000000000018,0.0,-0.0020000000000000018,False,False
4WE_PAIR_023_V02,4WE_PAIR_023_V02__OPPONENT,Opponent,T52_S007__HP_PRESSURE,HP_PRESSURE,1,MINIMUM_MULTI_ACTION_ENERGY,HIGH_ACTING_ENERGY,ENERGY_STATE,Increase the acting Pokémon to four attached energy.,"['Ascension', 'Quick Attack']",Ascension | Quick Attack,1,4.0,3.0,1.0,Quick Attack,0.802,0.116,0.686,True,False,0.784,0.136,0.648,Quick Attack,0.018000000000000016,-0.020000000000000004,0.038000000000000034,False,False
4WE_PAIR_023_V02,4WE_PAIR_023_V02__OPPONENT,Opponent,T52_S007__HP_PRESSURE,HP_PRESSURE,1,MINIMUM_MULTI_ACTION_ENERGY,ACTING_ENERGY_DISADVANTAGE,ENERGY_STATE,Set acting energy to two and opposing energy to four.,"['Ascension', 'Quick Attack']",Ascension | Quick Attack,1,2.0,4.0,-2.0,Quick Attack,0.784,0.136,0.648,True,False,0.784,0.136,0.648,Quick Attack,0.0,0.0,0.0,False,False
4WE_PAIR_023_V02,4WE_PAIR_023_V02__OPPONENT,Opponent,T52_S007__HP_PRESSURE,HP_PRESSURE,1,MINIMUM_MULTI_ACTION_ENERGY,ACTING_ENERGY_ADVANTAGE,ENERGY_STATE,Set acting energy to four and opposing energy to one.,"['Ascension', 'Quick Attack']",Ascension | Quick Attack,1,4.0,1.0,3.0,Quick Attack,0.794,0.124,0.67,True,False,0.784,0.136,0.648,Quick Attack,0.010000000000000009,-0.01200000000000001,0.02200000000000002,False,False
4WE_PAIR_023_V02,4WE_PAIR_023_V02__OPPONENT,Opponent,T52_S007__HP_PRESSURE,HP_PRESSURE,1,MINIMUM_MULTI_ACTION_ENERGY,EARLY_TURN,TURN_STATE,Force the decision context to turn one.,"['Ascension', 'Quick Attack']",Ascension | Quick Attack,1,2.0,3.0,-1.0,Quick Attack,0.784,0.136,0.648,True,False,0.784,0.136,0.648,Quick Attack,0.0,0.0,0.0,False,False
4WE_PAIR_023_V02,4WE_PAIR_023_V02__OPPONENT,Opponent,T52_S007__HP_PRESSURE,HP_PRESSURE,1,MINIMUM_MULTI_ACTION_ENERGY,LATE_TURN,TURN_STATE,Force the decision context to turn twelve.,"['Ascension', 'Quick Attack']",Ascension | Quick Attack,12,2.0,3.0,-1.0,Quick Attack,0.81,0.13,0.68,True,False,0.784,0.136,0.648,Quick Attack,0.026000000000000023,-0.006000000000000005,0.03200000000000003,False,False
4WE_PAIR_023_V02,4WE_PAIR_023_V02__PLAYER,Player,T52_S007__HP_PRESSURE,HP_PRESSURE,1,MINIMUM_MULTI_ACTION_ENERGY,BASELINE,BASELINE,Preserve the original expanded case exactly.,"['Ascension', 'Quick Attack']",Ascension | Quick Attack,1,2.0,3.0,-1.0,Quick Attack,0.788,0.13,0.658,True,False,0.788,0.13,0.658,Quick Attack,0.0,0.0,0.0,False,False
4WE_PAIR_023_V02,4WE_PAIR_023_V02__PLAYER,Player,T52_S007__HP_PRESSURE,HP_PRESSURE,1,MINIMUM_MULTI_ACTION_ENERGY,LEGAL_SIGNATURE_ASCENSION_ONLY,LEGAL_STRUCTURE,Expose Ascension as the only legal action.,['Ascension'],Ascension,1,2.0,3.0,-1.0,Ascension,0.078,0.622,-0.544,False,True,0.788,0.13,0.658,Quick Attack,-0.7100000000000001,0.492,-1.202,True,True
4WE_PAIR_023_V02,4WE_PAIR_023_V02__PLAYER,Player,T52_S007__HP_PRESSURE,HP_PRESSURE,1,MINIMUM_MULTI_ACTION_ENERGY,LEGAL_SIGNATURE_QUICK_ATTACK_ONLY,LEGAL_STRUCTURE,Expose Quick Attack as the only legal action.,['Quick Attack'],Quick Attack,1,2.0,3.0,-1.0,Ascension,0.192,0.392,-0.2,False,True,0.788,0.13,0.658,Quick Attack,-0.5960000000000001,0.262,-0.8580000000000001,True,True
4WE_PAIR_023_V02,4WE_PAIR_023_V02__PLAYER,Player,T52_S007__HP_PRESSURE,HP_PRESSURE,1,MINIMUM_MULTI_ACTION_ENERGY,LOW_ACTING_ENERGY,ENERGY_STATE,Reduce the acting Pokémon to one attached energy.,"['Ascension', 'Quick Attack']",Ascension | Quick Attack,1,1.0,3.0,-2.0,Quick Attack,0.784,0.134,0.65,True,False,0.788,0.13,0.658,Quick Attack,-0.0040000000000000036,0.0040000000000000036,-0.008000000000000007,False,False
4WE_PAIR_023_V02,4WE_PAIR_023_V02__PLAYER,Player,T52_S007__HP_PRESSURE,HP_PRESSURE,1,MINIMUM_MULTI_ACTION_ENERGY,HIGH_ACTING_ENERGY,ENERGY_STATE,Increase the acting Pokémon to four attached energy.,"['Ascension', 'Quick Attack']",Ascension | Quick Attack,1,4.0,3.0,1.0,Quick Attack,0.802,0.114,0.6880000000000001,True,False,0.788,0.13,0.658,Quick Attack,0.014000000000000012,-0.016,0.030000000000000027,False,False
4WE_PAIR_023_V02,4WE_PAIR_023_V02__PLAYER,Player,T52_S007__HP_PRESSURE,HP_PRESSURE,1,MINIMUM_MULTI_ACTION_ENERGY,ACTING_ENERGY_DISADVANTAGE,ENERGY_STATE,Set acting energy to two and opposing energy to four.,"['Ascension', 'Quick Attack']",Ascension | Quick Attack,1,2.0,4.0,-2.0,Quick Attack,0.788,0.13,0.658,True,False,0.788,0.13,0.658,Quick Attack,0.0,0.0,0.0,False,False
4WE_PAIR_023_V02,4WE_PAIR_023_V02__PLAYER,Player,T52_S007__HP_PRESSURE,HP_PRESSURE,1,MINIMUM_MULTI_ACTION_ENERGY,ACTING_ENERGY_ADVANTAGE,ENERGY_STATE,Set acting energy to four and opposing energy to one.,"['Ascension', 'Quick Attack']",Ascension | Quick Attack,1,4.0,1.0,3.0,Quick Attack,0.796,0.118,0.678,True,False,0.788,0.13,0.658,Quick Attack,0.008000000000000007,-0.01200000000000001,0.020000000000000018,False,False
4WE_PAIR_023_V02,4WE_PAIR_023_V02__PLAYER,Player,T52_S007__HP_PRESSURE,HP_PRESSURE,1,MINIMUM_MULTI_ACTION_ENERGY,EARLY_TURN,TURN_STATE,Force the decision context to turn one.,"['Ascension', 'Quick Attack']",Ascension | Quick Attack,1,2.0,3.0,-1.0,Quick Attack,0.788,0.13,0.658,True,False,0.788,0.13,0.658,Quick Attack,0.0,0.0,0.0,False,False
4WE_PAIR_023_V02,4WE_PAIR_023_V02__PLAYER,Player,T52_S007__HP_PRESSURE,HP_PRESSURE,1,MINIMUM_MULTI_ACTION_ENERGY,LATE_TURN,TURN_STATE,Force the decision context to turn twelve.,"['Ascension', 'Quick Attack']",Ascension | Quick Attack,12,2.0,3.0,-1.0,Quick Attack,0.814,0.124,0.69,True,False,0.788,0.13,0.658,Quick Attack,0.025999999999999912,-0.006000000000000005,0.03199999999999992,False,False
4WE_PAIR_023_V03,4WE_PAIR_023_V03__OPPONENT,Opponent,T52_S007__HP_PRESSURE,HP_PRESSURE,1,SYMMETRIC_TWO_ENERGY,BASELINE,BASELINE,Preserve the original expanded case exactly.,"['Ascension', 'Quick Attack']",Ascension | Quick Attack,1,2.0,2.0,0.0,Quick Attack,0.784,0.136,0.648,True,False,0.784,0.136,0.648,Quick Attack,0.0,0.0,0.0,False,False
4WE_PAIR_023_V03,4WE_PAIR_023_V03__OPPONENT,Opponent,T52_S007__HP_PRESSURE,HP_PRESSURE,1,SYMMETRIC_TWO_ENERGY,LEGAL_SIGNATURE_ASCENSION_ONLY,LEGAL_STRUCTURE,Expose Ascension as the only legal action.,['Ascension'],Ascension,1,2.0,2.0,0.0,Ascension,0.072,0.626,-0.554,False,True,0.784,0.136,0.648,Quick Attack,-0.7120000000000001,0.49,-1.202,True,True
4WE_PAIR_023_V03,4WE_PAIR_023_V03__OPPONENT,Opponent,T52_S007__HP_PRESSURE,HP_PRESSURE,1,SYMMETRIC_TWO_ENERGY,LEGAL_SIGNATURE_QUICK_ATTACK_ONLY,LEGAL_STRUCTURE,Expose Quick Attack as the only legal action.,['Quick Attack'],Quick Attack,1,2.0,2.0,0.0,Ascension,0.186,0.396,-0.21000000000000002,False,True,0.784,0.136,0.648,Quick Attack,-0.5980000000000001,0.26,-0.8580000000000001,True,True
4WE_PAIR_023_V03,4WE_PAIR_023_V03__OPPONENT,Opponent,T52_S007__HP_PRESSURE,HP_PRESSURE,1,SYMMETRIC_TWO_ENERGY,LOW_ACTING_ENERGY,ENERGY_STATE,Reduce the acting Pokémon to one attached energy.,"['Ascension', 'Quick Attack']",Ascension | Quick Attack,1,1.0,2.0,-1.0,Quick Attack,0.782,0.136,0.646,True,False,0.784,0.136,0.648,Quick Attack,-0.0020000000000000018,0.0,-0.0020000000000000018,False,False
4WE_PAIR_023_V03,4WE_PAIR_023_V03__OPPONENT,Opponent,T52_S007__HP_PRESSURE,HP_PRESSURE,1,SYMMETRIC_TWO_ENERGY,HIGH_ACTING_ENERGY,ENERGY_STATE,Increase the acting Pokémon to four attached energy.,"['Ascension', 'Quick Attack']",Ascension | Quick Attack,1,4.0,2.0,2.0,Quick Attack,0.802,0.116,0.686,True,False,0.784,0.136,0.648,Quick Attack,0.018000000000000016,-0.020000000000000004,0.038000000000000034,False,False
4WE_PAIR_023_V03,4WE_PAIR_023_V03__OPPONENT,Opponent,T52_S007__HP_PRESSURE,HP_PRESSURE,1,SYMMETRIC_TWO_ENERGY,ACTING_ENERGY_DISADVANTAGE,ENERGY_STATE,Set acting energy to two and opposing energy to four.,"['Ascension', 'Quick Attack']",Ascension | Quick Attack,1,2.0,4.0,-2.0,Quick Attack,0.784,0.136,0.648,True,False,0.784,0.136,0.648,Quick Attack,0.0,0.0,0.0,False,False
4WE_PAIR_023_V03,4WE_PAIR_023_V03__OPPONENT,Opponent,T52_S007__HP_PRESSURE,HP_PRESSURE,1,SYMMETRIC_TWO_ENERGY,ACTING_ENERGY_ADVANTAGE,ENERGY_STATE,Set acting energy to four and opposing energy to one.,"['Ascension', 'Quick Attack']",Ascension | Quick Attack,1,4.0,1.0,3.0,Quick Attack,0.794,0.124,0.67,True,False,0.784,0.136,0.648,Quick Attack,0.010000000000000009,-0.01200000000000001,0.02200000000000002,False,False
4WE_PAIR_023_V03,4WE_PAIR_023_V03__OPPONENT,Opponent,T52_S007__HP_PRESSURE,HP_PRESSURE,1,SYMMETRIC_TWO_ENERGY,EARLY_TURN,TURN_STATE,Force the decision context to turn one.,"['Ascension', 'Quick Attack']",Ascension | Quick Attack,1,2.0,2.0,0.0,Quick Attack,0.784,0.136,0.648,True,False,0.784,0.136,0.648,Quick Attack,0.0,0.0,0.0,False,False
4WE_PAIR_023_V03,4WE_PAIR_023_V03__OPPONENT,Opponent,T52_S007__HP_PRESSURE,HP_PRESSURE,1,SYMMETRIC_TWO_ENERGY,LATE_TURN,TURN_STATE,Force the decision context to turn twelve.,"['Ascension', 'Quick Attack']",Ascension | Quick Attack,12,2.0,2.0,0.0,Quick Attack,0.81,0.13,0.68,True,False,0.784,0.136,0.648,Quick Attack,0.026000000000000023,-0.006000000000000005,0.03200000000000003,False,False
4WE_PAIR_023_V03,4WE_PAIR_023_V03__PLAYER,Player,T52_S007__HP_PRESSURE,HP_PRESSURE,1,SYMMETRIC_TWO_ENERGY,BASELINE,BASELINE,Preserve the original expanded case exactly.,"['Ascension', 'Quick Attack']",Ascension | Quick Attack,1,2.0,2.0,0.0,Quick Attack,0.788,0.13,0.658,True,False,0.788,0.13,0.658,Quick Attack,0.0,0.0,0.0,False,False
4WE_PAIR_023_V03,4WE_PAIR_023_V03__PLAYER,Player,T52_S007__HP_PRESSURE,HP_PRESSURE,1,SYMMETRIC_TWO_ENERGY,LEGAL_SIGNATURE_ASCENSION_ONLY,LEGAL_STRUCTURE,Expose Ascension as the only legal action.,['Ascension'],Ascension,1,2.0,2.0,0.0,Ascension,0.076,0.624,-0.548,False,True,0.788,0.13,0.658,Quick Attack,-0.7120000000000001,0.494,-1.206,True,True
4WE_PAIR_023_V03,4WE_PAIR_023_V03__PLAYER,Player,T52_S007__HP_PRESSURE,HP_PRESSURE,1,SYMMETRIC_TWO_ENERGY,LEGAL_SIGNATURE_QUICK_ATTACK_ONLY,LEGAL_STRUCTURE,Expose Quick Attack as the only legal action.,['Quick Attack'],Quick Attack,1,2.0,2.0,0.0,Ascension,0.19,0.394,-0.20400000000000001,False,True,0.788,0.13,0.658,Quick Attack,-0.5980000000000001,0.264,-0.8620000000000001,True,True
4WE_PAIR_023_V03,4WE_PAIR_023_V03__PLAYER,Player,T52_S007__HP_PRESSURE,HP_PRESSURE,1,SYMMETRIC_TWO_ENERGY,LOW_ACTING_ENERGY,ENERGY_STATE,Reduce the acting Pokémon to one attached energy.,"['Ascension', 'Quick Attack']",Ascension | Quick Attack,1,1.0,2.0,-1.0,Quick Attack,0.784,0.134,0.65,True,False,0.788,0.13,0.658,Quick Attack,-0.0040000000000000036,0.0040000000000000036,-0.008000000000000007,False,False
4WE_PAIR_023_V03,4WE_PAIR_023_V03__PLAYER,Player,T52_S007__HP_PRESSURE,HP_PRESSURE,1,SYMMETRIC_TWO_ENERGY,HIGH_ACTING_ENERGY,ENERGY_STATE,Increase the acting Pokémon to four attached energy.,"['Ascension', 'Quick Attack']",Ascension | Quick Attack,1,4.0,2.0,2.0,Quick Attack,0.802,0.114,0.6880000000000001,True,False,0.788,0.13,0.658,Quick Attack,0.014000000000000012,-0.016,0.030000000000000027,False,False
4WE_PAIR_023_V03,4WE_PAIR_023_V03__PLAYER,Player,T52_S007__HP_PRESSURE,HP_PRESSURE,1,SYMMETRIC_TWO_ENERGY,ACTING_ENERGY_DISADVANTAGE,ENERGY_STATE,Set acting energy to two and opposing energy to four.,"['Ascension', 'Quick Attack']",Ascension | Quick Attack,1,2.0,4.0,-2.0,Quick Attack,0.788,0.13,0.658,True,False,0.788,0.13,0.658,Quick Attack,0.0,0.0,0.0,False,False
4WE_PAIR_023_V03,4WE_PAIR_023_V03__PLAYER,Player,T52_S007__HP_PRESSURE,HP_PRESSURE,1,SYMMETRIC_TWO_ENERGY,ACTING_ENERGY_ADVANTAGE,ENERGY_STATE,Set acting energy to four and opposing energy to one.,"['Ascension', 'Quick Attack']",Ascension | Quick Attack,1,4.0,1.0,3.0,Quick Attack,0.796,0.118,0.678,True,False,0.788,0.13,0.658,Quick Attack,0.008000000000000007,-0.01200000000000001,0.020000000000000018,False,False
4WE_PAIR_023_V03,4WE_PAIR_023_V03__PLAYER,Player,T52_S007__HP_PRESSURE,HP_PRESSURE,1,SYMMETRIC_TWO_ENERGY,EARLY_TURN,TURN_STATE,Force the decision context to turn one.,"['Ascension', 'Quick Attack']",Ascension | Quick Attack,1,2.0,2.0,0.0,Quick Attack,0.788,0.13,0.658,True,False,0.788,0.13,0.658,Quick Attack,0.0,0.0,0.0,False,False
4WE_PAIR_023_V03,4WE_PAIR_023_V03__PLAYER,Player,T52_S007__HP_PRESSURE,HP_PRESSURE,1,SYMMETRIC_TWO_ENERGY,LATE_TURN,TURN_STATE,Force the decision context to turn twelve.,"['Ascension', 'Quick Attack']",Ascension | Quick Attack,12,2.0,2.0,0.0,Quick Attack,0.814,0.124,0.69,True,False,0.788,0.13,0.658,Quick Attack,0.025999999999999912,-0.006000000000000005,0.03199999999999992,False,False
4WE_PAIR_023_V04,4WE_PAIR_023_V04__OPPONENT,Opponent,T52_S007__HP_PRESSURE,HP_PRESSURE,1,EEVEE_ENERGY_ADVANTAGE,BASELINE,BASELINE,Preserve the original expanded case exactly.,"['Ascension', 'Quick Attack']",Ascension | Quick Attack,1,3.0,2.0,1.0,Quick Attack,0.802,0.116,0.686,True,False,0.802,0.116,0.686,Quick Attack,0.0,0.0,0.0,False,False
4WE_PAIR_023_V04,4WE_PAIR_023_V04__OPPONENT,Opponent,T52_S007__HP_PRESSURE,HP_PRESSURE,1,EEVEE_ENERGY_ADVANTAGE,LEGAL_SIGNATURE_ASCENSION_ONLY,LEGAL_STRUCTURE,Expose Ascension as the only legal action.,['Ascension'],Ascension,1,3.0,2.0,1.0,Ascension,0.088,0.604,-0.516,False,True,0.802,0.116,0.686,Quick Attack,-0.7140000000000001,0.488,-1.202,True,True
4WE_PAIR_023_V04,4WE_PAIR_023_V04__OPPONENT,Opponent,T52_S007__HP_PRESSURE,HP_PRESSURE,1,EEVEE_ENERGY_ADVANTAGE,LEGAL_SIGNATURE_QUICK_ATTACK_ONLY,LEGAL_STRUCTURE,Expose Quick Attack as the only legal action.,['Quick Attack'],Quick Attack,1,3.0,2.0,1.0,Ascension,0.204,0.376,-0.17200000000000001,False,True,0.802,0.116,0.686,Quick Attack,-0.5980000000000001,0.26,-0.8580000000000001,True,True
4WE_PAIR_023_V04,4WE_PAIR_023_V04__OPPONENT,Opponent,T52_S007__HP_PRESSURE,HP_PRESSURE,1,EEVEE_ENERGY_ADVANTAGE,LOW_ACTING_ENERGY,ENERGY_STATE,Reduce the acting Pokémon to one attached energy.,"['Ascension', 'Quick Attack']",Ascension | Quick Attack,1,1.0,2.0,-1.0,Quick Attack,0.782,0.136,0.646,True,False,0.802,0.116,0.686,Quick Attack,-0.020000000000000018,0.020000000000000004,-0.040000000000000036,False,False
4WE_PAIR_023_V04,4WE_PAIR_023_V04__OPPONENT,Opponent,T52_S007__HP_PRESSURE,HP_PRESSURE,1,EEVEE_ENERGY_ADVANTAGE,HIGH_ACTING_ENERGY,ENERGY_STATE,Increase the acting Pokémon to four attached energy.,"['Ascension', 'Quick Attack']",Ascension | Quick Attack,1,4.0,2.0,2.0,Quick Attack,0.802,0.116,0.686,True,False,0.802,0.116,0.686,Quick Attack,0.0,0.0,0.0,False,False
4WE_PAIR_023_V04,4WE_PAIR_023_V04__OPPONENT,Opponent,T52_S007__HP_PRESSURE,HP_PRESSURE,1,EEVEE_ENERGY_ADVANTAGE,ACTING_ENERGY_DISADVANTAGE,ENERGY_STATE,Set acting energy to two and opposing energy to four.,"['Ascension', 'Quick Attack']",Ascension | Quick Attack,1,2.0,4.0,-2.0,Quick Attack,0.784,0.136,0.648,True,False,0.802,0.116,0.686,Quick Attack,-0.018000000000000016,0.020000000000000004,-0.038000000000000034,False,False
4WE_PAIR_023_V04,4WE_PAIR_023_V04__OPPONENT,Opponent,T52_S007__HP_PRESSURE,HP_PRESSURE,1,EEVEE_ENERGY_ADVANTAGE,ACTING_ENERGY_ADVANTAGE,ENERGY_STATE,Set acting energy to four and opposing energy to one.,"['Ascension', 'Quick Attack']",Ascension | Quick Attack,1,4.0,1.0,3.0,Quick Attack,0.794,0.124,0.67,True,False,0.802,0.116,0.686,Quick Attack,-0.008000000000000007,0.007999999999999993,-0.016000000000000014,False,False
4WE_PAIR_023_V04,4WE_PAIR_023_V04__OPPONENT,Opponent,T52_S007__HP_PRESSURE,HP_PRESSURE,1,EEVEE_ENERGY_ADVANTAGE,EARLY_TURN,TURN_STATE,Force the decision context to turn one.,"['Ascension', 'Quick Attack']",Ascension | Quick Attack,1,3.0,2.0,1.0,Quick Attack,0.802,0.116,0.686,True,False,0.802,0.116,0.686,Quick Attack,0.0,0.0,0.0,False,False
4WE_PAIR_023_V04,4WE_PAIR_023_V04__OPPONENT,Opponent,T52_S007__HP_PRESSURE,HP_PRESSURE,1,EEVEE_ENERGY_ADVANTAGE,LATE_TURN,TURN_STATE,Force the decision context to turn twelve.,"['Ascension', 'Quick Attack']",Ascension | Quick Attack,12,3.0,2.0,1.0,Quick Attack,0.828,0.11,0.718,True,False,0.802,0.116,0.686,Quick Attack,0.025999999999999912,-0.006000000000000005,0.03199999999999992,False,False
4WE_PAIR_023_V04,4WE_PAIR_023_V04__PLAYER,Player,T52_S007__HP_PRESSURE,HP_PRESSURE,1,EEVEE_ENERGY_ADVANTAGE,BASELINE,BASELINE,Preserve the original expanded case exactly.,"['Ascension', 'Quick Attack']",Ascension | Quick Attack,1,3.0,2.0,1.0,Quick Attack,0.802,0.114,0.6880000000000001,True,False,0.802,0.114,0.6880000000000001,Quick Attack,0.0,0.0,0.0,False,False
4WE_PAIR_023_V04,4WE_PAIR_023_V04__PLAYER,Player,T52_S007__HP_PRESSURE,HP_PRESSURE,1,EEVEE_ENERGY_ADVANTAGE,LEGAL_SIGNATURE_ASCENSION_ONLY,LEGAL_STRUCTURE,Expose Ascension as the only legal action.,['Ascension'],Ascension,1,3.0,2.0,1.0,Ascension,0.086,0.608,-0.522,False,True,0.802,0.114,0.6880000000000001,Quick Attack,-0.7160000000000001,0.494,-1.21,True,True
4WE_PAIR_023_V04,4WE_PAIR_023_V04__PLAYER,Player,T52_S007__HP_PRESSURE,HP_PRESSURE,1,EEVEE_ENERGY_ADVANTAGE,LEGAL_SIGNATURE_QUICK_ATTACK_ONLY,LEGAL_STRUCTURE,Expose Quick Attack as the only legal action.,['Quick Attack'],Quick Attack,1,3.0,2.0,1.0,Ascension,0.202,0.38,-0.178,False,True,0.802,0.114,0.6880000000000001,Quick Attack,-0.6000000000000001,0.266,-0.8660000000000001,True,True
4WE_PAIR_023_V04,4WE_PAIR_023_V04__PLAYER,Player,T52_S007__HP_PRESSURE,HP_PRESSURE,1,EEVEE_ENERGY_ADVANTAGE,LOW_ACTING_ENERGY,ENERGY_STATE,Reduce the acting Pokémon to one attached energy.,"['Ascension', 'Quick Attack']",Ascension | Quick Attack,1,1.0,2.0,-1.0,Quick Attack,0.784,0.134,0.65,True,False,0.802,0.114,0.6880000000000001,Quick Attack,-0.018000000000000016,0.020000000000000004,-0.038000000000000034,False,False
4WE_PAIR_023_V04,4WE_PAIR_023_V04__PLAYER,Player,T52_S007__HP_PRESSURE,HP_PRESSURE,1,EEVEE_ENERGY_ADVANTAGE,HIGH_ACTING_ENERGY,ENERGY_STATE,Increase the acting Pokémon to four attached energy.,"['Ascension', 'Quick Attack']",Ascension | Quick Attack,1,4.0,2.0,2.0,Quick Attack,0.802,0.114,0.6880000000000001,True,False,0.802,0.114,0.6880000000000001,Quick Attack,0.0,0.0,0.0,False,False
4WE_PAIR_023_V04,4WE_PAIR_023_V04__PLAYER,Player,T52_S007__HP_PRESSURE,HP_PRESSURE,1,EEVEE_ENERGY_ADVANTAGE,ACTING_ENERGY_DISADVANTAGE,ENERGY_STATE,Set acting energy to two and opposing energy to four.,"['Ascension', 'Quick Attack']",Ascension | Quick Attack,1,2.0,4.0,-2.0,Quick Attack,0.788,0.13,0.658,True,False,0.802,0.114,0.6880000000000001,Quick Attack,-0.014000000000000012,0.016,-0.030000000000000027,False,False
4WE_PAIR_023_V04,4WE_PAIR_023_V04__PLAYER,Player,T52_S007__HP_PRESSURE,HP_PRESSURE,1,EEVEE_ENERGY_ADVANTAGE,ACTING_ENERGY_ADVANTAGE,ENERGY_STATE,Set acting energy to four and opposing energy to one.,"['Ascension', 'Quick Attack']",Ascension | Quick Attack,1,4.0,1.0,3.0,Quick Attack,0.796,0.118,0.678,True,False,0.802,0.114,0.6880000000000001,Quick Attack,-0.006000000000000005,0.00399999999999999,-0.010000000000000009,False,False
4WE_PAIR_023_V04,4WE_PAIR_023_V04__PLAYER,Player,T52_S007__HP_PRESSURE,HP_PRESSURE,1,EEVEE_ENERGY_ADVANTAGE,EARLY_TURN,TURN_STATE,Force the decision context to turn one.,"['Ascension', 'Quick Attack']",Ascension | Quick Attack,1,3.0,2.0,1.0,Quick Attack,0.802,0.114,0.6880000000000001,True,False,0.802,0.114,0.6880000000000001,Quick Attack,0.0,0.0,0.0,False,False
4WE_PAIR_023_V04,4WE_PAIR_023_V04__PLAYER,Player,T52_S007__HP_PRESSURE,HP_PRESSURE,1,EEVEE_ENERGY_ADVANTAGE,LATE_TURN,TURN_STATE,Force the decision context to turn twelve.,"['Ascension', 'Quick Attack']",Ascension | Quick Attack,12,3.0,2.0,1.0,Quick Attack,0.828,0.108,0.72,True,False,0.802,0.114,0.6880000000000001,Quick Attack,0.025999999999999912,-0.006000000000000005,0.03199999999999992,False,False
