card_name,move_name,damage,source_records,unique_source_files,maximum_source_priority,source_files,damage_conflict,all_damage_values,is_existing_benchmark_move,trusted_source_available,source_agreement_sufficient,fixed_damage_supported,candidate_eligible,candidate_type
Bulbasaur,[0.28 0.2 1. 0. 0. 0. 0. 1.73],46.0,1,1,10,"[""D:\\02_AI_and_Data\\Kaggle-AI-Agents\\PTCG_AI_Battle_Challenge\\data\\competitive\\actor_relative_search_expert_dataset.parquet""]",False,[46.0],False,True,True,True,True,ADDITIONAL_SOURCE_BACKED_MOVE
Bulbasaur,"[0.28, 0.2, 1.0, 0.0, 0.0, 0.0, 0.0, 1.73]",46.0,1,1,10,"[""D:\\02_AI_and_Data\\Kaggle-AI-Agents\\PTCG_AI_Battle_Challenge\\data\\competitive\\actor_relative_search_expert_dataset.jsonl""]",False,[46.0],False,True,True,True,True,ADDITIONAL_SOURCE_BACKED_MOVE
Bulbasaur,[0.12 0.1 0. 0. 0. 0. 0. 0.52],30.0,1,1,10,"[""D:\\02_AI_and_Data\\Kaggle-AI-Agents\\PTCG_AI_Battle_Challenge\\data\\competitive\\actor_relative_search_expert_dataset.parquet""]",False,[30.0],False,True,True,True,True,ADDITIONAL_SOURCE_BACKED_MOVE
Bulbasaur,"[0.12, 0.1, 0.0, 0.0, 0.0, 0.0, 0.0, 0.52]",30.0,1,1,10,"[""D:\\02_AI_and_Data\\Kaggle-AI-Agents\\PTCG_AI_Battle_Challenge\\data\\competitive\\actor_relative_search_expert_dataset.jsonl""]",False,[30.0],False,True,True,True,True,ADDITIONAL_SOURCE_BACKED_MOVE
Bulbasaur,[0.28 0.2 0. 0. 0. 0. 0. 0.73],30.0,1,1,10,"[""D:\\02_AI_and_Data\\Kaggle-AI-Agents\\PTCG_AI_Battle_Challenge\\data\\competitive\\actor_relative_search_expert_dataset.parquet""]",False,[30.0],False,True,True,True,True,ADDITIONAL_SOURCE_BACKED_MOVE
Bulbasaur,"[0.28, 0.2, 0.0, 0.0, 0.0, 0.0, 0.0, 0.73]",30.0,1,1,10,"[""D:\\02_AI_and_Data\\Kaggle-AI-Agents\\PTCG_AI_Battle_Challenge\\data\\competitive\\actor_relative_search_expert_dataset.jsonl""]",False,[30.0],False,True,True,True,True,ADDITIONAL_SOURCE_BACKED_MOVE
Bulbasaur,[0.12 0.1 1. 0. 0. 0. 0. 1.52],28.0,1,1,10,"[""D:\\02_AI_and_Data\\Kaggle-AI-Agents\\PTCG_AI_Battle_Challenge\\data\\competitive\\actor_relative_search_expert_dataset.parquet""]",False,[28.0],False,True,True,True,True,ADDITIONAL_SOURCE_BACKED_MOVE
Bulbasaur,"[0.12, 0.1, 1.0, 0.0, 0.0, 0.0, 0.0, 1.52]",28.0,1,1,10,"[""D:\\02_AI_and_Data\\Kaggle-AI-Agents\\PTCG_AI_Battle_Challenge\\data\\competitive\\actor_relative_search_expert_dataset.jsonl""]",False,[28.0],False,True,True,True,True,ADDITIONAL_SOURCE_BACKED_MOVE
Bulbasaur,Bind Down,10.0,6,6,-5,"[""D:\\02_AI_and_Data\\Kaggle-AI-Agents\\PTCG_AI_Battle_Challenge\\reports\\notebook52\\section5\\section5b_expanded_turn_results.csv"", ""D:\\02_AI_and_Data\\Kaggle-AI-Agents\\PTCG_AI_Battle_Challenge\\reports\\notebook53\\section6\\section6e_tournament_replay_turns.csv"", ""D:\\02_AI_and_Data\\Kaggle-AI-Agents\\PTCG_AI_Battle_Challenge\\reports\\notebook54\\section4\\section4a_preferred_move_catalog.csv"", ""D:\\02_AI_and_Data\\Kaggle-AI-Agents\\PTCG_AI_Battle_Challenge\\reports\\notebook54\\section4\\section4a_safe_action_catalog.csv"", ""D:\\02_AI_and_Data\\Kaggle-AI-Agents\\PTCG_AI_Battle_Challenge\\reports\\notebook54\\section4\\section4a_simulator_supported_move_records.csv"", ""D:\\02_AI_and_Data\\Kaggle-AI-Agents\\PTCG_AI_Battle_Challenge\\reports\\notebook54\\section4\\section4r_verified_attack_energy_readiness.csv""]",True,"[1.0, 2.0, 10.0]",True,False,True,True,False,CURRENT_BENCHMARK_MOVE
Bulbasaur,151,103.0,1,1,-5,"[""D:\\02_AI_and_Data\\Kaggle-AI-Agents\\PTCG_AI_Battle_Challenge\\reports\\notebook54\\section4\\section4a_candidate_move_validation_summary.json""]",False,[103.0],False,False,True,True,False,REQUIRES_MANUAL_REVIEW
Bulbasaur,0.28 0.2 1. 0. 0. 0. 0. 1.73,46.0,14,11,-2,"[""D:\\02_AI_and_Data\\Kaggle-AI-Agents\\PTCG_AI_Battle_Challenge\\reports\\notebook54\\section3\\section3b_discovered_move_records.csv"", ""D:\\02_AI_and_Data\\Kaggle-AI-Agents\\PTCG_AI_Battle_Challenge\\reports\\notebook54\\section4\\section4a_additional_source_backed_moves.csv"", ""D:\\02_AI_and_Data\\Kaggle-AI-Agents\\PTCG_AI_Battle_Challenge\\reports\\notebook54\\section4\\section4a_move_records_manual_review.csv"", ""D:\\02_AI_and_Data\\Kaggle-AI-Agents\\PTCG_AI_Battle_Challenge\\reports\\notebook54\\section4\\section4a_preferred_move_catalog.csv"", ""D:\\02_AI_and_Data\\Kaggle-AI-Agents\\PTCG_AI_Battle_Challenge\\reports\\notebook54\\section4\\section4a_safe_action_catalog.csv"", ""D:\\02_AI_and_Data\\Kaggle-AI-Agents\\PTCG_AI_Battle_Challenge\\reports\\notebook54\\section4\\section4a_simulator_supported_move_records.csv"", ""D:\\02_AI_and_Data\\Kaggle-AI-Agents\\PTCG_AI_Battle_Challenge\\reports\\notebook54\\section4\\section4a_tournament_card_move_records.csv"", ""D:\\02_AI_and_Data\\Kaggle-AI-Agents\\PTCG_AI_Battle_Challenge\\reports\\notebook54\\section4\\section4b_candidate_transition_results.csv"", ""D:\\02_AI_and_Data\\Kaggle-AI-Agents\\PTCG_AI_Battle_Challenge\\reports\\notebook54\\section4\\section4b_transition_validated_candidate_catalog.csv"", ""D:\\02_AI_and_Data\\Kaggle-AI-Agents\\PTCG_AI_Battle_Challenge\\reports\\notebook54\\section4\\section4c_candidate_provenance_audit.csv"", ""D:\\02_AI_and_Data\\Kaggle-AI-Agents\\PTCG_AI_Battle_Challenge\\reports\\notebook54\\section4\\section4c_rejected_false_candidates.csv""]",True,"[1.0, 2.0, 46.0]",False,False,True,True,False,REQUIRES_MANUAL_REVIEW
Bulbasaur,1.0,46.0,9,9,-5,"[""D:\\02_AI_and_Data\\Kaggle-AI-Agents\\PTCG_AI_Battle_Challenge\\reports\\notebook54\\section4\\section4a_additional_source_backed_moves.csv"", ""D:\\02_AI_and_Data\\Kaggle-AI-Agents\\PTCG_AI_Battle_Challenge\\reports\\notebook54\\section4\\section4a_move_records_manual_review.csv"", ""D:\\02_AI_and_Data\\Kaggle-AI-Agents\\PTCG_AI_Battle_Challenge\\reports\\notebook54\\section4\\section4a_preferred_move_catalog.csv"", ""D:\\02_AI_and_Data\\Kaggle-AI-Agents\\PTCG_AI_Battle_Challenge\\reports\\notebook54\\section4\\section4a_safe_action_catalog.csv"", ""D:\\02_AI_and_Data\\Kaggle-AI-Agents\\PTCG_AI_Battle_Challenge\\reports\\notebook54\\section4\\section4a_simulator_supported_move_records.csv"", ""D:\\02_AI_and_Data\\Kaggle-AI-Agents\\PTCG_AI_Battle_Challenge\\reports\\notebook54\\section4\\section4b_candidate_transition_results.csv"", ""D:\\02_AI_and_Data\\Kaggle-AI-Agents\\PTCG_AI_Battle_Challenge\\reports\\notebook54\\section4\\section4b_transition_validated_candidate_catalog.csv"", ""D:\\02_AI_and_Data\\Kaggle-AI-Agents\\PTCG_AI_Battle_Challenge\\reports\\notebook54\\section4\\section4c_candidate_provenance_audit.csv"", ""D:\\02_AI_and_Data\\Kaggle-AI-Agents\\PTCG_AI_Battle_Challenge\\reports\\notebook54\\section4\\section4c_rejected_false_candidates.csv""]",True,"[1.0, 3.0, 46.0]",False,False,True,True,False,REQUIRES_MANUAL_REVIEW
Bulbasaur,1.73,46.0,11,11,-2,"[""D:\\02_AI_and_Data\\Kaggle-AI-Agents\\PTCG_AI_Battle_Challenge\\reports\\notebook54\\section3\\section3b_discovered_move_records.csv"", ""D:\\02_AI_and_Data\\Kaggle-AI-Agents\\PTCG_AI_Battle_Challenge\\reports\\notebook54\\section4\\section4a_additional_source_backed_moves.csv"", ""D:\\02_AI_and_Data\\Kaggle-AI-Agents\\PTCG_AI_Battle_Challenge\\reports\\notebook54\\section4\\section4a_move_records_manual_review.csv"", ""D:\\02_AI_and_Data\\Kaggle-AI-Agents\\PTCG_AI_Battle_Challenge\\reports\\notebook54\\section4\\section4a_preferred_move_catalog.csv"", ""D:\\02_AI_and_Data\\Kaggle-AI-Agents\\PTCG_AI_Battle_Challenge\\reports\\notebook54\\section4\\section4a_safe_action_catalog.csv"", ""D:\\02_AI_and_Data\\Kaggle-AI-Agents\\PTCG_AI_Battle_Challenge\\reports\\notebook54\\section4\\section4a_simulator_supported_move_records.csv"", ""D:\\02_AI_and_Data\\Kaggle-AI-Agents\\PTCG_AI_Battle_Challenge\\reports\\notebook54\\section4\\section4a_tournament_card_move_records.csv"", ""D:\\02_AI_and_Data\\Kaggle-AI-Agents\\PTCG_AI_Battle_Challenge\\reports\\notebook54\\section4\\section4b_candidate_transition_results.csv"", ""D:\\02_AI_and_Data\\Kaggle-AI-Agents\\PTCG_AI_Battle_Challenge\\reports\\notebook54\\section4\\section4b_transition_validated_candidate_catalog.csv"", ""D:\\02_AI_and_Data\\Kaggle-AI-Agents\\PTCG_AI_Battle_Challenge\\reports\\notebook54\\section4\\section4c_candidate_provenance_audit.csv"", ""D:\\02_AI_and_Data\\Kaggle-AI-Agents\\PTCG_AI_Battle_Challenge\\reports\\notebook54\\section4\\section4c_rejected_false_candidates.csv""]",True,"[1.0, 2.0, 46.0]",False,False,True,True,False,REQUIRES_MANUAL_REVIEW
Bulbasaur,21,46.0,6,6,-2,"[""D:\\02_AI_and_Data\\Kaggle-AI-Agents\\PTCG_AI_Battle_Challenge\\reports\\notebook54\\section3\\section3b_discovered_move_records.csv"", ""D:\\02_AI_and_Data\\Kaggle-AI-Agents\\PTCG_AI_Battle_Challenge\\reports\\notebook54\\section4\\section4a_move_records_manual_review.csv"", ""D:\\02_AI_and_Data\\Kaggle-AI-Agents\\PTCG_AI_Battle_Challenge\\reports\\notebook54\\section4\\section4a_move_source_agreement.csv"", ""D:\\02_AI_and_Data\\Kaggle-AI-Agents\\PTCG_AI_Battle_Challenge\\reports\\notebook54\\section4\\section4a_preferred_move_catalog.csv"", ""D:\\02_AI_and_Data\\Kaggle-AI-Agents\\PTCG_AI_Battle_Challenge\\reports\\notebook54\\section4\\section4a_simulator_supported_move_records.csv"", ""D:\\02_AI_and_Data\\Kaggle-AI-Agents\\PTCG_AI_Battle_Challenge\\reports\\notebook54\\section4\\section4a_tournament_card_move_records.csv""]",True,"[1.0, 46.0]",False,False,True,True,False,REQUIRES_MANUAL_REVIEW
Bulbasaur,39,46.0,1,1,-2,"[""D:\\02_AI_and_Data\\Kaggle-AI-Agents\\PTCG_AI_Battle_Challenge\\reports\\notebook54\\section4\\section4a_card_candidate_profile.csv""]",False,[46.0],False,False,True,True,False,REQUIRES_MANUAL_REVIEW
Bulbasaur,0.0,30.0,4,4,-2,"[""D:\\02_AI_and_Data\\Kaggle-AI-Agents\\PTCG_AI_Battle_Challenge\\reports\\notebook54\\section3\\section3b_discovered_move_records.csv"", ""D:\\02_AI_and_Data\\Kaggle-AI-Agents\\PTCG_AI_Battle_Challenge\\reports\\notebook54\\section4\\section4a_move_records_manual_review.csv"", ""D:\\02_AI_and_Data\\Kaggle-AI-Agents\\PTCG_AI_Battle_Challenge\\reports\\notebook54\\section4\\section4a_simulator_supported_move_records.csv"", ""D:\\02_AI_and_Data\\Kaggle-AI-Agents\\PTCG_AI_Battle_Challenge\\reports\\notebook54\\section4\\section4a_tournament_card_move_records.csv""]",True,"[1.0, 3.0, 30.0, 46.0]",False,False,True,True,False,REQUIRES_MANUAL_REVIEW
Bulbasaur,0.1,30.0,11,11,-2,"[""D:\\02_AI_and_Data\\Kaggle-AI-Agents\\PTCG_AI_Battle_Challenge\\reports\\notebook54\\section3\\section3b_discovered_move_records.csv"", ""D:\\02_AI_and_Data\\Kaggle-AI-Agents\\PTCG_AI_Battle_Challenge\\reports\\notebook54\\section4\\section4a_additional_source_backed_moves.csv"", ""D:\\02_AI_and_Data\\Kaggle-AI-Agents\\PTCG_AI_Battle_Challenge\\reports\\notebook54\\section4\\section4a_move_records_manual_review.csv"", ""D:\\02_AI_and_Data\\Kaggle-AI-Agents\\PTCG_AI_Battle_Challenge\\reports\\notebook54\\section4\\section4a_preferred_move_catalog.csv"", ""D:\\02_AI_and_Data\\Kaggle-AI-Agents\\PTCG_AI_Battle_Challenge\\reports\\notebook54\\section4\\section4a_safe_action_catalog.csv"", ""D:\\02_AI_and_Data\\Kaggle-AI-Agents\\PTCG_AI_Battle_Challenge\\reports\\notebook54\\section4\\section4a_simulator_supported_move_records.csv"", ""D:\\02_AI_and_Data\\Kaggle-AI-Agents\\PTCG_AI_Battle_Challenge\\reports\\notebook54\\section4\\section4a_tournament_card_move_records.csv"", ""D:\\02_AI_and_Data\\Kaggle-AI-Agents\\PTCG_AI_Battle_Challenge\\reports\\notebook54\\section4\\section4b_candidate_transition_results.csv"", ""D:\\02_AI_and_Data\\Kaggle-AI-Agents\\PTCG_AI_Battle_Challenge\\reports\\notebook54\\section4\\section4b_transition_validated_candidate_catalog.csv"", ""D:\\02_AI_and_Data\\Kaggle-AI-Agents\\PTCG_AI_Battle_Challenge\\reports\\notebook54\\section4\\section4c_candidate_provenance_audit.csv"", ""D:\\02_AI_and_Data\\Kaggle-AI-Agents\\PTCG_AI_Battle_Challenge\\reports\\notebook54\\section4\\section4c_rejected_false_candidates.csv""]",True,"[1.0, 2.0, 30.0]",False,False,True,True,False,REQUIRES_MANUAL_REVIEW
Bulbasaur,0.12,30.0,11,11,-2,"[""D:\\02_AI_and_Data\\Kaggle-AI-Agents\\PTCG_AI_Battle_Challenge\\reports\\notebook54\\section3\\section3b_discovered_move_records.csv"", ""D:\\02_AI_and_Data\\Kaggle-AI-Agents\\PTCG_AI_Battle_Challenge\\reports\\notebook54\\section4\\section4a_additional_source_backed_moves.csv"", ""D:\\02_AI_and_Data\\Kaggle-AI-Agents\\PTCG_AI_Battle_Challenge\\reports\\notebook54\\section4\\section4a_move_records_manual_review.csv"", ""D:\\02_AI_and_Data\\Kaggle-AI-Agents\\PTCG_AI_Battle_Challenge\\reports\\notebook54\\section4\\section4a_preferred_move_catalog.csv"", ""D:\\02_AI_and_Data\\Kaggle-AI-Agents\\PTCG_AI_Battle_Challenge\\reports\\notebook54\\section4\\section4a_safe_action_catalog.csv"", ""D:\\02_AI_and_Data\\Kaggle-AI-Agents\\PTCG_AI_Battle_Challenge\\reports\\notebook54\\section4\\section4a_simulator_supported_move_records.csv"", ""D:\\02_AI_and_Data\\Kaggle-AI-Agents\\PTCG_AI_Battle_Challenge\\reports\\notebook54\\section4\\section4a_tournament_card_move_records.csv"", ""D:\\02_AI_and_Data\\Kaggle-AI-Agents\\PTCG_AI_Battle_Challenge\\reports\\notebook54\\section4\\section4b_candidate_transition_results.csv"", ""D:\\02_AI_and_Data\\Kaggle-AI-Agents\\PTCG_AI_Battle_Challenge\\reports\\notebook54\\section4\\section4b_transition_validated_candidate_catalog.csv"", ""D:\\02_AI_and_Data\\Kaggle-AI-Agents\\PTCG_AI_Battle_Challenge\\reports\\notebook54\\section4\\section4c_candidate_provenance_audit.csv"", ""D:\\02_AI_and_Data\\Kaggle-AI-Agents\\PTCG_AI_Battle_Challenge\\reports\\notebook54\\section4\\section4c_rejected_false_candidates.csv""]",True,"[1.0, 2.0, 30.0]",False,False,True,True,False,REQUIRES_MANUAL_REVIEW
Bulbasaur,0.12 0.1 0. 0. 0. 0. 0. 0.52,30.0,14,11,-2,"[""D:\\02_AI_and_Data\\Kaggle-AI-Agents\\PTCG_AI_Battle_Challenge\\reports\\notebook54\\section3\\section3b_discovered_move_records.csv"", ""D:\\02_AI_and_Data\\Kaggle-AI-Agents\\PTCG_AI_Battle_Challenge\\reports\\notebook54\\section4\\section4a_additional_source_backed_moves.csv"", ""D:\\02_AI_and_Data\\Kaggle-AI-Agents\\PTCG_AI_Battle_Challenge\\reports\\notebook54\\section4\\section4a_move_records_manual_review.csv"", ""D:\\02_AI_and_Data\\Kaggle-AI-Agents\\PTCG_AI_Battle_Challenge\\reports\\notebook54\\section4\\section4a_preferred_move_catalog.csv"", ""D:\\02_AI_and_Data\\Kaggle-AI-Agents\\PTCG_AI_Battle_Challenge\\reports\\notebook54\\section4\\section4a_safe_action_catalog.csv"", ""D:\\02_AI_and_Data\\Kaggle-AI-Agents\\PTCG_AI_Battle_Challenge\\reports\\notebook54\\section4\\section4a_simulator_supported_move_records.csv"", ""D:\\02_AI_and_Data\\Kaggle-AI-Agents\\PTCG_AI_Battle_Challenge\\reports\\notebook54\\section4\\section4a_tournament_card_move_records.csv"", ""D:\\02_AI_and_Data\\Kaggle-AI-Agents\\PTCG_AI_Battle_Challenge\\reports\\notebook54\\section4\\section4b_candidate_transition_results.csv"", ""D:\\02_AI_and_Data\\Kaggle-AI-Agents\\PTCG_AI_Battle_Challenge\\reports\\notebook54\\section4\\section4b_transition_validated_candidate_catalog.csv"", ""D:\\02_AI_and_Data\\Kaggle-AI-Agents\\PTCG_AI_Battle_Challenge\\reports\\notebook54\\section4\\section4c_candidate_provenance_audit.csv"", ""D:\\02_AI_and_Data\\Kaggle-AI-Agents\\PTCG_AI_Battle_Challenge\\reports\\notebook54\\section4\\section4c_rejected_false_candidates.csv""]",True,"[1.0, 2.0, 30.0]",False,False,True,True,False,REQUIRES_MANUAL_REVIEW
Bulbasaur,0.2,30.0,4,4,-2,"[""D:\\02_AI_and_Data\\Kaggle-AI-Agents\\PTCG_AI_Battle_Challenge\\reports\\notebook54\\section3\\section3b_discovered_move_records.csv"", ""D:\\02_AI_and_Data\\Kaggle-AI-Agents\\PTCG_AI_Battle_Challenge\\reports\\notebook54\\section4\\section4a_move_records_manual_review.csv"", ""D:\\02_AI_and_Data\\Kaggle-AI-Agents\\PTCG_AI_Battle_Challenge\\reports\\notebook54\\section4\\section4a_simulator_supported_move_records.csv"", ""D:\\02_AI_and_Data\\Kaggle-AI-Agents\\PTCG_AI_Battle_Challenge\\reports\\notebook54\\section4\\section4a_tournament_card_move_records.csv""]",True,"[1.0, 3.0, 30.0, 46.0]",False,False,True,True,False,REQUIRES_MANUAL_REVIEW
Bulbasaur,0.28,30.0,4,4,-2,"[""D:\\02_AI_and_Data\\Kaggle-AI-Agents\\PTCG_AI_Battle_Challenge\\reports\\notebook54\\section3\\section3b_discovered_move_records.csv"", ""D:\\02_AI_and_Data\\Kaggle-AI-Agents\\PTCG_AI_Battle_Challenge\\reports\\notebook54\\section4\\section4a_move_records_manual_review.csv"", ""D:\\02_AI_and_Data\\Kaggle-AI-Agents\\PTCG_AI_Battle_Challenge\\reports\\notebook54\\section4\\section4a_simulator_supported_move_records.csv"", ""D:\\02_AI_and_Data\\Kaggle-AI-Agents\\PTCG_AI_Battle_Challenge\\reports\\notebook54\\section4\\section4a_tournament_card_move_records.csv""]",True,"[1.0, 3.0, 30.0, 46.0]",False,False,True,True,False,REQUIRES_MANUAL_REVIEW
Bulbasaur,0.28 0.2 0. 0. 0. 0. 0. 0.73,30.0,14,11,-2,"[""D:\\02_AI_and_Data\\Kaggle-AI-Agents\\PTCG_AI_Battle_Challenge\\reports\\notebook54\\section3\\section3b_discovered_move_records.csv"", ""D:\\02_AI_and_Data\\Kaggle-AI-Agents\\PTCG_AI_Battle_Challenge\\reports\\notebook54\\section4\\section4a_additional_source_backed_moves.csv"", ""D:\\02_AI_and_Data\\Kaggle-AI-Agents\\PTCG_AI_Battle_Challenge\\reports\\notebook54\\section4\\section4a_move_records_manual_review.csv"", ""D:\\02_AI_and_Data\\Kaggle-AI-Agents\\PTCG_AI_Battle_Challenge\\reports\\notebook54\\section4\\section4a_preferred_move_catalog.csv"", ""D:\\02_AI_and_Data\\Kaggle-AI-Agents\\PTCG_AI_Battle_Challenge\\reports\\notebook54\\section4\\section4a_safe_action_catalog.csv"", ""D:\\02_AI_and_Data\\Kaggle-AI-Agents\\PTCG_AI_Battle_Challenge\\reports\\notebook54\\section4\\section4a_simulator_supported_move_records.csv"", ""D:\\02_AI_and_Data\\Kaggle-AI-Agents\\PTCG_AI_Battle_Challenge\\reports\\notebook54\\section4\\section4a_tournament_card_move_records.csv"", ""D:\\02_AI_and_Data\\Kaggle-AI-Agents\\PTCG_AI_Battle_Challenge\\reports\\notebook54\\section4\\section4b_candidate_transition_results.csv"", ""D:\\02_AI_and_Data\\Kaggle-AI-Agents\\PTCG_AI_Battle_Challenge\\reports\\notebook54\\section4\\section4b_transition_validated_candidate_catalog.csv"", ""D:\\02_AI_and_Data\\Kaggle-AI-Agents\\PTCG_AI_Battle_Challenge\\reports\\notebook54\\section4\\section4c_candidate_provenance_audit.csv"", ""D:\\02_AI_and_Data\\Kaggle-AI-Agents\\PTCG_AI_Battle_Challenge\\reports\\notebook54\\section4\\section4c_rejected_false_candidates.csv""]",True,"[1.0, 2.0, 30.0]",False,False,True,True,False,REQUIRES_MANUAL_REVIEW
Bulbasaur,0.52,30.0,11,11,-2,"[""D:\\02_AI_and_Data\\Kaggle-AI-Agents\\PTCG_AI_Battle_Challenge\\reports\\notebook54\\section3\\section3b_discovered_move_records.csv"", ""D:\\02_AI_and_Data\\Kaggle-AI-Agents\\PTCG_AI_Battle_Challenge\\reports\\notebook54\\section4\\section4a_additional_source_backed_moves.csv"", ""D:\\02_AI_and_Data\\Kaggle-AI-Agents\\PTCG_AI_Battle_Challenge\\reports\\notebook54\\section4\\section4a_move_records_manual_review.csv"", ""D:\\02_AI_and_Data\\Kaggle-AI-Agents\\PTCG_AI_Battle_Challenge\\reports\\notebook54\\section4\\section4a_preferred_move_catalog.csv"", ""D:\\02_AI_and_Data\\Kaggle-AI-Agents\\PTCG_AI_Battle_Challenge\\reports\\notebook54\\section4\\section4a_safe_action_catalog.csv"", ""D:\\02_AI_and_Data\\Kaggle-AI-Agents\\PTCG_AI_Battle_Challenge\\reports\\notebook54\\section4\\section4a_simulator_supported_move_records.csv"", ""D:\\02_AI_and_Data\\Kaggle-AI-Agents\\PTCG_AI_Battle_Challenge\\reports\\notebook54\\section4\\section4a_tournament_card_move_records.csv"", ""D:\\02_AI_and_Data\\Kaggle-AI-Agents\\PTCG_AI_Battle_Challenge\\reports\\notebook54\\section4\\section4b_candidate_transition_results.csv"", ""D:\\02_AI_and_Data\\Kaggle-AI-Agents\\PTCG_AI_Battle_Challenge\\reports\\notebook54\\section4\\section4b_transition_validated_candidate_catalog.csv"", ""D:\\02_AI_and_Data\\Kaggle-AI-Agents\\PTCG_AI_Battle_Challenge\\reports\\notebook54\\section4\\section4c_candidate_provenance_audit.csv"", ""D:\\02_AI_and_Data\\Kaggle-AI-Agents\\PTCG_AI_Battle_Challenge\\reports\\notebook54\\section4\\section4c_rejected_false_candidates.csv""]",True,"[1.0, 2.0, 30.0]",False,False,True,True,False,REQUIRES_MANUAL_REVIEW
Bulbasaur,0.73,30.0,11,11,-2,"[""D:\\02_AI_and_Data\\Kaggle-AI-Agents\\PTCG_AI_Battle_Challenge\\reports\\notebook54\\section3\\section3b_discovered_move_records.csv"", ""D:\\02_AI_and_Data\\Kaggle-AI-Agents\\PTCG_AI_Battle_Challenge\\reports\\notebook54\\section4\\section4a_additional_source_backed_moves.csv"", ""D:\\02_AI_and_Data\\Kaggle-AI-Agents\\PTCG_AI_Battle_Challenge\\reports\\notebook54\\section4\\section4a_move_records_manual_review.csv"", ""D:\\02_AI_and_Data\\Kaggle-AI-Agents\\PTCG_AI_Battle_Challenge\\reports\\notebook54\\section4\\section4a_preferred_move_catalog.csv"", ""D:\\02_AI_and_Data\\Kaggle-AI-Agents\\PTCG_AI_Battle_Challenge\\reports\\notebook54\\section4\\section4a_safe_action_catalog.csv"", ""D:\\02_AI_and_Data\\Kaggle-AI-Agents\\PTCG_AI_Battle_Challenge\\reports\\notebook54\\section4\\section4a_simulator_supported_move_records.csv"", ""D:\\02_AI_and_Data\\Kaggle-AI-Agents\\PTCG_AI_Battle_Challenge\\reports\\notebook54\\section4\\section4a_tournament_card_move_records.csv"", ""D:\\02_AI_and_Data\\Kaggle-AI-Agents\\PTCG_AI_Battle_Challenge\\reports\\notebook54\\section4\\section4b_candidate_transition_results.csv"", ""D:\\02_AI_and_Data\\Kaggle-AI-Agents\\PTCG_AI_Battle_Challenge\\reports\\notebook54\\section4\\section4b_transition_validated_candidate_catalog.csv"", ""D:\\02_AI_and_Data\\Kaggle-AI-Agents\\PTCG_AI_Battle_Challenge\\reports\\notebook54\\section4\\section4c_candidate_provenance_audit.csv"", ""D:\\02_AI_and_Data\\Kaggle-AI-Agents\\PTCG_AI_Battle_Challenge\\reports\\notebook54\\section4\\section4c_rejected_false_candidates.csv""]",True,"[1.0, 2.0, 30.0]",False,False,True,True,False,REQUIRES_MANUAL_REVIEW
Bulbasaur,1,30.0,4,4,-5,"[""D:\\02_AI_and_Data\\Kaggle-AI-Agents\\PTCG_AI_Battle_Challenge\\reports\\notebook47\\competitive_policy_test_predictions.csv"", ""D:\\02_AI_and_Data\\Kaggle-AI-Agents\\PTCG_AI_Battle_Challenge\\reports\\notebook54\\section4\\section4a_move_records_manual_review.csv"", ""D:\\02_AI_and_Data\\Kaggle-AI-Agents\\PTCG_AI_Battle_Challenge\\reports\\notebook54\\section4\\section4a_preferred_move_catalog.csv"", ""D:\\02_AI_and_Data\\Kaggle-AI-Agents\\PTCG_AI_Battle_Challenge\\reports\\notebook54\\section4\\section4a_simulator_supported_move_records.csv""]",True,"[1.0, 2.0, 10.0, 30.0]",False,False,True,True,False,REQUIRES_MANUAL_REVIEW
Bulbasaur,2,30.0,6,6,-2,"[""D:\\02_AI_and_Data\\Kaggle-AI-Agents\\PTCG_AI_Battle_Challenge\\reports\\notebook47\\competitive_policy_test_predictions.csv"", ""D:\\02_AI_and_Data\\Kaggle-AI-Agents\\PTCG_AI_Battle_Challenge\\reports\\notebook54\\section3\\section3b_discovered_move_records.csv"", ""D:\\02_AI_and_Data\\Kaggle-AI-Agents\\PTCG_AI_Battle_Challenge\\reports\\notebook54\\section4\\section4a_move_records_manual_review.csv"", ""D:\\02_AI_and_Data\\Kaggle-AI-Agents\\PTCG_AI_Battle_Challenge\\reports\\notebook54\\section4\\section4a_preferred_move_catalog.csv"", ""D:\\02_AI_and_Data\\Kaggle-AI-Agents\\PTCG_AI_Battle_Challenge\\reports\\notebook54\\section4\\section4a_simulator_supported_move_records.csv"", ""D:\\02_AI_and_Data\\Kaggle-AI-Agents\\PTCG_AI_Battle_Challenge\\reports\\notebook54\\section4\\section4a_tournament_card_move_records.csv""]",True,"[2.0, 3.0, 30.0, 70.0]",False,False,True,True,False,REQUIRES_MANUAL_REVIEW
Bulbasaur,0.12 0.1 1. 0. 0. 0. 0. 1.52,28.0,14,11,-2,"[""D:\\02_AI_and_Data\\Kaggle-AI-Agents\\PTCG_AI_Battle_Challenge\\reports\\notebook54\\section3\\section3b_discovered_move_records.csv"", ""D:\\02_AI_and_Data\\Kaggle-AI-Agents\\PTCG_AI_Battle_Challenge\\reports\\notebook54\\section4\\section4a_additional_source_backed_moves.csv"", ""D:\\02_AI_and_Data\\Kaggle-AI-Agents\\PTCG_AI_Battle_Challenge\\reports\\notebook54\\section4\\section4a_move_records_manual_review.csv"", ""D:\\02_AI_and_Data\\Kaggle-AI-Agents\\PTCG_AI_Battle_Challenge\\reports\\notebook54\\section4\\section4a_preferred_move_catalog.csv"", ""D:\\02_AI_and_Data\\Kaggle-AI-Agents\\PTCG_AI_Battle_Challenge\\reports\\notebook54\\section4\\section4a_safe_action_catalog.csv"", ""D:\\02_AI_and_Data\\Kaggle-AI-Agents\\PTCG_AI_Battle_Challenge\\reports\\notebook54\\section4\\section4a_simulator_supported_move_records.csv"", ""D:\\02_AI_and_Data\\Kaggle-AI-Agents\\PTCG_AI_Battle_Challenge\\reports\\notebook54\\section4\\section4a_tournament_card_move_records.csv"", ""D:\\02_AI_and_Data\\Kaggle-AI-Agents\\PTCG_AI_Battle_Challenge\\reports\\notebook54\\section4\\section4b_candidate_transition_results.csv"", ""D:\\02_AI_and_Data\\Kaggle-AI-Agents\\PTCG_AI_Battle_Challenge\\reports\\notebook54\\section4\\section4b_transition_validated_candidate_catalog.csv"", ""D:\\02_AI_and_Data\\Kaggle-AI-Agents\\PTCG_AI_Battle_Challenge\\reports\\notebook54\\section4\\section4c_candidate_provenance_audit.csv"", ""D:\\02_AI_and_Data\\Kaggle-AI-Agents\\PTCG_AI_Battle_Challenge\\reports\\notebook54\\section4\\section4c_rejected_false_candidates.csv""]",True,"[1.0, 2.0, 28.0]",False,False,True,True,False,REQUIRES_MANUAL_REVIEW
Bulbasaur,1.52,28.0,11,11,-2,"[""D:\\02_AI_and_Data\\Kaggle-AI-Agents\\PTCG_AI_Battle_Challenge\\reports\\notebook54\\section3\\section3b_discovered_move_records.csv"", ""D:\\02_AI_and_Data\\Kaggle-AI-Agents\\PTCG_AI_Battle_Challenge\\reports\\notebook54\\section4\\section4a_additional_source_backed_moves.csv"", ""D:\\02_AI_and_Data\\Kaggle-AI-Agents\\PTCG_AI_Battle_Challenge\\reports\\notebook54\\section4\\section4a_move_records_manual_review.csv"", ""D:\\02_AI_and_Data\\Kaggle-AI-Agents\\PTCG_AI_Battle_Challenge\\reports\\notebook54\\section4\\section4a_preferred_move_catalog.csv"", ""D:\\02_AI_and_Data\\Kaggle-AI-Agents\\PTCG_AI_Battle_Challenge\\reports\\notebook54\\section4\\section4a_safe_action_catalog.csv"", ""D:\\02_AI_and_Data\\Kaggle-AI-Agents\\PTCG_AI_Battle_Challenge\\reports\\notebook54\\section4\\section4a_simulator_supported_move_records.csv"", ""D:\\02_AI_and_Data\\Kaggle-AI-Agents\\PTCG_AI_Battle_Challenge\\reports\\notebook54\\section4\\section4a_tournament_card_move_records.csv"", ""D:\\02_AI_and_Data\\Kaggle-AI-Agents\\PTCG_AI_Battle_Challenge\\reports\\notebook54\\section4\\section4b_candidate_transition_results.csv"", ""D:\\02_AI_and_Data\\Kaggle-AI-Agents\\PTCG_AI_Battle_Challenge\\reports\\notebook54\\section4\\section4b_transition_validated_candidate_catalog.csv"", ""D:\\02_AI_and_Data\\Kaggle-AI-Agents\\PTCG_AI_Battle_Challenge\\reports\\notebook54\\section4\\section4c_candidate_provenance_audit.csv"", ""D:\\02_AI_and_Data\\Kaggle-AI-Agents\\PTCG_AI_Battle_Challenge\\reports\\notebook54\\section4\\section4c_rejected_false_candidates.csv""]",True,"[1.0, 2.0, 28.0]",False,False,True,True,False,REQUIRES_MANUAL_REVIEW
Bulbasaur,8,28.0,7,7,-2,"[""D:\\02_AI_and_Data\\Kaggle-AI-Agents\\PTCG_AI_Battle_Challenge\\reports\\notebook54\\section3\\section3b_discovered_move_records.csv"", ""D:\\02_AI_and_Data\\Kaggle-AI-Agents\\PTCG_AI_Battle_Challenge\\reports\\notebook54\\section4\\section4a_move_records_manual_review.csv"", ""D:\\02_AI_and_Data\\Kaggle-AI-Agents\\PTCG_AI_Battle_Challenge\\reports\\notebook54\\section4\\section4a_move_source_agreement.csv"", ""D:\\02_AI_and_Data\\Kaggle-AI-Agents\\PTCG_AI_Battle_Challenge\\reports\\notebook54\\section4\\section4a_preferred_move_catalog.csv"", ""D:\\02_AI_and_Data\\Kaggle-AI-Agents\\PTCG_AI_Battle_Challenge\\reports\\notebook54\\section4\\section4a_simulator_supported_move_records.csv"", ""D:\\02_AI_and_Data\\Kaggle-AI-Agents\\PTCG_AI_Battle_Challenge\\reports\\notebook54\\section4\\section4a_tournament_card_move_records.csv"", ""D:\\02_AI_and_Data\\Kaggle-AI-Agents\\PTCG_AI_Battle_Challenge\\reports\\notebook54\\section4\\section4b_candidate_transitions_by_card.csv""]",True,"[1.0, 28.0]",False,False,True,True,False,REQUIRES_MANUAL_REVIEW
Bulbasaur,32,8.0,7,7,-2,"[""D:\\02_AI_and_Data\\Kaggle-AI-Agents\\PTCG_AI_Battle_Challenge\\reports\\notebook54\\section3\\section3b_discovered_move_records.csv"", ""D:\\02_AI_and_Data\\Kaggle-AI-Agents\\PTCG_AI_Battle_Challenge\\reports\\notebook54\\section4\\section4a_move_records_manual_review.csv"", ""D:\\02_AI_and_Data\\Kaggle-AI-Agents\\PTCG_AI_Battle_Challenge\\reports\\notebook54\\section4\\section4a_move_source_agreement.csv"", ""D:\\02_AI_and_Data\\Kaggle-AI-Agents\\PTCG_AI_Battle_Challenge\\reports\\notebook54\\section4\\section4a_preferred_move_catalog.csv"", ""D:\\02_AI_and_Data\\Kaggle-AI-Agents\\PTCG_AI_Battle_Challenge\\reports\\notebook54\\section4\\section4a_simulator_supported_move_records.csv"", ""D:\\02_AI_and_Data\\Kaggle-AI-Agents\\PTCG_AI_Battle_Challenge\\reports\\notebook54\\section4\\section4a_tournament_card_move_records.csv"", ""D:\\02_AI_and_Data\\Kaggle-AI-Agents\\PTCG_AI_Battle_Challenge\\reports\\notebook54\\section4\\section4b_candidate_transition_summary.json""]",True,"[1.0, 8.0]",False,False,True,True,False,REQUIRES_MANUAL_REVIEW
Bulbasaur,81,4.0,6,6,-2,"[""D:\\02_AI_and_Data\\Kaggle-AI-Agents\\PTCG_AI_Battle_Challenge\\reports\\notebook54\\section3\\section3b_discovered_move_records.csv"", ""D:\\02_AI_and_Data\\Kaggle-AI-Agents\\PTCG_AI_Battle_Challenge\\reports\\notebook54\\section4\\section4a_move_records_manual_review.csv"", ""D:\\02_AI_and_Data\\Kaggle-AI-Agents\\PTCG_AI_Battle_Challenge\\reports\\notebook54\\section4\\section4a_move_source_agreement.csv"", ""D:\\02_AI_and_Data\\Kaggle-AI-Agents\\PTCG_AI_Battle_Challenge\\reports\\notebook54\\section4\\section4a_preferred_move_catalog.csv"", ""D:\\02_AI_and_Data\\Kaggle-AI-Agents\\PTCG_AI_Battle_Challenge\\reports\\notebook54\\section4\\section4a_simulator_supported_move_records.csv"", ""D:\\02_AI_and_Data\\Kaggle-AI-Agents\\PTCG_AI_Battle_Challenge\\reports\\notebook54\\section4\\section4a_tournament_card_move_records.csv""]",True,"[1.0, 4.0]",False,False,True,True,False,REQUIRES_MANUAL_REVIEW
Bulbasaur,Bite,0.0,7,7,-2,"[""D:\\02_AI_and_Data\\Kaggle-AI-Agents\\PTCG_AI_Battle_Challenge\\reports\\notebook46\\actor_perspective_suspicious_records.csv"", ""D:\\02_AI_and_Data\\Kaggle-AI-Agents\\PTCG_AI_Battle_Challenge\\reports\\notebook54\\section3\\section3b_discovered_move_records.csv"", ""D:\\02_AI_and_Data\\Kaggle-AI-Agents\\PTCG_AI_Battle_Challenge\\reports\\notebook54\\section4\\section4a_move_records_manual_review.csv"", ""D:\\02_AI_and_Data\\Kaggle-AI-Agents\\PTCG_AI_Battle_Challenge\\reports\\notebook54\\section4\\section4a_move_source_agreement.csv"", ""D:\\02_AI_and_Data\\Kaggle-AI-Agents\\PTCG_AI_Battle_Challenge\\reports\\notebook54\\section4\\section4a_preferred_move_catalog.csv"", ""D:\\02_AI_and_Data\\Kaggle-AI-Agents\\PTCG_AI_Battle_Challenge\\reports\\notebook54\\section4\\section4a_simulator_supported_move_records.csv"", ""D:\\02_AI_and_Data\\Kaggle-AI-Agents\\PTCG_AI_Battle_Challenge\\reports\\notebook54\\section4\\section4a_tournament_card_move_records.csv""]",True,"[0.0, 2.0]",False,False,True,True,False,REQUIRES_MANUAL_REVIEW
Bulbasaur,Flame Tail,0.0,7,7,-2,"[""D:\\02_AI_and_Data\\Kaggle-AI-Agents\\PTCG_AI_Battle_Challenge\\reports\\notebook46\\actor_perspective_suspicious_records.csv"", ""D:\\02_AI_and_Data\\Kaggle-AI-Agents\\PTCG_AI_Battle_Challenge\\reports\\notebook54\\section3\\section3b_discovered_move_records.csv"", ""D:\\02_AI_and_Data\\Kaggle-AI-Agents\\PTCG_AI_Battle_Challenge\\reports\\notebook54\\section4\\section4a_move_records_manual_review.csv"", ""D:\\02_AI_and_Data\\Kaggle-AI-Agents\\PTCG_AI_Battle_Challenge\\reports\\notebook54\\section4\\section4a_move_source_agreement.csv"", ""D:\\02_AI_and_Data\\Kaggle-AI-Agents\\PTCG_AI_Battle_Challenge\\reports\\notebook54\\section4\\section4a_preferred_move_catalog.csv"", ""D:\\02_AI_and_Data\\Kaggle-AI-Agents\\PTCG_AI_Battle_Challenge\\reports\\notebook54\\section4\\section4a_simulator_supported_move_records.csv"", ""D:\\02_AI_and_Data\\Kaggle-AI-Agents\\PTCG_AI_Battle_Challenge\\reports\\notebook54\\section4\\section4a_tournament_card_move_records.csv""]",True,"[0.0, 2.0]",False,False,True,True,False,REQUIRES_MANUAL_REVIEW
Bulbasaur,Fury Swipes,0.0,7,7,-2,"[""D:\\02_AI_and_Data\\Kaggle-AI-Agents\\PTCG_AI_Battle_Challenge\\reports\\notebook46\\actor_perspective_suspicious_records.csv"", ""D:\\02_AI_and_Data\\Kaggle-AI-Agents\\PTCG_AI_Battle_Challenge\\reports\\notebook54\\section3\\section3b_discovered_move_records.csv"", ""D:\\02_AI_and_Data\\Kaggle-AI-Agents\\PTCG_AI_Battle_Challenge\\reports\\notebook54\\section4\\section4a_move_records_manual_review.csv"", ""D:\\02_AI_and_Data\\Kaggle-AI-Agents\\PTCG_AI_Battle_Challenge\\reports\\notebook54\\section4\\section4a_move_source_agreement.csv"", ""D:\\02_AI_and_Data\\Kaggle-AI-Agents\\PTCG_AI_Battle_Challenge\\reports\\notebook54\\section4\\section4a_preferred_move_catalog.csv"", ""D:\\02_AI_and_Data\\Kaggle-AI-Agents\\PTCG_AI_Battle_Challenge\\reports\\notebook54\\section4\\section4a_simulator_supported_move_records.csv"", ""D:\\02_AI_and_Data\\Kaggle-AI-Agents\\PTCG_AI_Battle_Challenge\\reports\\notebook54\\section4\\section4a_tournament_card_move_records.csv""]",True,"[0.0, 2.0]",False,False,True,True,False,REQUIRES_MANUAL_REVIEW
Bulbasaur,Pass,0.0,6,6,-5,"[""D:\\02_AI_and_Data\\Kaggle-AI-Agents\\PTCG_AI_Battle_Challenge\\reports\\notebook52\\section5\\section5b_expanded_turn_results.csv"", ""D:\\02_AI_and_Data\\Kaggle-AI-Agents\\PTCG_AI_Battle_Challenge\\reports\\notebook53\\section6\\section6e_tournament_replay_turns.csv"", ""D:\\02_AI_and_Data\\Kaggle-AI-Agents\\PTCG_AI_Battle_Challenge\\reports\\notebook54\\section4\\section4a_move_records_manual_review.csv"", ""D:\\02_AI_and_Data\\Kaggle-AI-Agents\\PTCG_AI_Battle_Challenge\\reports\\notebook54\\section4\\section4a_move_source_agreement.csv"", ""D:\\02_AI_and_Data\\Kaggle-AI-Agents\\PTCG_AI_Battle_Challenge\\reports\\notebook54\\section4\\section4a_preferred_move_catalog.csv"", ""D:\\02_AI_and_Data\\Kaggle-AI-Agents\\PTCG_AI_Battle_Challenge\\reports\\notebook54\\section4\\section4a_simulator_supported_move_records.csv""]",True,"[0.0, 2.0]",False,False,True,True,False,REQUIRES_MANUAL_REVIEW
Bulbasaur,Quick Attack,0.0,5,5,-5,"[""D:\\02_AI_and_Data\\Kaggle-AI-Agents\\PTCG_AI_Battle_Challenge\\reports\\notebook46\\actor_perspective_suspicious_records.csv"", ""D:\\02_AI_and_Data\\Kaggle-AI-Agents\\PTCG_AI_Battle_Challenge\\reports\\notebook54\\section4\\section4a_move_records_manual_review.csv"", ""D:\\02_AI_and_Data\\Kaggle-AI-Agents\\PTCG_AI_Battle_Challenge\\reports\\notebook54\\section4\\section4a_move_source_agreement.csv"", ""D:\\02_AI_and_Data\\Kaggle-AI-Agents\\PTCG_AI_Battle_Challenge\\reports\\notebook54\\section4\\section4a_preferred_move_catalog.csv"", ""D:\\02_AI_and_Data\\Kaggle-AI-Agents\\PTCG_AI_Battle_Challenge\\reports\\notebook54\\section4\\section4a_simulator_supported_move_records.csv""]",True,"[0.0, 3.0, 20.0]",False,False,True,True,False,REQUIRES_MANUAL_REVIEW
Bulbasaur,Scratch,0.0,7,7,-2,"[""D:\\02_AI_and_Data\\Kaggle-AI-Agents\\PTCG_AI_Battle_Challenge\\reports\\notebook46\\actor_perspective_suspicious_records.csv"", ""D:\\02_AI_and_Data\\Kaggle-AI-Agents\\PTCG_AI_Battle_Challenge\\reports\\notebook54\\section3\\section3b_discovered_move_records.csv"", ""D:\\02_AI_and_Data\\Kaggle-AI-Agents\\PTCG_AI_Battle_Challenge\\reports\\notebook54\\section4\\section4a_move_records_manual_review.csv"", ""D:\\02_AI_and_Data\\Kaggle-AI-Agents\\PTCG_AI_Battle_Challenge\\reports\\notebook54\\section4\\section4a_move_source_agreement.csv"", ""D:\\02_AI_and_Data\\Kaggle-AI-Agents\\PTCG_AI_Battle_Challenge\\reports\\notebook54\\section4\\section4a_preferred_move_catalog.csv"", ""D:\\02_AI_and_Data\\Kaggle-AI-Agents\\PTCG_AI_Battle_Challenge\\reports\\notebook54\\section4\\section4a_simulator_supported_move_records.csv"", ""D:\\02_AI_and_Data\\Kaggle-AI-Agents\\PTCG_AI_Battle_Challenge\\reports\\notebook54\\section4\\section4a_tournament_card_move_records.csv""]",True,"[0.0, 2.0]",False,False,True,True,False,REQUIRES_MANUAL_REVIEW
Bulbasaur,Tackle,0.0,7,7,-2,"[""D:\\02_AI_and_Data\\Kaggle-AI-Agents\\PTCG_AI_Battle_Challenge\\reports\\notebook46\\actor_perspective_suspicious_records.csv"", ""D:\\02_AI_and_Data\\Kaggle-AI-Agents\\PTCG_AI_Battle_Challenge\\reports\\notebook54\\section3\\section3b_discovered_move_records.csv"", ""D:\\02_AI_and_Data\\Kaggle-AI-Agents\\PTCG_AI_Battle_Challenge\\reports\\notebook54\\section4\\section4a_move_records_manual_review.csv"", ""D:\\02_AI_and_Data\\Kaggle-AI-Agents\\PTCG_AI_Battle_Challenge\\reports\\notebook54\\section4\\section4a_move_source_agreement.csv"", ""D:\\02_AI_and_Data\\Kaggle-AI-Agents\\PTCG_AI_Battle_Challenge\\reports\\notebook54\\section4\\section4a_preferred_move_catalog.csv"", ""D:\\02_AI_and_Data\\Kaggle-AI-Agents\\PTCG_AI_Battle_Challenge\\reports\\notebook54\\section4\\section4a_simulator_supported_move_records.csv"", ""D:\\02_AI_and_Data\\Kaggle-AI-Agents\\PTCG_AI_Battle_Challenge\\reports\\notebook54\\section4\\section4a_tournament_card_move_records.csv""]",True,"[0.0, 2.0]",False,False,True,True,False,REQUIRES_MANUAL_REVIEW
Bulbasaur,Tail Whap,0.0,7,7,-2,"[""D:\\02_AI_and_Data\\Kaggle-AI-Agents\\PTCG_AI_Battle_Challenge\\reports\\notebook46\\actor_perspective_suspicious_records.csv"", ""D:\\02_AI_and_Data\\Kaggle-AI-Agents\\PTCG_AI_Battle_Challenge\\reports\\notebook54\\section3\\section3b_discovered_move_records.csv"", ""D:\\02_AI_and_Data\\Kaggle-AI-Agents\\PTCG_AI_Battle_Challenge\\reports\\notebook54\\section4\\section4a_move_records_manual_review.csv"", ""D:\\02_AI_and_Data\\Kaggle-AI-Agents\\PTCG_AI_Battle_Challenge\\reports\\notebook54\\section4\\section4a_move_source_agreement.csv"", ""D:\\02_AI_and_Data\\Kaggle-AI-Agents\\PTCG_AI_Battle_Challenge\\reports\\notebook54\\section4\\section4a_preferred_move_catalog.csv"", ""D:\\02_AI_and_Data\\Kaggle-AI-Agents\\PTCG_AI_Battle_Challenge\\reports\\notebook54\\section4\\section4a_simulator_supported_move_records.csv"", ""D:\\02_AI_and_Data\\Kaggle-AI-Agents\\PTCG_AI_Battle_Challenge\\reports\\notebook54\\section4\\section4a_tournament_card_move_records.csv""]",True,"[0.0, 2.0]",False,False,True,True,False,REQUIRES_MANUAL_REVIEW
Bulbasaur,Thunderbolt,0.0,7,7,-2,"[""D:\\02_AI_and_Data\\Kaggle-AI-Agents\\PTCG_AI_Battle_Challenge\\reports\\notebook46\\actor_perspective_suspicious_records.csv"", ""D:\\02_AI_and_Data\\Kaggle-AI-Agents\\PTCG_AI_Battle_Challenge\\reports\\notebook54\\section3\\section3b_discovered_move_records.csv"", ""D:\\02_AI_and_Data\\Kaggle-AI-Agents\\PTCG_AI_Battle_Challenge\\reports\\notebook54\\section4\\section4a_move_records_manual_review.csv"", ""D:\\02_AI_and_Data\\Kaggle-AI-Agents\\PTCG_AI_Battle_Challenge\\reports\\notebook54\\section4\\section4a_move_source_agreement.csv"", ""D:\\02_AI_and_Data\\Kaggle-AI-Agents\\PTCG_AI_Battle_Challenge\\reports\\notebook54\\section4\\section4a_preferred_move_catalog.csv"", ""D:\\02_AI_and_Data\\Kaggle-AI-Agents\\PTCG_AI_Battle_Challenge\\reports\\notebook54\\section4\\section4a_simulator_supported_move_records.csv"", ""D:\\02_AI_and_Data\\Kaggle-AI-Agents\\PTCG_AI_Battle_Challenge\\reports\\notebook54\\section4\\section4a_tournament_card_move_records.csv""]",True,"[0.0, 2.0]",False,False,True,True,False,REQUIRES_MANUAL_REVIEW
Bulbasaur,Water Pulse,0.0,7,7,-2,"[""D:\\02_AI_and_Data\\Kaggle-AI-Agents\\PTCG_AI_Battle_Challenge\\reports\\notebook46\\actor_perspective_suspicious_records.csv"", ""D:\\02_AI_and_Data\\Kaggle-AI-Agents\\PTCG_AI_Battle_Challenge\\reports\\notebook54\\section3\\section3b_discovered_move_records.csv"", ""D:\\02_AI_and_Data\\Kaggle-AI-Agents\\PTCG_AI_Battle_Challenge\\reports\\notebook54\\section4\\section4a_move_records_manual_review.csv"", ""D:\\02_AI_and_Data\\Kaggle-AI-Agents\\PTCG_AI_Battle_Challenge\\reports\\notebook54\\section4\\section4a_move_source_agreement.csv"", ""D:\\02_AI_and_Data\\Kaggle-AI-Agents\\PTCG_AI_Battle_Challenge\\reports\\notebook54\\section4\\section4a_preferred_move_catalog.csv"", ""D:\\02_AI_and_Data\\Kaggle-AI-Agents\\PTCG_AI_Battle_Challenge\\reports\\notebook54\\section4\\section4a_simulator_supported_move_records.csv"", ""D:\\02_AI_and_Data\\Kaggle-AI-Agents\\PTCG_AI_Battle_Challenge\\reports\\notebook54\\section4\\section4a_tournament_card_move_records.csv""]",True,"[0.0, 2.0]",False,False,True,True,False,REQUIRES_MANUAL_REVIEW
Charmander,[0.08 0.1 0. 0. 0. 0. 0. 0.38],50.0,1,1,10,"[""D:\\02_AI_and_Data\\Kaggle-AI-Agents\\PTCG_AI_Battle_Challenge\\data\\competitive\\actor_relative_search_expert_dataset.parquet""]",False,[50.0],False,True,True,True,True,ADDITIONAL_SOURCE_BACKED_MOVE
Charmander,"[0.08, 0.1, 0.0, 0.0, 0.0, 0.0, 0.0, 0.38]",50.0,1,1,10,"[""D:\\02_AI_and_Data\\Kaggle-AI-Agents\\PTCG_AI_Battle_Challenge\\data\\competitive\\actor_relative_search_expert_dataset.jsonl""]",False,[50.0],False,True,True,True,True,ADDITIONAL_SOURCE_BACKED_MOVE
Charmander,[0.2 0.2 0. 0. 0. 0. 0. 0.55],50.0,1,1,10,"[""D:\\02_AI_and_Data\\Kaggle-AI-Agents\\PTCG_AI_Battle_Challenge\\data\\competitive\\actor_relative_search_expert_dataset.parquet""]",False,[50.0],False,True,True,True,True,ADDITIONAL_SOURCE_BACKED_MOVE
Charmander,"[0.2, 0.2, 0.0, 0.0, 0.0, 0.0, 0.0, 0.55]",50.0,1,1,10,"[""D:\\02_AI_and_Data\\Kaggle-AI-Agents\\PTCG_AI_Battle_Challenge\\data\\competitive\\actor_relative_search_expert_dataset.jsonl""]",False,[50.0],False,True,True,True,True,ADDITIONAL_SOURCE_BACKED_MOVE
Charmander,[0.2 0.2 1. 0. 0. 0. 0. 1.55],20.0,1,1,10,"[""D:\\02_AI_and_Data\\Kaggle-AI-Agents\\PTCG_AI_Battle_Challenge\\data\\competitive\\actor_relative_search_expert_dataset.parquet""]",False,[20.0],False,True,True,True,True,ADDITIONAL_SOURCE_BACKED_MOVE
Charmander,"[0.2, 0.2, 1.0, 0.0, 0.0, 0.0, 0.0, 1.55]",20.0,1,1,10,"[""D:\\02_AI_and_Data\\Kaggle-AI-Agents\\PTCG_AI_Battle_Challenge\\data\\competitive\\actor_relative_search_expert_dataset.jsonl""]",False,[20.0],False,True,True,True,True,ADDITIONAL_SOURCE_BACKED_MOVE
Charmander,[0.08 0.1 1. 0. 0. 0. 0. 1.38],16.0,1,1,10,"[""D:\\02_AI_and_Data\\Kaggle-AI-Agents\\PTCG_AI_Battle_Challenge\\data\\competitive\\actor_relative_search_expert_dataset.parquet""]",False,[16.0],False,True,True,True,True,ADDITIONAL_SOURCE_BACKED_MOVE
Charmander,"[0.08, 0.1, 1.0, 0.0, 0.0, 0.0, 0.0, 1.38]",16.0,1,1,10,"[""D:\\02_AI_and_Data\\Kaggle-AI-Agents\\PTCG_AI_Battle_Challenge\\data\\competitive\\actor_relative_search_expert_dataset.jsonl""]",False,[16.0],False,True,True,True,True,ADDITIONAL_SOURCE_BACKED_MOVE
Charmander,Live Coal,20.0,6,6,-5,"[""D:\\02_AI_and_Data\\Kaggle-AI-Agents\\PTCG_AI_Battle_Challenge\\reports\\notebook52\\section5\\section5b_expanded_turn_results.csv"", ""D:\\02_AI_and_Data\\Kaggle-AI-Agents\\PTCG_AI_Battle_Challenge\\reports\\notebook53\\section6\\section6e_tournament_replay_turns.csv"", ""D:\\02_AI_and_Data\\Kaggle-AI-Agents\\PTCG_AI_Battle_Challenge\\reports\\notebook54\\section4\\section4a_preferred_move_catalog.csv"", ""D:\\02_AI_and_Data\\Kaggle-AI-Agents\\PTCG_AI_Battle_Challenge\\reports\\notebook54\\section4\\section4a_safe_action_catalog.csv"", ""D:\\02_AI_and_Data\\Kaggle-AI-Agents\\PTCG_AI_Battle_Challenge\\reports\\notebook54\\section4\\section4a_simulator_supported_move_records.csv"", ""D:\\02_AI_and_Data\\Kaggle-AI-Agents\\PTCG_AI_Battle_Challenge\\reports\\notebook54\\section4\\section4r_verified_attack_energy_readiness.csv""]",True,"[1.0, 2.0, 20.0]",True,False,True,True,False,CURRENT_BENCHMARK_MOVE
Charmander,151,103.0,1,1,-5,"[""D:\\02_AI_and_Data\\Kaggle-AI-Agents\\PTCG_AI_Battle_Challenge\\reports\\notebook54\\section4\\section4a_candidate_move_validation_summary.json""]",False,[103.0],False,False,True,True,False,REQUIRES_MANUAL_REVIEW
Charmander,0.0,50.0,11,11,-2,"[""D:\\02_AI_and_Data\\Kaggle-AI-Agents\\PTCG_AI_Battle_Challenge\\reports\\notebook54\\section3\\section3b_discovered_move_records.csv"", ""D:\\02_AI_and_Data\\Kaggle-AI-Agents\\PTCG_AI_Battle_Challenge\\reports\\notebook54\\section4\\section4a_additional_source_backed_moves.csv"", ""D:\\02_AI_and_Data\\Kaggle-AI-Agents\\PTCG_AI_Battle_Challenge\\reports\\notebook54\\section4\\section4a_move_records_manual_review.csv"", ""D:\\02_AI_and_Data\\Kaggle-AI-Agents\\PTCG_AI_Battle_Challenge\\reports\\notebook54\\section4\\section4a_preferred_move_catalog.csv"", ""D:\\02_AI_and_Data\\Kaggle-AI-Agents\\PTCG_AI_Battle_Challenge\\reports\\notebook54\\section4\\section4a_safe_action_catalog.csv"", ""D:\\02_AI_and_Data\\Kaggle-AI-Agents\\PTCG_AI_Battle_Challenge\\reports\\notebook54\\section4\\section4a_simulator_supported_move_records.csv"", ""D:\\02_AI_and_Data\\Kaggle-AI-Agents\\PTCG_AI_Battle_Challenge\\reports\\notebook54\\section4\\section4a_tournament_card_move_records.csv"", ""D:\\02_AI_and_Data\\Kaggle-AI-Agents\\PTCG_AI_Battle_Challenge\\reports\\notebook54\\section4\\section4b_candidate_transition_results.csv"", ""D:\\02_AI_and_Data\\Kaggle-AI-Agents\\PTCG_AI_Battle_Challenge\\reports\\notebook54\\section4\\section4b_transition_validated_candidate_catalog.csv"", ""D:\\02_AI_and_Data\\Kaggle-AI-Agents\\PTCG_AI_Battle_Challenge\\reports\\notebook54\\section4\\section4c_candidate_provenance_audit.csv"", ""D:\\02_AI_and_Data\\Kaggle-AI-Agents\\PTCG_AI_Battle_Challenge\\reports\\notebook54\\section4\\section4c_rejected_false_candidates.csv""]",True,"[1.0, 2.0, 50.0]",False,False,True,True,False,REQUIRES_MANUAL_REVIEW
Charmander,0.08,50.0,11,11,-2,"[""D:\\02_AI_and_Data\\Kaggle-AI-Agents\\PTCG_AI_Battle_Challenge\\reports\\notebook54\\section3\\section3b_discovered_move_records.csv"", ""D:\\02_AI_and_Data\\Kaggle-AI-Agents\\PTCG_AI_Battle_Challenge\\reports\\notebook54\\section4\\section4a_additional_source_backed_moves.csv"", ""D:\\02_AI_and_Data\\Kaggle-AI-Agents\\PTCG_AI_Battle_Challenge\\reports\\notebook54\\section4\\section4a_move_records_manual_review.csv"", ""D:\\02_AI_and_Data\\Kaggle-AI-Agents\\PTCG_AI_Battle_Challenge\\reports\\notebook54\\section4\\section4a_preferred_move_catalog.csv"", ""D:\\02_AI_and_Data\\Kaggle-AI-Agents\\PTCG_AI_Battle_Challenge\\reports\\notebook54\\section4\\section4a_safe_action_catalog.csv"", ""D:\\02_AI_and_Data\\Kaggle-AI-Agents\\PTCG_AI_Battle_Challenge\\reports\\notebook54\\section4\\section4a_simulator_supported_move_records.csv"", ""D:\\02_AI_and_Data\\Kaggle-AI-Agents\\PTCG_AI_Battle_Challenge\\reports\\notebook54\\section4\\section4a_tournament_card_move_records.csv"", ""D:\\02_AI_and_Data\\Kaggle-AI-Agents\\PTCG_AI_Battle_Challenge\\reports\\notebook54\\section4\\section4b_candidate_transition_results.csv"", ""D:\\02_AI_and_Data\\Kaggle-AI-Agents\\PTCG_AI_Battle_Challenge\\reports\\notebook54\\section4\\section4b_transition_validated_candidate_catalog.csv"", ""D:\\02_AI_and_Data\\Kaggle-AI-Agents\\PTCG_AI_Battle_Challenge\\reports\\notebook54\\section4\\section4c_candidate_provenance_audit.csv"", ""D:\\02_AI_and_Data\\Kaggle-AI-Agents\\PTCG_AI_Battle_Challenge\\reports\\notebook54\\section4\\section4c_rejected_false_candidates.csv""]",True,"[1.0, 2.0, 50.0]",False,False,True,True,False,REQUIRES_MANUAL_REVIEW
Charmander,0.08 0.1 0. 0. 0. 0. 0. 0.38,50.0,14,11,-2,"[""D:\\02_AI_and_Data\\Kaggle-AI-Agents\\PTCG_AI_Battle_Challenge\\reports\\notebook54\\section3\\section3b_discovered_move_records.csv"", ""D:\\02_AI_and_Data\\Kaggle-AI-Agents\\PTCG_AI_Battle_Challenge\\reports\\notebook54\\section4\\section4a_additional_source_backed_moves.csv"", ""D:\\02_AI_and_Data\\Kaggle-AI-Agents\\PTCG_AI_Battle_Challenge\\reports\\notebook54\\section4\\section4a_move_records_manual_review.csv"", ""D:\\02_AI_and_Data\\Kaggle-AI-Agents\\PTCG_AI_Battle_Challenge\\reports\\notebook54\\section4\\section4a_preferred_move_catalog.csv"", ""D:\\02_AI_and_Data\\Kaggle-AI-Agents\\PTCG_AI_Battle_Challenge\\reports\\notebook54\\section4\\section4a_safe_action_catalog.csv"", ""D:\\02_AI_and_Data\\Kaggle-AI-Agents\\PTCG_AI_Battle_Challenge\\reports\\notebook54\\section4\\section4a_simulator_supported_move_records.csv"", ""D:\\02_AI_and_Data\\Kaggle-AI-Agents\\PTCG_AI_Battle_Challenge\\reports\\notebook54\\section4\\section4a_tournament_card_move_records.csv"", ""D:\\02_AI_and_Data\\Kaggle-AI-Agents\\PTCG_AI_Battle_Challenge\\reports\\notebook54\\section4\\section4b_candidate_transition_results.csv"", ""D:\\02_AI_and_Data\\Kaggle-AI-Agents\\PTCG_AI_Battle_Challenge\\reports\\notebook54\\section4\\section4b_transition_validated_candidate_catalog.csv"", ""D:\\02_AI_and_Data\\Kaggle-AI-Agents\\PTCG_AI_Battle_Challenge\\reports\\notebook54\\section4\\section4c_candidate_provenance_audit.csv"", ""D:\\02_AI_and_Data\\Kaggle-AI-Agents\\PTCG_AI_Battle_Challenge\\reports\\notebook54\\section4\\section4c_rejected_false_candidates.csv""]",True,"[1.0, 2.0, 50.0]",False,False,True,True,False,REQUIRES_MANUAL_REVIEW
Charmander,0.1,50.0,11,11,-2,"[""D:\\02_AI_and_Data\\Kaggle-AI-Agents\\PTCG_AI_Battle_Challenge\\reports\\notebook54\\section3\\section3b_discovered_move_records.csv"", ""D:\\02_AI_and_Data\\Kaggle-AI-Agents\\PTCG_AI_Battle_Challenge\\reports\\notebook54\\section4\\section4a_additional_source_backed_moves.csv"", ""D:\\02_AI_and_Data\\Kaggle-AI-Agents\\PTCG_AI_Battle_Challenge\\reports\\notebook54\\section4\\section4a_move_records_manual_review.csv"", ""D:\\02_AI_and_Data\\Kaggle-AI-Agents\\PTCG_AI_Battle_Challenge\\reports\\notebook54\\section4\\section4a_preferred_move_catalog.csv"", ""D:\\02_AI_and_Data\\Kaggle-AI-Agents\\PTCG_AI_Battle_Challenge\\reports\\notebook54\\section4\\section4a_safe_action_catalog.csv"", ""D:\\02_AI_and_Data\\Kaggle-AI-Agents\\PTCG_AI_Battle_Challenge\\reports\\notebook54\\section4\\section4a_simulator_supported_move_records.csv"", ""D:\\02_AI_and_Data\\Kaggle-AI-Agents\\PTCG_AI_Battle_Challenge\\reports\\notebook54\\section4\\section4a_tournament_card_move_records.csv"", ""D:\\02_AI_and_Data\\Kaggle-AI-Agents\\PTCG_AI_Battle_Challenge\\reports\\notebook54\\section4\\section4b_candidate_transition_results.csv"", ""D:\\02_AI_and_Data\\Kaggle-AI-Agents\\PTCG_AI_Battle_Challenge\\reports\\notebook54\\section4\\section4b_transition_validated_candidate_catalog.csv"", ""D:\\02_AI_and_Data\\Kaggle-AI-Agents\\PTCG_AI_Battle_Challenge\\reports\\notebook54\\section4\\section4c_candidate_provenance_audit.csv"", ""D:\\02_AI_and_Data\\Kaggle-AI-Agents\\PTCG_AI_Battle_Challenge\\reports\\notebook54\\section4\\section4c_rejected_false_candidates.csv""]",True,"[1.0, 2.0, 50.0]",False,False,True,True,False,REQUIRES_MANUAL_REVIEW
Charmander,0.2,50.0,11,11,-2,"[""D:\\02_AI_and_Data\\Kaggle-AI-Agents\\PTCG_AI_Battle_Challenge\\reports\\notebook54\\section3\\section3b_discovered_move_records.csv"", ""D:\\02_AI_and_Data\\Kaggle-AI-Agents\\PTCG_AI_Battle_Challenge\\reports\\notebook54\\section4\\section4a_additional_source_backed_moves.csv"", ""D:\\02_AI_and_Data\\Kaggle-AI-Agents\\PTCG_AI_Battle_Challenge\\reports\\notebook54\\section4\\section4a_move_records_manual_review.csv"", ""D:\\02_AI_and_Data\\Kaggle-AI-Agents\\PTCG_AI_Battle_Challenge\\reports\\notebook54\\section4\\section4a_preferred_move_catalog.csv"", ""D:\\02_AI_and_Data\\Kaggle-AI-Agents\\PTCG_AI_Battle_Challenge\\reports\\notebook54\\section4\\section4a_safe_action_catalog.csv"", ""D:\\02_AI_and_Data\\Kaggle-AI-Agents\\PTCG_AI_Battle_Challenge\\reports\\notebook54\\section4\\section4a_simulator_supported_move_records.csv"", ""D:\\02_AI_and_Data\\Kaggle-AI-Agents\\PTCG_AI_Battle_Challenge\\reports\\notebook54\\section4\\section4a_tournament_card_move_records.csv"", ""D:\\02_AI_and_Data\\Kaggle-AI-Agents\\PTCG_AI_Battle_Challenge\\reports\\notebook54\\section4\\section4b_candidate_transition_results.csv"", ""D:\\02_AI_and_Data\\Kaggle-AI-Agents\\PTCG_AI_Battle_Challenge\\reports\\notebook54\\section4\\section4b_transition_validated_candidate_catalog.csv"", ""D:\\02_AI_and_Data\\Kaggle-AI-Agents\\PTCG_AI_Battle_Challenge\\reports\\notebook54\\section4\\section4c_candidate_provenance_audit.csv"", ""D:\\02_AI_and_Data\\Kaggle-AI-Agents\\PTCG_AI_Battle_Challenge\\reports\\notebook54\\section4\\section4c_rejected_false_candidates.csv""]",True,"[1.0, 2.0, 50.0]",False,False,True,True,False,REQUIRES_MANUAL_REVIEW
Charmander,0.2 0.2 0. 0. 0. 0. 0. 0.55,50.0,14,11,-2,"[""D:\\02_AI_and_Data\\Kaggle-AI-Agents\\PTCG_AI_Battle_Challenge\\reports\\notebook54\\section3\\section3b_discovered_move_records.csv"", ""D:\\02_AI_and_Data\\Kaggle-AI-Agents\\PTCG_AI_Battle_Challenge\\reports\\notebook54\\section4\\section4a_additional_source_backed_moves.csv"", ""D:\\02_AI_and_Data\\Kaggle-AI-Agents\\PTCG_AI_Battle_Challenge\\reports\\notebook54\\section4\\section4a_move_records_manual_review.csv"", ""D:\\02_AI_and_Data\\Kaggle-AI-Agents\\PTCG_AI_Battle_Challenge\\reports\\notebook54\\section4\\section4a_preferred_move_catalog.csv"", ""D:\\02_AI_and_Data\\Kaggle-AI-Agents\\PTCG_AI_Battle_Challenge\\reports\\notebook54\\section4\\section4a_safe_action_catalog.csv"", ""D:\\02_AI_and_Data\\Kaggle-AI-Agents\\PTCG_AI_Battle_Challenge\\reports\\notebook54\\section4\\section4a_simulator_supported_move_records.csv"", ""D:\\02_AI_and_Data\\Kaggle-AI-Agents\\PTCG_AI_Battle_Challenge\\reports\\notebook54\\section4\\section4a_tournament_card_move_records.csv"", ""D:\\02_AI_and_Data\\Kaggle-AI-Agents\\PTCG_AI_Battle_Challenge\\reports\\notebook54\\section4\\section4b_candidate_transition_results.csv"", ""D:\\02_AI_and_Data\\Kaggle-AI-Agents\\PTCG_AI_Battle_Challenge\\reports\\notebook54\\section4\\section4b_transition_validated_candidate_catalog.csv"", ""D:\\02_AI_and_Data\\Kaggle-AI-Agents\\PTCG_AI_Battle_Challenge\\reports\\notebook54\\section4\\section4c_candidate_provenance_audit.csv"", ""D:\\02_AI_and_Data\\Kaggle-AI-Agents\\PTCG_AI_Battle_Challenge\\reports\\notebook54\\section4\\section4c_rejected_false_candidates.csv""]",True,"[1.0, 2.0, 50.0]",False,False,True,True,False,REQUIRES_MANUAL_REVIEW
Charmander,0.38,50.0,11,11,-2,"[""D:\\02_AI_and_Data\\Kaggle-AI-Agents\\PTCG_AI_Battle_Challenge\\reports\\notebook54\\section3\\section3b_discovered_move_records.csv"", ""D:\\02_AI_and_Data\\Kaggle-AI-Agents\\PTCG_AI_Battle_Challenge\\reports\\notebook54\\section4\\section4a_additional_source_backed_moves.csv"", ""D:\\02_AI_and_Data\\Kaggle-AI-Agents\\PTCG_AI_Battle_Challenge\\reports\\notebook54\\section4\\section4a_move_records_manual_review.csv"", ""D:\\02_AI_and_Data\\Kaggle-AI-Agents\\PTCG_AI_Battle_Challenge\\reports\\notebook54\\section4\\section4a_preferred_move_catalog.csv"", ""D:\\02_AI_and_Data\\Kaggle-AI-Agents\\PTCG_AI_Battle_Challenge\\reports\\notebook54\\section4\\section4a_safe_action_catalog.csv"", ""D:\\02_AI_and_Data\\Kaggle-AI-Agents\\PTCG_AI_Battle_Challenge\\reports\\notebook54\\section4\\section4a_simulator_supported_move_records.csv"", ""D:\\02_AI_and_Data\\Kaggle-AI-Agents\\PTCG_AI_Battle_Challenge\\reports\\notebook54\\section4\\section4a_tournament_card_move_records.csv"", ""D:\\02_AI_and_Data\\Kaggle-AI-Agents\\PTCG_AI_Battle_Challenge\\reports\\notebook54\\section4\\section4b_candidate_transition_results.csv"", ""D:\\02_AI_and_Data\\Kaggle-AI-Agents\\PTCG_AI_Battle_Challenge\\reports\\notebook54\\section4\\section4b_transition_validated_candidate_catalog.csv"", ""D:\\02_AI_and_Data\\Kaggle-AI-Agents\\PTCG_AI_Battle_Challenge\\reports\\notebook54\\section4\\section4c_candidate_provenance_audit.csv"", ""D:\\02_AI_and_Data\\Kaggle-AI-Agents\\PTCG_AI_Battle_Challenge\\reports\\notebook54\\section4\\section4c_rejected_false_candidates.csv""]",True,"[1.0, 2.0, 50.0]",False,False,True,True,False,REQUIRES_MANUAL_REVIEW
Charmander,0.55,50.0,11,11,-2,"[""D:\\02_AI_and_Data\\Kaggle-AI-Agents\\PTCG_AI_Battle_Challenge\\reports\\notebook54\\section3\\section3b_discovered_move_records.csv"", ""D:\\02_AI_and_Data\\Kaggle-AI-Agents\\PTCG_AI_Battle_Challenge\\reports\\notebook54\\section4\\section4a_additional_source_backed_moves.csv"", ""D:\\02_AI_and_Data\\Kaggle-AI-Agents\\PTCG_AI_Battle_Challenge\\reports\\notebook54\\section4\\section4a_move_records_manual_review.csv"", ""D:\\02_AI_and_Data\\Kaggle-AI-Agents\\PTCG_AI_Battle_Challenge\\reports\\notebook54\\section4\\section4a_preferred_move_catalog.csv"", ""D:\\02_AI_and_Data\\Kaggle-AI-Agents\\PTCG_AI_Battle_Challenge\\reports\\notebook54\\section4\\section4a_safe_action_catalog.csv"", ""D:\\02_AI_and_Data\\Kaggle-AI-Agents\\PTCG_AI_Battle_Challenge\\reports\\notebook54\\section4\\section4a_simulator_supported_move_records.csv"", ""D:\\02_AI_and_Data\\Kaggle-AI-Agents\\PTCG_AI_Battle_Challenge\\reports\\notebook54\\section4\\section4a_tournament_card_move_records.csv"", ""D:\\02_AI_and_Data\\Kaggle-AI-Agents\\PTCG_AI_Battle_Challenge\\reports\\notebook54\\section4\\section4b_candidate_transition_results.csv"", ""D:\\02_AI_and_Data\\Kaggle-AI-Agents\\PTCG_AI_Battle_Challenge\\reports\\notebook54\\section4\\section4b_transition_validated_candidate_catalog.csv"", ""D:\\02_AI_and_Data\\Kaggle-AI-Agents\\PTCG_AI_Battle_Challenge\\reports\\notebook54\\section4\\section4c_candidate_provenance_audit.csv"", ""D:\\02_AI_and_Data\\Kaggle-AI-Agents\\PTCG_AI_Battle_Challenge\\reports\\notebook54\\section4\\section4c_rejected_false_candidates.csv""]",True,"[1.0, 2.0, 50.0]",False,False,True,True,False,REQUIRES_MANUAL_REVIEW
Charmander,20,50.0,6,6,-2,"[""D:\\02_AI_and_Data\\Kaggle-AI-Agents\\PTCG_AI_Battle_Challenge\\reports\\notebook54\\section3\\section3b_discovered_move_records.csv"", ""D:\\02_AI_and_Data\\Kaggle-AI-Agents\\PTCG_AI_Battle_Challenge\\reports\\notebook54\\section4\\section4a_move_records_manual_review.csv"", ""D:\\02_AI_and_Data\\Kaggle-AI-Agents\\PTCG_AI_Battle_Challenge\\reports\\notebook54\\section4\\section4a_move_source_agreement.csv"", ""D:\\02_AI_and_Data\\Kaggle-AI-Agents\\PTCG_AI_Battle_Challenge\\reports\\notebook54\\section4\\section4a_preferred_move_catalog.csv"", ""D:\\02_AI_and_Data\\Kaggle-AI-Agents\\PTCG_AI_Battle_Challenge\\reports\\notebook54\\section4\\section4a_simulator_supported_move_records.csv"", ""D:\\02_AI_and_Data\\Kaggle-AI-Agents\\PTCG_AI_Battle_Challenge\\reports\\notebook54\\section4\\section4a_tournament_card_move_records.csv""]",True,"[1.0, 50.0]",False,False,True,True,False,REQUIRES_MANUAL_REVIEW
Charmander,37,50.0,1,1,-2,"[""D:\\02_AI_and_Data\\Kaggle-AI-Agents\\PTCG_AI_Battle_Challenge\\reports\\notebook54\\section4\\section4a_card_candidate_profile.csv""]",False,[50.0],False,False,True,True,False,REQUIRES_MANUAL_REVIEW
Charmander,0.2 0.2 1. 0. 0. 0. 0. 1.55,20.0,14,11,-2,"[""D:\\02_AI_and_Data\\Kaggle-AI-Agents\\PTCG_AI_Battle_Challenge\\reports\\notebook54\\section3\\section3b_discovered_move_records.csv"", ""D:\\02_AI_and_Data\\Kaggle-AI-Agents\\PTCG_AI_Battle_Challenge\\reports\\notebook54\\section4\\section4a_additional_source_backed_moves.csv"", ""D:\\02_AI_and_Data\\Kaggle-AI-Agents\\PTCG_AI_Battle_Challenge\\reports\\notebook54\\section4\\section4a_move_records_manual_review.csv"", ""D:\\02_AI_and_Data\\Kaggle-AI-Agents\\PTCG_AI_Battle_Challenge\\reports\\notebook54\\section4\\section4a_preferred_move_catalog.csv"", ""D:\\02_AI_and_Data\\Kaggle-AI-Agents\\PTCG_AI_Battle_Challenge\\reports\\notebook54\\section4\\section4a_safe_action_catalog.csv"", ""D:\\02_AI_and_Data\\Kaggle-AI-Agents\\PTCG_AI_Battle_Challenge\\reports\\notebook54\\section4\\section4a_simulator_supported_move_records.csv"", ""D:\\02_AI_and_Data\\Kaggle-AI-Agents\\PTCG_AI_Battle_Challenge\\reports\\notebook54\\section4\\section4a_tournament_card_move_records.csv"", ""D:\\02_AI_and_Data\\Kaggle-AI-Agents\\PTCG_AI_Battle_Challenge\\reports\\notebook54\\section4\\section4b_candidate_transition_results.csv"", ""D:\\02_AI_and_Data\\Kaggle-AI-Agents\\PTCG_AI_Battle_Challenge\\reports\\notebook54\\section4\\section4b_transition_validated_candidate_catalog.csv"", ""D:\\02_AI_and_Data\\Kaggle-AI-Agents\\PTCG_AI_Battle_Challenge\\reports\\notebook54\\section4\\section4c_candidate_provenance_audit.csv"", ""D:\\02_AI_and_Data\\Kaggle-AI-Agents\\PTCG_AI_Battle_Challenge\\reports\\notebook54\\section4\\section4c_rejected_false_candidates.csv""]",True,"[1.0, 2.0, 20.0]",False,False,True,True,False,REQUIRES_MANUAL_REVIEW
Charmander,1,20.0,7,7,-5,"[""D:\\02_AI_and_Data\\Kaggle-AI-Agents\\PTCG_AI_Battle_Challenge\\reports\\notebook47\\competitive_policy_test_predictions.csv"", ""D:\\02_AI_and_Data\\Kaggle-AI-Agents\\PTCG_AI_Battle_Challenge\\reports\\notebook54\\section4\\section4a_move_records_manual_review.csv"", ""D:\\02_AI_and_Data\\Kaggle-AI-Agents\\PTCG_AI_Battle_Challenge\\reports\\notebook54\\section4\\section4a_preferred_move_catalog.csv"", ""D:\\02_AI_and_Data\\Kaggle-AI-Agents\\PTCG_AI_Battle_Challenge\\reports\\notebook54\\section4\\section4a_simulator_supported_move_records.csv"", ""D:\\02_AI_and_Data\\Kaggle-AI-Agents\\PTCG_AI_Battle_Challenge\\reports\\notebook54\\section4\\section4q_complete_verified_action_catalog.csv"", ""D:\\02_AI_and_Data\\Kaggle-AI-Agents\\PTCG_AI_Battle_Challenge\\reports\\notebook54\\section4\\section4q_printed_vs_simulator_availability.csv"", ""D:\\02_AI_and_Data\\Kaggle-AI-Agents\\PTCG_AI_Battle_Challenge\\reports\\notebook54\\section4\\section4q_verified_printed_actions.csv""]",True,"[1.0, 2.0, 20.0]",False,False,True,True,False,REQUIRES_MANUAL_REVIEW
Charmander,1.0,20.0,9,9,-5,"[""D:\\02_AI_and_Data\\Kaggle-AI-Agents\\PTCG_AI_Battle_Challenge\\reports\\notebook54\\section4\\section4a_additional_source_backed_moves.csv"", ""D:\\02_AI_and_Data\\Kaggle-AI-Agents\\PTCG_AI_Battle_Challenge\\reports\\notebook54\\section4\\section4a_move_records_manual_review.csv"", ""D:\\02_AI_and_Data\\Kaggle-AI-Agents\\PTCG_AI_Battle_Challenge\\reports\\notebook54\\section4\\section4a_preferred_move_catalog.csv"", ""D:\\02_AI_and_Data\\Kaggle-AI-Agents\\PTCG_AI_Battle_Challenge\\reports\\notebook54\\section4\\section4a_safe_action_catalog.csv"", ""D:\\02_AI_and_Data\\Kaggle-AI-Agents\\PTCG_AI_Battle_Challenge\\reports\\notebook54\\section4\\section4a_simulator_supported_move_records.csv"", ""D:\\02_AI_and_Data\\Kaggle-AI-Agents\\PTCG_AI_Battle_Challenge\\reports\\notebook54\\section4\\section4b_candidate_transition_results.csv"", ""D:\\02_AI_and_Data\\Kaggle-AI-Agents\\PTCG_AI_Battle_Challenge\\reports\\notebook54\\section4\\section4b_transition_validated_candidate_catalog.csv"", ""D:\\02_AI_and_Data\\Kaggle-AI-Agents\\PTCG_AI_Battle_Challenge\\reports\\notebook54\\section4\\section4c_candidate_provenance_audit.csv"", ""D:\\02_AI_and_Data\\Kaggle-AI-Agents\\PTCG_AI_Battle_Challenge\\reports\\notebook54\\section4\\section4c_rejected_false_candidates.csv""]",True,"[1.0, 3.0, 20.0]",False,False,True,True,False,REQUIRES_MANUAL_REVIEW
Charmander,1.55,20.0,11,11,-2,"[""D:\\02_AI_and_Data\\Kaggle-AI-Agents\\PTCG_AI_Battle_Challenge\\reports\\notebook54\\section3\\section3b_discovered_move_records.csv"", ""D:\\02_AI_and_Data\\Kaggle-AI-Agents\\PTCG_AI_Battle_Challenge\\reports\\notebook54\\section4\\section4a_additional_source_backed_moves.csv"", ""D:\\02_AI_and_Data\\Kaggle-AI-Agents\\PTCG_AI_Battle_Challenge\\reports\\notebook54\\section4\\section4a_move_records_manual_review.csv"", ""D:\\02_AI_and_Data\\Kaggle-AI-Agents\\PTCG_AI_Battle_Challenge\\reports\\notebook54\\section4\\section4a_preferred_move_catalog.csv"", ""D:\\02_AI_and_Data\\Kaggle-AI-Agents\\PTCG_AI_Battle_Challenge\\reports\\notebook54\\section4\\section4a_safe_action_catalog.csv"", ""D:\\02_AI_and_Data\\Kaggle-AI-Agents\\PTCG_AI_Battle_Challenge\\reports\\notebook54\\section4\\section4a_simulator_supported_move_records.csv"", ""D:\\02_AI_and_Data\\Kaggle-AI-Agents\\PTCG_AI_Battle_Challenge\\reports\\notebook54\\section4\\section4a_tournament_card_move_records.csv"", ""D:\\02_AI_and_Data\\Kaggle-AI-Agents\\PTCG_AI_Battle_Challenge\\reports\\notebook54\\section4\\section4b_candidate_transition_results.csv"", ""D:\\02_AI_and_Data\\Kaggle-AI-Agents\\PTCG_AI_Battle_Challenge\\reports\\notebook54\\section4\\section4b_transition_validated_candidate_catalog.csv"", ""D:\\02_AI_and_Data\\Kaggle-AI-Agents\\PTCG_AI_Battle_Challenge\\reports\\notebook54\\section4\\section4c_candidate_provenance_audit.csv"", ""D:\\02_AI_and_Data\\Kaggle-AI-Agents\\PTCG_AI_Battle_Challenge\\reports\\notebook54\\section4\\section4c_rejected_false_candidates.csv""]",True,"[1.0, 2.0, 20.0]",False,False,True,True,False,REQUIRES_MANUAL_REVIEW
Charmander,2,20.0,7,7,-2,"[""D:\\02_AI_and_Data\\Kaggle-AI-Agents\\PTCG_AI_Battle_Challenge\\reports\\notebook47\\competitive_policy_test_errors.csv"", ""D:\\02_AI_and_Data\\Kaggle-AI-Agents\\PTCG_AI_Battle_Challenge\\reports\\notebook47\\competitive_policy_test_predictions.csv"", ""D:\\02_AI_and_Data\\Kaggle-AI-Agents\\PTCG_AI_Battle_Challenge\\reports\\notebook54\\section3\\section3b_discovered_move_records.csv"", ""D:\\02_AI_and_Data\\Kaggle-AI-Agents\\PTCG_AI_Battle_Challenge\\reports\\notebook54\\section4\\section4a_move_records_manual_review.csv"", ""D:\\02_AI_and_Data\\Kaggle-AI-Agents\\PTCG_AI_Battle_Challenge\\reports\\notebook54\\section4\\section4a_preferred_move_catalog.csv"", ""D:\\02_AI_and_Data\\Kaggle-AI-Agents\\PTCG_AI_Battle_Challenge\\reports\\notebook54\\section4\\section4a_simulator_supported_move_records.csv"", ""D:\\02_AI_and_Data\\Kaggle-AI-Agents\\PTCG_AI_Battle_Challenge\\reports\\notebook54\\section4\\section4a_tournament_card_move_records.csv""]",True,"[1.0, 2.0, 20.0]",False,False,True,True,False,REQUIRES_MANUAL_REVIEW
Charmander,0.08 0.1 1. 0. 0. 0. 0. 1.38,16.0,14,11,-2,"[""D:\\02_AI_and_Data\\Kaggle-AI-Agents\\PTCG_AI_Battle_Challenge\\reports\\notebook54\\section3\\section3b_discovered_move_records.csv"", ""D:\\02_AI_and_Data\\Kaggle-AI-Agents\\PTCG_AI_Battle_Challenge\\reports\\notebook54\\section4\\section4a_additional_source_backed_moves.csv"", ""D:\\02_AI_and_Data\\Kaggle-AI-Agents\\PTCG_AI_Battle_Challenge\\reports\\notebook54\\section4\\section4a_move_records_manual_review.csv"", ""D:\\02_AI_and_Data\\Kaggle-AI-Agents\\PTCG_AI_Battle_Challenge\\reports\\notebook54\\section4\\section4a_preferred_move_catalog.csv"", ""D:\\02_AI_and_Data\\Kaggle-AI-Agents\\PTCG_AI_Battle_Challenge\\reports\\notebook54\\section4\\section4a_safe_action_catalog.csv"", ""D:\\02_AI_and_Data\\Kaggle-AI-Agents\\PTCG_AI_Battle_Challenge\\reports\\notebook54\\section4\\section4a_simulator_supported_move_records.csv"", ""D:\\02_AI_and_Data\\Kaggle-AI-Agents\\PTCG_AI_Battle_Challenge\\reports\\notebook54\\section4\\section4a_tournament_card_move_records.csv"", ""D:\\02_AI_and_Data\\Kaggle-AI-Agents\\PTCG_AI_Battle_Challenge\\reports\\notebook54\\section4\\section4b_candidate_transition_results.csv"", ""D:\\02_AI_and_Data\\Kaggle-AI-Agents\\PTCG_AI_Battle_Challenge\\reports\\notebook54\\section4\\section4b_transition_validated_candidate_catalog.csv"", ""D:\\02_AI_and_Data\\Kaggle-AI-Agents\\PTCG_AI_Battle_Challenge\\reports\\notebook54\\section4\\section4c_candidate_provenance_audit.csv"", ""D:\\02_AI_and_Data\\Kaggle-AI-Agents\\PTCG_AI_Battle_Challenge\\reports\\notebook54\\section4\\section4c_rejected_false_candidates.csv""]",True,"[1.0, 2.0, 16.0]",False,False,True,True,False,REQUIRES_MANUAL_REVIEW
Charmander,1.38,16.0,11,11,-2,"[""D:\\02_AI_and_Data\\Kaggle-AI-Agents\\PTCG_AI_Battle_Challenge\\reports\\notebook54\\section3\\section3b_discovered_move_records.csv"", ""D:\\02_AI_and_Data\\Kaggle-AI-Agents\\PTCG_AI_Battle_Challenge\\reports\\notebook54\\section4\\section4a_additional_source_backed_moves.csv"", ""D:\\02_AI_and_Data\\Kaggle-AI-Agents\\PTCG_AI_Battle_Challenge\\reports\\notebook54\\section4\\section4a_move_records_manual_review.csv"", ""D:\\02_AI_and_Data\\Kaggle-AI-Agents\\PTCG_AI_Battle_Challenge\\reports\\notebook54\\section4\\section4a_preferred_move_catalog.csv"", ""D:\\02_AI_and_Data\\Kaggle-AI-Agents\\PTCG_AI_Battle_Challenge\\reports\\notebook54\\section4\\section4a_safe_action_catalog.csv"", ""D:\\02_AI_and_Data\\Kaggle-AI-Agents\\PTCG_AI_Battle_Challenge\\reports\\notebook54\\section4\\section4a_simulator_supported_move_records.csv"", ""D:\\02_AI_and_Data\\Kaggle-AI-Agents\\PTCG_AI_Battle_Challenge\\reports\\notebook54\\section4\\section4a_tournament_card_move_records.csv"", ""D:\\02_AI_and_Data\\Kaggle-AI-Agents\\PTCG_AI_Battle_Challenge\\reports\\notebook54\\section4\\section4b_candidate_transition_results.csv"", ""D:\\02_AI_and_Data\\Kaggle-AI-Agents\\PTCG_AI_Battle_Challenge\\reports\\notebook54\\section4\\section4b_transition_validated_candidate_catalog.csv"", ""D:\\02_AI_and_Data\\Kaggle-AI-Agents\\PTCG_AI_Battle_Challenge\\reports\\notebook54\\section4\\section4c_candidate_provenance_audit.csv"", ""D:\\02_AI_and_Data\\Kaggle-AI-Agents\\PTCG_AI_Battle_Challenge\\reports\\notebook54\\section4\\section4c_rejected_false_candidates.csv""]",True,"[1.0, 2.0, 16.0]",False,False,True,True,False,REQUIRES_MANUAL_REVIEW
Charmander,8,16.0,7,7,-2,"[""D:\\02_AI_and_Data\\Kaggle-AI-Agents\\PTCG_AI_Battle_Challenge\\reports\\notebook54\\section3\\section3b_discovered_move_records.csv"", ""D:\\02_AI_and_Data\\Kaggle-AI-Agents\\PTCG_AI_Battle_Challenge\\reports\\notebook54\\section4\\section4a_move_records_manual_review.csv"", ""D:\\02_AI_and_Data\\Kaggle-AI-Agents\\PTCG_AI_Battle_Challenge\\reports\\notebook54\\section4\\section4a_move_source_agreement.csv"", ""D:\\02_AI_and_Data\\Kaggle-AI-Agents\\PTCG_AI_Battle_Challenge\\reports\\notebook54\\section4\\section4a_preferred_move_catalog.csv"", ""D:\\02_AI_and_Data\\Kaggle-AI-Agents\\PTCG_AI_Battle_Challenge\\reports\\notebook54\\section4\\section4a_simulator_supported_move_records.csv"", ""D:\\02_AI_and_Data\\Kaggle-AI-Agents\\PTCG_AI_Battle_Challenge\\reports\\notebook54\\section4\\section4a_tournament_card_move_records.csv"", ""D:\\02_AI_and_Data\\Kaggle-AI-Agents\\PTCG_AI_Battle_Challenge\\reports\\notebook54\\section4\\section4b_candidate_transitions_by_card.csv""]",True,"[1.0, 16.0]",False,False,True,True,False,REQUIRES_MANUAL_REVIEW
Charmander,32,8.0,7,7,-2,"[""D:\\02_AI_and_Data\\Kaggle-AI-Agents\\PTCG_AI_Battle_Challenge\\reports\\notebook54\\section3\\section3b_discovered_move_records.csv"", ""D:\\02_AI_and_Data\\Kaggle-AI-Agents\\PTCG_AI_Battle_Challenge\\reports\\notebook54\\section4\\section4a_move_records_manual_review.csv"", ""D:\\02_AI_and_Data\\Kaggle-AI-Agents\\PTCG_AI_Battle_Challenge\\reports\\notebook54\\section4\\section4a_move_source_agreement.csv"", ""D:\\02_AI_and_Data\\Kaggle-AI-Agents\\PTCG_AI_Battle_Challenge\\reports\\notebook54\\section4\\section4a_preferred_move_catalog.csv"", ""D:\\02_AI_and_Data\\Kaggle-AI-Agents\\PTCG_AI_Battle_Challenge\\reports\\notebook54\\section4\\section4a_simulator_supported_move_records.csv"", ""D:\\02_AI_and_Data\\Kaggle-AI-Agents\\PTCG_AI_Battle_Challenge\\reports\\notebook54\\section4\\section4a_tournament_card_move_records.csv"", ""D:\\02_AI_and_Data\\Kaggle-AI-Agents\\PTCG_AI_Battle_Challenge\\reports\\notebook54\\section4\\section4b_candidate_transition_summary.json""]",True,"[1.0, 8.0]",False,False,True,True,False,REQUIRES_MANUAL_REVIEW
Charmander,81,4.0,6,6,-2,"[""D:\\02_AI_and_Data\\Kaggle-AI-Agents\\PTCG_AI_Battle_Challenge\\reports\\notebook54\\section3\\section3b_discovered_move_records.csv"", ""D:\\02_AI_and_Data\\Kaggle-AI-Agents\\PTCG_AI_Battle_Challenge\\reports\\notebook54\\section4\\section4a_move_records_manual_review.csv"", ""D:\\02_AI_and_Data\\Kaggle-AI-Agents\\PTCG_AI_Battle_Challenge\\reports\\notebook54\\section4\\section4a_move_source_agreement.csv"", ""D:\\02_AI_and_Data\\Kaggle-AI-Agents\\PTCG_AI_Battle_Challenge\\reports\\notebook54\\section4\\section4a_preferred_move_catalog.csv"", ""D:\\02_AI_and_Data\\Kaggle-AI-Agents\\PTCG_AI_Battle_Challenge\\reports\\notebook54\\section4\\section4a_simulator_supported_move_records.csv"", ""D:\\02_AI_and_Data\\Kaggle-AI-Agents\\PTCG_AI_Battle_Challenge\\reports\\notebook54\\section4\\section4a_tournament_card_move_records.csv""]",True,"[1.0, 4.0]",False,False,True,True,False,REQUIRES_MANUAL_REVIEW
Charmander,Bite,0.0,7,7,-2,"[""D:\\02_AI_and_Data\\Kaggle-AI-Agents\\PTCG_AI_Battle_Challenge\\reports\\notebook46\\actor_perspective_suspicious_records.csv"", ""D:\\02_AI_and_Data\\Kaggle-AI-Agents\\PTCG_AI_Battle_Challenge\\reports\\notebook54\\section3\\section3b_discovered_move_records.csv"", ""D:\\02_AI_and_Data\\Kaggle-AI-Agents\\PTCG_AI_Battle_Challenge\\reports\\notebook54\\section4\\section4a_move_records_manual_review.csv"", ""D:\\02_AI_and_Data\\Kaggle-AI-Agents\\PTCG_AI_Battle_Challenge\\reports\\notebook54\\section4\\section4a_move_source_agreement.csv"", ""D:\\02_AI_and_Data\\Kaggle-AI-Agents\\PTCG_AI_Battle_Challenge\\reports\\notebook54\\section4\\section4a_preferred_move_catalog.csv"", ""D:\\02_AI_and_Data\\Kaggle-AI-Agents\\PTCG_AI_Battle_Challenge\\reports\\notebook54\\section4\\section4a_simulator_supported_move_records.csv"", ""D:\\02_AI_and_Data\\Kaggle-AI-Agents\\PTCG_AI_Battle_Challenge\\reports\\notebook54\\section4\\section4a_tournament_card_move_records.csv""]",True,"[0.0, 2.0]",False,False,True,True,False,REQUIRES_MANUAL_REVIEW
Charmander,Fury Swipes,0.0,7,7,-2,"[""D:\\02_AI_and_Data\\Kaggle-AI-Agents\\PTCG_AI_Battle_Challenge\\reports\\notebook46\\actor_perspective_suspicious_records.csv"", ""D:\\02_AI_and_Data\\Kaggle-AI-Agents\\PTCG_AI_Battle_Challenge\\reports\\notebook54\\section3\\section3b_discovered_move_records.csv"", ""D:\\02_AI_and_Data\\Kaggle-AI-Agents\\PTCG_AI_Battle_Challenge\\reports\\notebook54\\section4\\section4a_move_records_manual_review.csv"", ""D:\\02_AI_and_Data\\Kaggle-AI-Agents\\PTCG_AI_Battle_Challenge\\reports\\notebook54\\section4\\section4a_move_source_agreement.csv"", ""D:\\02_AI_and_Data\\Kaggle-AI-Agents\\PTCG_AI_Battle_Challenge\\reports\\notebook54\\section4\\section4a_preferred_move_catalog.csv"", ""D:\\02_AI_and_Data\\Kaggle-AI-Agents\\PTCG_AI_Battle_Challenge\\reports\\notebook54\\section4\\section4a_simulator_supported_move_records.csv"", ""D:\\02_AI_and_Data\\Kaggle-AI-Agents\\PTCG_AI_Battle_Challenge\\reports\\notebook54\\section4\\section4a_tournament_card_move_records.csv""]",True,"[0.0, 2.0]",False,False,True,True,False,REQUIRES_MANUAL_REVIEW
Charmander,Pass,0.0,6,6,-5,"[""D:\\02_AI_and_Data\\Kaggle-AI-Agents\\PTCG_AI_Battle_Challenge\\reports\\notebook52\\section5\\section5b_expanded_turn_results.csv"", ""D:\\02_AI_and_Data\\Kaggle-AI-Agents\\PTCG_AI_Battle_Challenge\\reports\\notebook53\\section6\\section6e_tournament_replay_turns.csv"", ""D:\\02_AI_and_Data\\Kaggle-AI-Agents\\PTCG_AI_Battle_Challenge\\reports\\notebook54\\section4\\section4a_move_records_manual_review.csv"", ""D:\\02_AI_and_Data\\Kaggle-AI-Agents\\PTCG_AI_Battle_Challenge\\reports\\notebook54\\section4\\section4a_move_source_agreement.csv"", ""D:\\02_AI_and_Data\\Kaggle-AI-Agents\\PTCG_AI_Battle_Challenge\\reports\\notebook54\\section4\\section4a_preferred_move_catalog.csv"", ""D:\\02_AI_and_Data\\Kaggle-AI-Agents\\PTCG_AI_Battle_Challenge\\reports\\notebook54\\section4\\section4a_simulator_supported_move_records.csv""]",True,"[0.0, 2.0]",False,False,True,True,False,REQUIRES_MANUAL_REVIEW
Charmander,Razor Leaf,0.0,7,7,-2,"[""D:\\02_AI_and_Data\\Kaggle-AI-Agents\\PTCG_AI_Battle_Challenge\\reports\\notebook46\\actor_perspective_suspicious_records.csv"", ""D:\\02_AI_and_Data\\Kaggle-AI-Agents\\PTCG_AI_Battle_Challenge\\reports\\notebook54\\section3\\section3b_discovered_move_records.csv"", ""D:\\02_AI_and_Data\\Kaggle-AI-Agents\\PTCG_AI_Battle_Challenge\\reports\\notebook54\\section4\\section4a_move_records_manual_review.csv"", ""D:\\02_AI_and_Data\\Kaggle-AI-Agents\\PTCG_AI_Battle_Challenge\\reports\\notebook54\\section4\\section4a_move_source_agreement.csv"", ""D:\\02_AI_and_Data\\Kaggle-AI-Agents\\PTCG_AI_Battle_Challenge\\reports\\notebook54\\section4\\section4a_preferred_move_catalog.csv"", ""D:\\02_AI_and_Data\\Kaggle-AI-Agents\\PTCG_AI_Battle_Challenge\\reports\\notebook54\\section4\\section4a_simulator_supported_move_records.csv"", ""D:\\02_AI_and_Data\\Kaggle-AI-Agents\\PTCG_AI_Battle_Challenge\\reports\\notebook54\\section4\\section4a_tournament_card_move_records.csv""]",True,"[0.0, 2.0]",False,False,True,True,False,REQUIRES_MANUAL_REVIEW
Charmander,Tackle,0.0,7,7,-2,"[""D:\\02_AI_and_Data\\Kaggle-AI-Agents\\PTCG_AI_Battle_Challenge\\reports\\notebook46\\actor_perspective_suspicious_records.csv"", ""D:\\02_AI_and_Data\\Kaggle-AI-Agents\\PTCG_AI_Battle_Challenge\\reports\\notebook54\\section3\\section3b_discovered_move_records.csv"", ""D:\\02_AI_and_Data\\Kaggle-AI-Agents\\PTCG_AI_Battle_Challenge\\reports\\notebook54\\section4\\section4a_move_records_manual_review.csv"", ""D:\\02_AI_and_Data\\Kaggle-AI-Agents\\PTCG_AI_Battle_Challenge\\reports\\notebook54\\section4\\section4a_move_source_agreement.csv"", ""D:\\02_AI_and_Data\\Kaggle-AI-Agents\\PTCG_AI_Battle_Challenge\\reports\\notebook54\\section4\\section4a_preferred_move_catalog.csv"", ""D:\\02_AI_and_Data\\Kaggle-AI-Agents\\PTCG_AI_Battle_Challenge\\reports\\notebook54\\section4\\section4a_simulator_supported_move_records.csv"", ""D:\\02_AI_and_Data\\Kaggle-AI-Agents\\PTCG_AI_Battle_Challenge\\reports\\notebook54\\section4\\section4a_tournament_card_move_records.csv""]",True,"[0.0, 2.0]",False,False,True,True,False,REQUIRES_MANUAL_REVIEW
Charmander,Tail Whap,0.0,7,7,-2,"[""D:\\02_AI_and_Data\\Kaggle-AI-Agents\\PTCG_AI_Battle_Challenge\\reports\\notebook46\\actor_perspective_suspicious_records.csv"", ""D:\\02_AI_and_Data\\Kaggle-AI-Agents\\PTCG_AI_Battle_Challenge\\reports\\notebook54\\section3\\section3b_discovered_move_records.csv"", ""D:\\02_AI_and_Data\\Kaggle-AI-Agents\\PTCG_AI_Battle_Challenge\\reports\\notebook54\\section4\\section4a_move_records_manual_review.csv"", ""D:\\02_AI_and_Data\\Kaggle-AI-Agents\\PTCG_AI_Battle_Challenge\\reports\\notebook54\\section4\\section4a_move_source_agreement.csv"", ""D:\\02_AI_and_Data\\Kaggle-AI-Agents\\PTCG_AI_Battle_Challenge\\reports\\notebook54\\section4\\section4a_preferred_move_catalog.csv"", ""D:\\02_AI_and_Data\\Kaggle-AI-Agents\\PTCG_AI_Battle_Challenge\\reports\\notebook54\\section4\\section4a_simulator_supported_move_records.csv"", ""D:\\02_AI_and_Data\\Kaggle-AI-Agents\\PTCG_AI_Battle_Challenge\\reports\\notebook54\\section4\\section4a_tournament_card_move_records.csv""]",True,"[0.0, 2.0]",False,False,True,True,False,REQUIRES_MANUAL_REVIEW
Charmander,Thunderbolt,0.0,7,7,-2,"[""D:\\02_AI_and_Data\\Kaggle-AI-Agents\\PTCG_AI_Battle_Challenge\\reports\\notebook46\\actor_perspective_suspicious_records.csv"", ""D:\\02_AI_and_Data\\Kaggle-AI-Agents\\PTCG_AI_Battle_Challenge\\reports\\notebook54\\section3\\section3b_discovered_move_records.csv"", ""D:\\02_AI_and_Data\\Kaggle-AI-Agents\\PTCG_AI_Battle_Challenge\\reports\\notebook54\\section4\\section4a_move_records_manual_review.csv"", ""D:\\02_AI_and_Data\\Kaggle-AI-Agents\\PTCG_AI_Battle_Challenge\\reports\\notebook54\\section4\\section4a_move_source_agreement.csv"", ""D:\\02_AI_and_Data\\Kaggle-AI-Agents\\PTCG_AI_Battle_Challenge\\reports\\notebook54\\section4\\section4a_preferred_move_catalog.csv"", ""D:\\02_AI_and_Data\\Kaggle-AI-Agents\\PTCG_AI_Battle_Challenge\\reports\\notebook54\\section4\\section4a_simulator_supported_move_records.csv"", ""D:\\02_AI_and_Data\\Kaggle-AI-Agents\\PTCG_AI_Battle_Challenge\\reports\\notebook54\\section4\\section4a_tournament_card_move_records.csv""]",True,"[0.0, 2.0]",False,False,True,True,False,REQUIRES_MANUAL_REVIEW
Charmander,Vine Whip,0.0,7,7,-2,"[""D:\\02_AI_and_Data\\Kaggle-AI-Agents\\PTCG_AI_Battle_Challenge\\reports\\notebook46\\actor_perspective_suspicious_records.csv"", ""D:\\02_AI_and_Data\\Kaggle-AI-Agents\\PTCG_AI_Battle_Challenge\\reports\\notebook54\\section3\\section3b_discovered_move_records.csv"", ""D:\\02_AI_and_Data\\Kaggle-AI-Agents\\PTCG_AI_Battle_Challenge\\reports\\notebook54\\section4\\section4a_move_records_manual_review.csv"", ""D:\\02_AI_and_Data\\Kaggle-AI-Agents\\PTCG_AI_Battle_Challenge\\reports\\notebook54\\section4\\section4a_move_source_agreement.csv"", ""D:\\02_AI_and_Data\\Kaggle-AI-Agents\\PTCG_AI_Battle_Challenge\\reports\\notebook54\\section4\\section4a_preferred_move_catalog.csv"", ""D:\\02_AI_and_Data\\Kaggle-AI-Agents\\PTCG_AI_Battle_Challenge\\reports\\notebook54\\section4\\section4a_simulator_supported_move_records.csv"", ""D:\\02_AI_and_Data\\Kaggle-AI-Agents\\PTCG_AI_Battle_Challenge\\reports\\notebook54\\section4\\section4a_tournament_card_move_records.csv""]",True,"[0.0, 2.0]",False,False,True,True,False,REQUIRES_MANUAL_REVIEW
Charmander,Water Pulse,0.0,7,7,-2,"[""D:\\02_AI_and_Data\\Kaggle-AI-Agents\\PTCG_AI_Battle_Challenge\\reports\\notebook46\\actor_perspective_suspicious_records.csv"", ""D:\\02_AI_and_Data\\Kaggle-AI-Agents\\PTCG_AI_Battle_Challenge\\reports\\notebook54\\section3\\section3b_discovered_move_records.csv"", ""D:\\02_AI_and_Data\\Kaggle-AI-Agents\\PTCG_AI_Battle_Challenge\\reports\\notebook54\\section4\\section4a_move_records_manual_review.csv"", ""D:\\02_AI_and_Data\\Kaggle-AI-Agents\\PTCG_AI_Battle_Challenge\\reports\\notebook54\\section4\\section4a_move_source_agreement.csv"", ""D:\\02_AI_and_Data\\Kaggle-AI-Agents\\PTCG_AI_Battle_Challenge\\reports\\notebook54\\section4\\section4a_preferred_move_catalog.csv"", ""D:\\02_AI_and_Data\\Kaggle-AI-Agents\\PTCG_AI_Battle_Challenge\\reports\\notebook54\\section4\\section4a_simulator_supported_move_records.csv"", ""D:\\02_AI_and_Data\\Kaggle-AI-Agents\\PTCG_AI_Battle_Challenge\\reports\\notebook54\\section4\\section4a_tournament_card_move_records.csv""]",True,"[0.0, 2.0]",False,False,True,True,False,REQUIRES_MANUAL_REVIEW
Eevee,[0.2 0.2 1. 0. 0. 0. 0. 1.55],31.0,1,1,10,"[""D:\\02_AI_and_Data\\Kaggle-AI-Agents\\PTCG_AI_Battle_Challenge\\data\\competitive\\actor_relative_search_expert_dataset.parquet""]",False,[31.0],False,True,True,True,True,ADDITIONAL_SOURCE_BACKED_MOVE
Eevee,"[0.2, 0.2, 1.0, 0.0, 0.0, 0.0, 0.0, 1.55]",31.0,1,1,10,"[""D:\\02_AI_and_Data\\Kaggle-AI-Agents\\PTCG_AI_Battle_Challenge\\data\\competitive\\actor_relative_search_expert_dataset.jsonl""]",False,[31.0],False,True,True,True,True,ADDITIONAL_SOURCE_BACKED_MOVE
Eevee,[0.08 0.1 0. 0. 0. 0. 0. 0.38],20.0,1,1,10,"[""D:\\02_AI_and_Data\\Kaggle-AI-Agents\\PTCG_AI_Battle_Challenge\\data\\competitive\\actor_relative_search_expert_dataset.parquet""]",False,[20.0],False,True,True,True,True,ADDITIONAL_SOURCE_BACKED_MOVE
Eevee,"[0.08, 0.1, 0.0, 0.0, 0.0, 0.0, 0.0, 0.38]",20.0,1,1,10,"[""D:\\02_AI_and_Data\\Kaggle-AI-Agents\\PTCG_AI_Battle_Challenge\\data\\competitive\\actor_relative_search_expert_dataset.jsonl""]",False,[20.0],False,True,True,True,True,ADDITIONAL_SOURCE_BACKED_MOVE
Eevee,[0.2 0.2 0. 0. 0. 0. 0. 0.55],20.0,1,1,10,"[""D:\\02_AI_and_Data\\Kaggle-AI-Agents\\PTCG_AI_Battle_Challenge\\data\\competitive\\actor_relative_search_expert_dataset.parquet""]",False,[20.0],False,True,True,True,True,ADDITIONAL_SOURCE_BACKED_MOVE
Eevee,"[0.2, 0.2, 0.0, 0.0, 0.0, 0.0, 0.0, 0.55]",20.0,1,1,10,"[""D:\\02_AI_and_Data\\Kaggle-AI-Agents\\PTCG_AI_Battle_Challenge\\data\\competitive\\actor_relative_search_expert_dataset.jsonl""]",False,[20.0],False,True,True,True,True,ADDITIONAL_SOURCE_BACKED_MOVE
Eevee,[0.08 0.1 1. 0. 0. 0. 0. 1.38],18.0,1,1,10,"[""D:\\02_AI_and_Data\\Kaggle-AI-Agents\\PTCG_AI_Battle_Challenge\\data\\competitive\\actor_relative_search_expert_dataset.parquet""]",False,[18.0],False,True,True,True,True,ADDITIONAL_SOURCE_BACKED_MOVE
Eevee,"[0.08, 0.1, 1.0, 0.0, 0.0, 0.0, 0.0, 1.38]",18.0,1,1,10,"[""D:\\02_AI_and_Data\\Kaggle-AI-Agents\\PTCG_AI_Battle_Challenge\\data\\competitive\\actor_relative_search_expert_dataset.jsonl""]",False,[18.0],False,True,True,True,True,ADDITIONAL_SOURCE_BACKED_MOVE
Eevee,Quick Attack,20.0,6,6,-5,"[""D:\\02_AI_and_Data\\Kaggle-AI-Agents\\PTCG_AI_Battle_Challenge\\reports\\notebook52\\section5\\section5b_expanded_turn_results.csv"", ""D:\\02_AI_and_Data\\Kaggle-AI-Agents\\PTCG_AI_Battle_Challenge\\reports\\notebook53\\section6\\section6e_tournament_replay_turns.csv"", ""D:\\02_AI_and_Data\\Kaggle-AI-Agents\\PTCG_AI_Battle_Challenge\\reports\\notebook54\\section4\\section4a_preferred_move_catalog.csv"", ""D:\\02_AI_and_Data\\Kaggle-AI-Agents\\PTCG_AI_Battle_Challenge\\reports\\notebook54\\section4\\section4a_safe_action_catalog.csv"", ""D:\\02_AI_and_Data\\Kaggle-AI-Agents\\PTCG_AI_Battle_Challenge\\reports\\notebook54\\section4\\section4a_simulator_supported_move_records.csv"", ""D:\\02_AI_and_Data\\Kaggle-AI-Agents\\PTCG_AI_Battle_Challenge\\reports\\notebook54\\section4\\section4r_verified_attack_energy_readiness.csv""]",True,"[0.0, 3.0, 20.0]",True,False,True,True,False,CURRENT_BENCHMARK_MOVE
Eevee,Ascension,0.0,7,7,-5,"[""D:\\02_AI_and_Data\\Kaggle-AI-Agents\\PTCG_AI_Battle_Challenge\\reports\\notebook52\\section5\\section5b_expanded_turn_results.csv"", ""D:\\02_AI_and_Data\\Kaggle-AI-Agents\\PTCG_AI_Battle_Challenge\\reports\\notebook53\\section6\\section6e_tournament_replay_turns.csv"", ""D:\\02_AI_and_Data\\Kaggle-AI-Agents\\PTCG_AI_Battle_Challenge\\reports\\notebook54\\section4\\section4a_move_source_agreement.csv"", ""D:\\02_AI_and_Data\\Kaggle-AI-Agents\\PTCG_AI_Battle_Challenge\\reports\\notebook54\\section4\\section4a_preferred_move_catalog.csv"", ""D:\\02_AI_and_Data\\Kaggle-AI-Agents\\PTCG_AI_Battle_Challenge\\reports\\notebook54\\section4\\section4a_safe_action_catalog.csv"", ""D:\\02_AI_and_Data\\Kaggle-AI-Agents\\PTCG_AI_Battle_Challenge\\reports\\notebook54\\section4\\section4a_simulator_supported_move_records.csv"", ""D:\\02_AI_and_Data\\Kaggle-AI-Agents\\PTCG_AI_Battle_Challenge\\reports\\notebook54\\section4\\section4r_verified_attack_energy_readiness.csv""]",True,"[0.0, 2.0]",True,False,True,True,False,CURRENT_BENCHMARK_MOVE
Eevee,151,103.0,1,1,-5,"[""D:\\02_AI_and_Data\\Kaggle-AI-Agents\\PTCG_AI_Battle_Challenge\\reports\\notebook54\\section4\\section4a_candidate_move_validation_summary.json""]",False,[103.0],False,False,True,True,False,REQUIRES_MANUAL_REVIEW
Eevee,0.2 0.2 1. 0. 0. 0. 0. 1.55,31.0,14,11,-2,"[""D:\\02_AI_and_Data\\Kaggle-AI-Agents\\PTCG_AI_Battle_Challenge\\reports\\notebook54\\section3\\section3b_discovered_move_records.csv"", ""D:\\02_AI_and_Data\\Kaggle-AI-Agents\\PTCG_AI_Battle_Challenge\\reports\\notebook54\\section4\\section4a_additional_source_backed_moves.csv"", ""D:\\02_AI_and_Data\\Kaggle-AI-Agents\\PTCG_AI_Battle_Challenge\\reports\\notebook54\\section4\\section4a_move_records_manual_review.csv"", ""D:\\02_AI_and_Data\\Kaggle-AI-Agents\\PTCG_AI_Battle_Challenge\\reports\\notebook54\\section4\\section4a_preferred_move_catalog.csv"", ""D:\\02_AI_and_Data\\Kaggle-AI-Agents\\PTCG_AI_Battle_Challenge\\reports\\notebook54\\section4\\section4a_safe_action_catalog.csv"", ""D:\\02_AI_and_Data\\Kaggle-AI-Agents\\PTCG_AI_Battle_Challenge\\reports\\notebook54\\section4\\section4a_simulator_supported_move_records.csv"", ""D:\\02_AI_and_Data\\Kaggle-AI-Agents\\PTCG_AI_Battle_Challenge\\reports\\notebook54\\section4\\section4a_tournament_card_move_records.csv"", ""D:\\02_AI_and_Data\\Kaggle-AI-Agents\\PTCG_AI_Battle_Challenge\\reports\\notebook54\\section4\\section4b_candidate_transition_results.csv"", ""D:\\02_AI_and_Data\\Kaggle-AI-Agents\\PTCG_AI_Battle_Challenge\\reports\\notebook54\\section4\\section4b_transition_validated_candidate_catalog.csv"", ""D:\\02_AI_and_Data\\Kaggle-AI-Agents\\PTCG_AI_Battle_Challenge\\reports\\notebook54\\section4\\section4c_candidate_provenance_audit.csv"", ""D:\\02_AI_and_Data\\Kaggle-AI-Agents\\PTCG_AI_Battle_Challenge\\reports\\notebook54\\section4\\section4c_rejected_false_candidates.csv""]",True,"[1.0, 2.0, 31.0]",False,False,True,True,False,REQUIRES_MANUAL_REVIEW
Eevee,1.0,31.0,11,11,-2,"[""D:\\02_AI_and_Data\\Kaggle-AI-Agents\\PTCG_AI_Battle_Challenge\\reports\\notebook54\\section3\\section3b_discovered_move_records.csv"", ""D:\\02_AI_and_Data\\Kaggle-AI-Agents\\PTCG_AI_Battle_Challenge\\reports\\notebook54\\section4\\section4a_additional_source_backed_moves.csv"", ""D:\\02_AI_and_Data\\Kaggle-AI-Agents\\PTCG_AI_Battle_Challenge\\reports\\notebook54\\section4\\section4a_move_records_manual_review.csv"", ""D:\\02_AI_and_Data\\Kaggle-AI-Agents\\PTCG_AI_Battle_Challenge\\reports\\notebook54\\section4\\section4a_preferred_move_catalog.csv"", ""D:\\02_AI_and_Data\\Kaggle-AI-Agents\\PTCG_AI_Battle_Challenge\\reports\\notebook54\\section4\\section4a_safe_action_catalog.csv"", ""D:\\02_AI_and_Data\\Kaggle-AI-Agents\\PTCG_AI_Battle_Challenge\\reports\\notebook54\\section4\\section4a_simulator_supported_move_records.csv"", ""D:\\02_AI_and_Data\\Kaggle-AI-Agents\\PTCG_AI_Battle_Challenge\\reports\\notebook54\\section4\\section4a_tournament_card_move_records.csv"", ""D:\\02_AI_and_Data\\Kaggle-AI-Agents\\PTCG_AI_Battle_Challenge\\reports\\notebook54\\section4\\section4b_candidate_transition_results.csv"", ""D:\\02_AI_and_Data\\Kaggle-AI-Agents\\PTCG_AI_Battle_Challenge\\reports\\notebook54\\section4\\section4b_transition_validated_candidate_catalog.csv"", ""D:\\02_AI_and_Data\\Kaggle-AI-Agents\\PTCG_AI_Battle_Challenge\\reports\\notebook54\\section4\\section4c_candidate_provenance_audit.csv"", ""D:\\02_AI_and_Data\\Kaggle-AI-Agents\\PTCG_AI_Battle_Challenge\\reports\\notebook54\\section4\\section4c_rejected_false_candidates.csv""]",True,"[1.0, 3.0, 31.0]",False,False,True,True,False,REQUIRES_MANUAL_REVIEW
Eevee,1.55,31.0,11,11,-2,"[""D:\\02_AI_and_Data\\Kaggle-AI-Agents\\PTCG_AI_Battle_Challenge\\reports\\notebook54\\section3\\section3b_discovered_move_records.csv"", ""D:\\02_AI_and_Data\\Kaggle-AI-Agents\\PTCG_AI_Battle_Challenge\\reports\\notebook54\\section4\\section4a_additional_source_backed_moves.csv"", ""D:\\02_AI_and_Data\\Kaggle-AI-Agents\\PTCG_AI_Battle_Challenge\\reports\\notebook54\\section4\\section4a_move_records_manual_review.csv"", ""D:\\02_AI_and_Data\\Kaggle-AI-Agents\\PTCG_AI_Battle_Challenge\\reports\\notebook54\\section4\\section4a_preferred_move_catalog.csv"", ""D:\\02_AI_and_Data\\Kaggle-AI-Agents\\PTCG_AI_Battle_Challenge\\reports\\notebook54\\section4\\section4a_safe_action_catalog.csv"", ""D:\\02_AI_and_Data\\Kaggle-AI-Agents\\PTCG_AI_Battle_Challenge\\reports\\notebook54\\section4\\section4a_simulator_supported_move_records.csv"", ""D:\\02_AI_and_Data\\Kaggle-AI-Agents\\PTCG_AI_Battle_Challenge\\reports\\notebook54\\section4\\section4a_tournament_card_move_records.csv"", ""D:\\02_AI_and_Data\\Kaggle-AI-Agents\\PTCG_AI_Battle_Challenge\\reports\\notebook54\\section4\\section4b_candidate_transition_results.csv"", ""D:\\02_AI_and_Data\\Kaggle-AI-Agents\\PTCG_AI_Battle_Challenge\\reports\\notebook54\\section4\\section4b_transition_validated_candidate_catalog.csv"", ""D:\\02_AI_and_Data\\Kaggle-AI-Agents\\PTCG_AI_Battle_Challenge\\reports\\notebook54\\section4\\section4c_candidate_provenance_audit.csv"", ""D:\\02_AI_and_Data\\Kaggle-AI-Agents\\PTCG_AI_Battle_Challenge\\reports\\notebook54\\section4\\section4c_rejected_false_candidates.csv""]",True,"[1.0, 2.0, 31.0]",False,False,True,True,False,REQUIRES_MANUAL_REVIEW
Eevee,19,31.0,6,6,-2,"[""D:\\02_AI_and_Data\\Kaggle-AI-Agents\\PTCG_AI_Battle_Challenge\\reports\\notebook54\\section3\\section3b_discovered_move_records.csv"", ""D:\\02_AI_and_Data\\Kaggle-AI-Agents\\PTCG_AI_Battle_Challenge\\reports\\notebook54\\section4\\section4a_move_records_manual_review.csv"", ""D:\\02_AI_and_Data\\Kaggle-AI-Agents\\PTCG_AI_Battle_Challenge\\reports\\notebook54\\section4\\section4a_move_source_agreement.csv"", ""D:\\02_AI_and_Data\\Kaggle-AI-Agents\\PTCG_AI_Battle_Challenge\\reports\\notebook54\\section4\\section4a_preferred_move_catalog.csv"", ""D:\\02_AI_and_Data\\Kaggle-AI-Agents\\PTCG_AI_Battle_Challenge\\reports\\notebook54\\section4\\section4a_simulator_supported_move_records.csv"", ""D:\\02_AI_and_Data\\Kaggle-AI-Agents\\PTCG_AI_Battle_Challenge\\reports\\notebook54\\section4\\section4a_tournament_card_move_records.csv""]",True,"[1.0, 31.0]",False,False,True,True,False,REQUIRES_MANUAL_REVIEW
Eevee,36,31.0,1,1,-2,"[""D:\\02_AI_and_Data\\Kaggle-AI-Agents\\PTCG_AI_Battle_Challenge\\reports\\notebook54\\section4\\section4a_card_candidate_profile.csv""]",False,[31.0],False,False,True,True,False,REQUIRES_MANUAL_REVIEW
Eevee,0.0,20.0,4,4,-2,"[""D:\\02_AI_and_Data\\Kaggle-AI-Agents\\PTCG_AI_Battle_Challenge\\reports\\notebook54\\section3\\section3b_discovered_move_records.csv"", ""D:\\02_AI_and_Data\\Kaggle-AI-Agents\\PTCG_AI_Battle_Challenge\\reports\\notebook54\\section4\\section4a_move_records_manual_review.csv"", ""D:\\02_AI_and_Data\\Kaggle-AI-Agents\\PTCG_AI_Battle_Challenge\\reports\\notebook54\\section4\\section4a_simulator_supported_move_records.csv"", ""D:\\02_AI_and_Data\\Kaggle-AI-Agents\\PTCG_AI_Battle_Challenge\\reports\\notebook54\\section4\\section4a_tournament_card_move_records.csv""]",True,"[1.0, 3.0, 20.0, 31.0]",False,False,True,True,False,REQUIRES_MANUAL_REVIEW
Eevee,0.08,20.0,11,11,-2,"[""D:\\02_AI_and_Data\\Kaggle-AI-Agents\\PTCG_AI_Battle_Challenge\\reports\\notebook54\\section3\\section3b_discovered_move_records.csv"", ""D:\\02_AI_and_Data\\Kaggle-AI-Agents\\PTCG_AI_Battle_Challenge\\reports\\notebook54\\section4\\section4a_additional_source_backed_moves.csv"", ""D:\\02_AI_and_Data\\Kaggle-AI-Agents\\PTCG_AI_Battle_Challenge\\reports\\notebook54\\section4\\section4a_move_records_manual_review.csv"", ""D:\\02_AI_and_Data\\Kaggle-AI-Agents\\PTCG_AI_Battle_Challenge\\reports\\notebook54\\section4\\section4a_preferred_move_catalog.csv"", ""D:\\02_AI_and_Data\\Kaggle-AI-Agents\\PTCG_AI_Battle_Challenge\\reports\\notebook54\\section4\\section4a_safe_action_catalog.csv"", ""D:\\02_AI_and_Data\\Kaggle-AI-Agents\\PTCG_AI_Battle_Challenge\\reports\\notebook54\\section4\\section4a_simulator_supported_move_records.csv"", ""D:\\02_AI_and_Data\\Kaggle-AI-Agents\\PTCG_AI_Battle_Challenge\\reports\\notebook54\\section4\\section4a_tournament_card_move_records.csv"", ""D:\\02_AI_and_Data\\Kaggle-AI-Agents\\PTCG_AI_Battle_Challenge\\reports\\notebook54\\section4\\section4b_candidate_transition_results.csv"", ""D:\\02_AI_and_Data\\Kaggle-AI-Agents\\PTCG_AI_Battle_Challenge\\reports\\notebook54\\section4\\section4b_transition_validated_candidate_catalog.csv"", ""D:\\02_AI_and_Data\\Kaggle-AI-Agents\\PTCG_AI_Battle_Challenge\\reports\\notebook54\\section4\\section4c_candidate_provenance_audit.csv"", ""D:\\02_AI_and_Data\\Kaggle-AI-Agents\\PTCG_AI_Battle_Challenge\\reports\\notebook54\\section4\\section4c_rejected_false_candidates.csv""]",True,"[1.0, 2.0, 20.0]",False,False,True,True,False,REQUIRES_MANUAL_REVIEW
Eevee,0.08 0.1 0. 0. 0. 0. 0. 0.38,20.0,14,11,-2,"[""D:\\02_AI_and_Data\\Kaggle-AI-Agents\\PTCG_AI_Battle_Challenge\\reports\\notebook54\\section3\\section3b_discovered_move_records.csv"", ""D:\\02_AI_and_Data\\Kaggle-AI-Agents\\PTCG_AI_Battle_Challenge\\reports\\notebook54\\section4\\section4a_additional_source_backed_moves.csv"", ""D:\\02_AI_and_Data\\Kaggle-AI-Agents\\PTCG_AI_Battle_Challenge\\reports\\notebook54\\section4\\section4a_move_records_manual_review.csv"", ""D:\\02_AI_and_Data\\Kaggle-AI-Agents\\PTCG_AI_Battle_Challenge\\reports\\notebook54\\section4\\section4a_preferred_move_catalog.csv"", ""D:\\02_AI_and_Data\\Kaggle-AI-Agents\\PTCG_AI_Battle_Challenge\\reports\\notebook54\\section4\\section4a_safe_action_catalog.csv"", ""D:\\02_AI_and_Data\\Kaggle-AI-Agents\\PTCG_AI_Battle_Challenge\\reports\\notebook54\\section4\\section4a_simulator_supported_move_records.csv"", ""D:\\02_AI_and_Data\\Kaggle-AI-Agents\\PTCG_AI_Battle_Challenge\\reports\\notebook54\\section4\\section4a_tournament_card_move_records.csv"", ""D:\\02_AI_and_Data\\Kaggle-AI-Agents\\PTCG_AI_Battle_Challenge\\reports\\notebook54\\section4\\section4b_candidate_transition_results.csv"", ""D:\\02_AI_and_Data\\Kaggle-AI-Agents\\PTCG_AI_Battle_Challenge\\reports\\notebook54\\section4\\section4b_transition_validated_candidate_catalog.csv"", ""D:\\02_AI_and_Data\\Kaggle-AI-Agents\\PTCG_AI_Battle_Challenge\\reports\\notebook54\\section4\\section4c_candidate_provenance_audit.csv"", ""D:\\02_AI_and_Data\\Kaggle-AI-Agents\\PTCG_AI_Battle_Challenge\\reports\\notebook54\\section4\\section4c_rejected_false_candidates.csv""]",True,"[1.0, 2.0, 20.0]",False,False,True,True,False,REQUIRES_MANUAL_REVIEW
Eevee,0.1,20.0,11,11,-2,"[""D:\\02_AI_and_Data\\Kaggle-AI-Agents\\PTCG_AI_Battle_Challenge\\reports\\notebook54\\section3\\section3b_discovered_move_records.csv"", ""D:\\02_AI_and_Data\\Kaggle-AI-Agents\\PTCG_AI_Battle_Challenge\\reports\\notebook54\\section4\\section4a_additional_source_backed_moves.csv"", ""D:\\02_AI_and_Data\\Kaggle-AI-Agents\\PTCG_AI_Battle_Challenge\\reports\\notebook54\\section4\\section4a_move_records_manual_review.csv"", ""D:\\02_AI_and_Data\\Kaggle-AI-Agents\\PTCG_AI_Battle_Challenge\\reports\\notebook54\\section4\\section4a_preferred_move_catalog.csv"", ""D:\\02_AI_and_Data\\Kaggle-AI-Agents\\PTCG_AI_Battle_Challenge\\reports\\notebook54\\section4\\section4a_safe_action_catalog.csv"", ""D:\\02_AI_and_Data\\Kaggle-AI-Agents\\PTCG_AI_Battle_Challenge\\reports\\notebook54\\section4\\section4a_simulator_supported_move_records.csv"", ""D:\\02_AI_and_Data\\Kaggle-AI-Agents\\PTCG_AI_Battle_Challenge\\reports\\notebook54\\section4\\section4a_tournament_card_move_records.csv"", ""D:\\02_AI_and_Data\\Kaggle-AI-Agents\\PTCG_AI_Battle_Challenge\\reports\\notebook54\\section4\\section4b_candidate_transition_results.csv"", ""D:\\02_AI_and_Data\\Kaggle-AI-Agents\\PTCG_AI_Battle_Challenge\\reports\\notebook54\\section4\\section4b_transition_validated_candidate_catalog.csv"", ""D:\\02_AI_and_Data\\Kaggle-AI-Agents\\PTCG_AI_Battle_Challenge\\reports\\notebook54\\section4\\section4c_candidate_provenance_audit.csv"", ""D:\\02_AI_and_Data\\Kaggle-AI-Agents\\PTCG_AI_Battle_Challenge\\reports\\notebook54\\section4\\section4c_rejected_false_candidates.csv""]",True,"[1.0, 2.0, 20.0]",False,False,True,True,False,REQUIRES_MANUAL_REVIEW
Eevee,0.2,20.0,4,4,-2,"[""D:\\02_AI_and_Data\\Kaggle-AI-Agents\\PTCG_AI_Battle_Challenge\\reports\\notebook54\\section3\\section3b_discovered_move_records.csv"", ""D:\\02_AI_and_Data\\Kaggle-AI-Agents\\PTCG_AI_Battle_Challenge\\reports\\notebook54\\section4\\section4a_move_records_manual_review.csv"", ""D:\\02_AI_and_Data\\Kaggle-AI-Agents\\PTCG_AI_Battle_Challenge\\reports\\notebook54\\section4\\section4a_simulator_supported_move_records.csv"", ""D:\\02_AI_and_Data\\Kaggle-AI-Agents\\PTCG_AI_Battle_Challenge\\reports\\notebook54\\section4\\section4a_tournament_card_move_records.csv""]",True,"[1.0, 3.0, 20.0, 31.0]",False,False,True,True,False,REQUIRES_MANUAL_REVIEW
Eevee,0.2 0.2 0. 0. 0. 0. 0. 0.55,20.0,14,11,-2,"[""D:\\02_AI_and_Data\\Kaggle-AI-Agents\\PTCG_AI_Battle_Challenge\\reports\\notebook54\\section3\\section3b_discovered_move_records.csv"", ""D:\\02_AI_and_Data\\Kaggle-AI-Agents\\PTCG_AI_Battle_Challenge\\reports\\notebook54\\section4\\section4a_additional_source_backed_moves.csv"", ""D:\\02_AI_and_Data\\Kaggle-AI-Agents\\PTCG_AI_Battle_Challenge\\reports\\notebook54\\section4\\section4a_move_records_manual_review.csv"", ""D:\\02_AI_and_Data\\Kaggle-AI-Agents\\PTCG_AI_Battle_Challenge\\reports\\notebook54\\section4\\section4a_preferred_move_catalog.csv"", ""D:\\02_AI_and_Data\\Kaggle-AI-Agents\\PTCG_AI_Battle_Challenge\\reports\\notebook54\\section4\\section4a_safe_action_catalog.csv"", ""D:\\02_AI_and_Data\\Kaggle-AI-Agents\\PTCG_AI_Battle_Challenge\\reports\\notebook54\\section4\\section4a_simulator_supported_move_records.csv"", ""D:\\02_AI_and_Data\\Kaggle-AI-Agents\\PTCG_AI_Battle_Challenge\\reports\\notebook54\\section4\\section4a_tournament_card_move_records.csv"", ""D:\\02_AI_and_Data\\Kaggle-AI-Agents\\PTCG_AI_Battle_Challenge\\reports\\notebook54\\section4\\section4b_candidate_transition_results.csv"", ""D:\\02_AI_and_Data\\Kaggle-AI-Agents\\PTCG_AI_Battle_Challenge\\reports\\notebook54\\section4\\section4b_transition_validated_candidate_catalog.csv"", ""D:\\02_AI_and_Data\\Kaggle-AI-Agents\\PTCG_AI_Battle_Challenge\\reports\\notebook54\\section4\\section4c_candidate_provenance_audit.csv"", ""D:\\02_AI_and_Data\\Kaggle-AI-Agents\\PTCG_AI_Battle_Challenge\\reports\\notebook54\\section4\\section4c_rejected_false_candidates.csv""]",True,"[1.0, 2.0, 20.0]",False,False,True,True,False,REQUIRES_MANUAL_REVIEW
Eevee,0.38,20.0,11,11,-2,"[""D:\\02_AI_and_Data\\Kaggle-AI-Agents\\PTCG_AI_Battle_Challenge\\reports\\notebook54\\section3\\section3b_discovered_move_records.csv"", ""D:\\02_AI_and_Data\\Kaggle-AI-Agents\\PTCG_AI_Battle_Challenge\\reports\\notebook54\\section4\\section4a_additional_source_backed_moves.csv"", ""D:\\02_AI_and_Data\\Kaggle-AI-Agents\\PTCG_AI_Battle_Challenge\\reports\\notebook54\\section4\\section4a_move_records_manual_review.csv"", ""D:\\02_AI_and_Data\\Kaggle-AI-Agents\\PTCG_AI_Battle_Challenge\\reports\\notebook54\\section4\\section4a_preferred_move_catalog.csv"", ""D:\\02_AI_and_Data\\Kaggle-AI-Agents\\PTCG_AI_Battle_Challenge\\reports\\notebook54\\section4\\section4a_safe_action_catalog.csv"", ""D:\\02_AI_and_Data\\Kaggle-AI-Agents\\PTCG_AI_Battle_Challenge\\reports\\notebook54\\section4\\section4a_simulator_supported_move_records.csv"", ""D:\\02_AI_and_Data\\Kaggle-AI-Agents\\PTCG_AI_Battle_Challenge\\reports\\notebook54\\section4\\section4a_tournament_card_move_records.csv"", ""D:\\02_AI_and_Data\\Kaggle-AI-Agents\\PTCG_AI_Battle_Challenge\\reports\\notebook54\\section4\\section4b_candidate_transition_results.csv"", ""D:\\02_AI_and_Data\\Kaggle-AI-Agents\\PTCG_AI_Battle_Challenge\\reports\\notebook54\\section4\\section4b_transition_validated_candidate_catalog.csv"", ""D:\\02_AI_and_Data\\Kaggle-AI-Agents\\PTCG_AI_Battle_Challenge\\reports\\notebook54\\section4\\section4c_candidate_provenance_audit.csv"", ""D:\\02_AI_and_Data\\Kaggle-AI-Agents\\PTCG_AI_Battle_Challenge\\reports\\notebook54\\section4\\section4c_rejected_false_candidates.csv""]",True,"[1.0, 2.0, 20.0]",False,False,True,True,False,REQUIRES_MANUAL_REVIEW
Eevee,0.55,20.0,11,11,-2,"[""D:\\02_AI_and_Data\\Kaggle-AI-Agents\\PTCG_AI_Battle_Challenge\\reports\\notebook54\\section3\\section3b_discovered_move_records.csv"", ""D:\\02_AI_and_Data\\Kaggle-AI-Agents\\PTCG_AI_Battle_Challenge\\reports\\notebook54\\section4\\section4a_additional_source_backed_moves.csv"", ""D:\\02_AI_and_Data\\Kaggle-AI-Agents\\PTCG_AI_Battle_Challenge\\reports\\notebook54\\section4\\section4a_move_records_manual_review.csv"", ""D:\\02_AI_and_Data\\Kaggle-AI-Agents\\PTCG_AI_Battle_Challenge\\reports\\notebook54\\section4\\section4a_preferred_move_catalog.csv"", ""D:\\02_AI_and_Data\\Kaggle-AI-Agents\\PTCG_AI_Battle_Challenge\\reports\\notebook54\\section4\\section4a_safe_action_catalog.csv"", ""D:\\02_AI_and_Data\\Kaggle-AI-Agents\\PTCG_AI_Battle_Challenge\\reports\\notebook54\\section4\\section4a_simulator_supported_move_records.csv"", ""D:\\02_AI_and_Data\\Kaggle-AI-Agents\\PTCG_AI_Battle_Challenge\\reports\\notebook54\\section4\\section4a_tournament_card_move_records.csv"", ""D:\\02_AI_and_Data\\Kaggle-AI-Agents\\PTCG_AI_Battle_Challenge\\reports\\notebook54\\section4\\section4b_candidate_transition_results.csv"", ""D:\\02_AI_and_Data\\Kaggle-AI-Agents\\PTCG_AI_Battle_Challenge\\reports\\notebook54\\section4\\section4b_transition_validated_candidate_catalog.csv"", ""D:\\02_AI_and_Data\\Kaggle-AI-Agents\\PTCG_AI_Battle_Challenge\\reports\\notebook54\\section4\\section4c_candidate_provenance_audit.csv"", ""D:\\02_AI_and_Data\\Kaggle-AI-Agents\\PTCG_AI_Battle_Challenge\\reports\\notebook54\\section4\\section4c_rejected_false_candidates.csv""]",True,"[1.0, 2.0, 20.0]",False,False,True,True,False,REQUIRES_MANUAL_REVIEW
Eevee,2,20.0,5,5,-5,"[""D:\\02_AI_and_Data\\Kaggle-AI-Agents\\PTCG_AI_Battle_Challenge\\reports\\notebook47\\competitive_policy_test_errors.csv"", ""D:\\02_AI_and_Data\\Kaggle-AI-Agents\\PTCG_AI_Battle_Challenge\\reports\\notebook47\\competitive_policy_test_predictions.csv"", ""D:\\02_AI_and_Data\\Kaggle-AI-Agents\\PTCG_AI_Battle_Challenge\\reports\\notebook54\\section4\\section4a_move_records_manual_review.csv"", ""D:\\02_AI_and_Data\\Kaggle-AI-Agents\\PTCG_AI_Battle_Challenge\\reports\\notebook54\\section4\\section4a_preferred_move_catalog.csv"", ""D:\\02_AI_and_Data\\Kaggle-AI-Agents\\PTCG_AI_Battle_Challenge\\reports\\notebook54\\section4\\section4a_simulator_supported_move_records.csv""]",True,"[1.0, 2.0, 20.0]",False,False,True,True,False,REQUIRES_MANUAL_REVIEW
Eevee,0.08 0.1 1. 0. 0. 0. 0. 1.38,18.0,14,11,-2,"[""D:\\02_AI_and_Data\\Kaggle-AI-Agents\\PTCG_AI_Battle_Challenge\\reports\\notebook54\\section3\\section3b_discovered_move_records.csv"", ""D:\\02_AI_and_Data\\Kaggle-AI-Agents\\PTCG_AI_Battle_Challenge\\reports\\notebook54\\section4\\section4a_additional_source_backed_moves.csv"", ""D:\\02_AI_and_Data\\Kaggle-AI-Agents\\PTCG_AI_Battle_Challenge\\reports\\notebook54\\section4\\section4a_move_records_manual_review.csv"", ""D:\\02_AI_and_Data\\Kaggle-AI-Agents\\PTCG_AI_Battle_Challenge\\reports\\notebook54\\section4\\section4a_preferred_move_catalog.csv"", ""D:\\02_AI_and_Data\\Kaggle-AI-Agents\\PTCG_AI_Battle_Challenge\\reports\\notebook54\\section4\\section4a_safe_action_catalog.csv"", ""D:\\02_AI_and_Data\\Kaggle-AI-Agents\\PTCG_AI_Battle_Challenge\\reports\\notebook54\\section4\\section4a_simulator_supported_move_records.csv"", ""D:\\02_AI_and_Data\\Kaggle-AI-Agents\\PTCG_AI_Battle_Challenge\\reports\\notebook54\\section4\\section4a_tournament_card_move_records.csv"", ""D:\\02_AI_and_Data\\Kaggle-AI-Agents\\PTCG_AI_Battle_Challenge\\reports\\notebook54\\section4\\section4b_candidate_transition_results.csv"", ""D:\\02_AI_and_Data\\Kaggle-AI-Agents\\PTCG_AI_Battle_Challenge\\reports\\notebook54\\section4\\section4b_transition_validated_candidate_catalog.csv"", ""D:\\02_AI_and_Data\\Kaggle-AI-Agents\\PTCG_AI_Battle_Challenge\\reports\\notebook54\\section4\\section4c_candidate_provenance_audit.csv"", ""D:\\02_AI_and_Data\\Kaggle-AI-Agents\\PTCG_AI_Battle_Challenge\\reports\\notebook54\\section4\\section4c_rejected_false_candidates.csv""]",True,"[1.0, 2.0, 18.0]",False,False,True,True,False,REQUIRES_MANUAL_REVIEW
Eevee,1.38,18.0,11,11,-2,"[""D:\\02_AI_and_Data\\Kaggle-AI-Agents\\PTCG_AI_Battle_Challenge\\reports\\notebook54\\section3\\section3b_discovered_move_records.csv"", ""D:\\02_AI_and_Data\\Kaggle-AI-Agents\\PTCG_AI_Battle_Challenge\\reports\\notebook54\\section4\\section4a_additional_source_backed_moves.csv"", ""D:\\02_AI_and_Data\\Kaggle-AI-Agents\\PTCG_AI_Battle_Challenge\\reports\\notebook54\\section4\\section4a_move_records_manual_review.csv"", ""D:\\02_AI_and_Data\\Kaggle-AI-Agents\\PTCG_AI_Battle_Challenge\\reports\\notebook54\\section4\\section4a_preferred_move_catalog.csv"", ""D:\\02_AI_and_Data\\Kaggle-AI-Agents\\PTCG_AI_Battle_Challenge\\reports\\notebook54\\section4\\section4a_safe_action_catalog.csv"", ""D:\\02_AI_and_Data\\Kaggle-AI-Agents\\PTCG_AI_Battle_Challenge\\reports\\notebook54\\section4\\section4a_simulator_supported_move_records.csv"", ""D:\\02_AI_and_Data\\Kaggle-AI-Agents\\PTCG_AI_Battle_Challenge\\reports\\notebook54\\section4\\section4a_tournament_card_move_records.csv"", ""D:\\02_AI_and_Data\\Kaggle-AI-Agents\\PTCG_AI_Battle_Challenge\\reports\\notebook54\\section4\\section4b_candidate_transition_results.csv"", ""D:\\02_AI_and_Data\\Kaggle-AI-Agents\\PTCG_AI_Battle_Challenge\\reports\\notebook54\\section4\\section4b_transition_validated_candidate_catalog.csv"", ""D:\\02_AI_and_Data\\Kaggle-AI-Agents\\PTCG_AI_Battle_Challenge\\reports\\notebook54\\section4\\section4c_candidate_provenance_audit.csv"", ""D:\\02_AI_and_Data\\Kaggle-AI-Agents\\PTCG_AI_Battle_Challenge\\reports\\notebook54\\section4\\section4c_rejected_false_candidates.csv""]",True,"[1.0, 2.0, 18.0]",False,False,True,True,False,REQUIRES_MANUAL_REVIEW
Eevee,8,18.0,7,7,-2,"[""D:\\02_AI_and_Data\\Kaggle-AI-Agents\\PTCG_AI_Battle_Challenge\\reports\\notebook54\\section3\\section3b_discovered_move_records.csv"", ""D:\\02_AI_and_Data\\Kaggle-AI-Agents\\PTCG_AI_Battle_Challenge\\reports\\notebook54\\section4\\section4a_move_records_manual_review.csv"", ""D:\\02_AI_and_Data\\Kaggle-AI-Agents\\PTCG_AI_Battle_Challenge\\reports\\notebook54\\section4\\section4a_move_source_agreement.csv"", ""D:\\02_AI_and_Data\\Kaggle-AI-Agents\\PTCG_AI_Battle_Challenge\\reports\\notebook54\\section4\\section4a_preferred_move_catalog.csv"", ""D:\\02_AI_and_Data\\Kaggle-AI-Agents\\PTCG_AI_Battle_Challenge\\reports\\notebook54\\section4\\section4a_simulator_supported_move_records.csv"", ""D:\\02_AI_and_Data\\Kaggle-AI-Agents\\PTCG_AI_Battle_Challenge\\reports\\notebook54\\section4\\section4a_tournament_card_move_records.csv"", ""D:\\02_AI_and_Data\\Kaggle-AI-Agents\\PTCG_AI_Battle_Challenge\\reports\\notebook54\\section4\\section4b_candidate_transitions_by_card.csv""]",True,"[1.0, 18.0]",False,False,True,True,False,REQUIRES_MANUAL_REVIEW
Eevee,32,8.0,7,7,-2,"[""D:\\02_AI_and_Data\\Kaggle-AI-Agents\\PTCG_AI_Battle_Challenge\\reports\\notebook54\\section3\\section3b_discovered_move_records.csv"", ""D:\\02_AI_and_Data\\Kaggle-AI-Agents\\PTCG_AI_Battle_Challenge\\reports\\notebook54\\section4\\section4a_move_records_manual_review.csv"", ""D:\\02_AI_and_Data\\Kaggle-AI-Agents\\PTCG_AI_Battle_Challenge\\reports\\notebook54\\section4\\section4a_move_source_agreement.csv"", ""D:\\02_AI_and_Data\\Kaggle-AI-Agents\\PTCG_AI_Battle_Challenge\\reports\\notebook54\\section4\\section4a_preferred_move_catalog.csv"", ""D:\\02_AI_and_Data\\Kaggle-AI-Agents\\PTCG_AI_Battle_Challenge\\reports\\notebook54\\section4\\section4a_simulator_supported_move_records.csv"", ""D:\\02_AI_and_Data\\Kaggle-AI-Agents\\PTCG_AI_Battle_Challenge\\reports\\notebook54\\section4\\section4a_tournament_card_move_records.csv"", ""D:\\02_AI_and_Data\\Kaggle-AI-Agents\\PTCG_AI_Battle_Challenge\\reports\\notebook54\\section4\\section4b_candidate_transition_summary.json""]",True,"[1.0, 8.0]",False,False,True,True,False,REQUIRES_MANUAL_REVIEW
Eevee,81,4.0,6,6,-2,"[""D:\\02_AI_and_Data\\Kaggle-AI-Agents\\PTCG_AI_Battle_Challenge\\reports\\notebook54\\section3\\section3b_discovered_move_records.csv"", ""D:\\02_AI_and_Data\\Kaggle-AI-Agents\\PTCG_AI_Battle_Challenge\\reports\\notebook54\\section4\\section4a_move_records_manual_review.csv"", ""D:\\02_AI_and_Data\\Kaggle-AI-Agents\\PTCG_AI_Battle_Challenge\\reports\\notebook54\\section4\\section4a_move_source_agreement.csv"", ""D:\\02_AI_and_Data\\Kaggle-AI-Agents\\PTCG_AI_Battle_Challenge\\reports\\notebook54\\section4\\section4a_preferred_move_catalog.csv"", ""D:\\02_AI_and_Data\\Kaggle-AI-Agents\\PTCG_AI_Battle_Challenge\\reports\\notebook54\\section4\\section4a_simulator_supported_move_records.csv"", ""D:\\02_AI_and_Data\\Kaggle-AI-Agents\\PTCG_AI_Battle_Challenge\\reports\\notebook54\\section4\\section4a_tournament_card_move_records.csv""]",True,"[1.0, 4.0]",False,False,True,True,False,REQUIRES_MANUAL_REVIEW
Eevee,Flame Tail,0.0,7,7,-2,"[""D:\\02_AI_and_Data\\Kaggle-AI-Agents\\PTCG_AI_Battle_Challenge\\reports\\notebook46\\actor_perspective_suspicious_records.csv"", ""D:\\02_AI_and_Data\\Kaggle-AI-Agents\\PTCG_AI_Battle_Challenge\\reports\\notebook54\\section3\\section3b_discovered_move_records.csv"", ""D:\\02_AI_and_Data\\Kaggle-AI-Agents\\PTCG_AI_Battle_Challenge\\reports\\notebook54\\section4\\section4a_move_records_manual_review.csv"", ""D:\\02_AI_and_Data\\Kaggle-AI-Agents\\PTCG_AI_Battle_Challenge\\reports\\notebook54\\section4\\section4a_move_source_agreement.csv"", ""D:\\02_AI_and_Data\\Kaggle-AI-Agents\\PTCG_AI_Battle_Challenge\\reports\\notebook54\\section4\\section4a_preferred_move_catalog.csv"", ""D:\\02_AI_and_Data\\Kaggle-AI-Agents\\PTCG_AI_Battle_Challenge\\reports\\notebook54\\section4\\section4a_simulator_supported_move_records.csv"", ""D:\\02_AI_and_Data\\Kaggle-AI-Agents\\PTCG_AI_Battle_Challenge\\reports\\notebook54\\section4\\section4a_tournament_card_move_records.csv""]",True,"[0.0, 2.0]",False,False,True,True,False,REQUIRES_MANUAL_REVIEW
Eevee,Fury Swipes,0.0,7,7,-2,"[""D:\\02_AI_and_Data\\Kaggle-AI-Agents\\PTCG_AI_Battle_Challenge\\reports\\notebook46\\actor_perspective_suspicious_records.csv"", ""D:\\02_AI_and_Data\\Kaggle-AI-Agents\\PTCG_AI_Battle_Challenge\\reports\\notebook54\\section3\\section3b_discovered_move_records.csv"", ""D:\\02_AI_and_Data\\Kaggle-AI-Agents\\PTCG_AI_Battle_Challenge\\reports\\notebook54\\section4\\section4a_move_records_manual_review.csv"", ""D:\\02_AI_and_Data\\Kaggle-AI-Agents\\PTCG_AI_Battle_Challenge\\reports\\notebook54\\section4\\section4a_move_source_agreement.csv"", ""D:\\02_AI_and_Data\\Kaggle-AI-Agents\\PTCG_AI_Battle_Challenge\\reports\\notebook54\\section4\\section4a_preferred_move_catalog.csv"", ""D:\\02_AI_and_Data\\Kaggle-AI-Agents\\PTCG_AI_Battle_Challenge\\reports\\notebook54\\section4\\section4a_simulator_supported_move_records.csv"", ""D:\\02_AI_and_Data\\Kaggle-AI-Agents\\PTCG_AI_Battle_Challenge\\reports\\notebook54\\section4\\section4a_tournament_card_move_records.csv""]",True,"[0.0, 2.0]",False,False,True,True,False,REQUIRES_MANUAL_REVIEW
Eevee,Razor Leaf,0.0,7,7,-2,"[""D:\\02_AI_and_Data\\Kaggle-AI-Agents\\PTCG_AI_Battle_Challenge\\reports\\notebook46\\actor_perspective_suspicious_records.csv"", ""D:\\02_AI_and_Data\\Kaggle-AI-Agents\\PTCG_AI_Battle_Challenge\\reports\\notebook54\\section3\\section3b_discovered_move_records.csv"", ""D:\\02_AI_and_Data\\Kaggle-AI-Agents\\PTCG_AI_Battle_Challenge\\reports\\notebook54\\section4\\section4a_move_records_manual_review.csv"", ""D:\\02_AI_and_Data\\Kaggle-AI-Agents\\PTCG_AI_Battle_Challenge\\reports\\notebook54\\section4\\section4a_move_source_agreement.csv"", ""D:\\02_AI_and_Data\\Kaggle-AI-Agents\\PTCG_AI_Battle_Challenge\\reports\\notebook54\\section4\\section4a_preferred_move_catalog.csv"", ""D:\\02_AI_and_Data\\Kaggle-AI-Agents\\PTCG_AI_Battle_Challenge\\reports\\notebook54\\section4\\section4a_simulator_supported_move_records.csv"", ""D:\\02_AI_and_Data\\Kaggle-AI-Agents\\PTCG_AI_Battle_Challenge\\reports\\notebook54\\section4\\section4a_tournament_card_move_records.csv""]",True,"[0.0, 2.0]",False,False,True,True,False,REQUIRES_MANUAL_REVIEW
Eevee,Scratch,0.0,7,7,-2,"[""D:\\02_AI_and_Data\\Kaggle-AI-Agents\\PTCG_AI_Battle_Challenge\\reports\\notebook46\\actor_perspective_suspicious_records.csv"", ""D:\\02_AI_and_Data\\Kaggle-AI-Agents\\PTCG_AI_Battle_Challenge\\reports\\notebook54\\section3\\section3b_discovered_move_records.csv"", ""D:\\02_AI_and_Data\\Kaggle-AI-Agents\\PTCG_AI_Battle_Challenge\\reports\\notebook54\\section4\\section4a_move_records_manual_review.csv"", ""D:\\02_AI_and_Data\\Kaggle-AI-Agents\\PTCG_AI_Battle_Challenge\\reports\\notebook54\\section4\\section4a_move_source_agreement.csv"", ""D:\\02_AI_and_Data\\Kaggle-AI-Agents\\PTCG_AI_Battle_Challenge\\reports\\notebook54\\section4\\section4a_preferred_move_catalog.csv"", ""D:\\02_AI_and_Data\\Kaggle-AI-Agents\\PTCG_AI_Battle_Challenge\\reports\\notebook54\\section4\\section4a_simulator_supported_move_records.csv"", ""D:\\02_AI_and_Data\\Kaggle-AI-Agents\\PTCG_AI_Battle_Challenge\\reports\\notebook54\\section4\\section4a_tournament_card_move_records.csv""]",True,"[0.0, 2.0]",False,False,True,True,False,REQUIRES_MANUAL_REVIEW
Eevee,Tackle,0.0,7,7,-2,"[""D:\\02_AI_and_Data\\Kaggle-AI-Agents\\PTCG_AI_Battle_Challenge\\reports\\notebook46\\actor_perspective_suspicious_records.csv"", ""D:\\02_AI_and_Data\\Kaggle-AI-Agents\\PTCG_AI_Battle_Challenge\\reports\\notebook54\\section3\\section3b_discovered_move_records.csv"", ""D:\\02_AI_and_Data\\Kaggle-AI-Agents\\PTCG_AI_Battle_Challenge\\reports\\notebook54\\section4\\section4a_move_records_manual_review.csv"", ""D:\\02_AI_and_Data\\Kaggle-AI-Agents\\PTCG_AI_Battle_Challenge\\reports\\notebook54\\section4\\section4a_move_source_agreement.csv"", ""D:\\02_AI_and_Data\\Kaggle-AI-Agents\\PTCG_AI_Battle_Challenge\\reports\\notebook54\\section4\\section4a_preferred_move_catalog.csv"", ""D:\\02_AI_and_Data\\Kaggle-AI-Agents\\PTCG_AI_Battle_Challenge\\reports\\notebook54\\section4\\section4a_simulator_supported_move_records.csv"", ""D:\\02_AI_and_Data\\Kaggle-AI-Agents\\PTCG_AI_Battle_Challenge\\reports\\notebook54\\section4\\section4a_tournament_card_move_records.csv""]",True,"[0.0, 2.0]",False,False,True,True,False,REQUIRES_MANUAL_REVIEW
Eevee,Thunderbolt,0.0,7,7,-2,"[""D:\\02_AI_and_Data\\Kaggle-AI-Agents\\PTCG_AI_Battle_Challenge\\reports\\notebook46\\actor_perspective_suspicious_records.csv"", ""D:\\02_AI_and_Data\\Kaggle-AI-Agents\\PTCG_AI_Battle_Challenge\\reports\\notebook54\\section3\\section3b_discovered_move_records.csv"", ""D:\\02_AI_and_Data\\Kaggle-AI-Agents\\PTCG_AI_Battle_Challenge\\reports\\notebook54\\section4\\section4a_move_records_manual_review.csv"", ""D:\\02_AI_and_Data\\Kaggle-AI-Agents\\PTCG_AI_Battle_Challenge\\reports\\notebook54\\section4\\section4a_move_source_agreement.csv"", ""D:\\02_AI_and_Data\\Kaggle-AI-Agents\\PTCG_AI_Battle_Challenge\\reports\\notebook54\\section4\\section4a_preferred_move_catalog.csv"", ""D:\\02_AI_and_Data\\Kaggle-AI-Agents\\PTCG_AI_Battle_Challenge\\reports\\notebook54\\section4\\section4a_simulator_supported_move_records.csv"", ""D:\\02_AI_and_Data\\Kaggle-AI-Agents\\PTCG_AI_Battle_Challenge\\reports\\notebook54\\section4\\section4a_tournament_card_move_records.csv""]",True,"[0.0, 2.0]",False,False,True,True,False,REQUIRES_MANUAL_REVIEW
Eevee,Vine Whip,0.0,7,7,-2,"[""D:\\02_AI_and_Data\\Kaggle-AI-Agents\\PTCG_AI_Battle_Challenge\\reports\\notebook46\\actor_perspective_suspicious_records.csv"", ""D:\\02_AI_and_Data\\Kaggle-AI-Agents\\PTCG_AI_Battle_Challenge\\reports\\notebook54\\section3\\section3b_discovered_move_records.csv"", ""D:\\02_AI_and_Data\\Kaggle-AI-Agents\\PTCG_AI_Battle_Challenge\\reports\\notebook54\\section4\\section4a_move_records_manual_review.csv"", ""D:\\02_AI_and_Data\\Kaggle-AI-Agents\\PTCG_AI_Battle_Challenge\\reports\\notebook54\\section4\\section4a_move_source_agreement.csv"", ""D:\\02_AI_and_Data\\Kaggle-AI-Agents\\PTCG_AI_Battle_Challenge\\reports\\notebook54\\section4\\section4a_preferred_move_catalog.csv"", ""D:\\02_AI_and_Data\\Kaggle-AI-Agents\\PTCG_AI_Battle_Challenge\\reports\\notebook54\\section4\\section4a_simulator_supported_move_records.csv"", ""D:\\02_AI_and_Data\\Kaggle-AI-Agents\\PTCG_AI_Battle_Challenge\\reports\\notebook54\\section4\\section4a_tournament_card_move_records.csv""]",True,"[0.0, 2.0]",False,False,True,True,False,REQUIRES_MANUAL_REVIEW
Eevee,Water Pulse,0.0,7,7,-2,"[""D:\\02_AI_and_Data\\Kaggle-AI-Agents\\PTCG_AI_Battle_Challenge\\reports\\notebook46\\actor_perspective_suspicious_records.csv"", ""D:\\02_AI_and_Data\\Kaggle-AI-Agents\\PTCG_AI_Battle_Challenge\\reports\\notebook54\\section3\\section3b_discovered_move_records.csv"", ""D:\\02_AI_and_Data\\Kaggle-AI-Agents\\PTCG_AI_Battle_Challenge\\reports\\notebook54\\section4\\section4a_move_records_manual_review.csv"", ""D:\\02_AI_and_Data\\Kaggle-AI-Agents\\PTCG_AI_Battle_Challenge\\reports\\notebook54\\section4\\section4a_move_source_agreement.csv"", ""D:\\02_AI_and_Data\\Kaggle-AI-Agents\\PTCG_AI_Battle_Challenge\\reports\\notebook54\\section4\\section4a_preferred_move_catalog.csv"", ""D:\\02_AI_and_Data\\Kaggle-AI-Agents\\PTCG_AI_Battle_Challenge\\reports\\notebook54\\section4\\section4a_simulator_supported_move_records.csv"", ""D:\\02_AI_and_Data\\Kaggle-AI-Agents\\PTCG_AI_Battle_Challenge\\reports\\notebook54\\section4\\section4a_tournament_card_move_records.csv""]",True,"[0.0, 2.0]",False,False,True,True,False,REQUIRES_MANUAL_REVIEW
Meowth,[0.24 0.2 0. 0. 0. 0. 0. 0.64],60.0,1,1,10,"[""D:\\02_AI_and_Data\\Kaggle-AI-Agents\\PTCG_AI_Battle_Challenge\\data\\competitive\\actor_relative_search_expert_dataset.parquet""]",False,[60.0],False,True,True,True,True,ADDITIONAL_SOURCE_BACKED_MOVE
Meowth,"[0.24, 0.2, 0.0, 0.0, 0.0, 0.0, 0.0, 0.639999999999999]",60.0,1,1,10,"[""D:\\02_AI_and_Data\\Kaggle-AI-Agents\\PTCG_AI_Battle_Challenge\\data\\competitive\\actor_relative_search_expert_dataset.jsonl""]",False,[60.0],False,True,True,True,True,ADDITIONAL_SOURCE_BACKED_MOVE
Meowth,[0.24 0.2 1. 0. 0. 0. 0. 1.64],33.0,1,1,10,"[""D:\\02_AI_and_Data\\Kaggle-AI-Agents\\PTCG_AI_Battle_Challenge\\data\\competitive\\actor_relative_search_expert_dataset.parquet""]",False,[33.0],False,True,True,True,True,ADDITIONAL_SOURCE_BACKED_MOVE
Meowth,"[0.24, 0.2, 1.0, 0.0, 0.0, 0.0, 0.0, 1.6400000000000001]",33.0,1,1,10,"[""D:\\02_AI_and_Data\\Kaggle-AI-Agents\\PTCG_AI_Battle_Challenge\\data\\competitive\\actor_relative_search_expert_dataset.jsonl""]",False,[33.0],False,True,True,True,True,ADDITIONAL_SOURCE_BACKED_MOVE
Meowth,[0.08 0.1 0. 0. 0. 0. 0. 0.38],20.0,1,1,10,"[""D:\\02_AI_and_Data\\Kaggle-AI-Agents\\PTCG_AI_Battle_Challenge\\data\\competitive\\actor_relative_search_expert_dataset.parquet""]",False,[20.0],False,True,True,True,True,ADDITIONAL_SOURCE_BACKED_MOVE
Meowth,"[0.08, 0.1, 0.0, 0.0, 0.0, 0.0, 0.0, 0.38]",20.0,1,1,10,"[""D:\\02_AI_and_Data\\Kaggle-AI-Agents\\PTCG_AI_Battle_Challenge\\data\\competitive\\actor_relative_search_expert_dataset.jsonl""]",False,[20.0],False,True,True,True,True,ADDITIONAL_SOURCE_BACKED_MOVE
Meowth,[0.08 0.1 1. 0. 0. 0. 0. 1.38],8.0,1,1,10,"[""D:\\02_AI_and_Data\\Kaggle-AI-Agents\\PTCG_AI_Battle_Challenge\\data\\competitive\\actor_relative_search_expert_dataset.parquet""]",False,[8.0],False,True,True,True,True,ADDITIONAL_SOURCE_BACKED_MOVE
Meowth,"[0.08, 0.1, 1.0, 0.0, 0.0, 0.0, 0.0, 1.38]",8.0,1,1,10,"[""D:\\02_AI_and_Data\\Kaggle-AI-Agents\\PTCG_AI_Battle_Challenge\\data\\competitive\\actor_relative_search_expert_dataset.jsonl""]",False,[8.0],False,True,True,True,True,ADDITIONAL_SOURCE_BACKED_MOVE
Meowth,Tuck Tail,0.0,6,6,-5,"[""D:\\02_AI_and_Data\\Kaggle-AI-Agents\\PTCG_AI_Battle_Challenge\\reports\\notebook52\\section5\\section5b_expanded_turn_results.csv"", ""D:\\02_AI_and_Data\\Kaggle-AI-Agents\\PTCG_AI_Battle_Challenge\\reports\\notebook53\\section6\\section6e_tournament_replay_turns.csv"", ""D:\\02_AI_and_Data\\Kaggle-AI-Agents\\PTCG_AI_Battle_Challenge\\reports\\notebook54\\section4\\section4a_move_source_agreement.csv"", ""D:\\02_AI_and_Data\\Kaggle-AI-Agents\\PTCG_AI_Battle_Challenge\\reports\\notebook54\\section4\\section4a_preferred_move_catalog.csv"", ""D:\\02_AI_and_Data\\Kaggle-AI-Agents\\PTCG_AI_Battle_Challenge\\reports\\notebook54\\section4\\section4a_safe_action_catalog.csv"", ""D:\\02_AI_and_Data\\Kaggle-AI-Agents\\PTCG_AI_Battle_Challenge\\reports\\notebook54\\section4\\section4a_simulator_supported_move_records.csv""]",True,"[0.0, 2.0, 60.0]",True,False,True,True,False,CURRENT_BENCHMARK_MOVE
Meowth,151,103.0,1,1,-5,"[""D:\\02_AI_and_Data\\Kaggle-AI-Agents\\PTCG_AI_Battle_Challenge\\reports\\notebook54\\section4\\section4a_candidate_move_validation_summary.json""]",False,[103.0],False,False,True,True,False,REQUIRES_MANUAL_REVIEW
Meowth,0.2,60.0,11,11,-2,"[""D:\\02_AI_and_Data\\Kaggle-AI-Agents\\PTCG_AI_Battle_Challenge\\reports\\notebook54\\section3\\section3b_discovered_move_records.csv"", ""D:\\02_AI_and_Data\\Kaggle-AI-Agents\\PTCG_AI_Battle_Challenge\\reports\\notebook54\\section4\\section4a_additional_source_backed_moves.csv"", ""D:\\02_AI_and_Data\\Kaggle-AI-Agents\\PTCG_AI_Battle_Challenge\\reports\\notebook54\\section4\\section4a_move_records_manual_review.csv"", ""D:\\02_AI_and_Data\\Kaggle-AI-Agents\\PTCG_AI_Battle_Challenge\\reports\\notebook54\\section4\\section4a_preferred_move_catalog.csv"", ""D:\\02_AI_and_Data\\Kaggle-AI-Agents\\PTCG_AI_Battle_Challenge\\reports\\notebook54\\section4\\section4a_safe_action_catalog.csv"", ""D:\\02_AI_and_Data\\Kaggle-AI-Agents\\PTCG_AI_Battle_Challenge\\reports\\notebook54\\section4\\section4a_simulator_supported_move_records.csv"", ""D:\\02_AI_and_Data\\Kaggle-AI-Agents\\PTCG_AI_Battle_Challenge\\reports\\notebook54\\section4\\section4a_tournament_card_move_records.csv"", ""D:\\02_AI_and_Data\\Kaggle-AI-Agents\\PTCG_AI_Battle_Challenge\\reports\\notebook54\\section4\\section4b_candidate_transition_results.csv"", ""D:\\02_AI_and_Data\\Kaggle-AI-Agents\\PTCG_AI_Battle_Challenge\\reports\\notebook54\\section4\\section4b_transition_validated_candidate_catalog.csv"", ""D:\\02_AI_and_Data\\Kaggle-AI-Agents\\PTCG_AI_Battle_Challenge\\reports\\notebook54\\section4\\section4c_candidate_provenance_audit.csv"", ""D:\\02_AI_and_Data\\Kaggle-AI-Agents\\PTCG_AI_Battle_Challenge\\reports\\notebook54\\section4\\section4c_rejected_false_candidates.csv""]",True,"[1.0, 2.0, 60.0]",False,False,True,True,False,REQUIRES_MANUAL_REVIEW
Meowth,0.24,60.0,11,11,-2,"[""D:\\02_AI_and_Data\\Kaggle-AI-Agents\\PTCG_AI_Battle_Challenge\\reports\\notebook54\\section3\\section3b_discovered_move_records.csv"", ""D:\\02_AI_and_Data\\Kaggle-AI-Agents\\PTCG_AI_Battle_Challenge\\reports\\notebook54\\section4\\section4a_additional_source_backed_moves.csv"", ""D:\\02_AI_and_Data\\Kaggle-AI-Agents\\PTCG_AI_Battle_Challenge\\reports\\notebook54\\section4\\section4a_move_records_manual_review.csv"", ""D:\\02_AI_and_Data\\Kaggle-AI-Agents\\PTCG_AI_Battle_Challenge\\reports\\notebook54\\section4\\section4a_preferred_move_catalog.csv"", ""D:\\02_AI_and_Data\\Kaggle-AI-Agents\\PTCG_AI_Battle_Challenge\\reports\\notebook54\\section4\\section4a_safe_action_catalog.csv"", ""D:\\02_AI_and_Data\\Kaggle-AI-Agents\\PTCG_AI_Battle_Challenge\\reports\\notebook54\\section4\\section4a_simulator_supported_move_records.csv"", ""D:\\02_AI_and_Data\\Kaggle-AI-Agents\\PTCG_AI_Battle_Challenge\\reports\\notebook54\\section4\\section4a_tournament_card_move_records.csv"", ""D:\\02_AI_and_Data\\Kaggle-AI-Agents\\PTCG_AI_Battle_Challenge\\reports\\notebook54\\section4\\section4b_candidate_transition_results.csv"", ""D:\\02_AI_and_Data\\Kaggle-AI-Agents\\PTCG_AI_Battle_Challenge\\reports\\notebook54\\section4\\section4b_transition_validated_candidate_catalog.csv"", ""D:\\02_AI_and_Data\\Kaggle-AI-Agents\\PTCG_AI_Battle_Challenge\\reports\\notebook54\\section4\\section4c_candidate_provenance_audit.csv"", ""D:\\02_AI_and_Data\\Kaggle-AI-Agents\\PTCG_AI_Battle_Challenge\\reports\\notebook54\\section4\\section4c_rejected_false_candidates.csv""]",True,"[1.0, 2.0, 60.0]",False,False,True,True,False,REQUIRES_MANUAL_REVIEW
Meowth,0.24 0.2 0. 0. 0. 0. 0. 0.64,60.0,14,11,-2,"[""D:\\02_AI_and_Data\\Kaggle-AI-Agents\\PTCG_AI_Battle_Challenge\\reports\\notebook54\\section3\\section3b_discovered_move_records.csv"", ""D:\\02_AI_and_Data\\Kaggle-AI-Agents\\PTCG_AI_Battle_Challenge\\reports\\notebook54\\section4\\section4a_additional_source_backed_moves.csv"", ""D:\\02_AI_and_Data\\Kaggle-AI-Agents\\PTCG_AI_Battle_Challenge\\reports\\notebook54\\section4\\section4a_move_records_manual_review.csv"", ""D:\\02_AI_and_Data\\Kaggle-AI-Agents\\PTCG_AI_Battle_Challenge\\reports\\notebook54\\section4\\section4a_preferred_move_catalog.csv"", ""D:\\02_AI_and_Data\\Kaggle-AI-Agents\\PTCG_AI_Battle_Challenge\\reports\\notebook54\\section4\\section4a_safe_action_catalog.csv"", ""D:\\02_AI_and_Data\\Kaggle-AI-Agents\\PTCG_AI_Battle_Challenge\\reports\\notebook54\\section4\\section4a_simulator_supported_move_records.csv"", ""D:\\02_AI_and_Data\\Kaggle-AI-Agents\\PTCG_AI_Battle_Challenge\\reports\\notebook54\\section4\\section4a_tournament_card_move_records.csv"", ""D:\\02_AI_and_Data\\Kaggle-AI-Agents\\PTCG_AI_Battle_Challenge\\reports\\notebook54\\section4\\section4b_candidate_transition_results.csv"", ""D:\\02_AI_and_Data\\Kaggle-AI-Agents\\PTCG_AI_Battle_Challenge\\reports\\notebook54\\section4\\section4b_transition_validated_candidate_catalog.csv"", ""D:\\02_AI_and_Data\\Kaggle-AI-Agents\\PTCG_AI_Battle_Challenge\\reports\\notebook54\\section4\\section4c_candidate_provenance_audit.csv"", ""D:\\02_AI_and_Data\\Kaggle-AI-Agents\\PTCG_AI_Battle_Challenge\\reports\\notebook54\\section4\\section4c_rejected_false_candidates.csv""]",True,"[1.0, 2.0, 60.0]",False,False,True,True,False,REQUIRES_MANUAL_REVIEW
Meowth,0.639999999999999,60.0,11,11,-2,"[""D:\\02_AI_and_Data\\Kaggle-AI-Agents\\PTCG_AI_Battle_Challenge\\reports\\notebook54\\section3\\section3b_discovered_move_records.csv"", ""D:\\02_AI_and_Data\\Kaggle-AI-Agents\\PTCG_AI_Battle_Challenge\\reports\\notebook54\\section4\\section4a_additional_source_backed_moves.csv"", ""D:\\02_AI_and_Data\\Kaggle-AI-Agents\\PTCG_AI_Battle_Challenge\\reports\\notebook54\\section4\\section4a_move_records_manual_review.csv"", ""D:\\02_AI_and_Data\\Kaggle-AI-Agents\\PTCG_AI_Battle_Challenge\\reports\\notebook54\\section4\\section4a_preferred_move_catalog.csv"", ""D:\\02_AI_and_Data\\Kaggle-AI-Agents\\PTCG_AI_Battle_Challenge\\reports\\notebook54\\section4\\section4a_safe_action_catalog.csv"", ""D:\\02_AI_and_Data\\Kaggle-AI-Agents\\PTCG_AI_Battle_Challenge\\reports\\notebook54\\section4\\section4a_simulator_supported_move_records.csv"", ""D:\\02_AI_and_Data\\Kaggle-AI-Agents\\PTCG_AI_Battle_Challenge\\reports\\notebook54\\section4\\section4a_tournament_card_move_records.csv"", ""D:\\02_AI_and_Data\\Kaggle-AI-Agents\\PTCG_AI_Battle_Challenge\\reports\\notebook54\\section4\\section4b_candidate_transition_results.csv"", ""D:\\02_AI_and_Data\\Kaggle-AI-Agents\\PTCG_AI_Battle_Challenge\\reports\\notebook54\\section4\\section4b_transition_validated_candidate_catalog.csv"", ""D:\\02_AI_and_Data\\Kaggle-AI-Agents\\PTCG_AI_Battle_Challenge\\reports\\notebook54\\section4\\section4c_candidate_provenance_audit.csv"", ""D:\\02_AI_and_Data\\Kaggle-AI-Agents\\PTCG_AI_Battle_Challenge\\reports\\notebook54\\section4\\section4c_rejected_false_candidates.csv""]",True,"[1.0, 2.0, 60.0]",False,False,True,True,False,REQUIRES_MANUAL_REVIEW
Meowth,21,60.0,6,6,-2,"[""D:\\02_AI_and_Data\\Kaggle-AI-Agents\\PTCG_AI_Battle_Challenge\\reports\\notebook54\\section3\\section3b_discovered_move_records.csv"", ""D:\\02_AI_and_Data\\Kaggle-AI-Agents\\PTCG_AI_Battle_Challenge\\reports\\notebook54\\section4\\section4a_move_records_manual_review.csv"", ""D:\\02_AI_and_Data\\Kaggle-AI-Agents\\PTCG_AI_Battle_Challenge\\reports\\notebook54\\section4\\section4a_move_source_agreement.csv"", ""D:\\02_AI_and_Data\\Kaggle-AI-Agents\\PTCG_AI_Battle_Challenge\\reports\\notebook54\\section4\\section4a_preferred_move_catalog.csv"", ""D:\\02_AI_and_Data\\Kaggle-AI-Agents\\PTCG_AI_Battle_Challenge\\reports\\notebook54\\section4\\section4a_simulator_supported_move_records.csv"", ""D:\\02_AI_and_Data\\Kaggle-AI-Agents\\PTCG_AI_Battle_Challenge\\reports\\notebook54\\section4\\section4a_tournament_card_move_records.csv""]",True,"[1.0, 60.0]",False,False,True,True,False,REQUIRES_MANUAL_REVIEW
Meowth,39,60.0,1,1,-2,"[""D:\\02_AI_and_Data\\Kaggle-AI-Agents\\PTCG_AI_Battle_Challenge\\reports\\notebook54\\section4\\section4a_card_candidate_profile.csv""]",False,[60.0],False,False,True,True,False,REQUIRES_MANUAL_REVIEW
Meowth,0.24 0.2 1. 0. 0. 0. 0. 1.64,33.0,14,11,-2,"[""D:\\02_AI_and_Data\\Kaggle-AI-Agents\\PTCG_AI_Battle_Challenge\\reports\\notebook54\\section3\\section3b_discovered_move_records.csv"", ""D:\\02_AI_and_Data\\Kaggle-AI-Agents\\PTCG_AI_Battle_Challenge\\reports\\notebook54\\section4\\section4a_additional_source_backed_moves.csv"", ""D:\\02_AI_and_Data\\Kaggle-AI-Agents\\PTCG_AI_Battle_Challenge\\reports\\notebook54\\section4\\section4a_move_records_manual_review.csv"", ""D:\\02_AI_and_Data\\Kaggle-AI-Agents\\PTCG_AI_Battle_Challenge\\reports\\notebook54\\section4\\section4a_preferred_move_catalog.csv"", ""D:\\02_AI_and_Data\\Kaggle-AI-Agents\\PTCG_AI_Battle_Challenge\\reports\\notebook54\\section4\\section4a_safe_action_catalog.csv"", ""D:\\02_AI_and_Data\\Kaggle-AI-Agents\\PTCG_AI_Battle_Challenge\\reports\\notebook54\\section4\\section4a_simulator_supported_move_records.csv"", ""D:\\02_AI_and_Data\\Kaggle-AI-Agents\\PTCG_AI_Battle_Challenge\\reports\\notebook54\\section4\\section4a_tournament_card_move_records.csv"", ""D:\\02_AI_and_Data\\Kaggle-AI-Agents\\PTCG_AI_Battle_Challenge\\reports\\notebook54\\section4\\section4b_candidate_transition_results.csv"", ""D:\\02_AI_and_Data\\Kaggle-AI-Agents\\PTCG_AI_Battle_Challenge\\reports\\notebook54\\section4\\section4b_transition_validated_candidate_catalog.csv"", ""D:\\02_AI_and_Data\\Kaggle-AI-Agents\\PTCG_AI_Battle_Challenge\\reports\\notebook54\\section4\\section4c_candidate_provenance_audit.csv"", ""D:\\02_AI_and_Data\\Kaggle-AI-Agents\\PTCG_AI_Battle_Challenge\\reports\\notebook54\\section4\\section4c_rejected_false_candidates.csv""]",True,"[1.0, 2.0, 33.0]",False,False,True,True,False,REQUIRES_MANUAL_REVIEW
Meowth,1.0,33.0,9,9,-5,"[""D:\\02_AI_and_Data\\Kaggle-AI-Agents\\PTCG_AI_Battle_Challenge\\reports\\notebook54\\section4\\section4a_additional_source_backed_moves.csv"", ""D:\\02_AI_and_Data\\Kaggle-AI-Agents\\PTCG_AI_Battle_Challenge\\reports\\notebook54\\section4\\section4a_move_records_manual_review.csv"", ""D:\\02_AI_and_Data\\Kaggle-AI-Agents\\PTCG_AI_Battle_Challenge\\reports\\notebook54\\section4\\section4a_preferred_move_catalog.csv"", ""D:\\02_AI_and_Data\\Kaggle-AI-Agents\\PTCG_AI_Battle_Challenge\\reports\\notebook54\\section4\\section4a_safe_action_catalog.csv"", ""D:\\02_AI_and_Data\\Kaggle-AI-Agents\\PTCG_AI_Battle_Challenge\\reports\\notebook54\\section4\\section4a_simulator_supported_move_records.csv"", ""D:\\02_AI_and_Data\\Kaggle-AI-Agents\\PTCG_AI_Battle_Challenge\\reports\\notebook54\\section4\\section4b_candidate_transition_results.csv"", ""D:\\02_AI_and_Data\\Kaggle-AI-Agents\\PTCG_AI_Battle_Challenge\\reports\\notebook54\\section4\\section4b_transition_validated_candidate_catalog.csv"", ""D:\\02_AI_and_Data\\Kaggle-AI-Agents\\PTCG_AI_Battle_Challenge\\reports\\notebook54\\section4\\section4c_candidate_provenance_audit.csv"", ""D:\\02_AI_and_Data\\Kaggle-AI-Agents\\PTCG_AI_Battle_Challenge\\reports\\notebook54\\section4\\section4c_rejected_false_candidates.csv""]",True,"[1.0, 3.0, 33.0]",False,False,True,True,False,REQUIRES_MANUAL_REVIEW
Meowth,1.6400000000000001,33.0,11,11,-2,"[""D:\\02_AI_and_Data\\Kaggle-AI-Agents\\PTCG_AI_Battle_Challenge\\reports\\notebook54\\section3\\section3b_discovered_move_records.csv"", ""D:\\02_AI_and_Data\\Kaggle-AI-Agents\\PTCG_AI_Battle_Challenge\\reports\\notebook54\\section4\\section4a_additional_source_backed_moves.csv"", ""D:\\02_AI_and_Data\\Kaggle-AI-Agents\\PTCG_AI_Battle_Challenge\\reports\\notebook54\\section4\\section4a_move_records_manual_review.csv"", ""D:\\02_AI_and_Data\\Kaggle-AI-Agents\\PTCG_AI_Battle_Challenge\\reports\\notebook54\\section4\\section4a_preferred_move_catalog.csv"", ""D:\\02_AI_and_Data\\Kaggle-AI-Agents\\PTCG_AI_Battle_Challenge\\reports\\notebook54\\section4\\section4a_safe_action_catalog.csv"", ""D:\\02_AI_and_Data\\Kaggle-AI-Agents\\PTCG_AI_Battle_Challenge\\reports\\notebook54\\section4\\section4a_simulator_supported_move_records.csv"", ""D:\\02_AI_and_Data\\Kaggle-AI-Agents\\PTCG_AI_Battle_Challenge\\reports\\notebook54\\section4\\section4a_tournament_card_move_records.csv"", ""D:\\02_AI_and_Data\\Kaggle-AI-Agents\\PTCG_AI_Battle_Challenge\\reports\\notebook54\\section4\\section4b_candidate_transition_results.csv"", ""D:\\02_AI_and_Data\\Kaggle-AI-Agents\\PTCG_AI_Battle_Challenge\\reports\\notebook54\\section4\\section4b_transition_validated_candidate_catalog.csv"", ""D:\\02_AI_and_Data\\Kaggle-AI-Agents\\PTCG_AI_Battle_Challenge\\reports\\notebook54\\section4\\section4c_candidate_provenance_audit.csv"", ""D:\\02_AI_and_Data\\Kaggle-AI-Agents\\PTCG_AI_Battle_Challenge\\reports\\notebook54\\section4\\section4c_rejected_false_candidates.csv""]",True,"[1.0, 2.0, 33.0]",False,False,True,True,False,REQUIRES_MANUAL_REVIEW
Meowth,0.0,20.0,4,4,-2,"[""D:\\02_AI_and_Data\\Kaggle-AI-Agents\\PTCG_AI_Battle_Challenge\\reports\\notebook54\\section3\\section3b_discovered_move_records.csv"", ""D:\\02_AI_and_Data\\Kaggle-AI-Agents\\PTCG_AI_Battle_Challenge\\reports\\notebook54\\section4\\section4a_move_records_manual_review.csv"", ""D:\\02_AI_and_Data\\Kaggle-AI-Agents\\PTCG_AI_Battle_Challenge\\reports\\notebook54\\section4\\section4a_simulator_supported_move_records.csv"", ""D:\\02_AI_and_Data\\Kaggle-AI-Agents\\PTCG_AI_Battle_Challenge\\reports\\notebook54\\section4\\section4a_tournament_card_move_records.csv""]",True,"[1.0, 3.0, 20.0, 60.0]",False,False,True,True,False,REQUIRES_MANUAL_REVIEW
Meowth,0.08,20.0,11,11,-2,"[""D:\\02_AI_and_Data\\Kaggle-AI-Agents\\PTCG_AI_Battle_Challenge\\reports\\notebook54\\section3\\section3b_discovered_move_records.csv"", ""D:\\02_AI_and_Data\\Kaggle-AI-Agents\\PTCG_AI_Battle_Challenge\\reports\\notebook54\\section4\\section4a_additional_source_backed_moves.csv"", ""D:\\02_AI_and_Data\\Kaggle-AI-Agents\\PTCG_AI_Battle_Challenge\\reports\\notebook54\\section4\\section4a_move_records_manual_review.csv"", ""D:\\02_AI_and_Data\\Kaggle-AI-Agents\\PTCG_AI_Battle_Challenge\\reports\\notebook54\\section4\\section4a_preferred_move_catalog.csv"", ""D:\\02_AI_and_Data\\Kaggle-AI-Agents\\PTCG_AI_Battle_Challenge\\reports\\notebook54\\section4\\section4a_safe_action_catalog.csv"", ""D:\\02_AI_and_Data\\Kaggle-AI-Agents\\PTCG_AI_Battle_Challenge\\reports\\notebook54\\section4\\section4a_simulator_supported_move_records.csv"", ""D:\\02_AI_and_Data\\Kaggle-AI-Agents\\PTCG_AI_Battle_Challenge\\reports\\notebook54\\section4\\section4a_tournament_card_move_records.csv"", ""D:\\02_AI_and_Data\\Kaggle-AI-Agents\\PTCG_AI_Battle_Challenge\\reports\\notebook54\\section4\\section4b_candidate_transition_results.csv"", ""D:\\02_AI_and_Data\\Kaggle-AI-Agents\\PTCG_AI_Battle_Challenge\\reports\\notebook54\\section4\\section4b_transition_validated_candidate_catalog.csv"", ""D:\\02_AI_and_Data\\Kaggle-AI-Agents\\PTCG_AI_Battle_Challenge\\reports\\notebook54\\section4\\section4c_candidate_provenance_audit.csv"", ""D:\\02_AI_and_Data\\Kaggle-AI-Agents\\PTCG_AI_Battle_Challenge\\reports\\notebook54\\section4\\section4c_rejected_false_candidates.csv""]",True,"[1.0, 2.0, 20.0]",False,False,True,True,False,REQUIRES_MANUAL_REVIEW
Meowth,0.08 0.1 0. 0. 0. 0. 0. 0.38,20.0,14,11,-2,"[""D:\\02_AI_and_Data\\Kaggle-AI-Agents\\PTCG_AI_Battle_Challenge\\reports\\notebook54\\section3\\section3b_discovered_move_records.csv"", ""D:\\02_AI_and_Data\\Kaggle-AI-Agents\\PTCG_AI_Battle_Challenge\\reports\\notebook54\\section4\\section4a_additional_source_backed_moves.csv"", ""D:\\02_AI_and_Data\\Kaggle-AI-Agents\\PTCG_AI_Battle_Challenge\\reports\\notebook54\\section4\\section4a_move_records_manual_review.csv"", ""D:\\02_AI_and_Data\\Kaggle-AI-Agents\\PTCG_AI_Battle_Challenge\\reports\\notebook54\\section4\\section4a_preferred_move_catalog.csv"", ""D:\\02_AI_and_Data\\Kaggle-AI-Agents\\PTCG_AI_Battle_Challenge\\reports\\notebook54\\section4\\section4a_safe_action_catalog.csv"", ""D:\\02_AI_and_Data\\Kaggle-AI-Agents\\PTCG_AI_Battle_Challenge\\reports\\notebook54\\section4\\section4a_simulator_supported_move_records.csv"", ""D:\\02_AI_and_Data\\Kaggle-AI-Agents\\PTCG_AI_Battle_Challenge\\reports\\notebook54\\section4\\section4a_tournament_card_move_records.csv"", ""D:\\02_AI_and_Data\\Kaggle-AI-Agents\\PTCG_AI_Battle_Challenge\\reports\\notebook54\\section4\\section4b_candidate_transition_results.csv"", ""D:\\02_AI_and_Data\\Kaggle-AI-Agents\\PTCG_AI_Battle_Challenge\\reports\\notebook54\\section4\\section4b_transition_validated_candidate_catalog.csv"", ""D:\\02_AI_and_Data\\Kaggle-AI-Agents\\PTCG_AI_Battle_Challenge\\reports\\notebook54\\section4\\section4c_candidate_provenance_audit.csv"", ""D:\\02_AI_and_Data\\Kaggle-AI-Agents\\PTCG_AI_Battle_Challenge\\reports\\notebook54\\section4\\section4c_rejected_false_candidates.csv""]",True,"[1.0, 2.0, 20.0]",False,False,True,True,False,REQUIRES_MANUAL_REVIEW
Meowth,0.1,20.0,11,11,-2,"[""D:\\02_AI_and_Data\\Kaggle-AI-Agents\\PTCG_AI_Battle_Challenge\\reports\\notebook54\\section3\\section3b_discovered_move_records.csv"", ""D:\\02_AI_and_Data\\Kaggle-AI-Agents\\PTCG_AI_Battle_Challenge\\reports\\notebook54\\section4\\section4a_additional_source_backed_moves.csv"", ""D:\\02_AI_and_Data\\Kaggle-AI-Agents\\PTCG_AI_Battle_Challenge\\reports\\notebook54\\section4\\section4a_move_records_manual_review.csv"", ""D:\\02_AI_and_Data\\Kaggle-AI-Agents\\PTCG_AI_Battle_Challenge\\reports\\notebook54\\section4\\section4a_preferred_move_catalog.csv"", ""D:\\02_AI_and_Data\\Kaggle-AI-Agents\\PTCG_AI_Battle_Challenge\\reports\\notebook54\\section4\\section4a_safe_action_catalog.csv"", ""D:\\02_AI_and_Data\\Kaggle-AI-Agents\\PTCG_AI_Battle_Challenge\\reports\\notebook54\\section4\\section4a_simulator_supported_move_records.csv"", ""D:\\02_AI_and_Data\\Kaggle-AI-Agents\\PTCG_AI_Battle_Challenge\\reports\\notebook54\\section4\\section4a_tournament_card_move_records.csv"", ""D:\\02_AI_and_Data\\Kaggle-AI-Agents\\PTCG_AI_Battle_Challenge\\reports\\notebook54\\section4\\section4b_candidate_transition_results.csv"", ""D:\\02_AI_and_Data\\Kaggle-AI-Agents\\PTCG_AI_Battle_Challenge\\reports\\notebook54\\section4\\section4b_transition_validated_candidate_catalog.csv"", ""D:\\02_AI_and_Data\\Kaggle-AI-Agents\\PTCG_AI_Battle_Challenge\\reports\\notebook54\\section4\\section4c_candidate_provenance_audit.csv"", ""D:\\02_AI_and_Data\\Kaggle-AI-Agents\\PTCG_AI_Battle_Challenge\\reports\\notebook54\\section4\\section4c_rejected_false_candidates.csv""]",True,"[1.0, 2.0, 20.0]",False,False,True,True,False,REQUIRES_MANUAL_REVIEW
Meowth,0.38,20.0,11,11,-2,"[""D:\\02_AI_and_Data\\Kaggle-AI-Agents\\PTCG_AI_Battle_Challenge\\reports\\notebook54\\section3\\section3b_discovered_move_records.csv"", ""D:\\02_AI_and_Data\\Kaggle-AI-Agents\\PTCG_AI_Battle_Challenge\\reports\\notebook54\\section4\\section4a_additional_source_backed_moves.csv"", ""D:\\02_AI_and_Data\\Kaggle-AI-Agents\\PTCG_AI_Battle_Challenge\\reports\\notebook54\\section4\\section4a_move_records_manual_review.csv"", ""D:\\02_AI_and_Data\\Kaggle-AI-Agents\\PTCG_AI_Battle_Challenge\\reports\\notebook54\\section4\\section4a_preferred_move_catalog.csv"", ""D:\\02_AI_and_Data\\Kaggle-AI-Agents\\PTCG_AI_Battle_Challenge\\reports\\notebook54\\section4\\section4a_safe_action_catalog.csv"", ""D:\\02_AI_and_Data\\Kaggle-AI-Agents\\PTCG_AI_Battle_Challenge\\reports\\notebook54\\section4\\section4a_simulator_supported_move_records.csv"", ""D:\\02_AI_and_Data\\Kaggle-AI-Agents\\PTCG_AI_Battle_Challenge\\reports\\notebook54\\section4\\section4a_tournament_card_move_records.csv"", ""D:\\02_AI_and_Data\\Kaggle-AI-Agents\\PTCG_AI_Battle_Challenge\\reports\\notebook54\\section4\\section4b_candidate_transition_results.csv"", ""D:\\02_AI_and_Data\\Kaggle-AI-Agents\\PTCG_AI_Battle_Challenge\\reports\\notebook54\\section4\\section4b_transition_validated_candidate_catalog.csv"", ""D:\\02_AI_and_Data\\Kaggle-AI-Agents\\PTCG_AI_Battle_Challenge\\reports\\notebook54\\section4\\section4c_candidate_provenance_audit.csv"", ""D:\\02_AI_and_Data\\Kaggle-AI-Agents\\PTCG_AI_Battle_Challenge\\reports\\notebook54\\section4\\section4c_rejected_false_candidates.csv""]",True,"[1.0, 2.0, 20.0]",False,False,True,True,False,REQUIRES_MANUAL_REVIEW
Meowth,1,20.0,4,4,-5,"[""D:\\02_AI_and_Data\\Kaggle-AI-Agents\\PTCG_AI_Battle_Challenge\\reports\\notebook47\\competitive_policy_test_predictions.csv"", ""D:\\02_AI_and_Data\\Kaggle-AI-Agents\\PTCG_AI_Battle_Challenge\\reports\\notebook54\\section4\\section4a_move_records_manual_review.csv"", ""D:\\02_AI_and_Data\\Kaggle-AI-Agents\\PTCG_AI_Battle_Challenge\\reports\\notebook54\\section4\\section4a_preferred_move_catalog.csv"", ""D:\\02_AI_and_Data\\Kaggle-AI-Agents\\PTCG_AI_Battle_Challenge\\reports\\notebook54\\section4\\section4a_simulator_supported_move_records.csv""]",True,"[1.0, 2.0, 20.0, 60.0]",False,False,True,True,False,REQUIRES_MANUAL_REVIEW
Meowth,2,20.0,3,3,-5,"[""D:\\02_AI_and_Data\\Kaggle-AI-Agents\\PTCG_AI_Battle_Challenge\\reports\\notebook47\\competitive_policy_test_errors.csv"", ""D:\\02_AI_and_Data\\Kaggle-AI-Agents\\PTCG_AI_Battle_Challenge\\reports\\notebook54\\section4\\section4a_move_records_manual_review.csv"", ""D:\\02_AI_and_Data\\Kaggle-AI-Agents\\PTCG_AI_Battle_Challenge\\reports\\notebook54\\section4\\section4a_preferred_move_catalog.csv""]",True,"[2.0, 3.0, 20.0, 60.0]",False,False,True,True,False,REQUIRES_MANUAL_REVIEW
Meowth,0.08 0.1 1. 0. 0. 0. 0. 1.38,8.0,14,11,-2,"[""D:\\02_AI_and_Data\\Kaggle-AI-Agents\\PTCG_AI_Battle_Challenge\\reports\\notebook54\\section3\\section3b_discovered_move_records.csv"", ""D:\\02_AI_and_Data\\Kaggle-AI-Agents\\PTCG_AI_Battle_Challenge\\reports\\notebook54\\section4\\section4a_additional_source_backed_moves.csv"", ""D:\\02_AI_and_Data\\Kaggle-AI-Agents\\PTCG_AI_Battle_Challenge\\reports\\notebook54\\section4\\section4a_move_records_manual_review.csv"", ""D:\\02_AI_and_Data\\Kaggle-AI-Agents\\PTCG_AI_Battle_Challenge\\reports\\notebook54\\section4\\section4a_preferred_move_catalog.csv"", ""D:\\02_AI_and_Data\\Kaggle-AI-Agents\\PTCG_AI_Battle_Challenge\\reports\\notebook54\\section4\\section4a_safe_action_catalog.csv"", ""D:\\02_AI_and_Data\\Kaggle-AI-Agents\\PTCG_AI_Battle_Challenge\\reports\\notebook54\\section4\\section4a_simulator_supported_move_records.csv"", ""D:\\02_AI_and_Data\\Kaggle-AI-Agents\\PTCG_AI_Battle_Challenge\\reports\\notebook54\\section4\\section4a_tournament_card_move_records.csv"", ""D:\\02_AI_and_Data\\Kaggle-AI-Agents\\PTCG_AI_Battle_Challenge\\reports\\notebook54\\section4\\section4b_candidate_transition_results.csv"", ""D:\\02_AI_and_Data\\Kaggle-AI-Agents\\PTCG_AI_Battle_Challenge\\reports\\notebook54\\section4\\section4b_transition_validated_candidate_catalog.csv"", ""D:\\02_AI_and_Data\\Kaggle-AI-Agents\\PTCG_AI_Battle_Challenge\\reports\\notebook54\\section4\\section4c_candidate_provenance_audit.csv"", ""D:\\02_AI_and_Data\\Kaggle-AI-Agents\\PTCG_AI_Battle_Challenge\\reports\\notebook54\\section4\\section4c_rejected_false_candidates.csv""]",True,"[1.0, 2.0, 8.0]",False,False,True,True,False,REQUIRES_MANUAL_REVIEW
Meowth,1.38,8.0,11,11,-2,"[""D:\\02_AI_and_Data\\Kaggle-AI-Agents\\PTCG_AI_Battle_Challenge\\reports\\notebook54\\section3\\section3b_discovered_move_records.csv"", ""D:\\02_AI_and_Data\\Kaggle-AI-Agents\\PTCG_AI_Battle_Challenge\\reports\\notebook54\\section4\\section4a_additional_source_backed_moves.csv"", ""D:\\02_AI_and_Data\\Kaggle-AI-Agents\\PTCG_AI_Battle_Challenge\\reports\\notebook54\\section4\\section4a_move_records_manual_review.csv"", ""D:\\02_AI_and_Data\\Kaggle-AI-Agents\\PTCG_AI_Battle_Challenge\\reports\\notebook54\\section4\\section4a_preferred_move_catalog.csv"", ""D:\\02_AI_and_Data\\Kaggle-AI-Agents\\PTCG_AI_Battle_Challenge\\reports\\notebook54\\section4\\section4a_safe_action_catalog.csv"", ""D:\\02_AI_and_Data\\Kaggle-AI-Agents\\PTCG_AI_Battle_Challenge\\reports\\notebook54\\section4\\section4a_simulator_supported_move_records.csv"", ""D:\\02_AI_and_Data\\Kaggle-AI-Agents\\PTCG_AI_Battle_Challenge\\reports\\notebook54\\section4\\section4a_tournament_card_move_records.csv"", ""D:\\02_AI_and_Data\\Kaggle-AI-Agents\\PTCG_AI_Battle_Challenge\\reports\\notebook54\\section4\\section4b_candidate_transition_results.csv"", ""D:\\02_AI_and_Data\\Kaggle-AI-Agents\\PTCG_AI_Battle_Challenge\\reports\\notebook54\\section4\\section4b_transition_validated_candidate_catalog.csv"", ""D:\\02_AI_and_Data\\Kaggle-AI-Agents\\PTCG_AI_Battle_Challenge\\reports\\notebook54\\section4\\section4c_candidate_provenance_audit.csv"", ""D:\\02_AI_and_Data\\Kaggle-AI-Agents\\PTCG_AI_Battle_Challenge\\reports\\notebook54\\section4\\section4c_rejected_false_candidates.csv""]",True,"[1.0, 2.0, 8.0]",False,False,True,True,False,REQUIRES_MANUAL_REVIEW
Meowth,32,8.0,7,7,-2,"[""D:\\02_AI_and_Data\\Kaggle-AI-Agents\\PTCG_AI_Battle_Challenge\\reports\\notebook54\\section3\\section3b_discovered_move_records.csv"", ""D:\\02_AI_and_Data\\Kaggle-AI-Agents\\PTCG_AI_Battle_Challenge\\reports\\notebook54\\section4\\section4a_move_records_manual_review.csv"", ""D:\\02_AI_and_Data\\Kaggle-AI-Agents\\PTCG_AI_Battle_Challenge\\reports\\notebook54\\section4\\section4a_move_source_agreement.csv"", ""D:\\02_AI_and_Data\\Kaggle-AI-Agents\\PTCG_AI_Battle_Challenge\\reports\\notebook54\\section4\\section4a_preferred_move_catalog.csv"", ""D:\\02_AI_and_Data\\Kaggle-AI-Agents\\PTCG_AI_Battle_Challenge\\reports\\notebook54\\section4\\section4a_simulator_supported_move_records.csv"", ""D:\\02_AI_and_Data\\Kaggle-AI-Agents\\PTCG_AI_Battle_Challenge\\reports\\notebook54\\section4\\section4a_tournament_card_move_records.csv"", ""D:\\02_AI_and_Data\\Kaggle-AI-Agents\\PTCG_AI_Battle_Challenge\\reports\\notebook54\\section4\\section4b_candidate_transition_summary.json""]",True,"[1.0, 8.0]",False,False,True,True,False,REQUIRES_MANUAL_REVIEW
Meowth,8,8.0,7,7,-2,"[""D:\\02_AI_and_Data\\Kaggle-AI-Agents\\PTCG_AI_Battle_Challenge\\reports\\notebook54\\section3\\section3b_discovered_move_records.csv"", ""D:\\02_AI_and_Data\\Kaggle-AI-Agents\\PTCG_AI_Battle_Challenge\\reports\\notebook54\\section4\\section4a_move_records_manual_review.csv"", ""D:\\02_AI_and_Data\\Kaggle-AI-Agents\\PTCG_AI_Battle_Challenge\\reports\\notebook54\\section4\\section4a_move_source_agreement.csv"", ""D:\\02_AI_and_Data\\Kaggle-AI-Agents\\PTCG_AI_Battle_Challenge\\reports\\notebook54\\section4\\section4a_preferred_move_catalog.csv"", ""D:\\02_AI_and_Data\\Kaggle-AI-Agents\\PTCG_AI_Battle_Challenge\\reports\\notebook54\\section4\\section4a_simulator_supported_move_records.csv"", ""D:\\02_AI_and_Data\\Kaggle-AI-Agents\\PTCG_AI_Battle_Challenge\\reports\\notebook54\\section4\\section4a_tournament_card_move_records.csv"", ""D:\\02_AI_and_Data\\Kaggle-AI-Agents\\PTCG_AI_Battle_Challenge\\reports\\notebook54\\section4\\section4b_candidate_transitions_by_card.csv""]",True,"[1.0, 8.0]",False,False,True,True,False,REQUIRES_MANUAL_REVIEW
Meowth,81,4.0,6,6,-2,"[""D:\\02_AI_and_Data\\Kaggle-AI-Agents\\PTCG_AI_Battle_Challenge\\reports\\notebook54\\section3\\section3b_discovered_move_records.csv"", ""D:\\02_AI_and_Data\\Kaggle-AI-Agents\\PTCG_AI_Battle_Challenge\\reports\\notebook54\\section4\\section4a_move_records_manual_review.csv"", ""D:\\02_AI_and_Data\\Kaggle-AI-Agents\\PTCG_AI_Battle_Challenge\\reports\\notebook54\\section4\\section4a_move_source_agreement.csv"", ""D:\\02_AI_and_Data\\Kaggle-AI-Agents\\PTCG_AI_Battle_Challenge\\reports\\notebook54\\section4\\section4a_preferred_move_catalog.csv"", ""D:\\02_AI_and_Data\\Kaggle-AI-Agents\\PTCG_AI_Battle_Challenge\\reports\\notebook54\\section4\\section4a_simulator_supported_move_records.csv"", ""D:\\02_AI_and_Data\\Kaggle-AI-Agents\\PTCG_AI_Battle_Challenge\\reports\\notebook54\\section4\\section4a_tournament_card_move_records.csv""]",True,"[1.0, 4.0]",False,False,True,True,False,REQUIRES_MANUAL_REVIEW
Meowth,Bite,0.0,7,7,-2,"[""D:\\02_AI_and_Data\\Kaggle-AI-Agents\\PTCG_AI_Battle_Challenge\\reports\\notebook46\\actor_perspective_suspicious_records.csv"", ""D:\\02_AI_and_Data\\Kaggle-AI-Agents\\PTCG_AI_Battle_Challenge\\reports\\notebook54\\section3\\section3b_discovered_move_records.csv"", ""D:\\02_AI_and_Data\\Kaggle-AI-Agents\\PTCG_AI_Battle_Challenge\\reports\\notebook54\\section4\\section4a_move_records_manual_review.csv"", ""D:\\02_AI_and_Data\\Kaggle-AI-Agents\\PTCG_AI_Battle_Challenge\\reports\\notebook54\\section4\\section4a_move_source_agreement.csv"", ""D:\\02_AI_and_Data\\Kaggle-AI-Agents\\PTCG_AI_Battle_Challenge\\reports\\notebook54\\section4\\section4a_preferred_move_catalog.csv"", ""D:\\02_AI_and_Data\\Kaggle-AI-Agents\\PTCG_AI_Battle_Challenge\\reports\\notebook54\\section4\\section4a_simulator_supported_move_records.csv"", ""D:\\02_AI_and_Data\\Kaggle-AI-Agents\\PTCG_AI_Battle_Challenge\\reports\\notebook54\\section4\\section4a_tournament_card_move_records.csv""]",True,"[0.0, 2.0]",False,False,True,True,False,REQUIRES_MANUAL_REVIEW
Meowth,Flame Tail,0.0,7,7,-2,"[""D:\\02_AI_and_Data\\Kaggle-AI-Agents\\PTCG_AI_Battle_Challenge\\reports\\notebook46\\actor_perspective_suspicious_records.csv"", ""D:\\02_AI_and_Data\\Kaggle-AI-Agents\\PTCG_AI_Battle_Challenge\\reports\\notebook54\\section3\\section3b_discovered_move_records.csv"", ""D:\\02_AI_and_Data\\Kaggle-AI-Agents\\PTCG_AI_Battle_Challenge\\reports\\notebook54\\section4\\section4a_move_records_manual_review.csv"", ""D:\\02_AI_and_Data\\Kaggle-AI-Agents\\PTCG_AI_Battle_Challenge\\reports\\notebook54\\section4\\section4a_move_source_agreement.csv"", ""D:\\02_AI_and_Data\\Kaggle-AI-Agents\\PTCG_AI_Battle_Challenge\\reports\\notebook54\\section4\\section4a_preferred_move_catalog.csv"", ""D:\\02_AI_and_Data\\Kaggle-AI-Agents\\PTCG_AI_Battle_Challenge\\reports\\notebook54\\section4\\section4a_simulator_supported_move_records.csv"", ""D:\\02_AI_and_Data\\Kaggle-AI-Agents\\PTCG_AI_Battle_Challenge\\reports\\notebook54\\section4\\section4a_tournament_card_move_records.csv""]",True,"[0.0, 2.0]",False,False,True,True,False,REQUIRES_MANUAL_REVIEW
Meowth,Quick Attack,0.0,7,7,-2,"[""D:\\02_AI_and_Data\\Kaggle-AI-Agents\\PTCG_AI_Battle_Challenge\\reports\\notebook46\\actor_perspective_suspicious_records.csv"", ""D:\\02_AI_and_Data\\Kaggle-AI-Agents\\PTCG_AI_Battle_Challenge\\reports\\notebook54\\section3\\section3b_discovered_move_records.csv"", ""D:\\02_AI_and_Data\\Kaggle-AI-Agents\\PTCG_AI_Battle_Challenge\\reports\\notebook54\\section4\\section4a_move_records_manual_review.csv"", ""D:\\02_AI_and_Data\\Kaggle-AI-Agents\\PTCG_AI_Battle_Challenge\\reports\\notebook54\\section4\\section4a_move_source_agreement.csv"", ""D:\\02_AI_and_Data\\Kaggle-AI-Agents\\PTCG_AI_Battle_Challenge\\reports\\notebook54\\section4\\section4a_preferred_move_catalog.csv"", ""D:\\02_AI_and_Data\\Kaggle-AI-Agents\\PTCG_AI_Battle_Challenge\\reports\\notebook54\\section4\\section4a_simulator_supported_move_records.csv"", ""D:\\02_AI_and_Data\\Kaggle-AI-Agents\\PTCG_AI_Battle_Challenge\\reports\\notebook54\\section4\\section4a_tournament_card_move_records.csv""]",True,"[0.0, 2.0]",False,False,True,True,False,REQUIRES_MANUAL_REVIEW
Meowth,Razor Leaf,0.0,7,7,-2,"[""D:\\02_AI_and_Data\\Kaggle-AI-Agents\\PTCG_AI_Battle_Challenge\\reports\\notebook46\\actor_perspective_suspicious_records.csv"", ""D:\\02_AI_and_Data\\Kaggle-AI-Agents\\PTCG_AI_Battle_Challenge\\reports\\notebook54\\section3\\section3b_discovered_move_records.csv"", ""D:\\02_AI_and_Data\\Kaggle-AI-Agents\\PTCG_AI_Battle_Challenge\\reports\\notebook54\\section4\\section4a_move_records_manual_review.csv"", ""D:\\02_AI_and_Data\\Kaggle-AI-Agents\\PTCG_AI_Battle_Challenge\\reports\\notebook54\\section4\\section4a_move_source_agreement.csv"", ""D:\\02_AI_and_Data\\Kaggle-AI-Agents\\PTCG_AI_Battle_Challenge\\reports\\notebook54\\section4\\section4a_preferred_move_catalog.csv"", ""D:\\02_AI_and_Data\\Kaggle-AI-Agents\\PTCG_AI_Battle_Challenge\\reports\\notebook54\\section4\\section4a_simulator_supported_move_records.csv"", ""D:\\02_AI_and_Data\\Kaggle-AI-Agents\\PTCG_AI_Battle_Challenge\\reports\\notebook54\\section4\\section4a_tournament_card_move_records.csv""]",True,"[0.0, 2.0]",False,False,True,True,False,REQUIRES_MANUAL_REVIEW
Meowth,Scratch,0.0,7,7,-2,"[""D:\\02_AI_and_Data\\Kaggle-AI-Agents\\PTCG_AI_Battle_Challenge\\reports\\notebook46\\actor_perspective_suspicious_records.csv"", ""D:\\02_AI_and_Data\\Kaggle-AI-Agents\\PTCG_AI_Battle_Challenge\\reports\\notebook54\\section3\\section3b_discovered_move_records.csv"", ""D:\\02_AI_and_Data\\Kaggle-AI-Agents\\PTCG_AI_Battle_Challenge\\reports\\notebook54\\section4\\section4a_move_records_manual_review.csv"", ""D:\\02_AI_and_Data\\Kaggle-AI-Agents\\PTCG_AI_Battle_Challenge\\reports\\notebook54\\section4\\section4a_move_source_agreement.csv"", ""D:\\02_AI_and_Data\\Kaggle-AI-Agents\\PTCG_AI_Battle_Challenge\\reports\\notebook54\\section4\\section4a_preferred_move_catalog.csv"", ""D:\\02_AI_and_Data\\Kaggle-AI-Agents\\PTCG_AI_Battle_Challenge\\reports\\notebook54\\section4\\section4a_simulator_supported_move_records.csv"", ""D:\\02_AI_and_Data\\Kaggle-AI-Agents\\PTCG_AI_Battle_Challenge\\reports\\notebook54\\section4\\section4a_tournament_card_move_records.csv""]",True,"[0.0, 2.0]",False,False,True,True,False,REQUIRES_MANUAL_REVIEW
Meowth,Tackle,0.0,7,7,-2,"[""D:\\02_AI_and_Data\\Kaggle-AI-Agents\\PTCG_AI_Battle_Challenge\\reports\\notebook46\\actor_perspective_suspicious_records.csv"", ""D:\\02_AI_and_Data\\Kaggle-AI-Agents\\PTCG_AI_Battle_Challenge\\reports\\notebook54\\section3\\section3b_discovered_move_records.csv"", ""D:\\02_AI_and_Data\\Kaggle-AI-Agents\\PTCG_AI_Battle_Challenge\\reports\\notebook54\\section4\\section4a_move_records_manual_review.csv"", ""D:\\02_AI_and_Data\\Kaggle-AI-Agents\\PTCG_AI_Battle_Challenge\\reports\\notebook54\\section4\\section4a_move_source_agreement.csv"", ""D:\\02_AI_and_Data\\Kaggle-AI-Agents\\PTCG_AI_Battle_Challenge\\reports\\notebook54\\section4\\section4a_preferred_move_catalog.csv"", ""D:\\02_AI_and_Data\\Kaggle-AI-Agents\\PTCG_AI_Battle_Challenge\\reports\\notebook54\\section4\\section4a_simulator_supported_move_records.csv"", ""D:\\02_AI_and_Data\\Kaggle-AI-Agents\\PTCG_AI_Battle_Challenge\\reports\\notebook54\\section4\\section4a_tournament_card_move_records.csv""]",True,"[0.0, 2.0]",False,False,True,True,False,REQUIRES_MANUAL_REVIEW
Meowth,Tail Whap,0.0,7,7,-2,"[""D:\\02_AI_and_Data\\Kaggle-AI-Agents\\PTCG_AI_Battle_Challenge\\reports\\notebook46\\actor_perspective_suspicious_records.csv"", ""D:\\02_AI_and_Data\\Kaggle-AI-Agents\\PTCG_AI_Battle_Challenge\\reports\\notebook54\\section3\\section3b_discovered_move_records.csv"", ""D:\\02_AI_and_Data\\Kaggle-AI-Agents\\PTCG_AI_Battle_Challenge\\reports\\notebook54\\section4\\section4a_move_records_manual_review.csv"", ""D:\\02_AI_and_Data\\Kaggle-AI-Agents\\PTCG_AI_Battle_Challenge\\reports\\notebook54\\section4\\section4a_move_source_agreement.csv"", ""D:\\02_AI_and_Data\\Kaggle-AI-Agents\\PTCG_AI_Battle_Challenge\\reports\\notebook54\\section4\\section4a_preferred_move_catalog.csv"", ""D:\\02_AI_and_Data\\Kaggle-AI-Agents\\PTCG_AI_Battle_Challenge\\reports\\notebook54\\section4\\section4a_simulator_supported_move_records.csv"", ""D:\\02_AI_and_Data\\Kaggle-AI-Agents\\PTCG_AI_Battle_Challenge\\reports\\notebook54\\section4\\section4a_tournament_card_move_records.csv""]",True,"[0.0, 2.0]",False,False,True,True,False,REQUIRES_MANUAL_REVIEW
Meowth,Thunderbolt,0.0,7,7,-2,"[""D:\\02_AI_and_Data\\Kaggle-AI-Agents\\PTCG_AI_Battle_Challenge\\reports\\notebook46\\actor_perspective_suspicious_records.csv"", ""D:\\02_AI_and_Data\\Kaggle-AI-Agents\\PTCG_AI_Battle_Challenge\\reports\\notebook54\\section3\\section3b_discovered_move_records.csv"", ""D:\\02_AI_and_Data\\Kaggle-AI-Agents\\PTCG_AI_Battle_Challenge\\reports\\notebook54\\section4\\section4a_move_records_manual_review.csv"", ""D:\\02_AI_and_Data\\Kaggle-AI-Agents\\PTCG_AI_Battle_Challenge\\reports\\notebook54\\section4\\section4a_move_source_agreement.csv"", ""D:\\02_AI_and_Data\\Kaggle-AI-Agents\\PTCG_AI_Battle_Challenge\\reports\\notebook54\\section4\\section4a_preferred_move_catalog.csv"", ""D:\\02_AI_and_Data\\Kaggle-AI-Agents\\PTCG_AI_Battle_Challenge\\reports\\notebook54\\section4\\section4a_simulator_supported_move_records.csv"", ""D:\\02_AI_and_Data\\Kaggle-AI-Agents\\PTCG_AI_Battle_Challenge\\reports\\notebook54\\section4\\section4a_tournament_card_move_records.csv""]",True,"[0.0, 2.0]",False,False,True,True,False,REQUIRES_MANUAL_REVIEW
Meowth,Vine Whip,0.0,7,7,-2,"[""D:\\02_AI_and_Data\\Kaggle-AI-Agents\\PTCG_AI_Battle_Challenge\\reports\\notebook46\\actor_perspective_suspicious_records.csv"", ""D:\\02_AI_and_Data\\Kaggle-AI-Agents\\PTCG_AI_Battle_Challenge\\reports\\notebook54\\section3\\section3b_discovered_move_records.csv"", ""D:\\02_AI_and_Data\\Kaggle-AI-Agents\\PTCG_AI_Battle_Challenge\\reports\\notebook54\\section4\\section4a_move_records_manual_review.csv"", ""D:\\02_AI_and_Data\\Kaggle-AI-Agents\\PTCG_AI_Battle_Challenge\\reports\\notebook54\\section4\\section4a_move_source_agreement.csv"", ""D:\\02_AI_and_Data\\Kaggle-AI-Agents\\PTCG_AI_Battle_Challenge\\reports\\notebook54\\section4\\section4a_preferred_move_catalog.csv"", ""D:\\02_AI_and_Data\\Kaggle-AI-Agents\\PTCG_AI_Battle_Challenge\\reports\\notebook54\\section4\\section4a_simulator_supported_move_records.csv"", ""D:\\02_AI_and_Data\\Kaggle-AI-Agents\\PTCG_AI_Battle_Challenge\\reports\\notebook54\\section4\\section4a_tournament_card_move_records.csv""]",True,"[0.0, 2.0]",False,False,True,True,False,REQUIRES_MANUAL_REVIEW
Meowth,Water Pulse,0.0,7,7,-2,"[""D:\\02_AI_and_Data\\Kaggle-AI-Agents\\PTCG_AI_Battle_Challenge\\reports\\notebook46\\actor_perspective_suspicious_records.csv"", ""D:\\02_AI_and_Data\\Kaggle-AI-Agents\\PTCG_AI_Battle_Challenge\\reports\\notebook54\\section3\\section3b_discovered_move_records.csv"", ""D:\\02_AI_and_Data\\Kaggle-AI-Agents\\PTCG_AI_Battle_Challenge\\reports\\notebook54\\section4\\section4a_move_records_manual_review.csv"", ""D:\\02_AI_and_Data\\Kaggle-AI-Agents\\PTCG_AI_Battle_Challenge\\reports\\notebook54\\section4\\section4a_move_source_agreement.csv"", ""D:\\02_AI_and_Data\\Kaggle-AI-Agents\\PTCG_AI_Battle_Challenge\\reports\\notebook54\\section4\\section4a_preferred_move_catalog.csv"", ""D:\\02_AI_and_Data\\Kaggle-AI-Agents\\PTCG_AI_Battle_Challenge\\reports\\notebook54\\section4\\section4a_simulator_supported_move_records.csv"", ""D:\\02_AI_and_Data\\Kaggle-AI-Agents\\PTCG_AI_Battle_Challenge\\reports\\notebook54\\section4\\section4a_tournament_card_move_records.csv""]",True,"[0.0, 2.0]",False,False,True,True,False,REQUIRES_MANUAL_REVIEW
