source_file,card_name,move_name,damage,energy_cost,effect_text,normalized_card_name,normalized_move_name,parsed_damage,source_priority,source_file_name,move_name_valid,damage_valid,simulator_fields_supported,is_existing_benchmark_move
D:\02_AI_and_Data\Kaggle-AI-Agents\PTCG_AI_Battle_Challenge\reports\notebook54\section4\section4a_tournament_card_move_records.csv,Charmander,0.08,50.0,,nan,Charmander,0.08,50.0,-2,section4a_tournament_card_move_records.csv,True,True,True,False
D:\02_AI_and_Data\Kaggle-AI-Agents\PTCG_AI_Battle_Challenge\reports\notebook54\section4\section4a_tournament_card_move_records.csv,Charmander,0.1,50.0,,nan,Charmander,0.1,50.0,-2,section4a_tournament_card_move_records.csv,True,True,True,False
D:\02_AI_and_Data\Kaggle-AI-Agents\PTCG_AI_Battle_Challenge\reports\notebook54\section4\section4a_tournament_card_move_records.csv,Charmander,0.0,50.0,,nan,Charmander,0.0,50.0,-2,section4a_tournament_card_move_records.csv,True,True,True,False
D:\02_AI_and_Data\Kaggle-AI-Agents\PTCG_AI_Battle_Challenge\reports\notebook54\section4\section4a_tournament_card_move_records.csv,Charmander,0.38,50.0,,nan,Charmander,0.38,50.0,-2,section4a_tournament_card_move_records.csv,True,True,True,False
D:\02_AI_and_Data\Kaggle-AI-Agents\PTCG_AI_Battle_Challenge\reports\notebook54\section4\section4a_tournament_card_move_records.csv,Charmander,0.2,50.0,,nan,Charmander,0.2,50.0,-2,section4a_tournament_card_move_records.csv,True,True,True,False
D:\02_AI_and_Data\Kaggle-AI-Agents\PTCG_AI_Battle_Challenge\reports\notebook54\section4\section4a_tournament_card_move_records.csv,Charmander,0.55,50.0,,nan,Charmander,0.55,50.0,-2,section4a_tournament_card_move_records.csv,True,True,True,False
D:\02_AI_and_Data\Kaggle-AI-Agents\PTCG_AI_Battle_Challenge\reports\notebook54\section4\section4a_tournament_card_move_records.csv,Eevee,0.08,20.0,,nan,Eevee,0.08,20.0,-2,section4a_tournament_card_move_records.csv,True,True,True,False
D:\02_AI_and_Data\Kaggle-AI-Agents\PTCG_AI_Battle_Challenge\reports\notebook54\section4\section4a_tournament_card_move_records.csv,Eevee,0.1,20.0,,nan,Eevee,0.1,20.0,-2,section4a_tournament_card_move_records.csv,True,True,True,False
D:\02_AI_and_Data\Kaggle-AI-Agents\PTCG_AI_Battle_Challenge\reports\notebook54\section4\section4a_tournament_card_move_records.csv,Eevee,0.0,20.0,,nan,Eevee,0.0,20.0,-2,section4a_tournament_card_move_records.csv,True,True,True,False
D:\02_AI_and_Data\Kaggle-AI-Agents\PTCG_AI_Battle_Challenge\reports\notebook54\section4\section4a_tournament_card_move_records.csv,Eevee,0.38,20.0,,nan,Eevee,0.38,20.0,-2,section4a_tournament_card_move_records.csv,True,True,True,False
D:\02_AI_and_Data\Kaggle-AI-Agents\PTCG_AI_Battle_Challenge\reports\notebook54\section4\section4a_tournament_card_move_records.csv,Eevee,0.2,20.0,,nan,Eevee,0.2,20.0,-2,section4a_tournament_card_move_records.csv,True,True,True,False
D:\02_AI_and_Data\Kaggle-AI-Agents\PTCG_AI_Battle_Challenge\reports\notebook54\section4\section4a_tournament_card_move_records.csv,Eevee,0.55,20.0,,nan,Eevee,0.55,20.0,-2,section4a_tournament_card_move_records.csv,True,True,True,False
D:\02_AI_and_Data\Kaggle-AI-Agents\PTCG_AI_Battle_Challenge\reports\notebook54\section4\section4a_tournament_card_move_records.csv,Charmander,1.55,20.0,,nan,Charmander,1.55,20.0,-2,section4a_tournament_card_move_records.csv,True,True,True,False
D:\02_AI_and_Data\Kaggle-AI-Agents\PTCG_AI_Battle_Challenge\reports\notebook54\section4\section4a_tournament_card_move_records.csv,Meowth,0.08,20.0,,nan,Meowth,0.08,20.0,-2,section4a_tournament_card_move_records.csv,True,True,True,False
D:\02_AI_and_Data\Kaggle-AI-Agents\PTCG_AI_Battle_Challenge\reports\notebook54\section4\section4a_tournament_card_move_records.csv,Meowth,0.1,20.0,,nan,Meowth,0.1,20.0,-2,section4a_tournament_card_move_records.csv,True,True,True,False
D:\02_AI_and_Data\Kaggle-AI-Agents\PTCG_AI_Battle_Challenge\reports\notebook54\section4\section4a_tournament_card_move_records.csv,Meowth,0.0,20.0,,nan,Meowth,0.0,20.0,-2,section4a_tournament_card_move_records.csv,True,True,True,False
D:\02_AI_and_Data\Kaggle-AI-Agents\PTCG_AI_Battle_Challenge\reports\notebook54\section4\section4a_tournament_card_move_records.csv,Meowth,0.38,20.0,,nan,Meowth,0.38,20.0,-2,section4a_tournament_card_move_records.csv,True,True,True,False
D:\02_AI_and_Data\Kaggle-AI-Agents\PTCG_AI_Battle_Challenge\reports\notebook54\section4\section4a_tournament_card_move_records.csv,Bulbasaur,0.12,30.0,,nan,Bulbasaur,0.12,30.0,-2,section4a_tournament_card_move_records.csv,True,True,True,False
D:\02_AI_and_Data\Kaggle-AI-Agents\PTCG_AI_Battle_Challenge\reports\notebook54\section4\section4a_tournament_card_move_records.csv,Bulbasaur,0.1,30.0,,nan,Bulbasaur,0.1,30.0,-2,section4a_tournament_card_move_records.csv,True,True,True,False
D:\02_AI_and_Data\Kaggle-AI-Agents\PTCG_AI_Battle_Challenge\reports\notebook54\section4\section4a_tournament_card_move_records.csv,Bulbasaur,0.0,30.0,,nan,Bulbasaur,0.0,30.0,-2,section4a_tournament_card_move_records.csv,True,True,True,False
D:\02_AI_and_Data\Kaggle-AI-Agents\PTCG_AI_Battle_Challenge\reports\notebook54\section4\section4a_tournament_card_move_records.csv,Bulbasaur,0.52,30.0,,nan,Bulbasaur,0.52,30.0,-2,section4a_tournament_card_move_records.csv,True,True,True,False
D:\02_AI_and_Data\Kaggle-AI-Agents\PTCG_AI_Battle_Challenge\reports\notebook54\section4\section4a_tournament_card_move_records.csv,Bulbasaur,0.28,30.0,,nan,Bulbasaur,0.28,30.0,-2,section4a_tournament_card_move_records.csv,True,True,True,False
D:\02_AI_and_Data\Kaggle-AI-Agents\PTCG_AI_Battle_Challenge\reports\notebook54\section4\section4a_tournament_card_move_records.csv,Bulbasaur,0.2,30.0,,nan,Bulbasaur,0.2,30.0,-2,section4a_tournament_card_move_records.csv,True,True,True,False
D:\02_AI_and_Data\Kaggle-AI-Agents\PTCG_AI_Battle_Challenge\reports\notebook54\section4\section4a_tournament_card_move_records.csv,Bulbasaur,0.73,30.0,,nan,Bulbasaur,0.73,30.0,-2,section4a_tournament_card_move_records.csv,True,True,True,False
D:\02_AI_and_Data\Kaggle-AI-Agents\PTCG_AI_Battle_Challenge\reports\notebook54\section4\section4a_tournament_card_move_records.csv,Meowth,0.24,60.0,,nan,Meowth,0.24,60.0,-2,section4a_tournament_card_move_records.csv,True,True,True,False
D:\02_AI_and_Data\Kaggle-AI-Agents\PTCG_AI_Battle_Challenge\reports\notebook54\section4\section4a_tournament_card_move_records.csv,Meowth,0.2,60.0,,nan,Meowth,0.2,60.0,-2,section4a_tournament_card_move_records.csv,True,True,True,False
D:\02_AI_and_Data\Kaggle-AI-Agents\PTCG_AI_Battle_Challenge\reports\notebook54\section4\section4a_tournament_card_move_records.csv,Meowth,0.639999999999999,60.0,,nan,Meowth,0.639999999999999,60.0,-2,section4a_tournament_card_move_records.csv,True,True,True,False
D:\02_AI_and_Data\Kaggle-AI-Agents\PTCG_AI_Battle_Challenge\reports\notebook54\section4\section4a_tournament_card_move_records.csv,Bulbasaur,1.73,46.0,,nan,Bulbasaur,1.73,46.0,-2,section4a_tournament_card_move_records.csv,True,True,True,False
D:\02_AI_and_Data\Kaggle-AI-Agents\PTCG_AI_Battle_Challenge\reports\notebook54\section4\section4a_tournament_card_move_records.csv,Bulbasaur,1.52,28.0,,nan,Bulbasaur,1.52,28.0,-2,section4a_tournament_card_move_records.csv,True,True,True,False
D:\02_AI_and_Data\Kaggle-AI-Agents\PTCG_AI_Battle_Challenge\reports\notebook54\section4\section4a_tournament_card_move_records.csv,Eevee,1.0,31.0,,nan,Eevee,1.0,31.0,-2,section4a_tournament_card_move_records.csv,True,True,True,False
D:\02_AI_and_Data\Kaggle-AI-Agents\PTCG_AI_Battle_Challenge\reports\notebook54\section4\section4a_tournament_card_move_records.csv,Eevee,1.55,31.0,,nan,Eevee,1.55,31.0,-2,section4a_tournament_card_move_records.csv,True,True,True,False
D:\02_AI_and_Data\Kaggle-AI-Agents\PTCG_AI_Battle_Challenge\reports\notebook54\section4\section4a_tournament_card_move_records.csv,Meowth,1.6400000000000001,33.0,,nan,Meowth,1.6400000000000001,33.0,-2,section4a_tournament_card_move_records.csv,True,True,True,False
D:\02_AI_and_Data\Kaggle-AI-Agents\PTCG_AI_Battle_Challenge\reports\notebook54\section4\section4a_tournament_card_move_records.csv,Meowth,1.38,8.0,,nan,Meowth,1.38,8.0,-2,section4a_tournament_card_move_records.csv,True,True,True,False
D:\02_AI_and_Data\Kaggle-AI-Agents\PTCG_AI_Battle_Challenge\reports\notebook54\section4\section4a_tournament_card_move_records.csv,Eevee,1.38,18.0,,nan,Eevee,1.38,18.0,-2,section4a_tournament_card_move_records.csv,True,True,True,False
D:\02_AI_and_Data\Kaggle-AI-Agents\PTCG_AI_Battle_Challenge\reports\notebook54\section4\section4a_tournament_card_move_records.csv,Charmander,1.38,16.0,,nan,Charmander,1.38,16.0,-2,section4a_tournament_card_move_records.csv,True,True,True,False
D:\02_AI_and_Data\Kaggle-AI-Agents\PTCG_AI_Battle_Challenge\reports\notebook54\section4\section4a_tournament_card_move_records.csv,Charmander,0.08 0.1  0.   0.   0.   0.   0.   0.38,50.0,,nan,Charmander,0.08 0.1 0. 0. 0. 0. 0. 0.38,50.0,-2,section4a_tournament_card_move_records.csv,True,True,True,False
D:\02_AI_and_Data\Kaggle-AI-Agents\PTCG_AI_Battle_Challenge\reports\notebook54\section4\section4a_tournament_card_move_records.csv,Charmander,0.2  0.2  0.   0.   0.   0.   0.   0.55,50.0,,nan,Charmander,0.2 0.2 0. 0. 0. 0. 0. 0.55,50.0,-2,section4a_tournament_card_move_records.csv,True,True,True,False
D:\02_AI_and_Data\Kaggle-AI-Agents\PTCG_AI_Battle_Challenge\reports\notebook54\section4\section4a_tournament_card_move_records.csv,Eevee,0.08 0.1  0.   0.   0.   0.   0.   0.38,20.0,,nan,Eevee,0.08 0.1 0. 0. 0. 0. 0. 0.38,20.0,-2,section4a_tournament_card_move_records.csv,True,True,True,False
D:\02_AI_and_Data\Kaggle-AI-Agents\PTCG_AI_Battle_Challenge\reports\notebook54\section4\section4a_tournament_card_move_records.csv,Eevee,0.2  0.2  0.   0.   0.   0.   0.   0.55,20.0,,nan,Eevee,0.2 0.2 0. 0. 0. 0. 0. 0.55,20.0,-2,section4a_tournament_card_move_records.csv,True,True,True,False
D:\02_AI_and_Data\Kaggle-AI-Agents\PTCG_AI_Battle_Challenge\reports\notebook54\section4\section4a_tournament_card_move_records.csv,Charmander,0.2  0.2  1.   0.   0.   0.   0.   1.55,20.0,,nan,Charmander,0.2 0.2 1. 0. 0. 0. 0. 1.55,20.0,-2,section4a_tournament_card_move_records.csv,True,True,True,False
D:\02_AI_and_Data\Kaggle-AI-Agents\PTCG_AI_Battle_Challenge\reports\notebook54\section4\section4a_tournament_card_move_records.csv,Meowth,0.08 0.1  0.   0.   0.   0.   0.   0.38,20.0,,nan,Meowth,0.08 0.1 0. 0. 0. 0. 0. 0.38,20.0,-2,section4a_tournament_card_move_records.csv,True,True,True,False
D:\02_AI_and_Data\Kaggle-AI-Agents\PTCG_AI_Battle_Challenge\reports\notebook54\section4\section4a_tournament_card_move_records.csv,Bulbasaur,0.12 0.1  0.   0.   0.   0.   0.   0.52,30.0,,nan,Bulbasaur,0.12 0.1 0. 0. 0. 0. 0. 0.52,30.0,-2,section4a_tournament_card_move_records.csv,True,True,True,False
D:\02_AI_and_Data\Kaggle-AI-Agents\PTCG_AI_Battle_Challenge\reports\notebook54\section4\section4a_tournament_card_move_records.csv,Bulbasaur,0.28 0.2  0.   0.   0.   0.   0.   0.73,30.0,,nan,Bulbasaur,0.28 0.2 0. 0. 0. 0. 0. 0.73,30.0,-2,section4a_tournament_card_move_records.csv,True,True,True,False
D:\02_AI_and_Data\Kaggle-AI-Agents\PTCG_AI_Battle_Challenge\reports\notebook54\section4\section4a_tournament_card_move_records.csv,Meowth,0.24 0.2  0.   0.   0.   0.   0.   0.64,60.0,,nan,Meowth,0.24 0.2 0. 0. 0. 0. 0. 0.64,60.0,-2,section4a_tournament_card_move_records.csv,True,True,True,False
D:\02_AI_and_Data\Kaggle-AI-Agents\PTCG_AI_Battle_Challenge\reports\notebook54\section4\section4a_tournament_card_move_records.csv,Bulbasaur,0.28 0.2  1.   0.   0.   0.   0.   1.73,46.0,,nan,Bulbasaur,0.28 0.2 1. 0. 0. 0. 0. 1.73,46.0,-2,section4a_tournament_card_move_records.csv,True,True,True,False
D:\02_AI_and_Data\Kaggle-AI-Agents\PTCG_AI_Battle_Challenge\reports\notebook54\section4\section4a_tournament_card_move_records.csv,Bulbasaur,0.12 0.1  1.   0.   0.   0.   0.   1.52,28.0,,nan,Bulbasaur,0.12 0.1 1. 0. 0. 0. 0. 1.52,28.0,-2,section4a_tournament_card_move_records.csv,True,True,True,False
D:\02_AI_and_Data\Kaggle-AI-Agents\PTCG_AI_Battle_Challenge\reports\notebook54\section4\section4a_tournament_card_move_records.csv,Eevee,0.2  0.2  1.   0.   0.   0.   0.   1.55,31.0,,nan,Eevee,0.2 0.2 1. 0. 0. 0. 0. 1.55,31.0,-2,section4a_tournament_card_move_records.csv,True,True,True,False
D:\02_AI_and_Data\Kaggle-AI-Agents\PTCG_AI_Battle_Challenge\reports\notebook54\section4\section4a_tournament_card_move_records.csv,Meowth,0.24 0.2  1.   0.   0.   0.   0.   1.64,33.0,,nan,Meowth,0.24 0.2 1. 0. 0. 0. 0. 1.64,33.0,-2,section4a_tournament_card_move_records.csv,True,True,True,False
D:\02_AI_and_Data\Kaggle-AI-Agents\PTCG_AI_Battle_Challenge\reports\notebook54\section4\section4a_tournament_card_move_records.csv,Meowth,0.08 0.1  1.   0.   0.   0.   0.   1.38,8.0,,nan,Meowth,0.08 0.1 1. 0. 0. 0. 0. 1.38,8.0,-2,section4a_tournament_card_move_records.csv,True,True,True,False
D:\02_AI_and_Data\Kaggle-AI-Agents\PTCG_AI_Battle_Challenge\reports\notebook54\section4\section4a_tournament_card_move_records.csv,Eevee,0.08 0.1  1.   0.   0.   0.   0.   1.38,18.0,,nan,Eevee,0.08 0.1 1. 0. 0. 0. 0. 1.38,18.0,-2,section4a_tournament_card_move_records.csv,True,True,True,False
D:\02_AI_and_Data\Kaggle-AI-Agents\PTCG_AI_Battle_Challenge\reports\notebook54\section4\section4a_tournament_card_move_records.csv,Charmander,0.08 0.1  1.   0.   0.   0.   0.   1.38,16.0,,nan,Charmander,0.08 0.1 1. 0. 0. 0. 0. 1.38,16.0,-2,section4a_tournament_card_move_records.csv,True,True,True,False
D:\02_AI_and_Data\Kaggle-AI-Agents\PTCG_AI_Battle_Challenge\reports\notebook54\section4\section4a_tournament_card_move_records.csv,Charmander,Tail Whap,0.0,,nan,Charmander,Tail Whap,0.0,-2,section4a_tournament_card_move_records.csv,True,True,True,False
D:\02_AI_and_Data\Kaggle-AI-Agents\PTCG_AI_Battle_Challenge\reports\notebook54\section4\section4a_tournament_card_move_records.csv,Charmander,Bite,0.0,,nan,Charmander,Bite,0.0,-2,section4a_tournament_card_move_records.csv,True,True,True,False
D:\02_AI_and_Data\Kaggle-AI-Agents\PTCG_AI_Battle_Challenge\reports\notebook54\section4\section4a_tournament_card_move_records.csv,Bulbasaur,Flame Tail,0.0,,nan,Bulbasaur,Flame Tail,0.0,-2,section4a_tournament_card_move_records.csv,True,True,True,False
D:\02_AI_and_Data\Kaggle-AI-Agents\PTCG_AI_Battle_Challenge\reports\notebook54\section4\section4a_tournament_card_move_records.csv,Eevee,Thunderbolt,0.0,,nan,Eevee,Thunderbolt,0.0,-2,section4a_tournament_card_move_records.csv,True,True,True,False
D:\02_AI_and_Data\Kaggle-AI-Agents\PTCG_AI_Battle_Challenge\reports\notebook54\section4\section4a_tournament_card_move_records.csv,Eevee,Tackle,0.0,,nan,Eevee,Tackle,0.0,-2,section4a_tournament_card_move_records.csv,True,True,True,False
D:\02_AI_and_Data\Kaggle-AI-Agents\PTCG_AI_Battle_Challenge\reports\notebook54\section4\section4a_tournament_card_move_records.csv,Bulbasaur,Thunderbolt,0.0,,nan,Bulbasaur,Thunderbolt,0.0,-2,section4a_tournament_card_move_records.csv,True,True,True,False
D:\02_AI_and_Data\Kaggle-AI-Agents\PTCG_AI_Battle_Challenge\reports\notebook54\section4\section4a_tournament_card_move_records.csv,Charmander,Vine Whip,0.0,,nan,Charmander,Vine Whip,0.0,-2,section4a_tournament_card_move_records.csv,True,True,True,False
D:\02_AI_and_Data\Kaggle-AI-Agents\PTCG_AI_Battle_Challenge\reports\notebook54\section4\section4a_tournament_card_move_records.csv,Bulbasaur,Bite,0.0,,nan,Bulbasaur,Bite,0.0,-2,section4a_tournament_card_move_records.csv,True,True,True,False
D:\02_AI_and_Data\Kaggle-AI-Agents\PTCG_AI_Battle_Challenge\reports\notebook54\section4\section4a_tournament_card_move_records.csv,Charmander,Thunderbolt,0.0,,nan,Charmander,Thunderbolt,0.0,-2,section4a_tournament_card_move_records.csv,True,True,True,False
D:\02_AI_and_Data\Kaggle-AI-Agents\PTCG_AI_Battle_Challenge\reports\notebook54\section4\section4a_tournament_card_move_records.csv,Charmander,Fury Swipes,0.0,,nan,Charmander,Fury Swipes,0.0,-2,section4a_tournament_card_move_records.csv,True,True,True,False
D:\02_AI_and_Data\Kaggle-AI-Agents\PTCG_AI_Battle_Challenge\reports\notebook54\section4\section4a_tournament_card_move_records.csv,Meowth,Vine Whip,0.0,,nan,Meowth,Vine Whip,0.0,-2,section4a_tournament_card_move_records.csv,True,True,True,False
D:\02_AI_and_Data\Kaggle-AI-Agents\PTCG_AI_Battle_Challenge\reports\notebook54\section4\section4a_tournament_card_move_records.csv,Meowth,Tackle,0.0,,nan,Meowth,Tackle,0.0,-2,section4a_tournament_card_move_records.csv,True,True,True,False
D:\02_AI_and_Data\Kaggle-AI-Agents\PTCG_AI_Battle_Challenge\reports\notebook54\section4\section4a_tournament_card_move_records.csv,Eevee,Razor Leaf,0.0,,nan,Eevee,Razor Leaf,0.0,-2,section4a_tournament_card_move_records.csv,True,True,True,False
D:\02_AI_and_Data\Kaggle-AI-Agents\PTCG_AI_Battle_Challenge\reports\notebook54\section4\section4a_tournament_card_move_records.csv,Eevee,Flame Tail,0.0,,nan,Eevee,Flame Tail,0.0,-2,section4a_tournament_card_move_records.csv,True,True,True,False
D:\02_AI_and_Data\Kaggle-AI-Agents\PTCG_AI_Battle_Challenge\reports\notebook54\section4\section4a_tournament_card_move_records.csv,Meowth,Quick Attack,0.0,,nan,Meowth,Quick Attack,0.0,-2,section4a_tournament_card_move_records.csv,True,True,True,False
D:\02_AI_and_Data\Kaggle-AI-Agents\PTCG_AI_Battle_Challenge\reports\notebook54\section4\section4a_tournament_card_move_records.csv,Eevee,Water Pulse,0.0,,nan,Eevee,Water Pulse,0.0,-2,section4a_tournament_card_move_records.csv,True,True,True,False
D:\02_AI_and_Data\Kaggle-AI-Agents\PTCG_AI_Battle_Challenge\reports\notebook54\section4\section4a_tournament_card_move_records.csv,Meowth,Tail Whap,0.0,,nan,Meowth,Tail Whap,0.0,-2,section4a_tournament_card_move_records.csv,True,True,True,False
D:\02_AI_and_Data\Kaggle-AI-Agents\PTCG_AI_Battle_Challenge\reports\notebook54\section4\section4a_tournament_card_move_records.csv,Meowth,Bite,0.0,,nan,Meowth,Bite,0.0,-2,section4a_tournament_card_move_records.csv,True,True,True,False
D:\02_AI_and_Data\Kaggle-AI-Agents\PTCG_AI_Battle_Challenge\reports\notebook54\section4\section4a_tournament_card_move_records.csv,Charmander,Water Pulse,0.0,,nan,Charmander,Water Pulse,0.0,-2,section4a_tournament_card_move_records.csv,True,True,True,False
D:\02_AI_and_Data\Kaggle-AI-Agents\PTCG_AI_Battle_Challenge\reports\notebook54\section4\section4a_tournament_card_move_records.csv,Charmander,Razor Leaf,0.0,,nan,Charmander,Razor Leaf,0.0,-2,section4a_tournament_card_move_records.csv,True,True,True,False
D:\02_AI_and_Data\Kaggle-AI-Agents\PTCG_AI_Battle_Challenge\reports\notebook54\section4\section4a_tournament_card_move_records.csv,Eevee,Scratch,0.0,,nan,Eevee,Scratch,0.0,-2,section4a_tournament_card_move_records.csv,True,True,True,False
D:\02_AI_and_Data\Kaggle-AI-Agents\PTCG_AI_Battle_Challenge\reports\notebook54\section4\section4a_tournament_card_move_records.csv,Bulbasaur,Water Pulse,0.0,,nan,Bulbasaur,Water Pulse,0.0,-2,section4a_tournament_card_move_records.csv,True,True,True,False
D:\02_AI_and_Data\Kaggle-AI-Agents\PTCG_AI_Battle_Challenge\reports\notebook54\section4\section4a_tournament_card_move_records.csv,Eevee,Vine Whip,0.0,,nan,Eevee,Vine Whip,0.0,-2,section4a_tournament_card_move_records.csv,True,True,True,False
D:\02_AI_and_Data\Kaggle-AI-Agents\PTCG_AI_Battle_Challenge\reports\notebook54\section4\section4a_tournament_card_move_records.csv,Bulbasaur,Tail Whap,0.0,,nan,Bulbasaur,Tail Whap,0.0,-2,section4a_tournament_card_move_records.csv,True,True,True,False
D:\02_AI_and_Data\Kaggle-AI-Agents\PTCG_AI_Battle_Challenge\reports\notebook54\section4\section4a_tournament_card_move_records.csv,Charmander,Tackle,0.0,,nan,Charmander,Tackle,0.0,-2,section4a_tournament_card_move_records.csv,True,True,True,False
D:\02_AI_and_Data\Kaggle-AI-Agents\PTCG_AI_Battle_Challenge\reports\notebook54\section4\section4a_tournament_card_move_records.csv,Bulbasaur,Fury Swipes,0.0,,nan,Bulbasaur,Fury Swipes,0.0,-2,section4a_tournament_card_move_records.csv,True,True,True,False
D:\02_AI_and_Data\Kaggle-AI-Agents\PTCG_AI_Battle_Challenge\reports\notebook54\section4\section4a_tournament_card_move_records.csv,Meowth,Water Pulse,0.0,,nan,Meowth,Water Pulse,0.0,-2,section4a_tournament_card_move_records.csv,True,True,True,False
D:\02_AI_and_Data\Kaggle-AI-Agents\PTCG_AI_Battle_Challenge\reports\notebook54\section4\section4a_tournament_card_move_records.csv,Bulbasaur,Scratch,0.0,,nan,Bulbasaur,Scratch,0.0,-2,section4a_tournament_card_move_records.csv,True,True,True,False
D:\02_AI_and_Data\Kaggle-AI-Agents\PTCG_AI_Battle_Challenge\reports\notebook54\section4\section4a_tournament_card_move_records.csv,Meowth,Thunderbolt,0.0,,nan,Meowth,Thunderbolt,0.0,-2,section4a_tournament_card_move_records.csv,True,True,True,False
D:\02_AI_and_Data\Kaggle-AI-Agents\PTCG_AI_Battle_Challenge\reports\notebook54\section4\section4a_tournament_card_move_records.csv,Meowth,Flame Tail,0.0,,nan,Meowth,Flame Tail,0.0,-2,section4a_tournament_card_move_records.csv,True,True,True,False
D:\02_AI_and_Data\Kaggle-AI-Agents\PTCG_AI_Battle_Challenge\reports\notebook54\section4\section4a_tournament_card_move_records.csv,Meowth,Razor Leaf,0.0,,nan,Meowth,Razor Leaf,0.0,-2,section4a_tournament_card_move_records.csv,True,True,True,False
D:\02_AI_and_Data\Kaggle-AI-Agents\PTCG_AI_Battle_Challenge\reports\notebook54\section4\section4a_tournament_card_move_records.csv,Bulbasaur,Tackle,0.0,,nan,Bulbasaur,Tackle,0.0,-2,section4a_tournament_card_move_records.csv,True,True,True,False
D:\02_AI_and_Data\Kaggle-AI-Agents\PTCG_AI_Battle_Challenge\reports\notebook54\section4\section4a_tournament_card_move_records.csv,Eevee,Fury Swipes,0.0,,nan,Eevee,Fury Swipes,0.0,-2,section4a_tournament_card_move_records.csv,True,True,True,False
D:\02_AI_and_Data\Kaggle-AI-Agents\PTCG_AI_Battle_Challenge\reports\notebook54\section4\section4a_tournament_card_move_records.csv,Meowth,Scratch,0.0,,nan,Meowth,Scratch,0.0,-2,section4a_tournament_card_move_records.csv,True,True,True,False
D:\02_AI_and_Data\Kaggle-AI-Agents\PTCG_AI_Battle_Challenge\reports\notebook54\section4\section4a_tournament_card_move_records.csv,Bulbasaur,2,30.0,,nan,Bulbasaur,2,30.0,-2,section4a_tournament_card_move_records.csv,True,True,True,False
D:\02_AI_and_Data\Kaggle-AI-Agents\PTCG_AI_Battle_Challenge\reports\notebook54\section4\section4a_tournament_card_move_records.csv,Charmander,2,20.0,,nan,Charmander,2,20.0,-2,section4a_tournament_card_move_records.csv,True,True,True,False
D:\02_AI_and_Data\Kaggle-AI-Agents\PTCG_AI_Battle_Challenge\reports\notebook54\section4\section4a_tournament_card_move_records.csv,Bulbasaur,0.28 0.2 1. 0. 0. 0. 0. 1.73,46.0,,nan,Bulbasaur,0.28 0.2 1. 0. 0. 0. 0. 1.73,46.0,-2,section4a_tournament_card_move_records.csv,True,True,True,False
D:\02_AI_and_Data\Kaggle-AI-Agents\PTCG_AI_Battle_Challenge\reports\notebook54\section4\section4a_tournament_card_move_records.csv,Bulbasaur,0.12 0.1 0. 0. 0. 0. 0. 0.52,30.0,,nan,Bulbasaur,0.12 0.1 0. 0. 0. 0. 0. 0.52,30.0,-2,section4a_tournament_card_move_records.csv,True,True,True,False
D:\02_AI_and_Data\Kaggle-AI-Agents\PTCG_AI_Battle_Challenge\reports\notebook54\section4\section4a_tournament_card_move_records.csv,Bulbasaur,0.28 0.2 0. 0. 0. 0. 0. 0.73,30.0,,nan,Bulbasaur,0.28 0.2 0. 0. 0. 0. 0. 0.73,30.0,-2,section4a_tournament_card_move_records.csv,True,True,True,False
D:\02_AI_and_Data\Kaggle-AI-Agents\PTCG_AI_Battle_Challenge\reports\notebook54\section4\section4a_tournament_card_move_records.csv,Bulbasaur,0.12 0.1 1. 0. 0. 0. 0. 1.52,28.0,,nan,Bulbasaur,0.12 0.1 1. 0. 0. 0. 0. 1.52,28.0,-2,section4a_tournament_card_move_records.csv,True,True,True,False
D:\02_AI_and_Data\Kaggle-AI-Agents\PTCG_AI_Battle_Challenge\reports\notebook54\section4\section4a_tournament_card_move_records.csv,Charmander,0.08 0.1 0. 0. 0. 0. 0. 0.38,50.0,,nan,Charmander,0.08 0.1 0. 0. 0. 0. 0. 0.38,50.0,-2,section4a_tournament_card_move_records.csv,True,True,True,False
D:\02_AI_and_Data\Kaggle-AI-Agents\PTCG_AI_Battle_Challenge\reports\notebook54\section4\section4a_tournament_card_move_records.csv,Charmander,0.2 0.2 0. 0. 0. 0. 0. 0.55,50.0,,nan,Charmander,0.2 0.2 0. 0. 0. 0. 0. 0.55,50.0,-2,section4a_tournament_card_move_records.csv,True,True,True,False
D:\02_AI_and_Data\Kaggle-AI-Agents\PTCG_AI_Battle_Challenge\reports\notebook54\section4\section4a_tournament_card_move_records.csv,Charmander,0.2 0.2 1. 0. 0. 0. 0. 1.55,20.0,,nan,Charmander,0.2 0.2 1. 0. 0. 0. 0. 1.55,20.0,-2,section4a_tournament_card_move_records.csv,True,True,True,False
D:\02_AI_and_Data\Kaggle-AI-Agents\PTCG_AI_Battle_Challenge\reports\notebook54\section4\section4a_tournament_card_move_records.csv,Charmander,0.08 0.1 1. 0. 0. 0. 0. 1.38,16.0,,nan,Charmander,0.08 0.1 1. 0. 0. 0. 0. 1.38,16.0,-2,section4a_tournament_card_move_records.csv,True,True,True,False
D:\02_AI_and_Data\Kaggle-AI-Agents\PTCG_AI_Battle_Challenge\reports\notebook54\section4\section4a_tournament_card_move_records.csv,Eevee,0.2 0.2 1. 0. 0. 0. 0. 1.55,31.0,,nan,Eevee,0.2 0.2 1. 0. 0. 0. 0. 1.55,31.0,-2,section4a_tournament_card_move_records.csv,True,True,True,False
D:\02_AI_and_Data\Kaggle-AI-Agents\PTCG_AI_Battle_Challenge\reports\notebook54\section4\section4a_tournament_card_move_records.csv,Eevee,0.08 0.1 0. 0. 0. 0. 0. 0.38,20.0,,nan,Eevee,0.08 0.1 0. 0. 0. 0. 0. 0.38,20.0,-2,section4a_tournament_card_move_records.csv,True,True,True,False
D:\02_AI_and_Data\Kaggle-AI-Agents\PTCG_AI_Battle_Challenge\reports\notebook54\section4\section4a_tournament_card_move_records.csv,Eevee,0.2 0.2 0. 0. 0. 0. 0. 0.55,20.0,,nan,Eevee,0.2 0.2 0. 0. 0. 0. 0. 0.55,20.0,-2,section4a_tournament_card_move_records.csv,True,True,True,False
D:\02_AI_and_Data\Kaggle-AI-Agents\PTCG_AI_Battle_Challenge\reports\notebook54\section4\section4a_tournament_card_move_records.csv,Eevee,0.08 0.1 1. 0. 0. 0. 0. 1.38,18.0,,nan,Eevee,0.08 0.1 1. 0. 0. 0. 0. 1.38,18.0,-2,section4a_tournament_card_move_records.csv,True,True,True,False
D:\02_AI_and_Data\Kaggle-AI-Agents\PTCG_AI_Battle_Challenge\reports\notebook54\section4\section4a_tournament_card_move_records.csv,Meowth,0.24 0.2 0. 0. 0. 0. 0. 0.64,60.0,,nan,Meowth,0.24 0.2 0. 0. 0. 0. 0. 0.64,60.0,-2,section4a_tournament_card_move_records.csv,True,True,True,False
D:\02_AI_and_Data\Kaggle-AI-Agents\PTCG_AI_Battle_Challenge\reports\notebook54\section4\section4a_tournament_card_move_records.csv,Meowth,0.24 0.2 1. 0. 0. 0. 0. 1.64,33.0,,nan,Meowth,0.24 0.2 1. 0. 0. 0. 0. 1.64,33.0,-2,section4a_tournament_card_move_records.csv,True,True,True,False
D:\02_AI_and_Data\Kaggle-AI-Agents\PTCG_AI_Battle_Challenge\reports\notebook54\section4\section4a_tournament_card_move_records.csv,Meowth,0.08 0.1 0. 0. 0. 0. 0. 0.38,20.0,,nan,Meowth,0.08 0.1 0. 0. 0. 0. 0. 0.38,20.0,-2,section4a_tournament_card_move_records.csv,True,True,True,False
D:\02_AI_and_Data\Kaggle-AI-Agents\PTCG_AI_Battle_Challenge\reports\notebook54\section4\section4a_tournament_card_move_records.csv,Meowth,0.08 0.1 1. 0. 0. 0. 0. 1.38,8.0,,nan,Meowth,0.08 0.1 1. 0. 0. 0. 0. 1.38,8.0,-2,section4a_tournament_card_move_records.csv,True,True,True,False
D:\02_AI_and_Data\Kaggle-AI-Agents\PTCG_AI_Battle_Challenge\reports\notebook54\section4\section4a_tournament_card_move_records.csv,Bulbasaur,21,46.0,,nan,Bulbasaur,21,46.0,-2,section4a_tournament_card_move_records.csv,True,True,True,False
D:\02_AI_and_Data\Kaggle-AI-Agents\PTCG_AI_Battle_Challenge\reports\notebook54\section4\section4a_tournament_card_move_records.csv,Charmander,20,50.0,,nan,Charmander,20,50.0,-2,section4a_tournament_card_move_records.csv,True,True,True,False
D:\02_AI_and_Data\Kaggle-AI-Agents\PTCG_AI_Battle_Challenge\reports\notebook54\section4\section4a_tournament_card_move_records.csv,Eevee,19,31.0,,nan,Eevee,19,31.0,-2,section4a_tournament_card_move_records.csv,True,True,True,False
D:\02_AI_and_Data\Kaggle-AI-Agents\PTCG_AI_Battle_Challenge\reports\notebook54\section4\section4a_tournament_card_move_records.csv,Meowth,21,60.0,,nan,Meowth,21,60.0,-2,section4a_tournament_card_move_records.csv,True,True,True,False
D:\02_AI_and_Data\Kaggle-AI-Agents\PTCG_AI_Battle_Challenge\reports\notebook54\section4\section4a_tournament_card_move_records.csv,Bulbasaur,81,4.0,,nan,Bulbasaur,81,4.0,-2,section4a_tournament_card_move_records.csv,True,True,True,False
D:\02_AI_and_Data\Kaggle-AI-Agents\PTCG_AI_Battle_Challenge\reports\notebook54\section4\section4a_tournament_card_move_records.csv,Charmander,81,4.0,,nan,Charmander,81,4.0,-2,section4a_tournament_card_move_records.csv,True,True,True,False
D:\02_AI_and_Data\Kaggle-AI-Agents\PTCG_AI_Battle_Challenge\reports\notebook54\section4\section4a_tournament_card_move_records.csv,Eevee,81,4.0,,nan,Eevee,81,4.0,-2,section4a_tournament_card_move_records.csv,True,True,True,False
D:\02_AI_and_Data\Kaggle-AI-Agents\PTCG_AI_Battle_Challenge\reports\notebook54\section4\section4a_tournament_card_move_records.csv,Meowth,81,4.0,,nan,Meowth,81,4.0,-2,section4a_tournament_card_move_records.csv,True,True,True,False
D:\02_AI_and_Data\Kaggle-AI-Agents\PTCG_AI_Battle_Challenge\reports\notebook54\section4\section4a_tournament_card_move_records.csv,Bulbasaur,8,28.0,,nan,Bulbasaur,8,28.0,-2,section4a_tournament_card_move_records.csv,True,True,True,False
D:\02_AI_and_Data\Kaggle-AI-Agents\PTCG_AI_Battle_Challenge\reports\notebook54\section4\section4a_tournament_card_move_records.csv,Charmander,8,16.0,,nan,Charmander,8,16.0,-2,section4a_tournament_card_move_records.csv,True,True,True,False
D:\02_AI_and_Data\Kaggle-AI-Agents\PTCG_AI_Battle_Challenge\reports\notebook54\section4\section4a_tournament_card_move_records.csv,Eevee,8,18.0,,nan,Eevee,8,18.0,-2,section4a_tournament_card_move_records.csv,True,True,True,False
D:\02_AI_and_Data\Kaggle-AI-Agents\PTCG_AI_Battle_Challenge\reports\notebook54\section4\section4a_tournament_card_move_records.csv,Meowth,8,8.0,,nan,Meowth,8,8.0,-2,section4a_tournament_card_move_records.csv,True,True,True,False
D:\02_AI_and_Data\Kaggle-AI-Agents\PTCG_AI_Battle_Challenge\reports\notebook54\section4\section4a_tournament_card_move_records.csv,Bulbasaur,32,8.0,,nan,Bulbasaur,32,8.0,-2,section4a_tournament_card_move_records.csv,True,True,True,False
D:\02_AI_and_Data\Kaggle-AI-Agents\PTCG_AI_Battle_Challenge\reports\notebook54\section4\section4a_tournament_card_move_records.csv,Charmander,32,8.0,,nan,Charmander,32,8.0,-2,section4a_tournament_card_move_records.csv,True,True,True,False
D:\02_AI_and_Data\Kaggle-AI-Agents\PTCG_AI_Battle_Challenge\reports\notebook54\section4\section4a_tournament_card_move_records.csv,Eevee,32,8.0,,nan,Eevee,32,8.0,-2,section4a_tournament_card_move_records.csv,True,True,True,False
D:\02_AI_and_Data\Kaggle-AI-Agents\PTCG_AI_Battle_Challenge\reports\notebook54\section4\section4a_tournament_card_move_records.csv,Meowth,32,8.0,,nan,Meowth,32,8.0,-2,section4a_tournament_card_move_records.csv,True,True,True,False
D:\02_AI_and_Data\Kaggle-AI-Agents\PTCG_AI_Battle_Challenge\reports\notebook54\section3\section3b_discovered_move_records.csv,Charmander,0.08,50.0,,nan,Charmander,0.08,50.0,-5,section3b_discovered_move_records.csv,True,True,True,False
D:\02_AI_and_Data\Kaggle-AI-Agents\PTCG_AI_Battle_Challenge\reports\notebook54\section3\section3b_discovered_move_records.csv,Charmander,0.1,50.0,,nan,Charmander,0.1,50.0,-5,section3b_discovered_move_records.csv,True,True,True,False
D:\02_AI_and_Data\Kaggle-AI-Agents\PTCG_AI_Battle_Challenge\reports\notebook54\section3\section3b_discovered_move_records.csv,Charmander,0.0,50.0,,nan,Charmander,0.0,50.0,-5,section3b_discovered_move_records.csv,True,True,True,False
D:\02_AI_and_Data\Kaggle-AI-Agents\PTCG_AI_Battle_Challenge\reports\notebook54\section3\section3b_discovered_move_records.csv,Charmander,0.38,50.0,,nan,Charmander,0.38,50.0,-5,section3b_discovered_move_records.csv,True,True,True,False
D:\02_AI_and_Data\Kaggle-AI-Agents\PTCG_AI_Battle_Challenge\reports\notebook54\section3\section3b_discovered_move_records.csv,Charmander,0.2,50.0,,nan,Charmander,0.2,50.0,-5,section3b_discovered_move_records.csv,True,True,True,False
D:\02_AI_and_Data\Kaggle-AI-Agents\PTCG_AI_Battle_Challenge\reports\notebook54\section3\section3b_discovered_move_records.csv,Charmander,0.55,50.0,,nan,Charmander,0.55,50.0,-5,section3b_discovered_move_records.csv,True,True,True,False
D:\02_AI_and_Data\Kaggle-AI-Agents\PTCG_AI_Battle_Challenge\reports\notebook54\section3\section3b_discovered_move_records.csv,Eevee,0.08,20.0,,nan,Eevee,0.08,20.0,-5,section3b_discovered_move_records.csv,True,True,True,False
D:\02_AI_and_Data\Kaggle-AI-Agents\PTCG_AI_Battle_Challenge\reports\notebook54\section3\section3b_discovered_move_records.csv,Eevee,0.1,20.0,,nan,Eevee,0.1,20.0,-5,section3b_discovered_move_records.csv,True,True,True,False
D:\02_AI_and_Data\Kaggle-AI-Agents\PTCG_AI_Battle_Challenge\reports\notebook54\section3\section3b_discovered_move_records.csv,Eevee,0.0,20.0,,nan,Eevee,0.0,20.0,-5,section3b_discovered_move_records.csv,True,True,True,False
D:\02_AI_and_Data\Kaggle-AI-Agents\PTCG_AI_Battle_Challenge\reports\notebook54\section3\section3b_discovered_move_records.csv,Eevee,0.38,20.0,,nan,Eevee,0.38,20.0,-5,section3b_discovered_move_records.csv,True,True,True,False
D:\02_AI_and_Data\Kaggle-AI-Agents\PTCG_AI_Battle_Challenge\reports\notebook54\section3\section3b_discovered_move_records.csv,Eevee,0.2,20.0,,nan,Eevee,0.2,20.0,-5,section3b_discovered_move_records.csv,True,True,True,False
D:\02_AI_and_Data\Kaggle-AI-Agents\PTCG_AI_Battle_Challenge\reports\notebook54\section3\section3b_discovered_move_records.csv,Eevee,0.55,20.0,,nan,Eevee,0.55,20.0,-5,section3b_discovered_move_records.csv,True,True,True,False
D:\02_AI_and_Data\Kaggle-AI-Agents\PTCG_AI_Battle_Challenge\reports\notebook54\section3\section3b_discovered_move_records.csv,Charmander,1.55,20.0,,nan,Charmander,1.55,20.0,-5,section3b_discovered_move_records.csv,True,True,True,False
D:\02_AI_and_Data\Kaggle-AI-Agents\PTCG_AI_Battle_Challenge\reports\notebook54\section3\section3b_discovered_move_records.csv,Meowth,0.08,20.0,,nan,Meowth,0.08,20.0,-5,section3b_discovered_move_records.csv,True,True,True,False
D:\02_AI_and_Data\Kaggle-AI-Agents\PTCG_AI_Battle_Challenge\reports\notebook54\section3\section3b_discovered_move_records.csv,Meowth,0.1,20.0,,nan,Meowth,0.1,20.0,-5,section3b_discovered_move_records.csv,True,True,True,False
D:\02_AI_and_Data\Kaggle-AI-Agents\PTCG_AI_Battle_Challenge\reports\notebook54\section3\section3b_discovered_move_records.csv,Meowth,0.0,20.0,,nan,Meowth,0.0,20.0,-5,section3b_discovered_move_records.csv,True,True,True,False
D:\02_AI_and_Data\Kaggle-AI-Agents\PTCG_AI_Battle_Challenge\reports\notebook54\section3\section3b_discovered_move_records.csv,Meowth,0.38,20.0,,nan,Meowth,0.38,20.0,-5,section3b_discovered_move_records.csv,True,True,True,False
D:\02_AI_and_Data\Kaggle-AI-Agents\PTCG_AI_Battle_Challenge\reports\notebook54\section3\section3b_discovered_move_records.csv,Bulbasaur,0.12,30.0,,nan,Bulbasaur,0.12,30.0,-5,section3b_discovered_move_records.csv,True,True,True,False
D:\02_AI_and_Data\Kaggle-AI-Agents\PTCG_AI_Battle_Challenge\reports\notebook54\section3\section3b_discovered_move_records.csv,Bulbasaur,0.1,30.0,,nan,Bulbasaur,0.1,30.0,-5,section3b_discovered_move_records.csv,True,True,True,False
D:\02_AI_and_Data\Kaggle-AI-Agents\PTCG_AI_Battle_Challenge\reports\notebook54\section3\section3b_discovered_move_records.csv,Bulbasaur,0.0,30.0,,nan,Bulbasaur,0.0,30.0,-5,section3b_discovered_move_records.csv,True,True,True,False
D:\02_AI_and_Data\Kaggle-AI-Agents\PTCG_AI_Battle_Challenge\reports\notebook54\section3\section3b_discovered_move_records.csv,Bulbasaur,0.52,30.0,,nan,Bulbasaur,0.52,30.0,-5,section3b_discovered_move_records.csv,True,True,True,False
D:\02_AI_and_Data\Kaggle-AI-Agents\PTCG_AI_Battle_Challenge\reports\notebook54\section3\section3b_discovered_move_records.csv,Bulbasaur,0.28,30.0,,nan,Bulbasaur,0.28,30.0,-5,section3b_discovered_move_records.csv,True,True,True,False
D:\02_AI_and_Data\Kaggle-AI-Agents\PTCG_AI_Battle_Challenge\reports\notebook54\section3\section3b_discovered_move_records.csv,Bulbasaur,0.2,30.0,,nan,Bulbasaur,0.2,30.0,-5,section3b_discovered_move_records.csv,True,True,True,False
D:\02_AI_and_Data\Kaggle-AI-Agents\PTCG_AI_Battle_Challenge\reports\notebook54\section3\section3b_discovered_move_records.csv,Bulbasaur,0.73,30.0,,nan,Bulbasaur,0.73,30.0,-5,section3b_discovered_move_records.csv,True,True,True,False
D:\02_AI_and_Data\Kaggle-AI-Agents\PTCG_AI_Battle_Challenge\reports\notebook54\section3\section3b_discovered_move_records.csv,Meowth,0.24,60.0,,nan,Meowth,0.24,60.0,-5,section3b_discovered_move_records.csv,True,True,True,False
D:\02_AI_and_Data\Kaggle-AI-Agents\PTCG_AI_Battle_Challenge\reports\notebook54\section3\section3b_discovered_move_records.csv,Meowth,0.2,60.0,,nan,Meowth,0.2,60.0,-5,section3b_discovered_move_records.csv,True,True,True,False
D:\02_AI_and_Data\Kaggle-AI-Agents\PTCG_AI_Battle_Challenge\reports\notebook54\section3\section3b_discovered_move_records.csv,Meowth,0.639999999999999,60.0,,nan,Meowth,0.639999999999999,60.0,-5,section3b_discovered_move_records.csv,True,True,True,False
D:\02_AI_and_Data\Kaggle-AI-Agents\PTCG_AI_Battle_Challenge\reports\notebook54\section3\section3b_discovered_move_records.csv,Bulbasaur,1.73,46.0,,nan,Bulbasaur,1.73,46.0,-5,section3b_discovered_move_records.csv,True,True,True,False
D:\02_AI_and_Data\Kaggle-AI-Agents\PTCG_AI_Battle_Challenge\reports\notebook54\section3\section3b_discovered_move_records.csv,Bulbasaur,1.52,28.0,,nan,Bulbasaur,1.52,28.0,-5,section3b_discovered_move_records.csv,True,True,True,False
D:\02_AI_and_Data\Kaggle-AI-Agents\PTCG_AI_Battle_Challenge\reports\notebook54\section3\section3b_discovered_move_records.csv,Eevee,1.0,31.0,,nan,Eevee,1.0,31.0,-5,section3b_discovered_move_records.csv,True,True,True,False
D:\02_AI_and_Data\Kaggle-AI-Agents\PTCG_AI_Battle_Challenge\reports\notebook54\section3\section3b_discovered_move_records.csv,Eevee,1.55,31.0,,nan,Eevee,1.55,31.0,-5,section3b_discovered_move_records.csv,True,True,True,False
D:\02_AI_and_Data\Kaggle-AI-Agents\PTCG_AI_Battle_Challenge\reports\notebook54\section3\section3b_discovered_move_records.csv,Meowth,1.6400000000000001,33.0,,nan,Meowth,1.6400000000000001,33.0,-5,section3b_discovered_move_records.csv,True,True,True,False
D:\02_AI_and_Data\Kaggle-AI-Agents\PTCG_AI_Battle_Challenge\reports\notebook54\section3\section3b_discovered_move_records.csv,Meowth,1.38,8.0,,nan,Meowth,1.38,8.0,-5,section3b_discovered_move_records.csv,True,True,True,False
D:\02_AI_and_Data\Kaggle-AI-Agents\PTCG_AI_Battle_Challenge\reports\notebook54\section3\section3b_discovered_move_records.csv,Eevee,1.38,18.0,,nan,Eevee,1.38,18.0,-5,section3b_discovered_move_records.csv,True,True,True,False
D:\02_AI_and_Data\Kaggle-AI-Agents\PTCG_AI_Battle_Challenge\reports\notebook54\section3\section3b_discovered_move_records.csv,Charmander,1.38,16.0,,nan,Charmander,1.38,16.0,-5,section3b_discovered_move_records.csv,True,True,True,False
D:\02_AI_and_Data\Kaggle-AI-Agents\PTCG_AI_Battle_Challenge\reports\notebook54\section3\section3b_discovered_move_records.csv,Charmander,0.08 0.1  0.   0.   0.   0.   0.   0.38,50.0,,nan,Charmander,0.08 0.1 0. 0. 0. 0. 0. 0.38,50.0,-5,section3b_discovered_move_records.csv,True,True,True,False
D:\02_AI_and_Data\Kaggle-AI-Agents\PTCG_AI_Battle_Challenge\reports\notebook54\section3\section3b_discovered_move_records.csv,Charmander,0.2  0.2  0.   0.   0.   0.   0.   0.55,50.0,,nan,Charmander,0.2 0.2 0. 0. 0. 0. 0. 0.55,50.0,-5,section3b_discovered_move_records.csv,True,True,True,False
D:\02_AI_and_Data\Kaggle-AI-Agents\PTCG_AI_Battle_Challenge\reports\notebook54\section3\section3b_discovered_move_records.csv,Eevee,0.08 0.1  0.   0.   0.   0.   0.   0.38,20.0,,nan,Eevee,0.08 0.1 0. 0. 0. 0. 0. 0.38,20.0,-5,section3b_discovered_move_records.csv,True,True,True,False
D:\02_AI_and_Data\Kaggle-AI-Agents\PTCG_AI_Battle_Challenge\reports\notebook54\section3\section3b_discovered_move_records.csv,Eevee,0.2  0.2  0.   0.   0.   0.   0.   0.55,20.0,,nan,Eevee,0.2 0.2 0. 0. 0. 0. 0. 0.55,20.0,-5,section3b_discovered_move_records.csv,True,True,True,False
D:\02_AI_and_Data\Kaggle-AI-Agents\PTCG_AI_Battle_Challenge\reports\notebook54\section3\section3b_discovered_move_records.csv,Charmander,0.2  0.2  1.   0.   0.   0.   0.   1.55,20.0,,nan,Charmander,0.2 0.2 1. 0. 0. 0. 0. 1.55,20.0,-5,section3b_discovered_move_records.csv,True,True,True,False
D:\02_AI_and_Data\Kaggle-AI-Agents\PTCG_AI_Battle_Challenge\reports\notebook54\section3\section3b_discovered_move_records.csv,Meowth,0.08 0.1  0.   0.   0.   0.   0.   0.38,20.0,,nan,Meowth,0.08 0.1 0. 0. 0. 0. 0. 0.38,20.0,-5,section3b_discovered_move_records.csv,True,True,True,False
D:\02_AI_and_Data\Kaggle-AI-Agents\PTCG_AI_Battle_Challenge\reports\notebook54\section3\section3b_discovered_move_records.csv,Bulbasaur,0.12 0.1  0.   0.   0.   0.   0.   0.52,30.0,,nan,Bulbasaur,0.12 0.1 0. 0. 0. 0. 0. 0.52,30.0,-5,section3b_discovered_move_records.csv,True,True,True,False
D:\02_AI_and_Data\Kaggle-AI-Agents\PTCG_AI_Battle_Challenge\reports\notebook54\section3\section3b_discovered_move_records.csv,Bulbasaur,0.28 0.2  0.   0.   0.   0.   0.   0.73,30.0,,nan,Bulbasaur,0.28 0.2 0. 0. 0. 0. 0. 0.73,30.0,-5,section3b_discovered_move_records.csv,True,True,True,False
D:\02_AI_and_Data\Kaggle-AI-Agents\PTCG_AI_Battle_Challenge\reports\notebook54\section3\section3b_discovered_move_records.csv,Meowth,0.24 0.2  0.   0.   0.   0.   0.   0.64,60.0,,nan,Meowth,0.24 0.2 0. 0. 0. 0. 0. 0.64,60.0,-5,section3b_discovered_move_records.csv,True,True,True,False
D:\02_AI_and_Data\Kaggle-AI-Agents\PTCG_AI_Battle_Challenge\reports\notebook54\section3\section3b_discovered_move_records.csv,Bulbasaur,0.28 0.2  1.   0.   0.   0.   0.   1.73,46.0,,nan,Bulbasaur,0.28 0.2 1. 0. 0. 0. 0. 1.73,46.0,-5,section3b_discovered_move_records.csv,True,True,True,False
D:\02_AI_and_Data\Kaggle-AI-Agents\PTCG_AI_Battle_Challenge\reports\notebook54\section3\section3b_discovered_move_records.csv,Bulbasaur,0.12 0.1  1.   0.   0.   0.   0.   1.52,28.0,,nan,Bulbasaur,0.12 0.1 1. 0. 0. 0. 0. 1.52,28.0,-5,section3b_discovered_move_records.csv,True,True,True,False
D:\02_AI_and_Data\Kaggle-AI-Agents\PTCG_AI_Battle_Challenge\reports\notebook54\section3\section3b_discovered_move_records.csv,Eevee,0.2  0.2  1.   0.   0.   0.   0.   1.55,31.0,,nan,Eevee,0.2 0.2 1. 0. 0. 0. 0. 1.55,31.0,-5,section3b_discovered_move_records.csv,True,True,True,False
D:\02_AI_and_Data\Kaggle-AI-Agents\PTCG_AI_Battle_Challenge\reports\notebook54\section3\section3b_discovered_move_records.csv,Meowth,0.24 0.2  1.   0.   0.   0.   0.   1.64,33.0,,nan,Meowth,0.24 0.2 1. 0. 0. 0. 0. 1.64,33.0,-5,section3b_discovered_move_records.csv,True,True,True,False
D:\02_AI_and_Data\Kaggle-AI-Agents\PTCG_AI_Battle_Challenge\reports\notebook54\section3\section3b_discovered_move_records.csv,Meowth,0.08 0.1  1.   0.   0.   0.   0.   1.38,8.0,,nan,Meowth,0.08 0.1 1. 0. 0. 0. 0. 1.38,8.0,-5,section3b_discovered_move_records.csv,True,True,True,False
D:\02_AI_and_Data\Kaggle-AI-Agents\PTCG_AI_Battle_Challenge\reports\notebook54\section3\section3b_discovered_move_records.csv,Eevee,0.08 0.1  1.   0.   0.   0.   0.   1.38,18.0,,nan,Eevee,0.08 0.1 1. 0. 0. 0. 0. 1.38,18.0,-5,section3b_discovered_move_records.csv,True,True,True,False
D:\02_AI_and_Data\Kaggle-AI-Agents\PTCG_AI_Battle_Challenge\reports\notebook54\section3\section3b_discovered_move_records.csv,Charmander,0.08 0.1  1.   0.   0.   0.   0.   1.38,16.0,,nan,Charmander,0.08 0.1 1. 0. 0. 0. 0. 1.38,16.0,-5,section3b_discovered_move_records.csv,True,True,True,False
D:\02_AI_and_Data\Kaggle-AI-Agents\PTCG_AI_Battle_Challenge\reports\notebook54\section3\section3b_discovered_move_records.csv,Charmander,Tail Whap,0.0,,nan,Charmander,Tail Whap,0.0,-5,section3b_discovered_move_records.csv,True,True,True,False
D:\02_AI_and_Data\Kaggle-AI-Agents\PTCG_AI_Battle_Challenge\reports\notebook54\section3\section3b_discovered_move_records.csv,Charmander,Bite,0.0,,nan,Charmander,Bite,0.0,-5,section3b_discovered_move_records.csv,True,True,True,False
D:\02_AI_and_Data\Kaggle-AI-Agents\PTCG_AI_Battle_Challenge\reports\notebook54\section3\section3b_discovered_move_records.csv,Bulbasaur,Flame Tail,0.0,,nan,Bulbasaur,Flame Tail,0.0,-5,section3b_discovered_move_records.csv,True,True,True,False
D:\02_AI_and_Data\Kaggle-AI-Agents\PTCG_AI_Battle_Challenge\reports\notebook54\section3\section3b_discovered_move_records.csv,Eevee,Thunderbolt,0.0,,nan,Eevee,Thunderbolt,0.0,-5,section3b_discovered_move_records.csv,True,True,True,False
D:\02_AI_and_Data\Kaggle-AI-Agents\PTCG_AI_Battle_Challenge\reports\notebook54\section3\section3b_discovered_move_records.csv,Eevee,Tackle,0.0,,nan,Eevee,Tackle,0.0,-5,section3b_discovered_move_records.csv,True,True,True,False
D:\02_AI_and_Data\Kaggle-AI-Agents\PTCG_AI_Battle_Challenge\reports\notebook54\section3\section3b_discovered_move_records.csv,Bulbasaur,Thunderbolt,0.0,,nan,Bulbasaur,Thunderbolt,0.0,-5,section3b_discovered_move_records.csv,True,True,True,False
D:\02_AI_and_Data\Kaggle-AI-Agents\PTCG_AI_Battle_Challenge\reports\notebook54\section3\section3b_discovered_move_records.csv,Charmander,Vine Whip,0.0,,nan,Charmander,Vine Whip,0.0,-5,section3b_discovered_move_records.csv,True,True,True,False
D:\02_AI_and_Data\Kaggle-AI-Agents\PTCG_AI_Battle_Challenge\reports\notebook54\section3\section3b_discovered_move_records.csv,Bulbasaur,Bite,0.0,,nan,Bulbasaur,Bite,0.0,-5,section3b_discovered_move_records.csv,True,True,True,False
D:\02_AI_and_Data\Kaggle-AI-Agents\PTCG_AI_Battle_Challenge\reports\notebook54\section3\section3b_discovered_move_records.csv,Charmander,Thunderbolt,0.0,,nan,Charmander,Thunderbolt,0.0,-5,section3b_discovered_move_records.csv,True,True,True,False
D:\02_AI_and_Data\Kaggle-AI-Agents\PTCG_AI_Battle_Challenge\reports\notebook54\section3\section3b_discovered_move_records.csv,Charmander,Fury Swipes,0.0,,nan,Charmander,Fury Swipes,0.0,-5,section3b_discovered_move_records.csv,True,True,True,False
D:\02_AI_and_Data\Kaggle-AI-Agents\PTCG_AI_Battle_Challenge\reports\notebook54\section3\section3b_discovered_move_records.csv,Meowth,Vine Whip,0.0,,nan,Meowth,Vine Whip,0.0,-5,section3b_discovered_move_records.csv,True,True,True,False
D:\02_AI_and_Data\Kaggle-AI-Agents\PTCG_AI_Battle_Challenge\reports\notebook54\section3\section3b_discovered_move_records.csv,Meowth,Tackle,0.0,,nan,Meowth,Tackle,0.0,-5,section3b_discovered_move_records.csv,True,True,True,False
D:\02_AI_and_Data\Kaggle-AI-Agents\PTCG_AI_Battle_Challenge\reports\notebook54\section3\section3b_discovered_move_records.csv,Eevee,Razor Leaf,0.0,,nan,Eevee,Razor Leaf,0.0,-5,section3b_discovered_move_records.csv,True,True,True,False
D:\02_AI_and_Data\Kaggle-AI-Agents\PTCG_AI_Battle_Challenge\reports\notebook54\section3\section3b_discovered_move_records.csv,Eevee,Flame Tail,0.0,,nan,Eevee,Flame Tail,0.0,-5,section3b_discovered_move_records.csv,True,True,True,False
D:\02_AI_and_Data\Kaggle-AI-Agents\PTCG_AI_Battle_Challenge\reports\notebook54\section3\section3b_discovered_move_records.csv,Meowth,Quick Attack,0.0,,nan,Meowth,Quick Attack,0.0,-5,section3b_discovered_move_records.csv,True,True,True,False
D:\02_AI_and_Data\Kaggle-AI-Agents\PTCG_AI_Battle_Challenge\reports\notebook54\section3\section3b_discovered_move_records.csv,Eevee,Water Pulse,0.0,,nan,Eevee,Water Pulse,0.0,-5,section3b_discovered_move_records.csv,True,True,True,False
D:\02_AI_and_Data\Kaggle-AI-Agents\PTCG_AI_Battle_Challenge\reports\notebook54\section3\section3b_discovered_move_records.csv,Meowth,Tail Whap,0.0,,nan,Meowth,Tail Whap,0.0,-5,section3b_discovered_move_records.csv,True,True,True,False
D:\02_AI_and_Data\Kaggle-AI-Agents\PTCG_AI_Battle_Challenge\reports\notebook54\section3\section3b_discovered_move_records.csv,Meowth,Bite,0.0,,nan,Meowth,Bite,0.0,-5,section3b_discovered_move_records.csv,True,True,True,False
D:\02_AI_and_Data\Kaggle-AI-Agents\PTCG_AI_Battle_Challenge\reports\notebook54\section3\section3b_discovered_move_records.csv,Charmander,Water Pulse,0.0,,nan,Charmander,Water Pulse,0.0,-5,section3b_discovered_move_records.csv,True,True,True,False
D:\02_AI_and_Data\Kaggle-AI-Agents\PTCG_AI_Battle_Challenge\reports\notebook54\section3\section3b_discovered_move_records.csv,Charmander,Razor Leaf,0.0,,nan,Charmander,Razor Leaf,0.0,-5,section3b_discovered_move_records.csv,True,True,True,False
D:\02_AI_and_Data\Kaggle-AI-Agents\PTCG_AI_Battle_Challenge\reports\notebook54\section3\section3b_discovered_move_records.csv,Eevee,Scratch,0.0,,nan,Eevee,Scratch,0.0,-5,section3b_discovered_move_records.csv,True,True,True,False
D:\02_AI_and_Data\Kaggle-AI-Agents\PTCG_AI_Battle_Challenge\reports\notebook54\section3\section3b_discovered_move_records.csv,Bulbasaur,Water Pulse,0.0,,nan,Bulbasaur,Water Pulse,0.0,-5,section3b_discovered_move_records.csv,True,True,True,False
D:\02_AI_and_Data\Kaggle-AI-Agents\PTCG_AI_Battle_Challenge\reports\notebook54\section3\section3b_discovered_move_records.csv,Eevee,Vine Whip,0.0,,nan,Eevee,Vine Whip,0.0,-5,section3b_discovered_move_records.csv,True,True,True,False
D:\02_AI_and_Data\Kaggle-AI-Agents\PTCG_AI_Battle_Challenge\reports\notebook54\section3\section3b_discovered_move_records.csv,Bulbasaur,Tail Whap,0.0,,nan,Bulbasaur,Tail Whap,0.0,-5,section3b_discovered_move_records.csv,True,True,True,False
D:\02_AI_and_Data\Kaggle-AI-Agents\PTCG_AI_Battle_Challenge\reports\notebook54\section3\section3b_discovered_move_records.csv,Charmander,Tackle,0.0,,nan,Charmander,Tackle,0.0,-5,section3b_discovered_move_records.csv,True,True,True,False
D:\02_AI_and_Data\Kaggle-AI-Agents\PTCG_AI_Battle_Challenge\reports\notebook54\section3\section3b_discovered_move_records.csv,Bulbasaur,Fury Swipes,0.0,,nan,Bulbasaur,Fury Swipes,0.0,-5,section3b_discovered_move_records.csv,True,True,True,False
D:\02_AI_and_Data\Kaggle-AI-Agents\PTCG_AI_Battle_Challenge\reports\notebook54\section3\section3b_discovered_move_records.csv,Meowth,Water Pulse,0.0,,nan,Meowth,Water Pulse,0.0,-5,section3b_discovered_move_records.csv,True,True,True,False
D:\02_AI_and_Data\Kaggle-AI-Agents\PTCG_AI_Battle_Challenge\reports\notebook54\section3\section3b_discovered_move_records.csv,Bulbasaur,Scratch,0.0,,nan,Bulbasaur,Scratch,0.0,-5,section3b_discovered_move_records.csv,True,True,True,False
D:\02_AI_and_Data\Kaggle-AI-Agents\PTCG_AI_Battle_Challenge\reports\notebook54\section3\section3b_discovered_move_records.csv,Meowth,Thunderbolt,0.0,,nan,Meowth,Thunderbolt,0.0,-5,section3b_discovered_move_records.csv,True,True,True,False
D:\02_AI_and_Data\Kaggle-AI-Agents\PTCG_AI_Battle_Challenge\reports\notebook54\section3\section3b_discovered_move_records.csv,Meowth,Flame Tail,0.0,,nan,Meowth,Flame Tail,0.0,-5,section3b_discovered_move_records.csv,True,True,True,False
D:\02_AI_and_Data\Kaggle-AI-Agents\PTCG_AI_Battle_Challenge\reports\notebook54\section3\section3b_discovered_move_records.csv,Meowth,Razor Leaf,0.0,,nan,Meowth,Razor Leaf,0.0,-5,section3b_discovered_move_records.csv,True,True,True,False
D:\02_AI_and_Data\Kaggle-AI-Agents\PTCG_AI_Battle_Challenge\reports\notebook54\section3\section3b_discovered_move_records.csv,Bulbasaur,Tackle,0.0,,nan,Bulbasaur,Tackle,0.0,-5,section3b_discovered_move_records.csv,True,True,True,False
D:\02_AI_and_Data\Kaggle-AI-Agents\PTCG_AI_Battle_Challenge\reports\notebook54\section3\section3b_discovered_move_records.csv,Eevee,Fury Swipes,0.0,,nan,Eevee,Fury Swipes,0.0,-5,section3b_discovered_move_records.csv,True,True,True,False
D:\02_AI_and_Data\Kaggle-AI-Agents\PTCG_AI_Battle_Challenge\reports\notebook54\section3\section3b_discovered_move_records.csv,Meowth,Scratch,0.0,,nan,Meowth,Scratch,0.0,-5,section3b_discovered_move_records.csv,True,True,True,False
D:\02_AI_and_Data\Kaggle-AI-Agents\PTCG_AI_Battle_Challenge\reports\notebook54\section3\section3b_discovered_move_records.csv,Bulbasaur,2,30.0,,nan,Bulbasaur,2,30.0,-5,section3b_discovered_move_records.csv,True,True,True,False
D:\02_AI_and_Data\Kaggle-AI-Agents\PTCG_AI_Battle_Challenge\reports\notebook54\section3\section3b_discovered_move_records.csv,Charmander,2,20.0,,nan,Charmander,2,20.0,-5,section3b_discovered_move_records.csv,True,True,True,False
D:\02_AI_and_Data\Kaggle-AI-Agents\PTCG_AI_Battle_Challenge\reports\notebook54\section3\section3b_discovered_move_records.csv,Bulbasaur,0.28 0.2 1. 0. 0. 0. 0. 1.73,46.0,,nan,Bulbasaur,0.28 0.2 1. 0. 0. 0. 0. 1.73,46.0,-5,section3b_discovered_move_records.csv,True,True,True,False
D:\02_AI_and_Data\Kaggle-AI-Agents\PTCG_AI_Battle_Challenge\reports\notebook54\section3\section3b_discovered_move_records.csv,Bulbasaur,0.12 0.1 0. 0. 0. 0. 0. 0.52,30.0,,nan,Bulbasaur,0.12 0.1 0. 0. 0. 0. 0. 0.52,30.0,-5,section3b_discovered_move_records.csv,True,True,True,False
D:\02_AI_and_Data\Kaggle-AI-Agents\PTCG_AI_Battle_Challenge\reports\notebook54\section3\section3b_discovered_move_records.csv,Bulbasaur,0.28 0.2 0. 0. 0. 0. 0. 0.73,30.0,,nan,Bulbasaur,0.28 0.2 0. 0. 0. 0. 0. 0.73,30.0,-5,section3b_discovered_move_records.csv,True,True,True,False
D:\02_AI_and_Data\Kaggle-AI-Agents\PTCG_AI_Battle_Challenge\reports\notebook54\section3\section3b_discovered_move_records.csv,Bulbasaur,0.12 0.1 1. 0. 0. 0. 0. 1.52,28.0,,nan,Bulbasaur,0.12 0.1 1. 0. 0. 0. 0. 1.52,28.0,-5,section3b_discovered_move_records.csv,True,True,True,False
D:\02_AI_and_Data\Kaggle-AI-Agents\PTCG_AI_Battle_Challenge\reports\notebook54\section3\section3b_discovered_move_records.csv,Charmander,0.08 0.1 0. 0. 0. 0. 0. 0.38,50.0,,nan,Charmander,0.08 0.1 0. 0. 0. 0. 0. 0.38,50.0,-5,section3b_discovered_move_records.csv,True,True,True,False
D:\02_AI_and_Data\Kaggle-AI-Agents\PTCG_AI_Battle_Challenge\reports\notebook54\section3\section3b_discovered_move_records.csv,Charmander,0.2 0.2 0. 0. 0. 0. 0. 0.55,50.0,,nan,Charmander,0.2 0.2 0. 0. 0. 0. 0. 0.55,50.0,-5,section3b_discovered_move_records.csv,True,True,True,False
D:\02_AI_and_Data\Kaggle-AI-Agents\PTCG_AI_Battle_Challenge\reports\notebook54\section3\section3b_discovered_move_records.csv,Charmander,0.2 0.2 1. 0. 0. 0. 0. 1.55,20.0,,nan,Charmander,0.2 0.2 1. 0. 0. 0. 0. 1.55,20.0,-5,section3b_discovered_move_records.csv,True,True,True,False
D:\02_AI_and_Data\Kaggle-AI-Agents\PTCG_AI_Battle_Challenge\reports\notebook54\section3\section3b_discovered_move_records.csv,Charmander,0.08 0.1 1. 0. 0. 0. 0. 1.38,16.0,,nan,Charmander,0.08 0.1 1. 0. 0. 0. 0. 1.38,16.0,-5,section3b_discovered_move_records.csv,True,True,True,False
D:\02_AI_and_Data\Kaggle-AI-Agents\PTCG_AI_Battle_Challenge\reports\notebook54\section3\section3b_discovered_move_records.csv,Eevee,0.2 0.2 1. 0. 0. 0. 0. 1.55,31.0,,nan,Eevee,0.2 0.2 1. 0. 0. 0. 0. 1.55,31.0,-5,section3b_discovered_move_records.csv,True,True,True,False
D:\02_AI_and_Data\Kaggle-AI-Agents\PTCG_AI_Battle_Challenge\reports\notebook54\section3\section3b_discovered_move_records.csv,Eevee,0.08 0.1 0. 0. 0. 0. 0. 0.38,20.0,,nan,Eevee,0.08 0.1 0. 0. 0. 0. 0. 0.38,20.0,-5,section3b_discovered_move_records.csv,True,True,True,False
D:\02_AI_and_Data\Kaggle-AI-Agents\PTCG_AI_Battle_Challenge\reports\notebook54\section3\section3b_discovered_move_records.csv,Eevee,0.2 0.2 0. 0. 0. 0. 0. 0.55,20.0,,nan,Eevee,0.2 0.2 0. 0. 0. 0. 0. 0.55,20.0,-5,section3b_discovered_move_records.csv,True,True,True,False
D:\02_AI_and_Data\Kaggle-AI-Agents\PTCG_AI_Battle_Challenge\reports\notebook54\section3\section3b_discovered_move_records.csv,Eevee,0.08 0.1 1. 0. 0. 0. 0. 1.38,18.0,,nan,Eevee,0.08 0.1 1. 0. 0. 0. 0. 1.38,18.0,-5,section3b_discovered_move_records.csv,True,True,True,False
D:\02_AI_and_Data\Kaggle-AI-Agents\PTCG_AI_Battle_Challenge\reports\notebook54\section3\section3b_discovered_move_records.csv,Meowth,0.24 0.2 0. 0. 0. 0. 0. 0.64,60.0,,nan,Meowth,0.24 0.2 0. 0. 0. 0. 0. 0.64,60.0,-5,section3b_discovered_move_records.csv,True,True,True,False
D:\02_AI_and_Data\Kaggle-AI-Agents\PTCG_AI_Battle_Challenge\reports\notebook54\section3\section3b_discovered_move_records.csv,Meowth,0.24 0.2 1. 0. 0. 0. 0. 1.64,33.0,,nan,Meowth,0.24 0.2 1. 0. 0. 0. 0. 1.64,33.0,-5,section3b_discovered_move_records.csv,True,True,True,False
D:\02_AI_and_Data\Kaggle-AI-Agents\PTCG_AI_Battle_Challenge\reports\notebook54\section3\section3b_discovered_move_records.csv,Meowth,0.08 0.1 0. 0. 0. 0. 0. 0.38,20.0,,nan,Meowth,0.08 0.1 0. 0. 0. 0. 0. 0.38,20.0,-5,section3b_discovered_move_records.csv,True,True,True,False
D:\02_AI_and_Data\Kaggle-AI-Agents\PTCG_AI_Battle_Challenge\reports\notebook54\section3\section3b_discovered_move_records.csv,Meowth,0.08 0.1 1. 0. 0. 0. 0. 1.38,8.0,,nan,Meowth,0.08 0.1 1. 0. 0. 0. 0. 1.38,8.0,-5,section3b_discovered_move_records.csv,True,True,True,False
D:\02_AI_and_Data\Kaggle-AI-Agents\PTCG_AI_Battle_Challenge\reports\notebook54\section3\section3b_discovered_move_records.csv,Bulbasaur,21,46.0,,nan,Bulbasaur,21,46.0,-5,section3b_discovered_move_records.csv,True,True,True,False
D:\02_AI_and_Data\Kaggle-AI-Agents\PTCG_AI_Battle_Challenge\reports\notebook54\section3\section3b_discovered_move_records.csv,Charmander,20,50.0,,nan,Charmander,20,50.0,-5,section3b_discovered_move_records.csv,True,True,True,False
D:\02_AI_and_Data\Kaggle-AI-Agents\PTCG_AI_Battle_Challenge\reports\notebook54\section3\section3b_discovered_move_records.csv,Eevee,19,31.0,,nan,Eevee,19,31.0,-5,section3b_discovered_move_records.csv,True,True,True,False
D:\02_AI_and_Data\Kaggle-AI-Agents\PTCG_AI_Battle_Challenge\reports\notebook54\section3\section3b_discovered_move_records.csv,Meowth,21,60.0,,nan,Meowth,21,60.0,-5,section3b_discovered_move_records.csv,True,True,True,False
D:\02_AI_and_Data\Kaggle-AI-Agents\PTCG_AI_Battle_Challenge\reports\notebook54\section3\section3b_discovered_move_records.csv,Bulbasaur,81,4,,nan,Bulbasaur,81,4.0,-5,section3b_discovered_move_records.csv,True,True,True,False
D:\02_AI_and_Data\Kaggle-AI-Agents\PTCG_AI_Battle_Challenge\reports\notebook54\section3\section3b_discovered_move_records.csv,Charmander,81,4,,nan,Charmander,81,4.0,-5,section3b_discovered_move_records.csv,True,True,True,False
D:\02_AI_and_Data\Kaggle-AI-Agents\PTCG_AI_Battle_Challenge\reports\notebook54\section3\section3b_discovered_move_records.csv,Eevee,81,4,,nan,Eevee,81,4.0,-5,section3b_discovered_move_records.csv,True,True,True,False
D:\02_AI_and_Data\Kaggle-AI-Agents\PTCG_AI_Battle_Challenge\reports\notebook54\section3\section3b_discovered_move_records.csv,Meowth,81,4,,nan,Meowth,81,4.0,-5,section3b_discovered_move_records.csv,True,True,True,False
D:\02_AI_and_Data\Kaggle-AI-Agents\PTCG_AI_Battle_Challenge\reports\notebook54\section3\section3b_discovered_move_records.csv,Bulbasaur,8,28.0,,nan,Bulbasaur,8,28.0,-5,section3b_discovered_move_records.csv,True,True,True,False
D:\02_AI_and_Data\Kaggle-AI-Agents\PTCG_AI_Battle_Challenge\reports\notebook54\section3\section3b_discovered_move_records.csv,Charmander,8,16.0,,nan,Charmander,8,16.0,-5,section3b_discovered_move_records.csv,True,True,True,False
D:\02_AI_and_Data\Kaggle-AI-Agents\PTCG_AI_Battle_Challenge\reports\notebook54\section3\section3b_discovered_move_records.csv,Eevee,8,18.0,,nan,Eevee,8,18.0,-5,section3b_discovered_move_records.csv,True,True,True,False
D:\02_AI_and_Data\Kaggle-AI-Agents\PTCG_AI_Battle_Challenge\reports\notebook54\section3\section3b_discovered_move_records.csv,Meowth,8,8.0,,nan,Meowth,8,8.0,-5,section3b_discovered_move_records.csv,True,True,True,False
D:\02_AI_and_Data\Kaggle-AI-Agents\PTCG_AI_Battle_Challenge\reports\notebook54\section3\section3b_discovered_move_records.csv,Bulbasaur,32,8,,nan,Bulbasaur,32,8.0,-5,section3b_discovered_move_records.csv,True,True,True,False
D:\02_AI_and_Data\Kaggle-AI-Agents\PTCG_AI_Battle_Challenge\reports\notebook54\section3\section3b_discovered_move_records.csv,Charmander,32,8,,nan,Charmander,32,8.0,-5,section3b_discovered_move_records.csv,True,True,True,False
D:\02_AI_and_Data\Kaggle-AI-Agents\PTCG_AI_Battle_Challenge\reports\notebook54\section3\section3b_discovered_move_records.csv,Eevee,32,8,,nan,Eevee,32,8.0,-5,section3b_discovered_move_records.csv,True,True,True,False
D:\02_AI_and_Data\Kaggle-AI-Agents\PTCG_AI_Battle_Challenge\reports\notebook54\section3\section3b_discovered_move_records.csv,Meowth,32,8,,nan,Meowth,32,8.0,-5,section3b_discovered_move_records.csv,True,True,True,False
D:\02_AI_and_Data\Kaggle-AI-Agents\PTCG_AI_Battle_Challenge\reports\notebook54\section4\section4a_simulator_supported_move_records.csv,Charmander,0.08,50.0,,nan,Charmander,0.08,50.0,-5,section4a_simulator_supported_move_records.csv,True,True,True,False
D:\02_AI_and_Data\Kaggle-AI-Agents\PTCG_AI_Battle_Challenge\reports\notebook54\section4\section4a_simulator_supported_move_records.csv,Charmander,0.1,50.0,,nan,Charmander,0.1,50.0,-5,section4a_simulator_supported_move_records.csv,True,True,True,False
D:\02_AI_and_Data\Kaggle-AI-Agents\PTCG_AI_Battle_Challenge\reports\notebook54\section4\section4a_simulator_supported_move_records.csv,Charmander,0.0,50.0,,nan,Charmander,0.0,50.0,-5,section4a_simulator_supported_move_records.csv,True,True,True,False
D:\02_AI_and_Data\Kaggle-AI-Agents\PTCG_AI_Battle_Challenge\reports\notebook54\section4\section4a_simulator_supported_move_records.csv,Charmander,0.38,50.0,,nan,Charmander,0.38,50.0,-5,section4a_simulator_supported_move_records.csv,True,True,True,False
D:\02_AI_and_Data\Kaggle-AI-Agents\PTCG_AI_Battle_Challenge\reports\notebook54\section4\section4a_simulator_supported_move_records.csv,Charmander,0.2,50.0,,nan,Charmander,0.2,50.0,-5,section4a_simulator_supported_move_records.csv,True,True,True,False
D:\02_AI_and_Data\Kaggle-AI-Agents\PTCG_AI_Battle_Challenge\reports\notebook54\section4\section4a_simulator_supported_move_records.csv,Charmander,0.55,50.0,,nan,Charmander,0.55,50.0,-5,section4a_simulator_supported_move_records.csv,True,True,True,False
D:\02_AI_and_Data\Kaggle-AI-Agents\PTCG_AI_Battle_Challenge\reports\notebook54\section4\section4a_simulator_supported_move_records.csv,Eevee,0.08,20.0,,nan,Eevee,0.08,20.0,-5,section4a_simulator_supported_move_records.csv,True,True,True,False
D:\02_AI_and_Data\Kaggle-AI-Agents\PTCG_AI_Battle_Challenge\reports\notebook54\section4\section4a_simulator_supported_move_records.csv,Eevee,0.1,20.0,,nan,Eevee,0.1,20.0,-5,section4a_simulator_supported_move_records.csv,True,True,True,False
D:\02_AI_and_Data\Kaggle-AI-Agents\PTCG_AI_Battle_Challenge\reports\notebook54\section4\section4a_simulator_supported_move_records.csv,Eevee,0.0,20.0,,nan,Eevee,0.0,20.0,-5,section4a_simulator_supported_move_records.csv,True,True,True,False
D:\02_AI_and_Data\Kaggle-AI-Agents\PTCG_AI_Battle_Challenge\reports\notebook54\section4\section4a_simulator_supported_move_records.csv,Eevee,0.38,20.0,,nan,Eevee,0.38,20.0,-5,section4a_simulator_supported_move_records.csv,True,True,True,False
D:\02_AI_and_Data\Kaggle-AI-Agents\PTCG_AI_Battle_Challenge\reports\notebook54\section4\section4a_simulator_supported_move_records.csv,Eevee,0.2,20.0,,nan,Eevee,0.2,20.0,-5,section4a_simulator_supported_move_records.csv,True,True,True,False
D:\02_AI_and_Data\Kaggle-AI-Agents\PTCG_AI_Battle_Challenge\reports\notebook54\section4\section4a_simulator_supported_move_records.csv,Eevee,0.55,20.0,,nan,Eevee,0.55,20.0,-5,section4a_simulator_supported_move_records.csv,True,True,True,False
D:\02_AI_and_Data\Kaggle-AI-Agents\PTCG_AI_Battle_Challenge\reports\notebook54\section4\section4a_simulator_supported_move_records.csv,Charmander,1.55,20.0,,nan,Charmander,1.55,20.0,-5,section4a_simulator_supported_move_records.csv,True,True,True,False
D:\02_AI_and_Data\Kaggle-AI-Agents\PTCG_AI_Battle_Challenge\reports\notebook54\section4\section4a_simulator_supported_move_records.csv,Meowth,0.08,20.0,,nan,Meowth,0.08,20.0,-5,section4a_simulator_supported_move_records.csv,True,True,True,False
D:\02_AI_and_Data\Kaggle-AI-Agents\PTCG_AI_Battle_Challenge\reports\notebook54\section4\section4a_simulator_supported_move_records.csv,Meowth,0.1,20.0,,nan,Meowth,0.1,20.0,-5,section4a_simulator_supported_move_records.csv,True,True,True,False
D:\02_AI_and_Data\Kaggle-AI-Agents\PTCG_AI_Battle_Challenge\reports\notebook54\section4\section4a_simulator_supported_move_records.csv,Meowth,0.0,20.0,,nan,Meowth,0.0,20.0,-5,section4a_simulator_supported_move_records.csv,True,True,True,False
D:\02_AI_and_Data\Kaggle-AI-Agents\PTCG_AI_Battle_Challenge\reports\notebook54\section4\section4a_simulator_supported_move_records.csv,Meowth,0.38,20.0,,nan,Meowth,0.38,20.0,-5,section4a_simulator_supported_move_records.csv,True,True,True,False
D:\02_AI_and_Data\Kaggle-AI-Agents\PTCG_AI_Battle_Challenge\reports\notebook54\section4\section4a_simulator_supported_move_records.csv,Bulbasaur,0.12,30.0,,nan,Bulbasaur,0.12,30.0,-5,section4a_simulator_supported_move_records.csv,True,True,True,False
D:\02_AI_and_Data\Kaggle-AI-Agents\PTCG_AI_Battle_Challenge\reports\notebook54\section4\section4a_simulator_supported_move_records.csv,Bulbasaur,0.1,30.0,,nan,Bulbasaur,0.1,30.0,-5,section4a_simulator_supported_move_records.csv,True,True,True,False
D:\02_AI_and_Data\Kaggle-AI-Agents\PTCG_AI_Battle_Challenge\reports\notebook54\section4\section4a_simulator_supported_move_records.csv,Bulbasaur,0.0,30.0,,nan,Bulbasaur,0.0,30.0,-5,section4a_simulator_supported_move_records.csv,True,True,True,False
D:\02_AI_and_Data\Kaggle-AI-Agents\PTCG_AI_Battle_Challenge\reports\notebook54\section4\section4a_simulator_supported_move_records.csv,Bulbasaur,0.52,30.0,,nan,Bulbasaur,0.52,30.0,-5,section4a_simulator_supported_move_records.csv,True,True,True,False
D:\02_AI_and_Data\Kaggle-AI-Agents\PTCG_AI_Battle_Challenge\reports\notebook54\section4\section4a_simulator_supported_move_records.csv,Bulbasaur,0.28,30.0,,nan,Bulbasaur,0.28,30.0,-5,section4a_simulator_supported_move_records.csv,True,True,True,False
D:\02_AI_and_Data\Kaggle-AI-Agents\PTCG_AI_Battle_Challenge\reports\notebook54\section4\section4a_simulator_supported_move_records.csv,Bulbasaur,0.2,30.0,,nan,Bulbasaur,0.2,30.0,-5,section4a_simulator_supported_move_records.csv,True,True,True,False
D:\02_AI_and_Data\Kaggle-AI-Agents\PTCG_AI_Battle_Challenge\reports\notebook54\section4\section4a_simulator_supported_move_records.csv,Bulbasaur,0.73,30.0,,nan,Bulbasaur,0.73,30.0,-5,section4a_simulator_supported_move_records.csv,True,True,True,False
D:\02_AI_and_Data\Kaggle-AI-Agents\PTCG_AI_Battle_Challenge\reports\notebook54\section4\section4a_simulator_supported_move_records.csv,Meowth,0.24,60.0,,nan,Meowth,0.24,60.0,-5,section4a_simulator_supported_move_records.csv,True,True,True,False
D:\02_AI_and_Data\Kaggle-AI-Agents\PTCG_AI_Battle_Challenge\reports\notebook54\section4\section4a_simulator_supported_move_records.csv,Meowth,0.2,60.0,,nan,Meowth,0.2,60.0,-5,section4a_simulator_supported_move_records.csv,True,True,True,False
D:\02_AI_and_Data\Kaggle-AI-Agents\PTCG_AI_Battle_Challenge\reports\notebook54\section4\section4a_simulator_supported_move_records.csv,Meowth,0.639999999999999,60.0,,nan,Meowth,0.639999999999999,60.0,-5,section4a_simulator_supported_move_records.csv,True,True,True,False
D:\02_AI_and_Data\Kaggle-AI-Agents\PTCG_AI_Battle_Challenge\reports\notebook54\section4\section4a_simulator_supported_move_records.csv,Bulbasaur,1.73,46.0,,nan,Bulbasaur,1.73,46.0,-5,section4a_simulator_supported_move_records.csv,True,True,True,False
D:\02_AI_and_Data\Kaggle-AI-Agents\PTCG_AI_Battle_Challenge\reports\notebook54\section4\section4a_simulator_supported_move_records.csv,Bulbasaur,1.52,28.0,,nan,Bulbasaur,1.52,28.0,-5,section4a_simulator_supported_move_records.csv,True,True,True,False
D:\02_AI_and_Data\Kaggle-AI-Agents\PTCG_AI_Battle_Challenge\reports\notebook54\section4\section4a_simulator_supported_move_records.csv,Eevee,1.0,31.0,,nan,Eevee,1.0,31.0,-5,section4a_simulator_supported_move_records.csv,True,True,True,False
D:\02_AI_and_Data\Kaggle-AI-Agents\PTCG_AI_Battle_Challenge\reports\notebook54\section4\section4a_simulator_supported_move_records.csv,Eevee,1.55,31.0,,nan,Eevee,1.55,31.0,-5,section4a_simulator_supported_move_records.csv,True,True,True,False
D:\02_AI_and_Data\Kaggle-AI-Agents\PTCG_AI_Battle_Challenge\reports\notebook54\section4\section4a_simulator_supported_move_records.csv,Meowth,1.6400000000000001,33.0,,nan,Meowth,1.6400000000000001,33.0,-5,section4a_simulator_supported_move_records.csv,True,True,True,False
D:\02_AI_and_Data\Kaggle-AI-Agents\PTCG_AI_Battle_Challenge\reports\notebook54\section4\section4a_simulator_supported_move_records.csv,Meowth,1.38,8.0,,nan,Meowth,1.38,8.0,-5,section4a_simulator_supported_move_records.csv,True,True,True,False
D:\02_AI_and_Data\Kaggle-AI-Agents\PTCG_AI_Battle_Challenge\reports\notebook54\section4\section4a_simulator_supported_move_records.csv,Eevee,1.38,18.0,,nan,Eevee,1.38,18.0,-5,section4a_simulator_supported_move_records.csv,True,True,True,False
D:\02_AI_and_Data\Kaggle-AI-Agents\PTCG_AI_Battle_Challenge\reports\notebook54\section4\section4a_simulator_supported_move_records.csv,Charmander,1.38,16.0,,nan,Charmander,1.38,16.0,-5,section4a_simulator_supported_move_records.csv,True,True,True,False
D:\02_AI_and_Data\Kaggle-AI-Agents\PTCG_AI_Battle_Challenge\reports\notebook54\section4\section4a_simulator_supported_move_records.csv,Charmander,0.08 0.1  0.   0.   0.   0.   0.   0.38,50.0,,nan,Charmander,0.08 0.1 0. 0. 0. 0. 0. 0.38,50.0,-5,section4a_simulator_supported_move_records.csv,True,True,True,False
D:\02_AI_and_Data\Kaggle-AI-Agents\PTCG_AI_Battle_Challenge\reports\notebook54\section4\section4a_simulator_supported_move_records.csv,Charmander,0.2  0.2  0.   0.   0.   0.   0.   0.55,50.0,,nan,Charmander,0.2 0.2 0. 0. 0. 0. 0. 0.55,50.0,-5,section4a_simulator_supported_move_records.csv,True,True,True,False
D:\02_AI_and_Data\Kaggle-AI-Agents\PTCG_AI_Battle_Challenge\reports\notebook54\section4\section4a_simulator_supported_move_records.csv,Eevee,0.08 0.1  0.   0.   0.   0.   0.   0.38,20.0,,nan,Eevee,0.08 0.1 0. 0. 0. 0. 0. 0.38,20.0,-5,section4a_simulator_supported_move_records.csv,True,True,True,False
D:\02_AI_and_Data\Kaggle-AI-Agents\PTCG_AI_Battle_Challenge\reports\notebook54\section4\section4a_simulator_supported_move_records.csv,Eevee,0.2  0.2  0.   0.   0.   0.   0.   0.55,20.0,,nan,Eevee,0.2 0.2 0. 0. 0. 0. 0. 0.55,20.0,-5,section4a_simulator_supported_move_records.csv,True,True,True,False
D:\02_AI_and_Data\Kaggle-AI-Agents\PTCG_AI_Battle_Challenge\reports\notebook54\section4\section4a_simulator_supported_move_records.csv,Charmander,0.2  0.2  1.   0.   0.   0.   0.   1.55,20.0,,nan,Charmander,0.2 0.2 1. 0. 0. 0. 0. 1.55,20.0,-5,section4a_simulator_supported_move_records.csv,True,True,True,False
D:\02_AI_and_Data\Kaggle-AI-Agents\PTCG_AI_Battle_Challenge\reports\notebook54\section4\section4a_simulator_supported_move_records.csv,Meowth,0.08 0.1  0.   0.   0.   0.   0.   0.38,20.0,,nan,Meowth,0.08 0.1 0. 0. 0. 0. 0. 0.38,20.0,-5,section4a_simulator_supported_move_records.csv,True,True,True,False
D:\02_AI_and_Data\Kaggle-AI-Agents\PTCG_AI_Battle_Challenge\reports\notebook54\section4\section4a_simulator_supported_move_records.csv,Bulbasaur,0.12 0.1  0.   0.   0.   0.   0.   0.52,30.0,,nan,Bulbasaur,0.12 0.1 0. 0. 0. 0. 0. 0.52,30.0,-5,section4a_simulator_supported_move_records.csv,True,True,True,False
D:\02_AI_and_Data\Kaggle-AI-Agents\PTCG_AI_Battle_Challenge\reports\notebook54\section4\section4a_simulator_supported_move_records.csv,Bulbasaur,0.28 0.2  0.   0.   0.   0.   0.   0.73,30.0,,nan,Bulbasaur,0.28 0.2 0. 0. 0. 0. 0. 0.73,30.0,-5,section4a_simulator_supported_move_records.csv,True,True,True,False
D:\02_AI_and_Data\Kaggle-AI-Agents\PTCG_AI_Battle_Challenge\reports\notebook54\section4\section4a_simulator_supported_move_records.csv,Meowth,0.24 0.2  0.   0.   0.   0.   0.   0.64,60.0,,nan,Meowth,0.24 0.2 0. 0. 0. 0. 0. 0.64,60.0,-5,section4a_simulator_supported_move_records.csv,True,True,True,False
D:\02_AI_and_Data\Kaggle-AI-Agents\PTCG_AI_Battle_Challenge\reports\notebook54\section4\section4a_simulator_supported_move_records.csv,Bulbasaur,0.28 0.2  1.   0.   0.   0.   0.   1.73,46.0,,nan,Bulbasaur,0.28 0.2 1. 0. 0. 0. 0. 1.73,46.0,-5,section4a_simulator_supported_move_records.csv,True,True,True,False
D:\02_AI_and_Data\Kaggle-AI-Agents\PTCG_AI_Battle_Challenge\reports\notebook54\section4\section4a_simulator_supported_move_records.csv,Bulbasaur,0.12 0.1  1.   0.   0.   0.   0.   1.52,28.0,,nan,Bulbasaur,0.12 0.1 1. 0. 0. 0. 0. 1.52,28.0,-5,section4a_simulator_supported_move_records.csv,True,True,True,False
D:\02_AI_and_Data\Kaggle-AI-Agents\PTCG_AI_Battle_Challenge\reports\notebook54\section4\section4a_simulator_supported_move_records.csv,Eevee,0.2  0.2  1.   0.   0.   0.   0.   1.55,31.0,,nan,Eevee,0.2 0.2 1. 0. 0. 0. 0. 1.55,31.0,-5,section4a_simulator_supported_move_records.csv,True,True,True,False
D:\02_AI_and_Data\Kaggle-AI-Agents\PTCG_AI_Battle_Challenge\reports\notebook54\section4\section4a_simulator_supported_move_records.csv,Meowth,0.24 0.2  1.   0.   0.   0.   0.   1.64,33.0,,nan,Meowth,0.24 0.2 1. 0. 0. 0. 0. 1.64,33.0,-5,section4a_simulator_supported_move_records.csv,True,True,True,False
D:\02_AI_and_Data\Kaggle-AI-Agents\PTCG_AI_Battle_Challenge\reports\notebook54\section4\section4a_simulator_supported_move_records.csv,Meowth,0.08 0.1  1.   0.   0.   0.   0.   1.38,8.0,,nan,Meowth,0.08 0.1 1. 0. 0. 0. 0. 1.38,8.0,-5,section4a_simulator_supported_move_records.csv,True,True,True,False
D:\02_AI_and_Data\Kaggle-AI-Agents\PTCG_AI_Battle_Challenge\reports\notebook54\section4\section4a_simulator_supported_move_records.csv,Eevee,0.08 0.1  1.   0.   0.   0.   0.   1.38,18.0,,nan,Eevee,0.08 0.1 1. 0. 0. 0. 0. 1.38,18.0,-5,section4a_simulator_supported_move_records.csv,True,True,True,False
D:\02_AI_and_Data\Kaggle-AI-Agents\PTCG_AI_Battle_Challenge\reports\notebook54\section4\section4a_simulator_supported_move_records.csv,Charmander,0.08 0.1  1.   0.   0.   0.   0.   1.38,16.0,,nan,Charmander,0.08 0.1 1. 0. 0. 0. 0. 1.38,16.0,-5,section4a_simulator_supported_move_records.csv,True,True,True,False
D:\02_AI_and_Data\Kaggle-AI-Agents\PTCG_AI_Battle_Challenge\reports\notebook54\section4\section4a_simulator_supported_move_records.csv,Charmander,Tail Whap,0.0,,nan,Charmander,Tail Whap,0.0,-5,section4a_simulator_supported_move_records.csv,True,True,True,False
D:\02_AI_and_Data\Kaggle-AI-Agents\PTCG_AI_Battle_Challenge\reports\notebook54\section4\section4a_simulator_supported_move_records.csv,Charmander,Bite,0.0,,nan,Charmander,Bite,0.0,-5,section4a_simulator_supported_move_records.csv,True,True,True,False
D:\02_AI_and_Data\Kaggle-AI-Agents\PTCG_AI_Battle_Challenge\reports\notebook54\section4\section4a_simulator_supported_move_records.csv,Bulbasaur,Flame Tail,0.0,,nan,Bulbasaur,Flame Tail,0.0,-5,section4a_simulator_supported_move_records.csv,True,True,True,False
D:\02_AI_and_Data\Kaggle-AI-Agents\PTCG_AI_Battle_Challenge\reports\notebook54\section4\section4a_simulator_supported_move_records.csv,Eevee,Thunderbolt,0.0,,nan,Eevee,Thunderbolt,0.0,-5,section4a_simulator_supported_move_records.csv,True,True,True,False
D:\02_AI_and_Data\Kaggle-AI-Agents\PTCG_AI_Battle_Challenge\reports\notebook54\section4\section4a_simulator_supported_move_records.csv,Eevee,Tackle,0.0,,nan,Eevee,Tackle,0.0,-5,section4a_simulator_supported_move_records.csv,True,True,True,False
D:\02_AI_and_Data\Kaggle-AI-Agents\PTCG_AI_Battle_Challenge\reports\notebook54\section4\section4a_simulator_supported_move_records.csv,Bulbasaur,Thunderbolt,0.0,,nan,Bulbasaur,Thunderbolt,0.0,-5,section4a_simulator_supported_move_records.csv,True,True,True,False
D:\02_AI_and_Data\Kaggle-AI-Agents\PTCG_AI_Battle_Challenge\reports\notebook54\section4\section4a_simulator_supported_move_records.csv,Charmander,Vine Whip,0.0,,nan,Charmander,Vine Whip,0.0,-5,section4a_simulator_supported_move_records.csv,True,True,True,False
D:\02_AI_and_Data\Kaggle-AI-Agents\PTCG_AI_Battle_Challenge\reports\notebook54\section4\section4a_simulator_supported_move_records.csv,Bulbasaur,Bite,0.0,,nan,Bulbasaur,Bite,0.0,-5,section4a_simulator_supported_move_records.csv,True,True,True,False
D:\02_AI_and_Data\Kaggle-AI-Agents\PTCG_AI_Battle_Challenge\reports\notebook54\section4\section4a_simulator_supported_move_records.csv,Charmander,Thunderbolt,0.0,,nan,Charmander,Thunderbolt,0.0,-5,section4a_simulator_supported_move_records.csv,True,True,True,False
D:\02_AI_and_Data\Kaggle-AI-Agents\PTCG_AI_Battle_Challenge\reports\notebook54\section4\section4a_simulator_supported_move_records.csv,Charmander,Fury Swipes,0.0,,nan,Charmander,Fury Swipes,0.0,-5,section4a_simulator_supported_move_records.csv,True,True,True,False
D:\02_AI_and_Data\Kaggle-AI-Agents\PTCG_AI_Battle_Challenge\reports\notebook54\section4\section4a_simulator_supported_move_records.csv,Meowth,Vine Whip,0.0,,nan,Meowth,Vine Whip,0.0,-5,section4a_simulator_supported_move_records.csv,True,True,True,False
D:\02_AI_and_Data\Kaggle-AI-Agents\PTCG_AI_Battle_Challenge\reports\notebook54\section4\section4a_simulator_supported_move_records.csv,Meowth,Tackle,0.0,,nan,Meowth,Tackle,0.0,-5,section4a_simulator_supported_move_records.csv,True,True,True,False
D:\02_AI_and_Data\Kaggle-AI-Agents\PTCG_AI_Battle_Challenge\reports\notebook54\section4\section4a_simulator_supported_move_records.csv,Eevee,Razor Leaf,0.0,,nan,Eevee,Razor Leaf,0.0,-5,section4a_simulator_supported_move_records.csv,True,True,True,False
D:\02_AI_and_Data\Kaggle-AI-Agents\PTCG_AI_Battle_Challenge\reports\notebook54\section4\section4a_simulator_supported_move_records.csv,Eevee,Flame Tail,0.0,,nan,Eevee,Flame Tail,0.0,-5,section4a_simulator_supported_move_records.csv,True,True,True,False
D:\02_AI_and_Data\Kaggle-AI-Agents\PTCG_AI_Battle_Challenge\reports\notebook54\section4\section4a_simulator_supported_move_records.csv,Meowth,Quick Attack,0.0,,nan,Meowth,Quick Attack,0.0,-5,section4a_simulator_supported_move_records.csv,True,True,True,False
D:\02_AI_and_Data\Kaggle-AI-Agents\PTCG_AI_Battle_Challenge\reports\notebook54\section4\section4a_simulator_supported_move_records.csv,Eevee,Water Pulse,0.0,,nan,Eevee,Water Pulse,0.0,-5,section4a_simulator_supported_move_records.csv,True,True,True,False
D:\02_AI_and_Data\Kaggle-AI-Agents\PTCG_AI_Battle_Challenge\reports\notebook54\section4\section4a_simulator_supported_move_records.csv,Meowth,Tail Whap,0.0,,nan,Meowth,Tail Whap,0.0,-5,section4a_simulator_supported_move_records.csv,True,True,True,False
D:\02_AI_and_Data\Kaggle-AI-Agents\PTCG_AI_Battle_Challenge\reports\notebook54\section4\section4a_simulator_supported_move_records.csv,Meowth,Bite,0.0,,nan,Meowth,Bite,0.0,-5,section4a_simulator_supported_move_records.csv,True,True,True,False
D:\02_AI_and_Data\Kaggle-AI-Agents\PTCG_AI_Battle_Challenge\reports\notebook54\section4\section4a_simulator_supported_move_records.csv,Charmander,Water Pulse,0.0,,nan,Charmander,Water Pulse,0.0,-5,section4a_simulator_supported_move_records.csv,True,True,True,False
D:\02_AI_and_Data\Kaggle-AI-Agents\PTCG_AI_Battle_Challenge\reports\notebook54\section4\section4a_simulator_supported_move_records.csv,Charmander,Razor Leaf,0.0,,nan,Charmander,Razor Leaf,0.0,-5,section4a_simulator_supported_move_records.csv,True,True,True,False
D:\02_AI_and_Data\Kaggle-AI-Agents\PTCG_AI_Battle_Challenge\reports\notebook54\section4\section4a_simulator_supported_move_records.csv,Eevee,Scratch,0.0,,nan,Eevee,Scratch,0.0,-5,section4a_simulator_supported_move_records.csv,True,True,True,False
D:\02_AI_and_Data\Kaggle-AI-Agents\PTCG_AI_Battle_Challenge\reports\notebook54\section4\section4a_simulator_supported_move_records.csv,Bulbasaur,Water Pulse,0.0,,nan,Bulbasaur,Water Pulse,0.0,-5,section4a_simulator_supported_move_records.csv,True,True,True,False
D:\02_AI_and_Data\Kaggle-AI-Agents\PTCG_AI_Battle_Challenge\reports\notebook54\section4\section4a_simulator_supported_move_records.csv,Eevee,Vine Whip,0.0,,nan,Eevee,Vine Whip,0.0,-5,section4a_simulator_supported_move_records.csv,True,True,True,False
D:\02_AI_and_Data\Kaggle-AI-Agents\PTCG_AI_Battle_Challenge\reports\notebook54\section4\section4a_simulator_supported_move_records.csv,Bulbasaur,Tail Whap,0.0,,nan,Bulbasaur,Tail Whap,0.0,-5,section4a_simulator_supported_move_records.csv,True,True,True,False
D:\02_AI_and_Data\Kaggle-AI-Agents\PTCG_AI_Battle_Challenge\reports\notebook54\section4\section4a_simulator_supported_move_records.csv,Charmander,Tackle,0.0,,nan,Charmander,Tackle,0.0,-5,section4a_simulator_supported_move_records.csv,True,True,True,False
D:\02_AI_and_Data\Kaggle-AI-Agents\PTCG_AI_Battle_Challenge\reports\notebook54\section4\section4a_simulator_supported_move_records.csv,Bulbasaur,Fury Swipes,0.0,,nan,Bulbasaur,Fury Swipes,0.0,-5,section4a_simulator_supported_move_records.csv,True,True,True,False
D:\02_AI_and_Data\Kaggle-AI-Agents\PTCG_AI_Battle_Challenge\reports\notebook54\section4\section4a_simulator_supported_move_records.csv,Meowth,Water Pulse,0.0,,nan,Meowth,Water Pulse,0.0,-5,section4a_simulator_supported_move_records.csv,True,True,True,False
D:\02_AI_and_Data\Kaggle-AI-Agents\PTCG_AI_Battle_Challenge\reports\notebook54\section4\section4a_simulator_supported_move_records.csv,Bulbasaur,Scratch,0.0,,nan,Bulbasaur,Scratch,0.0,-5,section4a_simulator_supported_move_records.csv,True,True,True,False
D:\02_AI_and_Data\Kaggle-AI-Agents\PTCG_AI_Battle_Challenge\reports\notebook54\section4\section4a_simulator_supported_move_records.csv,Meowth,Thunderbolt,0.0,,nan,Meowth,Thunderbolt,0.0,-5,section4a_simulator_supported_move_records.csv,True,True,True,False
D:\02_AI_and_Data\Kaggle-AI-Agents\PTCG_AI_Battle_Challenge\reports\notebook54\section4\section4a_simulator_supported_move_records.csv,Meowth,Flame Tail,0.0,,nan,Meowth,Flame Tail,0.0,-5,section4a_simulator_supported_move_records.csv,True,True,True,False
D:\02_AI_and_Data\Kaggle-AI-Agents\PTCG_AI_Battle_Challenge\reports\notebook54\section4\section4a_simulator_supported_move_records.csv,Meowth,Razor Leaf,0.0,,nan,Meowth,Razor Leaf,0.0,-5,section4a_simulator_supported_move_records.csv,True,True,True,False
D:\02_AI_and_Data\Kaggle-AI-Agents\PTCG_AI_Battle_Challenge\reports\notebook54\section4\section4a_simulator_supported_move_records.csv,Bulbasaur,Tackle,0.0,,nan,Bulbasaur,Tackle,0.0,-5,section4a_simulator_supported_move_records.csv,True,True,True,False
D:\02_AI_and_Data\Kaggle-AI-Agents\PTCG_AI_Battle_Challenge\reports\notebook54\section4\section4a_simulator_supported_move_records.csv,Eevee,Fury Swipes,0.0,,nan,Eevee,Fury Swipes,0.0,-5,section4a_simulator_supported_move_records.csv,True,True,True,False
D:\02_AI_and_Data\Kaggle-AI-Agents\PTCG_AI_Battle_Challenge\reports\notebook54\section4\section4a_simulator_supported_move_records.csv,Meowth,Scratch,0.0,,nan,Meowth,Scratch,0.0,-5,section4a_simulator_supported_move_records.csv,True,True,True,False
D:\02_AI_and_Data\Kaggle-AI-Agents\PTCG_AI_Battle_Challenge\reports\notebook54\section4\section4a_simulator_supported_move_records.csv,Bulbasaur,2,30.0,,nan,Bulbasaur,2,30.0,-5,section4a_simulator_supported_move_records.csv,True,True,True,False
D:\02_AI_and_Data\Kaggle-AI-Agents\PTCG_AI_Battle_Challenge\reports\notebook54\section4\section4a_simulator_supported_move_records.csv,Charmander,2,20.0,,nan,Charmander,2,20.0,-5,section4a_simulator_supported_move_records.csv,True,True,True,False
D:\02_AI_and_Data\Kaggle-AI-Agents\PTCG_AI_Battle_Challenge\reports\notebook54\section4\section4a_simulator_supported_move_records.csv,Charmander,1.0,20.0,,nan,Charmander,1.0,20.0,-5,section4a_simulator_supported_move_records.csv,True,True,True,False
D:\02_AI_and_Data\Kaggle-AI-Agents\PTCG_AI_Battle_Challenge\reports\notebook54\section4\section4a_simulator_supported_move_records.csv,Bulbasaur,1.0,46.0,,nan,Bulbasaur,1.0,46.0,-5,section4a_simulator_supported_move_records.csv,True,True,True,False
D:\02_AI_and_Data\Kaggle-AI-Agents\PTCG_AI_Battle_Challenge\reports\notebook54\section4\section4a_simulator_supported_move_records.csv,Meowth,1.0,33.0,,nan,Meowth,1.0,33.0,-5,section4a_simulator_supported_move_records.csv,True,True,True,False
D:\02_AI_and_Data\Kaggle-AI-Agents\PTCG_AI_Battle_Challenge\reports\notebook54\section4\section4a_simulator_supported_move_records.csv,Bulbasaur,Bind Down,10.0,,nan,Bulbasaur,Bind Down,10.0,-5,section4a_simulator_supported_move_records.csv,True,True,True,True
D:\02_AI_and_Data\Kaggle-AI-Agents\PTCG_AI_Battle_Challenge\reports\notebook54\section4\section4a_simulator_supported_move_records.csv,Eevee,Quick Attack,20.0,,nan,Eevee,Quick Attack,20.0,-5,section4a_simulator_supported_move_records.csv,True,True,True,True
D:\02_AI_and_Data\Kaggle-AI-Agents\PTCG_AI_Battle_Challenge\reports\notebook54\section4\section4a_simulator_supported_move_records.csv,Eevee,Ascension,0.0,,nan,Eevee,Ascension,0.0,-5,section4a_simulator_supported_move_records.csv,True,True,True,True
D:\02_AI_and_Data\Kaggle-AI-Agents\PTCG_AI_Battle_Challenge\reports\notebook54\section4\section4a_simulator_supported_move_records.csv,Charmander,Live Coal,20.0,,nan,Charmander,Live Coal,20.0,-5,section4a_simulator_supported_move_records.csv,True,True,True,True
D:\02_AI_and_Data\Kaggle-AI-Agents\PTCG_AI_Battle_Challenge\reports\notebook54\section4\section4a_simulator_supported_move_records.csv,Meowth,Tuck Tail,0.0,,nan,Meowth,Tuck Tail,0.0,-5,section4a_simulator_supported_move_records.csv,True,True,True,True
D:\02_AI_and_Data\Kaggle-AI-Agents\PTCG_AI_Battle_Challenge\reports\notebook54\section4\section4a_simulator_supported_move_records.csv,Bulbasaur,Pass,0.0,,nan,Bulbasaur,Pass,0.0,-5,section4a_simulator_supported_move_records.csv,True,True,True,False
D:\02_AI_and_Data\Kaggle-AI-Agents\PTCG_AI_Battle_Challenge\reports\notebook54\section4\section4a_simulator_supported_move_records.csv,Charmander,Pass,0.0,,nan,Charmander,Pass,0.0,-5,section4a_simulator_supported_move_records.csv,True,True,True,False
D:\02_AI_and_Data\Kaggle-AI-Agents\PTCG_AI_Battle_Challenge\reports\notebook54\section4\section4a_simulator_supported_move_records.csv,Bulbasaur,Quick Attack,0.0,,nan,Bulbasaur,Quick Attack,0.0,-5,section4a_simulator_supported_move_records.csv,True,True,True,False
D:\02_AI_and_Data\Kaggle-AI-Agents\PTCG_AI_Battle_Challenge\reports\notebook54\section4\section4a_simulator_supported_move_records.csv,Bulbasaur,1,30.0,,nan,Bulbasaur,1,30.0,-5,section4a_simulator_supported_move_records.csv,True,True,True,False
D:\02_AI_and_Data\Kaggle-AI-Agents\PTCG_AI_Battle_Challenge\reports\notebook54\section4\section4a_simulator_supported_move_records.csv,Meowth,2,60.0,,nan,Meowth,2,60.0,-5,section4a_simulator_supported_move_records.csv,True,True,True,False
D:\02_AI_and_Data\Kaggle-AI-Agents\PTCG_AI_Battle_Challenge\reports\notebook54\section4\section4a_simulator_supported_move_records.csv,Eevee,2,20.0,,nan,Eevee,2,20.0,-5,section4a_simulator_supported_move_records.csv,True,True,True,False
D:\02_AI_and_Data\Kaggle-AI-Agents\PTCG_AI_Battle_Challenge\reports\notebook54\section4\section4a_simulator_supported_move_records.csv,Charmander,1,20.0,,nan,Charmander,1,20.0,-5,section4a_simulator_supported_move_records.csv,True,True,True,False
D:\02_AI_and_Data\Kaggle-AI-Agents\PTCG_AI_Battle_Challenge\reports\notebook54\section4\section4a_simulator_supported_move_records.csv,Meowth,1,20.0,,nan,Meowth,1,20.0,-5,section4a_simulator_supported_move_records.csv,True,True,True,False
D:\02_AI_and_Data\Kaggle-AI-Agents\PTCG_AI_Battle_Challenge\reports\notebook54\section4\section4a_simulator_supported_move_records.csv,Bulbasaur,0.28 0.2 1. 0. 0. 0. 0. 1.73,46.0,,nan,Bulbasaur,0.28 0.2 1. 0. 0. 0. 0. 1.73,46.0,-5,section4a_simulator_supported_move_records.csv,True,True,True,False
D:\02_AI_and_Data\Kaggle-AI-Agents\PTCG_AI_Battle_Challenge\reports\notebook54\section4\section4a_simulator_supported_move_records.csv,Bulbasaur,0.12 0.1 0. 0. 0. 0. 0. 0.52,30.0,,nan,Bulbasaur,0.12 0.1 0. 0. 0. 0. 0. 0.52,30.0,-5,section4a_simulator_supported_move_records.csv,True,True,True,False
D:\02_AI_and_Data\Kaggle-AI-Agents\PTCG_AI_Battle_Challenge\reports\notebook54\section4\section4a_simulator_supported_move_records.csv,Bulbasaur,0.28 0.2 0. 0. 0. 0. 0. 0.73,30.0,,nan,Bulbasaur,0.28 0.2 0. 0. 0. 0. 0. 0.73,30.0,-5,section4a_simulator_supported_move_records.csv,True,True,True,False
D:\02_AI_and_Data\Kaggle-AI-Agents\PTCG_AI_Battle_Challenge\reports\notebook54\section4\section4a_simulator_supported_move_records.csv,Bulbasaur,0.12 0.1 1. 0. 0. 0. 0. 1.52,28.0,,nan,Bulbasaur,0.12 0.1 1. 0. 0. 0. 0. 1.52,28.0,-5,section4a_simulator_supported_move_records.csv,True,True,True,False
D:\02_AI_and_Data\Kaggle-AI-Agents\PTCG_AI_Battle_Challenge\reports\notebook54\section4\section4a_simulator_supported_move_records.csv,Charmander,0.08 0.1 0. 0. 0. 0. 0. 0.38,50.0,,nan,Charmander,0.08 0.1 0. 0. 0. 0. 0. 0.38,50.0,-5,section4a_simulator_supported_move_records.csv,True,True,True,False
D:\02_AI_and_Data\Kaggle-AI-Agents\PTCG_AI_Battle_Challenge\reports\notebook54\section4\section4a_simulator_supported_move_records.csv,Charmander,0.2 0.2 0. 0. 0. 0. 0. 0.55,50.0,,nan,Charmander,0.2 0.2 0. 0. 0. 0. 0. 0.55,50.0,-5,section4a_simulator_supported_move_records.csv,True,True,True,False
D:\02_AI_and_Data\Kaggle-AI-Agents\PTCG_AI_Battle_Challenge\reports\notebook54\section4\section4a_simulator_supported_move_records.csv,Charmander,0.2 0.2 1. 0. 0. 0. 0. 1.55,20.0,,nan,Charmander,0.2 0.2 1. 0. 0. 0. 0. 1.55,20.0,-5,section4a_simulator_supported_move_records.csv,True,True,True,False
D:\02_AI_and_Data\Kaggle-AI-Agents\PTCG_AI_Battle_Challenge\reports\notebook54\section4\section4a_simulator_supported_move_records.csv,Charmander,0.08 0.1 1. 0. 0. 0. 0. 1.38,16.0,,nan,Charmander,0.08 0.1 1. 0. 0. 0. 0. 1.38,16.0,-5,section4a_simulator_supported_move_records.csv,True,True,True,False
D:\02_AI_and_Data\Kaggle-AI-Agents\PTCG_AI_Battle_Challenge\reports\notebook54\section4\section4a_simulator_supported_move_records.csv,Eevee,0.2 0.2 1. 0. 0. 0. 0. 1.55,31.0,,nan,Eevee,0.2 0.2 1. 0. 0. 0. 0. 1.55,31.0,-5,section4a_simulator_supported_move_records.csv,True,True,True,False
D:\02_AI_and_Data\Kaggle-AI-Agents\PTCG_AI_Battle_Challenge\reports\notebook54\section4\section4a_simulator_supported_move_records.csv,Eevee,0.08 0.1 0. 0. 0. 0. 0. 0.38,20.0,,nan,Eevee,0.08 0.1 0. 0. 0. 0. 0. 0.38,20.0,-5,section4a_simulator_supported_move_records.csv,True,True,True,False
D:\02_AI_and_Data\Kaggle-AI-Agents\PTCG_AI_Battle_Challenge\reports\notebook54\section4\section4a_simulator_supported_move_records.csv,Eevee,0.2 0.2 0. 0. 0. 0. 0. 0.55,20.0,,nan,Eevee,0.2 0.2 0. 0. 0. 0. 0. 0.55,20.0,-5,section4a_simulator_supported_move_records.csv,True,True,True,False
D:\02_AI_and_Data\Kaggle-AI-Agents\PTCG_AI_Battle_Challenge\reports\notebook54\section4\section4a_simulator_supported_move_records.csv,Eevee,0.08 0.1 1. 0. 0. 0. 0. 1.38,18.0,,nan,Eevee,0.08 0.1 1. 0. 0. 0. 0. 1.38,18.0,-5,section4a_simulator_supported_move_records.csv,True,True,True,False
D:\02_AI_and_Data\Kaggle-AI-Agents\PTCG_AI_Battle_Challenge\reports\notebook54\section4\section4a_simulator_supported_move_records.csv,Meowth,0.24 0.2 0. 0. 0. 0. 0. 0.64,60.0,,nan,Meowth,0.24 0.2 0. 0. 0. 0. 0. 0.64,60.0,-5,section4a_simulator_supported_move_records.csv,True,True,True,False
D:\02_AI_and_Data\Kaggle-AI-Agents\PTCG_AI_Battle_Challenge\reports\notebook54\section4\section4a_simulator_supported_move_records.csv,Meowth,0.24 0.2 1. 0. 0. 0. 0. 1.64,33.0,,nan,Meowth,0.24 0.2 1. 0. 0. 0. 0. 1.64,33.0,-5,section4a_simulator_supported_move_records.csv,True,True,True,False
D:\02_AI_and_Data\Kaggle-AI-Agents\PTCG_AI_Battle_Challenge\reports\notebook54\section4\section4a_simulator_supported_move_records.csv,Meowth,0.08 0.1 0. 0. 0. 0. 0. 0.38,20.0,,nan,Meowth,0.08 0.1 0. 0. 0. 0. 0. 0.38,20.0,-5,section4a_simulator_supported_move_records.csv,True,True,True,False
D:\02_AI_and_Data\Kaggle-AI-Agents\PTCG_AI_Battle_Challenge\reports\notebook54\section4\section4a_simulator_supported_move_records.csv,Meowth,0.08 0.1 1. 0. 0. 0. 0. 1.38,8.0,,nan,Meowth,0.08 0.1 1. 0. 0. 0. 0. 1.38,8.0,-5,section4a_simulator_supported_move_records.csv,True,True,True,False
D:\02_AI_and_Data\Kaggle-AI-Agents\PTCG_AI_Battle_Challenge\reports\notebook54\section4\section4a_simulator_supported_move_records.csv,Bulbasaur,21,46.0,,nan,Bulbasaur,21,46.0,-5,section4a_simulator_supported_move_records.csv,True,True,True,False
D:\02_AI_and_Data\Kaggle-AI-Agents\PTCG_AI_Battle_Challenge\reports\notebook54\section4\section4a_simulator_supported_move_records.csv,Charmander,20,50.0,,nan,Charmander,20,50.0,-5,section4a_simulator_supported_move_records.csv,True,True,True,False
D:\02_AI_and_Data\Kaggle-AI-Agents\PTCG_AI_Battle_Challenge\reports\notebook54\section4\section4a_simulator_supported_move_records.csv,Eevee,19,31.0,,nan,Eevee,19,31.0,-5,section4a_simulator_supported_move_records.csv,True,True,True,False
D:\02_AI_and_Data\Kaggle-AI-Agents\PTCG_AI_Battle_Challenge\reports\notebook54\section4\section4a_simulator_supported_move_records.csv,Meowth,21,60.0,,nan,Meowth,21,60.0,-5,section4a_simulator_supported_move_records.csv,True,True,True,False
D:\02_AI_and_Data\Kaggle-AI-Agents\PTCG_AI_Battle_Challenge\reports\notebook54\section4\section4a_simulator_supported_move_records.csv,Bulbasaur,81,4.0,,nan,Bulbasaur,81,4.0,-5,section4a_simulator_supported_move_records.csv,True,True,True,False
D:\02_AI_and_Data\Kaggle-AI-Agents\PTCG_AI_Battle_Challenge\reports\notebook54\section4\section4a_simulator_supported_move_records.csv,Charmander,81,4.0,,nan,Charmander,81,4.0,-5,section4a_simulator_supported_move_records.csv,True,True,True,False
D:\02_AI_and_Data\Kaggle-AI-Agents\PTCG_AI_Battle_Challenge\reports\notebook54\section4\section4a_simulator_supported_move_records.csv,Eevee,81,4.0,,nan,Eevee,81,4.0,-5,section4a_simulator_supported_move_records.csv,True,True,True,False
D:\02_AI_and_Data\Kaggle-AI-Agents\PTCG_AI_Battle_Challenge\reports\notebook54\section4\section4a_simulator_supported_move_records.csv,Meowth,81,4.0,,nan,Meowth,81,4.0,-5,section4a_simulator_supported_move_records.csv,True,True,True,False
D:\02_AI_and_Data\Kaggle-AI-Agents\PTCG_AI_Battle_Challenge\reports\notebook54\section4\section4a_simulator_supported_move_records.csv,Bulbasaur,8,28.0,,nan,Bulbasaur,8,28.0,-5,section4a_simulator_supported_move_records.csv,True,True,True,False
D:\02_AI_and_Data\Kaggle-AI-Agents\PTCG_AI_Battle_Challenge\reports\notebook54\section4\section4a_simulator_supported_move_records.csv,Charmander,8,16.0,,nan,Charmander,8,16.0,-5,section4a_simulator_supported_move_records.csv,True,True,True,False
D:\02_AI_and_Data\Kaggle-AI-Agents\PTCG_AI_Battle_Challenge\reports\notebook54\section4\section4a_simulator_supported_move_records.csv,Eevee,8,18.0,,nan,Eevee,8,18.0,-5,section4a_simulator_supported_move_records.csv,True,True,True,False
D:\02_AI_and_Data\Kaggle-AI-Agents\PTCG_AI_Battle_Challenge\reports\notebook54\section4\section4a_simulator_supported_move_records.csv,Meowth,8,8.0,,nan,Meowth,8,8.0,-5,section4a_simulator_supported_move_records.csv,True,True,True,False
D:\02_AI_and_Data\Kaggle-AI-Agents\PTCG_AI_Battle_Challenge\reports\notebook54\section4\section4a_simulator_supported_move_records.csv,Bulbasaur,32,8.0,,nan,Bulbasaur,32,8.0,-5,section4a_simulator_supported_move_records.csv,True,True,True,False
D:\02_AI_and_Data\Kaggle-AI-Agents\PTCG_AI_Battle_Challenge\reports\notebook54\section4\section4a_simulator_supported_move_records.csv,Charmander,32,8.0,,nan,Charmander,32,8.0,-5,section4a_simulator_supported_move_records.csv,True,True,True,False
D:\02_AI_and_Data\Kaggle-AI-Agents\PTCG_AI_Battle_Challenge\reports\notebook54\section4\section4a_simulator_supported_move_records.csv,Eevee,32,8.0,,nan,Eevee,32,8.0,-5,section4a_simulator_supported_move_records.csv,True,True,True,False
D:\02_AI_and_Data\Kaggle-AI-Agents\PTCG_AI_Battle_Challenge\reports\notebook54\section4\section4a_simulator_supported_move_records.csv,Meowth,32,8.0,,nan,Meowth,32,8.0,-5,section4a_simulator_supported_move_records.csv,True,True,True,False
D:\02_AI_and_Data\Kaggle-AI-Agents\PTCG_AI_Battle_Challenge\reports\notebook54\section4\section4a_move_source_agreement.csv,Bulbasaur,0.0,1.0,,,Bulbasaur,0.0,1.0,-5,section4a_move_source_agreement.csv,True,True,True,False
D:\02_AI_and_Data\Kaggle-AI-Agents\PTCG_AI_Battle_Challenge\reports\notebook54\section4\section4a_move_source_agreement.csv,Bulbasaur,0.1,1.0,,,Bulbasaur,0.1,1.0,-5,section4a_move_source_agreement.csv,True,True,True,False
D:\02_AI_and_Data\Kaggle-AI-Agents\PTCG_AI_Battle_Challenge\reports\notebook54\section4\section4a_move_source_agreement.csv,Bulbasaur,0.12,1.0,,,Bulbasaur,0.12,1.0,-5,section4a_move_source_agreement.csv,True,True,True,False
D:\02_AI_and_Data\Kaggle-AI-Agents\PTCG_AI_Battle_Challenge\reports\notebook54\section4\section4a_move_source_agreement.csv,Bulbasaur,0.12 0.1 0. 0. 0. 0. 0. 0.52,1.0,,,Bulbasaur,0.12 0.1 0. 0. 0. 0. 0. 0.52,1.0,-5,section4a_move_source_agreement.csv,True,True,True,False
D:\02_AI_and_Data\Kaggle-AI-Agents\PTCG_AI_Battle_Challenge\reports\notebook54\section4\section4a_move_source_agreement.csv,Bulbasaur,0.12 0.1 1. 0. 0. 0. 0. 1.52,1.0,,,Bulbasaur,0.12 0.1 1. 0. 0. 0. 0. 1.52,1.0,-5,section4a_move_source_agreement.csv,True,True,True,False
D:\02_AI_and_Data\Kaggle-AI-Agents\PTCG_AI_Battle_Challenge\reports\notebook54\section4\section4a_move_source_agreement.csv,Bulbasaur,0.2,1.0,,,Bulbasaur,0.2,1.0,-5,section4a_move_source_agreement.csv,True,True,True,False
D:\02_AI_and_Data\Kaggle-AI-Agents\PTCG_AI_Battle_Challenge\reports\notebook54\section4\section4a_move_source_agreement.csv,Bulbasaur,0.28,1.0,,,Bulbasaur,0.28,1.0,-5,section4a_move_source_agreement.csv,True,True,True,False
D:\02_AI_and_Data\Kaggle-AI-Agents\PTCG_AI_Battle_Challenge\reports\notebook54\section4\section4a_move_source_agreement.csv,Bulbasaur,0.28 0.2 0. 0. 0. 0. 0. 0.73,1.0,,,Bulbasaur,0.28 0.2 0. 0. 0. 0. 0. 0.73,1.0,-5,section4a_move_source_agreement.csv,True,True,True,False
D:\02_AI_and_Data\Kaggle-AI-Agents\PTCG_AI_Battle_Challenge\reports\notebook54\section4\section4a_move_source_agreement.csv,Bulbasaur,0.28 0.2 1. 0. 0. 0. 0. 1.73,1.0,,,Bulbasaur,0.28 0.2 1. 0. 0. 0. 0. 1.73,1.0,-5,section4a_move_source_agreement.csv,True,True,True,False
D:\02_AI_and_Data\Kaggle-AI-Agents\PTCG_AI_Battle_Challenge\reports\notebook54\section4\section4a_move_source_agreement.csv,Bulbasaur,0.52,1.0,,,Bulbasaur,0.52,1.0,-5,section4a_move_source_agreement.csv,True,True,True,False
D:\02_AI_and_Data\Kaggle-AI-Agents\PTCG_AI_Battle_Challenge\reports\notebook54\section4\section4a_move_source_agreement.csv,Bulbasaur,0.73,1.0,,,Bulbasaur,0.73,1.0,-5,section4a_move_source_agreement.csv,True,True,True,False
D:\02_AI_and_Data\Kaggle-AI-Agents\PTCG_AI_Battle_Challenge\reports\notebook54\section4\section4a_move_source_agreement.csv,Bulbasaur,1,1.0,,,Bulbasaur,1,1.0,-5,section4a_move_source_agreement.csv,True,True,True,False
D:\02_AI_and_Data\Kaggle-AI-Agents\PTCG_AI_Battle_Challenge\reports\notebook54\section4\section4a_move_source_agreement.csv,Bulbasaur,1.0,1.0,,,Bulbasaur,1.0,1.0,-5,section4a_move_source_agreement.csv,True,True,True,False
D:\02_AI_and_Data\Kaggle-AI-Agents\PTCG_AI_Battle_Challenge\reports\notebook54\section4\section4a_move_source_agreement.csv,Bulbasaur,1.52,1.0,,,Bulbasaur,1.52,1.0,-5,section4a_move_source_agreement.csv,True,True,True,False
D:\02_AI_and_Data\Kaggle-AI-Agents\PTCG_AI_Battle_Challenge\reports\notebook54\section4\section4a_move_source_agreement.csv,Bulbasaur,1.73,1.0,,,Bulbasaur,1.73,1.0,-5,section4a_move_source_agreement.csv,True,True,True,False
D:\02_AI_and_Data\Kaggle-AI-Agents\PTCG_AI_Battle_Challenge\reports\notebook54\section4\section4a_move_source_agreement.csv,Bulbasaur,2,2.0,,,Bulbasaur,2,2.0,-5,section4a_move_source_agreement.csv,True,True,True,False
D:\02_AI_and_Data\Kaggle-AI-Agents\PTCG_AI_Battle_Challenge\reports\notebook54\section4\section4a_move_source_agreement.csv,Bulbasaur,21,46.0,,,Bulbasaur,21,46.0,-5,section4a_move_source_agreement.csv,True,True,True,False
D:\02_AI_and_Data\Kaggle-AI-Agents\PTCG_AI_Battle_Challenge\reports\notebook54\section4\section4a_move_source_agreement.csv,Bulbasaur,32,8.0,,,Bulbasaur,32,8.0,-5,section4a_move_source_agreement.csv,True,True,True,False
D:\02_AI_and_Data\Kaggle-AI-Agents\PTCG_AI_Battle_Challenge\reports\notebook54\section4\section4a_move_source_agreement.csv,Bulbasaur,8,28.0,,,Bulbasaur,8,28.0,-5,section4a_move_source_agreement.csv,True,True,True,False
D:\02_AI_and_Data\Kaggle-AI-Agents\PTCG_AI_Battle_Challenge\reports\notebook54\section4\section4a_move_source_agreement.csv,Bulbasaur,81,4.0,,,Bulbasaur,81,4.0,-5,section4a_move_source_agreement.csv,True,True,True,False
D:\02_AI_and_Data\Kaggle-AI-Agents\PTCG_AI_Battle_Challenge\reports\notebook54\section4\section4a_move_source_agreement.csv,Bulbasaur,Bind Down,1.0,,,Bulbasaur,Bind Down,1.0,-5,section4a_move_source_agreement.csv,True,True,True,True
D:\02_AI_and_Data\Kaggle-AI-Agents\PTCG_AI_Battle_Challenge\reports\notebook54\section4\section4a_move_source_agreement.csv,Bulbasaur,Bite,0.0,,,Bulbasaur,Bite,0.0,-5,section4a_move_source_agreement.csv,True,True,True,False
D:\02_AI_and_Data\Kaggle-AI-Agents\PTCG_AI_Battle_Challenge\reports\notebook54\section4\section4a_move_source_agreement.csv,Bulbasaur,Flame Tail,0.0,,,Bulbasaur,Flame Tail,0.0,-5,section4a_move_source_agreement.csv,True,True,True,False
D:\02_AI_and_Data\Kaggle-AI-Agents\PTCG_AI_Battle_Challenge\reports\notebook54\section4\section4a_move_source_agreement.csv,Bulbasaur,Fury Swipes,0.0,,,Bulbasaur,Fury Swipes,0.0,-5,section4a_move_source_agreement.csv,True,True,True,False
D:\02_AI_and_Data\Kaggle-AI-Agents\PTCG_AI_Battle_Challenge\reports\notebook54\section4\section4a_move_source_agreement.csv,Bulbasaur,Pass,0.0,,,Bulbasaur,Pass,0.0,-5,section4a_move_source_agreement.csv,True,True,True,False
D:\02_AI_and_Data\Kaggle-AI-Agents\PTCG_AI_Battle_Challenge\reports\notebook54\section4\section4a_move_source_agreement.csv,Bulbasaur,Quick Attack,0.0,,,Bulbasaur,Quick Attack,0.0,-5,section4a_move_source_agreement.csv,True,True,True,False
D:\02_AI_and_Data\Kaggle-AI-Agents\PTCG_AI_Battle_Challenge\reports\notebook54\section4\section4a_move_source_agreement.csv,Bulbasaur,Scratch,0.0,,,Bulbasaur,Scratch,0.0,-5,section4a_move_source_agreement.csv,True,True,True,False
D:\02_AI_and_Data\Kaggle-AI-Agents\PTCG_AI_Battle_Challenge\reports\notebook54\section4\section4a_move_source_agreement.csv,Bulbasaur,Tackle,0.0,,,Bulbasaur,Tackle,0.0,-5,section4a_move_source_agreement.csv,True,True,True,False
D:\02_AI_and_Data\Kaggle-AI-Agents\PTCG_AI_Battle_Challenge\reports\notebook54\section4\section4a_move_source_agreement.csv,Bulbasaur,Tail Whap,0.0,,,Bulbasaur,Tail Whap,0.0,-5,section4a_move_source_agreement.csv,True,True,True,False
D:\02_AI_and_Data\Kaggle-AI-Agents\PTCG_AI_Battle_Challenge\reports\notebook54\section4\section4a_move_source_agreement.csv,Bulbasaur,Thunderbolt,0.0,,,Bulbasaur,Thunderbolt,0.0,-5,section4a_move_source_agreement.csv,True,True,True,False
D:\02_AI_and_Data\Kaggle-AI-Agents\PTCG_AI_Battle_Challenge\reports\notebook54\section4\section4a_move_source_agreement.csv,Bulbasaur,Water Pulse,0.0,,,Bulbasaur,Water Pulse,0.0,-5,section4a_move_source_agreement.csv,True,True,True,False
D:\02_AI_and_Data\Kaggle-AI-Agents\PTCG_AI_Battle_Challenge\reports\notebook54\section4\section4a_move_source_agreement.csv,Charmander,0.0,1.0,,,Charmander,0.0,1.0,-5,section4a_move_source_agreement.csv,True,True,True,False
D:\02_AI_and_Data\Kaggle-AI-Agents\PTCG_AI_Battle_Challenge\reports\notebook54\section4\section4a_move_source_agreement.csv,Charmander,0.08,1.0,,,Charmander,0.08,1.0,-5,section4a_move_source_agreement.csv,True,True,True,False
D:\02_AI_and_Data\Kaggle-AI-Agents\PTCG_AI_Battle_Challenge\reports\notebook54\section4\section4a_move_source_agreement.csv,Charmander,0.08 0.1 0. 0. 0. 0. 0. 0.38,1.0,,,Charmander,0.08 0.1 0. 0. 0. 0. 0. 0.38,1.0,-5,section4a_move_source_agreement.csv,True,True,True,False
D:\02_AI_and_Data\Kaggle-AI-Agents\PTCG_AI_Battle_Challenge\reports\notebook54\section4\section4a_move_source_agreement.csv,Charmander,0.08 0.1 1. 0. 0. 0. 0. 1.38,1.0,,,Charmander,0.08 0.1 1. 0. 0. 0. 0. 1.38,1.0,-5,section4a_move_source_agreement.csv,True,True,True,False
D:\02_AI_and_Data\Kaggle-AI-Agents\PTCG_AI_Battle_Challenge\reports\notebook54\section4\section4a_move_source_agreement.csv,Charmander,0.1,1.0,,,Charmander,0.1,1.0,-5,section4a_move_source_agreement.csv,True,True,True,False
D:\02_AI_and_Data\Kaggle-AI-Agents\PTCG_AI_Battle_Challenge\reports\notebook54\section4\section4a_move_source_agreement.csv,Charmander,0.2,1.0,,,Charmander,0.2,1.0,-5,section4a_move_source_agreement.csv,True,True,True,False
D:\02_AI_and_Data\Kaggle-AI-Agents\PTCG_AI_Battle_Challenge\reports\notebook54\section4\section4a_move_source_agreement.csv,Charmander,0.2 0.2 0. 0. 0. 0. 0. 0.55,1.0,,,Charmander,0.2 0.2 0. 0. 0. 0. 0. 0.55,1.0,-5,section4a_move_source_agreement.csv,True,True,True,False
D:\02_AI_and_Data\Kaggle-AI-Agents\PTCG_AI_Battle_Challenge\reports\notebook54\section4\section4a_move_source_agreement.csv,Charmander,0.2 0.2 1. 0. 0. 0. 0. 1.55,1.0,,,Charmander,0.2 0.2 1. 0. 0. 0. 0. 1.55,1.0,-5,section4a_move_source_agreement.csv,True,True,True,False
D:\02_AI_and_Data\Kaggle-AI-Agents\PTCG_AI_Battle_Challenge\reports\notebook54\section4\section4a_move_source_agreement.csv,Charmander,0.38,1.0,,,Charmander,0.38,1.0,-5,section4a_move_source_agreement.csv,True,True,True,False
D:\02_AI_and_Data\Kaggle-AI-Agents\PTCG_AI_Battle_Challenge\reports\notebook54\section4\section4a_move_source_agreement.csv,Charmander,0.55,1.0,,,Charmander,0.55,1.0,-5,section4a_move_source_agreement.csv,True,True,True,False
D:\02_AI_and_Data\Kaggle-AI-Agents\PTCG_AI_Battle_Challenge\reports\notebook54\section4\section4a_move_source_agreement.csv,Charmander,1,1.0,,,Charmander,1,1.0,-5,section4a_move_source_agreement.csv,True,True,True,False
D:\02_AI_and_Data\Kaggle-AI-Agents\PTCG_AI_Battle_Challenge\reports\notebook54\section4\section4a_move_source_agreement.csv,Charmander,1.0,1.0,,,Charmander,1.0,1.0,-5,section4a_move_source_agreement.csv,True,True,True,False
D:\02_AI_and_Data\Kaggle-AI-Agents\PTCG_AI_Battle_Challenge\reports\notebook54\section4\section4a_move_source_agreement.csv,Charmander,1.38,1.0,,,Charmander,1.38,1.0,-5,section4a_move_source_agreement.csv,True,True,True,False
D:\02_AI_and_Data\Kaggle-AI-Agents\PTCG_AI_Battle_Challenge\reports\notebook54\section4\section4a_move_source_agreement.csv,Charmander,1.55,1.0,,,Charmander,1.55,1.0,-5,section4a_move_source_agreement.csv,True,True,True,False
D:\02_AI_and_Data\Kaggle-AI-Agents\PTCG_AI_Battle_Challenge\reports\notebook54\section4\section4a_move_source_agreement.csv,Charmander,2,1.0,,,Charmander,2,1.0,-5,section4a_move_source_agreement.csv,True,True,True,False
D:\02_AI_and_Data\Kaggle-AI-Agents\PTCG_AI_Battle_Challenge\reports\notebook54\section4\section4a_move_source_agreement.csv,Charmander,20,50.0,,,Charmander,20,50.0,-5,section4a_move_source_agreement.csv,True,True,True,False
D:\02_AI_and_Data\Kaggle-AI-Agents\PTCG_AI_Battle_Challenge\reports\notebook54\section4\section4a_move_source_agreement.csv,Charmander,32,8.0,,,Charmander,32,8.0,-5,section4a_move_source_agreement.csv,True,True,True,False
D:\02_AI_and_Data\Kaggle-AI-Agents\PTCG_AI_Battle_Challenge\reports\notebook54\section4\section4a_move_source_agreement.csv,Charmander,8,16.0,,,Charmander,8,16.0,-5,section4a_move_source_agreement.csv,True,True,True,False
D:\02_AI_and_Data\Kaggle-AI-Agents\PTCG_AI_Battle_Challenge\reports\notebook54\section4\section4a_move_source_agreement.csv,Charmander,81,4.0,,,Charmander,81,4.0,-5,section4a_move_source_agreement.csv,True,True,True,False
D:\02_AI_and_Data\Kaggle-AI-Agents\PTCG_AI_Battle_Challenge\reports\notebook54\section4\section4a_move_source_agreement.csv,Charmander,Bite,0.0,,,Charmander,Bite,0.0,-5,section4a_move_source_agreement.csv,True,True,True,False
D:\02_AI_and_Data\Kaggle-AI-Agents\PTCG_AI_Battle_Challenge\reports\notebook54\section4\section4a_move_source_agreement.csv,Charmander,Fury Swipes,0.0,,,Charmander,Fury Swipes,0.0,-5,section4a_move_source_agreement.csv,True,True,True,False
D:\02_AI_and_Data\Kaggle-AI-Agents\PTCG_AI_Battle_Challenge\reports\notebook54\section4\section4a_move_source_agreement.csv,Charmander,Live Coal,1.0,,,Charmander,Live Coal,1.0,-5,section4a_move_source_agreement.csv,True,True,True,True
D:\02_AI_and_Data\Kaggle-AI-Agents\PTCG_AI_Battle_Challenge\reports\notebook54\section4\section4a_move_source_agreement.csv,Charmander,Pass,0.0,,,Charmander,Pass,0.0,-5,section4a_move_source_agreement.csv,True,True,True,False
D:\02_AI_and_Data\Kaggle-AI-Agents\PTCG_AI_Battle_Challenge\reports\notebook54\section4\section4a_move_source_agreement.csv,Charmander,Razor Leaf,0.0,,,Charmander,Razor Leaf,0.0,-5,section4a_move_source_agreement.csv,True,True,True,False
D:\02_AI_and_Data\Kaggle-AI-Agents\PTCG_AI_Battle_Challenge\reports\notebook54\section4\section4a_move_source_agreement.csv,Charmander,Tackle,0.0,,,Charmander,Tackle,0.0,-5,section4a_move_source_agreement.csv,True,True,True,False
D:\02_AI_and_Data\Kaggle-AI-Agents\PTCG_AI_Battle_Challenge\reports\notebook54\section4\section4a_move_source_agreement.csv,Charmander,Tail Whap,0.0,,,Charmander,Tail Whap,0.0,-5,section4a_move_source_agreement.csv,True,True,True,False
D:\02_AI_and_Data\Kaggle-AI-Agents\PTCG_AI_Battle_Challenge\reports\notebook54\section4\section4a_move_source_agreement.csv,Charmander,Thunderbolt,0.0,,,Charmander,Thunderbolt,0.0,-5,section4a_move_source_agreement.csv,True,True,True,False
D:\02_AI_and_Data\Kaggle-AI-Agents\PTCG_AI_Battle_Challenge\reports\notebook54\section4\section4a_move_source_agreement.csv,Charmander,Vine Whip,0.0,,,Charmander,Vine Whip,0.0,-5,section4a_move_source_agreement.csv,True,True,True,False
D:\02_AI_and_Data\Kaggle-AI-Agents\PTCG_AI_Battle_Challenge\reports\notebook54\section4\section4a_move_source_agreement.csv,Charmander,Water Pulse,0.0,,,Charmander,Water Pulse,0.0,-5,section4a_move_source_agreement.csv,True,True,True,False
D:\02_AI_and_Data\Kaggle-AI-Agents\PTCG_AI_Battle_Challenge\reports\notebook54\section4\section4a_move_source_agreement.csv,Eevee,0.0,1.0,,,Eevee,0.0,1.0,-5,section4a_move_source_agreement.csv,True,True,True,False
D:\02_AI_and_Data\Kaggle-AI-Agents\PTCG_AI_Battle_Challenge\reports\notebook54\section4\section4a_move_source_agreement.csv,Eevee,0.08,1.0,,,Eevee,0.08,1.0,-5,section4a_move_source_agreement.csv,True,True,True,False
D:\02_AI_and_Data\Kaggle-AI-Agents\PTCG_AI_Battle_Challenge\reports\notebook54\section4\section4a_move_source_agreement.csv,Eevee,0.08 0.1 0. 0. 0. 0. 0. 0.38,1.0,,,Eevee,0.08 0.1 0. 0. 0. 0. 0. 0.38,1.0,-5,section4a_move_source_agreement.csv,True,True,True,False
D:\02_AI_and_Data\Kaggle-AI-Agents\PTCG_AI_Battle_Challenge\reports\notebook54\section4\section4a_move_source_agreement.csv,Eevee,0.08 0.1 1. 0. 0. 0. 0. 1.38,1.0,,,Eevee,0.08 0.1 1. 0. 0. 0. 0. 1.38,1.0,-5,section4a_move_source_agreement.csv,True,True,True,False
D:\02_AI_and_Data\Kaggle-AI-Agents\PTCG_AI_Battle_Challenge\reports\notebook54\section4\section4a_move_source_agreement.csv,Eevee,0.1,1.0,,,Eevee,0.1,1.0,-5,section4a_move_source_agreement.csv,True,True,True,False
D:\02_AI_and_Data\Kaggle-AI-Agents\PTCG_AI_Battle_Challenge\reports\notebook54\section4\section4a_move_source_agreement.csv,Eevee,0.2,1.0,,,Eevee,0.2,1.0,-5,section4a_move_source_agreement.csv,True,True,True,False
D:\02_AI_and_Data\Kaggle-AI-Agents\PTCG_AI_Battle_Challenge\reports\notebook54\section4\section4a_move_source_agreement.csv,Eevee,0.2 0.2 0. 0. 0. 0. 0. 0.55,1.0,,,Eevee,0.2 0.2 0. 0. 0. 0. 0. 0.55,1.0,-5,section4a_move_source_agreement.csv,True,True,True,False
D:\02_AI_and_Data\Kaggle-AI-Agents\PTCG_AI_Battle_Challenge\reports\notebook54\section4\section4a_move_source_agreement.csv,Eevee,0.2 0.2 1. 0. 0. 0. 0. 1.55,1.0,,,Eevee,0.2 0.2 1. 0. 0. 0. 0. 1.55,1.0,-5,section4a_move_source_agreement.csv,True,True,True,False
D:\02_AI_and_Data\Kaggle-AI-Agents\PTCG_AI_Battle_Challenge\reports\notebook54\section4\section4a_move_source_agreement.csv,Eevee,0.38,1.0,,,Eevee,0.38,1.0,-5,section4a_move_source_agreement.csv,True,True,True,False
D:\02_AI_and_Data\Kaggle-AI-Agents\PTCG_AI_Battle_Challenge\reports\notebook54\section4\section4a_move_source_agreement.csv,Eevee,0.55,1.0,,,Eevee,0.55,1.0,-5,section4a_move_source_agreement.csv,True,True,True,False
D:\02_AI_and_Data\Kaggle-AI-Agents\PTCG_AI_Battle_Challenge\reports\notebook54\section4\section4a_move_source_agreement.csv,Eevee,1.0,1.0,,,Eevee,1.0,1.0,-5,section4a_move_source_agreement.csv,True,True,True,False
D:\02_AI_and_Data\Kaggle-AI-Agents\PTCG_AI_Battle_Challenge\reports\notebook54\section4\section4a_move_source_agreement.csv,Eevee,1.38,1.0,,,Eevee,1.38,1.0,-5,section4a_move_source_agreement.csv,True,True,True,False
D:\02_AI_and_Data\Kaggle-AI-Agents\PTCG_AI_Battle_Challenge\reports\notebook54\section4\section4a_move_source_agreement.csv,Eevee,1.55,1.0,,,Eevee,1.55,1.0,-5,section4a_move_source_agreement.csv,True,True,True,False
D:\02_AI_and_Data\Kaggle-AI-Agents\PTCG_AI_Battle_Challenge\reports\notebook54\section4\section4a_move_source_agreement.csv,Eevee,19,31.0,,,Eevee,19,31.0,-5,section4a_move_source_agreement.csv,True,True,True,False
D:\02_AI_and_Data\Kaggle-AI-Agents\PTCG_AI_Battle_Challenge\reports\notebook54\section4\section4a_move_source_agreement.csv,Eevee,2,1.0,,,Eevee,2,1.0,-5,section4a_move_source_agreement.csv,True,True,True,False
D:\02_AI_and_Data\Kaggle-AI-Agents\PTCG_AI_Battle_Challenge\reports\notebook54\section4\section4a_move_source_agreement.csv,Eevee,32,8.0,,,Eevee,32,8.0,-5,section4a_move_source_agreement.csv,True,True,True,False
D:\02_AI_and_Data\Kaggle-AI-Agents\PTCG_AI_Battle_Challenge\reports\notebook54\section4\section4a_move_source_agreement.csv,Eevee,8,18.0,,,Eevee,8,18.0,-5,section4a_move_source_agreement.csv,True,True,True,False
D:\02_AI_and_Data\Kaggle-AI-Agents\PTCG_AI_Battle_Challenge\reports\notebook54\section4\section4a_move_source_agreement.csv,Eevee,81,4.0,,,Eevee,81,4.0,-5,section4a_move_source_agreement.csv,True,True,True,False
D:\02_AI_and_Data\Kaggle-AI-Agents\PTCG_AI_Battle_Challenge\reports\notebook54\section4\section4a_move_source_agreement.csv,Eevee,Ascension,0.0,,,Eevee,Ascension,0.0,-5,section4a_move_source_agreement.csv,True,True,True,True
D:\02_AI_and_Data\Kaggle-AI-Agents\PTCG_AI_Battle_Challenge\reports\notebook54\section4\section4a_move_source_agreement.csv,Eevee,Flame Tail,0.0,,,Eevee,Flame Tail,0.0,-5,section4a_move_source_agreement.csv,True,True,True,False
D:\02_AI_and_Data\Kaggle-AI-Agents\PTCG_AI_Battle_Challenge\reports\notebook54\section4\section4a_move_source_agreement.csv,Eevee,Fury Swipes,0.0,,,Eevee,Fury Swipes,0.0,-5,section4a_move_source_agreement.csv,True,True,True,False
D:\02_AI_and_Data\Kaggle-AI-Agents\PTCG_AI_Battle_Challenge\reports\notebook54\section4\section4a_move_source_agreement.csv,Eevee,Quick Attack,0.0,,,Eevee,Quick Attack,0.0,-5,section4a_move_source_agreement.csv,True,True,True,True
D:\02_AI_and_Data\Kaggle-AI-Agents\PTCG_AI_Battle_Challenge\reports\notebook54\section4\section4a_move_source_agreement.csv,Eevee,Razor Leaf,0.0,,,Eevee,Razor Leaf,0.0,-5,section4a_move_source_agreement.csv,True,True,True,False
D:\02_AI_and_Data\Kaggle-AI-Agents\PTCG_AI_Battle_Challenge\reports\notebook54\section4\section4a_move_source_agreement.csv,Eevee,Scratch,0.0,,,Eevee,Scratch,0.0,-5,section4a_move_source_agreement.csv,True,True,True,False
D:\02_AI_and_Data\Kaggle-AI-Agents\PTCG_AI_Battle_Challenge\reports\notebook54\section4\section4a_move_source_agreement.csv,Eevee,Tackle,0.0,,,Eevee,Tackle,0.0,-5,section4a_move_source_agreement.csv,True,True,True,False
D:\02_AI_and_Data\Kaggle-AI-Agents\PTCG_AI_Battle_Challenge\reports\notebook54\section4\section4a_move_source_agreement.csv,Eevee,Thunderbolt,0.0,,,Eevee,Thunderbolt,0.0,-5,section4a_move_source_agreement.csv,True,True,True,False
D:\02_AI_and_Data\Kaggle-AI-Agents\PTCG_AI_Battle_Challenge\reports\notebook54\section4\section4a_move_source_agreement.csv,Eevee,Vine Whip,0.0,,,Eevee,Vine Whip,0.0,-5,section4a_move_source_agreement.csv,True,True,True,False
D:\02_AI_and_Data\Kaggle-AI-Agents\PTCG_AI_Battle_Challenge\reports\notebook54\section4\section4a_move_source_agreement.csv,Eevee,Water Pulse,0.0,,,Eevee,Water Pulse,0.0,-5,section4a_move_source_agreement.csv,True,True,True,False
D:\02_AI_and_Data\Kaggle-AI-Agents\PTCG_AI_Battle_Challenge\reports\notebook54\section4\section4a_move_source_agreement.csv,Meowth,0.0,1.0,,,Meowth,0.0,1.0,-5,section4a_move_source_agreement.csv,True,True,True,False
D:\02_AI_and_Data\Kaggle-AI-Agents\PTCG_AI_Battle_Challenge\reports\notebook54\section4\section4a_move_source_agreement.csv,Meowth,0.08,1.0,,,Meowth,0.08,1.0,-5,section4a_move_source_agreement.csv,True,True,True,False
D:\02_AI_and_Data\Kaggle-AI-Agents\PTCG_AI_Battle_Challenge\reports\notebook54\section4\section4a_move_source_agreement.csv,Meowth,0.08 0.1 0. 0. 0. 0. 0. 0.38,1.0,,,Meowth,0.08 0.1 0. 0. 0. 0. 0. 0.38,1.0,-5,section4a_move_source_agreement.csv,True,True,True,False
D:\02_AI_and_Data\Kaggle-AI-Agents\PTCG_AI_Battle_Challenge\reports\notebook54\section4\section4a_move_source_agreement.csv,Meowth,0.08 0.1 1. 0. 0. 0. 0. 1.38,1.0,,,Meowth,0.08 0.1 1. 0. 0. 0. 0. 1.38,1.0,-5,section4a_move_source_agreement.csv,True,True,True,False
D:\02_AI_and_Data\Kaggle-AI-Agents\PTCG_AI_Battle_Challenge\reports\notebook54\section4\section4a_move_source_agreement.csv,Meowth,0.1,1.0,,,Meowth,0.1,1.0,-5,section4a_move_source_agreement.csv,True,True,True,False
D:\02_AI_and_Data\Kaggle-AI-Agents\PTCG_AI_Battle_Challenge\reports\notebook54\section4\section4a_move_source_agreement.csv,Meowth,0.2,1.0,,,Meowth,0.2,1.0,-5,section4a_move_source_agreement.csv,True,True,True,False
D:\02_AI_and_Data\Kaggle-AI-Agents\PTCG_AI_Battle_Challenge\reports\notebook54\section4\section4a_move_source_agreement.csv,Meowth,0.24,1.0,,,Meowth,0.24,1.0,-5,section4a_move_source_agreement.csv,True,True,True,False
D:\02_AI_and_Data\Kaggle-AI-Agents\PTCG_AI_Battle_Challenge\reports\notebook54\section4\section4a_move_source_agreement.csv,Meowth,0.24 0.2 0. 0. 0. 0. 0. 0.64,1.0,,,Meowth,0.24 0.2 0. 0. 0. 0. 0. 0.64,1.0,-5,section4a_move_source_agreement.csv,True,True,True,False
D:\02_AI_and_Data\Kaggle-AI-Agents\PTCG_AI_Battle_Challenge\reports\notebook54\section4\section4a_move_source_agreement.csv,Meowth,0.24 0.2 1. 0. 0. 0. 0. 1.64,1.0,,,Meowth,0.24 0.2 1. 0. 0. 0. 0. 1.64,1.0,-5,section4a_move_source_agreement.csv,True,True,True,False
D:\02_AI_and_Data\Kaggle-AI-Agents\PTCG_AI_Battle_Challenge\reports\notebook54\section4\section4a_move_source_agreement.csv,Meowth,0.38,1.0,,,Meowth,0.38,1.0,-5,section4a_move_source_agreement.csv,True,True,True,False
D:\02_AI_and_Data\Kaggle-AI-Agents\PTCG_AI_Battle_Challenge\reports\notebook54\section4\section4a_move_source_agreement.csv,Meowth,0.639999999999999,1.0,,,Meowth,0.639999999999999,1.0,-5,section4a_move_source_agreement.csv,True,True,True,False
D:\02_AI_and_Data\Kaggle-AI-Agents\PTCG_AI_Battle_Challenge\reports\notebook54\section4\section4a_move_source_agreement.csv,Meowth,1,1.0,,,Meowth,1,1.0,-5,section4a_move_source_agreement.csv,True,True,True,False
D:\02_AI_and_Data\Kaggle-AI-Agents\PTCG_AI_Battle_Challenge\reports\notebook54\section4\section4a_move_source_agreement.csv,Meowth,1.0,1.0,,,Meowth,1.0,1.0,-5,section4a_move_source_agreement.csv,True,True,True,False
D:\02_AI_and_Data\Kaggle-AI-Agents\PTCG_AI_Battle_Challenge\reports\notebook54\section4\section4a_move_source_agreement.csv,Meowth,1.38,1.0,,,Meowth,1.38,1.0,-5,section4a_move_source_agreement.csv,True,True,True,False
D:\02_AI_and_Data\Kaggle-AI-Agents\PTCG_AI_Battle_Challenge\reports\notebook54\section4\section4a_move_source_agreement.csv,Meowth,1.6400000000000001,1.0,,,Meowth,1.6400000000000001,1.0,-5,section4a_move_source_agreement.csv,True,True,True,False
D:\02_AI_and_Data\Kaggle-AI-Agents\PTCG_AI_Battle_Challenge\reports\notebook54\section4\section4a_move_source_agreement.csv,Meowth,2,2.0,,,Meowth,2,2.0,-5,section4a_move_source_agreement.csv,True,True,True,False
D:\02_AI_and_Data\Kaggle-AI-Agents\PTCG_AI_Battle_Challenge\reports\notebook54\section4\section4a_move_source_agreement.csv,Meowth,21,60.0,,,Meowth,21,60.0,-5,section4a_move_source_agreement.csv,True,True,True,False
D:\02_AI_and_Data\Kaggle-AI-Agents\PTCG_AI_Battle_Challenge\reports\notebook54\section4\section4a_move_source_agreement.csv,Meowth,32,8.0,,,Meowth,32,8.0,-5,section4a_move_source_agreement.csv,True,True,True,False
D:\02_AI_and_Data\Kaggle-AI-Agents\PTCG_AI_Battle_Challenge\reports\notebook54\section4\section4a_move_source_agreement.csv,Meowth,8,8.0,,,Meowth,8,8.0,-5,section4a_move_source_agreement.csv,True,True,True,False
D:\02_AI_and_Data\Kaggle-AI-Agents\PTCG_AI_Battle_Challenge\reports\notebook54\section4\section4a_move_source_agreement.csv,Meowth,81,4.0,,,Meowth,81,4.0,-5,section4a_move_source_agreement.csv,True,True,True,False
D:\02_AI_and_Data\Kaggle-AI-Agents\PTCG_AI_Battle_Challenge\reports\notebook54\section4\section4a_move_source_agreement.csv,Meowth,Bite,0.0,,,Meowth,Bite,0.0,-5,section4a_move_source_agreement.csv,True,True,True,False
D:\02_AI_and_Data\Kaggle-AI-Agents\PTCG_AI_Battle_Challenge\reports\notebook54\section4\section4a_move_source_agreement.csv,Meowth,Flame Tail,0.0,,,Meowth,Flame Tail,0.0,-5,section4a_move_source_agreement.csv,True,True,True,False
D:\02_AI_and_Data\Kaggle-AI-Agents\PTCG_AI_Battle_Challenge\reports\notebook54\section4\section4a_move_source_agreement.csv,Meowth,Quick Attack,0.0,,,Meowth,Quick Attack,0.0,-5,section4a_move_source_agreement.csv,True,True,True,False
D:\02_AI_and_Data\Kaggle-AI-Agents\PTCG_AI_Battle_Challenge\reports\notebook54\section4\section4a_move_source_agreement.csv,Meowth,Razor Leaf,0.0,,,Meowth,Razor Leaf,0.0,-5,section4a_move_source_agreement.csv,True,True,True,False
D:\02_AI_and_Data\Kaggle-AI-Agents\PTCG_AI_Battle_Challenge\reports\notebook54\section4\section4a_move_source_agreement.csv,Meowth,Scratch,0.0,,,Meowth,Scratch,0.0,-5,section4a_move_source_agreement.csv,True,True,True,False
D:\02_AI_and_Data\Kaggle-AI-Agents\PTCG_AI_Battle_Challenge\reports\notebook54\section4\section4a_move_source_agreement.csv,Meowth,Tackle,0.0,,,Meowth,Tackle,0.0,-5,section4a_move_source_agreement.csv,True,True,True,False
D:\02_AI_and_Data\Kaggle-AI-Agents\PTCG_AI_Battle_Challenge\reports\notebook54\section4\section4a_move_source_agreement.csv,Meowth,Tail Whap,0.0,,,Meowth,Tail Whap,0.0,-5,section4a_move_source_agreement.csv,True,True,True,False
D:\02_AI_and_Data\Kaggle-AI-Agents\PTCG_AI_Battle_Challenge\reports\notebook54\section4\section4a_move_source_agreement.csv,Meowth,Thunderbolt,0.0,,,Meowth,Thunderbolt,0.0,-5,section4a_move_source_agreement.csv,True,True,True,False
D:\02_AI_and_Data\Kaggle-AI-Agents\PTCG_AI_Battle_Challenge\reports\notebook54\section4\section4a_move_source_agreement.csv,Meowth,Tuck Tail,0.0,,,Meowth,Tuck Tail,0.0,-5,section4a_move_source_agreement.csv,True,True,True,True
D:\02_AI_and_Data\Kaggle-AI-Agents\PTCG_AI_Battle_Challenge\reports\notebook54\section4\section4a_move_source_agreement.csv,Meowth,Vine Whip,0.0,,,Meowth,Vine Whip,0.0,-5,section4a_move_source_agreement.csv,True,True,True,False
D:\02_AI_and_Data\Kaggle-AI-Agents\PTCG_AI_Battle_Challenge\reports\notebook54\section4\section4a_move_source_agreement.csv,Meowth,Water Pulse,0.0,,,Meowth,Water Pulse,0.0,-5,section4a_move_source_agreement.csv,True,True,True,False
D:\02_AI_and_Data\Kaggle-AI-Agents\PTCG_AI_Battle_Challenge\reports\notebook54\section4\section4a_preferred_move_catalog.csv,Bulbasaur,0.28 0.2 1. 0. 0. 0. 0. 1.73,46.0,,,Bulbasaur,0.28 0.2 1. 0. 0. 0. 0. 1.73,46.0,-5,section4a_preferred_move_catalog.csv,True,True,True,False
D:\02_AI_and_Data\Kaggle-AI-Agents\PTCG_AI_Battle_Challenge\reports\notebook54\section4\section4a_preferred_move_catalog.csv,Bulbasaur,0.28,46.0,,,Bulbasaur,0.28,46.0,-5,section4a_preferred_move_catalog.csv,True,True,True,False
D:\02_AI_and_Data\Kaggle-AI-Agents\PTCG_AI_Battle_Challenge\reports\notebook54\section4\section4a_preferred_move_catalog.csv,Bulbasaur,0.2,46.0,,,Bulbasaur,0.2,46.0,-5,section4a_preferred_move_catalog.csv,True,True,True,False
D:\02_AI_and_Data\Kaggle-AI-Agents\PTCG_AI_Battle_Challenge\reports\notebook54\section4\section4a_preferred_move_catalog.csv,Bulbasaur,1.0,46.0,,,Bulbasaur,1.0,46.0,-5,section4a_preferred_move_catalog.csv,True,True,True,False
D:\02_AI_and_Data\Kaggle-AI-Agents\PTCG_AI_Battle_Challenge\reports\notebook54\section4\section4a_preferred_move_catalog.csv,Bulbasaur,0.0,46.0,,,Bulbasaur,0.0,46.0,-5,section4a_preferred_move_catalog.csv,True,True,True,False
D:\02_AI_and_Data\Kaggle-AI-Agents\PTCG_AI_Battle_Challenge\reports\notebook54\section4\section4a_preferred_move_catalog.csv,Bulbasaur,1.73,46.0,,,Bulbasaur,1.73,46.0,-5,section4a_preferred_move_catalog.csv,True,True,True,False
D:\02_AI_and_Data\Kaggle-AI-Agents\PTCG_AI_Battle_Challenge\reports\notebook54\section4\section4a_preferred_move_catalog.csv,Bulbasaur,0.12 0.1 0. 0. 0. 0. 0. 0.52,30.0,,,Bulbasaur,0.12 0.1 0. 0. 0. 0. 0. 0.52,30.0,-5,section4a_preferred_move_catalog.csv,True,True,True,False
D:\02_AI_and_Data\Kaggle-AI-Agents\PTCG_AI_Battle_Challenge\reports\notebook54\section4\section4a_preferred_move_catalog.csv,Bulbasaur,0.12,30.0,,,Bulbasaur,0.12,30.0,-5,section4a_preferred_move_catalog.csv,True,True,True,False
D:\02_AI_and_Data\Kaggle-AI-Agents\PTCG_AI_Battle_Challenge\reports\notebook54\section4\section4a_preferred_move_catalog.csv,Bulbasaur,0.1,30.0,,,Bulbasaur,0.1,30.0,-5,section4a_preferred_move_catalog.csv,True,True,True,False
D:\02_AI_and_Data\Kaggle-AI-Agents\PTCG_AI_Battle_Challenge\reports\notebook54\section4\section4a_preferred_move_catalog.csv,Bulbasaur,0.52,30.0,,,Bulbasaur,0.52,30.0,-5,section4a_preferred_move_catalog.csv,True,True,True,False
D:\02_AI_and_Data\Kaggle-AI-Agents\PTCG_AI_Battle_Challenge\reports\notebook54\section4\section4a_preferred_move_catalog.csv,Bulbasaur,0.28 0.2 0. 0. 0. 0. 0. 0.73,30.0,,,Bulbasaur,0.28 0.2 0. 0. 0. 0. 0. 0.73,30.0,-5,section4a_preferred_move_catalog.csv,True,True,True,False
D:\02_AI_and_Data\Kaggle-AI-Agents\PTCG_AI_Battle_Challenge\reports\notebook54\section4\section4a_preferred_move_catalog.csv,Bulbasaur,0.73,30.0,,,Bulbasaur,0.73,30.0,-5,section4a_preferred_move_catalog.csv,True,True,True,False
D:\02_AI_and_Data\Kaggle-AI-Agents\PTCG_AI_Battle_Challenge\reports\notebook54\section4\section4a_preferred_move_catalog.csv,Bulbasaur,0.12 0.1 1. 0. 0. 0. 0. 1.52,28.0,,,Bulbasaur,0.12 0.1 1. 0. 0. 0. 0. 1.52,28.0,-5,section4a_preferred_move_catalog.csv,True,True,True,False
D:\02_AI_and_Data\Kaggle-AI-Agents\PTCG_AI_Battle_Challenge\reports\notebook54\section4\section4a_preferred_move_catalog.csv,Bulbasaur,1.52,28.0,,,Bulbasaur,1.52,28.0,-5,section4a_preferred_move_catalog.csv,True,True,True,False
D:\02_AI_and_Data\Kaggle-AI-Agents\PTCG_AI_Battle_Challenge\reports\notebook54\section4\section4a_preferred_move_catalog.csv,Bulbasaur,Bind Down,10.0,,,Bulbasaur,Bind Down,10.0,-5,section4a_preferred_move_catalog.csv,True,True,True,True
D:\02_AI_and_Data\Kaggle-AI-Agents\PTCG_AI_Battle_Challenge\reports\notebook54\section4\section4a_preferred_move_catalog.csv,Bulbasaur,21,46.0,,,Bulbasaur,21,46.0,-5,section4a_preferred_move_catalog.csv,True,True,True,False
D:\02_AI_and_Data\Kaggle-AI-Agents\PTCG_AI_Battle_Challenge\reports\notebook54\section4\section4a_preferred_move_catalog.csv,Bulbasaur,1,30.0,,,Bulbasaur,1,30.0,-5,section4a_preferred_move_catalog.csv,True,True,True,False
D:\02_AI_and_Data\Kaggle-AI-Agents\PTCG_AI_Battle_Challenge\reports\notebook54\section4\section4a_preferred_move_catalog.csv,Bulbasaur,2,30.0,,,Bulbasaur,2,30.0,-5,section4a_preferred_move_catalog.csv,True,True,True,False
D:\02_AI_and_Data\Kaggle-AI-Agents\PTCG_AI_Battle_Challenge\reports\notebook54\section4\section4a_preferred_move_catalog.csv,Bulbasaur,8,28.0,,,Bulbasaur,8,28.0,-5,section4a_preferred_move_catalog.csv,True,True,True,False
D:\02_AI_and_Data\Kaggle-AI-Agents\PTCG_AI_Battle_Challenge\reports\notebook54\section4\section4a_preferred_move_catalog.csv,Bulbasaur,32,8.0,,,Bulbasaur,32,8.0,-5,section4a_preferred_move_catalog.csv,True,True,True,False
D:\02_AI_and_Data\Kaggle-AI-Agents\PTCG_AI_Battle_Challenge\reports\notebook54\section4\section4a_preferred_move_catalog.csv,Bulbasaur,81,4.0,,,Bulbasaur,81,4.0,-5,section4a_preferred_move_catalog.csv,True,True,True,False
D:\02_AI_and_Data\Kaggle-AI-Agents\PTCG_AI_Battle_Challenge\reports\notebook54\section4\section4a_preferred_move_catalog.csv,Bulbasaur,Bite,0.0,,,Bulbasaur,Bite,0.0,-5,section4a_preferred_move_catalog.csv,True,True,True,False
D:\02_AI_and_Data\Kaggle-AI-Agents\PTCG_AI_Battle_Challenge\reports\notebook54\section4\section4a_preferred_move_catalog.csv,Bulbasaur,Flame Tail,0.0,,,Bulbasaur,Flame Tail,0.0,-5,section4a_preferred_move_catalog.csv,True,True,True,False
D:\02_AI_and_Data\Kaggle-AI-Agents\PTCG_AI_Battle_Challenge\reports\notebook54\section4\section4a_preferred_move_catalog.csv,Bulbasaur,Fury Swipes,0.0,,,Bulbasaur,Fury Swipes,0.0,-5,section4a_preferred_move_catalog.csv,True,True,True,False
D:\02_AI_and_Data\Kaggle-AI-Agents\PTCG_AI_Battle_Challenge\reports\notebook54\section4\section4a_preferred_move_catalog.csv,Bulbasaur,Pass,0.0,,,Bulbasaur,Pass,0.0,-5,section4a_preferred_move_catalog.csv,True,True,True,False
D:\02_AI_and_Data\Kaggle-AI-Agents\PTCG_AI_Battle_Challenge\reports\notebook54\section4\section4a_preferred_move_catalog.csv,Bulbasaur,Quick Attack,0.0,,,Bulbasaur,Quick Attack,0.0,-5,section4a_preferred_move_catalog.csv,True,True,True,False
D:\02_AI_and_Data\Kaggle-AI-Agents\PTCG_AI_Battle_Challenge\reports\notebook54\section4\section4a_preferred_move_catalog.csv,Bulbasaur,Scratch,0.0,,,Bulbasaur,Scratch,0.0,-5,section4a_preferred_move_catalog.csv,True,True,True,False
D:\02_AI_and_Data\Kaggle-AI-Agents\PTCG_AI_Battle_Challenge\reports\notebook54\section4\section4a_preferred_move_catalog.csv,Bulbasaur,Tackle,0.0,,,Bulbasaur,Tackle,0.0,-5,section4a_preferred_move_catalog.csv,True,True,True,False
D:\02_AI_and_Data\Kaggle-AI-Agents\PTCG_AI_Battle_Challenge\reports\notebook54\section4\section4a_preferred_move_catalog.csv,Bulbasaur,Tail Whap,0.0,,,Bulbasaur,Tail Whap,0.0,-5,section4a_preferred_move_catalog.csv,True,True,True,False
D:\02_AI_and_Data\Kaggle-AI-Agents\PTCG_AI_Battle_Challenge\reports\notebook54\section4\section4a_preferred_move_catalog.csv,Bulbasaur,Thunderbolt,0.0,,,Bulbasaur,Thunderbolt,0.0,-5,section4a_preferred_move_catalog.csv,True,True,True,False
D:\02_AI_and_Data\Kaggle-AI-Agents\PTCG_AI_Battle_Challenge\reports\notebook54\section4\section4a_preferred_move_catalog.csv,Bulbasaur,Water Pulse,0.0,,,Bulbasaur,Water Pulse,0.0,-5,section4a_preferred_move_catalog.csv,True,True,True,False
D:\02_AI_and_Data\Kaggle-AI-Agents\PTCG_AI_Battle_Challenge\reports\notebook54\section4\section4a_preferred_move_catalog.csv,Charmander,0.08 0.1 0. 0. 0. 0. 0. 0.38,50.0,,,Charmander,0.08 0.1 0. 0. 0. 0. 0. 0.38,50.0,-5,section4a_preferred_move_catalog.csv,True,True,True,False
D:\02_AI_and_Data\Kaggle-AI-Agents\PTCG_AI_Battle_Challenge\reports\notebook54\section4\section4a_preferred_move_catalog.csv,Charmander,0.08,50.0,,,Charmander,0.08,50.0,-5,section4a_preferred_move_catalog.csv,True,True,True,False
D:\02_AI_and_Data\Kaggle-AI-Agents\PTCG_AI_Battle_Challenge\reports\notebook54\section4\section4a_preferred_move_catalog.csv,Charmander,0.1,50.0,,,Charmander,0.1,50.0,-5,section4a_preferred_move_catalog.csv,True,True,True,False
D:\02_AI_and_Data\Kaggle-AI-Agents\PTCG_AI_Battle_Challenge\reports\notebook54\section4\section4a_preferred_move_catalog.csv,Charmander,0.0,50.0,,,Charmander,0.0,50.0,-5,section4a_preferred_move_catalog.csv,True,True,True,False
D:\02_AI_and_Data\Kaggle-AI-Agents\PTCG_AI_Battle_Challenge\reports\notebook54\section4\section4a_preferred_move_catalog.csv,Charmander,0.38,50.0,,,Charmander,0.38,50.0,-5,section4a_preferred_move_catalog.csv,True,True,True,False
D:\02_AI_and_Data\Kaggle-AI-Agents\PTCG_AI_Battle_Challenge\reports\notebook54\section4\section4a_preferred_move_catalog.csv,Charmander,0.2 0.2 0. 0. 0. 0. 0. 0.55,50.0,,,Charmander,0.2 0.2 0. 0. 0. 0. 0. 0.55,50.0,-5,section4a_preferred_move_catalog.csv,True,True,True,False
D:\02_AI_and_Data\Kaggle-AI-Agents\PTCG_AI_Battle_Challenge\reports\notebook54\section4\section4a_preferred_move_catalog.csv,Charmander,0.2,50.0,,,Charmander,0.2,50.0,-5,section4a_preferred_move_catalog.csv,True,True,True,False
D:\02_AI_and_Data\Kaggle-AI-Agents\PTCG_AI_Battle_Challenge\reports\notebook54\section4\section4a_preferred_move_catalog.csv,Charmander,0.55,50.0,,,Charmander,0.55,50.0,-5,section4a_preferred_move_catalog.csv,True,True,True,False
D:\02_AI_and_Data\Kaggle-AI-Agents\PTCG_AI_Battle_Challenge\reports\notebook54\section4\section4a_preferred_move_catalog.csv,Charmander,0.2 0.2 1. 0. 0. 0. 0. 1.55,20.0,,,Charmander,0.2 0.2 1. 0. 0. 0. 0. 1.55,20.0,-5,section4a_preferred_move_catalog.csv,True,True,True,False
D:\02_AI_and_Data\Kaggle-AI-Agents\PTCG_AI_Battle_Challenge\reports\notebook54\section4\section4a_preferred_move_catalog.csv,Charmander,1.0,20.0,,,Charmander,1.0,20.0,-5,section4a_preferred_move_catalog.csv,True,True,True,False
D:\02_AI_and_Data\Kaggle-AI-Agents\PTCG_AI_Battle_Challenge\reports\notebook54\section4\section4a_preferred_move_catalog.csv,Charmander,1.55,20.0,,,Charmander,1.55,20.0,-5,section4a_preferred_move_catalog.csv,True,True,True,False
D:\02_AI_and_Data\Kaggle-AI-Agents\PTCG_AI_Battle_Challenge\reports\notebook54\section4\section4a_preferred_move_catalog.csv,Charmander,0.08 0.1 1. 0. 0. 0. 0. 1.38,16.0,,,Charmander,0.08 0.1 1. 0. 0. 0. 0. 1.38,16.0,-5,section4a_preferred_move_catalog.csv,True,True,True,False
D:\02_AI_and_Data\Kaggle-AI-Agents\PTCG_AI_Battle_Challenge\reports\notebook54\section4\section4a_preferred_move_catalog.csv,Charmander,1.38,16.0,,,Charmander,1.38,16.0,-5,section4a_preferred_move_catalog.csv,True,True,True,False
D:\02_AI_and_Data\Kaggle-AI-Agents\PTCG_AI_Battle_Challenge\reports\notebook54\section4\section4a_preferred_move_catalog.csv,Charmander,Live Coal,20.0,,,Charmander,Live Coal,20.0,-5,section4a_preferred_move_catalog.csv,True,True,True,True
D:\02_AI_and_Data\Kaggle-AI-Agents\PTCG_AI_Battle_Challenge\reports\notebook54\section4\section4a_preferred_move_catalog.csv,Charmander,20,50.0,,,Charmander,20,50.0,-5,section4a_preferred_move_catalog.csv,True,True,True,False
D:\02_AI_and_Data\Kaggle-AI-Agents\PTCG_AI_Battle_Challenge\reports\notebook54\section4\section4a_preferred_move_catalog.csv,Charmander,1,20.0,,,Charmander,1,20.0,-5,section4a_preferred_move_catalog.csv,True,True,True,False
D:\02_AI_and_Data\Kaggle-AI-Agents\PTCG_AI_Battle_Challenge\reports\notebook54\section4\section4a_preferred_move_catalog.csv,Charmander,2,20.0,,,Charmander,2,20.0,-5,section4a_preferred_move_catalog.csv,True,True,True,False
D:\02_AI_and_Data\Kaggle-AI-Agents\PTCG_AI_Battle_Challenge\reports\notebook54\section4\section4a_preferred_move_catalog.csv,Charmander,8,16.0,,,Charmander,8,16.0,-5,section4a_preferred_move_catalog.csv,True,True,True,False
D:\02_AI_and_Data\Kaggle-AI-Agents\PTCG_AI_Battle_Challenge\reports\notebook54\section4\section4a_preferred_move_catalog.csv,Charmander,32,8.0,,,Charmander,32,8.0,-5,section4a_preferred_move_catalog.csv,True,True,True,False
D:\02_AI_and_Data\Kaggle-AI-Agents\PTCG_AI_Battle_Challenge\reports\notebook54\section4\section4a_preferred_move_catalog.csv,Charmander,81,4.0,,,Charmander,81,4.0,-5,section4a_preferred_move_catalog.csv,True,True,True,False
D:\02_AI_and_Data\Kaggle-AI-Agents\PTCG_AI_Battle_Challenge\reports\notebook54\section4\section4a_preferred_move_catalog.csv,Charmander,Bite,0.0,,,Charmander,Bite,0.0,-5,section4a_preferred_move_catalog.csv,True,True,True,False
D:\02_AI_and_Data\Kaggle-AI-Agents\PTCG_AI_Battle_Challenge\reports\notebook54\section4\section4a_preferred_move_catalog.csv,Charmander,Fury Swipes,0.0,,,Charmander,Fury Swipes,0.0,-5,section4a_preferred_move_catalog.csv,True,True,True,False
D:\02_AI_and_Data\Kaggle-AI-Agents\PTCG_AI_Battle_Challenge\reports\notebook54\section4\section4a_preferred_move_catalog.csv,Charmander,Pass,0.0,,,Charmander,Pass,0.0,-5,section4a_preferred_move_catalog.csv,True,True,True,False
D:\02_AI_and_Data\Kaggle-AI-Agents\PTCG_AI_Battle_Challenge\reports\notebook54\section4\section4a_preferred_move_catalog.csv,Charmander,Razor Leaf,0.0,,,Charmander,Razor Leaf,0.0,-5,section4a_preferred_move_catalog.csv,True,True,True,False
D:\02_AI_and_Data\Kaggle-AI-Agents\PTCG_AI_Battle_Challenge\reports\notebook54\section4\section4a_preferred_move_catalog.csv,Charmander,Tackle,0.0,,,Charmander,Tackle,0.0,-5,section4a_preferred_move_catalog.csv,True,True,True,False
D:\02_AI_and_Data\Kaggle-AI-Agents\PTCG_AI_Battle_Challenge\reports\notebook54\section4\section4a_preferred_move_catalog.csv,Charmander,Tail Whap,0.0,,,Charmander,Tail Whap,0.0,-5,section4a_preferred_move_catalog.csv,True,True,True,False
D:\02_AI_and_Data\Kaggle-AI-Agents\PTCG_AI_Battle_Challenge\reports\notebook54\section4\section4a_preferred_move_catalog.csv,Charmander,Thunderbolt,0.0,,,Charmander,Thunderbolt,0.0,-5,section4a_preferred_move_catalog.csv,True,True,True,False
D:\02_AI_and_Data\Kaggle-AI-Agents\PTCG_AI_Battle_Challenge\reports\notebook54\section4\section4a_preferred_move_catalog.csv,Charmander,Vine Whip,0.0,,,Charmander,Vine Whip,0.0,-5,section4a_preferred_move_catalog.csv,True,True,True,False
D:\02_AI_and_Data\Kaggle-AI-Agents\PTCG_AI_Battle_Challenge\reports\notebook54\section4\section4a_preferred_move_catalog.csv,Charmander,Water Pulse,0.0,,,Charmander,Water Pulse,0.0,-5,section4a_preferred_move_catalog.csv,True,True,True,False
D:\02_AI_and_Data\Kaggle-AI-Agents\PTCG_AI_Battle_Challenge\reports\notebook54\section4\section4a_preferred_move_catalog.csv,Eevee,0.2 0.2 1. 0. 0. 0. 0. 1.55,31.0,,,Eevee,0.2 0.2 1. 0. 0. 0. 0. 1.55,31.0,-5,section4a_preferred_move_catalog.csv,True,True,True,False
D:\02_AI_and_Data\Kaggle-AI-Agents\PTCG_AI_Battle_Challenge\reports\notebook54\section4\section4a_preferred_move_catalog.csv,Eevee,0.2,31.0,,,Eevee,0.2,31.0,-5,section4a_preferred_move_catalog.csv,True,True,True,False
D:\02_AI_and_Data\Kaggle-AI-Agents\PTCG_AI_Battle_Challenge\reports\notebook54\section4\section4a_preferred_move_catalog.csv,Eevee,1.0,31.0,,,Eevee,1.0,31.0,-5,section4a_preferred_move_catalog.csv,True,True,True,False
D:\02_AI_and_Data\Kaggle-AI-Agents\PTCG_AI_Battle_Challenge\reports\notebook54\section4\section4a_preferred_move_catalog.csv,Eevee,0.0,31.0,,,Eevee,0.0,31.0,-5,section4a_preferred_move_catalog.csv,True,True,True,False
D:\02_AI_and_Data\Kaggle-AI-Agents\PTCG_AI_Battle_Challenge\reports\notebook54\section4\section4a_preferred_move_catalog.csv,Eevee,1.55,31.0,,,Eevee,1.55,31.0,-5,section4a_preferred_move_catalog.csv,True,True,True,False
D:\02_AI_and_Data\Kaggle-AI-Agents\PTCG_AI_Battle_Challenge\reports\notebook54\section4\section4a_preferred_move_catalog.csv,Eevee,0.08 0.1 0. 0. 0. 0. 0. 0.38,20.0,,,Eevee,0.08 0.1 0. 0. 0. 0. 0. 0.38,20.0,-5,section4a_preferred_move_catalog.csv,True,True,True,False
D:\02_AI_and_Data\Kaggle-AI-Agents\PTCG_AI_Battle_Challenge\reports\notebook54\section4\section4a_preferred_move_catalog.csv,Eevee,0.08,20.0,,,Eevee,0.08,20.0,-5,section4a_preferred_move_catalog.csv,True,True,True,False
D:\02_AI_and_Data\Kaggle-AI-Agents\PTCG_AI_Battle_Challenge\reports\notebook54\section4\section4a_preferred_move_catalog.csv,Eevee,0.1,20.0,,,Eevee,0.1,20.0,-5,section4a_preferred_move_catalog.csv,True,True,True,False
D:\02_AI_and_Data\Kaggle-AI-Agents\PTCG_AI_Battle_Challenge\reports\notebook54\section4\section4a_preferred_move_catalog.csv,Eevee,0.38,20.0,,,Eevee,0.38,20.0,-5,section4a_preferred_move_catalog.csv,True,True,True,False
D:\02_AI_and_Data\Kaggle-AI-Agents\PTCG_AI_Battle_Challenge\reports\notebook54\section4\section4a_preferred_move_catalog.csv,Eevee,0.2 0.2 0. 0. 0. 0. 0. 0.55,20.0,,,Eevee,0.2 0.2 0. 0. 0. 0. 0. 0.55,20.0,-5,section4a_preferred_move_catalog.csv,True,True,True,False
D:\02_AI_and_Data\Kaggle-AI-Agents\PTCG_AI_Battle_Challenge\reports\notebook54\section4\section4a_preferred_move_catalog.csv,Eevee,0.55,20.0,,,Eevee,0.55,20.0,-5,section4a_preferred_move_catalog.csv,True,True,True,False
D:\02_AI_and_Data\Kaggle-AI-Agents\PTCG_AI_Battle_Challenge\reports\notebook54\section4\section4a_preferred_move_catalog.csv,Eevee,0.08 0.1 1. 0. 0. 0. 0. 1.38,18.0,,,Eevee,0.08 0.1 1. 0. 0. 0. 0. 1.38,18.0,-5,section4a_preferred_move_catalog.csv,True,True,True,False
D:\02_AI_and_Data\Kaggle-AI-Agents\PTCG_AI_Battle_Challenge\reports\notebook54\section4\section4a_preferred_move_catalog.csv,Eevee,1.38,18.0,,,Eevee,1.38,18.0,-5,section4a_preferred_move_catalog.csv,True,True,True,False
D:\02_AI_and_Data\Kaggle-AI-Agents\PTCG_AI_Battle_Challenge\reports\notebook54\section4\section4a_preferred_move_catalog.csv,Eevee,Quick Attack,20.0,,,Eevee,Quick Attack,20.0,-5,section4a_preferred_move_catalog.csv,True,True,True,True
D:\02_AI_and_Data\Kaggle-AI-Agents\PTCG_AI_Battle_Challenge\reports\notebook54\section4\section4a_preferred_move_catalog.csv,Eevee,Ascension,0.0,,,Eevee,Ascension,0.0,-5,section4a_preferred_move_catalog.csv,True,True,True,True
D:\02_AI_and_Data\Kaggle-AI-Agents\PTCG_AI_Battle_Challenge\reports\notebook54\section4\section4a_preferred_move_catalog.csv,Eevee,19,31.0,,,Eevee,19,31.0,-5,section4a_preferred_move_catalog.csv,True,True,True,False
D:\02_AI_and_Data\Kaggle-AI-Agents\PTCG_AI_Battle_Challenge\reports\notebook54\section4\section4a_preferred_move_catalog.csv,Eevee,2,20.0,,,Eevee,2,20.0,-5,section4a_preferred_move_catalog.csv,True,True,True,False
D:\02_AI_and_Data\Kaggle-AI-Agents\PTCG_AI_Battle_Challenge\reports\notebook54\section4\section4a_preferred_move_catalog.csv,Eevee,8,18.0,,,Eevee,8,18.0,-5,section4a_preferred_move_catalog.csv,True,True,True,False
D:\02_AI_and_Data\Kaggle-AI-Agents\PTCG_AI_Battle_Challenge\reports\notebook54\section4\section4a_preferred_move_catalog.csv,Eevee,32,8.0,,,Eevee,32,8.0,-5,section4a_preferred_move_catalog.csv,True,True,True,False
D:\02_AI_and_Data\Kaggle-AI-Agents\PTCG_AI_Battle_Challenge\reports\notebook54\section4\section4a_preferred_move_catalog.csv,Eevee,81,4.0,,,Eevee,81,4.0,-5,section4a_preferred_move_catalog.csv,True,True,True,False
D:\02_AI_and_Data\Kaggle-AI-Agents\PTCG_AI_Battle_Challenge\reports\notebook54\section4\section4a_preferred_move_catalog.csv,Eevee,Flame Tail,0.0,,,Eevee,Flame Tail,0.0,-5,section4a_preferred_move_catalog.csv,True,True,True,False
D:\02_AI_and_Data\Kaggle-AI-Agents\PTCG_AI_Battle_Challenge\reports\notebook54\section4\section4a_preferred_move_catalog.csv,Eevee,Fury Swipes,0.0,,,Eevee,Fury Swipes,0.0,-5,section4a_preferred_move_catalog.csv,True,True,True,False
D:\02_AI_and_Data\Kaggle-AI-Agents\PTCG_AI_Battle_Challenge\reports\notebook54\section4\section4a_preferred_move_catalog.csv,Eevee,Razor Leaf,0.0,,,Eevee,Razor Leaf,0.0,-5,section4a_preferred_move_catalog.csv,True,True,True,False
D:\02_AI_and_Data\Kaggle-AI-Agents\PTCG_AI_Battle_Challenge\reports\notebook54\section4\section4a_preferred_move_catalog.csv,Eevee,Scratch,0.0,,,Eevee,Scratch,0.0,-5,section4a_preferred_move_catalog.csv,True,True,True,False
D:\02_AI_and_Data\Kaggle-AI-Agents\PTCG_AI_Battle_Challenge\reports\notebook54\section4\section4a_preferred_move_catalog.csv,Eevee,Tackle,0.0,,,Eevee,Tackle,0.0,-5,section4a_preferred_move_catalog.csv,True,True,True,False
D:\02_AI_and_Data\Kaggle-AI-Agents\PTCG_AI_Battle_Challenge\reports\notebook54\section4\section4a_preferred_move_catalog.csv,Eevee,Thunderbolt,0.0,,,Eevee,Thunderbolt,0.0,-5,section4a_preferred_move_catalog.csv,True,True,True,False
D:\02_AI_and_Data\Kaggle-AI-Agents\PTCG_AI_Battle_Challenge\reports\notebook54\section4\section4a_preferred_move_catalog.csv,Eevee,Vine Whip,0.0,,,Eevee,Vine Whip,0.0,-5,section4a_preferred_move_catalog.csv,True,True,True,False
D:\02_AI_and_Data\Kaggle-AI-Agents\PTCG_AI_Battle_Challenge\reports\notebook54\section4\section4a_preferred_move_catalog.csv,Eevee,Water Pulse,0.0,,,Eevee,Water Pulse,0.0,-5,section4a_preferred_move_catalog.csv,True,True,True,False
D:\02_AI_and_Data\Kaggle-AI-Agents\PTCG_AI_Battle_Challenge\reports\notebook54\section4\section4a_preferred_move_catalog.csv,Meowth,0.24 0.2 0. 0. 0. 0. 0. 0.64,60.0,,,Meowth,0.24 0.2 0. 0. 0. 0. 0. 0.64,60.0,-5,section4a_preferred_move_catalog.csv,True,True,True,False
D:\02_AI_and_Data\Kaggle-AI-Agents\PTCG_AI_Battle_Challenge\reports\notebook54\section4\section4a_preferred_move_catalog.csv,Meowth,0.24,60.0,,,Meowth,0.24,60.0,-5,section4a_preferred_move_catalog.csv,True,True,True,False
D:\02_AI_and_Data\Kaggle-AI-Agents\PTCG_AI_Battle_Challenge\reports\notebook54\section4\section4a_preferred_move_catalog.csv,Meowth,0.2,60.0,,,Meowth,0.2,60.0,-5,section4a_preferred_move_catalog.csv,True,True,True,False
D:\02_AI_and_Data\Kaggle-AI-Agents\PTCG_AI_Battle_Challenge\reports\notebook54\section4\section4a_preferred_move_catalog.csv,Meowth,0.0,60.0,,,Meowth,0.0,60.0,-5,section4a_preferred_move_catalog.csv,True,True,True,False
D:\02_AI_and_Data\Kaggle-AI-Agents\PTCG_AI_Battle_Challenge\reports\notebook54\section4\section4a_preferred_move_catalog.csv,Meowth,0.639999999999999,60.0,,,Meowth,0.639999999999999,60.0,-5,section4a_preferred_move_catalog.csv,True,True,True,False
D:\02_AI_and_Data\Kaggle-AI-Agents\PTCG_AI_Battle_Challenge\reports\notebook54\section4\section4a_preferred_move_catalog.csv,Meowth,0.24 0.2 1. 0. 0. 0. 0. 1.64,33.0,,,Meowth,0.24 0.2 1. 0. 0. 0. 0. 1.64,33.0,-5,section4a_preferred_move_catalog.csv,True,True,True,False
D:\02_AI_and_Data\Kaggle-AI-Agents\PTCG_AI_Battle_Challenge\reports\notebook54\section4\section4a_preferred_move_catalog.csv,Meowth,1.0,33.0,,,Meowth,1.0,33.0,-5,section4a_preferred_move_catalog.csv,True,True,True,False
D:\02_AI_and_Data\Kaggle-AI-Agents\PTCG_AI_Battle_Challenge\reports\notebook54\section4\section4a_preferred_move_catalog.csv,Meowth,1.6400000000000001,33.0,,,Meowth,1.6400000000000001,33.0,-5,section4a_preferred_move_catalog.csv,True,True,True,False
D:\02_AI_and_Data\Kaggle-AI-Agents\PTCG_AI_Battle_Challenge\reports\notebook54\section4\section4a_preferred_move_catalog.csv,Meowth,0.08 0.1 0. 0. 0. 0. 0. 0.38,20.0,,,Meowth,0.08 0.1 0. 0. 0. 0. 0. 0.38,20.0,-5,section4a_preferred_move_catalog.csv,True,True,True,False
D:\02_AI_and_Data\Kaggle-AI-Agents\PTCG_AI_Battle_Challenge\reports\notebook54\section4\section4a_preferred_move_catalog.csv,Meowth,0.08,20.0,,,Meowth,0.08,20.0,-5,section4a_preferred_move_catalog.csv,True,True,True,False
D:\02_AI_and_Data\Kaggle-AI-Agents\PTCG_AI_Battle_Challenge\reports\notebook54\section4\section4a_preferred_move_catalog.csv,Meowth,0.1,20.0,,,Meowth,0.1,20.0,-5,section4a_preferred_move_catalog.csv,True,True,True,False
D:\02_AI_and_Data\Kaggle-AI-Agents\PTCG_AI_Battle_Challenge\reports\notebook54\section4\section4a_preferred_move_catalog.csv,Meowth,0.38,20.0,,,Meowth,0.38,20.0,-5,section4a_preferred_move_catalog.csv,True,True,True,False
D:\02_AI_and_Data\Kaggle-AI-Agents\PTCG_AI_Battle_Challenge\reports\notebook54\section4\section4a_preferred_move_catalog.csv,Meowth,0.08 0.1 1. 0. 0. 0. 0. 1.38,8.0,,,Meowth,0.08 0.1 1. 0. 0. 0. 0. 1.38,8.0,-5,section4a_preferred_move_catalog.csv,True,True,True,False
D:\02_AI_and_Data\Kaggle-AI-Agents\PTCG_AI_Battle_Challenge\reports\notebook54\section4\section4a_preferred_move_catalog.csv,Meowth,1.38,8.0,,,Meowth,1.38,8.0,-5,section4a_preferred_move_catalog.csv,True,True,True,False
D:\02_AI_and_Data\Kaggle-AI-Agents\PTCG_AI_Battle_Challenge\reports\notebook54\section4\section4a_preferred_move_catalog.csv,Meowth,Tuck Tail,0.0,,,Meowth,Tuck Tail,0.0,-5,section4a_preferred_move_catalog.csv,True,True,True,True
D:\02_AI_and_Data\Kaggle-AI-Agents\PTCG_AI_Battle_Challenge\reports\notebook54\section4\section4a_preferred_move_catalog.csv,Meowth,21,60.0,,,Meowth,21,60.0,-5,section4a_preferred_move_catalog.csv,True,True,True,False
D:\02_AI_and_Data\Kaggle-AI-Agents\PTCG_AI_Battle_Challenge\reports\notebook54\section4\section4a_preferred_move_catalog.csv,Meowth,1,20.0,,,Meowth,1,20.0,-5,section4a_preferred_move_catalog.csv,True,True,True,False
D:\02_AI_and_Data\Kaggle-AI-Agents\PTCG_AI_Battle_Challenge\reports\notebook54\section4\section4a_preferred_move_catalog.csv,Meowth,2,20.0,,,Meowth,2,20.0,-5,section4a_preferred_move_catalog.csv,True,True,True,False
D:\02_AI_and_Data\Kaggle-AI-Agents\PTCG_AI_Battle_Challenge\reports\notebook54\section4\section4a_preferred_move_catalog.csv,Meowth,32,8.0,,,Meowth,32,8.0,-5,section4a_preferred_move_catalog.csv,True,True,True,False
D:\02_AI_and_Data\Kaggle-AI-Agents\PTCG_AI_Battle_Challenge\reports\notebook54\section4\section4a_preferred_move_catalog.csv,Meowth,8,8.0,,,Meowth,8,8.0,-5,section4a_preferred_move_catalog.csv,True,True,True,False
D:\02_AI_and_Data\Kaggle-AI-Agents\PTCG_AI_Battle_Challenge\reports\notebook54\section4\section4a_preferred_move_catalog.csv,Meowth,81,4.0,,,Meowth,81,4.0,-5,section4a_preferred_move_catalog.csv,True,True,True,False
D:\02_AI_and_Data\Kaggle-AI-Agents\PTCG_AI_Battle_Challenge\reports\notebook54\section4\section4a_preferred_move_catalog.csv,Meowth,Bite,0.0,,,Meowth,Bite,0.0,-5,section4a_preferred_move_catalog.csv,True,True,True,False
D:\02_AI_and_Data\Kaggle-AI-Agents\PTCG_AI_Battle_Challenge\reports\notebook54\section4\section4a_preferred_move_catalog.csv,Meowth,Flame Tail,0.0,,,Meowth,Flame Tail,0.0,-5,section4a_preferred_move_catalog.csv,True,True,True,False
D:\02_AI_and_Data\Kaggle-AI-Agents\PTCG_AI_Battle_Challenge\reports\notebook54\section4\section4a_preferred_move_catalog.csv,Meowth,Quick Attack,0.0,,,Meowth,Quick Attack,0.0,-5,section4a_preferred_move_catalog.csv,True,True,True,False
D:\02_AI_and_Data\Kaggle-AI-Agents\PTCG_AI_Battle_Challenge\reports\notebook54\section4\section4a_preferred_move_catalog.csv,Meowth,Razor Leaf,0.0,,,Meowth,Razor Leaf,0.0,-5,section4a_preferred_move_catalog.csv,True,True,True,False
D:\02_AI_and_Data\Kaggle-AI-Agents\PTCG_AI_Battle_Challenge\reports\notebook54\section4\section4a_preferred_move_catalog.csv,Meowth,Scratch,0.0,,,Meowth,Scratch,0.0,-5,section4a_preferred_move_catalog.csv,True,True,True,False
D:\02_AI_and_Data\Kaggle-AI-Agents\PTCG_AI_Battle_Challenge\reports\notebook54\section4\section4a_preferred_move_catalog.csv,Meowth,Tackle,0.0,,,Meowth,Tackle,0.0,-5,section4a_preferred_move_catalog.csv,True,True,True,False
D:\02_AI_and_Data\Kaggle-AI-Agents\PTCG_AI_Battle_Challenge\reports\notebook54\section4\section4a_preferred_move_catalog.csv,Meowth,Tail Whap,0.0,,,Meowth,Tail Whap,0.0,-5,section4a_preferred_move_catalog.csv,True,True,True,False
D:\02_AI_and_Data\Kaggle-AI-Agents\PTCG_AI_Battle_Challenge\reports\notebook54\section4\section4a_preferred_move_catalog.csv,Meowth,Thunderbolt,0.0,,,Meowth,Thunderbolt,0.0,-5,section4a_preferred_move_catalog.csv,True,True,True,False
D:\02_AI_and_Data\Kaggle-AI-Agents\PTCG_AI_Battle_Challenge\reports\notebook54\section4\section4a_preferred_move_catalog.csv,Meowth,Vine Whip,0.0,,,Meowth,Vine Whip,0.0,-5,section4a_preferred_move_catalog.csv,True,True,True,False
D:\02_AI_and_Data\Kaggle-AI-Agents\PTCG_AI_Battle_Challenge\reports\notebook54\section4\section4a_preferred_move_catalog.csv,Meowth,Water Pulse,0.0,,,Meowth,Water Pulse,0.0,-5,section4a_preferred_move_catalog.csv,True,True,True,False
D:\02_AI_and_Data\Kaggle-AI-Agents\PTCG_AI_Battle_Challenge\reports\notebook54\section4\section4a_move_records_manual_review.csv,Bulbasaur,0.28 0.2 1. 0. 0. 0. 0. 1.73,46.0,,,Bulbasaur,0.28 0.2 1. 0. 0. 0. 0. 1.73,46.0,-5,section4a_move_records_manual_review.csv,True,True,True,False
D:\02_AI_and_Data\Kaggle-AI-Agents\PTCG_AI_Battle_Challenge\reports\notebook54\section4\section4a_move_records_manual_review.csv,Bulbasaur,1.0,46.0,,,Bulbasaur,1.0,46.0,-5,section4a_move_records_manual_review.csv,True,True,True,False
D:\02_AI_and_Data\Kaggle-AI-Agents\PTCG_AI_Battle_Challenge\reports\notebook54\section4\section4a_move_records_manual_review.csv,Bulbasaur,1.73,46.0,,,Bulbasaur,1.73,46.0,-5,section4a_move_records_manual_review.csv,True,True,True,False
D:\02_AI_and_Data\Kaggle-AI-Agents\PTCG_AI_Battle_Challenge\reports\notebook54\section4\section4a_move_records_manual_review.csv,Bulbasaur,21,46.0,,,Bulbasaur,21,46.0,-5,section4a_move_records_manual_review.csv,True,True,True,False
D:\02_AI_and_Data\Kaggle-AI-Agents\PTCG_AI_Battle_Challenge\reports\notebook54\section4\section4a_move_records_manual_review.csv,Bulbasaur,0.0,30.0,,,Bulbasaur,0.0,30.0,-5,section4a_move_records_manual_review.csv,True,True,True,False
D:\02_AI_and_Data\Kaggle-AI-Agents\PTCG_AI_Battle_Challenge\reports\notebook54\section4\section4a_move_records_manual_review.csv,Bulbasaur,0.1,30.0,,,Bulbasaur,0.1,30.0,-5,section4a_move_records_manual_review.csv,True,True,True,False
D:\02_AI_and_Data\Kaggle-AI-Agents\PTCG_AI_Battle_Challenge\reports\notebook54\section4\section4a_move_records_manual_review.csv,Bulbasaur,0.12,30.0,,,Bulbasaur,0.12,30.0,-5,section4a_move_records_manual_review.csv,True,True,True,False
D:\02_AI_and_Data\Kaggle-AI-Agents\PTCG_AI_Battle_Challenge\reports\notebook54\section4\section4a_move_records_manual_review.csv,Bulbasaur,0.12 0.1 0. 0. 0. 0. 0. 0.52,30.0,,,Bulbasaur,0.12 0.1 0. 0. 0. 0. 0. 0.52,30.0,-5,section4a_move_records_manual_review.csv,True,True,True,False
D:\02_AI_and_Data\Kaggle-AI-Agents\PTCG_AI_Battle_Challenge\reports\notebook54\section4\section4a_move_records_manual_review.csv,Bulbasaur,0.2,30.0,,,Bulbasaur,0.2,30.0,-5,section4a_move_records_manual_review.csv,True,True,True,False
D:\02_AI_and_Data\Kaggle-AI-Agents\PTCG_AI_Battle_Challenge\reports\notebook54\section4\section4a_move_records_manual_review.csv,Bulbasaur,0.28,30.0,,,Bulbasaur,0.28,30.0,-5,section4a_move_records_manual_review.csv,True,True,True,False
D:\02_AI_and_Data\Kaggle-AI-Agents\PTCG_AI_Battle_Challenge\reports\notebook54\section4\section4a_move_records_manual_review.csv,Bulbasaur,0.28 0.2 0. 0. 0. 0. 0. 0.73,30.0,,,Bulbasaur,0.28 0.2 0. 0. 0. 0. 0. 0.73,30.0,-5,section4a_move_records_manual_review.csv,True,True,True,False
D:\02_AI_and_Data\Kaggle-AI-Agents\PTCG_AI_Battle_Challenge\reports\notebook54\section4\section4a_move_records_manual_review.csv,Bulbasaur,0.52,30.0,,,Bulbasaur,0.52,30.0,-5,section4a_move_records_manual_review.csv,True,True,True,False
D:\02_AI_and_Data\Kaggle-AI-Agents\PTCG_AI_Battle_Challenge\reports\notebook54\section4\section4a_move_records_manual_review.csv,Bulbasaur,0.73,30.0,,,Bulbasaur,0.73,30.0,-5,section4a_move_records_manual_review.csv,True,True,True,False
D:\02_AI_and_Data\Kaggle-AI-Agents\PTCG_AI_Battle_Challenge\reports\notebook54\section4\section4a_move_records_manual_review.csv,Bulbasaur,1,30.0,,,Bulbasaur,1,30.0,-5,section4a_move_records_manual_review.csv,True,True,True,False
D:\02_AI_and_Data\Kaggle-AI-Agents\PTCG_AI_Battle_Challenge\reports\notebook54\section4\section4a_move_records_manual_review.csv,Bulbasaur,2,30.0,,,Bulbasaur,2,30.0,-5,section4a_move_records_manual_review.csv,True,True,True,False
D:\02_AI_and_Data\Kaggle-AI-Agents\PTCG_AI_Battle_Challenge\reports\notebook54\section4\section4a_move_records_manual_review.csv,Bulbasaur,0.12 0.1 1. 0. 0. 0. 0. 1.52,28.0,,,Bulbasaur,0.12 0.1 1. 0. 0. 0. 0. 1.52,28.0,-5,section4a_move_records_manual_review.csv,True,True,True,False
D:\02_AI_and_Data\Kaggle-AI-Agents\PTCG_AI_Battle_Challenge\reports\notebook54\section4\section4a_move_records_manual_review.csv,Bulbasaur,1.52,28.0,,,Bulbasaur,1.52,28.0,-5,section4a_move_records_manual_review.csv,True,True,True,False
D:\02_AI_and_Data\Kaggle-AI-Agents\PTCG_AI_Battle_Challenge\reports\notebook54\section4\section4a_move_records_manual_review.csv,Bulbasaur,8,28.0,,,Bulbasaur,8,28.0,-5,section4a_move_records_manual_review.csv,True,True,True,False
D:\02_AI_and_Data\Kaggle-AI-Agents\PTCG_AI_Battle_Challenge\reports\notebook54\section4\section4a_move_records_manual_review.csv,Bulbasaur,32,8.0,,,Bulbasaur,32,8.0,-5,section4a_move_records_manual_review.csv,True,True,True,False
D:\02_AI_and_Data\Kaggle-AI-Agents\PTCG_AI_Battle_Challenge\reports\notebook54\section4\section4a_move_records_manual_review.csv,Bulbasaur,81,4.0,,,Bulbasaur,81,4.0,-5,section4a_move_records_manual_review.csv,True,True,True,False
D:\02_AI_and_Data\Kaggle-AI-Agents\PTCG_AI_Battle_Challenge\reports\notebook54\section4\section4a_move_records_manual_review.csv,Bulbasaur,Bite,0.0,,,Bulbasaur,Bite,0.0,-5,section4a_move_records_manual_review.csv,True,True,True,False
D:\02_AI_and_Data\Kaggle-AI-Agents\PTCG_AI_Battle_Challenge\reports\notebook54\section4\section4a_move_records_manual_review.csv,Bulbasaur,Flame Tail,0.0,,,Bulbasaur,Flame Tail,0.0,-5,section4a_move_records_manual_review.csv,True,True,True,False
D:\02_AI_and_Data\Kaggle-AI-Agents\PTCG_AI_Battle_Challenge\reports\notebook54\section4\section4a_move_records_manual_review.csv,Bulbasaur,Fury Swipes,0.0,,,Bulbasaur,Fury Swipes,0.0,-5,section4a_move_records_manual_review.csv,True,True,True,False
D:\02_AI_and_Data\Kaggle-AI-Agents\PTCG_AI_Battle_Challenge\reports\notebook54\section4\section4a_move_records_manual_review.csv,Bulbasaur,Pass,0.0,,,Bulbasaur,Pass,0.0,-5,section4a_move_records_manual_review.csv,True,True,True,False
D:\02_AI_and_Data\Kaggle-AI-Agents\PTCG_AI_Battle_Challenge\reports\notebook54\section4\section4a_move_records_manual_review.csv,Bulbasaur,Quick Attack,0.0,,,Bulbasaur,Quick Attack,0.0,-5,section4a_move_records_manual_review.csv,True,True,True,False
D:\02_AI_and_Data\Kaggle-AI-Agents\PTCG_AI_Battle_Challenge\reports\notebook54\section4\section4a_move_records_manual_review.csv,Bulbasaur,Scratch,0.0,,,Bulbasaur,Scratch,0.0,-5,section4a_move_records_manual_review.csv,True,True,True,False
D:\02_AI_and_Data\Kaggle-AI-Agents\PTCG_AI_Battle_Challenge\reports\notebook54\section4\section4a_move_records_manual_review.csv,Bulbasaur,Tackle,0.0,,,Bulbasaur,Tackle,0.0,-5,section4a_move_records_manual_review.csv,True,True,True,False
D:\02_AI_and_Data\Kaggle-AI-Agents\PTCG_AI_Battle_Challenge\reports\notebook54\section4\section4a_move_records_manual_review.csv,Bulbasaur,Tail Whap,0.0,,,Bulbasaur,Tail Whap,0.0,-5,section4a_move_records_manual_review.csv,True,True,True,False
D:\02_AI_and_Data\Kaggle-AI-Agents\PTCG_AI_Battle_Challenge\reports\notebook54\section4\section4a_move_records_manual_review.csv,Bulbasaur,Thunderbolt,0.0,,,Bulbasaur,Thunderbolt,0.0,-5,section4a_move_records_manual_review.csv,True,True,True,False
D:\02_AI_and_Data\Kaggle-AI-Agents\PTCG_AI_Battle_Challenge\reports\notebook54\section4\section4a_move_records_manual_review.csv,Bulbasaur,Water Pulse,0.0,,,Bulbasaur,Water Pulse,0.0,-5,section4a_move_records_manual_review.csv,True,True,True,False
D:\02_AI_and_Data\Kaggle-AI-Agents\PTCG_AI_Battle_Challenge\reports\notebook54\section4\section4a_move_records_manual_review.csv,Charmander,0.0,50.0,,,Charmander,0.0,50.0,-5,section4a_move_records_manual_review.csv,True,True,True,False
D:\02_AI_and_Data\Kaggle-AI-Agents\PTCG_AI_Battle_Challenge\reports\notebook54\section4\section4a_move_records_manual_review.csv,Charmander,0.08,50.0,,,Charmander,0.08,50.0,-5,section4a_move_records_manual_review.csv,True,True,True,False
D:\02_AI_and_Data\Kaggle-AI-Agents\PTCG_AI_Battle_Challenge\reports\notebook54\section4\section4a_move_records_manual_review.csv,Charmander,0.08 0.1 0. 0. 0. 0. 0. 0.38,50.0,,,Charmander,0.08 0.1 0. 0. 0. 0. 0. 0.38,50.0,-5,section4a_move_records_manual_review.csv,True,True,True,False
D:\02_AI_and_Data\Kaggle-AI-Agents\PTCG_AI_Battle_Challenge\reports\notebook54\section4\section4a_move_records_manual_review.csv,Charmander,0.1,50.0,,,Charmander,0.1,50.0,-5,section4a_move_records_manual_review.csv,True,True,True,False
D:\02_AI_and_Data\Kaggle-AI-Agents\PTCG_AI_Battle_Challenge\reports\notebook54\section4\section4a_move_records_manual_review.csv,Charmander,0.2,50.0,,,Charmander,0.2,50.0,-5,section4a_move_records_manual_review.csv,True,True,True,False
D:\02_AI_and_Data\Kaggle-AI-Agents\PTCG_AI_Battle_Challenge\reports\notebook54\section4\section4a_move_records_manual_review.csv,Charmander,0.2 0.2 0. 0. 0. 0. 0. 0.55,50.0,,,Charmander,0.2 0.2 0. 0. 0. 0. 0. 0.55,50.0,-5,section4a_move_records_manual_review.csv,True,True,True,False
D:\02_AI_and_Data\Kaggle-AI-Agents\PTCG_AI_Battle_Challenge\reports\notebook54\section4\section4a_move_records_manual_review.csv,Charmander,0.38,50.0,,,Charmander,0.38,50.0,-5,section4a_move_records_manual_review.csv,True,True,True,False
D:\02_AI_and_Data\Kaggle-AI-Agents\PTCG_AI_Battle_Challenge\reports\notebook54\section4\section4a_move_records_manual_review.csv,Charmander,0.55,50.0,,,Charmander,0.55,50.0,-5,section4a_move_records_manual_review.csv,True,True,True,False
D:\02_AI_and_Data\Kaggle-AI-Agents\PTCG_AI_Battle_Challenge\reports\notebook54\section4\section4a_move_records_manual_review.csv,Charmander,20,50.0,,,Charmander,20,50.0,-5,section4a_move_records_manual_review.csv,True,True,True,False
D:\02_AI_and_Data\Kaggle-AI-Agents\PTCG_AI_Battle_Challenge\reports\notebook54\section4\section4a_move_records_manual_review.csv,Charmander,0.2 0.2 1. 0. 0. 0. 0. 1.55,20.0,,,Charmander,0.2 0.2 1. 0. 0. 0. 0. 1.55,20.0,-5,section4a_move_records_manual_review.csv,True,True,True,False
D:\02_AI_and_Data\Kaggle-AI-Agents\PTCG_AI_Battle_Challenge\reports\notebook54\section4\section4a_move_records_manual_review.csv,Charmander,1,20.0,,,Charmander,1,20.0,-5,section4a_move_records_manual_review.csv,True,True,True,False
D:\02_AI_and_Data\Kaggle-AI-Agents\PTCG_AI_Battle_Challenge\reports\notebook54\section4\section4a_move_records_manual_review.csv,Charmander,1.0,20.0,,,Charmander,1.0,20.0,-5,section4a_move_records_manual_review.csv,True,True,True,False
D:\02_AI_and_Data\Kaggle-AI-Agents\PTCG_AI_Battle_Challenge\reports\notebook54\section4\section4a_move_records_manual_review.csv,Charmander,1.55,20.0,,,Charmander,1.55,20.0,-5,section4a_move_records_manual_review.csv,True,True,True,False
D:\02_AI_and_Data\Kaggle-AI-Agents\PTCG_AI_Battle_Challenge\reports\notebook54\section4\section4a_move_records_manual_review.csv,Charmander,2,20.0,,,Charmander,2,20.0,-5,section4a_move_records_manual_review.csv,True,True,True,False
D:\02_AI_and_Data\Kaggle-AI-Agents\PTCG_AI_Battle_Challenge\reports\notebook54\section4\section4a_move_records_manual_review.csv,Charmander,0.08 0.1 1. 0. 0. 0. 0. 1.38,16.0,,,Charmander,0.08 0.1 1. 0. 0. 0. 0. 1.38,16.0,-5,section4a_move_records_manual_review.csv,True,True,True,False
D:\02_AI_and_Data\Kaggle-AI-Agents\PTCG_AI_Battle_Challenge\reports\notebook54\section4\section4a_move_records_manual_review.csv,Charmander,1.38,16.0,,,Charmander,1.38,16.0,-5,section4a_move_records_manual_review.csv,True,True,True,False
D:\02_AI_and_Data\Kaggle-AI-Agents\PTCG_AI_Battle_Challenge\reports\notebook54\section4\section4a_move_records_manual_review.csv,Charmander,8,16.0,,,Charmander,8,16.0,-5,section4a_move_records_manual_review.csv,True,True,True,False
D:\02_AI_and_Data\Kaggle-AI-Agents\PTCG_AI_Battle_Challenge\reports\notebook54\section4\section4a_move_records_manual_review.csv,Charmander,32,8.0,,,Charmander,32,8.0,-5,section4a_move_records_manual_review.csv,True,True,True,False
D:\02_AI_and_Data\Kaggle-AI-Agents\PTCG_AI_Battle_Challenge\reports\notebook54\section4\section4a_move_records_manual_review.csv,Charmander,81,4.0,,,Charmander,81,4.0,-5,section4a_move_records_manual_review.csv,True,True,True,False
D:\02_AI_and_Data\Kaggle-AI-Agents\PTCG_AI_Battle_Challenge\reports\notebook54\section4\section4a_move_records_manual_review.csv,Charmander,Bite,0.0,,,Charmander,Bite,0.0,-5,section4a_move_records_manual_review.csv,True,True,True,False
D:\02_AI_and_Data\Kaggle-AI-Agents\PTCG_AI_Battle_Challenge\reports\notebook54\section4\section4a_move_records_manual_review.csv,Charmander,Fury Swipes,0.0,,,Charmander,Fury Swipes,0.0,-5,section4a_move_records_manual_review.csv,True,True,True,False
D:\02_AI_and_Data\Kaggle-AI-Agents\PTCG_AI_Battle_Challenge\reports\notebook54\section4\section4a_move_records_manual_review.csv,Charmander,Pass,0.0,,,Charmander,Pass,0.0,-5,section4a_move_records_manual_review.csv,True,True,True,False
D:\02_AI_and_Data\Kaggle-AI-Agents\PTCG_AI_Battle_Challenge\reports\notebook54\section4\section4a_move_records_manual_review.csv,Charmander,Razor Leaf,0.0,,,Charmander,Razor Leaf,0.0,-5,section4a_move_records_manual_review.csv,True,True,True,False
D:\02_AI_and_Data\Kaggle-AI-Agents\PTCG_AI_Battle_Challenge\reports\notebook54\section4\section4a_move_records_manual_review.csv,Charmander,Tackle,0.0,,,Charmander,Tackle,0.0,-5,section4a_move_records_manual_review.csv,True,True,True,False
D:\02_AI_and_Data\Kaggle-AI-Agents\PTCG_AI_Battle_Challenge\reports\notebook54\section4\section4a_move_records_manual_review.csv,Charmander,Tail Whap,0.0,,,Charmander,Tail Whap,0.0,-5,section4a_move_records_manual_review.csv,True,True,True,False
D:\02_AI_and_Data\Kaggle-AI-Agents\PTCG_AI_Battle_Challenge\reports\notebook54\section4\section4a_move_records_manual_review.csv,Charmander,Thunderbolt,0.0,,,Charmander,Thunderbolt,0.0,-5,section4a_move_records_manual_review.csv,True,True,True,False
D:\02_AI_and_Data\Kaggle-AI-Agents\PTCG_AI_Battle_Challenge\reports\notebook54\section4\section4a_move_records_manual_review.csv,Charmander,Vine Whip,0.0,,,Charmander,Vine Whip,0.0,-5,section4a_move_records_manual_review.csv,True,True,True,False
D:\02_AI_and_Data\Kaggle-AI-Agents\PTCG_AI_Battle_Challenge\reports\notebook54\section4\section4a_move_records_manual_review.csv,Charmander,Water Pulse,0.0,,,Charmander,Water Pulse,0.0,-5,section4a_move_records_manual_review.csv,True,True,True,False
D:\02_AI_and_Data\Kaggle-AI-Agents\PTCG_AI_Battle_Challenge\reports\notebook54\section4\section4a_move_records_manual_review.csv,Eevee,0.2 0.2 1. 0. 0. 0. 0. 1.55,31.0,,,Eevee,0.2 0.2 1. 0. 0. 0. 0. 1.55,31.0,-5,section4a_move_records_manual_review.csv,True,True,True,False
D:\02_AI_and_Data\Kaggle-AI-Agents\PTCG_AI_Battle_Challenge\reports\notebook54\section4\section4a_move_records_manual_review.csv,Eevee,1.0,31.0,,,Eevee,1.0,31.0,-5,section4a_move_records_manual_review.csv,True,True,True,False
D:\02_AI_and_Data\Kaggle-AI-Agents\PTCG_AI_Battle_Challenge\reports\notebook54\section4\section4a_move_records_manual_review.csv,Eevee,1.55,31.0,,,Eevee,1.55,31.0,-5,section4a_move_records_manual_review.csv,True,True,True,False
D:\02_AI_and_Data\Kaggle-AI-Agents\PTCG_AI_Battle_Challenge\reports\notebook54\section4\section4a_move_records_manual_review.csv,Eevee,19,31.0,,,Eevee,19,31.0,-5,section4a_move_records_manual_review.csv,True,True,True,False
D:\02_AI_and_Data\Kaggle-AI-Agents\PTCG_AI_Battle_Challenge\reports\notebook54\section4\section4a_move_records_manual_review.csv,Eevee,0.0,20.0,,,Eevee,0.0,20.0,-5,section4a_move_records_manual_review.csv,True,True,True,False
D:\02_AI_and_Data\Kaggle-AI-Agents\PTCG_AI_Battle_Challenge\reports\notebook54\section4\section4a_move_records_manual_review.csv,Eevee,0.08,20.0,,,Eevee,0.08,20.0,-5,section4a_move_records_manual_review.csv,True,True,True,False
D:\02_AI_and_Data\Kaggle-AI-Agents\PTCG_AI_Battle_Challenge\reports\notebook54\section4\section4a_move_records_manual_review.csv,Eevee,0.08 0.1 0. 0. 0. 0. 0. 0.38,20.0,,,Eevee,0.08 0.1 0. 0. 0. 0. 0. 0.38,20.0,-5,section4a_move_records_manual_review.csv,True,True,True,False
D:\02_AI_and_Data\Kaggle-AI-Agents\PTCG_AI_Battle_Challenge\reports\notebook54\section4\section4a_move_records_manual_review.csv,Eevee,0.1,20.0,,,Eevee,0.1,20.0,-5,section4a_move_records_manual_review.csv,True,True,True,False
D:\02_AI_and_Data\Kaggle-AI-Agents\PTCG_AI_Battle_Challenge\reports\notebook54\section4\section4a_move_records_manual_review.csv,Eevee,0.2,20.0,,,Eevee,0.2,20.0,-5,section4a_move_records_manual_review.csv,True,True,True,False
D:\02_AI_and_Data\Kaggle-AI-Agents\PTCG_AI_Battle_Challenge\reports\notebook54\section4\section4a_move_records_manual_review.csv,Eevee,0.2 0.2 0. 0. 0. 0. 0. 0.55,20.0,,,Eevee,0.2 0.2 0. 0. 0. 0. 0. 0.55,20.0,-5,section4a_move_records_manual_review.csv,True,True,True,False
D:\02_AI_and_Data\Kaggle-AI-Agents\PTCG_AI_Battle_Challenge\reports\notebook54\section4\section4a_move_records_manual_review.csv,Eevee,0.38,20.0,,,Eevee,0.38,20.0,-5,section4a_move_records_manual_review.csv,True,True,True,False
D:\02_AI_and_Data\Kaggle-AI-Agents\PTCG_AI_Battle_Challenge\reports\notebook54\section4\section4a_move_records_manual_review.csv,Eevee,0.55,20.0,,,Eevee,0.55,20.0,-5,section4a_move_records_manual_review.csv,True,True,True,False
D:\02_AI_and_Data\Kaggle-AI-Agents\PTCG_AI_Battle_Challenge\reports\notebook54\section4\section4a_move_records_manual_review.csv,Eevee,2,20.0,,,Eevee,2,20.0,-5,section4a_move_records_manual_review.csv,True,True,True,False
D:\02_AI_and_Data\Kaggle-AI-Agents\PTCG_AI_Battle_Challenge\reports\notebook54\section4\section4a_move_records_manual_review.csv,Eevee,0.08 0.1 1. 0. 0. 0. 0. 1.38,18.0,,,Eevee,0.08 0.1 1. 0. 0. 0. 0. 1.38,18.0,-5,section4a_move_records_manual_review.csv,True,True,True,False
D:\02_AI_and_Data\Kaggle-AI-Agents\PTCG_AI_Battle_Challenge\reports\notebook54\section4\section4a_move_records_manual_review.csv,Eevee,1.38,18.0,,,Eevee,1.38,18.0,-5,section4a_move_records_manual_review.csv,True,True,True,False
D:\02_AI_and_Data\Kaggle-AI-Agents\PTCG_AI_Battle_Challenge\reports\notebook54\section4\section4a_move_records_manual_review.csv,Eevee,8,18.0,,,Eevee,8,18.0,-5,section4a_move_records_manual_review.csv,True,True,True,False
D:\02_AI_and_Data\Kaggle-AI-Agents\PTCG_AI_Battle_Challenge\reports\notebook54\section4\section4a_move_records_manual_review.csv,Eevee,32,8.0,,,Eevee,32,8.0,-5,section4a_move_records_manual_review.csv,True,True,True,False
D:\02_AI_and_Data\Kaggle-AI-Agents\PTCG_AI_Battle_Challenge\reports\notebook54\section4\section4a_move_records_manual_review.csv,Eevee,81,4.0,,,Eevee,81,4.0,-5,section4a_move_records_manual_review.csv,True,True,True,False
D:\02_AI_and_Data\Kaggle-AI-Agents\PTCG_AI_Battle_Challenge\reports\notebook54\section4\section4a_move_records_manual_review.csv,Eevee,Flame Tail,0.0,,,Eevee,Flame Tail,0.0,-5,section4a_move_records_manual_review.csv,True,True,True,False
D:\02_AI_and_Data\Kaggle-AI-Agents\PTCG_AI_Battle_Challenge\reports\notebook54\section4\section4a_move_records_manual_review.csv,Eevee,Fury Swipes,0.0,,,Eevee,Fury Swipes,0.0,-5,section4a_move_records_manual_review.csv,True,True,True,False
D:\02_AI_and_Data\Kaggle-AI-Agents\PTCG_AI_Battle_Challenge\reports\notebook54\section4\section4a_move_records_manual_review.csv,Eevee,Razor Leaf,0.0,,,Eevee,Razor Leaf,0.0,-5,section4a_move_records_manual_review.csv,True,True,True,False
D:\02_AI_and_Data\Kaggle-AI-Agents\PTCG_AI_Battle_Challenge\reports\notebook54\section4\section4a_move_records_manual_review.csv,Eevee,Scratch,0.0,,,Eevee,Scratch,0.0,-5,section4a_move_records_manual_review.csv,True,True,True,False
D:\02_AI_and_Data\Kaggle-AI-Agents\PTCG_AI_Battle_Challenge\reports\notebook54\section4\section4a_move_records_manual_review.csv,Eevee,Tackle,0.0,,,Eevee,Tackle,0.0,-5,section4a_move_records_manual_review.csv,True,True,True,False
D:\02_AI_and_Data\Kaggle-AI-Agents\PTCG_AI_Battle_Challenge\reports\notebook54\section4\section4a_move_records_manual_review.csv,Eevee,Thunderbolt,0.0,,,Eevee,Thunderbolt,0.0,-5,section4a_move_records_manual_review.csv,True,True,True,False
D:\02_AI_and_Data\Kaggle-AI-Agents\PTCG_AI_Battle_Challenge\reports\notebook54\section4\section4a_move_records_manual_review.csv,Eevee,Vine Whip,0.0,,,Eevee,Vine Whip,0.0,-5,section4a_move_records_manual_review.csv,True,True,True,False
D:\02_AI_and_Data\Kaggle-AI-Agents\PTCG_AI_Battle_Challenge\reports\notebook54\section4\section4a_move_records_manual_review.csv,Eevee,Water Pulse,0.0,,,Eevee,Water Pulse,0.0,-5,section4a_move_records_manual_review.csv,True,True,True,False
D:\02_AI_and_Data\Kaggle-AI-Agents\PTCG_AI_Battle_Challenge\reports\notebook54\section4\section4a_move_records_manual_review.csv,Meowth,0.2,60.0,,,Meowth,0.2,60.0,-5,section4a_move_records_manual_review.csv,True,True,True,False
D:\02_AI_and_Data\Kaggle-AI-Agents\PTCG_AI_Battle_Challenge\reports\notebook54\section4\section4a_move_records_manual_review.csv,Meowth,0.24,60.0,,,Meowth,0.24,60.0,-5,section4a_move_records_manual_review.csv,True,True,True,False
D:\02_AI_and_Data\Kaggle-AI-Agents\PTCG_AI_Battle_Challenge\reports\notebook54\section4\section4a_move_records_manual_review.csv,Meowth,0.24 0.2 0. 0. 0. 0. 0. 0.64,60.0,,,Meowth,0.24 0.2 0. 0. 0. 0. 0. 0.64,60.0,-5,section4a_move_records_manual_review.csv,True,True,True,False
D:\02_AI_and_Data\Kaggle-AI-Agents\PTCG_AI_Battle_Challenge\reports\notebook54\section4\section4a_move_records_manual_review.csv,Meowth,0.639999999999999,60.0,,,Meowth,0.639999999999999,60.0,-5,section4a_move_records_manual_review.csv,True,True,True,False
D:\02_AI_and_Data\Kaggle-AI-Agents\PTCG_AI_Battle_Challenge\reports\notebook54\section4\section4a_move_records_manual_review.csv,Meowth,21,60.0,,,Meowth,21,60.0,-5,section4a_move_records_manual_review.csv,True,True,True,False
D:\02_AI_and_Data\Kaggle-AI-Agents\PTCG_AI_Battle_Challenge\reports\notebook54\section4\section4a_move_records_manual_review.csv,Meowth,0.24 0.2 1. 0. 0. 0. 0. 1.64,33.0,,,Meowth,0.24 0.2 1. 0. 0. 0. 0. 1.64,33.0,-5,section4a_move_records_manual_review.csv,True,True,True,False
D:\02_AI_and_Data\Kaggle-AI-Agents\PTCG_AI_Battle_Challenge\reports\notebook54\section4\section4a_move_records_manual_review.csv,Meowth,1.0,33.0,,,Meowth,1.0,33.0,-5,section4a_move_records_manual_review.csv,True,True,True,False
D:\02_AI_and_Data\Kaggle-AI-Agents\PTCG_AI_Battle_Challenge\reports\notebook54\section4\section4a_move_records_manual_review.csv,Meowth,1.6400000000000001,33.0,,,Meowth,1.6400000000000001,33.0,-5,section4a_move_records_manual_review.csv,True,True,True,False
D:\02_AI_and_Data\Kaggle-AI-Agents\PTCG_AI_Battle_Challenge\reports\notebook54\section4\section4a_move_records_manual_review.csv,Meowth,0.0,20.0,,,Meowth,0.0,20.0,-5,section4a_move_records_manual_review.csv,True,True,True,False
D:\02_AI_and_Data\Kaggle-AI-Agents\PTCG_AI_Battle_Challenge\reports\notebook54\section4\section4a_move_records_manual_review.csv,Meowth,0.08,20.0,,,Meowth,0.08,20.0,-5,section4a_move_records_manual_review.csv,True,True,True,False
D:\02_AI_and_Data\Kaggle-AI-Agents\PTCG_AI_Battle_Challenge\reports\notebook54\section4\section4a_move_records_manual_review.csv,Meowth,0.08 0.1 0. 0. 0. 0. 0. 0.38,20.0,,,Meowth,0.08 0.1 0. 0. 0. 0. 0. 0.38,20.0,-5,section4a_move_records_manual_review.csv,True,True,True,False
D:\02_AI_and_Data\Kaggle-AI-Agents\PTCG_AI_Battle_Challenge\reports\notebook54\section4\section4a_move_records_manual_review.csv,Meowth,0.1,20.0,,,Meowth,0.1,20.0,-5,section4a_move_records_manual_review.csv,True,True,True,False
D:\02_AI_and_Data\Kaggle-AI-Agents\PTCG_AI_Battle_Challenge\reports\notebook54\section4\section4a_move_records_manual_review.csv,Meowth,0.38,20.0,,,Meowth,0.38,20.0,-5,section4a_move_records_manual_review.csv,True,True,True,False
D:\02_AI_and_Data\Kaggle-AI-Agents\PTCG_AI_Battle_Challenge\reports\notebook54\section4\section4a_move_records_manual_review.csv,Meowth,1,20.0,,,Meowth,1,20.0,-5,section4a_move_records_manual_review.csv,True,True,True,False
D:\02_AI_and_Data\Kaggle-AI-Agents\PTCG_AI_Battle_Challenge\reports\notebook54\section4\section4a_move_records_manual_review.csv,Meowth,2,20.0,,,Meowth,2,20.0,-5,section4a_move_records_manual_review.csv,True,True,True,False
D:\02_AI_and_Data\Kaggle-AI-Agents\PTCG_AI_Battle_Challenge\reports\notebook54\section4\section4a_move_records_manual_review.csv,Meowth,0.08 0.1 1. 0. 0. 0. 0. 1.38,8.0,,,Meowth,0.08 0.1 1. 0. 0. 0. 0. 1.38,8.0,-5,section4a_move_records_manual_review.csv,True,True,True,False
D:\02_AI_and_Data\Kaggle-AI-Agents\PTCG_AI_Battle_Challenge\reports\notebook54\section4\section4a_move_records_manual_review.csv,Meowth,1.38,8.0,,,Meowth,1.38,8.0,-5,section4a_move_records_manual_review.csv,True,True,True,False
D:\02_AI_and_Data\Kaggle-AI-Agents\PTCG_AI_Battle_Challenge\reports\notebook54\section4\section4a_move_records_manual_review.csv,Meowth,32,8.0,,,Meowth,32,8.0,-5,section4a_move_records_manual_review.csv,True,True,True,False
D:\02_AI_and_Data\Kaggle-AI-Agents\PTCG_AI_Battle_Challenge\reports\notebook54\section4\section4a_move_records_manual_review.csv,Meowth,8,8.0,,,Meowth,8,8.0,-5,section4a_move_records_manual_review.csv,True,True,True,False
D:\02_AI_and_Data\Kaggle-AI-Agents\PTCG_AI_Battle_Challenge\reports\notebook54\section4\section4a_move_records_manual_review.csv,Meowth,81,4.0,,,Meowth,81,4.0,-5,section4a_move_records_manual_review.csv,True,True,True,False
D:\02_AI_and_Data\Kaggle-AI-Agents\PTCG_AI_Battle_Challenge\reports\notebook54\section4\section4a_move_records_manual_review.csv,Meowth,Bite,0.0,,,Meowth,Bite,0.0,-5,section4a_move_records_manual_review.csv,True,True,True,False
D:\02_AI_and_Data\Kaggle-AI-Agents\PTCG_AI_Battle_Challenge\reports\notebook54\section4\section4a_move_records_manual_review.csv,Meowth,Flame Tail,0.0,,,Meowth,Flame Tail,0.0,-5,section4a_move_records_manual_review.csv,True,True,True,False
D:\02_AI_and_Data\Kaggle-AI-Agents\PTCG_AI_Battle_Challenge\reports\notebook54\section4\section4a_move_records_manual_review.csv,Meowth,Quick Attack,0.0,,,Meowth,Quick Attack,0.0,-5,section4a_move_records_manual_review.csv,True,True,True,False
D:\02_AI_and_Data\Kaggle-AI-Agents\PTCG_AI_Battle_Challenge\reports\notebook54\section4\section4a_move_records_manual_review.csv,Meowth,Razor Leaf,0.0,,,Meowth,Razor Leaf,0.0,-5,section4a_move_records_manual_review.csv,True,True,True,False
D:\02_AI_and_Data\Kaggle-AI-Agents\PTCG_AI_Battle_Challenge\reports\notebook54\section4\section4a_move_records_manual_review.csv,Meowth,Scratch,0.0,,,Meowth,Scratch,0.0,-5,section4a_move_records_manual_review.csv,True,True,True,False
D:\02_AI_and_Data\Kaggle-AI-Agents\PTCG_AI_Battle_Challenge\reports\notebook54\section4\section4a_move_records_manual_review.csv,Meowth,Tackle,0.0,,,Meowth,Tackle,0.0,-5,section4a_move_records_manual_review.csv,True,True,True,False
D:\02_AI_and_Data\Kaggle-AI-Agents\PTCG_AI_Battle_Challenge\reports\notebook54\section4\section4a_move_records_manual_review.csv,Meowth,Tail Whap,0.0,,,Meowth,Tail Whap,0.0,-5,section4a_move_records_manual_review.csv,True,True,True,False
D:\02_AI_and_Data\Kaggle-AI-Agents\PTCG_AI_Battle_Challenge\reports\notebook54\section4\section4a_move_records_manual_review.csv,Meowth,Thunderbolt,0.0,,,Meowth,Thunderbolt,0.0,-5,section4a_move_records_manual_review.csv,True,True,True,False
D:\02_AI_and_Data\Kaggle-AI-Agents\PTCG_AI_Battle_Challenge\reports\notebook54\section4\section4a_move_records_manual_review.csv,Meowth,Vine Whip,0.0,,,Meowth,Vine Whip,0.0,-5,section4a_move_records_manual_review.csv,True,True,True,False
D:\02_AI_and_Data\Kaggle-AI-Agents\PTCG_AI_Battle_Challenge\reports\notebook54\section4\section4a_move_records_manual_review.csv,Meowth,Water Pulse,0.0,,,Meowth,Water Pulse,0.0,-5,section4a_move_records_manual_review.csv,True,True,True,False
D:\02_AI_and_Data\Kaggle-AI-Agents\PTCG_AI_Battle_Challenge\reports\notebook54\section4\section4r_verified_attack_energy_readiness.csv,Bulbasaur,Bind Down,10,,,Bulbasaur,Bind Down,10.0,-5,section4r_verified_attack_energy_readiness.csv,True,True,True,True
D:\02_AI_and_Data\Kaggle-AI-Agents\PTCG_AI_Battle_Challenge\reports\notebook54\section4\section4r_verified_attack_energy_readiness.csv,Eevee,Ascension,0,,,Eevee,Ascension,0.0,-5,section4r_verified_attack_energy_readiness.csv,True,True,True,True
D:\02_AI_and_Data\Kaggle-AI-Agents\PTCG_AI_Battle_Challenge\reports\notebook54\section4\section4r_verified_attack_energy_readiness.csv,Eevee,Quick Attack,20,,,Eevee,Quick Attack,20.0,-5,section4r_verified_attack_energy_readiness.csv,True,True,True,True
D:\02_AI_and_Data\Kaggle-AI-Agents\PTCG_AI_Battle_Challenge\reports\notebook54\section4\section4r_verified_attack_energy_readiness.csv,Charmander,Live Coal,20,,,Charmander,Live Coal,20.0,-5,section4r_verified_attack_energy_readiness.csv,True,True,True,True
D:\02_AI_and_Data\Kaggle-AI-Agents\PTCG_AI_Battle_Challenge\reports\notebook54\section4\section4r_verified_attack_energy_readiness.csv,Meowth,Tuck Tail,60,,,Meowth,Tuck Tail,60.0,-5,section4r_verified_attack_energy_readiness.csv,True,True,True,True
D:\02_AI_and_Data\Kaggle-AI-Agents\PTCG_AI_Battle_Challenge\reports\notebook54\section4\section4a_additional_source_backed_moves.csv,Bulbasaur,0.28 0.2 1. 0. 0. 0. 0. 1.73,46.0,,,Bulbasaur,0.28 0.2 1. 0. 0. 0. 0. 1.73,46.0,-5,section4a_additional_source_backed_moves.csv,True,True,True,False
D:\02_AI_and_Data\Kaggle-AI-Agents\PTCG_AI_Battle_Challenge\reports\notebook54\section4\section4a_additional_source_backed_moves.csv,Bulbasaur,0.28,46.0,,,Bulbasaur,0.28,46.0,-5,section4a_additional_source_backed_moves.csv,True,True,True,False
D:\02_AI_and_Data\Kaggle-AI-Agents\PTCG_AI_Battle_Challenge\reports\notebook54\section4\section4a_additional_source_backed_moves.csv,Bulbasaur,0.2,46.0,,,Bulbasaur,0.2,46.0,-5,section4a_additional_source_backed_moves.csv,True,True,True,False
D:\02_AI_and_Data\Kaggle-AI-Agents\PTCG_AI_Battle_Challenge\reports\notebook54\section4\section4a_additional_source_backed_moves.csv,Bulbasaur,1.0,46.0,,,Bulbasaur,1.0,46.0,-5,section4a_additional_source_backed_moves.csv,True,True,True,False
D:\02_AI_and_Data\Kaggle-AI-Agents\PTCG_AI_Battle_Challenge\reports\notebook54\section4\section4a_additional_source_backed_moves.csv,Bulbasaur,0.0,46.0,,,Bulbasaur,0.0,46.0,-5,section4a_additional_source_backed_moves.csv,True,True,True,False
D:\02_AI_and_Data\Kaggle-AI-Agents\PTCG_AI_Battle_Challenge\reports\notebook54\section4\section4a_additional_source_backed_moves.csv,Bulbasaur,1.73,46.0,,,Bulbasaur,1.73,46.0,-5,section4a_additional_source_backed_moves.csv,True,True,True,False
D:\02_AI_and_Data\Kaggle-AI-Agents\PTCG_AI_Battle_Challenge\reports\notebook54\section4\section4a_additional_source_backed_moves.csv,Bulbasaur,0.12 0.1 0. 0. 0. 0. 0. 0.52,30.0,,,Bulbasaur,0.12 0.1 0. 0. 0. 0. 0. 0.52,30.0,-5,section4a_additional_source_backed_moves.csv,True,True,True,False
D:\02_AI_and_Data\Kaggle-AI-Agents\PTCG_AI_Battle_Challenge\reports\notebook54\section4\section4a_additional_source_backed_moves.csv,Bulbasaur,0.12,30.0,,,Bulbasaur,0.12,30.0,-5,section4a_additional_source_backed_moves.csv,True,True,True,False
D:\02_AI_and_Data\Kaggle-AI-Agents\PTCG_AI_Battle_Challenge\reports\notebook54\section4\section4a_additional_source_backed_moves.csv,Bulbasaur,0.1,30.0,,,Bulbasaur,0.1,30.0,-5,section4a_additional_source_backed_moves.csv,True,True,True,False
D:\02_AI_and_Data\Kaggle-AI-Agents\PTCG_AI_Battle_Challenge\reports\notebook54\section4\section4a_additional_source_backed_moves.csv,Bulbasaur,0.52,30.0,,,Bulbasaur,0.52,30.0,-5,section4a_additional_source_backed_moves.csv,True,True,True,False
D:\02_AI_and_Data\Kaggle-AI-Agents\PTCG_AI_Battle_Challenge\reports\notebook54\section4\section4a_additional_source_backed_moves.csv,Bulbasaur,0.28 0.2 0. 0. 0. 0. 0. 0.73,30.0,,,Bulbasaur,0.28 0.2 0. 0. 0. 0. 0. 0.73,30.0,-5,section4a_additional_source_backed_moves.csv,True,True,True,False
D:\02_AI_and_Data\Kaggle-AI-Agents\PTCG_AI_Battle_Challenge\reports\notebook54\section4\section4a_additional_source_backed_moves.csv,Bulbasaur,0.73,30.0,,,Bulbasaur,0.73,30.0,-5,section4a_additional_source_backed_moves.csv,True,True,True,False
D:\02_AI_and_Data\Kaggle-AI-Agents\PTCG_AI_Battle_Challenge\reports\notebook54\section4\section4a_additional_source_backed_moves.csv,Bulbasaur,0.12 0.1 1. 0. 0. 0. 0. 1.52,28.0,,,Bulbasaur,0.12 0.1 1. 0. 0. 0. 0. 1.52,28.0,-5,section4a_additional_source_backed_moves.csv,True,True,True,False
D:\02_AI_and_Data\Kaggle-AI-Agents\PTCG_AI_Battle_Challenge\reports\notebook54\section4\section4a_additional_source_backed_moves.csv,Bulbasaur,1.52,28.0,,,Bulbasaur,1.52,28.0,-5,section4a_additional_source_backed_moves.csv,True,True,True,False
D:\02_AI_and_Data\Kaggle-AI-Agents\PTCG_AI_Battle_Challenge\reports\notebook54\section4\section4a_additional_source_backed_moves.csv,Charmander,0.08 0.1 0. 0. 0. 0. 0. 0.38,50.0,,,Charmander,0.08 0.1 0. 0. 0. 0. 0. 0.38,50.0,-5,section4a_additional_source_backed_moves.csv,True,True,True,False
D:\02_AI_and_Data\Kaggle-AI-Agents\PTCG_AI_Battle_Challenge\reports\notebook54\section4\section4a_additional_source_backed_moves.csv,Charmander,0.08,50.0,,,Charmander,0.08,50.0,-5,section4a_additional_source_backed_moves.csv,True,True,True,False
D:\02_AI_and_Data\Kaggle-AI-Agents\PTCG_AI_Battle_Challenge\reports\notebook54\section4\section4a_additional_source_backed_moves.csv,Charmander,0.1,50.0,,,Charmander,0.1,50.0,-5,section4a_additional_source_backed_moves.csv,True,True,True,False
D:\02_AI_and_Data\Kaggle-AI-Agents\PTCG_AI_Battle_Challenge\reports\notebook54\section4\section4a_additional_source_backed_moves.csv,Charmander,0.0,50.0,,,Charmander,0.0,50.0,-5,section4a_additional_source_backed_moves.csv,True,True,True,False
D:\02_AI_and_Data\Kaggle-AI-Agents\PTCG_AI_Battle_Challenge\reports\notebook54\section4\section4a_additional_source_backed_moves.csv,Charmander,0.38,50.0,,,Charmander,0.38,50.0,-5,section4a_additional_source_backed_moves.csv,True,True,True,False
D:\02_AI_and_Data\Kaggle-AI-Agents\PTCG_AI_Battle_Challenge\reports\notebook54\section4\section4a_additional_source_backed_moves.csv,Charmander,0.2 0.2 0. 0. 0. 0. 0. 0.55,50.0,,,Charmander,0.2 0.2 0. 0. 0. 0. 0. 0.55,50.0,-5,section4a_additional_source_backed_moves.csv,True,True,True,False
D:\02_AI_and_Data\Kaggle-AI-Agents\PTCG_AI_Battle_Challenge\reports\notebook54\section4\section4a_additional_source_backed_moves.csv,Charmander,0.2,50.0,,,Charmander,0.2,50.0,-5,section4a_additional_source_backed_moves.csv,True,True,True,False
D:\02_AI_and_Data\Kaggle-AI-Agents\PTCG_AI_Battle_Challenge\reports\notebook54\section4\section4a_additional_source_backed_moves.csv,Charmander,0.55,50.0,,,Charmander,0.55,50.0,-5,section4a_additional_source_backed_moves.csv,True,True,True,False
D:\02_AI_and_Data\Kaggle-AI-Agents\PTCG_AI_Battle_Challenge\reports\notebook54\section4\section4a_additional_source_backed_moves.csv,Charmander,0.2 0.2 1. 0. 0. 0. 0. 1.55,20.0,,,Charmander,0.2 0.2 1. 0. 0. 0. 0. 1.55,20.0,-5,section4a_additional_source_backed_moves.csv,True,True,True,False
D:\02_AI_and_Data\Kaggle-AI-Agents\PTCG_AI_Battle_Challenge\reports\notebook54\section4\section4a_additional_source_backed_moves.csv,Charmander,1.0,20.0,,,Charmander,1.0,20.0,-5,section4a_additional_source_backed_moves.csv,True,True,True,False
D:\02_AI_and_Data\Kaggle-AI-Agents\PTCG_AI_Battle_Challenge\reports\notebook54\section4\section4a_additional_source_backed_moves.csv,Charmander,1.55,20.0,,,Charmander,1.55,20.0,-5,section4a_additional_source_backed_moves.csv,True,True,True,False
D:\02_AI_and_Data\Kaggle-AI-Agents\PTCG_AI_Battle_Challenge\reports\notebook54\section4\section4a_additional_source_backed_moves.csv,Charmander,0.08 0.1 1. 0. 0. 0. 0. 1.38,16.0,,,Charmander,0.08 0.1 1. 0. 0. 0. 0. 1.38,16.0,-5,section4a_additional_source_backed_moves.csv,True,True,True,False
D:\02_AI_and_Data\Kaggle-AI-Agents\PTCG_AI_Battle_Challenge\reports\notebook54\section4\section4a_additional_source_backed_moves.csv,Charmander,1.38,16.0,,,Charmander,1.38,16.0,-5,section4a_additional_source_backed_moves.csv,True,True,True,False
D:\02_AI_and_Data\Kaggle-AI-Agents\PTCG_AI_Battle_Challenge\reports\notebook54\section4\section4a_additional_source_backed_moves.csv,Eevee,0.2 0.2 1. 0. 0. 0. 0. 1.55,31.0,,,Eevee,0.2 0.2 1. 0. 0. 0. 0. 1.55,31.0,-5,section4a_additional_source_backed_moves.csv,True,True,True,False
D:\02_AI_and_Data\Kaggle-AI-Agents\PTCG_AI_Battle_Challenge\reports\notebook54\section4\section4a_additional_source_backed_moves.csv,Eevee,0.2,31.0,,,Eevee,0.2,31.0,-5,section4a_additional_source_backed_moves.csv,True,True,True,False
D:\02_AI_and_Data\Kaggle-AI-Agents\PTCG_AI_Battle_Challenge\reports\notebook54\section4\section4a_additional_source_backed_moves.csv,Eevee,1.0,31.0,,,Eevee,1.0,31.0,-5,section4a_additional_source_backed_moves.csv,True,True,True,False
D:\02_AI_and_Data\Kaggle-AI-Agents\PTCG_AI_Battle_Challenge\reports\notebook54\section4\section4a_additional_source_backed_moves.csv,Eevee,0.0,31.0,,,Eevee,0.0,31.0,-5,section4a_additional_source_backed_moves.csv,True,True,True,False
D:\02_AI_and_Data\Kaggle-AI-Agents\PTCG_AI_Battle_Challenge\reports\notebook54\section4\section4a_additional_source_backed_moves.csv,Eevee,1.55,31.0,,,Eevee,1.55,31.0,-5,section4a_additional_source_backed_moves.csv,True,True,True,False
D:\02_AI_and_Data\Kaggle-AI-Agents\PTCG_AI_Battle_Challenge\reports\notebook54\section4\section4a_additional_source_backed_moves.csv,Eevee,0.08 0.1 0. 0. 0. 0. 0. 0.38,20.0,,,Eevee,0.08 0.1 0. 0. 0. 0. 0. 0.38,20.0,-5,section4a_additional_source_backed_moves.csv,True,True,True,False
D:\02_AI_and_Data\Kaggle-AI-Agents\PTCG_AI_Battle_Challenge\reports\notebook54\section4\section4a_additional_source_backed_moves.csv,Eevee,0.08,20.0,,,Eevee,0.08,20.0,-5,section4a_additional_source_backed_moves.csv,True,True,True,False
D:\02_AI_and_Data\Kaggle-AI-Agents\PTCG_AI_Battle_Challenge\reports\notebook54\section4\section4a_additional_source_backed_moves.csv,Eevee,0.1,20.0,,,Eevee,0.1,20.0,-5,section4a_additional_source_backed_moves.csv,True,True,True,False
D:\02_AI_and_Data\Kaggle-AI-Agents\PTCG_AI_Battle_Challenge\reports\notebook54\section4\section4a_additional_source_backed_moves.csv,Eevee,0.38,20.0,,,Eevee,0.38,20.0,-5,section4a_additional_source_backed_moves.csv,True,True,True,False
D:\02_AI_and_Data\Kaggle-AI-Agents\PTCG_AI_Battle_Challenge\reports\notebook54\section4\section4a_additional_source_backed_moves.csv,Eevee,0.2 0.2 0. 0. 0. 0. 0. 0.55,20.0,,,Eevee,0.2 0.2 0. 0. 0. 0. 0. 0.55,20.0,-5,section4a_additional_source_backed_moves.csv,True,True,True,False
D:\02_AI_and_Data\Kaggle-AI-Agents\PTCG_AI_Battle_Challenge\reports\notebook54\section4\section4a_additional_source_backed_moves.csv,Eevee,0.55,20.0,,,Eevee,0.55,20.0,-5,section4a_additional_source_backed_moves.csv,True,True,True,False
D:\02_AI_and_Data\Kaggle-AI-Agents\PTCG_AI_Battle_Challenge\reports\notebook54\section4\section4a_additional_source_backed_moves.csv,Eevee,0.08 0.1 1. 0. 0. 0. 0. 1.38,18.0,,,Eevee,0.08 0.1 1. 0. 0. 0. 0. 1.38,18.0,-5,section4a_additional_source_backed_moves.csv,True,True,True,False
D:\02_AI_and_Data\Kaggle-AI-Agents\PTCG_AI_Battle_Challenge\reports\notebook54\section4\section4a_additional_source_backed_moves.csv,Eevee,1.38,18.0,,,Eevee,1.38,18.0,-5,section4a_additional_source_backed_moves.csv,True,True,True,False
D:\02_AI_and_Data\Kaggle-AI-Agents\PTCG_AI_Battle_Challenge\reports\notebook54\section4\section4a_additional_source_backed_moves.csv,Meowth,0.24 0.2 0. 0. 0. 0. 0. 0.64,60.0,,,Meowth,0.24 0.2 0. 0. 0. 0. 0. 0.64,60.0,-5,section4a_additional_source_backed_moves.csv,True,True,True,False
D:\02_AI_and_Data\Kaggle-AI-Agents\PTCG_AI_Battle_Challenge\reports\notebook54\section4\section4a_additional_source_backed_moves.csv,Meowth,0.24,60.0,,,Meowth,0.24,60.0,-5,section4a_additional_source_backed_moves.csv,True,True,True,False
D:\02_AI_and_Data\Kaggle-AI-Agents\PTCG_AI_Battle_Challenge\reports\notebook54\section4\section4a_additional_source_backed_moves.csv,Meowth,0.2,60.0,,,Meowth,0.2,60.0,-5,section4a_additional_source_backed_moves.csv,True,True,True,False
D:\02_AI_and_Data\Kaggle-AI-Agents\PTCG_AI_Battle_Challenge\reports\notebook54\section4\section4a_additional_source_backed_moves.csv,Meowth,0.0,60.0,,,Meowth,0.0,60.0,-5,section4a_additional_source_backed_moves.csv,True,True,True,False
D:\02_AI_and_Data\Kaggle-AI-Agents\PTCG_AI_Battle_Challenge\reports\notebook54\section4\section4a_additional_source_backed_moves.csv,Meowth,0.639999999999999,60.0,,,Meowth,0.639999999999999,60.0,-5,section4a_additional_source_backed_moves.csv,True,True,True,False
D:\02_AI_and_Data\Kaggle-AI-Agents\PTCG_AI_Battle_Challenge\reports\notebook54\section4\section4a_additional_source_backed_moves.csv,Meowth,0.24 0.2 1. 0. 0. 0. 0. 1.64,33.0,,,Meowth,0.24 0.2 1. 0. 0. 0. 0. 1.64,33.0,-5,section4a_additional_source_backed_moves.csv,True,True,True,False
D:\02_AI_and_Data\Kaggle-AI-Agents\PTCG_AI_Battle_Challenge\reports\notebook54\section4\section4a_additional_source_backed_moves.csv,Meowth,1.0,33.0,,,Meowth,1.0,33.0,-5,section4a_additional_source_backed_moves.csv,True,True,True,False
D:\02_AI_and_Data\Kaggle-AI-Agents\PTCG_AI_Battle_Challenge\reports\notebook54\section4\section4a_additional_source_backed_moves.csv,Meowth,1.6400000000000001,33.0,,,Meowth,1.6400000000000001,33.0,-5,section4a_additional_source_backed_moves.csv,True,True,True,False
D:\02_AI_and_Data\Kaggle-AI-Agents\PTCG_AI_Battle_Challenge\reports\notebook54\section4\section4a_additional_source_backed_moves.csv,Meowth,0.08 0.1 0. 0. 0. 0. 0. 0.38,20.0,,,Meowth,0.08 0.1 0. 0. 0. 0. 0. 0.38,20.0,-5,section4a_additional_source_backed_moves.csv,True,True,True,False
D:\02_AI_and_Data\Kaggle-AI-Agents\PTCG_AI_Battle_Challenge\reports\notebook54\section4\section4a_additional_source_backed_moves.csv,Meowth,0.08,20.0,,,Meowth,0.08,20.0,-5,section4a_additional_source_backed_moves.csv,True,True,True,False
D:\02_AI_and_Data\Kaggle-AI-Agents\PTCG_AI_Battle_Challenge\reports\notebook54\section4\section4a_additional_source_backed_moves.csv,Meowth,0.1,20.0,,,Meowth,0.1,20.0,-5,section4a_additional_source_backed_moves.csv,True,True,True,False
D:\02_AI_and_Data\Kaggle-AI-Agents\PTCG_AI_Battle_Challenge\reports\notebook54\section4\section4a_additional_source_backed_moves.csv,Meowth,0.38,20.0,,,Meowth,0.38,20.0,-5,section4a_additional_source_backed_moves.csv,True,True,True,False
D:\02_AI_and_Data\Kaggle-AI-Agents\PTCG_AI_Battle_Challenge\reports\notebook54\section4\section4a_additional_source_backed_moves.csv,Meowth,0.08 0.1 1. 0. 0. 0. 0. 1.38,8.0,,,Meowth,0.08 0.1 1. 0. 0. 0. 0. 1.38,8.0,-5,section4a_additional_source_backed_moves.csv,True,True,True,False
D:\02_AI_and_Data\Kaggle-AI-Agents\PTCG_AI_Battle_Challenge\reports\notebook54\section4\section4a_additional_source_backed_moves.csv,Meowth,1.38,8.0,,,Meowth,1.38,8.0,-5,section4a_additional_source_backed_moves.csv,True,True,True,False
D:\02_AI_and_Data\Kaggle-AI-Agents\PTCG_AI_Battle_Challenge\reports\notebook54\section4\section4a_move_damage_conflicts.csv,Bulbasaur,0.0,3,,,Bulbasaur,0.0,3.0,-5,section4a_move_damage_conflicts.csv,True,True,True,False
D:\02_AI_and_Data\Kaggle-AI-Agents\PTCG_AI_Battle_Challenge\reports\notebook54\section4\section4a_move_damage_conflicts.csv,Bulbasaur,0.1,2,,,Bulbasaur,0.1,2.0,-5,section4a_move_damage_conflicts.csv,True,True,True,False
D:\02_AI_and_Data\Kaggle-AI-Agents\PTCG_AI_Battle_Challenge\reports\notebook54\section4\section4a_move_damage_conflicts.csv,Bulbasaur,0.12,2,,,Bulbasaur,0.12,2.0,-5,section4a_move_damage_conflicts.csv,True,True,True,False
D:\02_AI_and_Data\Kaggle-AI-Agents\PTCG_AI_Battle_Challenge\reports\notebook54\section4\section4a_move_damage_conflicts.csv,Bulbasaur,0.12 0.1 0. 0. 0. 0. 0. 0.52,2,,,Bulbasaur,0.12 0.1 0. 0. 0. 0. 0. 0.52,2.0,-5,section4a_move_damage_conflicts.csv,True,True,True,False
D:\02_AI_and_Data\Kaggle-AI-Agents\PTCG_AI_Battle_Challenge\reports\notebook54\section4\section4a_move_damage_conflicts.csv,Bulbasaur,0.12 0.1 1. 0. 0. 0. 0. 1.52,2,,,Bulbasaur,0.12 0.1 1. 0. 0. 0. 0. 1.52,2.0,-5,section4a_move_damage_conflicts.csv,True,True,True,False
D:\02_AI_and_Data\Kaggle-AI-Agents\PTCG_AI_Battle_Challenge\reports\notebook54\section4\section4a_move_damage_conflicts.csv,Bulbasaur,0.2,3,,,Bulbasaur,0.2,3.0,-5,section4a_move_damage_conflicts.csv,True,True,True,False
D:\02_AI_and_Data\Kaggle-AI-Agents\PTCG_AI_Battle_Challenge\reports\notebook54\section4\section4a_move_damage_conflicts.csv,Bulbasaur,0.28,3,,,Bulbasaur,0.28,3.0,-5,section4a_move_damage_conflicts.csv,True,True,True,False
D:\02_AI_and_Data\Kaggle-AI-Agents\PTCG_AI_Battle_Challenge\reports\notebook54\section4\section4a_move_damage_conflicts.csv,Bulbasaur,0.28 0.2 0. 0. 0. 0. 0. 0.73,2,,,Bulbasaur,0.28 0.2 0. 0. 0. 0. 0. 0.73,2.0,-5,section4a_move_damage_conflicts.csv,True,True,True,False
D:\02_AI_and_Data\Kaggle-AI-Agents\PTCG_AI_Battle_Challenge\reports\notebook54\section4\section4a_move_damage_conflicts.csv,Bulbasaur,0.28 0.2 1. 0. 0. 0. 0. 1.73,2,,,Bulbasaur,0.28 0.2 1. 0. 0. 0. 0. 1.73,2.0,-5,section4a_move_damage_conflicts.csv,True,True,True,False
D:\02_AI_and_Data\Kaggle-AI-Agents\PTCG_AI_Battle_Challenge\reports\notebook54\section4\section4a_move_damage_conflicts.csv,Bulbasaur,0.52,2,,,Bulbasaur,0.52,2.0,-5,section4a_move_damage_conflicts.csv,True,True,True,False
D:\02_AI_and_Data\Kaggle-AI-Agents\PTCG_AI_Battle_Challenge\reports\notebook54\section4\section4a_move_damage_conflicts.csv,Bulbasaur,0.73,2,,,Bulbasaur,0.73,2.0,-5,section4a_move_damage_conflicts.csv,True,True,True,False
D:\02_AI_and_Data\Kaggle-AI-Agents\PTCG_AI_Battle_Challenge\reports\notebook54\section4\section4a_move_damage_conflicts.csv,Bulbasaur,1,2,,,Bulbasaur,1,2.0,-5,section4a_move_damage_conflicts.csv,True,True,True,False
D:\02_AI_and_Data\Kaggle-AI-Agents\PTCG_AI_Battle_Challenge\reports\notebook54\section4\section4a_move_damage_conflicts.csv,Bulbasaur,1.0,3,,,Bulbasaur,1.0,3.0,-5,section4a_move_damage_conflicts.csv,True,True,True,False
D:\02_AI_and_Data\Kaggle-AI-Agents\PTCG_AI_Battle_Challenge\reports\notebook54\section4\section4a_move_damage_conflicts.csv,Bulbasaur,1.52,2,,,Bulbasaur,1.52,2.0,-5,section4a_move_damage_conflicts.csv,True,True,True,False
D:\02_AI_and_Data\Kaggle-AI-Agents\PTCG_AI_Battle_Challenge\reports\notebook54\section4\section4a_move_damage_conflicts.csv,Bulbasaur,1.73,2,,,Bulbasaur,1.73,2.0,-5,section4a_move_damage_conflicts.csv,True,True,True,False
D:\02_AI_and_Data\Kaggle-AI-Agents\PTCG_AI_Battle_Challenge\reports\notebook54\section4\section4a_move_damage_conflicts.csv,Bulbasaur,2,3,,,Bulbasaur,2,3.0,-5,section4a_move_damage_conflicts.csv,True,True,True,False
D:\02_AI_and_Data\Kaggle-AI-Agents\PTCG_AI_Battle_Challenge\reports\notebook54\section4\section4a_move_damage_conflicts.csv,Bulbasaur,21,1,,,Bulbasaur,21,1.0,-5,section4a_move_damage_conflicts.csv,True,True,True,False
D:\02_AI_and_Data\Kaggle-AI-Agents\PTCG_AI_Battle_Challenge\reports\notebook54\section4\section4a_move_damage_conflicts.csv,Bulbasaur,32,1,,,Bulbasaur,32,1.0,-5,section4a_move_damage_conflicts.csv,True,True,True,False
D:\02_AI_and_Data\Kaggle-AI-Agents\PTCG_AI_Battle_Challenge\reports\notebook54\section4\section4a_move_damage_conflicts.csv,Bulbasaur,8,1,,,Bulbasaur,8,1.0,-5,section4a_move_damage_conflicts.csv,True,True,True,False
D:\02_AI_and_Data\Kaggle-AI-Agents\PTCG_AI_Battle_Challenge\reports\notebook54\section4\section4a_move_damage_conflicts.csv,Bulbasaur,81,1,,,Bulbasaur,81,1.0,-5,section4a_move_damage_conflicts.csv,True,True,True,False
D:\02_AI_and_Data\Kaggle-AI-Agents\PTCG_AI_Battle_Challenge\reports\notebook54\section4\section4a_move_damage_conflicts.csv,Bulbasaur,Bind Down,2,,,Bulbasaur,Bind Down,2.0,-5,section4a_move_damage_conflicts.csv,True,True,True,True
D:\02_AI_and_Data\Kaggle-AI-Agents\PTCG_AI_Battle_Challenge\reports\notebook54\section4\section4a_move_damage_conflicts.csv,Bulbasaur,Bite,2,,,Bulbasaur,Bite,2.0,-5,section4a_move_damage_conflicts.csv,True,True,True,False
D:\02_AI_and_Data\Kaggle-AI-Agents\PTCG_AI_Battle_Challenge\reports\notebook54\section4\section4a_move_damage_conflicts.csv,Bulbasaur,Flame Tail,2,,,Bulbasaur,Flame Tail,2.0,-5,section4a_move_damage_conflicts.csv,True,True,True,False
D:\02_AI_and_Data\Kaggle-AI-Agents\PTCG_AI_Battle_Challenge\reports\notebook54\section4\section4a_move_damage_conflicts.csv,Bulbasaur,Fury Swipes,2,,,Bulbasaur,Fury Swipes,2.0,-5,section4a_move_damage_conflicts.csv,True,True,True,False
D:\02_AI_and_Data\Kaggle-AI-Agents\PTCG_AI_Battle_Challenge\reports\notebook54\section4\section4a_move_damage_conflicts.csv,Bulbasaur,Pass,2,,,Bulbasaur,Pass,2.0,-5,section4a_move_damage_conflicts.csv,True,True,True,False
D:\02_AI_and_Data\Kaggle-AI-Agents\PTCG_AI_Battle_Challenge\reports\notebook54\section4\section4a_move_damage_conflicts.csv,Bulbasaur,Quick Attack,3,,,Bulbasaur,Quick Attack,3.0,-5,section4a_move_damage_conflicts.csv,True,True,True,False
D:\02_AI_and_Data\Kaggle-AI-Agents\PTCG_AI_Battle_Challenge\reports\notebook54\section4\section4a_move_damage_conflicts.csv,Bulbasaur,Scratch,2,,,Bulbasaur,Scratch,2.0,-5,section4a_move_damage_conflicts.csv,True,True,True,False
D:\02_AI_and_Data\Kaggle-AI-Agents\PTCG_AI_Battle_Challenge\reports\notebook54\section4\section4a_move_damage_conflicts.csv,Bulbasaur,Tackle,2,,,Bulbasaur,Tackle,2.0,-5,section4a_move_damage_conflicts.csv,True,True,True,False
D:\02_AI_and_Data\Kaggle-AI-Agents\PTCG_AI_Battle_Challenge\reports\notebook54\section4\section4a_move_damage_conflicts.csv,Bulbasaur,Tail Whap,2,,,Bulbasaur,Tail Whap,2.0,-5,section4a_move_damage_conflicts.csv,True,True,True,False
D:\02_AI_and_Data\Kaggle-AI-Agents\PTCG_AI_Battle_Challenge\reports\notebook54\section4\section4a_move_damage_conflicts.csv,Bulbasaur,Thunderbolt,2,,,Bulbasaur,Thunderbolt,2.0,-5,section4a_move_damage_conflicts.csv,True,True,True,False
D:\02_AI_and_Data\Kaggle-AI-Agents\PTCG_AI_Battle_Challenge\reports\notebook54\section4\section4a_move_damage_conflicts.csv,Bulbasaur,Water Pulse,2,,,Bulbasaur,Water Pulse,2.0,-5,section4a_move_damage_conflicts.csv,True,True,True,False
D:\02_AI_and_Data\Kaggle-AI-Agents\PTCG_AI_Battle_Challenge\reports\notebook54\section4\section4a_move_damage_conflicts.csv,Charmander,0.0,2,,,Charmander,0.0,2.0,-5,section4a_move_damage_conflicts.csv,True,True,True,False
D:\02_AI_and_Data\Kaggle-AI-Agents\PTCG_AI_Battle_Challenge\reports\notebook54\section4\section4a_move_damage_conflicts.csv,Charmander,0.08,2,,,Charmander,0.08,2.0,-5,section4a_move_damage_conflicts.csv,True,True,True,False
D:\02_AI_and_Data\Kaggle-AI-Agents\PTCG_AI_Battle_Challenge\reports\notebook54\section4\section4a_move_damage_conflicts.csv,Charmander,0.08 0.1 0. 0. 0. 0. 0. 0.38,2,,,Charmander,0.08 0.1 0. 0. 0. 0. 0. 0.38,2.0,-5,section4a_move_damage_conflicts.csv,True,True,True,False
D:\02_AI_and_Data\Kaggle-AI-Agents\PTCG_AI_Battle_Challenge\reports\notebook54\section4\section4a_move_damage_conflicts.csv,Charmander,0.08 0.1 1. 0. 0. 0. 0. 1.38,2,,,Charmander,0.08 0.1 1. 0. 0. 0. 0. 1.38,2.0,-5,section4a_move_damage_conflicts.csv,True,True,True,False
D:\02_AI_and_Data\Kaggle-AI-Agents\PTCG_AI_Battle_Challenge\reports\notebook54\section4\section4a_move_damage_conflicts.csv,Charmander,0.1,2,,,Charmander,0.1,2.0,-5,section4a_move_damage_conflicts.csv,True,True,True,False
D:\02_AI_and_Data\Kaggle-AI-Agents\PTCG_AI_Battle_Challenge\reports\notebook54\section4\section4a_move_damage_conflicts.csv,Charmander,0.2,2,,,Charmander,0.2,2.0,-5,section4a_move_damage_conflicts.csv,True,True,True,False
D:\02_AI_and_Data\Kaggle-AI-Agents\PTCG_AI_Battle_Challenge\reports\notebook54\section4\section4a_move_damage_conflicts.csv,Charmander,0.2 0.2 0. 0. 0. 0. 0. 0.55,2,,,Charmander,0.2 0.2 0. 0. 0. 0. 0. 0.55,2.0,-5,section4a_move_damage_conflicts.csv,True,True,True,False
D:\02_AI_and_Data\Kaggle-AI-Agents\PTCG_AI_Battle_Challenge\reports\notebook54\section4\section4a_move_damage_conflicts.csv,Charmander,0.2 0.2 1. 0. 0. 0. 0. 1.55,2,,,Charmander,0.2 0.2 1. 0. 0. 0. 0. 1.55,2.0,-5,section4a_move_damage_conflicts.csv,True,True,True,False
D:\02_AI_and_Data\Kaggle-AI-Agents\PTCG_AI_Battle_Challenge\reports\notebook54\section4\section4a_move_damage_conflicts.csv,Charmander,0.38,2,,,Charmander,0.38,2.0,-5,section4a_move_damage_conflicts.csv,True,True,True,False
D:\02_AI_and_Data\Kaggle-AI-Agents\PTCG_AI_Battle_Challenge\reports\notebook54\section4\section4a_move_damage_conflicts.csv,Charmander,0.55,2,,,Charmander,0.55,2.0,-5,section4a_move_damage_conflicts.csv,True,True,True,False
D:\02_AI_and_Data\Kaggle-AI-Agents\PTCG_AI_Battle_Challenge\reports\notebook54\section4\section4a_move_damage_conflicts.csv,Charmander,1,2,,,Charmander,1,2.0,-5,section4a_move_damage_conflicts.csv,True,True,True,False
D:\02_AI_and_Data\Kaggle-AI-Agents\PTCG_AI_Battle_Challenge\reports\notebook54\section4\section4a_move_damage_conflicts.csv,Charmander,1.0,3,,,Charmander,1.0,3.0,-5,section4a_move_damage_conflicts.csv,True,True,True,False
D:\02_AI_and_Data\Kaggle-AI-Agents\PTCG_AI_Battle_Challenge\reports\notebook54\section4\section4a_move_damage_conflicts.csv,Charmander,1.38,2,,,Charmander,1.38,2.0,-5,section4a_move_damage_conflicts.csv,True,True,True,False
D:\02_AI_and_Data\Kaggle-AI-Agents\PTCG_AI_Battle_Challenge\reports\notebook54\section4\section4a_move_damage_conflicts.csv,Charmander,1.55,2,,,Charmander,1.55,2.0,-5,section4a_move_damage_conflicts.csv,True,True,True,False
D:\02_AI_and_Data\Kaggle-AI-Agents\PTCG_AI_Battle_Challenge\reports\notebook54\section4\section4a_move_damage_conflicts.csv,Charmander,2,2,,,Charmander,2,2.0,-5,section4a_move_damage_conflicts.csv,True,True,True,False
D:\02_AI_and_Data\Kaggle-AI-Agents\PTCG_AI_Battle_Challenge\reports\notebook54\section4\section4a_move_damage_conflicts.csv,Charmander,20,1,,,Charmander,20,1.0,-5,section4a_move_damage_conflicts.csv,True,True,True,False
D:\02_AI_and_Data\Kaggle-AI-Agents\PTCG_AI_Battle_Challenge\reports\notebook54\section4\section4a_move_damage_conflicts.csv,Charmander,32,1,,,Charmander,32,1.0,-5,section4a_move_damage_conflicts.csv,True,True,True,False
D:\02_AI_and_Data\Kaggle-AI-Agents\PTCG_AI_Battle_Challenge\reports\notebook54\section4\section4a_move_damage_conflicts.csv,Charmander,8,1,,,Charmander,8,1.0,-5,section4a_move_damage_conflicts.csv,True,True,True,False
D:\02_AI_and_Data\Kaggle-AI-Agents\PTCG_AI_Battle_Challenge\reports\notebook54\section4\section4a_move_damage_conflicts.csv,Charmander,81,1,,,Charmander,81,1.0,-5,section4a_move_damage_conflicts.csv,True,True,True,False
D:\02_AI_and_Data\Kaggle-AI-Agents\PTCG_AI_Battle_Challenge\reports\notebook54\section4\section4a_move_damage_conflicts.csv,Charmander,Bite,2,,,Charmander,Bite,2.0,-5,section4a_move_damage_conflicts.csv,True,True,True,False
D:\02_AI_and_Data\Kaggle-AI-Agents\PTCG_AI_Battle_Challenge\reports\notebook54\section4\section4a_move_damage_conflicts.csv,Charmander,Fury Swipes,2,,,Charmander,Fury Swipes,2.0,-5,section4a_move_damage_conflicts.csv,True,True,True,False
D:\02_AI_and_Data\Kaggle-AI-Agents\PTCG_AI_Battle_Challenge\reports\notebook54\section4\section4a_move_damage_conflicts.csv,Charmander,Live Coal,2,,,Charmander,Live Coal,2.0,-5,section4a_move_damage_conflicts.csv,True,True,True,True
D:\02_AI_and_Data\Kaggle-AI-Agents\PTCG_AI_Battle_Challenge\reports\notebook54\section4\section4a_move_damage_conflicts.csv,Charmander,Pass,2,,,Charmander,Pass,2.0,-5,section4a_move_damage_conflicts.csv,True,True,True,False
D:\02_AI_and_Data\Kaggle-AI-Agents\PTCG_AI_Battle_Challenge\reports\notebook54\section4\section4a_move_damage_conflicts.csv,Charmander,Razor Leaf,2,,,Charmander,Razor Leaf,2.0,-5,section4a_move_damage_conflicts.csv,True,True,True,False
D:\02_AI_and_Data\Kaggle-AI-Agents\PTCG_AI_Battle_Challenge\reports\notebook54\section4\section4a_move_damage_conflicts.csv,Charmander,Tackle,2,,,Charmander,Tackle,2.0,-5,section4a_move_damage_conflicts.csv,True,True,True,False
D:\02_AI_and_Data\Kaggle-AI-Agents\PTCG_AI_Battle_Challenge\reports\notebook54\section4\section4a_move_damage_conflicts.csv,Charmander,Tail Whap,2,,,Charmander,Tail Whap,2.0,-5,section4a_move_damage_conflicts.csv,True,True,True,False
D:\02_AI_and_Data\Kaggle-AI-Agents\PTCG_AI_Battle_Challenge\reports\notebook54\section4\section4a_move_damage_conflicts.csv,Charmander,Thunderbolt,2,,,Charmander,Thunderbolt,2.0,-5,section4a_move_damage_conflicts.csv,True,True,True,False
D:\02_AI_and_Data\Kaggle-AI-Agents\PTCG_AI_Battle_Challenge\reports\notebook54\section4\section4a_move_damage_conflicts.csv,Charmander,Vine Whip,2,,,Charmander,Vine Whip,2.0,-5,section4a_move_damage_conflicts.csv,True,True,True,False
D:\02_AI_and_Data\Kaggle-AI-Agents\PTCG_AI_Battle_Challenge\reports\notebook54\section4\section4a_move_damage_conflicts.csv,Charmander,Water Pulse,2,,,Charmander,Water Pulse,2.0,-5,section4a_move_damage_conflicts.csv,True,True,True,False
D:\02_AI_and_Data\Kaggle-AI-Agents\PTCG_AI_Battle_Challenge\reports\notebook54\section4\section4a_move_damage_conflicts.csv,Eevee,0.0,3,,,Eevee,0.0,3.0,-5,section4a_move_damage_conflicts.csv,True,True,True,False
D:\02_AI_and_Data\Kaggle-AI-Agents\PTCG_AI_Battle_Challenge\reports\notebook54\section4\section4a_move_damage_conflicts.csv,Eevee,0.08,2,,,Eevee,0.08,2.0,-5,section4a_move_damage_conflicts.csv,True,True,True,False
D:\02_AI_and_Data\Kaggle-AI-Agents\PTCG_AI_Battle_Challenge\reports\notebook54\section4\section4a_move_damage_conflicts.csv,Eevee,0.08 0.1 0. 0. 0. 0. 0. 0.38,2,,,Eevee,0.08 0.1 0. 0. 0. 0. 0. 0.38,2.0,-5,section4a_move_damage_conflicts.csv,True,True,True,False
D:\02_AI_and_Data\Kaggle-AI-Agents\PTCG_AI_Battle_Challenge\reports\notebook54\section4\section4a_move_damage_conflicts.csv,Eevee,0.08 0.1 1. 0. 0. 0. 0. 1.38,2,,,Eevee,0.08 0.1 1. 0. 0. 0. 0. 1.38,2.0,-5,section4a_move_damage_conflicts.csv,True,True,True,False
D:\02_AI_and_Data\Kaggle-AI-Agents\PTCG_AI_Battle_Challenge\reports\notebook54\section4\section4a_move_damage_conflicts.csv,Eevee,0.1,2,,,Eevee,0.1,2.0,-5,section4a_move_damage_conflicts.csv,True,True,True,False
D:\02_AI_and_Data\Kaggle-AI-Agents\PTCG_AI_Battle_Challenge\reports\notebook54\section4\section4a_move_damage_conflicts.csv,Eevee,0.2,3,,,Eevee,0.2,3.0,-5,section4a_move_damage_conflicts.csv,True,True,True,False
D:\02_AI_and_Data\Kaggle-AI-Agents\PTCG_AI_Battle_Challenge\reports\notebook54\section4\section4a_move_damage_conflicts.csv,Eevee,0.2 0.2 0. 0. 0. 0. 0. 0.55,2,,,Eevee,0.2 0.2 0. 0. 0. 0. 0. 0.55,2.0,-5,section4a_move_damage_conflicts.csv,True,True,True,False
D:\02_AI_and_Data\Kaggle-AI-Agents\PTCG_AI_Battle_Challenge\reports\notebook54\section4\section4a_move_damage_conflicts.csv,Eevee,0.2 0.2 1. 0. 0. 0. 0. 1.55,2,,,Eevee,0.2 0.2 1. 0. 0. 0. 0. 1.55,2.0,-5,section4a_move_damage_conflicts.csv,True,True,True,False
D:\02_AI_and_Data\Kaggle-AI-Agents\PTCG_AI_Battle_Challenge\reports\notebook54\section4\section4a_move_damage_conflicts.csv,Eevee,0.38,2,,,Eevee,0.38,2.0,-5,section4a_move_damage_conflicts.csv,True,True,True,False
D:\02_AI_and_Data\Kaggle-AI-Agents\PTCG_AI_Battle_Challenge\reports\notebook54\section4\section4a_move_damage_conflicts.csv,Eevee,0.55,2,,,Eevee,0.55,2.0,-5,section4a_move_damage_conflicts.csv,True,True,True,False
D:\02_AI_and_Data\Kaggle-AI-Agents\PTCG_AI_Battle_Challenge\reports\notebook54\section4\section4a_move_damage_conflicts.csv,Eevee,1.0,3,,,Eevee,1.0,3.0,-5,section4a_move_damage_conflicts.csv,True,True,True,False
D:\02_AI_and_Data\Kaggle-AI-Agents\PTCG_AI_Battle_Challenge\reports\notebook54\section4\section4a_move_damage_conflicts.csv,Eevee,1.38,2,,,Eevee,1.38,2.0,-5,section4a_move_damage_conflicts.csv,True,True,True,False
D:\02_AI_and_Data\Kaggle-AI-Agents\PTCG_AI_Battle_Challenge\reports\notebook54\section4\section4a_move_damage_conflicts.csv,Eevee,1.55,2,,,Eevee,1.55,2.0,-5,section4a_move_damage_conflicts.csv,True,True,True,False
D:\02_AI_and_Data\Kaggle-AI-Agents\PTCG_AI_Battle_Challenge\reports\notebook54\section4\section4a_move_damage_conflicts.csv,Eevee,19,1,,,Eevee,19,1.0,-5,section4a_move_damage_conflicts.csv,True,True,True,False
D:\02_AI_and_Data\Kaggle-AI-Agents\PTCG_AI_Battle_Challenge\reports\notebook54\section4\section4a_move_damage_conflicts.csv,Eevee,2,2,,,Eevee,2,2.0,-5,section4a_move_damage_conflicts.csv,True,True,True,False
D:\02_AI_and_Data\Kaggle-AI-Agents\PTCG_AI_Battle_Challenge\reports\notebook54\section4\section4a_move_damage_conflicts.csv,Eevee,32,1,,,Eevee,32,1.0,-5,section4a_move_damage_conflicts.csv,True,True,True,False
D:\02_AI_and_Data\Kaggle-AI-Agents\PTCG_AI_Battle_Challenge\reports\notebook54\section4\section4a_move_damage_conflicts.csv,Eevee,8,1,,,Eevee,8,1.0,-5,section4a_move_damage_conflicts.csv,True,True,True,False
D:\02_AI_and_Data\Kaggle-AI-Agents\PTCG_AI_Battle_Challenge\reports\notebook54\section4\section4a_move_damage_conflicts.csv,Eevee,81,1,,,Eevee,81,1.0,-5,section4a_move_damage_conflicts.csv,True,True,True,False
D:\02_AI_and_Data\Kaggle-AI-Agents\PTCG_AI_Battle_Challenge\reports\notebook54\section4\section4a_move_damage_conflicts.csv,Eevee,Ascension,2,,,Eevee,Ascension,2.0,-5,section4a_move_damage_conflicts.csv,True,True,True,True
D:\02_AI_and_Data\Kaggle-AI-Agents\PTCG_AI_Battle_Challenge\reports\notebook54\section4\section4a_move_damage_conflicts.csv,Eevee,Flame Tail,2,,,Eevee,Flame Tail,2.0,-5,section4a_move_damage_conflicts.csv,True,True,True,False
D:\02_AI_and_Data\Kaggle-AI-Agents\PTCG_AI_Battle_Challenge\reports\notebook54\section4\section4a_move_damage_conflicts.csv,Eevee,Fury Swipes,2,,,Eevee,Fury Swipes,2.0,-5,section4a_move_damage_conflicts.csv,True,True,True,False
D:\02_AI_and_Data\Kaggle-AI-Agents\PTCG_AI_Battle_Challenge\reports\notebook54\section4\section4a_move_damage_conflicts.csv,Eevee,Quick Attack,3,,,Eevee,Quick Attack,3.0,-5,section4a_move_damage_conflicts.csv,True,True,True,True
D:\02_AI_and_Data\Kaggle-AI-Agents\PTCG_AI_Battle_Challenge\reports\notebook54\section4\section4a_move_damage_conflicts.csv,Eevee,Razor Leaf,2,,,Eevee,Razor Leaf,2.0,-5,section4a_move_damage_conflicts.csv,True,True,True,False
D:\02_AI_and_Data\Kaggle-AI-Agents\PTCG_AI_Battle_Challenge\reports\notebook54\section4\section4a_move_damage_conflicts.csv,Eevee,Scratch,2,,,Eevee,Scratch,2.0,-5,section4a_move_damage_conflicts.csv,True,True,True,False
D:\02_AI_and_Data\Kaggle-AI-Agents\PTCG_AI_Battle_Challenge\reports\notebook54\section4\section4a_move_damage_conflicts.csv,Eevee,Tackle,2,,,Eevee,Tackle,2.0,-5,section4a_move_damage_conflicts.csv,True,True,True,False
D:\02_AI_and_Data\Kaggle-AI-Agents\PTCG_AI_Battle_Challenge\reports\notebook54\section4\section4a_move_damage_conflicts.csv,Eevee,Thunderbolt,2,,,Eevee,Thunderbolt,2.0,-5,section4a_move_damage_conflicts.csv,True,True,True,False
D:\02_AI_and_Data\Kaggle-AI-Agents\PTCG_AI_Battle_Challenge\reports\notebook54\section4\section4a_move_damage_conflicts.csv,Eevee,Vine Whip,2,,,Eevee,Vine Whip,2.0,-5,section4a_move_damage_conflicts.csv,True,True,True,False
D:\02_AI_and_Data\Kaggle-AI-Agents\PTCG_AI_Battle_Challenge\reports\notebook54\section4\section4a_move_damage_conflicts.csv,Eevee,Water Pulse,2,,,Eevee,Water Pulse,2.0,-5,section4a_move_damage_conflicts.csv,True,True,True,False
D:\02_AI_and_Data\Kaggle-AI-Agents\PTCG_AI_Battle_Challenge\reports\notebook54\section4\section4a_move_damage_conflicts.csv,Meowth,0.0,3,,,Meowth,0.0,3.0,-5,section4a_move_damage_conflicts.csv,True,True,True,False
D:\02_AI_and_Data\Kaggle-AI-Agents\PTCG_AI_Battle_Challenge\reports\notebook54\section4\section4a_move_damage_conflicts.csv,Meowth,0.08,2,,,Meowth,0.08,2.0,-5,section4a_move_damage_conflicts.csv,True,True,True,False
D:\02_AI_and_Data\Kaggle-AI-Agents\PTCG_AI_Battle_Challenge\reports\notebook54\section4\section4a_move_damage_conflicts.csv,Meowth,0.08 0.1 0. 0. 0. 0. 0. 0.38,2,,,Meowth,0.08 0.1 0. 0. 0. 0. 0. 0.38,2.0,-5,section4a_move_damage_conflicts.csv,True,True,True,False
D:\02_AI_and_Data\Kaggle-AI-Agents\PTCG_AI_Battle_Challenge\reports\notebook54\section4\section4a_move_damage_conflicts.csv,Meowth,0.08 0.1 1. 0. 0. 0. 0. 1.38,2,,,Meowth,0.08 0.1 1. 0. 0. 0. 0. 1.38,2.0,-5,section4a_move_damage_conflicts.csv,True,True,True,False
D:\02_AI_and_Data\Kaggle-AI-Agents\PTCG_AI_Battle_Challenge\reports\notebook54\section4\section4a_move_damage_conflicts.csv,Meowth,0.1,2,,,Meowth,0.1,2.0,-5,section4a_move_damage_conflicts.csv,True,True,True,False
D:\02_AI_and_Data\Kaggle-AI-Agents\PTCG_AI_Battle_Challenge\reports\notebook54\section4\section4a_move_damage_conflicts.csv,Meowth,0.2,2,,,Meowth,0.2,2.0,-5,section4a_move_damage_conflicts.csv,True,True,True,False
D:\02_AI_and_Data\Kaggle-AI-Agents\PTCG_AI_Battle_Challenge\reports\notebook54\section4\section4a_move_damage_conflicts.csv,Meowth,0.24,2,,,Meowth,0.24,2.0,-5,section4a_move_damage_conflicts.csv,True,True,True,False
D:\02_AI_and_Data\Kaggle-AI-Agents\PTCG_AI_Battle_Challenge\reports\notebook54\section4\section4a_move_damage_conflicts.csv,Meowth,0.24 0.2 0. 0. 0. 0. 0. 0.64,2,,,Meowth,0.24 0.2 0. 0. 0. 0. 0. 0.64,2.0,-5,section4a_move_damage_conflicts.csv,True,True,True,False
D:\02_AI_and_Data\Kaggle-AI-Agents\PTCG_AI_Battle_Challenge\reports\notebook54\section4\section4a_move_damage_conflicts.csv,Meowth,0.24 0.2 1. 0. 0. 0. 0. 1.64,2,,,Meowth,0.24 0.2 1. 0. 0. 0. 0. 1.64,2.0,-5,section4a_move_damage_conflicts.csv,True,True,True,False
D:\02_AI_and_Data\Kaggle-AI-Agents\PTCG_AI_Battle_Challenge\reports\notebook54\section4\section4a_move_damage_conflicts.csv,Meowth,0.38,2,,,Meowth,0.38,2.0,-5,section4a_move_damage_conflicts.csv,True,True,True,False
D:\02_AI_and_Data\Kaggle-AI-Agents\PTCG_AI_Battle_Challenge\reports\notebook54\section4\section4a_move_damage_conflicts.csv,Meowth,0.639999999999999,2,,,Meowth,0.639999999999999,2.0,-5,section4a_move_damage_conflicts.csv,True,True,True,False
D:\02_AI_and_Data\Kaggle-AI-Agents\PTCG_AI_Battle_Challenge\reports\notebook54\section4\section4a_move_damage_conflicts.csv,Meowth,1,2,,,Meowth,1,2.0,-5,section4a_move_damage_conflicts.csv,True,True,True,False
D:\02_AI_and_Data\Kaggle-AI-Agents\PTCG_AI_Battle_Challenge\reports\notebook54\section4\section4a_move_damage_conflicts.csv,Meowth,1.0,3,,,Meowth,1.0,3.0,-5,section4a_move_damage_conflicts.csv,True,True,True,False
D:\02_AI_and_Data\Kaggle-AI-Agents\PTCG_AI_Battle_Challenge\reports\notebook54\section4\section4a_move_damage_conflicts.csv,Meowth,1.38,2,,,Meowth,1.38,2.0,-5,section4a_move_damage_conflicts.csv,True,True,True,False
D:\02_AI_and_Data\Kaggle-AI-Agents\PTCG_AI_Battle_Challenge\reports\notebook54\section4\section4a_move_damage_conflicts.csv,Meowth,1.6400000000000001,2,,,Meowth,1.6400000000000001,2.0,-5,section4a_move_damage_conflicts.csv,True,True,True,False
D:\02_AI_and_Data\Kaggle-AI-Agents\PTCG_AI_Battle_Challenge\reports\notebook54\section4\section4a_move_damage_conflicts.csv,Meowth,2,3,,,Meowth,2,3.0,-5,section4a_move_damage_conflicts.csv,True,True,True,False
D:\02_AI_and_Data\Kaggle-AI-Agents\PTCG_AI_Battle_Challenge\reports\notebook54\section4\section4a_move_damage_conflicts.csv,Meowth,21,1,,,Meowth,21,1.0,-5,section4a_move_damage_conflicts.csv,True,True,True,False
D:\02_AI_and_Data\Kaggle-AI-Agents\PTCG_AI_Battle_Challenge\reports\notebook54\section4\section4a_move_damage_conflicts.csv,Meowth,32,1,,,Meowth,32,1.0,-5,section4a_move_damage_conflicts.csv,True,True,True,False
D:\02_AI_and_Data\Kaggle-AI-Agents\PTCG_AI_Battle_Challenge\reports\notebook54\section4\section4a_move_damage_conflicts.csv,Meowth,8,1,,,Meowth,8,1.0,-5,section4a_move_damage_conflicts.csv,True,True,True,False
D:\02_AI_and_Data\Kaggle-AI-Agents\PTCG_AI_Battle_Challenge\reports\notebook54\section4\section4a_move_damage_conflicts.csv,Meowth,81,1,,,Meowth,81,1.0,-5,section4a_move_damage_conflicts.csv,True,True,True,False
D:\02_AI_and_Data\Kaggle-AI-Agents\PTCG_AI_Battle_Challenge\reports\notebook54\section4\section4a_move_damage_conflicts.csv,Meowth,Bite,2,,,Meowth,Bite,2.0,-5,section4a_move_damage_conflicts.csv,True,True,True,False
D:\02_AI_and_Data\Kaggle-AI-Agents\PTCG_AI_Battle_Challenge\reports\notebook54\section4\section4a_move_damage_conflicts.csv,Meowth,Flame Tail,2,,,Meowth,Flame Tail,2.0,-5,section4a_move_damage_conflicts.csv,True,True,True,False
D:\02_AI_and_Data\Kaggle-AI-Agents\PTCG_AI_Battle_Challenge\reports\notebook54\section4\section4a_move_damage_conflicts.csv,Meowth,Quick Attack,2,,,Meowth,Quick Attack,2.0,-5,section4a_move_damage_conflicts.csv,True,True,True,False
D:\02_AI_and_Data\Kaggle-AI-Agents\PTCG_AI_Battle_Challenge\reports\notebook54\section4\section4a_move_damage_conflicts.csv,Meowth,Razor Leaf,2,,,Meowth,Razor Leaf,2.0,-5,section4a_move_damage_conflicts.csv,True,True,True,False
D:\02_AI_and_Data\Kaggle-AI-Agents\PTCG_AI_Battle_Challenge\reports\notebook54\section4\section4a_move_damage_conflicts.csv,Meowth,Scratch,2,,,Meowth,Scratch,2.0,-5,section4a_move_damage_conflicts.csv,True,True,True,False
D:\02_AI_and_Data\Kaggle-AI-Agents\PTCG_AI_Battle_Challenge\reports\notebook54\section4\section4a_move_damage_conflicts.csv,Meowth,Tackle,2,,,Meowth,Tackle,2.0,-5,section4a_move_damage_conflicts.csv,True,True,True,False
D:\02_AI_and_Data\Kaggle-AI-Agents\PTCG_AI_Battle_Challenge\reports\notebook54\section4\section4a_move_damage_conflicts.csv,Meowth,Tail Whap,2,,,Meowth,Tail Whap,2.0,-5,section4a_move_damage_conflicts.csv,True,True,True,False
D:\02_AI_and_Data\Kaggle-AI-Agents\PTCG_AI_Battle_Challenge\reports\notebook54\section4\section4a_move_damage_conflicts.csv,Meowth,Thunderbolt,2,,,Meowth,Thunderbolt,2.0,-5,section4a_move_damage_conflicts.csv,True,True,True,False
D:\02_AI_and_Data\Kaggle-AI-Agents\PTCG_AI_Battle_Challenge\reports\notebook54\section4\section4a_move_damage_conflicts.csv,Meowth,Tuck Tail,2,,,Meowth,Tuck Tail,2.0,-5,section4a_move_damage_conflicts.csv,True,True,True,True
D:\02_AI_and_Data\Kaggle-AI-Agents\PTCG_AI_Battle_Challenge\reports\notebook54\section4\section4a_move_damage_conflicts.csv,Meowth,Vine Whip,2,,,Meowth,Vine Whip,2.0,-5,section4a_move_damage_conflicts.csv,True,True,True,False
D:\02_AI_and_Data\Kaggle-AI-Agents\PTCG_AI_Battle_Challenge\reports\notebook54\section4\section4a_move_damage_conflicts.csv,Meowth,Water Pulse,2,,,Meowth,Water Pulse,2.0,-5,section4a_move_damage_conflicts.csv,True,True,True,False
D:\02_AI_and_Data\Kaggle-AI-Agents\PTCG_AI_Battle_Challenge\reports\notebook54\section4\section4a_card_candidate_profile.csv,Bulbasaur,39,46.0,,,Bulbasaur,39,46.0,-2,section4a_card_candidate_profile.csv,True,True,True,False
D:\02_AI_and_Data\Kaggle-AI-Agents\PTCG_AI_Battle_Challenge\reports\notebook54\section4\section4a_card_candidate_profile.csv,Charmander,37,50.0,,,Charmander,37,50.0,-2,section4a_card_candidate_profile.csv,True,True,True,False
D:\02_AI_and_Data\Kaggle-AI-Agents\PTCG_AI_Battle_Challenge\reports\notebook54\section4\section4a_card_candidate_profile.csv,Eevee,36,31.0,,,Eevee,36,31.0,-2,section4a_card_candidate_profile.csv,True,True,True,False
D:\02_AI_and_Data\Kaggle-AI-Agents\PTCG_AI_Battle_Challenge\reports\notebook54\section4\section4a_card_candidate_profile.csv,Meowth,39,60.0,,,Meowth,39,60.0,-2,section4a_card_candidate_profile.csv,True,True,True,False
D:\02_AI_and_Data\Kaggle-AI-Agents\PTCG_AI_Battle_Challenge\reports\notebook54\section4\section4a_candidate_move_validation_summary.json,Bulbasaur,151,103,,,Bulbasaur,151,103.0,-5,section4a_candidate_move_validation_summary.json,True,True,True,False
D:\02_AI_and_Data\Kaggle-AI-Agents\PTCG_AI_Battle_Challenge\reports\notebook54\section4\section4a_candidate_move_validation_summary.json,Charmander,151,103,,,Charmander,151,103.0,-5,section4a_candidate_move_validation_summary.json,True,True,True,False
D:\02_AI_and_Data\Kaggle-AI-Agents\PTCG_AI_Battle_Challenge\reports\notebook54\section4\section4a_candidate_move_validation_summary.json,Eevee,151,103,,,Eevee,151,103.0,-5,section4a_candidate_move_validation_summary.json,True,True,True,False
D:\02_AI_and_Data\Kaggle-AI-Agents\PTCG_AI_Battle_Challenge\reports\notebook54\section4\section4a_candidate_move_validation_summary.json,Meowth,151,103,,,Meowth,151,103.0,-5,section4a_candidate_move_validation_summary.json,True,True,True,False
D:\02_AI_and_Data\Kaggle-AI-Agents\PTCG_AI_Battle_Challenge\reports\notebook54\section4\section4b_candidate_transitions_by_card.csv,Bulbasaur,8,28.0,,,Bulbasaur,8,28.0,-2,section4b_candidate_transitions_by_card.csv,True,True,True,False
D:\02_AI_and_Data\Kaggle-AI-Agents\PTCG_AI_Battle_Challenge\reports\notebook54\section4\section4b_candidate_transitions_by_card.csv,Charmander,8,16.0,,,Charmander,8,16.0,-2,section4b_candidate_transitions_by_card.csv,True,True,True,False
D:\02_AI_and_Data\Kaggle-AI-Agents\PTCG_AI_Battle_Challenge\reports\notebook54\section4\section4b_candidate_transitions_by_card.csv,Eevee,8,18.0,,,Eevee,8,18.0,-2,section4b_candidate_transitions_by_card.csv,True,True,True,False
D:\02_AI_and_Data\Kaggle-AI-Agents\PTCG_AI_Battle_Challenge\reports\notebook54\section4\section4b_candidate_transitions_by_card.csv,Meowth,8,8.0,,,Meowth,8,8.0,-2,section4b_candidate_transitions_by_card.csv,True,True,True,False
D:\02_AI_and_Data\Kaggle-AI-Agents\PTCG_AI_Battle_Challenge\data\competitive\actor_relative_search_expert_dataset.jsonl,Charmander,"[0.08, 0.1, 0.0, 0.0, 0.0, 0.0, 0.0, 0.38]",50,,,Charmander,"[0.08, 0.1, 0.0, 0.0, 0.0, 0.0, 0.0, 0.38]",50.0,10,actor_relative_search_expert_dataset.jsonl,True,True,True,False
D:\02_AI_and_Data\Kaggle-AI-Agents\PTCG_AI_Battle_Challenge\data\competitive\actor_relative_search_expert_dataset.jsonl,Charmander,"[0.2, 0.2, 0.0, 0.0, 0.0, 0.0, 0.0, 0.55]",50,,,Charmander,"[0.2, 0.2, 0.0, 0.0, 0.0, 0.0, 0.0, 0.55]",50.0,10,actor_relative_search_expert_dataset.jsonl,True,True,True,False
D:\02_AI_and_Data\Kaggle-AI-Agents\PTCG_AI_Battle_Challenge\data\competitive\actor_relative_search_expert_dataset.jsonl,Eevee,"[0.08, 0.1, 0.0, 0.0, 0.0, 0.0, 0.0, 0.38]",20,,,Eevee,"[0.08, 0.1, 0.0, 0.0, 0.0, 0.0, 0.0, 0.38]",20.0,10,actor_relative_search_expert_dataset.jsonl,True,True,True,False
D:\02_AI_and_Data\Kaggle-AI-Agents\PTCG_AI_Battle_Challenge\data\competitive\actor_relative_search_expert_dataset.jsonl,Eevee,"[0.2, 0.2, 0.0, 0.0, 0.0, 0.0, 0.0, 0.55]",20,,,Eevee,"[0.2, 0.2, 0.0, 0.0, 0.0, 0.0, 0.0, 0.55]",20.0,10,actor_relative_search_expert_dataset.jsonl,True,True,True,False
D:\02_AI_and_Data\Kaggle-AI-Agents\PTCG_AI_Battle_Challenge\data\competitive\actor_relative_search_expert_dataset.jsonl,Charmander,"[0.2, 0.2, 1.0, 0.0, 0.0, 0.0, 0.0, 1.55]",20,,,Charmander,"[0.2, 0.2, 1.0, 0.0, 0.0, 0.0, 0.0, 1.55]",20.0,10,actor_relative_search_expert_dataset.jsonl,True,True,True,False
D:\02_AI_and_Data\Kaggle-AI-Agents\PTCG_AI_Battle_Challenge\data\competitive\actor_relative_search_expert_dataset.jsonl,Meowth,"[0.08, 0.1, 0.0, 0.0, 0.0, 0.0, 0.0, 0.38]",20,,,Meowth,"[0.08, 0.1, 0.0, 0.0, 0.0, 0.0, 0.0, 0.38]",20.0,10,actor_relative_search_expert_dataset.jsonl,True,True,True,False
D:\02_AI_and_Data\Kaggle-AI-Agents\PTCG_AI_Battle_Challenge\data\competitive\actor_relative_search_expert_dataset.jsonl,Bulbasaur,"[0.12, 0.1, 0.0, 0.0, 0.0, 0.0, 0.0, 0.52]",30,,,Bulbasaur,"[0.12, 0.1, 0.0, 0.0, 0.0, 0.0, 0.0, 0.52]",30.0,10,actor_relative_search_expert_dataset.jsonl,True,True,True,False
D:\02_AI_and_Data\Kaggle-AI-Agents\PTCG_AI_Battle_Challenge\data\competitive\actor_relative_search_expert_dataset.jsonl,Bulbasaur,"[0.28, 0.2, 0.0, 0.0, 0.0, 0.0, 0.0, 0.73]",30,,,Bulbasaur,"[0.28, 0.2, 0.0, 0.0, 0.0, 0.0, 0.0, 0.73]",30.0,10,actor_relative_search_expert_dataset.jsonl,True,True,True,False
D:\02_AI_and_Data\Kaggle-AI-Agents\PTCG_AI_Battle_Challenge\data\competitive\actor_relative_search_expert_dataset.jsonl,Meowth,"[0.24, 0.2, 0.0, 0.0, 0.0, 0.0, 0.0, 0.639999999999999]",60,,,Meowth,"[0.24, 0.2, 0.0, 0.0, 0.0, 0.0, 0.0, 0.639999999999999]",60.0,10,actor_relative_search_expert_dataset.jsonl,True,True,True,False
D:\02_AI_and_Data\Kaggle-AI-Agents\PTCG_AI_Battle_Challenge\data\competitive\actor_relative_search_expert_dataset.jsonl,Bulbasaur,"[0.28, 0.2, 1.0, 0.0, 0.0, 0.0, 0.0, 1.73]",46,,,Bulbasaur,"[0.28, 0.2, 1.0, 0.0, 0.0, 0.0, 0.0, 1.73]",46.0,10,actor_relative_search_expert_dataset.jsonl,True,True,True,False
D:\02_AI_and_Data\Kaggle-AI-Agents\PTCG_AI_Battle_Challenge\data\competitive\actor_relative_search_expert_dataset.jsonl,Bulbasaur,"[0.12, 0.1, 1.0, 0.0, 0.0, 0.0, 0.0, 1.52]",28,,,Bulbasaur,"[0.12, 0.1, 1.0, 0.0, 0.0, 0.0, 0.0, 1.52]",28.0,10,actor_relative_search_expert_dataset.jsonl,True,True,True,False
D:\02_AI_and_Data\Kaggle-AI-Agents\PTCG_AI_Battle_Challenge\data\competitive\actor_relative_search_expert_dataset.jsonl,Eevee,"[0.2, 0.2, 1.0, 0.0, 0.0, 0.0, 0.0, 1.55]",31,,,Eevee,"[0.2, 0.2, 1.0, 0.0, 0.0, 0.0, 0.0, 1.55]",31.0,10,actor_relative_search_expert_dataset.jsonl,True,True,True,False
D:\02_AI_and_Data\Kaggle-AI-Agents\PTCG_AI_Battle_Challenge\data\competitive\actor_relative_search_expert_dataset.jsonl,Meowth,"[0.24, 0.2, 1.0, 0.0, 0.0, 0.0, 0.0, 1.6400000000000001]",33,,,Meowth,"[0.24, 0.2, 1.0, 0.0, 0.0, 0.0, 0.0, 1.6400000000000001]",33.0,10,actor_relative_search_expert_dataset.jsonl,True,True,True,False
D:\02_AI_and_Data\Kaggle-AI-Agents\PTCG_AI_Battle_Challenge\data\competitive\actor_relative_search_expert_dataset.jsonl,Meowth,"[0.08, 0.1, 1.0, 0.0, 0.0, 0.0, 0.0, 1.38]",8,,,Meowth,"[0.08, 0.1, 1.0, 0.0, 0.0, 0.0, 0.0, 1.38]",8.0,10,actor_relative_search_expert_dataset.jsonl,True,True,True,False
D:\02_AI_and_Data\Kaggle-AI-Agents\PTCG_AI_Battle_Challenge\data\competitive\actor_relative_search_expert_dataset.jsonl,Eevee,"[0.08, 0.1, 1.0, 0.0, 0.0, 0.0, 0.0, 1.38]",18,,,Eevee,"[0.08, 0.1, 1.0, 0.0, 0.0, 0.0, 0.0, 1.38]",18.0,10,actor_relative_search_expert_dataset.jsonl,True,True,True,False
D:\02_AI_and_Data\Kaggle-AI-Agents\PTCG_AI_Battle_Challenge\data\competitive\actor_relative_search_expert_dataset.jsonl,Charmander,"[0.08, 0.1, 1.0, 0.0, 0.0, 0.0, 0.0, 1.38]",16,,,Charmander,"[0.08, 0.1, 1.0, 0.0, 0.0, 0.0, 0.0, 1.38]",16.0,10,actor_relative_search_expert_dataset.jsonl,True,True,True,False
D:\02_AI_and_Data\Kaggle-AI-Agents\PTCG_AI_Battle_Challenge\data\competitive\actor_relative_search_expert_dataset.parquet,Charmander,[0.08 0.1  0.   0.   0.   0.   0.   0.38],50.0,,,Charmander,[0.08 0.1 0. 0. 0. 0. 0. 0.38],50.0,10,actor_relative_search_expert_dataset.parquet,True,True,True,False
D:\02_AI_and_Data\Kaggle-AI-Agents\PTCG_AI_Battle_Challenge\data\competitive\actor_relative_search_expert_dataset.parquet,Charmander,[0.2  0.2  0.   0.   0.   0.   0.   0.55],50.0,,,Charmander,[0.2 0.2 0. 0. 0. 0. 0. 0.55],50.0,10,actor_relative_search_expert_dataset.parquet,True,True,True,False
D:\02_AI_and_Data\Kaggle-AI-Agents\PTCG_AI_Battle_Challenge\data\competitive\actor_relative_search_expert_dataset.parquet,Eevee,[0.08 0.1  0.   0.   0.   0.   0.   0.38],20.0,,,Eevee,[0.08 0.1 0. 0. 0. 0. 0. 0.38],20.0,10,actor_relative_search_expert_dataset.parquet,True,True,True,False
D:\02_AI_and_Data\Kaggle-AI-Agents\PTCG_AI_Battle_Challenge\data\competitive\actor_relative_search_expert_dataset.parquet,Eevee,[0.2  0.2  0.   0.   0.   0.   0.   0.55],20.0,,,Eevee,[0.2 0.2 0. 0. 0. 0. 0. 0.55],20.0,10,actor_relative_search_expert_dataset.parquet,True,True,True,False
D:\02_AI_and_Data\Kaggle-AI-Agents\PTCG_AI_Battle_Challenge\data\competitive\actor_relative_search_expert_dataset.parquet,Charmander,[0.2  0.2  1.   0.   0.   0.   0.   1.55],20.0,,,Charmander,[0.2 0.2 1. 0. 0. 0. 0. 1.55],20.0,10,actor_relative_search_expert_dataset.parquet,True,True,True,False
D:\02_AI_and_Data\Kaggle-AI-Agents\PTCG_AI_Battle_Challenge\data\competitive\actor_relative_search_expert_dataset.parquet,Meowth,[0.08 0.1  0.   0.   0.   0.   0.   0.38],20.0,,,Meowth,[0.08 0.1 0. 0. 0. 0. 0. 0.38],20.0,10,actor_relative_search_expert_dataset.parquet,True,True,True,False
D:\02_AI_and_Data\Kaggle-AI-Agents\PTCG_AI_Battle_Challenge\data\competitive\actor_relative_search_expert_dataset.parquet,Bulbasaur,[0.12 0.1  0.   0.   0.   0.   0.   0.52],30.0,,,Bulbasaur,[0.12 0.1 0. 0. 0. 0. 0. 0.52],30.0,10,actor_relative_search_expert_dataset.parquet,True,True,True,False
D:\02_AI_and_Data\Kaggle-AI-Agents\PTCG_AI_Battle_Challenge\data\competitive\actor_relative_search_expert_dataset.parquet,Bulbasaur,[0.28 0.2  0.   0.   0.   0.   0.   0.73],30.0,,,Bulbasaur,[0.28 0.2 0. 0. 0. 0. 0. 0.73],30.0,10,actor_relative_search_expert_dataset.parquet,True,True,True,False
D:\02_AI_and_Data\Kaggle-AI-Agents\PTCG_AI_Battle_Challenge\data\competitive\actor_relative_search_expert_dataset.parquet,Meowth,[0.24 0.2  0.   0.   0.   0.   0.   0.64],60.0,,,Meowth,[0.24 0.2 0. 0. 0. 0. 0. 0.64],60.0,10,actor_relative_search_expert_dataset.parquet,True,True,True,False
D:\02_AI_and_Data\Kaggle-AI-Agents\PTCG_AI_Battle_Challenge\data\competitive\actor_relative_search_expert_dataset.parquet,Bulbasaur,[0.28 0.2  1.   0.   0.   0.   0.   1.73],46.0,,,Bulbasaur,[0.28 0.2 1. 0. 0. 0. 0. 1.73],46.0,10,actor_relative_search_expert_dataset.parquet,True,True,True,False
D:\02_AI_and_Data\Kaggle-AI-Agents\PTCG_AI_Battle_Challenge\data\competitive\actor_relative_search_expert_dataset.parquet,Bulbasaur,[0.12 0.1  1.   0.   0.   0.   0.   1.52],28.0,,,Bulbasaur,[0.12 0.1 1. 0. 0. 0. 0. 1.52],28.0,10,actor_relative_search_expert_dataset.parquet,True,True,True,False
D:\02_AI_and_Data\Kaggle-AI-Agents\PTCG_AI_Battle_Challenge\data\competitive\actor_relative_search_expert_dataset.parquet,Eevee,[0.2  0.2  1.   0.   0.   0.   0.   1.55],31.0,,,Eevee,[0.2 0.2 1. 0. 0. 0. 0. 1.55],31.0,10,actor_relative_search_expert_dataset.parquet,True,True,True,False
D:\02_AI_and_Data\Kaggle-AI-Agents\PTCG_AI_Battle_Challenge\data\competitive\actor_relative_search_expert_dataset.parquet,Meowth,[0.24 0.2  1.   0.   0.   0.   0.   1.64],33.0,,,Meowth,[0.24 0.2 1. 0. 0. 0. 0. 1.64],33.0,10,actor_relative_search_expert_dataset.parquet,True,True,True,False
D:\02_AI_and_Data\Kaggle-AI-Agents\PTCG_AI_Battle_Challenge\data\competitive\actor_relative_search_expert_dataset.parquet,Meowth,[0.08 0.1  1.   0.   0.   0.   0.   1.38],8.0,,,Meowth,[0.08 0.1 1. 0. 0. 0. 0. 1.38],8.0,10,actor_relative_search_expert_dataset.parquet,True,True,True,False
D:\02_AI_and_Data\Kaggle-AI-Agents\PTCG_AI_Battle_Challenge\data\competitive\actor_relative_search_expert_dataset.parquet,Eevee,[0.08 0.1  1.   0.   0.   0.   0.   1.38],18.0,,,Eevee,[0.08 0.1 1. 0. 0. 0. 0. 1.38],18.0,10,actor_relative_search_expert_dataset.parquet,True,True,True,False
D:\02_AI_and_Data\Kaggle-AI-Agents\PTCG_AI_Battle_Challenge\data\competitive\actor_relative_search_expert_dataset.parquet,Charmander,[0.08 0.1  1.   0.   0.   0.   0.   1.38],16.0,,,Charmander,[0.08 0.1 1. 0. 0. 0. 0. 1.38],16.0,10,actor_relative_search_expert_dataset.parquet,True,True,True,False
D:\02_AI_and_Data\Kaggle-AI-Agents\PTCG_AI_Battle_Challenge\reports\notebook52\section5\section5b_expanded_turn_results.csv,Bulbasaur,Bind Down,10.0,,,Bulbasaur,Bind Down,10.0,-5,section5b_expanded_turn_results.csv,True,True,True,True
D:\02_AI_and_Data\Kaggle-AI-Agents\PTCG_AI_Battle_Challenge\reports\notebook52\section5\section5b_expanded_turn_results.csv,Eevee,Quick Attack,20.0,,,Eevee,Quick Attack,20.0,-5,section5b_expanded_turn_results.csv,True,True,True,True
D:\02_AI_and_Data\Kaggle-AI-Agents\PTCG_AI_Battle_Challenge\reports\notebook52\section5\section5b_expanded_turn_results.csv,Eevee,Ascension,0.0,,,Eevee,Ascension,0.0,-5,section5b_expanded_turn_results.csv,True,True,True,True
D:\02_AI_and_Data\Kaggle-AI-Agents\PTCG_AI_Battle_Challenge\reports\notebook52\section5\section5b_expanded_turn_results.csv,Charmander,Live Coal,20.0,,,Charmander,Live Coal,20.0,-5,section5b_expanded_turn_results.csv,True,True,True,True
D:\02_AI_and_Data\Kaggle-AI-Agents\PTCG_AI_Battle_Challenge\reports\notebook52\section5\section5b_expanded_turn_results.csv,Meowth,Tuck Tail,0.0,,,Meowth,Tuck Tail,0.0,-5,section5b_expanded_turn_results.csv,True,True,True,True
D:\02_AI_and_Data\Kaggle-AI-Agents\PTCG_AI_Battle_Challenge\reports\notebook52\section5\section5b_expanded_turn_results.csv,Bulbasaur,Pass,0.0,,,Bulbasaur,Pass,0.0,-5,section5b_expanded_turn_results.csv,True,True,True,False
D:\02_AI_and_Data\Kaggle-AI-Agents\PTCG_AI_Battle_Challenge\reports\notebook52\section5\section5b_expanded_turn_results.csv,Charmander,Pass,0.0,,,Charmander,Pass,0.0,-5,section5b_expanded_turn_results.csv,True,True,True,False
D:\02_AI_and_Data\Kaggle-AI-Agents\PTCG_AI_Battle_Challenge\reports\notebook53\section6\section6e_tournament_replay_turns.csv,Bulbasaur,Bind Down,10.0,,,Bulbasaur,Bind Down,10.0,-5,section6e_tournament_replay_turns.csv,True,True,True,True
D:\02_AI_and_Data\Kaggle-AI-Agents\PTCG_AI_Battle_Challenge\reports\notebook53\section6\section6e_tournament_replay_turns.csv,Eevee,Quick Attack,20.0,,,Eevee,Quick Attack,20.0,-5,section6e_tournament_replay_turns.csv,True,True,True,True
D:\02_AI_and_Data\Kaggle-AI-Agents\PTCG_AI_Battle_Challenge\reports\notebook53\section6\section6e_tournament_replay_turns.csv,Eevee,Ascension,0.0,,,Eevee,Ascension,0.0,-5,section6e_tournament_replay_turns.csv,True,True,True,True
D:\02_AI_and_Data\Kaggle-AI-Agents\PTCG_AI_Battle_Challenge\reports\notebook53\section6\section6e_tournament_replay_turns.csv,Charmander,Live Coal,20.0,,,Charmander,Live Coal,20.0,-5,section6e_tournament_replay_turns.csv,True,True,True,True
D:\02_AI_and_Data\Kaggle-AI-Agents\PTCG_AI_Battle_Challenge\reports\notebook53\section6\section6e_tournament_replay_turns.csv,Meowth,Tuck Tail,0.0,,,Meowth,Tuck Tail,0.0,-5,section6e_tournament_replay_turns.csv,True,True,True,True
D:\02_AI_and_Data\Kaggle-AI-Agents\PTCG_AI_Battle_Challenge\reports\notebook53\section6\section6e_tournament_replay_turns.csv,Bulbasaur,Pass,0.0,,,Bulbasaur,Pass,0.0,-5,section6e_tournament_replay_turns.csv,True,True,True,False
D:\02_AI_and_Data\Kaggle-AI-Agents\PTCG_AI_Battle_Challenge\reports\notebook53\section6\section6e_tournament_replay_turns.csv,Charmander,Pass,0.0,,,Charmander,Pass,0.0,-5,section6e_tournament_replay_turns.csv,True,True,True,False
D:\02_AI_and_Data\Kaggle-AI-Agents\PTCG_AI_Battle_Challenge\reports\notebook46\actor_perspective_suspicious_records.csv,Charmander,Tail Whap,0.0,,,Charmander,Tail Whap,0.0,-5,actor_perspective_suspicious_records.csv,True,True,True,False
D:\02_AI_and_Data\Kaggle-AI-Agents\PTCG_AI_Battle_Challenge\reports\notebook46\actor_perspective_suspicious_records.csv,Charmander,Bite,0.0,,,Charmander,Bite,0.0,-5,actor_perspective_suspicious_records.csv,True,True,True,False
D:\02_AI_and_Data\Kaggle-AI-Agents\PTCG_AI_Battle_Challenge\reports\notebook46\actor_perspective_suspicious_records.csv,Bulbasaur,Quick Attack,0.0,,,Bulbasaur,Quick Attack,0.0,-5,actor_perspective_suspicious_records.csv,True,True,True,False
D:\02_AI_and_Data\Kaggle-AI-Agents\PTCG_AI_Battle_Challenge\reports\notebook46\actor_perspective_suspicious_records.csv,Bulbasaur,Flame Tail,0.0,,,Bulbasaur,Flame Tail,0.0,-5,actor_perspective_suspicious_records.csv,True,True,True,False
D:\02_AI_and_Data\Kaggle-AI-Agents\PTCG_AI_Battle_Challenge\reports\notebook46\actor_perspective_suspicious_records.csv,Eevee,Thunderbolt,0.0,,,Eevee,Thunderbolt,0.0,-5,actor_perspective_suspicious_records.csv,True,True,True,False
D:\02_AI_and_Data\Kaggle-AI-Agents\PTCG_AI_Battle_Challenge\reports\notebook46\actor_perspective_suspicious_records.csv,Eevee,Tackle,0.0,,,Eevee,Tackle,0.0,-5,actor_perspective_suspicious_records.csv,True,True,True,False
D:\02_AI_and_Data\Kaggle-AI-Agents\PTCG_AI_Battle_Challenge\reports\notebook46\actor_perspective_suspicious_records.csv,Bulbasaur,Thunderbolt,0.0,,,Bulbasaur,Thunderbolt,0.0,-5,actor_perspective_suspicious_records.csv,True,True,True,False
D:\02_AI_and_Data\Kaggle-AI-Agents\PTCG_AI_Battle_Challenge\reports\notebook46\actor_perspective_suspicious_records.csv,Charmander,Vine Whip,0.0,,,Charmander,Vine Whip,0.0,-5,actor_perspective_suspicious_records.csv,True,True,True,False
D:\02_AI_and_Data\Kaggle-AI-Agents\PTCG_AI_Battle_Challenge\reports\notebook46\actor_perspective_suspicious_records.csv,Bulbasaur,Bite,0.0,,,Bulbasaur,Bite,0.0,-5,actor_perspective_suspicious_records.csv,True,True,True,False
D:\02_AI_and_Data\Kaggle-AI-Agents\PTCG_AI_Battle_Challenge\reports\notebook46\actor_perspective_suspicious_records.csv,Charmander,Thunderbolt,0.0,,,Charmander,Thunderbolt,0.0,-5,actor_perspective_suspicious_records.csv,True,True,True,False
D:\02_AI_and_Data\Kaggle-AI-Agents\PTCG_AI_Battle_Challenge\reports\notebook46\actor_perspective_suspicious_records.csv,Charmander,Fury Swipes,0.0,,,Charmander,Fury Swipes,0.0,-5,actor_perspective_suspicious_records.csv,True,True,True,False
D:\02_AI_and_Data\Kaggle-AI-Agents\PTCG_AI_Battle_Challenge\reports\notebook46\actor_perspective_suspicious_records.csv,Meowth,Vine Whip,0.0,,,Meowth,Vine Whip,0.0,-5,actor_perspective_suspicious_records.csv,True,True,True,False
D:\02_AI_and_Data\Kaggle-AI-Agents\PTCG_AI_Battle_Challenge\reports\notebook46\actor_perspective_suspicious_records.csv,Meowth,Tackle,0.0,,,Meowth,Tackle,0.0,-5,actor_perspective_suspicious_records.csv,True,True,True,False
D:\02_AI_and_Data\Kaggle-AI-Agents\PTCG_AI_Battle_Challenge\reports\notebook46\actor_perspective_suspicious_records.csv,Eevee,Razor Leaf,0.0,,,Eevee,Razor Leaf,0.0,-5,actor_perspective_suspicious_records.csv,True,True,True,False
D:\02_AI_and_Data\Kaggle-AI-Agents\PTCG_AI_Battle_Challenge\reports\notebook46\actor_perspective_suspicious_records.csv,Eevee,Flame Tail,0.0,,,Eevee,Flame Tail,0.0,-5,actor_perspective_suspicious_records.csv,True,True,True,False
D:\02_AI_and_Data\Kaggle-AI-Agents\PTCG_AI_Battle_Challenge\reports\notebook46\actor_perspective_suspicious_records.csv,Meowth,Quick Attack,0.0,,,Meowth,Quick Attack,0.0,-5,actor_perspective_suspicious_records.csv,True,True,True,False
D:\02_AI_and_Data\Kaggle-AI-Agents\PTCG_AI_Battle_Challenge\reports\notebook46\actor_perspective_suspicious_records.csv,Eevee,Water Pulse,0.0,,,Eevee,Water Pulse,0.0,-5,actor_perspective_suspicious_records.csv,True,True,True,False
D:\02_AI_and_Data\Kaggle-AI-Agents\PTCG_AI_Battle_Challenge\reports\notebook46\actor_perspective_suspicious_records.csv,Meowth,Tail Whap,0.0,,,Meowth,Tail Whap,0.0,-5,actor_perspective_suspicious_records.csv,True,True,True,False
D:\02_AI_and_Data\Kaggle-AI-Agents\PTCG_AI_Battle_Challenge\reports\notebook46\actor_perspective_suspicious_records.csv,Meowth,Bite,0.0,,,Meowth,Bite,0.0,-5,actor_perspective_suspicious_records.csv,True,True,True,False
D:\02_AI_and_Data\Kaggle-AI-Agents\PTCG_AI_Battle_Challenge\reports\notebook46\actor_perspective_suspicious_records.csv,Charmander,Water Pulse,0.0,,,Charmander,Water Pulse,0.0,-5,actor_perspective_suspicious_records.csv,True,True,True,False
D:\02_AI_and_Data\Kaggle-AI-Agents\PTCG_AI_Battle_Challenge\reports\notebook46\actor_perspective_suspicious_records.csv,Charmander,Razor Leaf,0.0,,,Charmander,Razor Leaf,0.0,-5,actor_perspective_suspicious_records.csv,True,True,True,False
D:\02_AI_and_Data\Kaggle-AI-Agents\PTCG_AI_Battle_Challenge\reports\notebook46\actor_perspective_suspicious_records.csv,Eevee,Scratch,0.0,,,Eevee,Scratch,0.0,-5,actor_perspective_suspicious_records.csv,True,True,True,False
D:\02_AI_and_Data\Kaggle-AI-Agents\PTCG_AI_Battle_Challenge\reports\notebook46\actor_perspective_suspicious_records.csv,Bulbasaur,Water Pulse,0.0,,,Bulbasaur,Water Pulse,0.0,-5,actor_perspective_suspicious_records.csv,True,True,True,False
D:\02_AI_and_Data\Kaggle-AI-Agents\PTCG_AI_Battle_Challenge\reports\notebook46\actor_perspective_suspicious_records.csv,Eevee,Vine Whip,0.0,,,Eevee,Vine Whip,0.0,-5,actor_perspective_suspicious_records.csv,True,True,True,False
D:\02_AI_and_Data\Kaggle-AI-Agents\PTCG_AI_Battle_Challenge\reports\notebook46\actor_perspective_suspicious_records.csv,Bulbasaur,Tail Whap,0.0,,,Bulbasaur,Tail Whap,0.0,-5,actor_perspective_suspicious_records.csv,True,True,True,False
D:\02_AI_and_Data\Kaggle-AI-Agents\PTCG_AI_Battle_Challenge\reports\notebook46\actor_perspective_suspicious_records.csv,Charmander,Tackle,0.0,,,Charmander,Tackle,0.0,-5,actor_perspective_suspicious_records.csv,True,True,True,False
D:\02_AI_and_Data\Kaggle-AI-Agents\PTCG_AI_Battle_Challenge\reports\notebook46\actor_perspective_suspicious_records.csv,Bulbasaur,Fury Swipes,0.0,,,Bulbasaur,Fury Swipes,0.0,-5,actor_perspective_suspicious_records.csv,True,True,True,False
D:\02_AI_and_Data\Kaggle-AI-Agents\PTCG_AI_Battle_Challenge\reports\notebook46\actor_perspective_suspicious_records.csv,Meowth,Water Pulse,0.0,,,Meowth,Water Pulse,0.0,-5,actor_perspective_suspicious_records.csv,True,True,True,False
D:\02_AI_and_Data\Kaggle-AI-Agents\PTCG_AI_Battle_Challenge\reports\notebook46\actor_perspective_suspicious_records.csv,Bulbasaur,Scratch,0.0,,,Bulbasaur,Scratch,0.0,-5,actor_perspective_suspicious_records.csv,True,True,True,False
D:\02_AI_and_Data\Kaggle-AI-Agents\PTCG_AI_Battle_Challenge\reports\notebook46\actor_perspective_suspicious_records.csv,Meowth,Thunderbolt,0.0,,,Meowth,Thunderbolt,0.0,-5,actor_perspective_suspicious_records.csv,True,True,True,False
D:\02_AI_and_Data\Kaggle-AI-Agents\PTCG_AI_Battle_Challenge\reports\notebook46\actor_perspective_suspicious_records.csv,Meowth,Flame Tail,0.0,,,Meowth,Flame Tail,0.0,-5,actor_perspective_suspicious_records.csv,True,True,True,False
D:\02_AI_and_Data\Kaggle-AI-Agents\PTCG_AI_Battle_Challenge\reports\notebook46\actor_perspective_suspicious_records.csv,Meowth,Razor Leaf,0.0,,,Meowth,Razor Leaf,0.0,-5,actor_perspective_suspicious_records.csv,True,True,True,False
D:\02_AI_and_Data\Kaggle-AI-Agents\PTCG_AI_Battle_Challenge\reports\notebook46\actor_perspective_suspicious_records.csv,Bulbasaur,Tackle,0.0,,,Bulbasaur,Tackle,0.0,-5,actor_perspective_suspicious_records.csv,True,True,True,False
D:\02_AI_and_Data\Kaggle-AI-Agents\PTCG_AI_Battle_Challenge\reports\notebook46\actor_perspective_suspicious_records.csv,Eevee,Fury Swipes,0.0,,,Eevee,Fury Swipes,0.0,-5,actor_perspective_suspicious_records.csv,True,True,True,False
D:\02_AI_and_Data\Kaggle-AI-Agents\PTCG_AI_Battle_Challenge\reports\notebook46\actor_perspective_suspicious_records.csv,Eevee,Quick Attack,0.0,,,Eevee,Quick Attack,0.0,-5,actor_perspective_suspicious_records.csv,True,True,True,True
D:\02_AI_and_Data\Kaggle-AI-Agents\PTCG_AI_Battle_Challenge\reports\notebook46\actor_perspective_suspicious_records.csv,Meowth,Scratch,0.0,,,Meowth,Scratch,0.0,-5,actor_perspective_suspicious_records.csv,True,True,True,False
D:\02_AI_and_Data\Kaggle-AI-Agents\PTCG_AI_Battle_Challenge\reports\notebook47\competitive_policy_test_predictions.csv,Bulbasaur,2,30.0,,,Bulbasaur,2,30.0,-5,competitive_policy_test_predictions.csv,True,True,True,False
D:\02_AI_and_Data\Kaggle-AI-Agents\PTCG_AI_Battle_Challenge\reports\notebook47\competitive_policy_test_predictions.csv,Charmander,2,20.0,,,Charmander,2,20.0,-5,competitive_policy_test_predictions.csv,True,True,True,False
D:\02_AI_and_Data\Kaggle-AI-Agents\PTCG_AI_Battle_Challenge\reports\notebook47\competitive_policy_test_predictions.csv,Bulbasaur,1,30.0,,,Bulbasaur,1,30.0,-5,competitive_policy_test_predictions.csv,True,True,True,False
D:\02_AI_and_Data\Kaggle-AI-Agents\PTCG_AI_Battle_Challenge\reports\notebook47\competitive_policy_test_predictions.csv,Meowth,2,60.0,,,Meowth,2,60.0,-5,competitive_policy_test_predictions.csv,True,True,True,False
D:\02_AI_and_Data\Kaggle-AI-Agents\PTCG_AI_Battle_Challenge\reports\notebook47\competitive_policy_test_predictions.csv,Eevee,2,20.0,,,Eevee,2,20.0,-5,competitive_policy_test_predictions.csv,True,True,True,False
D:\02_AI_and_Data\Kaggle-AI-Agents\PTCG_AI_Battle_Challenge\reports\notebook47\competitive_policy_test_predictions.csv,Charmander,1,20.0,,,Charmander,1,20.0,-5,competitive_policy_test_predictions.csv,True,True,True,False
D:\02_AI_and_Data\Kaggle-AI-Agents\PTCG_AI_Battle_Challenge\reports\notebook47\competitive_policy_test_predictions.csv,Meowth,1,20.0,,,Meowth,1,20.0,-5,competitive_policy_test_predictions.csv,True,True,True,False
D:\02_AI_and_Data\Kaggle-AI-Agents\PTCG_AI_Battle_Challenge\reports\notebook54\section4\section4a_safe_action_catalog.csv,Bulbasaur,0.28 0.2 1. 0. 0. 0. 0. 1.73,46.0,,,Bulbasaur,0.28 0.2 1. 0. 0. 0. 0. 1.73,46.0,-5,section4a_safe_action_catalog.csv,True,True,True,False
D:\02_AI_and_Data\Kaggle-AI-Agents\PTCG_AI_Battle_Challenge\reports\notebook54\section4\section4a_safe_action_catalog.csv,Bulbasaur,0.28,46.0,,,Bulbasaur,0.28,46.0,-5,section4a_safe_action_catalog.csv,True,True,True,False
D:\02_AI_and_Data\Kaggle-AI-Agents\PTCG_AI_Battle_Challenge\reports\notebook54\section4\section4a_safe_action_catalog.csv,Bulbasaur,0.2,46.0,,,Bulbasaur,0.2,46.0,-5,section4a_safe_action_catalog.csv,True,True,True,False
D:\02_AI_and_Data\Kaggle-AI-Agents\PTCG_AI_Battle_Challenge\reports\notebook54\section4\section4a_safe_action_catalog.csv,Bulbasaur,1.0,46.0,,,Bulbasaur,1.0,46.0,-5,section4a_safe_action_catalog.csv,True,True,True,False
D:\02_AI_and_Data\Kaggle-AI-Agents\PTCG_AI_Battle_Challenge\reports\notebook54\section4\section4a_safe_action_catalog.csv,Bulbasaur,0.0,46.0,,,Bulbasaur,0.0,46.0,-5,section4a_safe_action_catalog.csv,True,True,True,False
D:\02_AI_and_Data\Kaggle-AI-Agents\PTCG_AI_Battle_Challenge\reports\notebook54\section4\section4a_safe_action_catalog.csv,Bulbasaur,1.73,46.0,,,Bulbasaur,1.73,46.0,-5,section4a_safe_action_catalog.csv,True,True,True,False
D:\02_AI_and_Data\Kaggle-AI-Agents\PTCG_AI_Battle_Challenge\reports\notebook54\section4\section4a_safe_action_catalog.csv,Bulbasaur,0.12 0.1 0. 0. 0. 0. 0. 0.52,30.0,,,Bulbasaur,0.12 0.1 0. 0. 0. 0. 0. 0.52,30.0,-5,section4a_safe_action_catalog.csv,True,True,True,False
D:\02_AI_and_Data\Kaggle-AI-Agents\PTCG_AI_Battle_Challenge\reports\notebook54\section4\section4a_safe_action_catalog.csv,Bulbasaur,0.12,30.0,,,Bulbasaur,0.12,30.0,-5,section4a_safe_action_catalog.csv,True,True,True,False
D:\02_AI_and_Data\Kaggle-AI-Agents\PTCG_AI_Battle_Challenge\reports\notebook54\section4\section4a_safe_action_catalog.csv,Bulbasaur,0.1,30.0,,,Bulbasaur,0.1,30.0,-5,section4a_safe_action_catalog.csv,True,True,True,False
D:\02_AI_and_Data\Kaggle-AI-Agents\PTCG_AI_Battle_Challenge\reports\notebook54\section4\section4a_safe_action_catalog.csv,Bulbasaur,0.52,30.0,,,Bulbasaur,0.52,30.0,-5,section4a_safe_action_catalog.csv,True,True,True,False
D:\02_AI_and_Data\Kaggle-AI-Agents\PTCG_AI_Battle_Challenge\reports\notebook54\section4\section4a_safe_action_catalog.csv,Bulbasaur,0.28 0.2 0. 0. 0. 0. 0. 0.73,30.0,,,Bulbasaur,0.28 0.2 0. 0. 0. 0. 0. 0.73,30.0,-5,section4a_safe_action_catalog.csv,True,True,True,False
D:\02_AI_and_Data\Kaggle-AI-Agents\PTCG_AI_Battle_Challenge\reports\notebook54\section4\section4a_safe_action_catalog.csv,Bulbasaur,0.73,30.0,,,Bulbasaur,0.73,30.0,-5,section4a_safe_action_catalog.csv,True,True,True,False
D:\02_AI_and_Data\Kaggle-AI-Agents\PTCG_AI_Battle_Challenge\reports\notebook54\section4\section4a_safe_action_catalog.csv,Bulbasaur,0.12 0.1 1. 0. 0. 0. 0. 1.52,28.0,,,Bulbasaur,0.12 0.1 1. 0. 0. 0. 0. 1.52,28.0,-5,section4a_safe_action_catalog.csv,True,True,True,False
D:\02_AI_and_Data\Kaggle-AI-Agents\PTCG_AI_Battle_Challenge\reports\notebook54\section4\section4a_safe_action_catalog.csv,Bulbasaur,1.52,28.0,,,Bulbasaur,1.52,28.0,-5,section4a_safe_action_catalog.csv,True,True,True,False
D:\02_AI_and_Data\Kaggle-AI-Agents\PTCG_AI_Battle_Challenge\reports\notebook54\section4\section4a_safe_action_catalog.csv,Bulbasaur,Bind Down,10.0,,,Bulbasaur,Bind Down,10.0,-5,section4a_safe_action_catalog.csv,True,True,True,True
D:\02_AI_and_Data\Kaggle-AI-Agents\PTCG_AI_Battle_Challenge\reports\notebook54\section4\section4a_safe_action_catalog.csv,Charmander,0.08 0.1 0. 0. 0. 0. 0. 0.38,50.0,,,Charmander,0.08 0.1 0. 0. 0. 0. 0. 0.38,50.0,-5,section4a_safe_action_catalog.csv,True,True,True,False
D:\02_AI_and_Data\Kaggle-AI-Agents\PTCG_AI_Battle_Challenge\reports\notebook54\section4\section4a_safe_action_catalog.csv,Charmander,0.08,50.0,,,Charmander,0.08,50.0,-5,section4a_safe_action_catalog.csv,True,True,True,False
D:\02_AI_and_Data\Kaggle-AI-Agents\PTCG_AI_Battle_Challenge\reports\notebook54\section4\section4a_safe_action_catalog.csv,Charmander,0.1,50.0,,,Charmander,0.1,50.0,-5,section4a_safe_action_catalog.csv,True,True,True,False
D:\02_AI_and_Data\Kaggle-AI-Agents\PTCG_AI_Battle_Challenge\reports\notebook54\section4\section4a_safe_action_catalog.csv,Charmander,0.0,50.0,,,Charmander,0.0,50.0,-5,section4a_safe_action_catalog.csv,True,True,True,False
D:\02_AI_and_Data\Kaggle-AI-Agents\PTCG_AI_Battle_Challenge\reports\notebook54\section4\section4a_safe_action_catalog.csv,Charmander,0.38,50.0,,,Charmander,0.38,50.0,-5,section4a_safe_action_catalog.csv,True,True,True,False
D:\02_AI_and_Data\Kaggle-AI-Agents\PTCG_AI_Battle_Challenge\reports\notebook54\section4\section4a_safe_action_catalog.csv,Charmander,0.2 0.2 0. 0. 0. 0. 0. 0.55,50.0,,,Charmander,0.2 0.2 0. 0. 0. 0. 0. 0.55,50.0,-5,section4a_safe_action_catalog.csv,True,True,True,False
D:\02_AI_and_Data\Kaggle-AI-Agents\PTCG_AI_Battle_Challenge\reports\notebook54\section4\section4a_safe_action_catalog.csv,Charmander,0.2,50.0,,,Charmander,0.2,50.0,-5,section4a_safe_action_catalog.csv,True,True,True,False
D:\02_AI_and_Data\Kaggle-AI-Agents\PTCG_AI_Battle_Challenge\reports\notebook54\section4\section4a_safe_action_catalog.csv,Charmander,0.55,50.0,,,Charmander,0.55,50.0,-5,section4a_safe_action_catalog.csv,True,True,True,False
D:\02_AI_and_Data\Kaggle-AI-Agents\PTCG_AI_Battle_Challenge\reports\notebook54\section4\section4a_safe_action_catalog.csv,Charmander,0.2 0.2 1. 0. 0. 0. 0. 1.55,20.0,,,Charmander,0.2 0.2 1. 0. 0. 0. 0. 1.55,20.0,-5,section4a_safe_action_catalog.csv,True,True,True,False
D:\02_AI_and_Data\Kaggle-AI-Agents\PTCG_AI_Battle_Challenge\reports\notebook54\section4\section4a_safe_action_catalog.csv,Charmander,1.0,20.0,,,Charmander,1.0,20.0,-5,section4a_safe_action_catalog.csv,True,True,True,False
D:\02_AI_and_Data\Kaggle-AI-Agents\PTCG_AI_Battle_Challenge\reports\notebook54\section4\section4a_safe_action_catalog.csv,Charmander,1.55,20.0,,,Charmander,1.55,20.0,-5,section4a_safe_action_catalog.csv,True,True,True,False
D:\02_AI_and_Data\Kaggle-AI-Agents\PTCG_AI_Battle_Challenge\reports\notebook54\section4\section4a_safe_action_catalog.csv,Charmander,0.08 0.1 1. 0. 0. 0. 0. 1.38,16.0,,,Charmander,0.08 0.1 1. 0. 0. 0. 0. 1.38,16.0,-5,section4a_safe_action_catalog.csv,True,True,True,False
D:\02_AI_and_Data\Kaggle-AI-Agents\PTCG_AI_Battle_Challenge\reports\notebook54\section4\section4a_safe_action_catalog.csv,Charmander,1.38,16.0,,,Charmander,1.38,16.0,-5,section4a_safe_action_catalog.csv,True,True,True,False
D:\02_AI_and_Data\Kaggle-AI-Agents\PTCG_AI_Battle_Challenge\reports\notebook54\section4\section4a_safe_action_catalog.csv,Charmander,Live Coal,20.0,,,Charmander,Live Coal,20.0,-5,section4a_safe_action_catalog.csv,True,True,True,True
D:\02_AI_and_Data\Kaggle-AI-Agents\PTCG_AI_Battle_Challenge\reports\notebook54\section4\section4a_safe_action_catalog.csv,Eevee,0.2 0.2 1. 0. 0. 0. 0. 1.55,31.0,,,Eevee,0.2 0.2 1. 0. 0. 0. 0. 1.55,31.0,-5,section4a_safe_action_catalog.csv,True,True,True,False
D:\02_AI_and_Data\Kaggle-AI-Agents\PTCG_AI_Battle_Challenge\reports\notebook54\section4\section4a_safe_action_catalog.csv,Eevee,0.2,31.0,,,Eevee,0.2,31.0,-5,section4a_safe_action_catalog.csv,True,True,True,False
D:\02_AI_and_Data\Kaggle-AI-Agents\PTCG_AI_Battle_Challenge\reports\notebook54\section4\section4a_safe_action_catalog.csv,Eevee,1.0,31.0,,,Eevee,1.0,31.0,-5,section4a_safe_action_catalog.csv,True,True,True,False
D:\02_AI_and_Data\Kaggle-AI-Agents\PTCG_AI_Battle_Challenge\reports\notebook54\section4\section4a_safe_action_catalog.csv,Eevee,0.0,31.0,,,Eevee,0.0,31.0,-5,section4a_safe_action_catalog.csv,True,True,True,False
D:\02_AI_and_Data\Kaggle-AI-Agents\PTCG_AI_Battle_Challenge\reports\notebook54\section4\section4a_safe_action_catalog.csv,Eevee,1.55,31.0,,,Eevee,1.55,31.0,-5,section4a_safe_action_catalog.csv,True,True,True,False
D:\02_AI_and_Data\Kaggle-AI-Agents\PTCG_AI_Battle_Challenge\reports\notebook54\section4\section4a_safe_action_catalog.csv,Eevee,0.08 0.1 0. 0. 0. 0. 0. 0.38,20.0,,,Eevee,0.08 0.1 0. 0. 0. 0. 0. 0.38,20.0,-5,section4a_safe_action_catalog.csv,True,True,True,False
D:\02_AI_and_Data\Kaggle-AI-Agents\PTCG_AI_Battle_Challenge\reports\notebook54\section4\section4a_safe_action_catalog.csv,Eevee,0.08,20.0,,,Eevee,0.08,20.0,-5,section4a_safe_action_catalog.csv,True,True,True,False
D:\02_AI_and_Data\Kaggle-AI-Agents\PTCG_AI_Battle_Challenge\reports\notebook54\section4\section4a_safe_action_catalog.csv,Eevee,0.1,20.0,,,Eevee,0.1,20.0,-5,section4a_safe_action_catalog.csv,True,True,True,False
D:\02_AI_and_Data\Kaggle-AI-Agents\PTCG_AI_Battle_Challenge\reports\notebook54\section4\section4a_safe_action_catalog.csv,Eevee,0.38,20.0,,,Eevee,0.38,20.0,-5,section4a_safe_action_catalog.csv,True,True,True,False
D:\02_AI_and_Data\Kaggle-AI-Agents\PTCG_AI_Battle_Challenge\reports\notebook54\section4\section4a_safe_action_catalog.csv,Eevee,0.2 0.2 0. 0. 0. 0. 0. 0.55,20.0,,,Eevee,0.2 0.2 0. 0. 0. 0. 0. 0.55,20.0,-5,section4a_safe_action_catalog.csv,True,True,True,False
D:\02_AI_and_Data\Kaggle-AI-Agents\PTCG_AI_Battle_Challenge\reports\notebook54\section4\section4a_safe_action_catalog.csv,Eevee,0.55,20.0,,,Eevee,0.55,20.0,-5,section4a_safe_action_catalog.csv,True,True,True,False
D:\02_AI_and_Data\Kaggle-AI-Agents\PTCG_AI_Battle_Challenge\reports\notebook54\section4\section4a_safe_action_catalog.csv,Eevee,0.08 0.1 1. 0. 0. 0. 0. 1.38,18.0,,,Eevee,0.08 0.1 1. 0. 0. 0. 0. 1.38,18.0,-5,section4a_safe_action_catalog.csv,True,True,True,False
D:\02_AI_and_Data\Kaggle-AI-Agents\PTCG_AI_Battle_Challenge\reports\notebook54\section4\section4a_safe_action_catalog.csv,Eevee,1.38,18.0,,,Eevee,1.38,18.0,-5,section4a_safe_action_catalog.csv,True,True,True,False
D:\02_AI_and_Data\Kaggle-AI-Agents\PTCG_AI_Battle_Challenge\reports\notebook54\section4\section4a_safe_action_catalog.csv,Eevee,Quick Attack,20.0,,,Eevee,Quick Attack,20.0,-5,section4a_safe_action_catalog.csv,True,True,True,True
D:\02_AI_and_Data\Kaggle-AI-Agents\PTCG_AI_Battle_Challenge\reports\notebook54\section4\section4a_safe_action_catalog.csv,Eevee,Ascension,0.0,,,Eevee,Ascension,0.0,-5,section4a_safe_action_catalog.csv,True,True,True,True
D:\02_AI_and_Data\Kaggle-AI-Agents\PTCG_AI_Battle_Challenge\reports\notebook54\section4\section4a_safe_action_catalog.csv,Meowth,0.24 0.2 0. 0. 0. 0. 0. 0.64,60.0,,,Meowth,0.24 0.2 0. 0. 0. 0. 0. 0.64,60.0,-5,section4a_safe_action_catalog.csv,True,True,True,False
D:\02_AI_and_Data\Kaggle-AI-Agents\PTCG_AI_Battle_Challenge\reports\notebook54\section4\section4a_safe_action_catalog.csv,Meowth,0.24,60.0,,,Meowth,0.24,60.0,-5,section4a_safe_action_catalog.csv,True,True,True,False
D:\02_AI_and_Data\Kaggle-AI-Agents\PTCG_AI_Battle_Challenge\reports\notebook54\section4\section4a_safe_action_catalog.csv,Meowth,0.2,60.0,,,Meowth,0.2,60.0,-5,section4a_safe_action_catalog.csv,True,True,True,False
D:\02_AI_and_Data\Kaggle-AI-Agents\PTCG_AI_Battle_Challenge\reports\notebook54\section4\section4a_safe_action_catalog.csv,Meowth,0.0,60.0,,,Meowth,0.0,60.0,-5,section4a_safe_action_catalog.csv,True,True,True,False
D:\02_AI_and_Data\Kaggle-AI-Agents\PTCG_AI_Battle_Challenge\reports\notebook54\section4\section4a_safe_action_catalog.csv,Meowth,0.639999999999999,60.0,,,Meowth,0.639999999999999,60.0,-5,section4a_safe_action_catalog.csv,True,True,True,False
D:\02_AI_and_Data\Kaggle-AI-Agents\PTCG_AI_Battle_Challenge\reports\notebook54\section4\section4a_safe_action_catalog.csv,Meowth,0.24 0.2 1. 0. 0. 0. 0. 1.64,33.0,,,Meowth,0.24 0.2 1. 0. 0. 0. 0. 1.64,33.0,-5,section4a_safe_action_catalog.csv,True,True,True,False
D:\02_AI_and_Data\Kaggle-AI-Agents\PTCG_AI_Battle_Challenge\reports\notebook54\section4\section4a_safe_action_catalog.csv,Meowth,1.0,33.0,,,Meowth,1.0,33.0,-5,section4a_safe_action_catalog.csv,True,True,True,False
D:\02_AI_and_Data\Kaggle-AI-Agents\PTCG_AI_Battle_Challenge\reports\notebook54\section4\section4a_safe_action_catalog.csv,Meowth,1.6400000000000001,33.0,,,Meowth,1.6400000000000001,33.0,-5,section4a_safe_action_catalog.csv,True,True,True,False
D:\02_AI_and_Data\Kaggle-AI-Agents\PTCG_AI_Battle_Challenge\reports\notebook54\section4\section4a_safe_action_catalog.csv,Meowth,0.08 0.1 0. 0. 0. 0. 0. 0.38,20.0,,,Meowth,0.08 0.1 0. 0. 0. 0. 0. 0.38,20.0,-5,section4a_safe_action_catalog.csv,True,True,True,False
D:\02_AI_and_Data\Kaggle-AI-Agents\PTCG_AI_Battle_Challenge\reports\notebook54\section4\section4a_safe_action_catalog.csv,Meowth,0.08,20.0,,,Meowth,0.08,20.0,-5,section4a_safe_action_catalog.csv,True,True,True,False
D:\02_AI_and_Data\Kaggle-AI-Agents\PTCG_AI_Battle_Challenge\reports\notebook54\section4\section4a_safe_action_catalog.csv,Meowth,0.1,20.0,,,Meowth,0.1,20.0,-5,section4a_safe_action_catalog.csv,True,True,True,False
D:\02_AI_and_Data\Kaggle-AI-Agents\PTCG_AI_Battle_Challenge\reports\notebook54\section4\section4a_safe_action_catalog.csv,Meowth,0.38,20.0,,,Meowth,0.38,20.0,-5,section4a_safe_action_catalog.csv,True,True,True,False
D:\02_AI_and_Data\Kaggle-AI-Agents\PTCG_AI_Battle_Challenge\reports\notebook54\section4\section4a_safe_action_catalog.csv,Meowth,0.08 0.1 1. 0. 0. 0. 0. 1.38,8.0,,,Meowth,0.08 0.1 1. 0. 0. 0. 0. 1.38,8.0,-5,section4a_safe_action_catalog.csv,True,True,True,False
D:\02_AI_and_Data\Kaggle-AI-Agents\PTCG_AI_Battle_Challenge\reports\notebook54\section4\section4a_safe_action_catalog.csv,Meowth,1.38,8.0,,,Meowth,1.38,8.0,-5,section4a_safe_action_catalog.csv,True,True,True,False
D:\02_AI_and_Data\Kaggle-AI-Agents\PTCG_AI_Battle_Challenge\reports\notebook54\section4\section4a_safe_action_catalog.csv,Meowth,Tuck Tail,0.0,,,Meowth,Tuck Tail,0.0,-5,section4a_safe_action_catalog.csv,True,True,True,True
D:\02_AI_and_Data\Kaggle-AI-Agents\PTCG_AI_Battle_Challenge\reports\notebook54\section4\section4c_candidate_provenance_audit.csv,Bulbasaur,0.28 0.2 1. 0. 0. 0. 0. 1.73,46.0,,,Bulbasaur,0.28 0.2 1. 0. 0. 0. 0. 1.73,46.0,-5,section4c_candidate_provenance_audit.csv,True,True,True,False
D:\02_AI_and_Data\Kaggle-AI-Agents\PTCG_AI_Battle_Challenge\reports\notebook54\section4\section4c_candidate_provenance_audit.csv,Bulbasaur,0.28,46.0,,,Bulbasaur,0.28,46.0,-5,section4c_candidate_provenance_audit.csv,True,True,True,False
D:\02_AI_and_Data\Kaggle-AI-Agents\PTCG_AI_Battle_Challenge\reports\notebook54\section4\section4c_candidate_provenance_audit.csv,Bulbasaur,0.2,46.0,,,Bulbasaur,0.2,46.0,-5,section4c_candidate_provenance_audit.csv,True,True,True,False
D:\02_AI_and_Data\Kaggle-AI-Agents\PTCG_AI_Battle_Challenge\reports\notebook54\section4\section4c_candidate_provenance_audit.csv,Bulbasaur,1.0,46.0,,,Bulbasaur,1.0,46.0,-5,section4c_candidate_provenance_audit.csv,True,True,True,False
D:\02_AI_and_Data\Kaggle-AI-Agents\PTCG_AI_Battle_Challenge\reports\notebook54\section4\section4c_candidate_provenance_audit.csv,Bulbasaur,0.0,46.0,,,Bulbasaur,0.0,46.0,-5,section4c_candidate_provenance_audit.csv,True,True,True,False
D:\02_AI_and_Data\Kaggle-AI-Agents\PTCG_AI_Battle_Challenge\reports\notebook54\section4\section4c_candidate_provenance_audit.csv,Bulbasaur,1.73,46.0,,,Bulbasaur,1.73,46.0,-5,section4c_candidate_provenance_audit.csv,True,True,True,False
D:\02_AI_and_Data\Kaggle-AI-Agents\PTCG_AI_Battle_Challenge\reports\notebook54\section4\section4c_candidate_provenance_audit.csv,Bulbasaur,0.12 0.1 0. 0. 0. 0. 0. 0.52,30.0,,,Bulbasaur,0.12 0.1 0. 0. 0. 0. 0. 0.52,30.0,-5,section4c_candidate_provenance_audit.csv,True,True,True,False
D:\02_AI_and_Data\Kaggle-AI-Agents\PTCG_AI_Battle_Challenge\reports\notebook54\section4\section4c_candidate_provenance_audit.csv,Bulbasaur,0.12,30.0,,,Bulbasaur,0.12,30.0,-5,section4c_candidate_provenance_audit.csv,True,True,True,False
D:\02_AI_and_Data\Kaggle-AI-Agents\PTCG_AI_Battle_Challenge\reports\notebook54\section4\section4c_candidate_provenance_audit.csv,Bulbasaur,0.1,30.0,,,Bulbasaur,0.1,30.0,-5,section4c_candidate_provenance_audit.csv,True,True,True,False
D:\02_AI_and_Data\Kaggle-AI-Agents\PTCG_AI_Battle_Challenge\reports\notebook54\section4\section4c_candidate_provenance_audit.csv,Bulbasaur,0.52,30.0,,,Bulbasaur,0.52,30.0,-5,section4c_candidate_provenance_audit.csv,True,True,True,False
D:\02_AI_and_Data\Kaggle-AI-Agents\PTCG_AI_Battle_Challenge\reports\notebook54\section4\section4c_candidate_provenance_audit.csv,Bulbasaur,0.28 0.2 0. 0. 0. 0. 0. 0.73,30.0,,,Bulbasaur,0.28 0.2 0. 0. 0. 0. 0. 0.73,30.0,-5,section4c_candidate_provenance_audit.csv,True,True,True,False
D:\02_AI_and_Data\Kaggle-AI-Agents\PTCG_AI_Battle_Challenge\reports\notebook54\section4\section4c_candidate_provenance_audit.csv,Bulbasaur,0.73,30.0,,,Bulbasaur,0.73,30.0,-5,section4c_candidate_provenance_audit.csv,True,True,True,False
D:\02_AI_and_Data\Kaggle-AI-Agents\PTCG_AI_Battle_Challenge\reports\notebook54\section4\section4c_candidate_provenance_audit.csv,Bulbasaur,0.12 0.1 1. 0. 0. 0. 0. 1.52,28.0,,,Bulbasaur,0.12 0.1 1. 0. 0. 0. 0. 1.52,28.0,-5,section4c_candidate_provenance_audit.csv,True,True,True,False
D:\02_AI_and_Data\Kaggle-AI-Agents\PTCG_AI_Battle_Challenge\reports\notebook54\section4\section4c_candidate_provenance_audit.csv,Bulbasaur,1.52,28.0,,,Bulbasaur,1.52,28.0,-5,section4c_candidate_provenance_audit.csv,True,True,True,False
D:\02_AI_and_Data\Kaggle-AI-Agents\PTCG_AI_Battle_Challenge\reports\notebook54\section4\section4c_candidate_provenance_audit.csv,Charmander,0.08 0.1 0. 0. 0. 0. 0. 0.38,50.0,,,Charmander,0.08 0.1 0. 0. 0. 0. 0. 0.38,50.0,-5,section4c_candidate_provenance_audit.csv,True,True,True,False
D:\02_AI_and_Data\Kaggle-AI-Agents\PTCG_AI_Battle_Challenge\reports\notebook54\section4\section4c_candidate_provenance_audit.csv,Charmander,0.08,50.0,,,Charmander,0.08,50.0,-5,section4c_candidate_provenance_audit.csv,True,True,True,False
D:\02_AI_and_Data\Kaggle-AI-Agents\PTCG_AI_Battle_Challenge\reports\notebook54\section4\section4c_candidate_provenance_audit.csv,Charmander,0.1,50.0,,,Charmander,0.1,50.0,-5,section4c_candidate_provenance_audit.csv,True,True,True,False
D:\02_AI_and_Data\Kaggle-AI-Agents\PTCG_AI_Battle_Challenge\reports\notebook54\section4\section4c_candidate_provenance_audit.csv,Charmander,0.0,50.0,,,Charmander,0.0,50.0,-5,section4c_candidate_provenance_audit.csv,True,True,True,False
D:\02_AI_and_Data\Kaggle-AI-Agents\PTCG_AI_Battle_Challenge\reports\notebook54\section4\section4c_candidate_provenance_audit.csv,Charmander,0.38,50.0,,,Charmander,0.38,50.0,-5,section4c_candidate_provenance_audit.csv,True,True,True,False
D:\02_AI_and_Data\Kaggle-AI-Agents\PTCG_AI_Battle_Challenge\reports\notebook54\section4\section4c_candidate_provenance_audit.csv,Charmander,0.2 0.2 0. 0. 0. 0. 0. 0.55,50.0,,,Charmander,0.2 0.2 0. 0. 0. 0. 0. 0.55,50.0,-5,section4c_candidate_provenance_audit.csv,True,True,True,False
D:\02_AI_and_Data\Kaggle-AI-Agents\PTCG_AI_Battle_Challenge\reports\notebook54\section4\section4c_candidate_provenance_audit.csv,Charmander,0.2,50.0,,,Charmander,0.2,50.0,-5,section4c_candidate_provenance_audit.csv,True,True,True,False
D:\02_AI_and_Data\Kaggle-AI-Agents\PTCG_AI_Battle_Challenge\reports\notebook54\section4\section4c_candidate_provenance_audit.csv,Charmander,0.55,50.0,,,Charmander,0.55,50.0,-5,section4c_candidate_provenance_audit.csv,True,True,True,False
D:\02_AI_and_Data\Kaggle-AI-Agents\PTCG_AI_Battle_Challenge\reports\notebook54\section4\section4c_candidate_provenance_audit.csv,Charmander,0.2 0.2 1. 0. 0. 0. 0. 1.55,20.0,,,Charmander,0.2 0.2 1. 0. 0. 0. 0. 1.55,20.0,-5,section4c_candidate_provenance_audit.csv,True,True,True,False
D:\02_AI_and_Data\Kaggle-AI-Agents\PTCG_AI_Battle_Challenge\reports\notebook54\section4\section4c_candidate_provenance_audit.csv,Charmander,1.0,20.0,,,Charmander,1.0,20.0,-5,section4c_candidate_provenance_audit.csv,True,True,True,False
D:\02_AI_and_Data\Kaggle-AI-Agents\PTCG_AI_Battle_Challenge\reports\notebook54\section4\section4c_candidate_provenance_audit.csv,Charmander,1.55,20.0,,,Charmander,1.55,20.0,-5,section4c_candidate_provenance_audit.csv,True,True,True,False
D:\02_AI_and_Data\Kaggle-AI-Agents\PTCG_AI_Battle_Challenge\reports\notebook54\section4\section4c_candidate_provenance_audit.csv,Charmander,0.08 0.1 1. 0. 0. 0. 0. 1.38,16.0,,,Charmander,0.08 0.1 1. 0. 0. 0. 0. 1.38,16.0,-5,section4c_candidate_provenance_audit.csv,True,True,True,False
D:\02_AI_and_Data\Kaggle-AI-Agents\PTCG_AI_Battle_Challenge\reports\notebook54\section4\section4c_candidate_provenance_audit.csv,Charmander,1.38,16.0,,,Charmander,1.38,16.0,-5,section4c_candidate_provenance_audit.csv,True,True,True,False
D:\02_AI_and_Data\Kaggle-AI-Agents\PTCG_AI_Battle_Challenge\reports\notebook54\section4\section4c_candidate_provenance_audit.csv,Eevee,0.2 0.2 1. 0. 0. 0. 0. 1.55,31.0,,,Eevee,0.2 0.2 1. 0. 0. 0. 0. 1.55,31.0,-5,section4c_candidate_provenance_audit.csv,True,True,True,False
D:\02_AI_and_Data\Kaggle-AI-Agents\PTCG_AI_Battle_Challenge\reports\notebook54\section4\section4c_candidate_provenance_audit.csv,Eevee,0.2,31.0,,,Eevee,0.2,31.0,-5,section4c_candidate_provenance_audit.csv,True,True,True,False
D:\02_AI_and_Data\Kaggle-AI-Agents\PTCG_AI_Battle_Challenge\reports\notebook54\section4\section4c_candidate_provenance_audit.csv,Eevee,1.0,31.0,,,Eevee,1.0,31.0,-5,section4c_candidate_provenance_audit.csv,True,True,True,False
D:\02_AI_and_Data\Kaggle-AI-Agents\PTCG_AI_Battle_Challenge\reports\notebook54\section4\section4c_candidate_provenance_audit.csv,Eevee,0.0,31.0,,,Eevee,0.0,31.0,-5,section4c_candidate_provenance_audit.csv,True,True,True,False
D:\02_AI_and_Data\Kaggle-AI-Agents\PTCG_AI_Battle_Challenge\reports\notebook54\section4\section4c_candidate_provenance_audit.csv,Eevee,1.55,31.0,,,Eevee,1.55,31.0,-5,section4c_candidate_provenance_audit.csv,True,True,True,False
D:\02_AI_and_Data\Kaggle-AI-Agents\PTCG_AI_Battle_Challenge\reports\notebook54\section4\section4c_candidate_provenance_audit.csv,Eevee,0.08 0.1 0. 0. 0. 0. 0. 0.38,20.0,,,Eevee,0.08 0.1 0. 0. 0. 0. 0. 0.38,20.0,-5,section4c_candidate_provenance_audit.csv,True,True,True,False
D:\02_AI_and_Data\Kaggle-AI-Agents\PTCG_AI_Battle_Challenge\reports\notebook54\section4\section4c_candidate_provenance_audit.csv,Eevee,0.08,20.0,,,Eevee,0.08,20.0,-5,section4c_candidate_provenance_audit.csv,True,True,True,False
D:\02_AI_and_Data\Kaggle-AI-Agents\PTCG_AI_Battle_Challenge\reports\notebook54\section4\section4c_candidate_provenance_audit.csv,Eevee,0.1,20.0,,,Eevee,0.1,20.0,-5,section4c_candidate_provenance_audit.csv,True,True,True,False
D:\02_AI_and_Data\Kaggle-AI-Agents\PTCG_AI_Battle_Challenge\reports\notebook54\section4\section4c_candidate_provenance_audit.csv,Eevee,0.38,20.0,,,Eevee,0.38,20.0,-5,section4c_candidate_provenance_audit.csv,True,True,True,False
D:\02_AI_and_Data\Kaggle-AI-Agents\PTCG_AI_Battle_Challenge\reports\notebook54\section4\section4c_candidate_provenance_audit.csv,Eevee,0.2 0.2 0. 0. 0. 0. 0. 0.55,20.0,,,Eevee,0.2 0.2 0. 0. 0. 0. 0. 0.55,20.0,-5,section4c_candidate_provenance_audit.csv,True,True,True,False
D:\02_AI_and_Data\Kaggle-AI-Agents\PTCG_AI_Battle_Challenge\reports\notebook54\section4\section4c_candidate_provenance_audit.csv,Eevee,0.55,20.0,,,Eevee,0.55,20.0,-5,section4c_candidate_provenance_audit.csv,True,True,True,False
D:\02_AI_and_Data\Kaggle-AI-Agents\PTCG_AI_Battle_Challenge\reports\notebook54\section4\section4c_candidate_provenance_audit.csv,Eevee,0.08 0.1 1. 0. 0. 0. 0. 1.38,18.0,,,Eevee,0.08 0.1 1. 0. 0. 0. 0. 1.38,18.0,-5,section4c_candidate_provenance_audit.csv,True,True,True,False
D:\02_AI_and_Data\Kaggle-AI-Agents\PTCG_AI_Battle_Challenge\reports\notebook54\section4\section4c_candidate_provenance_audit.csv,Eevee,1.38,18.0,,,Eevee,1.38,18.0,-5,section4c_candidate_provenance_audit.csv,True,True,True,False
D:\02_AI_and_Data\Kaggle-AI-Agents\PTCG_AI_Battle_Challenge\reports\notebook54\section4\section4c_candidate_provenance_audit.csv,Meowth,0.24 0.2 0. 0. 0. 0. 0. 0.64,60.0,,,Meowth,0.24 0.2 0. 0. 0. 0. 0. 0.64,60.0,-5,section4c_candidate_provenance_audit.csv,True,True,True,False
D:\02_AI_and_Data\Kaggle-AI-Agents\PTCG_AI_Battle_Challenge\reports\notebook54\section4\section4c_candidate_provenance_audit.csv,Meowth,0.24,60.0,,,Meowth,0.24,60.0,-5,section4c_candidate_provenance_audit.csv,True,True,True,False
D:\02_AI_and_Data\Kaggle-AI-Agents\PTCG_AI_Battle_Challenge\reports\notebook54\section4\section4c_candidate_provenance_audit.csv,Meowth,0.2,60.0,,,Meowth,0.2,60.0,-5,section4c_candidate_provenance_audit.csv,True,True,True,False
D:\02_AI_and_Data\Kaggle-AI-Agents\PTCG_AI_Battle_Challenge\reports\notebook54\section4\section4c_candidate_provenance_audit.csv,Meowth,0.0,60.0,,,Meowth,0.0,60.0,-5,section4c_candidate_provenance_audit.csv,True,True,True,False
D:\02_AI_and_Data\Kaggle-AI-Agents\PTCG_AI_Battle_Challenge\reports\notebook54\section4\section4c_candidate_provenance_audit.csv,Meowth,0.639999999999999,60.0,,,Meowth,0.639999999999999,60.0,-5,section4c_candidate_provenance_audit.csv,True,True,True,False
D:\02_AI_and_Data\Kaggle-AI-Agents\PTCG_AI_Battle_Challenge\reports\notebook54\section4\section4c_candidate_provenance_audit.csv,Meowth,0.24 0.2 1. 0. 0. 0. 0. 1.64,33.0,,,Meowth,0.24 0.2 1. 0. 0. 0. 0. 1.64,33.0,-5,section4c_candidate_provenance_audit.csv,True,True,True,False
D:\02_AI_and_Data\Kaggle-AI-Agents\PTCG_AI_Battle_Challenge\reports\notebook54\section4\section4c_candidate_provenance_audit.csv,Meowth,1.0,33.0,,,Meowth,1.0,33.0,-5,section4c_candidate_provenance_audit.csv,True,True,True,False
D:\02_AI_and_Data\Kaggle-AI-Agents\PTCG_AI_Battle_Challenge\reports\notebook54\section4\section4c_candidate_provenance_audit.csv,Meowth,1.6400000000000001,33.0,,,Meowth,1.6400000000000001,33.0,-5,section4c_candidate_provenance_audit.csv,True,True,True,False
D:\02_AI_and_Data\Kaggle-AI-Agents\PTCG_AI_Battle_Challenge\reports\notebook54\section4\section4c_candidate_provenance_audit.csv,Meowth,0.08 0.1 0. 0. 0. 0. 0. 0.38,20.0,,,Meowth,0.08 0.1 0. 0. 0. 0. 0. 0.38,20.0,-5,section4c_candidate_provenance_audit.csv,True,True,True,False
D:\02_AI_and_Data\Kaggle-AI-Agents\PTCG_AI_Battle_Challenge\reports\notebook54\section4\section4c_candidate_provenance_audit.csv,Meowth,0.08,20.0,,,Meowth,0.08,20.0,-5,section4c_candidate_provenance_audit.csv,True,True,True,False
D:\02_AI_and_Data\Kaggle-AI-Agents\PTCG_AI_Battle_Challenge\reports\notebook54\section4\section4c_candidate_provenance_audit.csv,Meowth,0.1,20.0,,,Meowth,0.1,20.0,-5,section4c_candidate_provenance_audit.csv,True,True,True,False
D:\02_AI_and_Data\Kaggle-AI-Agents\PTCG_AI_Battle_Challenge\reports\notebook54\section4\section4c_candidate_provenance_audit.csv,Meowth,0.38,20.0,,,Meowth,0.38,20.0,-5,section4c_candidate_provenance_audit.csv,True,True,True,False
D:\02_AI_and_Data\Kaggle-AI-Agents\PTCG_AI_Battle_Challenge\reports\notebook54\section4\section4c_candidate_provenance_audit.csv,Meowth,0.08 0.1 1. 0. 0. 0. 0. 1.38,8.0,,,Meowth,0.08 0.1 1. 0. 0. 0. 0. 1.38,8.0,-5,section4c_candidate_provenance_audit.csv,True,True,True,False
D:\02_AI_and_Data\Kaggle-AI-Agents\PTCG_AI_Battle_Challenge\reports\notebook54\section4\section4c_candidate_provenance_audit.csv,Meowth,1.38,8.0,,,Meowth,1.38,8.0,-5,section4c_candidate_provenance_audit.csv,True,True,True,False
D:\02_AI_and_Data\Kaggle-AI-Agents\PTCG_AI_Battle_Challenge\reports\notebook54\section4\section4c_rejected_false_candidates.csv,Bulbasaur,0.28 0.2 1. 0. 0. 0. 0. 1.73,46.0,,,Bulbasaur,0.28 0.2 1. 0. 0. 0. 0. 1.73,46.0,-5,section4c_rejected_false_candidates.csv,True,True,True,False
D:\02_AI_and_Data\Kaggle-AI-Agents\PTCG_AI_Battle_Challenge\reports\notebook54\section4\section4c_rejected_false_candidates.csv,Bulbasaur,0.28,46.0,,,Bulbasaur,0.28,46.0,-5,section4c_rejected_false_candidates.csv,True,True,True,False
D:\02_AI_and_Data\Kaggle-AI-Agents\PTCG_AI_Battle_Challenge\reports\notebook54\section4\section4c_rejected_false_candidates.csv,Bulbasaur,0.2,46.0,,,Bulbasaur,0.2,46.0,-5,section4c_rejected_false_candidates.csv,True,True,True,False
D:\02_AI_and_Data\Kaggle-AI-Agents\PTCG_AI_Battle_Challenge\reports\notebook54\section4\section4c_rejected_false_candidates.csv,Bulbasaur,1.0,46.0,,,Bulbasaur,1.0,46.0,-5,section4c_rejected_false_candidates.csv,True,True,True,False
D:\02_AI_and_Data\Kaggle-AI-Agents\PTCG_AI_Battle_Challenge\reports\notebook54\section4\section4c_rejected_false_candidates.csv,Bulbasaur,0.0,46.0,,,Bulbasaur,0.0,46.0,-5,section4c_rejected_false_candidates.csv,True,True,True,False
D:\02_AI_and_Data\Kaggle-AI-Agents\PTCG_AI_Battle_Challenge\reports\notebook54\section4\section4c_rejected_false_candidates.csv,Bulbasaur,1.73,46.0,,,Bulbasaur,1.73,46.0,-5,section4c_rejected_false_candidates.csv,True,True,True,False
D:\02_AI_and_Data\Kaggle-AI-Agents\PTCG_AI_Battle_Challenge\reports\notebook54\section4\section4c_rejected_false_candidates.csv,Bulbasaur,0.12 0.1 0. 0. 0. 0. 0. 0.52,30.0,,,Bulbasaur,0.12 0.1 0. 0. 0. 0. 0. 0.52,30.0,-5,section4c_rejected_false_candidates.csv,True,True,True,False
D:\02_AI_and_Data\Kaggle-AI-Agents\PTCG_AI_Battle_Challenge\reports\notebook54\section4\section4c_rejected_false_candidates.csv,Bulbasaur,0.12,30.0,,,Bulbasaur,0.12,30.0,-5,section4c_rejected_false_candidates.csv,True,True,True,False
D:\02_AI_and_Data\Kaggle-AI-Agents\PTCG_AI_Battle_Challenge\reports\notebook54\section4\section4c_rejected_false_candidates.csv,Bulbasaur,0.1,30.0,,,Bulbasaur,0.1,30.0,-5,section4c_rejected_false_candidates.csv,True,True,True,False
D:\02_AI_and_Data\Kaggle-AI-Agents\PTCG_AI_Battle_Challenge\reports\notebook54\section4\section4c_rejected_false_candidates.csv,Bulbasaur,0.52,30.0,,,Bulbasaur,0.52,30.0,-5,section4c_rejected_false_candidates.csv,True,True,True,False
D:\02_AI_and_Data\Kaggle-AI-Agents\PTCG_AI_Battle_Challenge\reports\notebook54\section4\section4c_rejected_false_candidates.csv,Bulbasaur,0.28 0.2 0. 0. 0. 0. 0. 0.73,30.0,,,Bulbasaur,0.28 0.2 0. 0. 0. 0. 0. 0.73,30.0,-5,section4c_rejected_false_candidates.csv,True,True,True,False
D:\02_AI_and_Data\Kaggle-AI-Agents\PTCG_AI_Battle_Challenge\reports\notebook54\section4\section4c_rejected_false_candidates.csv,Bulbasaur,0.73,30.0,,,Bulbasaur,0.73,30.0,-5,section4c_rejected_false_candidates.csv,True,True,True,False
D:\02_AI_and_Data\Kaggle-AI-Agents\PTCG_AI_Battle_Challenge\reports\notebook54\section4\section4c_rejected_false_candidates.csv,Bulbasaur,0.12 0.1 1. 0. 0. 0. 0. 1.52,28.0,,,Bulbasaur,0.12 0.1 1. 0. 0. 0. 0. 1.52,28.0,-5,section4c_rejected_false_candidates.csv,True,True,True,False
D:\02_AI_and_Data\Kaggle-AI-Agents\PTCG_AI_Battle_Challenge\reports\notebook54\section4\section4c_rejected_false_candidates.csv,Bulbasaur,1.52,28.0,,,Bulbasaur,1.52,28.0,-5,section4c_rejected_false_candidates.csv,True,True,True,False
D:\02_AI_and_Data\Kaggle-AI-Agents\PTCG_AI_Battle_Challenge\reports\notebook54\section4\section4c_rejected_false_candidates.csv,Charmander,0.08 0.1 0. 0. 0. 0. 0. 0.38,50.0,,,Charmander,0.08 0.1 0. 0. 0. 0. 0. 0.38,50.0,-5,section4c_rejected_false_candidates.csv,True,True,True,False
D:\02_AI_and_Data\Kaggle-AI-Agents\PTCG_AI_Battle_Challenge\reports\notebook54\section4\section4c_rejected_false_candidates.csv,Charmander,0.08,50.0,,,Charmander,0.08,50.0,-5,section4c_rejected_false_candidates.csv,True,True,True,False
D:\02_AI_and_Data\Kaggle-AI-Agents\PTCG_AI_Battle_Challenge\reports\notebook54\section4\section4c_rejected_false_candidates.csv,Charmander,0.1,50.0,,,Charmander,0.1,50.0,-5,section4c_rejected_false_candidates.csv,True,True,True,False
D:\02_AI_and_Data\Kaggle-AI-Agents\PTCG_AI_Battle_Challenge\reports\notebook54\section4\section4c_rejected_false_candidates.csv,Charmander,0.0,50.0,,,Charmander,0.0,50.0,-5,section4c_rejected_false_candidates.csv,True,True,True,False
D:\02_AI_and_Data\Kaggle-AI-Agents\PTCG_AI_Battle_Challenge\reports\notebook54\section4\section4c_rejected_false_candidates.csv,Charmander,0.38,50.0,,,Charmander,0.38,50.0,-5,section4c_rejected_false_candidates.csv,True,True,True,False
D:\02_AI_and_Data\Kaggle-AI-Agents\PTCG_AI_Battle_Challenge\reports\notebook54\section4\section4c_rejected_false_candidates.csv,Charmander,0.2 0.2 0. 0. 0. 0. 0. 0.55,50.0,,,Charmander,0.2 0.2 0. 0. 0. 0. 0. 0.55,50.0,-5,section4c_rejected_false_candidates.csv,True,True,True,False
D:\02_AI_and_Data\Kaggle-AI-Agents\PTCG_AI_Battle_Challenge\reports\notebook54\section4\section4c_rejected_false_candidates.csv,Charmander,0.2,50.0,,,Charmander,0.2,50.0,-5,section4c_rejected_false_candidates.csv,True,True,True,False
D:\02_AI_and_Data\Kaggle-AI-Agents\PTCG_AI_Battle_Challenge\reports\notebook54\section4\section4c_rejected_false_candidates.csv,Charmander,0.55,50.0,,,Charmander,0.55,50.0,-5,section4c_rejected_false_candidates.csv,True,True,True,False
D:\02_AI_and_Data\Kaggle-AI-Agents\PTCG_AI_Battle_Challenge\reports\notebook54\section4\section4c_rejected_false_candidates.csv,Charmander,0.2 0.2 1. 0. 0. 0. 0. 1.55,20.0,,,Charmander,0.2 0.2 1. 0. 0. 0. 0. 1.55,20.0,-5,section4c_rejected_false_candidates.csv,True,True,True,False
D:\02_AI_and_Data\Kaggle-AI-Agents\PTCG_AI_Battle_Challenge\reports\notebook54\section4\section4c_rejected_false_candidates.csv,Charmander,1.0,20.0,,,Charmander,1.0,20.0,-5,section4c_rejected_false_candidates.csv,True,True,True,False
D:\02_AI_and_Data\Kaggle-AI-Agents\PTCG_AI_Battle_Challenge\reports\notebook54\section4\section4c_rejected_false_candidates.csv,Charmander,1.55,20.0,,,Charmander,1.55,20.0,-5,section4c_rejected_false_candidates.csv,True,True,True,False
D:\02_AI_and_Data\Kaggle-AI-Agents\PTCG_AI_Battle_Challenge\reports\notebook54\section4\section4c_rejected_false_candidates.csv,Charmander,0.08 0.1 1. 0. 0. 0. 0. 1.38,16.0,,,Charmander,0.08 0.1 1. 0. 0. 0. 0. 1.38,16.0,-5,section4c_rejected_false_candidates.csv,True,True,True,False
D:\02_AI_and_Data\Kaggle-AI-Agents\PTCG_AI_Battle_Challenge\reports\notebook54\section4\section4c_rejected_false_candidates.csv,Charmander,1.38,16.0,,,Charmander,1.38,16.0,-5,section4c_rejected_false_candidates.csv,True,True,True,False
D:\02_AI_and_Data\Kaggle-AI-Agents\PTCG_AI_Battle_Challenge\reports\notebook54\section4\section4c_rejected_false_candidates.csv,Eevee,0.2 0.2 1. 0. 0. 0. 0. 1.55,31.0,,,Eevee,0.2 0.2 1. 0. 0. 0. 0. 1.55,31.0,-5,section4c_rejected_false_candidates.csv,True,True,True,False
D:\02_AI_and_Data\Kaggle-AI-Agents\PTCG_AI_Battle_Challenge\reports\notebook54\section4\section4c_rejected_false_candidates.csv,Eevee,0.2,31.0,,,Eevee,0.2,31.0,-5,section4c_rejected_false_candidates.csv,True,True,True,False
D:\02_AI_and_Data\Kaggle-AI-Agents\PTCG_AI_Battle_Challenge\reports\notebook54\section4\section4c_rejected_false_candidates.csv,Eevee,1.0,31.0,,,Eevee,1.0,31.0,-5,section4c_rejected_false_candidates.csv,True,True,True,False
D:\02_AI_and_Data\Kaggle-AI-Agents\PTCG_AI_Battle_Challenge\reports\notebook54\section4\section4c_rejected_false_candidates.csv,Eevee,0.0,31.0,,,Eevee,0.0,31.0,-5,section4c_rejected_false_candidates.csv,True,True,True,False
D:\02_AI_and_Data\Kaggle-AI-Agents\PTCG_AI_Battle_Challenge\reports\notebook54\section4\section4c_rejected_false_candidates.csv,Eevee,1.55,31.0,,,Eevee,1.55,31.0,-5,section4c_rejected_false_candidates.csv,True,True,True,False
D:\02_AI_and_Data\Kaggle-AI-Agents\PTCG_AI_Battle_Challenge\reports\notebook54\section4\section4c_rejected_false_candidates.csv,Eevee,0.08 0.1 0. 0. 0. 0. 0. 0.38,20.0,,,Eevee,0.08 0.1 0. 0. 0. 0. 0. 0.38,20.0,-5,section4c_rejected_false_candidates.csv,True,True,True,False
D:\02_AI_and_Data\Kaggle-AI-Agents\PTCG_AI_Battle_Challenge\reports\notebook54\section4\section4c_rejected_false_candidates.csv,Eevee,0.08,20.0,,,Eevee,0.08,20.0,-5,section4c_rejected_false_candidates.csv,True,True,True,False
D:\02_AI_and_Data\Kaggle-AI-Agents\PTCG_AI_Battle_Challenge\reports\notebook54\section4\section4c_rejected_false_candidates.csv,Eevee,0.1,20.0,,,Eevee,0.1,20.0,-5,section4c_rejected_false_candidates.csv,True,True,True,False
D:\02_AI_and_Data\Kaggle-AI-Agents\PTCG_AI_Battle_Challenge\reports\notebook54\section4\section4c_rejected_false_candidates.csv,Eevee,0.38,20.0,,,Eevee,0.38,20.0,-5,section4c_rejected_false_candidates.csv,True,True,True,False
D:\02_AI_and_Data\Kaggle-AI-Agents\PTCG_AI_Battle_Challenge\reports\notebook54\section4\section4c_rejected_false_candidates.csv,Eevee,0.2 0.2 0. 0. 0. 0. 0. 0.55,20.0,,,Eevee,0.2 0.2 0. 0. 0. 0. 0. 0.55,20.0,-5,section4c_rejected_false_candidates.csv,True,True,True,False
D:\02_AI_and_Data\Kaggle-AI-Agents\PTCG_AI_Battle_Challenge\reports\notebook54\section4\section4c_rejected_false_candidates.csv,Eevee,0.55,20.0,,,Eevee,0.55,20.0,-5,section4c_rejected_false_candidates.csv,True,True,True,False
D:\02_AI_and_Data\Kaggle-AI-Agents\PTCG_AI_Battle_Challenge\reports\notebook54\section4\section4c_rejected_false_candidates.csv,Eevee,0.08 0.1 1. 0. 0. 0. 0. 1.38,18.0,,,Eevee,0.08 0.1 1. 0. 0. 0. 0. 1.38,18.0,-5,section4c_rejected_false_candidates.csv,True,True,True,False
D:\02_AI_and_Data\Kaggle-AI-Agents\PTCG_AI_Battle_Challenge\reports\notebook54\section4\section4c_rejected_false_candidates.csv,Eevee,1.38,18.0,,,Eevee,1.38,18.0,-5,section4c_rejected_false_candidates.csv,True,True,True,False
D:\02_AI_and_Data\Kaggle-AI-Agents\PTCG_AI_Battle_Challenge\reports\notebook54\section4\section4c_rejected_false_candidates.csv,Meowth,0.24 0.2 0. 0. 0. 0. 0. 0.64,60.0,,,Meowth,0.24 0.2 0. 0. 0. 0. 0. 0.64,60.0,-5,section4c_rejected_false_candidates.csv,True,True,True,False
D:\02_AI_and_Data\Kaggle-AI-Agents\PTCG_AI_Battle_Challenge\reports\notebook54\section4\section4c_rejected_false_candidates.csv,Meowth,0.24,60.0,,,Meowth,0.24,60.0,-5,section4c_rejected_false_candidates.csv,True,True,True,False
D:\02_AI_and_Data\Kaggle-AI-Agents\PTCG_AI_Battle_Challenge\reports\notebook54\section4\section4c_rejected_false_candidates.csv,Meowth,0.2,60.0,,,Meowth,0.2,60.0,-5,section4c_rejected_false_candidates.csv,True,True,True,False
D:\02_AI_and_Data\Kaggle-AI-Agents\PTCG_AI_Battle_Challenge\reports\notebook54\section4\section4c_rejected_false_candidates.csv,Meowth,0.0,60.0,,,Meowth,0.0,60.0,-5,section4c_rejected_false_candidates.csv,True,True,True,False
D:\02_AI_and_Data\Kaggle-AI-Agents\PTCG_AI_Battle_Challenge\reports\notebook54\section4\section4c_rejected_false_candidates.csv,Meowth,0.639999999999999,60.0,,,Meowth,0.639999999999999,60.0,-5,section4c_rejected_false_candidates.csv,True,True,True,False
D:\02_AI_and_Data\Kaggle-AI-Agents\PTCG_AI_Battle_Challenge\reports\notebook54\section4\section4c_rejected_false_candidates.csv,Meowth,0.24 0.2 1. 0. 0. 0. 0. 1.64,33.0,,,Meowth,0.24 0.2 1. 0. 0. 0. 0. 1.64,33.0,-5,section4c_rejected_false_candidates.csv,True,True,True,False
D:\02_AI_and_Data\Kaggle-AI-Agents\PTCG_AI_Battle_Challenge\reports\notebook54\section4\section4c_rejected_false_candidates.csv,Meowth,1.0,33.0,,,Meowth,1.0,33.0,-5,section4c_rejected_false_candidates.csv,True,True,True,False
D:\02_AI_and_Data\Kaggle-AI-Agents\PTCG_AI_Battle_Challenge\reports\notebook54\section4\section4c_rejected_false_candidates.csv,Meowth,1.6400000000000001,33.0,,,Meowth,1.6400000000000001,33.0,-5,section4c_rejected_false_candidates.csv,True,True,True,False
D:\02_AI_and_Data\Kaggle-AI-Agents\PTCG_AI_Battle_Challenge\reports\notebook54\section4\section4c_rejected_false_candidates.csv,Meowth,0.08 0.1 0. 0. 0. 0. 0. 0.38,20.0,,,Meowth,0.08 0.1 0. 0. 0. 0. 0. 0.38,20.0,-5,section4c_rejected_false_candidates.csv,True,True,True,False
D:\02_AI_and_Data\Kaggle-AI-Agents\PTCG_AI_Battle_Challenge\reports\notebook54\section4\section4c_rejected_false_candidates.csv,Meowth,0.08,20.0,,,Meowth,0.08,20.0,-5,section4c_rejected_false_candidates.csv,True,True,True,False
D:\02_AI_and_Data\Kaggle-AI-Agents\PTCG_AI_Battle_Challenge\reports\notebook54\section4\section4c_rejected_false_candidates.csv,Meowth,0.1,20.0,,,Meowth,0.1,20.0,-5,section4c_rejected_false_candidates.csv,True,True,True,False
D:\02_AI_and_Data\Kaggle-AI-Agents\PTCG_AI_Battle_Challenge\reports\notebook54\section4\section4c_rejected_false_candidates.csv,Meowth,0.38,20.0,,,Meowth,0.38,20.0,-5,section4c_rejected_false_candidates.csv,True,True,True,False
D:\02_AI_and_Data\Kaggle-AI-Agents\PTCG_AI_Battle_Challenge\reports\notebook54\section4\section4c_rejected_false_candidates.csv,Meowth,0.08 0.1 1. 0. 0. 0. 0. 1.38,8.0,,,Meowth,0.08 0.1 1. 0. 0. 0. 0. 1.38,8.0,-5,section4c_rejected_false_candidates.csv,True,True,True,False
D:\02_AI_and_Data\Kaggle-AI-Agents\PTCG_AI_Battle_Challenge\reports\notebook54\section4\section4c_rejected_false_candidates.csv,Meowth,1.38,8.0,,,Meowth,1.38,8.0,-5,section4c_rejected_false_candidates.csv,True,True,True,False
D:\02_AI_and_Data\Kaggle-AI-Agents\PTCG_AI_Battle_Challenge\reports\notebook54\section4\section4b_transition_validated_candidate_catalog.csv,Bulbasaur,0.28 0.2 1. 0. 0. 0. 0. 1.73,46.0,,,Bulbasaur,0.28 0.2 1. 0. 0. 0. 0. 1.73,46.0,-5,section4b_transition_validated_candidate_catalog.csv,True,True,True,False
D:\02_AI_and_Data\Kaggle-AI-Agents\PTCG_AI_Battle_Challenge\reports\notebook54\section4\section4b_transition_validated_candidate_catalog.csv,Bulbasaur,0.28,46.0,,,Bulbasaur,0.28,46.0,-5,section4b_transition_validated_candidate_catalog.csv,True,True,True,False
D:\02_AI_and_Data\Kaggle-AI-Agents\PTCG_AI_Battle_Challenge\reports\notebook54\section4\section4b_transition_validated_candidate_catalog.csv,Bulbasaur,0.2,46.0,,,Bulbasaur,0.2,46.0,-5,section4b_transition_validated_candidate_catalog.csv,True,True,True,False
D:\02_AI_and_Data\Kaggle-AI-Agents\PTCG_AI_Battle_Challenge\reports\notebook54\section4\section4b_transition_validated_candidate_catalog.csv,Bulbasaur,1.0,46.0,,,Bulbasaur,1.0,46.0,-5,section4b_transition_validated_candidate_catalog.csv,True,True,True,False
D:\02_AI_and_Data\Kaggle-AI-Agents\PTCG_AI_Battle_Challenge\reports\notebook54\section4\section4b_transition_validated_candidate_catalog.csv,Bulbasaur,0.0,46.0,,,Bulbasaur,0.0,46.0,-5,section4b_transition_validated_candidate_catalog.csv,True,True,True,False
D:\02_AI_and_Data\Kaggle-AI-Agents\PTCG_AI_Battle_Challenge\reports\notebook54\section4\section4b_transition_validated_candidate_catalog.csv,Bulbasaur,1.73,46.0,,,Bulbasaur,1.73,46.0,-5,section4b_transition_validated_candidate_catalog.csv,True,True,True,False
D:\02_AI_and_Data\Kaggle-AI-Agents\PTCG_AI_Battle_Challenge\reports\notebook54\section4\section4b_transition_validated_candidate_catalog.csv,Bulbasaur,0.12 0.1 0. 0. 0. 0. 0. 0.52,30.0,,,Bulbasaur,0.12 0.1 0. 0. 0. 0. 0. 0.52,30.0,-5,section4b_transition_validated_candidate_catalog.csv,True,True,True,False
D:\02_AI_and_Data\Kaggle-AI-Agents\PTCG_AI_Battle_Challenge\reports\notebook54\section4\section4b_transition_validated_candidate_catalog.csv,Bulbasaur,0.12,30.0,,,Bulbasaur,0.12,30.0,-5,section4b_transition_validated_candidate_catalog.csv,True,True,True,False
D:\02_AI_and_Data\Kaggle-AI-Agents\PTCG_AI_Battle_Challenge\reports\notebook54\section4\section4b_transition_validated_candidate_catalog.csv,Bulbasaur,0.1,30.0,,,Bulbasaur,0.1,30.0,-5,section4b_transition_validated_candidate_catalog.csv,True,True,True,False
D:\02_AI_and_Data\Kaggle-AI-Agents\PTCG_AI_Battle_Challenge\reports\notebook54\section4\section4b_transition_validated_candidate_catalog.csv,Bulbasaur,0.52,30.0,,,Bulbasaur,0.52,30.0,-5,section4b_transition_validated_candidate_catalog.csv,True,True,True,False
D:\02_AI_and_Data\Kaggle-AI-Agents\PTCG_AI_Battle_Challenge\reports\notebook54\section4\section4b_transition_validated_candidate_catalog.csv,Bulbasaur,0.28 0.2 0. 0. 0. 0. 0. 0.73,30.0,,,Bulbasaur,0.28 0.2 0. 0. 0. 0. 0. 0.73,30.0,-5,section4b_transition_validated_candidate_catalog.csv,True,True,True,False
D:\02_AI_and_Data\Kaggle-AI-Agents\PTCG_AI_Battle_Challenge\reports\notebook54\section4\section4b_transition_validated_candidate_catalog.csv,Bulbasaur,0.73,30.0,,,Bulbasaur,0.73,30.0,-5,section4b_transition_validated_candidate_catalog.csv,True,True,True,False
D:\02_AI_and_Data\Kaggle-AI-Agents\PTCG_AI_Battle_Challenge\reports\notebook54\section4\section4b_transition_validated_candidate_catalog.csv,Bulbasaur,0.12 0.1 1. 0. 0. 0. 0. 1.52,28.0,,,Bulbasaur,0.12 0.1 1. 0. 0. 0. 0. 1.52,28.0,-5,section4b_transition_validated_candidate_catalog.csv,True,True,True,False
D:\02_AI_and_Data\Kaggle-AI-Agents\PTCG_AI_Battle_Challenge\reports\notebook54\section4\section4b_transition_validated_candidate_catalog.csv,Bulbasaur,1.52,28.0,,,Bulbasaur,1.52,28.0,-5,section4b_transition_validated_candidate_catalog.csv,True,True,True,False
D:\02_AI_and_Data\Kaggle-AI-Agents\PTCG_AI_Battle_Challenge\reports\notebook54\section4\section4b_transition_validated_candidate_catalog.csv,Charmander,0.08 0.1 0. 0. 0. 0. 0. 0.38,50.0,,,Charmander,0.08 0.1 0. 0. 0. 0. 0. 0.38,50.0,-5,section4b_transition_validated_candidate_catalog.csv,True,True,True,False
D:\02_AI_and_Data\Kaggle-AI-Agents\PTCG_AI_Battle_Challenge\reports\notebook54\section4\section4b_transition_validated_candidate_catalog.csv,Charmander,0.08,50.0,,,Charmander,0.08,50.0,-5,section4b_transition_validated_candidate_catalog.csv,True,True,True,False
D:\02_AI_and_Data\Kaggle-AI-Agents\PTCG_AI_Battle_Challenge\reports\notebook54\section4\section4b_transition_validated_candidate_catalog.csv,Charmander,0.1,50.0,,,Charmander,0.1,50.0,-5,section4b_transition_validated_candidate_catalog.csv,True,True,True,False
D:\02_AI_and_Data\Kaggle-AI-Agents\PTCG_AI_Battle_Challenge\reports\notebook54\section4\section4b_transition_validated_candidate_catalog.csv,Charmander,0.0,50.0,,,Charmander,0.0,50.0,-5,section4b_transition_validated_candidate_catalog.csv,True,True,True,False
D:\02_AI_and_Data\Kaggle-AI-Agents\PTCG_AI_Battle_Challenge\reports\notebook54\section4\section4b_transition_validated_candidate_catalog.csv,Charmander,0.38,50.0,,,Charmander,0.38,50.0,-5,section4b_transition_validated_candidate_catalog.csv,True,True,True,False
D:\02_AI_and_Data\Kaggle-AI-Agents\PTCG_AI_Battle_Challenge\reports\notebook54\section4\section4b_transition_validated_candidate_catalog.csv,Charmander,0.2 0.2 0. 0. 0. 0. 0. 0.55,50.0,,,Charmander,0.2 0.2 0. 0. 0. 0. 0. 0.55,50.0,-5,section4b_transition_validated_candidate_catalog.csv,True,True,True,False
D:\02_AI_and_Data\Kaggle-AI-Agents\PTCG_AI_Battle_Challenge\reports\notebook54\section4\section4b_transition_validated_candidate_catalog.csv,Charmander,0.2,50.0,,,Charmander,0.2,50.0,-5,section4b_transition_validated_candidate_catalog.csv,True,True,True,False
D:\02_AI_and_Data\Kaggle-AI-Agents\PTCG_AI_Battle_Challenge\reports\notebook54\section4\section4b_transition_validated_candidate_catalog.csv,Charmander,0.55,50.0,,,Charmander,0.55,50.0,-5,section4b_transition_validated_candidate_catalog.csv,True,True,True,False
D:\02_AI_and_Data\Kaggle-AI-Agents\PTCG_AI_Battle_Challenge\reports\notebook54\section4\section4b_transition_validated_candidate_catalog.csv,Charmander,0.2 0.2 1. 0. 0. 0. 0. 1.55,20.0,,,Charmander,0.2 0.2 1. 0. 0. 0. 0. 1.55,20.0,-5,section4b_transition_validated_candidate_catalog.csv,True,True,True,False
D:\02_AI_and_Data\Kaggle-AI-Agents\PTCG_AI_Battle_Challenge\reports\notebook54\section4\section4b_transition_validated_candidate_catalog.csv,Charmander,1.0,20.0,,,Charmander,1.0,20.0,-5,section4b_transition_validated_candidate_catalog.csv,True,True,True,False
D:\02_AI_and_Data\Kaggle-AI-Agents\PTCG_AI_Battle_Challenge\reports\notebook54\section4\section4b_transition_validated_candidate_catalog.csv,Charmander,1.55,20.0,,,Charmander,1.55,20.0,-5,section4b_transition_validated_candidate_catalog.csv,True,True,True,False
D:\02_AI_and_Data\Kaggle-AI-Agents\PTCG_AI_Battle_Challenge\reports\notebook54\section4\section4b_transition_validated_candidate_catalog.csv,Charmander,0.08 0.1 1. 0. 0. 0. 0. 1.38,16.0,,,Charmander,0.08 0.1 1. 0. 0. 0. 0. 1.38,16.0,-5,section4b_transition_validated_candidate_catalog.csv,True,True,True,False
D:\02_AI_and_Data\Kaggle-AI-Agents\PTCG_AI_Battle_Challenge\reports\notebook54\section4\section4b_transition_validated_candidate_catalog.csv,Charmander,1.38,16.0,,,Charmander,1.38,16.0,-5,section4b_transition_validated_candidate_catalog.csv,True,True,True,False
D:\02_AI_and_Data\Kaggle-AI-Agents\PTCG_AI_Battle_Challenge\reports\notebook54\section4\section4b_transition_validated_candidate_catalog.csv,Eevee,0.2 0.2 1. 0. 0. 0. 0. 1.55,31.0,,,Eevee,0.2 0.2 1. 0. 0. 0. 0. 1.55,31.0,-5,section4b_transition_validated_candidate_catalog.csv,True,True,True,False
D:\02_AI_and_Data\Kaggle-AI-Agents\PTCG_AI_Battle_Challenge\reports\notebook54\section4\section4b_transition_validated_candidate_catalog.csv,Eevee,0.2,31.0,,,Eevee,0.2,31.0,-5,section4b_transition_validated_candidate_catalog.csv,True,True,True,False
D:\02_AI_and_Data\Kaggle-AI-Agents\PTCG_AI_Battle_Challenge\reports\notebook54\section4\section4b_transition_validated_candidate_catalog.csv,Eevee,1.0,31.0,,,Eevee,1.0,31.0,-5,section4b_transition_validated_candidate_catalog.csv,True,True,True,False
D:\02_AI_and_Data\Kaggle-AI-Agents\PTCG_AI_Battle_Challenge\reports\notebook54\section4\section4b_transition_validated_candidate_catalog.csv,Eevee,0.0,31.0,,,Eevee,0.0,31.0,-5,section4b_transition_validated_candidate_catalog.csv,True,True,True,False
D:\02_AI_and_Data\Kaggle-AI-Agents\PTCG_AI_Battle_Challenge\reports\notebook54\section4\section4b_transition_validated_candidate_catalog.csv,Eevee,1.55,31.0,,,Eevee,1.55,31.0,-5,section4b_transition_validated_candidate_catalog.csv,True,True,True,False
D:\02_AI_and_Data\Kaggle-AI-Agents\PTCG_AI_Battle_Challenge\reports\notebook54\section4\section4b_transition_validated_candidate_catalog.csv,Eevee,0.08 0.1 0. 0. 0. 0. 0. 0.38,20.0,,,Eevee,0.08 0.1 0. 0. 0. 0. 0. 0.38,20.0,-5,section4b_transition_validated_candidate_catalog.csv,True,True,True,False
D:\02_AI_and_Data\Kaggle-AI-Agents\PTCG_AI_Battle_Challenge\reports\notebook54\section4\section4b_transition_validated_candidate_catalog.csv,Eevee,0.08,20.0,,,Eevee,0.08,20.0,-5,section4b_transition_validated_candidate_catalog.csv,True,True,True,False
D:\02_AI_and_Data\Kaggle-AI-Agents\PTCG_AI_Battle_Challenge\reports\notebook54\section4\section4b_transition_validated_candidate_catalog.csv,Eevee,0.1,20.0,,,Eevee,0.1,20.0,-5,section4b_transition_validated_candidate_catalog.csv,True,True,True,False
D:\02_AI_and_Data\Kaggle-AI-Agents\PTCG_AI_Battle_Challenge\reports\notebook54\section4\section4b_transition_validated_candidate_catalog.csv,Eevee,0.38,20.0,,,Eevee,0.38,20.0,-5,section4b_transition_validated_candidate_catalog.csv,True,True,True,False
D:\02_AI_and_Data\Kaggle-AI-Agents\PTCG_AI_Battle_Challenge\reports\notebook54\section4\section4b_transition_validated_candidate_catalog.csv,Eevee,0.2 0.2 0. 0. 0. 0. 0. 0.55,20.0,,,Eevee,0.2 0.2 0. 0. 0. 0. 0. 0.55,20.0,-5,section4b_transition_validated_candidate_catalog.csv,True,True,True,False
D:\02_AI_and_Data\Kaggle-AI-Agents\PTCG_AI_Battle_Challenge\reports\notebook54\section4\section4b_transition_validated_candidate_catalog.csv,Eevee,0.55,20.0,,,Eevee,0.55,20.0,-5,section4b_transition_validated_candidate_catalog.csv,True,True,True,False
D:\02_AI_and_Data\Kaggle-AI-Agents\PTCG_AI_Battle_Challenge\reports\notebook54\section4\section4b_transition_validated_candidate_catalog.csv,Eevee,0.08 0.1 1. 0. 0. 0. 0. 1.38,18.0,,,Eevee,0.08 0.1 1. 0. 0. 0. 0. 1.38,18.0,-5,section4b_transition_validated_candidate_catalog.csv,True,True,True,False
D:\02_AI_and_Data\Kaggle-AI-Agents\PTCG_AI_Battle_Challenge\reports\notebook54\section4\section4b_transition_validated_candidate_catalog.csv,Eevee,1.38,18.0,,,Eevee,1.38,18.0,-5,section4b_transition_validated_candidate_catalog.csv,True,True,True,False
D:\02_AI_and_Data\Kaggle-AI-Agents\PTCG_AI_Battle_Challenge\reports\notebook54\section4\section4b_transition_validated_candidate_catalog.csv,Meowth,0.24 0.2 0. 0. 0. 0. 0. 0.64,60.0,,,Meowth,0.24 0.2 0. 0. 0. 0. 0. 0.64,60.0,-5,section4b_transition_validated_candidate_catalog.csv,True,True,True,False
D:\02_AI_and_Data\Kaggle-AI-Agents\PTCG_AI_Battle_Challenge\reports\notebook54\section4\section4b_transition_validated_candidate_catalog.csv,Meowth,0.24,60.0,,,Meowth,0.24,60.0,-5,section4b_transition_validated_candidate_catalog.csv,True,True,True,False
D:\02_AI_and_Data\Kaggle-AI-Agents\PTCG_AI_Battle_Challenge\reports\notebook54\section4\section4b_transition_validated_candidate_catalog.csv,Meowth,0.2,60.0,,,Meowth,0.2,60.0,-5,section4b_transition_validated_candidate_catalog.csv,True,True,True,False
D:\02_AI_and_Data\Kaggle-AI-Agents\PTCG_AI_Battle_Challenge\reports\notebook54\section4\section4b_transition_validated_candidate_catalog.csv,Meowth,0.0,60.0,,,Meowth,0.0,60.0,-5,section4b_transition_validated_candidate_catalog.csv,True,True,True,False
D:\02_AI_and_Data\Kaggle-AI-Agents\PTCG_AI_Battle_Challenge\reports\notebook54\section4\section4b_transition_validated_candidate_catalog.csv,Meowth,0.639999999999999,60.0,,,Meowth,0.639999999999999,60.0,-5,section4b_transition_validated_candidate_catalog.csv,True,True,True,False
D:\02_AI_and_Data\Kaggle-AI-Agents\PTCG_AI_Battle_Challenge\reports\notebook54\section4\section4b_transition_validated_candidate_catalog.csv,Meowth,0.24 0.2 1. 0. 0. 0. 0. 1.64,33.0,,,Meowth,0.24 0.2 1. 0. 0. 0. 0. 1.64,33.0,-5,section4b_transition_validated_candidate_catalog.csv,True,True,True,False
D:\02_AI_and_Data\Kaggle-AI-Agents\PTCG_AI_Battle_Challenge\reports\notebook54\section4\section4b_transition_validated_candidate_catalog.csv,Meowth,1.0,33.0,,,Meowth,1.0,33.0,-5,section4b_transition_validated_candidate_catalog.csv,True,True,True,False
D:\02_AI_and_Data\Kaggle-AI-Agents\PTCG_AI_Battle_Challenge\reports\notebook54\section4\section4b_transition_validated_candidate_catalog.csv,Meowth,1.6400000000000001,33.0,,,Meowth,1.6400000000000001,33.0,-5,section4b_transition_validated_candidate_catalog.csv,True,True,True,False
D:\02_AI_and_Data\Kaggle-AI-Agents\PTCG_AI_Battle_Challenge\reports\notebook54\section4\section4b_transition_validated_candidate_catalog.csv,Meowth,0.08 0.1 0. 0. 0. 0. 0. 0.38,20.0,,,Meowth,0.08 0.1 0. 0. 0. 0. 0. 0.38,20.0,-5,section4b_transition_validated_candidate_catalog.csv,True,True,True,False
D:\02_AI_and_Data\Kaggle-AI-Agents\PTCG_AI_Battle_Challenge\reports\notebook54\section4\section4b_transition_validated_candidate_catalog.csv,Meowth,0.08,20.0,,,Meowth,0.08,20.0,-5,section4b_transition_validated_candidate_catalog.csv,True,True,True,False
D:\02_AI_and_Data\Kaggle-AI-Agents\PTCG_AI_Battle_Challenge\reports\notebook54\section4\section4b_transition_validated_candidate_catalog.csv,Meowth,0.1,20.0,,,Meowth,0.1,20.0,-5,section4b_transition_validated_candidate_catalog.csv,True,True,True,False
D:\02_AI_and_Data\Kaggle-AI-Agents\PTCG_AI_Battle_Challenge\reports\notebook54\section4\section4b_transition_validated_candidate_catalog.csv,Meowth,0.38,20.0,,,Meowth,0.38,20.0,-5,section4b_transition_validated_candidate_catalog.csv,True,True,True,False
D:\02_AI_and_Data\Kaggle-AI-Agents\PTCG_AI_Battle_Challenge\reports\notebook54\section4\section4b_transition_validated_candidate_catalog.csv,Meowth,0.08 0.1 1. 0. 0. 0. 0. 1.38,8.0,,,Meowth,0.08 0.1 1. 0. 0. 0. 0. 1.38,8.0,-5,section4b_transition_validated_candidate_catalog.csv,True,True,True,False
D:\02_AI_and_Data\Kaggle-AI-Agents\PTCG_AI_Battle_Challenge\reports\notebook54\section4\section4b_transition_validated_candidate_catalog.csv,Meowth,1.38,8.0,,,Meowth,1.38,8.0,-5,section4b_transition_validated_candidate_catalog.csv,True,True,True,False
D:\02_AI_and_Data\Kaggle-AI-Agents\PTCG_AI_Battle_Challenge\reports\notebook54\section4\section4b_candidate_transition_results.csv,Bulbasaur,0.28 0.2 1. 0. 0. 0. 0. 1.73,46.0,,,Bulbasaur,0.28 0.2 1. 0. 0. 0. 0. 1.73,46.0,-5,section4b_candidate_transition_results.csv,True,True,True,False
D:\02_AI_and_Data\Kaggle-AI-Agents\PTCG_AI_Battle_Challenge\reports\notebook54\section4\section4b_candidate_transition_results.csv,Bulbasaur,0.28,46.0,,,Bulbasaur,0.28,46.0,-5,section4b_candidate_transition_results.csv,True,True,True,False
D:\02_AI_and_Data\Kaggle-AI-Agents\PTCG_AI_Battle_Challenge\reports\notebook54\section4\section4b_candidate_transition_results.csv,Bulbasaur,0.2,46.0,,,Bulbasaur,0.2,46.0,-5,section4b_candidate_transition_results.csv,True,True,True,False
D:\02_AI_and_Data\Kaggle-AI-Agents\PTCG_AI_Battle_Challenge\reports\notebook54\section4\section4b_candidate_transition_results.csv,Bulbasaur,1.0,46.0,,,Bulbasaur,1.0,46.0,-5,section4b_candidate_transition_results.csv,True,True,True,False
D:\02_AI_and_Data\Kaggle-AI-Agents\PTCG_AI_Battle_Challenge\reports\notebook54\section4\section4b_candidate_transition_results.csv,Bulbasaur,0.0,46.0,,,Bulbasaur,0.0,46.0,-5,section4b_candidate_transition_results.csv,True,True,True,False
D:\02_AI_and_Data\Kaggle-AI-Agents\PTCG_AI_Battle_Challenge\reports\notebook54\section4\section4b_candidate_transition_results.csv,Bulbasaur,1.73,46.0,,,Bulbasaur,1.73,46.0,-5,section4b_candidate_transition_results.csv,True,True,True,False
D:\02_AI_and_Data\Kaggle-AI-Agents\PTCG_AI_Battle_Challenge\reports\notebook54\section4\section4b_candidate_transition_results.csv,Bulbasaur,0.12 0.1 0. 0. 0. 0. 0. 0.52,30.0,,,Bulbasaur,0.12 0.1 0. 0. 0. 0. 0. 0.52,30.0,-5,section4b_candidate_transition_results.csv,True,True,True,False
D:\02_AI_and_Data\Kaggle-AI-Agents\PTCG_AI_Battle_Challenge\reports\notebook54\section4\section4b_candidate_transition_results.csv,Bulbasaur,0.12,30.0,,,Bulbasaur,0.12,30.0,-5,section4b_candidate_transition_results.csv,True,True,True,False
D:\02_AI_and_Data\Kaggle-AI-Agents\PTCG_AI_Battle_Challenge\reports\notebook54\section4\section4b_candidate_transition_results.csv,Bulbasaur,0.1,30.0,,,Bulbasaur,0.1,30.0,-5,section4b_candidate_transition_results.csv,True,True,True,False
D:\02_AI_and_Data\Kaggle-AI-Agents\PTCG_AI_Battle_Challenge\reports\notebook54\section4\section4b_candidate_transition_results.csv,Bulbasaur,0.52,30.0,,,Bulbasaur,0.52,30.0,-5,section4b_candidate_transition_results.csv,True,True,True,False
D:\02_AI_and_Data\Kaggle-AI-Agents\PTCG_AI_Battle_Challenge\reports\notebook54\section4\section4b_candidate_transition_results.csv,Bulbasaur,0.28 0.2 0. 0. 0. 0. 0. 0.73,30.0,,,Bulbasaur,0.28 0.2 0. 0. 0. 0. 0. 0.73,30.0,-5,section4b_candidate_transition_results.csv,True,True,True,False
D:\02_AI_and_Data\Kaggle-AI-Agents\PTCG_AI_Battle_Challenge\reports\notebook54\section4\section4b_candidate_transition_results.csv,Bulbasaur,0.73,30.0,,,Bulbasaur,0.73,30.0,-5,section4b_candidate_transition_results.csv,True,True,True,False
D:\02_AI_and_Data\Kaggle-AI-Agents\PTCG_AI_Battle_Challenge\reports\notebook54\section4\section4b_candidate_transition_results.csv,Bulbasaur,0.12 0.1 1. 0. 0. 0. 0. 1.52,28.0,,,Bulbasaur,0.12 0.1 1. 0. 0. 0. 0. 1.52,28.0,-5,section4b_candidate_transition_results.csv,True,True,True,False
D:\02_AI_and_Data\Kaggle-AI-Agents\PTCG_AI_Battle_Challenge\reports\notebook54\section4\section4b_candidate_transition_results.csv,Bulbasaur,1.52,28.0,,,Bulbasaur,1.52,28.0,-5,section4b_candidate_transition_results.csv,True,True,True,False
D:\02_AI_and_Data\Kaggle-AI-Agents\PTCG_AI_Battle_Challenge\reports\notebook54\section4\section4b_candidate_transition_results.csv,Charmander,0.08 0.1 0. 0. 0. 0. 0. 0.38,50.0,,,Charmander,0.08 0.1 0. 0. 0. 0. 0. 0.38,50.0,-5,section4b_candidate_transition_results.csv,True,True,True,False
D:\02_AI_and_Data\Kaggle-AI-Agents\PTCG_AI_Battle_Challenge\reports\notebook54\section4\section4b_candidate_transition_results.csv,Charmander,0.08,50.0,,,Charmander,0.08,50.0,-5,section4b_candidate_transition_results.csv,True,True,True,False
D:\02_AI_and_Data\Kaggle-AI-Agents\PTCG_AI_Battle_Challenge\reports\notebook54\section4\section4b_candidate_transition_results.csv,Charmander,0.1,50.0,,,Charmander,0.1,50.0,-5,section4b_candidate_transition_results.csv,True,True,True,False
D:\02_AI_and_Data\Kaggle-AI-Agents\PTCG_AI_Battle_Challenge\reports\notebook54\section4\section4b_candidate_transition_results.csv,Charmander,0.0,50.0,,,Charmander,0.0,50.0,-5,section4b_candidate_transition_results.csv,True,True,True,False
D:\02_AI_and_Data\Kaggle-AI-Agents\PTCG_AI_Battle_Challenge\reports\notebook54\section4\section4b_candidate_transition_results.csv,Charmander,0.38,50.0,,,Charmander,0.38,50.0,-5,section4b_candidate_transition_results.csv,True,True,True,False
D:\02_AI_and_Data\Kaggle-AI-Agents\PTCG_AI_Battle_Challenge\reports\notebook54\section4\section4b_candidate_transition_results.csv,Charmander,0.2 0.2 0. 0. 0. 0. 0. 0.55,50.0,,,Charmander,0.2 0.2 0. 0. 0. 0. 0. 0.55,50.0,-5,section4b_candidate_transition_results.csv,True,True,True,False
D:\02_AI_and_Data\Kaggle-AI-Agents\PTCG_AI_Battle_Challenge\reports\notebook54\section4\section4b_candidate_transition_results.csv,Charmander,0.2,50.0,,,Charmander,0.2,50.0,-5,section4b_candidate_transition_results.csv,True,True,True,False
D:\02_AI_and_Data\Kaggle-AI-Agents\PTCG_AI_Battle_Challenge\reports\notebook54\section4\section4b_candidate_transition_results.csv,Charmander,0.55,50.0,,,Charmander,0.55,50.0,-5,section4b_candidate_transition_results.csv,True,True,True,False
D:\02_AI_and_Data\Kaggle-AI-Agents\PTCG_AI_Battle_Challenge\reports\notebook54\section4\section4b_candidate_transition_results.csv,Charmander,0.2 0.2 1. 0. 0. 0. 0. 1.55,20.0,,,Charmander,0.2 0.2 1. 0. 0. 0. 0. 1.55,20.0,-5,section4b_candidate_transition_results.csv,True,True,True,False
D:\02_AI_and_Data\Kaggle-AI-Agents\PTCG_AI_Battle_Challenge\reports\notebook54\section4\section4b_candidate_transition_results.csv,Charmander,1.0,20.0,,,Charmander,1.0,20.0,-5,section4b_candidate_transition_results.csv,True,True,True,False
D:\02_AI_and_Data\Kaggle-AI-Agents\PTCG_AI_Battle_Challenge\reports\notebook54\section4\section4b_candidate_transition_results.csv,Charmander,1.55,20.0,,,Charmander,1.55,20.0,-5,section4b_candidate_transition_results.csv,True,True,True,False
D:\02_AI_and_Data\Kaggle-AI-Agents\PTCG_AI_Battle_Challenge\reports\notebook54\section4\section4b_candidate_transition_results.csv,Charmander,0.08 0.1 1. 0. 0. 0. 0. 1.38,16.0,,,Charmander,0.08 0.1 1. 0. 0. 0. 0. 1.38,16.0,-5,section4b_candidate_transition_results.csv,True,True,True,False
D:\02_AI_and_Data\Kaggle-AI-Agents\PTCG_AI_Battle_Challenge\reports\notebook54\section4\section4b_candidate_transition_results.csv,Charmander,1.38,16.0,,,Charmander,1.38,16.0,-5,section4b_candidate_transition_results.csv,True,True,True,False
D:\02_AI_and_Data\Kaggle-AI-Agents\PTCG_AI_Battle_Challenge\reports\notebook54\section4\section4b_candidate_transition_results.csv,Eevee,0.2 0.2 1. 0. 0. 0. 0. 1.55,31.0,,,Eevee,0.2 0.2 1. 0. 0. 0. 0. 1.55,31.0,-5,section4b_candidate_transition_results.csv,True,True,True,False
D:\02_AI_and_Data\Kaggle-AI-Agents\PTCG_AI_Battle_Challenge\reports\notebook54\section4\section4b_candidate_transition_results.csv,Eevee,0.2,31.0,,,Eevee,0.2,31.0,-5,section4b_candidate_transition_results.csv,True,True,True,False
D:\02_AI_and_Data\Kaggle-AI-Agents\PTCG_AI_Battle_Challenge\reports\notebook54\section4\section4b_candidate_transition_results.csv,Eevee,1.0,31.0,,,Eevee,1.0,31.0,-5,section4b_candidate_transition_results.csv,True,True,True,False
D:\02_AI_and_Data\Kaggle-AI-Agents\PTCG_AI_Battle_Challenge\reports\notebook54\section4\section4b_candidate_transition_results.csv,Eevee,0.0,31.0,,,Eevee,0.0,31.0,-5,section4b_candidate_transition_results.csv,True,True,True,False
D:\02_AI_and_Data\Kaggle-AI-Agents\PTCG_AI_Battle_Challenge\reports\notebook54\section4\section4b_candidate_transition_results.csv,Eevee,1.55,31.0,,,Eevee,1.55,31.0,-5,section4b_candidate_transition_results.csv,True,True,True,False
D:\02_AI_and_Data\Kaggle-AI-Agents\PTCG_AI_Battle_Challenge\reports\notebook54\section4\section4b_candidate_transition_results.csv,Eevee,0.08 0.1 0. 0. 0. 0. 0. 0.38,20.0,,,Eevee,0.08 0.1 0. 0. 0. 0. 0. 0.38,20.0,-5,section4b_candidate_transition_results.csv,True,True,True,False
D:\02_AI_and_Data\Kaggle-AI-Agents\PTCG_AI_Battle_Challenge\reports\notebook54\section4\section4b_candidate_transition_results.csv,Eevee,0.08,20.0,,,Eevee,0.08,20.0,-5,section4b_candidate_transition_results.csv,True,True,True,False
D:\02_AI_and_Data\Kaggle-AI-Agents\PTCG_AI_Battle_Challenge\reports\notebook54\section4\section4b_candidate_transition_results.csv,Eevee,0.1,20.0,,,Eevee,0.1,20.0,-5,section4b_candidate_transition_results.csv,True,True,True,False
D:\02_AI_and_Data\Kaggle-AI-Agents\PTCG_AI_Battle_Challenge\reports\notebook54\section4\section4b_candidate_transition_results.csv,Eevee,0.38,20.0,,,Eevee,0.38,20.0,-5,section4b_candidate_transition_results.csv,True,True,True,False
D:\02_AI_and_Data\Kaggle-AI-Agents\PTCG_AI_Battle_Challenge\reports\notebook54\section4\section4b_candidate_transition_results.csv,Eevee,0.2 0.2 0. 0. 0. 0. 0. 0.55,20.0,,,Eevee,0.2 0.2 0. 0. 0. 0. 0. 0.55,20.0,-5,section4b_candidate_transition_results.csv,True,True,True,False
D:\02_AI_and_Data\Kaggle-AI-Agents\PTCG_AI_Battle_Challenge\reports\notebook54\section4\section4b_candidate_transition_results.csv,Eevee,0.55,20.0,,,Eevee,0.55,20.0,-5,section4b_candidate_transition_results.csv,True,True,True,False
D:\02_AI_and_Data\Kaggle-AI-Agents\PTCG_AI_Battle_Challenge\reports\notebook54\section4\section4b_candidate_transition_results.csv,Eevee,0.08 0.1 1. 0. 0. 0. 0. 1.38,18.0,,,Eevee,0.08 0.1 1. 0. 0. 0. 0. 1.38,18.0,-5,section4b_candidate_transition_results.csv,True,True,True,False
D:\02_AI_and_Data\Kaggle-AI-Agents\PTCG_AI_Battle_Challenge\reports\notebook54\section4\section4b_candidate_transition_results.csv,Eevee,1.38,18.0,,,Eevee,1.38,18.0,-5,section4b_candidate_transition_results.csv,True,True,True,False
D:\02_AI_and_Data\Kaggle-AI-Agents\PTCG_AI_Battle_Challenge\reports\notebook54\section4\section4b_candidate_transition_results.csv,Meowth,0.24 0.2 0. 0. 0. 0. 0. 0.64,60.0,,,Meowth,0.24 0.2 0. 0. 0. 0. 0. 0.64,60.0,-5,section4b_candidate_transition_results.csv,True,True,True,False
D:\02_AI_and_Data\Kaggle-AI-Agents\PTCG_AI_Battle_Challenge\reports\notebook54\section4\section4b_candidate_transition_results.csv,Meowth,0.24,60.0,,,Meowth,0.24,60.0,-5,section4b_candidate_transition_results.csv,True,True,True,False
D:\02_AI_and_Data\Kaggle-AI-Agents\PTCG_AI_Battle_Challenge\reports\notebook54\section4\section4b_candidate_transition_results.csv,Meowth,0.2,60.0,,,Meowth,0.2,60.0,-5,section4b_candidate_transition_results.csv,True,True,True,False
D:\02_AI_and_Data\Kaggle-AI-Agents\PTCG_AI_Battle_Challenge\reports\notebook54\section4\section4b_candidate_transition_results.csv,Meowth,0.0,60.0,,,Meowth,0.0,60.0,-5,section4b_candidate_transition_results.csv,True,True,True,False
D:\02_AI_and_Data\Kaggle-AI-Agents\PTCG_AI_Battle_Challenge\reports\notebook54\section4\section4b_candidate_transition_results.csv,Meowth,0.639999999999999,60.0,,,Meowth,0.639999999999999,60.0,-5,section4b_candidate_transition_results.csv,True,True,True,False
D:\02_AI_and_Data\Kaggle-AI-Agents\PTCG_AI_Battle_Challenge\reports\notebook54\section4\section4b_candidate_transition_results.csv,Meowth,0.24 0.2 1. 0. 0. 0. 0. 1.64,33.0,,,Meowth,0.24 0.2 1. 0. 0. 0. 0. 1.64,33.0,-5,section4b_candidate_transition_results.csv,True,True,True,False
D:\02_AI_and_Data\Kaggle-AI-Agents\PTCG_AI_Battle_Challenge\reports\notebook54\section4\section4b_candidate_transition_results.csv,Meowth,1.0,33.0,,,Meowth,1.0,33.0,-5,section4b_candidate_transition_results.csv,True,True,True,False
D:\02_AI_and_Data\Kaggle-AI-Agents\PTCG_AI_Battle_Challenge\reports\notebook54\section4\section4b_candidate_transition_results.csv,Meowth,1.6400000000000001,33.0,,,Meowth,1.6400000000000001,33.0,-5,section4b_candidate_transition_results.csv,True,True,True,False
D:\02_AI_and_Data\Kaggle-AI-Agents\PTCG_AI_Battle_Challenge\reports\notebook54\section4\section4b_candidate_transition_results.csv,Meowth,0.08 0.1 0. 0. 0. 0. 0. 0.38,20.0,,,Meowth,0.08 0.1 0. 0. 0. 0. 0. 0.38,20.0,-5,section4b_candidate_transition_results.csv,True,True,True,False
D:\02_AI_and_Data\Kaggle-AI-Agents\PTCG_AI_Battle_Challenge\reports\notebook54\section4\section4b_candidate_transition_results.csv,Meowth,0.08,20.0,,,Meowth,0.08,20.0,-5,section4b_candidate_transition_results.csv,True,True,True,False
D:\02_AI_and_Data\Kaggle-AI-Agents\PTCG_AI_Battle_Challenge\reports\notebook54\section4\section4b_candidate_transition_results.csv,Meowth,0.1,20.0,,,Meowth,0.1,20.0,-5,section4b_candidate_transition_results.csv,True,True,True,False
D:\02_AI_and_Data\Kaggle-AI-Agents\PTCG_AI_Battle_Challenge\reports\notebook54\section4\section4b_candidate_transition_results.csv,Meowth,0.38,20.0,,,Meowth,0.38,20.0,-5,section4b_candidate_transition_results.csv,True,True,True,False
D:\02_AI_and_Data\Kaggle-AI-Agents\PTCG_AI_Battle_Challenge\reports\notebook54\section4\section4b_candidate_transition_results.csv,Meowth,0.08 0.1 1. 0. 0. 0. 0. 1.38,8.0,,,Meowth,0.08 0.1 1. 0. 0. 0. 0. 1.38,8.0,-5,section4b_candidate_transition_results.csv,True,True,True,False
D:\02_AI_and_Data\Kaggle-AI-Agents\PTCG_AI_Battle_Challenge\reports\notebook54\section4\section4b_candidate_transition_results.csv,Meowth,1.38,8.0,,,Meowth,1.38,8.0,-5,section4b_candidate_transition_results.csv,True,True,True,False
D:\02_AI_and_Data\Kaggle-AI-Agents\PTCG_AI_Battle_Challenge\reports\notebook47\competitive_policy_test_errors.csv,Charmander,2,20.0,,,Charmander,2,20.0,-5,competitive_policy_test_errors.csv,True,True,True,False
D:\02_AI_and_Data\Kaggle-AI-Agents\PTCG_AI_Battle_Challenge\reports\notebook47\competitive_policy_test_errors.csv,Eevee,2,20.0,,,Eevee,2,20.0,-5,competitive_policy_test_errors.csv,True,True,True,False
D:\02_AI_and_Data\Kaggle-AI-Agents\PTCG_AI_Battle_Challenge\reports\notebook47\competitive_policy_test_errors.csv,Meowth,2,20.0,,,Meowth,2,20.0,-5,competitive_policy_test_errors.csv,True,True,True,False
D:\02_AI_and_Data\Kaggle-AI-Agents\PTCG_AI_Battle_Challenge\reports\notebook47\competitive_policy_test_errors.csv,Bulbasaur,2,70.0,,,Bulbasaur,2,70.0,-5,competitive_policy_test_errors.csv,True,True,True,False
D:\02_AI_and_Data\Kaggle-AI-Agents\PTCG_AI_Battle_Challenge\reports\notebook54\section4\section4q_complete_verified_action_catalog.csv,Bulbasaur,1,10,1,Defending Pokémon cannot retreat during the opponent's next turn.,Bulbasaur,1,10.0,-5,section4q_complete_verified_action_catalog.csv,True,True,True,False
D:\02_AI_and_Data\Kaggle-AI-Agents\PTCG_AI_Battle_Challenge\reports\notebook54\section4\section4q_complete_verified_action_catalog.csv,Charmander,1,20,1,nan,Charmander,1,20.0,-5,section4q_complete_verified_action_catalog.csv,True,True,True,False
D:\02_AI_and_Data\Kaggle-AI-Agents\PTCG_AI_Battle_Challenge\reports\notebook54\section4\section4q_complete_verified_action_catalog.csv,Meowth,1,60,3,Return this Pokémon and all attached cards to the hand.,Meowth,1,60.0,-5,section4q_complete_verified_action_catalog.csv,True,True,True,False
D:\02_AI_and_Data\Kaggle-AI-Agents\PTCG_AI_Battle_Challenge\reports\notebook54\section4\section4q_printed_vs_simulator_availability.csv,Bulbasaur,1,10,1,Defending Pokémon cannot retreat during the opponent's next turn.,Bulbasaur,1,10.0,-5,section4q_printed_vs_simulator_availability.csv,True,True,True,False
D:\02_AI_and_Data\Kaggle-AI-Agents\PTCG_AI_Battle_Challenge\reports\notebook54\section4\section4q_printed_vs_simulator_availability.csv,Charmander,1,20,1,nan,Charmander,1,20.0,-5,section4q_printed_vs_simulator_availability.csv,True,True,True,False
D:\02_AI_and_Data\Kaggle-AI-Agents\PTCG_AI_Battle_Challenge\reports\notebook54\section4\section4q_printed_vs_simulator_availability.csv,Meowth,1,60,3,Return this Pokémon and all attached cards to the hand.,Meowth,1,60.0,-5,section4q_printed_vs_simulator_availability.csv,True,True,True,False
D:\02_AI_and_Data\Kaggle-AI-Agents\PTCG_AI_Battle_Challenge\reports\notebook54\section4\section4q_verified_printed_actions.csv,Bulbasaur,1,10,1,Defending Pokémon cannot retreat during the opponent's next turn.,Bulbasaur,1,10.0,-5,section4q_verified_printed_actions.csv,True,True,True,False
D:\02_AI_and_Data\Kaggle-AI-Agents\PTCG_AI_Battle_Challenge\reports\notebook54\section4\section4q_verified_printed_actions.csv,Charmander,1,20,1,nan,Charmander,1,20.0,-5,section4q_verified_printed_actions.csv,True,True,True,False
D:\02_AI_and_Data\Kaggle-AI-Agents\PTCG_AI_Battle_Challenge\reports\notebook54\section4\section4q_verified_printed_actions.csv,Meowth,1,60,3,Return this Pokémon and all attached cards to the hand.,Meowth,1,60.0,-5,section4q_verified_printed_actions.csv,True,True,True,False
D:\02_AI_and_Data\Kaggle-AI-Agents\PTCG_AI_Battle_Challenge\reports\notebook54\section4\section4b_candidate_transition_summary.json,Bulbasaur,32,8,,,Bulbasaur,32,8.0,-5,section4b_candidate_transition_summary.json,True,True,True,False
D:\02_AI_and_Data\Kaggle-AI-Agents\PTCG_AI_Battle_Challenge\reports\notebook54\section4\section4b_candidate_transition_summary.json,Charmander,32,8,,,Charmander,32,8.0,-5,section4b_candidate_transition_summary.json,True,True,True,False
D:\02_AI_and_Data\Kaggle-AI-Agents\PTCG_AI_Battle_Challenge\reports\notebook54\section4\section4b_candidate_transition_summary.json,Eevee,32,8,,,Eevee,32,8.0,-5,section4b_candidate_transition_summary.json,True,True,True,False
D:\02_AI_and_Data\Kaggle-AI-Agents\PTCG_AI_Battle_Challenge\reports\notebook54\section4\section4b_candidate_transition_summary.json,Meowth,32,8,,,Meowth,32,8.0,-5,section4b_candidate_transition_summary.json,True,True,True,False
D:\02_AI_and_Data\Kaggle-AI-Agents\PTCG_AI_Battle_Challenge\reports\notebook51\section6\section6d_real_state_transition.csv,Bulbasaur,Quick Attack,20.0,,,Bulbasaur,Quick Attack,20.0,-5,section6d_real_state_transition.csv,True,True,True,False
