source_file,file_name,rows,columns,authority_score,excluded_generated_source,card_id_column,card_name_column,expansion_column,move_column,damage_column,effect_column,explicit_card_schema,exact_tournament_card_matches,candidate_authoritative_source
D:\02_AI_and_Data\Kaggle-AI-Agents\PTCG_AI_Battle_Challenge\data\raw\JP_Card_Data.csv,JP_Card_Data.csv,2022,17,14,False,,,,,,,False,0,False
D:\02_AI_and_Data\Kaggle-AI-Agents\PTCG_AI_Battle_Challenge\data\raw\EN_Card_Data.csv,EN_Card_Data.csv,2022,17,14,False,,,Expansion,,Damage,,False,0,False
D:\02_AI_and_Data\Kaggle-AI-Agents\PTCG_AI_Battle_Challenge\data\raw\kaggle_sample_submission\deck.csv,deck.csv,59,1,11,False,,,,,,,False,0,False
D:\02_AI_and_Data\Kaggle-AI-Agents\PTCG_AI_Battle_Challenge\data\processed\pokemon_cards_processed.csv,pokemon_cards_processed.csv,2022,43,10,False,,,Expansion,,Damage,,False,0,False
D:\02_AI_and_Data\Kaggle-AI-Agents\PTCG_AI_Battle_Challenge\data\tournaments\competitive_policy_baseline_tournament.csv,competitive_policy_baseline_tournament.csv,300,17,1,False,,,,,,,False,0,False
D:\02_AI_and_Data\Kaggle-AI-Agents\PTCG_AI_Battle_Challenge\data\tournaments\competitive_policy_elo_history.csv,competitive_policy_elo_history.csv,300,8,1,False,,,,,,,False,0,False
D:\02_AI_and_Data\Kaggle-AI-Agents\PTCG_AI_Battle_Challenge\submission_work\official_sample_extracted\deck.csv,deck.csv,59,1,1,False,,,,,,,False,0,False
D:\02_AI_and_Data\Kaggle-AI-Agents\PTCG_AI_Battle_Challenge\submission_work\team_jesus_baseline\deck.csv,deck.csv,59,1,1,False,,,,,,,False,0,False
D:\02_AI_and_Data\Kaggle-AI-Agents\PTCG_AI_Battle_Challenge\submission_work\team_jesus_notebook23\package\data\deck.csv,deck.csv,59,1,1,False,,,,,,,False,0,False
D:\02_AI_and_Data\Kaggle-AI-Agents\PTCG_AI_Battle_Challenge\submission_work\notebook24_extracted\data\deck.csv,deck.csv,59,1,1,False,,,,,,,False,0,False
D:\02_AI_and_Data\Kaggle-AI-Agents\PTCG_AI_Battle_Challenge\submission_work\notebook24_extracted\manifest.json,manifest.json,4,6,1,False,,,,,,,False,0,False
D:\02_AI_and_Data\Kaggle-AI-Agents\PTCG_AI_Battle_Challenge\submission_work\team_jesus_notebook23\package\manifest.json,manifest.json,4,6,1,False,,,,,,,False,0,False
D:\02_AI_and_Data\Kaggle-AI-Agents\PTCG_AI_Battle_Challenge\reports\notebook54\section3\section3b_discovered_move_records.csv,section3b_discovered_move_records.csv,14599,6,-100,True,,card_name,,move_name,damage,,True,1264,False
D:\02_AI_and_Data\Kaggle-AI-Agents\PTCG_AI_Battle_Challenge\reports\notebook54\section4\section4a_tournament_card_move_records.csv,section4a_tournament_card_move_records.csv,1264,14,-100,True,,card_name,,move_name,damage,,True,1264,False
D:\02_AI_and_Data\Kaggle-AI-Agents\PTCG_AI_Battle_Challenge\reports\notebook54\section4\section4a_simulator_supported_move_records.csv,section4a_simulator_supported_move_records.csv,1069,15,-100,True,,card_name,,move_name,damage,,True,1069,False
D:\02_AI_and_Data\Kaggle-AI-Agents\PTCG_AI_Battle_Challenge\reports\notebook52\section5\section5b_expanded_turn_results.csv,section5b_expanded_turn_results.csv,210,14,-100,True,,pokemon_name,,move_name,damage,,True,210,False
D:\02_AI_and_Data\Kaggle-AI-Agents\PTCG_AI_Battle_Challenge\reports\notebook53\section6\section6e_tournament_replay_turns.csv,section6e_tournament_replay_turns.csv,210,14,-100,True,,pokemon_name,,move_name,damage,,True,210,False
D:\02_AI_and_Data\Kaggle-AI-Agents\PTCG_AI_Battle_Challenge\reports\notebook54\section4\section4a_preferred_move_catalog.csv,section4a_preferred_move_catalog.csv,151,15,-100,True,,card_name,,move_name,damage,,True,151,False
D:\02_AI_and_Data\Kaggle-AI-Agents\PTCG_AI_Battle_Challenge\reports\notebook54\section4\section4j_upstream_identifier_evidence.csv,section4j_upstream_identifier_evidence.csv,124,8,-100,True,card_id,card_name,,,,,False,124,False
D:\02_AI_and_Data\Kaggle-AI-Agents\PTCG_AI_Battle_Challenge\reports\notebook54\section4\section4e_tournament_card_text_references.csv,section4e_tournament_card_text_references.csv,122,6,-100,True,,card_name,,,,,False,122,False
D:\02_AI_and_Data\Kaggle-AI-Agents\PTCG_AI_Battle_Challenge\reports\notebook54\section4\section4a_move_records_manual_review.csv,section4a_move_records_manual_review.csv,114,15,-100,True,,card_name,,move_name,damage,,True,114,False
D:\02_AI_and_Data\Kaggle-AI-Agents\PTCG_AI_Battle_Challenge\reports\notebook52\section4\section4a_single_pass_turn_results.csv,section4a_single_pass_turn_results.csv,56,15,-100,True,,pokemon_name,,move_name,damage,,True,56,False
D:\02_AI_and_Data\Kaggle-AI-Agents\PTCG_AI_Battle_Challenge\reports\notebook54\section4\section4a_safe_action_catalog.csv,section4a_safe_action_catalog.csv,37,16,-100,True,,card_name,,move_name,damage,,True,37,False
D:\02_AI_and_Data\Kaggle-AI-Agents\PTCG_AI_Battle_Challenge\reports\notebook54\section4\section4a_additional_source_backed_moves.csv,section4a_additional_source_backed_moves.csv,32,15,-100,True,,card_name,,move_name,damage,,True,32,False
D:\02_AI_and_Data\Kaggle-AI-Agents\PTCG_AI_Battle_Challenge\reports\notebook54\section4\section4c_candidate_provenance_audit.csv,section4c_candidate_provenance_audit.csv,32,27,-100,True,,card_name,,move_name,damage,,True,32,False
D:\02_AI_and_Data\Kaggle-AI-Agents\PTCG_AI_Battle_Challenge\reports\notebook54\section4\section4c_rejected_false_candidates.csv,section4c_rejected_false_candidates.csv,32,27,-100,True,,card_name,,move_name,damage,,True,32,False
D:\02_AI_and_Data\Kaggle-AI-Agents\PTCG_AI_Battle_Challenge\reports\notebook54\section4\section4b_transition_validated_candidate_catalog.csv,section4b_transition_validated_candidate_catalog.csv,32,21,-100,True,,card_name,,move_name,damage,,True,32,False
D:\02_AI_and_Data\Kaggle-AI-Agents\PTCG_AI_Battle_Challenge\reports\notebook54\section4\section4b_candidate_transition_results.csv,section4b_candidate_transition_results.csv,32,22,-100,True,,card_name,,move_name,,,True,32,False
D:\02_AI_and_Data\Kaggle-AI-Agents\PTCG_AI_Battle_Challenge\reports\notebook54\section4\section4p_attack_profile.csv,section4p_attack_profile.csv,10,12,-100,True,card_id,card_name,,attack_name,,,True,10,False
D:\02_AI_and_Data\Kaggle-AI-Agents\PTCG_AI_Battle_Challenge\reports\notebook54\section4\section4h_targeted_pdf_card_matches.csv,section4h_targeted_pdf_card_matches.csv,9,8,-100,True,,card_name,,,,,False,9,False
D:\02_AI_and_Data\Kaggle-AI-Agents\PTCG_AI_Battle_Challenge\reports\notebook54\section4\section4l_card_action_matches.csv,section4l_card_action_matches.csv,8,16,-100,True,card_id,card_name,expansion,,,,False,8,False
D:\02_AI_and_Data\Kaggle-AI-Agents\PTCG_AI_Battle_Challenge\reports\notebook54\section4\section4p_card_visual_profile.csv,section4p_card_visual_profile.csv,8,18,-100,True,card_id,card_name,expansion,,,,False,8,False
D:\02_AI_and_Data\Kaggle-AI-Agents\PTCG_AI_Battle_Challenge\reports\notebook54\section4\section4i_official_card_index_rows.csv,section4i_official_card_index_rows.csv,8,10,-100,True,card_id,card_name,expansion,,,,False,8,False
D:\02_AI_and_Data\Kaggle-AI-Agents\PTCG_AI_Battle_Challenge\reports\notebook54\section4\section4n_saved_official_card_images.csv,section4n_saved_official_card_images.csv,8,18,-100,True,card_id,card_name,expansion,,,,False,8,False
D:\02_AI_and_Data\Kaggle-AI-Agents\PTCG_AI_Battle_Challenge\reports\notebook54\section4\section4o_verified_official_card_images.csv,section4o_verified_official_card_images.csv,8,18,-100,True,card_id,card_name,expansion,,,,False,8,False
D:\02_AI_and_Data\Kaggle-AI-Agents\PTCG_AI_Battle_Challenge\reports\notebook54\section4\section4m_card_destination_detail.csv,section4m_card_destination_detail.csv,8,23,-100,True,card_id,card_name,expansion,,,,False,8,False
D:\02_AI_and_Data\Kaggle-AI-Agents\PTCG_AI_Battle_Challenge\reports\notebook54\section4\section4k_official_card_image_links.csv,section4k_official_card_image_links.csv,8,18,-100,True,card_id,card_name,expansion,,,,False,8,False
D:\02_AI_and_Data\Kaggle-AI-Agents\PTCG_AI_Battle_Challenge\reports\notebook54\section4\section4m_card_destination_matches.csv,section4m_card_destination_matches.csv,8,15,-100,True,card_id,card_name,expansion,,,,False,8,False
D:\02_AI_and_Data\Kaggle-AI-Agents\PTCG_AI_Battle_Challenge\reports\notebook54\section4\section4k_card_text_positions.csv,section4k_card_text_positions.csv,8,6,-100,True,,card_name,,,,,False,8,False
D:\02_AI_and_Data\Kaggle-AI-Agents\PTCG_AI_Battle_Challenge\reports\notebook51\section6\section6f_first_full_battle_turns.csv,section6f_first_full_battle_turns.csv,8,8,-100,True,,pokemon_name,,move_name,,,True,8,False
D:\02_AI_and_Data\Kaggle-AI-Agents\PTCG_AI_Battle_Challenge\reports\notebook54\section4\section4p_version_confidence.csv,section4p_version_confidence.csv,8,25,-100,True,card_id,card_name,expansion,,,,False,8,False
D:\02_AI_and_Data\Kaggle-AI-Agents\PTCG_AI_Battle_Challenge\reports\notebook54\section4\section4p_simulator_match.csv,section4p_simulator_match.csv,8,21,-100,True,card_id,card_name,expansion,,,,False,8,False
D:\02_AI_and_Data\Kaggle-AI-Agents\PTCG_AI_Battle_Challenge\reports\notebook54\section4\section4n_selected_image_candidates.csv,section4n_selected_image_candidates.csv,8,24,-100,True,card_id,card_name,expansion,,,,False,8,False
D:\02_AI_and_Data\Kaggle-AI-Agents\PTCG_AI_Battle_Challenge\reports\notebook54\section4\section4n_destination_image_inventory.csv,section4n_destination_image_inventory.csv,8,23,-100,True,card_id,card_name,expansion,,,,False,8,False
D:\02_AI_and_Data\Kaggle-AI-Agents\PTCG_AI_Battle_Challenge\reports\notebook54\section4\section4j_official_candidate_comparison.csv,section4j_official_candidate_comparison.csv,8,14,-100,True,,card_name,expansion,,,,False,8,False
D:\02_AI_and_Data\Kaggle-AI-Agents\PTCG_AI_Battle_Challenge\reports\notebook54\section4\section4q_complete_verified_action_catalog.csv,section4q_complete_verified_action_catalog.csv,7,19,-100,True,,card_name,expansion,,,,False,7,False
D:\02_AI_and_Data\Kaggle-AI-Agents\PTCG_AI_Battle_Challenge\reports\notebook54\section4\section4q_frozen_simulator_actions.csv,section4q_frozen_simulator_actions.csv,7,6,-100,True,,card_name,,,,,False,7,False
D:\02_AI_and_Data\Kaggle-AI-Agents\PTCG_AI_Battle_Challenge\reports\notebook54\section4\section4j_upstream_card_profile_evidence.csv,section4j_upstream_card_profile_evidence.csv,5,10,-100,True,,card_name,,,,,False,5,False
D:\02_AI_and_Data\Kaggle-AI-Agents\PTCG_AI_Battle_Challenge\reports\notebook54\section4\section4q_printed_vs_simulator_availability.csv,section4q_printed_vs_simulator_availability.csv,5,19,-100,True,,card_name,expansion,,,,False,5,False
D:\02_AI_and_Data\Kaggle-AI-Agents\PTCG_AI_Battle_Challenge\reports\notebook54\section4\section4q_verified_printed_actions.csv,section4q_verified_printed_actions.csv,5,16,-100,True,,card_name,expansion,,,,False,5,False
D:\02_AI_and_Data\Kaggle-AI-Agents\PTCG_AI_Battle_Challenge\reports\notebook54\section4\section4a_card_candidate_profile.csv,section4a_card_candidate_profile.csv,4,7,-100,True,,card_name,,,,,False,4,False
D:\02_AI_and_Data\Kaggle-AI-Agents\PTCG_AI_Battle_Challenge\reports\notebook54\section4\section4n_card_image_extraction_profile.csv,section4n_card_image_extraction_profile.csv,4,11,-100,True,,card_name,,,,,False,4,False
D:\02_AI_and_Data\Kaggle-AI-Agents\PTCG_AI_Battle_Challenge\reports\notebook54\section4\section4q_verified_card_versions.csv,section4q_verified_card_versions.csv,4,16,-100,True,,card_name,expansion,,,,False,4,False
D:\02_AI_and_Data\Kaggle-AI-Agents\PTCG_AI_Battle_Challenge\reports\notebook54\section4\section4i_official_card_version_summary.csv,section4i_official_card_version_summary.csv,4,10,-100,True,,card_name,,,,,False,4,False
D:\02_AI_and_Data\Kaggle-AI-Agents\PTCG_AI_Battle_Challenge\reports\notebook54\section4\section4j_simulator_move_profile.csv,section4j_simulator_move_profile.csv,4,7,-100,True,,card_name,,,,,False,4,False
D:\02_AI_and_Data\Kaggle-AI-Agents\PTCG_AI_Battle_Challenge\reports\notebook54\section4\section4d_benchmark_metadata_comparison.csv,section4d_benchmark_metadata_comparison.csv,4,10,-100,True,,card_name,,,,,False,4,False
D:\02_AI_and_Data\Kaggle-AI-Agents\PTCG_AI_Battle_Challenge\reports\notebook54\section4\section4k_card_link_recovery_summary.csv,section4k_card_link_recovery_summary.csv,4,8,-100,True,,card_name,,,,,False,4,False
D:\02_AI_and_Data\Kaggle-AI-Agents\PTCG_AI_Battle_Challenge\reports\notebook54\section4\section4p_simulator_attack_profile.csv,section4p_simulator_attack_profile.csv,4,5,-100,True,,card_name,,,,,False,4,False
D:\02_AI_and_Data\Kaggle-AI-Agents\PTCG_AI_Battle_Challenge\reports\notebook54\section4\section4q_card_action_availability.csv,section4q_card_action_availability.csv,4,9,-100,True,,card_name,,,,,False,4,False
D:\02_AI_and_Data\Kaggle-AI-Agents\PTCG_AI_Battle_Challenge\reports\notebook54\section4\section4g_leading_tournament_card_identifiers.csv,section4g_leading_tournament_card_identifiers.csv,4,8,-100,True,,card_name,,,,,False,4,False
D:\02_AI_and_Data\Kaggle-AI-Agents\PTCG_AI_Battle_Challenge\reports\notebook54\section4\section4b_candidate_transitions_by_card.csv,section4b_candidate_transitions_by_card.csv,4,9,-100,True,,card_name,,,,,False,4,False
D:\02_AI_and_Data\Kaggle-AI-Agents\PTCG_AI_Battle_Challenge\reports\notebook54\section4\section4f_tournament_card_identifier_summary.csv,section4f_tournament_card_identifier_summary.csv,4,6,-100,True,,card_name,,,,,False,4,False
D:\02_AI_and_Data\Kaggle-AI-Agents\PTCG_AI_Battle_Challenge\reports\notebook52\section4\analysis\section4b_card_summary.csv,section4b_card_summary.csv,4,8,-100,True,,card_name,,,,,False,4,False
D:\02_AI_and_Data\Kaggle-AI-Agents\PTCG_AI_Battle_Challenge\reports\notebook54\section4\section4e_tournament_card_image_summary.csv,section4e_tournament_card_image_summary.csv,4,3,-100,True,,card_name,,,,,False,4,False
D:\02_AI_and_Data\Kaggle-AI-Agents\PTCG_AI_Battle_Challenge\reports\notebook54\section4\section4h_pdf_identifier_summary.csv,section4h_pdf_identifier_summary.csv,4,7,-100,True,,card_name,,,,,False,4,False
D:\02_AI_and_Data\Kaggle-AI-Agents\PTCG_AI_Battle_Challenge\reports\notebook54\section4\section4i_section4h_identifier_repair.csv,section4i_section4h_identifier_repair.csv,4,13,-100,True,,card_name,,,,,False,4,False
D:\02_AI_and_Data\Kaggle-AI-Agents\PTCG_AI_Battle_Challenge\reports\notebook54\section4\section4p_leading_official_versions.csv,section4p_leading_official_versions.csv,4,12,-100,True,,card_name,,,,,False,4,False
D:\02_AI_and_Data\Kaggle-AI-Agents\PTCG_AI_Battle_Challenge\reports\notebook54\section4\section4h_hybrid_identifier_resolution.csv,section4h_hybrid_identifier_resolution.csv,4,8,-100,True,,card_name,,,,,False,4,False
D:\02_AI_and_Data\Kaggle-AI-Agents\PTCG_AI_Battle_Challenge\reports\notebook54\section4\section4j_leading_simulator_version_matches.csv,section4j_leading_simulator_version_matches.csv,4,7,-100,True,,card_name,,,,,False,4,False
D:\02_AI_and_Data\Kaggle-AI-Agents\PTCG_AI_Battle_Challenge\reports\notebook54\section4\section4j_simulator_hp_profile.csv,section4j_simulator_hp_profile.csv,4,6,-100,True,,card_name,,,,,False,4,False
D:\02_AI_and_Data\Kaggle-AI-Agents\PTCG_AI_Battle_Challenge\reports\notebook54\section4\section4q_simulator_control_actions.csv,section4q_simulator_control_actions.csv,2,19,-100,True,,card_name,expansion,,,,False,2,False
D:\02_AI_and_Data\Kaggle-AI-Agents\PTCG_AI_Battle_Challenge\reports\notebook54\section4\section4g_combined_identifier_evidence.csv,section4g_combined_identifier_evidence.csv,2,9,-100,True,card_id,card_name,expansion,attacks,,,True,2,False
D:\02_AI_and_Data\Kaggle-AI-Agents\PTCG_AI_Battle_Challenge\reports\notebook54\section4\section4g_parsed_card_objects.csv,section4g_parsed_card_objects.csv,1,12,-100,True,card_id,card_name,expansion,attacks,,,True,1,False
D:\02_AI_and_Data\Kaggle-AI-Agents\PTCG_AI_Battle_Challenge\reports\notebook54\section4\section4g_card_id_proximity_candidates.csv,section4g_card_id_proximity_candidates.csv,1,9,-100,True,card_id,card_name,,,,,False,1,False
D:\02_AI_and_Data\Kaggle-AI-Agents\PTCG_AI_Battle_Challenge\reports\notebook54\section4\section4g_identifier_support_profile.csv,section4g_identifier_support_profile.csv,1,10,-100,True,card_id,card_name,,,,,False,1,False
D:\02_AI_and_Data\Kaggle-AI-Agents\PTCG_AI_Battle_Challenge\reports\notebook34\policy_dataset_bootstrap.csv,policy_dataset_bootstrap.csv,3500,16,-100,True,,pokemon_name,,move_name,,,True,0,False
D:\02_AI_and_Data\Kaggle-AI-Agents\PTCG_AI_Battle_Challenge\reports\notebook34\policy_dataset_bootstrap.parquet,policy_dataset_bootstrap.parquet,3500,16,-100,True,,pokemon_name,,move_name,,,True,0,False
D:\02_AI_and_Data\Kaggle-AI-Agents\PTCG_AI_Battle_Challenge\reports\notebook49\section8\batch_search\section8b_search_labels.jsonl,section8b_search_labels.jsonl,2120,33,-100,True,,,,,,,False,0,False
D:\02_AI_and_Data\Kaggle-AI-Agents\PTCG_AI_Battle_Challenge\notebooks\data\processed\pokemon_cards_processed.csv,pokemon_cards_processed.csv,2022,43,-100,True,,,Expansion,,Damage,,False,0,False
D:\02_AI_and_Data\Kaggle-AI-Agents\PTCG_AI_Battle_Challenge\notebooks\data\raw\JP_Card_Data.csv,JP_Card_Data.csv,2022,17,-100,True,,,,,,,False,0,False
D:\02_AI_and_Data\Kaggle-AI-Agents\PTCG_AI_Battle_Challenge\notebooks\data\raw\EN_Card_Data.csv,EN_Card_Data.csv,2022,17,-100,True,,,Expansion,,Damage,,False,0,False
D:\02_AI_and_Data\Kaggle-AI-Agents\PTCG_AI_Battle_Challenge\reports\notebook54\section4\section4h_pdf_page_scan_profile.csv,section4h_pdf_page_scan_profile.csv,1306,7,-100,True,,,,,,,False,0,False
D:\02_AI_and_Data\Kaggle-AI-Agents\PTCG_AI_Battle_Challenge\reports\notebook53\section4\section4b_legality_aware_training_metadata.csv,section4b_legality_aware_training_metadata.csv,1060,12,-100,True,,,,,,,False,0,False
D:\02_AI_and_Data\Kaggle-AI-Agents\PTCG_AI_Battle_Challenge\reports\notebook49\section8\policy_dataset\section8c_expert_policy_dataset.jsonl,section8c_expert_policy_dataset.jsonl,1060,37,-100,True,,,,,,,False,0,False
D:\02_AI_and_Data\Kaggle-AI-Agents\PTCG_AI_Battle_Challenge\reports\notebook53\section4\section4b_legality_aware_full_dataset.csv,section4b_legality_aware_full_dataset.csv,1060,72,-100,True,,,,,,,False,0,False
D:\02_AI_and_Data\Kaggle-AI-Agents\PTCG_AI_Battle_Challenge\reports\notebook49\section8\policy_dataset\section8c_expert_policy_dataset.csv,section8c_expert_policy_dataset.csv,1060,37,-100,True,,,,,,,False,0,False
D:\02_AI_and_Data\Kaggle-AI-Agents\PTCG_AI_Battle_Challenge\reports\notebook49\section8\batch_search\section8b_search_labels.csv,section8b_search_labels.csv,1060,33,-100,True,,,,,,,False,0,False
D:\02_AI_and_Data\Kaggle-AI-Agents\PTCG_AI_Battle_Challenge\reports\notebook50\section3\feature_engineering\section3a_full_feature_dataset.csv,section3a_full_feature_dataset.csv,1060,49,-100,True,,,,,,,False,0,False
D:\02_AI_and_Data\Kaggle-AI-Agents\PTCG_AI_Battle_Challenge\reports\notebook49\section7\section7c_state_variant_manifest.csv,section7c_state_variant_manifest.csv,1060,28,-100,True,,,,,,,False,0,False
D:\02_AI_and_Data\Kaggle-AI-Agents\PTCG_AI_Battle_Challenge\reports\notebook53\section4\section4b_legality_aware_training_features.csv,section4b_legality_aware_training_features.csv,1060,41,-100,True,,,,,,,False,0,False
D:\02_AI_and_Data\Kaggle-AI-Agents\PTCG_AI_Battle_Challenge\reports\notebook49\section8\batch_search\checkpoints\section8b_search_progress.csv,section8b_search_progress.csv,1060,6,-100,True,,,,,,,False,0,False
D:\02_AI_and_Data\Kaggle-AI-Agents\PTCG_AI_Battle_Challenge\reports\notebook50\section2\dataset_splits\section2a_row_split_assignments.csv,section2a_row_split_assignments.csv,1060,3,-100,True,,,,,,,False,0,False
D:\02_AI_and_Data\Kaggle-AI-Agents\PTCG_AI_Battle_Challenge\reports\notebook53\section5\section5a_group_safe_split_assignments.csv,section5a_group_safe_split_assignments.csv,1060,6,-100,True,,,,,,,False,0,False
D:\02_AI_and_Data\Kaggle-AI-Agents\PTCG_AI_Battle_Challenge\reports\notebook53\section4\section4b_legality_aware_training_targets.csv,section4b_legality_aware_training_targets.csv,1060,1,-100,True,,,,,,,False,0,False
D:\02_AI_and_Data\Kaggle-AI-Agents\PTCG_AI_Battle_Challenge\reports\notebook53\section4\section4b_legality_aware_training_weights.csv,section4b_legality_aware_training_weights.csv,1060,1,-100,True,,,,,,,False,0,False
D:\02_AI_and_Data\Kaggle-AI-Agents\PTCG_AI_Battle_Challenge\reports\notebook32\notebook32_mixed_benchmark.csv,notebook32_mixed_benchmark.csv,1000,6,-100,True,,,,,,,False,0,False
D:\02_AI_and_Data\Kaggle-AI-Agents\PTCG_AI_Battle_Challenge\data\competitive\actor_relative_search_expert_dataset.jsonl,actor_relative_search_expert_dataset.jsonl,1000,30,-100,True,,,,,,,False,0,False
D:\02_AI_and_Data\Kaggle-AI-Agents\PTCG_AI_Battle_Challenge\data\competitive\real_search_expert_dataset.jsonl,real_search_expert_dataset.jsonl,1000,25,-100,True,,,,,,,False,0,False
D:\02_AI_and_Data\Kaggle-AI-Agents\PTCG_AI_Battle_Challenge\data\competitive\expert_replay_dataset.parquet,expert_replay_dataset.parquet,1000,21,-100,True,,,,,,,False,0,False
D:\02_AI_and_Data\Kaggle-AI-Agents\PTCG_AI_Battle_Challenge\data\competitive\actor_relative_search_expert_dataset.parquet,actor_relative_search_expert_dataset.parquet,1000,30,-100,True,,,,,,,False,0,False
D:\02_AI_and_Data\Kaggle-AI-Agents\PTCG_AI_Battle_Challenge\data\competitive\real_search_expert_dataset.parquet,real_search_expert_dataset.parquet,1000,25,-100,True,,,,,,,False,0,False
D:\02_AI_and_Data\Kaggle-AI-Agents\PTCG_AI_Battle_Challenge\reports\notebook53\section6\section6a_train_predictions.csv,section6a_train_predictions.csv,840,25,-100,True,,,,,,,False,0,False
D:\02_AI_and_Data\Kaggle-AI-Agents\PTCG_AI_Battle_Challenge\reports\notebook53\section5\section5b_train_encoded_features.csv,section5b_train_encoded_features.csv,840,64,-100,True,,,,,,,False,0,False
D:\02_AI_and_Data\Kaggle-AI-Agents\PTCG_AI_Battle_Challenge\reports\notebook53\section5\section5a_train_features.csv,section5a_train_features.csv,840,41,-100,True,,,,,,,False,0,False
D:\02_AI_and_Data\Kaggle-AI-Agents\PTCG_AI_Battle_Challenge\reports\notebook53\section5\section5a_train_targets.csv,section5a_train_targets.csv,840,1,-100,True,,,,,,,False,0,False
D:\02_AI_and_Data\Kaggle-AI-Agents\PTCG_AI_Battle_Challenge\reports\notebook53\section5\section5a_train_weights.csv,section5a_train_weights.csv,840,1,-100,True,,,,,,,False,0,False
D:\02_AI_and_Data\Kaggle-AI-Agents\PTCG_AI_Battle_Challenge\reports\notebook50\section2\dataset_splits\section2a_train_dataset.csv,section2a_train_dataset.csv,740,38,-100,True,,,,,,,False,0,False
D:\02_AI_and_Data\Kaggle-AI-Agents\PTCG_AI_Battle_Challenge\reports\notebook50\section3\feature_engineering\section3a_train_feature_dataset.csv,section3a_train_feature_dataset.csv,740,49,-100,True,,,,,,,False,0,False
D:\02_AI_and_Data\Kaggle-AI-Agents\PTCG_AI_Battle_Challenge\reports\notebook54\section3\section3b_structured_file_inventory.csv,section3b_structured_file_inventory.csv,685,6,-100,True,,,,,,,False,0,False
D:\02_AI_and_Data\Kaggle-AI-Agents\PTCG_AI_Battle_Challenge\reports\notebook54\section4\section4d_strict_card_source_inventory.csv,section4d_strict_card_source_inventory.csv,647,15,-100,True,,,,,,,False,0,False
D:\02_AI_and_Data\Kaggle-AI-Agents\PTCG_AI_Battle_Challenge\reports\notebook54\section3\section3b_structured_schema_discovery.csv,section3b_structured_schema_discovery.csv,647,10,-100,True,,,,,,,False,0,False
D:\02_AI_and_Data\Kaggle-AI-Agents\PTCG_AI_Battle_Challenge\reports\notebook36\production_api_inventory.csv,production_api_inventory.csv,388,3,-100,True,,name,,,,,False,0,False
D:\02_AI_and_Data\Kaggle-AI-Agents\PTCG_AI_Battle_Challenge\reports\notebook28\self_play_dataset.csv,self_play_dataset.csv,350,9,-100,True,,,,,,,False,0,False
D:\02_AI_and_Data\Kaggle-AI-Agents\PTCG_AI_Battle_Challenge\reports\notebook28\training_examples.pkl,training_examples.pkl,350,8,-100,True,,,,,,,False,0,False
D:\02_AI_and_Data\Kaggle-AI-Agents\PTCG_AI_Battle_Challenge\reports\notebook54\section4\section4s_repaired_attack_energy_readiness.csv,section4s_repaired_attack_energy_readiness.csv,269,17,-100,True,,,,attack_name,,,False,0,False
D:\02_AI_and_Data\Kaggle-AI-Agents\PTCG_AI_Battle_Challenge\reports\notebook54\section4\section4r_verified_attack_energy_readiness.csv,section4r_verified_attack_energy_readiness.csv,269,16,-100,True,,,,attack_name,,,False,0,False
D:\02_AI_and_Data\Kaggle-AI-Agents\PTCG_AI_Battle_Challenge\reports\notebook54\section4\section4a_move_source_agreement.csv,section4a_move_source_agreement.csv,268,8,-100,True,,,,,,,False,0,False
D:\02_AI_and_Data\Kaggle-AI-Agents\PTCG_AI_Battle_Challenge\reports\notebook54\section4\section4l_actionable_annotations.csv,section4l_actionable_annotations.csv,264,30,-100,True,,,,,,,False,0,False
D:\02_AI_and_Data\Kaggle-AI-Agents\PTCG_AI_Battle_Challenge\reports\notebook54\section4\section4l_annotation_structure.csv,section4l_annotation_structure.csv,264,30,-100,True,,,,,,,False,0,False
D:\02_AI_and_Data\Kaggle-AI-Agents\PTCG_AI_Battle_Challenge\reports\notebook54\section4\section4m_annotation_destinations.csv,section4m_annotation_destinations.csv,264,19,-100,True,,,,,,,False,0,False
D:\02_AI_and_Data\Kaggle-AI-Agents\PTCG_AI_Battle_Challenge\reports\notebook54\section4\section4k_target_page_annotations.csv,section4k_target_page_annotations.csv,264,11,-100,True,,,,,,,False,0,False
D:\02_AI_and_Data\Kaggle-AI-Agents\PTCG_AI_Battle_Challenge\reports\notebook46\actor_perspective_suspicious_records.csv,actor_perspective_suspicious_records.csv,250,13,-100,True,,,,,,,False,0,False
D:\02_AI_and_Data\Kaggle-AI-Agents\PTCG_AI_Battle_Challenge\reports\notebook53\section3\section3b_legality_aware_metadata.csv,section3b_legality_aware_metadata.csv,210,15,-100,True,,,,,,,False,0,False
D:\02_AI_and_Data\Kaggle-AI-Agents\PTCG_AI_Battle_Challenge\reports\notebook53\section3\section3a_legality_aware_routing_analysis.csv,section3a_legality_aware_routing_analysis.csv,210,71,-100,True,,,,,,,False,0,False
D:\02_AI_and_Data\Kaggle-AI-Agents\PTCG_AI_Battle_Challenge\reports\notebook53\section2\section2b_root_cause_decision_data.csv,section2b_root_cause_decision_data.csv,210,53,-100,True,,,,,,,False,0,False
D:\02_AI_and_Data\Kaggle-AI-Agents\PTCG_AI_Battle_Challenge\reports\notebook53\section2\section2a_masking_decision_analysis.csv,section2a_masking_decision_analysis.csv,210,37,-100,True,,,,,,,False,0,False
D:\02_AI_and_Data\Kaggle-AI-Agents\PTCG_AI_Battle_Challenge\reports\notebook54\section4\section4s_repaired_energy_decision_data.csv,section4s_repaired_energy_decision_data.csv,210,38,-100,True,,,,,,,False,0,False
D:\02_AI_and_Data\Kaggle-AI-Agents\PTCG_AI_Battle_Challenge\reports\notebook54\section4\section4r_verified_action_decision_data.csv,section4r_verified_action_decision_data.csv,210,35,-100,True,,,,,,,False,0,False
D:\02_AI_and_Data\Kaggle-AI-Agents\PTCG_AI_Battle_Challenge\reports\notebook54\section2\section2a_decision_opportunity_analysis.csv,section2a_decision_opportunity_analysis.csv,210,29,-100,True,,,,,,,False,0,False
D:\02_AI_and_Data\Kaggle-AI-Agents\PTCG_AI_Battle_Challenge\reports\notebook53\section6\section6b_notebook52_benchmark_features.csv,section6b_notebook52_benchmark_features.csv,210,41,-100,True,,,,,,,False,0,False
D:\02_AI_and_Data\Kaggle-AI-Agents\PTCG_AI_Battle_Challenge\reports\notebook53\section6\section6b_notebook52_vs_notebook53_comparison.csv,section6b_notebook52_vs_notebook53_comparison.csv,210,21,-100,True,,,,,,,False,0,False
D:\02_AI_and_Data\Kaggle-AI-Agents\PTCG_AI_Battle_Challenge\reports\notebook53\section3\section3b_legality_aware_model_features.csv,section3b_legality_aware_model_features.csv,210,37,-100,True,,,,,,,False,0,False
D:\02_AI_and_Data\Kaggle-AI-Agents\PTCG_AI_Battle_Challenge\reports\notebook52\section5\section5b_expanded_policy_history.csv,section5b_expanded_policy_history.csv,210,14,-100,True,,,,,,,False,0,False
D:\02_AI_and_Data\Kaggle-AI-Agents\PTCG_AI_Battle_Challenge\reports\notebook53\section6\section6e_tournament_replay_policy_history.csv,section6e_tournament_replay_policy_history.csv,210,14,-100,True,,,,,,,False,0,False
D:\02_AI_and_Data\Kaggle-AI-Agents\PTCG_AI_Battle_Challenge\reports\notebook53\section6\section6c_policy_adapter_validation.csv,section6c_policy_adapter_validation.csv,210,8,-100,True,,,,,,,False,0,False
D:\02_AI_and_Data\Kaggle-AI-Agents\PTCG_AI_Battle_Challenge\reports\notebook53\section3\section3b_legality_aware_targets.csv,section3b_legality_aware_targets.csv,210,1,-100,True,,,,,,,False,0,False
D:\02_AI_and_Data\Kaggle-AI-Agents\PTCG_AI_Battle_Challenge\reports\notebook50\section2\dataset_splits\section2a_validation_dataset.csv,section2a_validation_dataset.csv,160,38,-100,True,,,,,,,False,0,False
D:\02_AI_and_Data\Kaggle-AI-Agents\PTCG_AI_Battle_Challenge\reports\notebook50\section2\dataset_splits\section2a_test_dataset.csv,section2a_test_dataset.csv,160,38,-100,True,,,,,,,False,0,False
D:\02_AI_and_Data\Kaggle-AI-Agents\PTCG_AI_Battle_Challenge\reports\notebook50\section3\feature_engineering\section3a_validation_feature_dataset.csv,section3a_validation_feature_dataset.csv,160,49,-100,True,,,,,,,False,0,False
D:\02_AI_and_Data\Kaggle-AI-Agents\PTCG_AI_Battle_Challenge\reports\notebook50\section3\feature_engineering\section3a_test_feature_dataset.csv,section3a_test_feature_dataset.csv,160,49,-100,True,,,,,,,False,0,False
D:\02_AI_and_Data\Kaggle-AI-Agents\PTCG_AI_Battle_Challenge\reports\notebook54\section4\section4a_move_damage_conflicts.csv,section4a_move_damage_conflicts.csv,151,8,-100,True,,,,,,,False,0,False
D:\02_AI_and_Data\Kaggle-AI-Agents\PTCG_AI_Battle_Challenge\reports\notebook53\section2\section2a_illegal_raw_predictions.csv,section2a_illegal_raw_predictions.csv,151,37,-100,True,,,,,,,False,0,False
D:\02_AI_and_Data\Kaggle-AI-Agents\PTCG_AI_Battle_Challenge\reports\notebook53\section2\section2a_masked_decisions.csv,section2a_masked_decisions.csv,151,37,-100,True,,,,,,,False,0,False
D:\02_AI_and_Data\Kaggle-AI-Agents\PTCG_AI_Battle_Challenge\reports\notebook47\competitive_policy_test_predictions.csv,competitive_policy_test_predictions.csv,128,17,-100,True,,,,,,,False,0,False
D:\02_AI_and_Data\Kaggle-AI-Agents\PTCG_AI_Battle_Challenge\reports\notebook54\section4\section4e_reference_file_inventory.csv,section4e_reference_file_inventory.csv,123,7,-100,True,,,,,,,False,0,False
D:\02_AI_and_Data\Kaggle-AI-Agents\PTCG_AI_Battle_Challenge\reports\notebook53\section6\section6a_validation_predictions.csv,section6a_validation_predictions.csv,110,25,-100,True,,,,,,,False,0,False
D:\02_AI_and_Data\Kaggle-AI-Agents\PTCG_AI_Battle_Challenge\reports\notebook53\section6\section6a_test_predictions.csv,section6a_test_predictions.csv,110,25,-100,True,,,,,,,False,0,False
D:\02_AI_and_Data\Kaggle-AI-Agents\PTCG_AI_Battle_Challenge\reports\notebook53\section5\section5b_validation_encoded_features.csv,section5b_validation_encoded_features.csv,110,64,-100,True,,,,,,,False,0,False
D:\02_AI_and_Data\Kaggle-AI-Agents\PTCG_AI_Battle_Challenge\reports\notebook53\section5\section5b_test_encoded_features.csv,section5b_test_encoded_features.csv,110,64,-100,True,,,,,,,False,0,False
D:\02_AI_and_Data\Kaggle-AI-Agents\PTCG_AI_Battle_Challenge\reports\notebook53\section5\section5a_test_features.csv,section5a_test_features.csv,110,41,-100,True,,,,,,,False,0,False
D:\02_AI_and_Data\Kaggle-AI-Agents\PTCG_AI_Battle_Challenge\reports\notebook53\section5\section5a_validation_features.csv,section5a_validation_features.csv,110,41,-100,True,,,,,,,False,0,False
D:\02_AI_and_Data\Kaggle-AI-Agents\PTCG_AI_Battle_Challenge\reports\notebook53\section5\section5a_test_targets.csv,section5a_test_targets.csv,110,1,-100,True,,,,,,,False,0,False
D:\02_AI_and_Data\Kaggle-AI-Agents\PTCG_AI_Battle_Challenge\reports\notebook53\section5\section5a_validation_targets.csv,section5a_validation_targets.csv,110,1,-100,True,,,,,,,False,0,False
D:\02_AI_and_Data\Kaggle-AI-Agents\PTCG_AI_Battle_Challenge\reports\notebook53\section5\section5a_test_weights.csv,section5a_test_weights.csv,110,1,-100,True,,,,,,,False,0,False
D:\02_AI_and_Data\Kaggle-AI-Agents\PTCG_AI_Battle_Challenge\reports\notebook53\section5\section5a_validation_weights.csv,section5a_validation_weights.csv,110,1,-100,True,,,,,,,False,0,False
D:\02_AI_and_Data\Kaggle-AI-Agents\PTCG_AI_Battle_Challenge\reports\notebook49\section7\section7a_prioritized_scenario_queue.csv,section7a_prioritized_scenario_queue.csv,106,23,-100,True,,,,,,,False,0,False
D:\02_AI_and_Data\Kaggle-AI-Agents\PTCG_AI_Battle_Challenge\reports\notebook49\section6_hard_example_manifest.csv,section6_hard_example_manifest.csv,106,22,-100,True,,,,,,,False,0,False
D:\02_AI_and_Data\Kaggle-AI-Agents\PTCG_AI_Battle_Challenge\reports\notebook49\section7\section7c_scenario_generation_summary.csv,section7c_scenario_generation_summary.csv,106,9,-100,True,,,,,,,False,0,False
D:\02_AI_and_Data\Kaggle-AI-Agents\PTCG_AI_Battle_Challenge\reports\notebook49\section7\checkpoints\scenario_progress.csv,scenario_progress.csv,106,11,-100,True,,,,,,,False,0,False
D:\02_AI_and_Data\Kaggle-AI-Agents\PTCG_AI_Battle_Challenge\reports\notebook49\section3_loss_matches.csv,section3_loss_matches.csv,106,18,-100,True,,,,,,,False,0,False
D:\02_AI_and_Data\Kaggle-AI-Agents\PTCG_AI_Battle_Challenge\reports\notebook50\section2\dataset_splits\section2a_scenario_split_assignments.csv,section2a_scenario_split_assignments.csv,106,10,-100,True,,,,,,,False,0,False
D:\02_AI_and_Data\Kaggle-AI-Agents\PTCG_AI_Battle_Challenge\reports\notebook50\section2\dataset_splits\section2a_split_matchup_profile.csv,section2a_split_matchup_profile.csv,106,4,-100,True,,,,,,,False,0,False
D:\02_AI_and_Data\Kaggle-AI-Agents\PTCG_AI_Battle_Challenge\reports\notebook54\section3\section3a_player_decisions.csv,section3a_player_decisions.csv,103,30,-100,True,,,,,,,False,0,False
D:\02_AI_and_Data\Kaggle-AI-Agents\PTCG_AI_Battle_Challenge\notebooks\data\processed\prototype_battle_results.csv,prototype_battle_results.csv,100,7,-100,True,,,,,,,False,0,False
D:\02_AI_and_Data\Kaggle-AI-Agents\PTCG_AI_Battle_Challenge\reports\notebook26\tournament_benchmark.json,tournament_benchmark.json,100,8,-100,True,,,,,,,False,0,False
D:\02_AI_and_Data\Kaggle-AI-Agents\PTCG_AI_Battle_Challenge\reports\notebook28\self_play_statistics.csv,self_play_statistics.csv,100,7,-100,True,,,,,,,False,0,False
D:\02_AI_and_Data\Kaggle-AI-Agents\PTCG_AI_Battle_Challenge\reports\notebook50\section3\feature_engineering\section3b_numeric_feature_quality.csv,section3b_numeric_feature_quality.csv,84,11,-100,True,,,,,,,False,0,False
D:\02_AI_and_Data\Kaggle-AI-Agents\PTCG_AI_Battle_Challenge\reports\notebook49\section6_ranked_labeling_methods.csv,section6_ranked_labeling_methods.csv,78,8,-100,True,,,,,,,False,0,False
D:\02_AI_and_Data\Kaggle-AI-Agents\PTCG_AI_Battle_Challenge\reports\notebook49\section6_ranked_replay_methods.csv,section6_ranked_replay_methods.csv,78,7,-100,True,,,,,,,False,0,False
D:\02_AI_and_Data\Kaggle-AI-Agents\PTCG_AI_Battle_Challenge\reports\notebook49\section5_method_inventory.csv,section5_method_inventory.csv,78,4,-100,True,,,,,,,False,0,False
D:\02_AI_and_Data\Kaggle-AI-Agents\PTCG_AI_Battle_Challenge\reports\notebook45\integration_module_inventory.json,integration_module_inventory.json,74,6,-100,True,,,,,,,False,0,False
D:\02_AI_and_Data\Kaggle-AI-Agents\PTCG_AI_Battle_Challenge\reports\notebook54\section4\section4uc_definition_inventory.csv,section4uc_definition_inventory.csv,69,5,-100,True,,,,,,,False,0,False
D:\02_AI_and_Data\Kaggle-AI-Agents\PTCG_AI_Battle_Challenge\reports\notebook54\section4\section4e_document_reference_inventory.csv,section4e_document_reference_inventory.csv,65,7,-100,True,,,,,,,False,0,False
D:\02_AI_and_Data\Kaggle-AI-Agents\PTCG_AI_Battle_Challenge\reports\notebook53\section5\section5b_encoded_feature_inventory.csv,section5b_encoded_feature_inventory.csv,64,9,-100,True,,,,,,,False,0,False
D:\02_AI_and_Data\Kaggle-AI-Agents\PTCG_AI_Battle_Challenge\reports\notebook53\section6\section6a_feature_importance.csv,section6a_feature_importance.csv,64,3,-100,True,,,,,,,False,0,False
D:\02_AI_and_Data\Kaggle-AI-Agents\PTCG_AI_Battle_Challenge\models\notebook53\legality_aware_encoded_feature_names.json,legality_aware_encoded_feature_names.json,64,1,-100,True,,,,,,,False,0,False
D:\02_AI_and_Data\Kaggle-AI-Agents\PTCG_AI_Battle_Challenge\notebooks\data\processed\starter_deck.pkl,starter_deck.pkl,60,13,-100,True,card_id,name,,attacks,,effect,True,0,False
D:\02_AI_and_Data\Kaggle-AI-Agents\PTCG_AI_Battle_Challenge\notebooks\data\processed\lightning_deck.pkl,lightning_deck.pkl,60,13,-100,True,card_id,name,,attacks,,effect,True,0,False
D:\02_AI_and_Data\Kaggle-AI-Agents\PTCG_AI_Battle_Challenge\reports\notebook53\section2\section2a_direct_decisions.csv,section2a_direct_decisions.csv,59,37,-100,True,,,,,,,False,0,False
D:\02_AI_and_Data\Kaggle-AI-Agents\PTCG_AI_Battle_Challenge\reports\notebook52\section4\section4a_single_pass_policy_history.csv,section4a_single_pass_policy_history.csv,56,12,-100,True,,,,,,,False,0,False
D:\02_AI_and_Data\Kaggle-AI-Agents\PTCG_AI_Battle_Challenge\reports\notebook54\section4\section4e_notebook_reference_trail.csv,section4e_notebook_reference_trail.csv,54,7,-100,True,,,,,,,False,0,False
D:\02_AI_and_Data\Kaggle-AI-Agents\PTCG_AI_Battle_Challenge\reports\notebook47\competitive_policy_training_history.csv,competitive_policy_training_history.csv,50,13,-100,True,,,,,,,False,0,False
D:\02_AI_and_Data\Kaggle-AI-Agents\PTCG_AI_Battle_Challenge\reports\notebook49\section5_symbol_inventory.csv,section5_symbol_inventory.csv,49,5,-100,True,,,,,,,False,0,False
D:\02_AI_and_Data\Kaggle-AI-Agents\PTCG_AI_Battle_Challenge\reports\notebook50\section3\feature_engineering\section3b_schema_comparison.csv,section3b_schema_comparison.csv,49,10,-100,True,,,,,,,False,0,False
D:\02_AI_and_Data\Kaggle-AI-Agents\PTCG_AI_Battle_Challenge\reports\notebook50\section3\feature_engineering\section3a_feature_schema.csv,section3a_feature_schema.csv,49,5,-100,True,,,,,,,False,0,False
D:\02_AI_and_Data\Kaggle-AI-Agents\PTCG_AI_Battle_Challenge\reports\notebook52\section3\section3b_tournament_scenario_probabilities.csv,section3b_tournament_scenario_probabilities.csv,48,7,-100,True,,,,,,,False,0,False
D:\02_AI_and_Data\Kaggle-AI-Agents\PTCG_AI_Battle_Challenge\reports\notebook51\section6\section6b_class_methods.csv,section6b_class_methods.csv,47,6,-100,True,,,,,,,False,0,False
D:\02_AI_and_Data\Kaggle-AI-Agents\PTCG_AI_Battle_Challenge\reports\notebook53\section6\section6e_recovered_scenario_legal_sets.csv,section6e_recovered_scenario_legal_sets.csv,46,4,-100,True,,,,,,,False,0,False
D:\02_AI_and_Data\Kaggle-AI-Agents\PTCG_AI_Battle_Challenge\reports\notebook36\production_classes.csv,production_classes.csv,42,3,-100,True,,name,,,,,False,0,False
D:\02_AI_and_Data\Kaggle-AI-Agents\PTCG_AI_Battle_Challenge\reports\notebook51\section6\section6b_source_imports.csv,section6b_source_imports.csv,41,4,-100,True,,,,,,,False,0,False
D:\02_AI_and_Data\Kaggle-AI-Agents\PTCG_AI_Battle_Challenge\reports\notebook53\section4\section4b_legality_aware_feature_inventory.csv,section4b_legality_aware_feature_inventory.csv,41,5,-100,True,,,,,,,False,0,False
D:\02_AI_and_Data\Kaggle-AI-Agents\PTCG_AI_Battle_Challenge\reports\notebook51\section6\section6a_script_discovery.csv,section6a_script_discovery.csv,39,5,-100,True,,,,,,,False,0,False
D:\02_AI_and_Data\Kaggle-AI-Agents\PTCG_AI_Battle_Challenge\reports\notebook50\section2\dataset_splits\section2b_validation_checks.csv,section2b_validation_checks.csv,39,4,-100,True,,,,,,,False,0,False
D:\02_AI_and_Data\Kaggle-AI-Agents\PTCG_AI_Battle_Challenge\reports\notebook33\feature_schema.csv,feature_schema.csv,39,3,-100,True,,,,,,,False,0,False
D:\02_AI_and_Data\Kaggle-AI-Agents\PTCG_AI_Battle_Challenge\reports\notebook50\section3\feature_engineering\section3a_feature_profile.csv,section3a_feature_profile.csv,38,9,-100,True,,,,,,,False,0,False
D:\02_AI_and_Data\Kaggle-AI-Agents\PTCG_AI_Battle_Challenge\reports\notebook53\section7\section7a_validation_checks.csv,section7a_validation_checks.csv,38,5,-100,True,,,,,,,False,0,False
D:\02_AI_and_Data\Kaggle-AI-Agents\PTCG_AI_Battle_Challenge\reports\notebook50\section3\feature_engineering\section3b_target_leakage_review.csv,section3b_target_leakage_review.csv,38,4,-100,True,,,,,,,False,0,False
D:\02_AI_and_Data\Kaggle-AI-Agents\PTCG_AI_Battle_Challenge\reports\notebook48\baseline_agent_signature_inventory.json,baseline_agent_signature_inventory.json,37,6,-100,True,,,,,,,False,0,False
D:\02_AI_and_Data\Kaggle-AI-Agents\PTCG_AI_Battle_Challenge\reports\notebook51\section6\section6a_namespace_discovery.csv,section6a_namespace_discovery.csv,37,6,-100,True,,,,,,,False,0,False
D:\02_AI_and_Data\Kaggle-AI-Agents\PTCG_AI_Battle_Challenge\reports\notebook50\section1\environment_and_handoff\section1c_column_profile.csv,section1c_column_profile.csv,37,8,-100,True,,,,,,,False,0,False
D:\02_AI_and_Data\Kaggle-AI-Agents\PTCG_AI_Battle_Challenge\reports\notebook53\section3\section3b_feature_inventory.csv,section3b_feature_inventory.csv,37,5,-100,True,,,,,,,False,0,False
D:\02_AI_and_Data\Kaggle-AI-Agents\PTCG_AI_Battle_Challenge\reports\notebook53\section4\section4a_selected_dataset_columns.csv,section4a_selected_dataset_columns.csv,37,4,-100,True,,,,,,,False,0,False
D:\02_AI_and_Data\Kaggle-AI-Agents\PTCG_AI_Battle_Challenge\reports\notebook49\section7\section7a_runtime_bindings.json,section7a_runtime_bindings.json,35,8,-100,True,,,,,,,False,0,False
D:\02_AI_and_Data\Kaggle-AI-Agents\PTCG_AI_Battle_Challenge\reports\notebook52\section7\section7a_artifact_inventory.csv,section7a_artifact_inventory.csv,35,6,-100,True,,,,,,,False,0,False
D:\02_AI_and_Data\Kaggle-AI-Agents\PTCG_AI_Battle_Challenge\reports\notebook54\section4\section4t_simulator_state_attributes.csv,section4t_simulator_state_attributes.csv,35,6,-100,True,,,,,,,False,0,False
D:\02_AI_and_Data\Kaggle-AI-Agents\PTCG_AI_Battle_Challenge\reports\notebook46\real_engine_signature_inventory.json,real_engine_signature_inventory.json,32,6,-100,True,,,,,,,False,0,False
D:\02_AI_and_Data\Kaggle-AI-Agents\PTCG_AI_Battle_Challenge\models\notebook53\legality_aware_raw_feature_schema.json,legality_aware_raw_feature_schema.json,31,1,-100,True,,,,,,,False,0,False
D:\02_AI_and_Data\Kaggle-AI-Agents\PTCG_AI_Battle_Challenge\reports\notebook53\section4\section4b_legality_aware_training_schema.json,section4b_legality_aware_training_schema.json,31,1,-100,True,,,,,,,False,0,False
D:\02_AI_and_Data\Kaggle-AI-Agents\PTCG_AI_Battle_Challenge\reports\notebook54\section1\section1b_notebook53_handoff_profile.csv,section1b_notebook53_handoff_profile.csv,31,2,-100,True,,,,,,,False,0,False
D:\02_AI_and_Data\Kaggle-AI-Agents\PTCG_AI_Battle_Challenge\reports\notebook50\section3\feature_engineering\section3b_categorical_feature_quality.csv,section3b_categorical_feature_quality.csv,30,8,-100,True,,,,,,,False,0,False
D:\02_AI_and_Data\Kaggle-AI-Agents\PTCG_AI_Battle_Challenge\reports\notebook49\section5_dataset_schema.csv,section5_dataset_schema.csv,30,4,-100,True,,,,,,,False,0,False
D:\02_AI_and_Data\Kaggle-AI-Agents\PTCG_AI_Battle_Challenge\reports\notebook50\section2\dataset_splits\section2b_variant_profile.csv,section2b_variant_profile.csv,30,6,-100,True,,,,,,,False,0,False
D:\02_AI_and_Data\Kaggle-AI-Agents\PTCG_AI_Battle_Challenge\reports\notebook50\section3\feature_engineering\section3a_feature_configuration.json,section3a_feature_configuration.json,28,1,-100,True,,,,,,,False,0,False
D:\02_AI_and_Data\Kaggle-AI-Agents\PTCG_AI_Battle_Challenge\reports\notebook54\section1\section1b_notebook53_validation_checks.csv,section1b_notebook53_validation_checks.csv,28,5,-100,True,,,,,,,False,0,False
D:\02_AI_and_Data\Kaggle-AI-Agents\PTCG_AI_Battle_Challenge\reports\notebook49\section7\section7a_runtime_method_discovery.csv,section7a_runtime_method_discovery.csv,27,5,-100,True,,,,,,,False,0,False
D:\02_AI_and_Data\Kaggle-AI-Agents\PTCG_AI_Battle_Challenge\reports\notebook53\section3\section3b_legality_aware_schema.json,section3b_legality_aware_schema.json,27,1,-100,True,,,,,,,False,0,False
D:\02_AI_and_Data\Kaggle-AI-Agents\PTCG_AI_Battle_Challenge\reports\notebook51\section7\section7a_validation_checks.csv,section7a_validation_checks.csv,27,5,-100,True,,,,,,,False,0,False
D:\02_AI_and_Data\Kaggle-AI-Agents\PTCG_AI_Battle_Challenge\reports\notebook50\section3\feature_engineering\section3b_feature_validation_checks.csv,section3b_feature_validation_checks.csv,27,4,-100,True,,,,,,,False,0,False
D:\02_AI_and_Data\Kaggle-AI-Agents\PTCG_AI_Battle_Challenge\reports\notebook52\section5\section5b_expanded_battle_results.csv,section5b_expanded_battle_results.csv,24,36,-100,True,,,,,,,False,0,False
D:\02_AI_and_Data\Kaggle-AI-Agents\PTCG_AI_Battle_Challenge\reports\notebook54\section2\section2b_battle_root_cause_profile.csv,section2b_battle_root_cause_profile.csv,24,25,-100,True,,,,,,,False,0,False
D:\02_AI_and_Data\Kaggle-AI-Agents\PTCG_AI_Battle_Challenge\reports\notebook53\section6\section6e_tournament_replay_battles.csv,section6e_tournament_replay_battles.csv,24,22,-100,True,,,,,,,False,0,False
D:\02_AI_and_Data\Kaggle-AI-Agents\PTCG_AI_Battle_Challenge\reports\notebook53\section6\section6e_tournament_replay_transcripts.csv,section6e_tournament_replay_transcripts.csv,24,3,-100,True,,,,,,,False,0,False
D:\02_AI_and_Data\Kaggle-AI-Agents\PTCG_AI_Battle_Challenge\reports\notebook52\section5\section5a_expanded_scenario_validation.csv,section5a_expanded_scenario_validation.csv,24,22,-100,True,,,,,,,False,0,False
D:\02_AI_and_Data\Kaggle-AI-Agents\PTCG_AI_Battle_Challenge\reports\notebook52\section5\section5a_expanded_scenario_specs.csv,section5a_expanded_scenario_specs.csv,24,18,-100,True,,,,,,,False,0,False
D:\02_AI_and_Data\Kaggle-AI-Agents\PTCG_AI_Battle_Challenge\reports\notebook49\section7\section7a_runtime_symbol_discovery.csv,section7a_runtime_symbol_discovery.csv,24,5,-100,True,,,,,,,False,0,False
D:\02_AI_and_Data\Kaggle-AI-Agents\PTCG_AI_Battle_Challenge\reports\notebook54\section2\section2b_strategic_root_cause_decisions.csv,section2b_strategic_root_cause_decisions.csv,23,34,-100,True,,,,,,,False,0,False
D:\02_AI_and_Data\Kaggle-AI-Agents\PTCG_AI_Battle_Challenge\reports\notebook54\section2\section2a_multi_action_opportunities.csv,section2a_multi_action_opportunities.csv,23,31,-100,True,,,,,,,False,0,False
D:\02_AI_and_Data\Kaggle-AI-Agents\PTCG_AI_Battle_Challenge\reports\notebook54\section2\section2a_priority_decisions.csv,section2a_priority_decisions.csv,23,18,-100,True,,,,,,,False,0,False
D:\02_AI_and_Data\Kaggle-AI-Agents\PTCG_AI_Battle_Challenge\reports\notebook49\section8\final_validation\section8d_artifact_inventory.csv,section8d_artifact_inventory.csv,23,6,-100,True,,,,,,,False,0,False
D:\02_AI_and_Data\Kaggle-AI-Agents\PTCG_AI_Battle_Challenge\reports\notebook54\section3\section3a_player_move_repetition.csv,section3a_player_move_repetition.csv,22,13,-100,True,,,,,,,False,0,False
D:\02_AI_and_Data\Kaggle-AI-Agents\PTCG_AI_Battle_Challenge\reports\notebook51\section6\section6b_runtime_interfaces.csv,section6b_runtime_interfaces.csv,22,8,-100,True,,,,,,,False,0,False
D:\02_AI_and_Data\Kaggle-AI-Agents\PTCG_AI_Battle_Challenge\reports\notebook47\competitive_policy_test_errors.csv,competitive_policy_test_errors.csv,22,17,-100,True,,,,,,,False,0,False
D:\02_AI_and_Data\Kaggle-AI-Agents\PTCG_AI_Battle_Challenge\reports\notebook54\section4\section4va_frozen_replay_scenario_columns.csv,section4va_frozen_replay_scenario_columns.csv,22,6,-100,True,,,,,,,False,0,False
D:\02_AI_and_Data\Kaggle-AI-Agents\PTCG_AI_Battle_Challenge\reports\notebook52\section7\section7a_validation_checks.csv,section7a_validation_checks.csv,22,5,-100,True,,,,,,,False,0,False
D:\02_AI_and_Data\Kaggle-AI-Agents\PTCG_AI_Battle_Challenge\reports\notebook54\section4\section4t_energy_instrumentation_schema.csv,section4t_energy_instrumentation_schema.csv,22,3,-100,True,,,,,,description,False,0,False
D:\02_AI_and_Data\Kaggle-AI-Agents\PTCG_AI_Battle_Challenge\reports\notebook52\section6\section6b_validation_checks.csv,section6b_validation_checks.csv,22,5,-100,True,,,,,,,False,0,False
D:\02_AI_and_Data\Kaggle-AI-Agents\PTCG_AI_Battle_Challenge\reports\notebook50\section1\environment_and_handoff\section1b_notebook49_validation_report.csv,section1b_notebook49_validation_report.csv,21,5,-100,True,,,,,,,False,0,False
D:\02_AI_and_Data\Kaggle-AI-Agents\PTCG_AI_Battle_Challenge\reports\notebook49\section8\final_validation\section8d_validation_checks.csv,section8d_validation_checks.csv,21,5,-100,True,,,,,,,False,0,False
D:\02_AI_and_Data\Kaggle-AI-Agents\PTCG_AI_Battle_Challenge\reports\notebook53\section7\section7a_final_integration_profile.csv,section7a_final_integration_profile.csv,21,2,-100,True,,,,,,,False,0,False
D:\02_AI_and_Data\Kaggle-AI-Agents\PTCG_AI_Battle_Challenge\reports\notebook49\section8\final_validation\section8d_final_dataset_profile.csv,section8d_final_dataset_profile.csv,21,2,-100,True,,,,,,,False,0,False
D:\02_AI_and_Data\Kaggle-AI-Agents\PTCG_AI_Battle_Challenge\reports\notebook50\section1\environment_and_handoff\section1b_policy_dataset_preview.csv,section1b_policy_dataset_preview.csv,20,37,-100,True,,,,,,,False,0,False
D:\02_AI_and_Data\Kaggle-AI-Agents\PTCG_AI_Battle_Challenge\reports\notebook53\section7\section7a_artifact_inventory.csv,section7a_artifact_inventory.csv,20,6,-100,True,,,,,,,False,0,False
D:\02_AI_and_Data\Kaggle-AI-Agents\PTCG_AI_Battle_Challenge\reports\notebook49\section7\section7b_state_smoke_tests.csv,section7b_state_smoke_tests.csv,20,12,-100,True,,,,,,,False,0,False
D:\02_AI_and_Data\Kaggle-AI-Agents\PTCG_AI_Battle_Challenge\reports\notebook49\section8\policy_dataset\section8c_variant_summary.csv,section8c_variant_summary.csv,20,7,-100,True,,,,,,,False,0,False
D:\02_AI_and_Data\Kaggle-AI-Agents\PTCG_AI_Battle_Challenge\reports\notebook50\section6\section6b_deployment_smoke_test.csv,section6b_deployment_smoke_test.csv,20,8,-100,True,,,,,,,False,0,False
D:\02_AI_and_Data\Kaggle-AI-Agents\PTCG_AI_Battle_Challenge\reports\notebook27\full_game_series.csv,full_game_series.csv,20,6,-100,True,,,,,,,False,0,False
D:\02_AI_and_Data\Kaggle-AI-Agents\PTCG_AI_Battle_Challenge\reports\notebook53\section5\section5b_unseen_categories.csv,section5b_unseen_categories.csv,20,4,-100,True,,,,,,,False,0,False
D:\02_AI_and_Data\Kaggle-AI-Agents\PTCG_AI_Battle_Challenge\reports\notebook54\section4\section4f_upstream_notebook_reference_trace.csv,section4f_upstream_notebook_reference_trace.csv,19,8,-100,True,,,,,,,False,0,False
D:\02_AI_and_Data\Kaggle-AI-Agents\PTCG_AI_Battle_Challenge\reports\notebook50\section7\section7a_final_model_profile.csv,section7a_final_model_profile.csv,19,2,-100,True,,,,,,,False,0,False
D:\02_AI_and_Data\Kaggle-AI-Agents\PTCG_AI_Battle_Challenge\reports\notebook51\section7\section7a_artifact_inventory.csv,section7a_artifact_inventory.csv,18,6,-100,True,,,,,,,False,0,False
D:\02_AI_and_Data\Kaggle-AI-Agents\PTCG_AI_Battle_Challenge\reports\notebook51\section6\section6b_source_inventory.csv,section6b_source_inventory.csv,18,6,-100,True,,,,,,,False,0,False
D:\02_AI_and_Data\Kaggle-AI-Agents\PTCG_AI_Battle_Challenge\reports\notebook51\section7\section7a_handoff_manifest.json,section7a_handoff_manifest.json,18,1,-100,True,,,,,,,False,0,False
D:\02_AI_and_Data\Kaggle-AI-Agents\PTCG_AI_Battle_Challenge\reports\notebook50\section7\section7a_handoff_manifest.json,section7a_handoff_manifest.json,18,1,-100,True,,,,,,,False,0,False
D:\02_AI_and_Data\Kaggle-AI-Agents\PTCG_AI_Battle_Challenge\reports\notebook48\tournament_setup_summary.json,tournament_setup_summary.json,18,19,-100,True,,,,,,,False,0,False
D:\02_AI_and_Data\Kaggle-AI-Agents\PTCG_AI_Battle_Challenge\reports\notebook50\section4\policy_training\section4d_feature_importance.csv,section4d_feature_importance.csv,18,3,-100,True,,,,,,,False,0,False
D:\02_AI_and_Data\Kaggle-AI-Agents\PTCG_AI_Battle_Challenge\reports\notebook53\section5\section5a_target_distribution_by_split.csv,section5a_target_distribution_by_split.csv,18,6,-100,True,,,,,,,False,0,False
D:\02_AI_and_Data\Kaggle-AI-Agents\PTCG_AI_Battle_Challenge\reports\notebook50\section1\environment_and_handoff\section1c_dataset_validation_checks.csv,section1c_dataset_validation_checks.csv,18,5,-100,True,,,,,,,False,0,False
D:\02_AI_and_Data\Kaggle-AI-Agents\PTCG_AI_Battle_Challenge\reports\notebook53\section5\section5a_signature_distribution_by_split.csv,section5a_signature_distribution_by_split.csv,18,5,-100,True,,,,,,,False,0,False
D:\02_AI_and_Data\Kaggle-AI-Agents\PTCG_AI_Battle_Challenge\models\notebook50\feature_names.json,feature_names.json,18,1,-100,True,,,,,,,False,0,False
D:\02_AI_and_Data\Kaggle-AI-Agents\PTCG_AI_Battle_Challenge\reports\notebook51\section7\section7a_final_integration_profile.csv,section7a_final_integration_profile.csv,18,2,-100,True,,,,,,,False,0,False
D:\02_AI_and_Data\Kaggle-AI-Agents\PTCG_AI_Battle_Challenge\reports\notebook53\section5\section5a_split_validation_checks.csv,section5a_split_validation_checks.csv,17,5,-100,True,,,,,,,False,0,False
D:\02_AI_and_Data\Kaggle-AI-Agents\PTCG_AI_Battle_Challenge\reports\notebook54\section4\section4u_runtime_symbols.csv,section4u_runtime_symbols.csv,17,5,-100,True,,,,,,,False,0,False
D:\02_AI_and_Data\Kaggle-AI-Agents\PTCG_AI_Battle_Challenge\reports\notebook53\section5\section5b_preprocessing_validation_checks.csv,section5b_preprocessing_validation_checks.csv,17,5,-100,True,,,,,,,False,0,False
D:\02_AI_and_Data\Kaggle-AI-Agents\PTCG_AI_Battle_Challenge\reports\notebook52\section7\section7a_final_tournament_profile.csv,section7a_final_tournament_profile.csv,17,2,-100,True,,,,,,,False,0,False
D:\02_AI_and_Data\Kaggle-AI-Agents\PTCG_AI_Battle_Challenge\reports\notebook52\section6\section6b_benchmark_profile.csv,section6b_benchmark_profile.csv,17,2,-100,True,,,,,,,False,0,False
D:\02_AI_and_Data\Kaggle-AI-Agents\PTCG_AI_Battle_Challenge\reports\notebook53\section7\section7a_handoff_manifest.json,section7a_handoff_manifest.json,16,1,-100,True,,,,,,,False,0,False
D:\02_AI_and_Data\Kaggle-AI-Agents\PTCG_AI_Battle_Challenge\reports\notebook15_benchmark.csv,notebook15_benchmark.csv,16,10,-100,True,,,,,,,False,0,False
D:\02_AI_and_Data\Kaggle-AI-Agents\PTCG_AI_Battle_Challenge\reports\notebook35\production_field_mapping.csv,production_field_mapping.csv,16,3,-100,True,,,,,,,False,0,False
D:\02_AI_and_Data\Kaggle-AI-Agents\PTCG_AI_Battle_Challenge\reports\notebook53\section1\section1b_notebook52_handoff_profile.csv,section1b_notebook52_handoff_profile.csv,16,2,-100,True,,,,,,,False,0,False
D:\02_AI_and_Data\Kaggle-AI-Agents\PTCG_AI_Battle_Challenge\reports\notebook35\production_dataset_contract.csv,production_dataset_contract.csv,16,2,-100,True,,,,,,,False,0,False
D:\02_AI_and_Data\Kaggle-AI-Agents\PTCG_AI_Battle_Challenge\reports\notebook38\rl_transition_contract.csv,rl_transition_contract.csv,16,2,-100,True,,,,,,,False,0,False
D:\02_AI_and_Data\Kaggle-AI-Agents\PTCG_AI_Battle_Challenge\reports\notebook46\exact_search_adapter_contract.json,exact_search_adapter_contract.json,15,4,-100,True,,name,,,,,False,0,False
D:\02_AI_and_Data\Kaggle-AI-Agents\PTCG_AI_Battle_Challenge\reports\notebook54\section1\section1b_notebook53_artifact_inventory.csv,section1b_notebook53_artifact_inventory.csv,15,6,-100,True,,,,,,,False,0,False
D:\02_AI_and_Data\Kaggle-AI-Agents\PTCG_AI_Battle_Challenge\reports\notebook54\section2\section2b_losing_battle_root_causes.csv,section2b_losing_battle_root_causes.csv,14,25,-100,True,,,,,,,False,0,False
D:\02_AI_and_Data\Kaggle-AI-Agents\PTCG_AI_Battle_Challenge\reports\notebook48\baseline_agent_definition_inventory.json,baseline_agent_definition_inventory.json,14,4,-100,True,,,,,,,False,0,False
D:\02_AI_and_Data\Kaggle-AI-Agents\PTCG_AI_Battle_Challenge\reports\notebook54\section3\section3a_losing_scenario_bottlenecks.csv,section3a_losing_scenario_bottlenecks.csv,14,28,-100,True,,,,,,,False,0,False
D:\02_AI_and_Data\Kaggle-AI-Agents\PTCG_AI_Battle_Challenge\reports\notebook52\section7\section7a_handoff_manifest.json,section7a_handoff_manifest.json,14,35,-100,True,,,,,,,False,0,False
D:\02_AI_and_Data\Kaggle-AI-Agents\PTCG_AI_Battle_Challenge\reports\notebook53\section7\section7a_section_completion_status.csv,section7a_section_completion_status.csv,14,4,-100,True,,,,,,,False,0,False
D:\02_AI_and_Data\Kaggle-AI-Agents\PTCG_AI_Battle_Challenge\reports\notebook53\section6\section6a_training_validation_checks.csv,section6a_training_validation_checks.csv,14,5,-100,True,,,,,,,False,0,False
D:\02_AI_and_Data\Kaggle-AI-Agents\PTCG_AI_Battle_Challenge\reports\notebook54\section4\section4b_validation_checks.csv,section4b_validation_checks.csv,14,5,-100,True,,,,,,,False,0,False
D:\02_AI_and_Data\Kaggle-AI-Agents\PTCG_AI_Battle_Challenge\reports\notebook50\section7\section7a_validation_checks.csv,section7a_validation_checks.csv,14,5,-100,True,,,,,,,False,0,False
D:\02_AI_and_Data\Kaggle-AI-Agents\PTCG_AI_Battle_Challenge\reports\notebook50\section2\dataset_splits\section2a_split_validation_checks.csv,section2a_split_validation_checks.csv,13,4,-100,True,,,,,,,False,0,False
D:\02_AI_and_Data\Kaggle-AI-Agents\PTCG_AI_Battle_Challenge\reports\notebook39\dataset_type_shape_audit.csv,dataset_type_shape_audit.csv,13,3,-100,True,,,,,,,False,0,False
D:\02_AI_and_Data\Kaggle-AI-Agents\PTCG_AI_Battle_Challenge\reports\notebook54\section4\section4va_full_replay_interface_profile.csv,section4va_full_replay_interface_profile.csv,12,6,-100,True,,,,,,,False,0,False
D:\02_AI_and_Data\Kaggle-AI-Agents\PTCG_AI_Battle_Challenge\reports\notebook54\section3\section3b_mechanic_support_discovery.csv,section3b_mechanic_support_discovery.csv,12,5,-100,True,,,,,,,False,0,False
D:\02_AI_and_Data\Kaggle-AI-Agents\PTCG_AI_Battle_Challenge\reports\notebook53\section3\section3a_theoretical_improvement_profile.csv,section3a_theoretical_improvement_profile.csv,12,2,-100,True,,,,,,,False,0,False
D:\02_AI_and_Data\Kaggle-AI-Agents\PTCG_AI_Battle_Challenge\reports\notebook49\section8\policy_dataset\section8c_dataset_statistics.csv,section8c_dataset_statistics.csv,12,2,-100,True,,,,,,,False,0,False
D:\02_AI_and_Data\Kaggle-AI-Agents\PTCG_AI_Battle_Challenge\reports\notebook51\section6\section6c_simulator_runtime_bindings.csv,section6c_simulator_runtime_bindings.csv,11,7,-100,True,,,,,,,False,0,False
D:\02_AI_and_Data\Kaggle-AI-Agents\PTCG_AI_Battle_Challenge\reports\notebook53\section6\section6d_simulator_runtime_symbols.csv,section6d_simulator_runtime_symbols.csv,11,6,-100,True,,,,,,,False,0,False
D:\02_AI_and_Data\Kaggle-AI-Agents\PTCG_AI_Battle_Challenge\reports\notebook53\section1\section1b_notebook52_artifact_inventory.csv,section1b_notebook52_artifact_inventory.csv,11,6,-100,True,,,,,,,False,0,False
D:\02_AI_and_Data\Kaggle-AI-Agents\PTCG_AI_Battle_Challenge\reports\notebook47\competitive_policy_packaging.json,competitive_policy_packaging.json,11,1,-100,True,,,,,,,False,0,False
D:\02_AI_and_Data\Kaggle-AI-Agents\PTCG_AI_Battle_Challenge\reports\notebook50\section1\environment_and_handoff\section1c_dataset_validation_summary.json,section1c_dataset_validation_summary.json,11,27,-100,True,,,,,,,False,0,False
D:\02_AI_and_Data\Kaggle-AI-Agents\PTCG_AI_Battle_Challenge\reports\notebook54\section3\section3b_simulator_source_symbols.csv,section3b_simulator_source_symbols.csv,11,5,-100,True,,,,,,,False,0,False
D:\02_AI_and_Data\Kaggle-AI-Agents\PTCG_AI_Battle_Challenge\reports\notebook46\real_search_expert_summary.json,real_search_expert_summary.json,11,18,-100,True,,,,,,,False,0,False
D:\02_AI_and_Data\Kaggle-AI-Agents\PTCG_AI_Battle_Challenge\reports\notebook25\final_audit.json,final_audit.json,11,9,-100,True,,,,,,,False,0,False
D:\02_AI_and_Data\Kaggle-AI-Agents\PTCG_AI_Battle_Challenge\reports\notebook54\section4\section4t_simulator_source_symbols.csv,section4t_simulator_source_symbols.csv,11,4,-100,True,,,,,,,False,0,False
D:\02_AI_and_Data\Kaggle-AI-Agents\PTCG_AI_Battle_Challenge\reports\notebook50\section1\environment_and_handoff\section1c_schema_report.csv,section1c_schema_report.csv,11,4,-100,True,,,,,,,False,0,False
D:\02_AI_and_Data\Kaggle-AI-Agents\PTCG_AI_Battle_Challenge\reports\notebook54\section4\section4b_candidate_damage_profile.csv,section4b_candidate_damage_profile.csv,11,4,-100,True,,,,,,,False,0,False
D:\02_AI_and_Data\Kaggle-AI-Agents\PTCG_AI_Battle_Challenge\reports\notebook35\production_workflow.csv,production_workflow.csv,11,2,-100,True,,,,,,,False,0,False
D:\02_AI_and_Data\Kaggle-AI-Agents\PTCG_AI_Battle_Challenge\reports\notebook54\section3\section3b_apply_move_field_usage.csv,section3b_apply_move_field_usage.csv,10,3,-100,True,,,,,,,False,0,False
D:\02_AI_and_Data\Kaggle-AI-Agents\PTCG_AI_Battle_Challenge\reports\notebook49\section7\scenario_traces\state_variants\NB48_LOSS_128.jsonl,NB48_LOSS_128.jsonl,10,30,-100,True,,,,,,,False,0,False
D:\02_AI_and_Data\Kaggle-AI-Agents\PTCG_AI_Battle_Challenge\reports\notebook49\section7\scenario_traces\state_variants\NB48_LOSS_164.jsonl,NB48_LOSS_164.jsonl,10,30,-100,True,,,,,,,False,0,False
D:\02_AI_and_Data\Kaggle-AI-Agents\PTCG_AI_Battle_Challenge\reports\notebook49\section7\scenario_traces\state_variants\NB48_LOSS_176.jsonl,NB48_LOSS_176.jsonl,10,30,-100,True,,,,,,,False,0,False
D:\02_AI_and_Data\Kaggle-AI-Agents\PTCG_AI_Battle_Challenge\reports\notebook49\section7\scenario_traces\state_variants\NB48_LOSS_104.jsonl,NB48_LOSS_104.jsonl,10,30,-100,True,,,,,,,False,0,False
D:\02_AI_and_Data\Kaggle-AI-Agents\PTCG_AI_Battle_Challenge\reports\notebook49\section7\scenario_traces\state_variants\NB48_LOSS_140.jsonl,NB48_LOSS_140.jsonl,10,30,-100,True,,,,,,,False,0,False
D:\02_AI_and_Data\Kaggle-AI-Agents\PTCG_AI_Battle_Challenge\reports\notebook49\section7\scenario_traces\state_variants\NB48_LOSS_152.jsonl,NB48_LOSS_152.jsonl,10,30,-100,True,,,,,,,False,0,False
D:\02_AI_and_Data\Kaggle-AI-Agents\PTCG_AI_Battle_Challenge\reports\notebook49\section7\scenario_traces\state_variants\NB48_LOSS_188.jsonl,NB48_LOSS_188.jsonl,10,30,-100,True,,,,,,,False,0,False
D:\02_AI_and_Data\Kaggle-AI-Agents\PTCG_AI_Battle_Challenge\reports\notebook49\section7\scenario_traces\state_variants\NB48_LOSS_200.jsonl,NB48_LOSS_200.jsonl,10,30,-100,True,,,,,,,False,0,False
D:\02_AI_and_Data\Kaggle-AI-Agents\PTCG_AI_Battle_Challenge\reports\notebook49\section7\scenario_traces\state_variants\NB48_LOSS_116.jsonl,NB48_LOSS_116.jsonl,10,30,-100,True,,,,,,,False,0,False
D:\02_AI_and_Data\Kaggle-AI-Agents\PTCG_AI_Battle_Challenge\reports\notebook49\section7\scenario_traces\state_variants\NB48_LOSS_100.jsonl,NB48_LOSS_100.jsonl,10,30,-100,True,,,,,,,False,0,False
D:\02_AI_and_Data\Kaggle-AI-Agents\PTCG_AI_Battle_Challenge\reports\notebook49\section7\scenario_traces\state_variants\NB48_LOSS_88.jsonl,NB48_LOSS_88.jsonl,10,30,-100,True,,,,,,,False,0,False
D:\02_AI_and_Data\Kaggle-AI-Agents\PTCG_AI_Battle_Challenge\reports\notebook49\section7\scenario_traces\state_variants\NB48_LOSS_52.jsonl,NB48_LOSS_52.jsonl,10,30,-100,True,,,,,,,False,0,False
D:\02_AI_and_Data\Kaggle-AI-Agents\PTCG_AI_Battle_Challenge\reports\notebook49\section7\scenario_traces\state_variants\NB48_LOSS_76.jsonl,NB48_LOSS_76.jsonl,10,30,-100,True,,,,,,,False,0,False
D:\02_AI_and_Data\Kaggle-AI-Agents\PTCG_AI_Battle_Challenge\reports\notebook49\section7\scenario_traces\state_variants\NB48_LOSS_40.jsonl,NB48_LOSS_40.jsonl,10,30,-100,True,,,,,,,False,0,False
D:\02_AI_and_Data\Kaggle-AI-Agents\PTCG_AI_Battle_Challenge\reports\notebook49\section7\scenario_traces\state_variants\NB48_LOSS_264.jsonl,NB48_LOSS_264.jsonl,10,30,-100,True,,,,,,,False,0,False
D:\02_AI_and_Data\Kaggle-AI-Agents\PTCG_AI_Battle_Challenge\reports\notebook49\section7\scenario_traces\state_variants\NB48_LOSS_216.jsonl,NB48_LOSS_216.jsonl,10,30,-100,True,,,,,,,False,0,False
D:\02_AI_and_Data\Kaggle-AI-Agents\PTCG_AI_Battle_Challenge\reports\notebook49\section7\scenario_traces\state_variants\NB48_LOSS_300.jsonl,NB48_LOSS_300.jsonl,10,30,-100,True,,,,,,,False,0,False
D:\02_AI_and_Data\Kaggle-AI-Agents\PTCG_AI_Battle_Challenge\reports\notebook49\section7\scenario_traces\state_variants\NB48_LOSS_240.jsonl,NB48_LOSS_240.jsonl,10,30,-100,True,,,,,,,False,0,False
D:\02_AI_and_Data\Kaggle-AI-Agents\PTCG_AI_Battle_Challenge\reports\notebook49\section7\scenario_traces\state_variants\NB48_LOSS_252.jsonl,NB48_LOSS_252.jsonl,10,30,-100,True,,,,,,,False,0,False
D:\02_AI_and_Data\Kaggle-AI-Agents\PTCG_AI_Battle_Challenge\reports\notebook49\section7\scenario_traces\state_variants\NB48_LOSS_288.jsonl,NB48_LOSS_288.jsonl,10,30,-100,True,,,,,,,False,0,False
D:\02_AI_and_Data\Kaggle-AI-Agents\PTCG_AI_Battle_Challenge\reports\notebook49\section7\scenario_traces\state_variants\NB48_LOSS_276.jsonl,NB48_LOSS_276.jsonl,10,30,-100,True,,,,,,,False,0,False
D:\02_AI_and_Data\Kaggle-AI-Agents\PTCG_AI_Battle_Challenge\reports\notebook49\section7\scenario_traces\state_variants\NB48_LOSS_228.jsonl,NB48_LOSS_228.jsonl,10,30,-100,True,,,,,,,False,0,False
D:\02_AI_and_Data\Kaggle-AI-Agents\PTCG_AI_Battle_Challenge\reports\notebook49\section7\scenario_traces\state_variants\NB48_LOSS_110.jsonl,NB48_LOSS_110.jsonl,10,30,-100,True,,,,,,,False,0,False
D:\02_AI_and_Data\Kaggle-AI-Agents\PTCG_AI_Battle_Challenge\reports\notebook49\section7\scenario_traces\state_variants\NB48_LOSS_122.jsonl,NB48_LOSS_122.jsonl,10,30,-100,True,,,,,,,False,0,False
D:\02_AI_and_Data\Kaggle-AI-Agents\PTCG_AI_Battle_Challenge\reports\notebook49\section7\scenario_traces\state_variants\NB48_LOSS_146.jsonl,NB48_LOSS_146.jsonl,10,30,-100,True,,,,,,,False,0,False
D:\02_AI_and_Data\Kaggle-AI-Agents\PTCG_AI_Battle_Challenge\reports\notebook49\section7\scenario_traces\state_variants\NB48_LOSS_158.jsonl,NB48_LOSS_158.jsonl,10,30,-100,True,,,,,,,False,0,False
D:\02_AI_and_Data\Kaggle-AI-Agents\PTCG_AI_Battle_Challenge\reports\notebook49\section7\scenario_traces\state_variants\NB48_LOSS_170.jsonl,NB48_LOSS_170.jsonl,10,30,-100,True,,,,,,,False,0,False
D:\02_AI_and_Data\Kaggle-AI-Agents\PTCG_AI_Battle_Challenge\reports\notebook49\section7\scenario_traces\state_variants\NB48_LOSS_194.jsonl,NB48_LOSS_194.jsonl,10,30,-100,True,,,,,,,False,0,False
D:\02_AI_and_Data\Kaggle-AI-Agents\PTCG_AI_Battle_Challenge\reports\notebook49\section7\scenario_traces\state_variants\NB48_LOSS_182.jsonl,NB48_LOSS_182.jsonl,10,30,-100,True,,,,,,,False,0,False
D:\02_AI_and_Data\Kaggle-AI-Agents\PTCG_AI_Battle_Challenge\reports\notebook49\section7\scenario_traces\state_variants\NB48_LOSS_4.jsonl,NB48_LOSS_4.jsonl,10,30,-100,True,,,,,,,False,0,False
D:\02_AI_and_Data\Kaggle-AI-Agents\PTCG_AI_Battle_Challenge\reports\notebook49\section7\scenario_traces\state_variants\NB48_LOSS_134.jsonl,NB48_LOSS_134.jsonl,10,30,-100,True,,,,,,,False,0,False
D:\02_AI_and_Data\Kaggle-AI-Agents\PTCG_AI_Battle_Challenge\reports\notebook49\section7\scenario_traces\state_variants\NB48_LOSS_258.jsonl,NB48_LOSS_258.jsonl,10,30,-100,True,,,,,,,False,0,False
D:\02_AI_and_Data\Kaggle-AI-Agents\PTCG_AI_Battle_Challenge\reports\notebook49\section7\scenario_traces\state_variants\NB48_LOSS_210.jsonl,NB48_LOSS_210.jsonl,10,30,-100,True,,,,,,,False,0,False
D:\02_AI_and_Data\Kaggle-AI-Agents\PTCG_AI_Battle_Challenge\reports\notebook49\section7\scenario_traces\state_variants\NB48_LOSS_222.jsonl,NB48_LOSS_222.jsonl,10,30,-100,True,,,,,,,False,0,False
D:\02_AI_and_Data\Kaggle-AI-Agents\PTCG_AI_Battle_Challenge\reports\notebook49\section7\scenario_traces\state_variants\NB48_LOSS_234.jsonl,NB48_LOSS_234.jsonl,10,30,-100,True,,,,,,,False,0,False
D:\02_AI_and_Data\Kaggle-AI-Agents\PTCG_AI_Battle_Challenge\reports\notebook49\section7\scenario_traces\state_variants\NB48_LOSS_246.jsonl,NB48_LOSS_246.jsonl,10,30,-100,True,,,,,,,False,0,False
D:\02_AI_and_Data\Kaggle-AI-Agents\PTCG_AI_Battle_Challenge\reports\notebook49\section7\scenario_traces\state_variants\NB48_LOSS_270.jsonl,NB48_LOSS_270.jsonl,10,30,-100,True,,,,,,,False,0,False
D:\02_AI_and_Data\Kaggle-AI-Agents\PTCG_AI_Battle_Challenge\reports\notebook49\section7\scenario_traces\state_variants\NB48_LOSS_282.jsonl,NB48_LOSS_282.jsonl,10,30,-100,True,,,,,,,False,0,False
D:\02_AI_and_Data\Kaggle-AI-Agents\PTCG_AI_Battle_Challenge\reports\notebook49\section7\scenario_traces\state_variants\NB48_LOSS_294.jsonl,NB48_LOSS_294.jsonl,10,30,-100,True,,,,,,,False,0,False
D:\02_AI_and_Data\Kaggle-AI-Agents\PTCG_AI_Battle_Challenge\reports\notebook49\section7\scenario_traces\state_variants\NB48_LOSS_204.jsonl,NB48_LOSS_204.jsonl,10,30,-100,True,,,,,,,False,0,False
D:\02_AI_and_Data\Kaggle-AI-Agents\PTCG_AI_Battle_Challenge\reports\notebook49\section7\scenario_traces\state_variants\NB48_LOSS_10.jsonl,NB48_LOSS_10.jsonl,10,30,-100,True,,,,,,,False,0,False
D:\02_AI_and_Data\Kaggle-AI-Agents\PTCG_AI_Battle_Challenge\reports\notebook49\section7\scenario_traces\state_variants\NB48_LOSS_34.jsonl,NB48_LOSS_34.jsonl,10,30,-100,True,,,,,,,False,0,False
D:\02_AI_and_Data\Kaggle-AI-Agents\PTCG_AI_Battle_Challenge\reports\notebook49\section7\scenario_traces\state_variants\NB48_LOSS_22.jsonl,NB48_LOSS_22.jsonl,10,30,-100,True,,,,,,,False,0,False
D:\02_AI_and_Data\Kaggle-AI-Agents\PTCG_AI_Battle_Challenge\reports\notebook49\section7\scenario_traces\state_variants\NB48_LOSS_226.jsonl,NB48_LOSS_226.jsonl,10,30,-100,True,,,,,,,False,0,False
D:\02_AI_and_Data\Kaggle-AI-Agents\PTCG_AI_Battle_Challenge\reports\notebook49\section7\scenario_traces\state_variants\NB48_LOSS_274.jsonl,NB48_LOSS_274.jsonl,10,30,-100,True,,,,,,,False,0,False
D:\02_AI_and_Data\Kaggle-AI-Agents\PTCG_AI_Battle_Challenge\reports\notebook49\section7\scenario_traces\state_variants\NB48_LOSS_46.jsonl,NB48_LOSS_46.jsonl,10,30,-100,True,,,,,,,False,0,False
D:\02_AI_and_Data\Kaggle-AI-Agents\PTCG_AI_Battle_Challenge\reports\notebook49\section7\scenario_traces\state_variants\NB48_LOSS_94.jsonl,NB48_LOSS_94.jsonl,10,30,-100,True,,,,,,,False,0,False
D:\02_AI_and_Data\Kaggle-AI-Agents\PTCG_AI_Battle_Challenge\reports\notebook49\section7\scenario_traces\state_variants\NB48_LOSS_238.jsonl,NB48_LOSS_238.jsonl,10,30,-100,True,,,,,,,False,0,False
D:\02_AI_and_Data\Kaggle-AI-Agents\PTCG_AI_Battle_Challenge\reports\notebook49\section7\scenario_traces\state_variants\NB48_LOSS_286.jsonl,NB48_LOSS_286.jsonl,10,30,-100,True,,,,,,,False,0,False
D:\02_AI_and_Data\Kaggle-AI-Agents\PTCG_AI_Battle_Challenge\reports\notebook49\section7\scenario_traces\state_variants\NB48_LOSS_214.jsonl,NB48_LOSS_214.jsonl,10,30,-100,True,,,,,,,False,0,False
D:\02_AI_and_Data\Kaggle-AI-Agents\PTCG_AI_Battle_Challenge\reports\notebook49\section7\scenario_traces\state_variants\NB48_LOSS_250.jsonl,NB48_LOSS_250.jsonl,10,30,-100,True,,,,,,,False,0,False
D:\02_AI_and_Data\Kaggle-AI-Agents\PTCG_AI_Battle_Challenge\reports\notebook49\section7\scenario_traces\state_variants\NB48_LOSS_298.jsonl,NB48_LOSS_298.jsonl,10,30,-100,True,,,,,,,False,0,False
D:\02_AI_and_Data\Kaggle-AI-Agents\PTCG_AI_Battle_Challenge\reports\notebook49\section7\scenario_traces\state_variants\NB48_LOSS_262.jsonl,NB48_LOSS_262.jsonl,10,30,-100,True,,,,,,,False,0,False
D:\02_AI_and_Data\Kaggle-AI-Agents\PTCG_AI_Battle_Challenge\reports\notebook49\section7\scenario_traces\state_variants\NB48_LOSS_82.jsonl,NB48_LOSS_82.jsonl,10,30,-100,True,,,,,,,False,0,False
D:\02_AI_and_Data\Kaggle-AI-Agents\PTCG_AI_Battle_Challenge\reports\notebook49\section7\scenario_traces\state_variants\NB48_LOSS_202.jsonl,NB48_LOSS_202.jsonl,10,30,-100,True,,,,,,,False,0,False
D:\02_AI_and_Data\Kaggle-AI-Agents\PTCG_AI_Battle_Challenge\reports\notebook49\section7\scenario_traces\state_variants\NB48_LOSS_70.jsonl,NB48_LOSS_70.jsonl,10,30,-100,True,,,,,,,False,0,False
D:\02_AI_and_Data\Kaggle-AI-Agents\PTCG_AI_Battle_Challenge\reports\notebook49\section7\scenario_traces\state_variants\NB48_LOSS_126.jsonl,NB48_LOSS_126.jsonl,10,30,-100,True,,,,,,,False,0,False
D:\02_AI_and_Data\Kaggle-AI-Agents\PTCG_AI_Battle_Challenge\reports\notebook49\section7\scenario_traces\state_variants\NB48_LOSS_198.jsonl,NB48_LOSS_198.jsonl,10,30,-100,True,,,,,,,False,0,False
D:\02_AI_and_Data\Kaggle-AI-Agents\PTCG_AI_Battle_Challenge\reports\notebook49\section7\scenario_traces\state_variants\NB48_LOSS_102.jsonl,NB48_LOSS_102.jsonl,10,30,-100,True,,,,,,,False,0,False
D:\02_AI_and_Data\Kaggle-AI-Agents\PTCG_AI_Battle_Challenge\reports\notebook49\section7\scenario_traces\state_variants\NB48_LOSS_114.jsonl,NB48_LOSS_114.jsonl,10,30,-100,True,,,,,,,False,0,False
D:\02_AI_and_Data\Kaggle-AI-Agents\PTCG_AI_Battle_Challenge\reports\notebook49\section7\scenario_traces\state_variants\NB48_LOSS_150.jsonl,NB48_LOSS_150.jsonl,10,30,-100,True,,,,,,,False,0,False
D:\02_AI_and_Data\Kaggle-AI-Agents\PTCG_AI_Battle_Challenge\reports\notebook49\section7\scenario_traces\state_variants\NB48_LOSS_186.jsonl,NB48_LOSS_186.jsonl,10,30,-100,True,,,,,,,False,0,False
D:\02_AI_and_Data\Kaggle-AI-Agents\PTCG_AI_Battle_Challenge\reports\notebook49\section7\scenario_traces\state_variants\NB48_LOSS_138.jsonl,NB48_LOSS_138.jsonl,10,30,-100,True,,,,,,,False,0,False
D:\02_AI_and_Data\Kaggle-AI-Agents\PTCG_AI_Battle_Challenge\reports\notebook49\section7\scenario_traces\state_variants\NB48_LOSS_162.jsonl,NB48_LOSS_162.jsonl,10,30,-100,True,,,,,,,False,0,False
D:\02_AI_and_Data\Kaggle-AI-Agents\PTCG_AI_Battle_Challenge\reports\notebook49\section7\scenario_traces\state_variants\NB48_LOSS_174.jsonl,NB48_LOSS_174.jsonl,10,30,-100,True,,,,,,,False,0,False
D:\02_AI_and_Data\Kaggle-AI-Agents\PTCG_AI_Battle_Challenge\reports\notebook49\section7\scenario_traces\state_variants\NB48_LOSS_195.jsonl,NB48_LOSS_195.jsonl,10,30,-100,True,,,,,,,False,0,False
D:\02_AI_and_Data\Kaggle-AI-Agents\PTCG_AI_Battle_Challenge\reports\notebook49\section7\scenario_traces\state_variants\NB48_LOSS_171.jsonl,NB48_LOSS_171.jsonl,10,30,-100,True,,,,,,,False,0,False
D:\02_AI_and_Data\Kaggle-AI-Agents\PTCG_AI_Battle_Challenge\reports\notebook49\section7\scenario_traces\state_variants\NB48_LOSS_183.jsonl,NB48_LOSS_183.jsonl,10,30,-100,True,,,,,,,False,0,False
D:\02_AI_and_Data\Kaggle-AI-Agents\PTCG_AI_Battle_Challenge\reports\notebook49\section7\scenario_traces\state_variants\NB48_LOSS_211.jsonl,NB48_LOSS_211.jsonl,10,30,-100,True,,,,,,,False,0,False
D:\02_AI_and_Data\Kaggle-AI-Agents\PTCG_AI_Battle_Challenge\reports\notebook49\section7\scenario_traces\state_variants\NB48_LOSS_223.jsonl,NB48_LOSS_223.jsonl,10,30,-100,True,,,,,,,False,0,False
D:\02_AI_and_Data\Kaggle-AI-Agents\PTCG_AI_Battle_Challenge\reports\notebook49\section7\scenario_traces\state_variants\NB48_LOSS_259.jsonl,NB48_LOSS_259.jsonl,10,30,-100,True,,,,,,,False,0,False
D:\02_AI_and_Data\Kaggle-AI-Agents\PTCG_AI_Battle_Challenge\reports\notebook49\section7\scenario_traces\state_variants\NB48_LOSS_235.jsonl,NB48_LOSS_235.jsonl,10,30,-100,True,,,,,,,False,0,False
D:\02_AI_and_Data\Kaggle-AI-Agents\PTCG_AI_Battle_Challenge\reports\notebook49\section7\scenario_traces\state_variants\NB48_LOSS_283.jsonl,NB48_LOSS_283.jsonl,10,30,-100,True,,,,,,,False,0,False
D:\02_AI_and_Data\Kaggle-AI-Agents\PTCG_AI_Battle_Challenge\reports\notebook49\section7\scenario_traces\state_variants\NB48_LOSS_271.jsonl,NB48_LOSS_271.jsonl,10,30,-100,True,,,,,,,False,0,False
D:\02_AI_and_Data\Kaggle-AI-Agents\PTCG_AI_Battle_Challenge\reports\notebook49\section7\scenario_traces\state_variants\NB48_LOSS_247.jsonl,NB48_LOSS_247.jsonl,10,30,-100,True,,,,,,,False,0,False
D:\02_AI_and_Data\Kaggle-AI-Agents\PTCG_AI_Battle_Challenge\reports\notebook49\section7\scenario_traces\state_variants\NB48_LOSS_295.jsonl,NB48_LOSS_295.jsonl,10,30,-100,True,,,,,,,False,0,False
D:\02_AI_and_Data\Kaggle-AI-Agents\PTCG_AI_Battle_Challenge\reports\notebook49\section7\scenario_traces\state_variants\NB48_LOSS_123.jsonl,NB48_LOSS_123.jsonl,10,30,-100,True,,,,,,,False,0,False
D:\02_AI_and_Data\Kaggle-AI-Agents\PTCG_AI_Battle_Challenge\reports\notebook49\section7\scenario_traces\state_variants\NB48_LOSS_147.jsonl,NB48_LOSS_147.jsonl,10,30,-100,True,,,,,,,False,0,False
D:\02_AI_and_Data\Kaggle-AI-Agents\PTCG_AI_Battle_Challenge\reports\notebook49\section7\scenario_traces\state_variants\NB48_LOSS_111.jsonl,NB48_LOSS_111.jsonl,10,30,-100,True,,,,,,,False,0,False
D:\02_AI_and_Data\Kaggle-AI-Agents\PTCG_AI_Battle_Challenge\reports\notebook49\section7\scenario_traces\state_variants\NB48_LOSS_135.jsonl,NB48_LOSS_135.jsonl,10,30,-100,True,,,,,,,False,0,False
D:\02_AI_and_Data\Kaggle-AI-Agents\PTCG_AI_Battle_Challenge\reports\notebook49\section7\scenario_traces\state_variants\NB48_LOSS_159.jsonl,NB48_LOSS_159.jsonl,10,30,-100,True,,,,,,,False,0,False
D:\02_AI_and_Data\Kaggle-AI-Agents\PTCG_AI_Battle_Challenge\reports\notebook49\section7\scenario_traces\state_variants\NB48_LOSS_74.jsonl,NB48_LOSS_74.jsonl,10,30,-100,True,,,,,,,False,0,False
D:\02_AI_and_Data\Kaggle-AI-Agents\PTCG_AI_Battle_Challenge\reports\notebook49\section7\scenario_traces\state_variants\NB48_LOSS_2.jsonl,NB48_LOSS_2.jsonl,10,30,-100,True,,,,,,,False,0,False
D:\02_AI_and_Data\Kaggle-AI-Agents\PTCG_AI_Battle_Challenge\reports\notebook49\section7\scenario_traces\state_variants\NB48_LOSS_71.jsonl,NB48_LOSS_71.jsonl,10,30,-100,True,,,,,,,False,0,False
D:\02_AI_and_Data\Kaggle-AI-Agents\PTCG_AI_Battle_Challenge\reports\notebook49\section7\scenario_traces\state_variants\NB48_LOSS_83.jsonl,NB48_LOSS_83.jsonl,10,30,-100,True,,,,,,,False,0,False
D:\02_AI_and_Data\Kaggle-AI-Agents\PTCG_AI_Battle_Challenge\reports\notebook49\section7\scenario_traces\state_variants\NB48_LOSS_11.jsonl,NB48_LOSS_11.jsonl,10,30,-100,True,,,,,,,False,0,False
D:\02_AI_and_Data\Kaggle-AI-Agents\PTCG_AI_Battle_Challenge\reports\notebook49\section7\scenario_traces\state_variants\NB48_LOSS_59.jsonl,NB48_LOSS_59.jsonl,10,30,-100,True,,,,,,,False,0,False
D:\02_AI_and_Data\Kaggle-AI-Agents\PTCG_AI_Battle_Challenge\reports\notebook49\section7\scenario_traces\state_variants\NB48_LOSS_254.jsonl,NB48_LOSS_254.jsonl,10,30,-100,True,,,,,,,False,0,False
D:\02_AI_and_Data\Kaggle-AI-Agents\PTCG_AI_Battle_Challenge\reports\notebook49\section7\scenario_traces\state_variants\NB48_LOSS_290.jsonl,NB48_LOSS_290.jsonl,10,30,-100,True,,,,,,,False,0,False
D:\02_AI_and_Data\Kaggle-AI-Agents\PTCG_AI_Battle_Challenge\reports\notebook49\section7\scenario_traces\state_variants\NB48_LOSS_230.jsonl,NB48_LOSS_230.jsonl,10,30,-100,True,,,,,,,False,0,False
D:\02_AI_and_Data\Kaggle-AI-Agents\PTCG_AI_Battle_Challenge\reports\notebook49\section7\scenario_traces\state_variants\NB48_LOSS_266.jsonl,NB48_LOSS_266.jsonl,10,30,-100,True,,,,,,,False,0,False
D:\02_AI_and_Data\Kaggle-AI-Agents\PTCG_AI_Battle_Challenge\reports\notebook49\section7\scenario_traces\state_variants\NB48_LOSS_206.jsonl,NB48_LOSS_206.jsonl,10,30,-100,True,,,,,,,False,0,False
D:\02_AI_and_Data\Kaggle-AI-Agents\PTCG_AI_Battle_Challenge\reports\notebook49\section7\scenario_traces\state_variants\NB48_LOSS_218.jsonl,NB48_LOSS_218.jsonl,10,30,-100,True,,,,,,,False,0,False
D:\02_AI_and_Data\Kaggle-AI-Agents\PTCG_AI_Battle_Challenge\reports\notebook49\section7\scenario_traces\state_variants\NB48_LOSS_242.jsonl,NB48_LOSS_242.jsonl,10,30,-100,True,,,,,,,False,0,False
D:\02_AI_and_Data\Kaggle-AI-Agents\PTCG_AI_Battle_Challenge\reports\notebook49\section7\scenario_traces\state_variants\NB48_LOSS_278.jsonl,NB48_LOSS_278.jsonl,10,30,-100,True,,,,,,,False,0,False
D:\02_AI_and_Data\Kaggle-AI-Agents\PTCG_AI_Battle_Challenge\reports\notebook49\section7\scenario_traces\state_variants\NB48_LOSS_142.jsonl,NB48_LOSS_142.jsonl,10,30,-100,True,,,,,,,False,0,False
D:\02_AI_and_Data\Kaggle-AI-Agents\PTCG_AI_Battle_Challenge\reports\notebook49\section7\scenario_traces\state_variants\NB48_LOSS_178.jsonl,NB48_LOSS_178.jsonl,10,30,-100,True,,,,,,,False,0,False
D:\02_AI_and_Data\Kaggle-AI-Agents\PTCG_AI_Battle_Challenge\reports\notebook49\section7\scenario_traces\state_variants\NB48_LOSS_190.jsonl,NB48_LOSS_190.jsonl,10,30,-100,True,,,,,,,False,0,False
D:\02_AI_and_Data\Kaggle-AI-Agents\PTCG_AI_Battle_Challenge\reports\notebook49\section7\scenario_traces\state_variants\NB48_LOSS_106.jsonl,NB48_LOSS_106.jsonl,10,30,-100,True,,,,,,,False,0,False
D:\02_AI_and_Data\Kaggle-AI-Agents\PTCG_AI_Battle_Challenge\reports\notebook49\section7\scenario_traces\state_variants\NB48_LOSS_118.jsonl,NB48_LOSS_118.jsonl,10,30,-100,True,,,,,,,False,0,False
D:\02_AI_and_Data\Kaggle-AI-Agents\PTCG_AI_Battle_Challenge\reports\notebook49\section7\scenario_traces\state_variants\NB48_LOSS_154.jsonl,NB48_LOSS_154.jsonl,10,30,-100,True,,,,,,,False,0,False
D:\02_AI_and_Data\Kaggle-AI-Agents\PTCG_AI_Battle_Challenge\reports\notebook49\section7\scenario_traces\state_variants\NB48_LOSS_166.jsonl,NB48_LOSS_166.jsonl,10,30,-100,True,,,,,,,False,0,False
D:\02_AI_and_Data\Kaggle-AI-Agents\PTCG_AI_Battle_Challenge\reports\notebook49\section7\scenario_traces\state_variants\NB48_LOSS_130.jsonl,NB48_LOSS_130.jsonl,10,30,-100,True,,,,,,,False,0,False
D:\02_AI_and_Data\Kaggle-AI-Agents\PTCG_AI_Battle_Challenge\reports\notebook49\section7\scenario_traces\state_variants\NB48_LOSS_30.jsonl,NB48_LOSS_30.jsonl,10,30,-100,True,,,,,,,False,0,False
D:\02_AI_and_Data\Kaggle-AI-Agents\PTCG_AI_Battle_Challenge\reports\notebook49\section7\scenario_traces\state_variants\NB48_LOSS_42.jsonl,NB48_LOSS_42.jsonl,10,30,-100,True,,,,,,,False,0,False
D:\02_AI_and_Data\Kaggle-AI-Agents\PTCG_AI_Battle_Challenge\reports\notebook49\section7\scenario_traces\state_variants\NB48_LOSS_6.jsonl,NB48_LOSS_6.jsonl,10,30,-100,True,,,,,,,False,0,False
D:\02_AI_and_Data\Kaggle-AI-Agents\PTCG_AI_Battle_Challenge\reports\notebook49\section6_replay_contract.json,section6_replay_contract.json,10,7,-100,True,,,,,,,False,0,False
D:\02_AI_and_Data\Kaggle-AI-Agents\PTCG_AI_Battle_Challenge\reports\notebook45\existing_simulator_api.json,existing_simulator_api.json,10,5,-100,True,,,,,,,False,0,False
D:\02_AI_and_Data\Kaggle-AI-Agents\PTCG_AI_Battle_Challenge\reports\notebook50\section1\environment_and_handoff\section1a_handoff_artifact_inventory.csv,section1a_handoff_artifact_inventory.csv,10,5,-100,True,,,,,,,False,0,False
D:\02_AI_and_Data\Kaggle-AI-Agents\PTCG_AI_Battle_Challenge\reports\notebook54\section2\section2a_scenario_opportunity_profile.csv,section2a_scenario_opportunity_profile.csv,10,15,-100,True,,,,,,,False,0,False
D:\02_AI_and_Data\Kaggle-AI-Agents\PTCG_AI_Battle_Challenge\reports\notebook50\section7\section7a_artifact_inventory.csv,section7a_artifact_inventory.csv,10,6,-100,True,,,,,,,False,0,False
D:\02_AI_and_Data\Kaggle-AI-Agents\PTCG_AI_Battle_Challenge\reports\notebook54\section4\section4q_validation_checks.csv,section4q_validation_checks.csv,10,4,-100,True,,,,,,,False,0,False
D:\02_AI_and_Data\Kaggle-AI-Agents\PTCG_AI_Battle_Challenge\reports\notebook54\section4\section4p_validation_checks.csv,section4p_validation_checks.csv,10,4,-100,True,,,,,,,False,0,False
D:\02_AI_and_Data\Kaggle-AI-Agents\PTCG_AI_Battle_Challenge\reports\notebook54\section4\section4ud_validation_checks.csv,section4ud_validation_checks.csv,10,4,-100,True,,,,,,,False,0,False
D:\02_AI_and_Data\Kaggle-AI-Agents\PTCG_AI_Battle_Challenge\reports\notebook54\section4\section4n_validation_checks.csv,section4n_validation_checks.csv,10,5,-100,True,,,,,,,False,0,False
D:\02_AI_and_Data\Kaggle-AI-Agents\PTCG_AI_Battle_Challenge\reports\notebook53\section5\section5b_categorical_vocabulary.csv,section5b_categorical_vocabulary.csv,10,3,-100,True,,,,,,,False,0,False
D:\02_AI_and_Data\Kaggle-AI-Agents\PTCG_AI_Battle_Challenge\reports\notebook54\section4\section4r_validation_checks.csv,section4r_validation_checks.csv,10,4,-100,True,,,,,,,False,0,False
D:\02_AI_and_Data\Kaggle-AI-Agents\PTCG_AI_Battle_Challenge\reports\notebook54\section3\section3a_validation_checks.csv,section3a_validation_checks.csv,10,5,-100,True,,,,,,,False,0,False
D:\02_AI_and_Data\Kaggle-AI-Agents\PTCG_AI_Battle_Challenge\reports\notebook54\section2\section2a_validation_checks.csv,section2a_validation_checks.csv,10,5,-100,True,,,,,,,False,0,False
D:\02_AI_and_Data\Kaggle-AI-Agents\PTCG_AI_Battle_Challenge\reports\notebook54\section2\section2b_validation_checks.csv,section2b_validation_checks.csv,10,5,-100,True,,,,,,,False,0,False
D:\02_AI_and_Data\Kaggle-AI-Agents\PTCG_AI_Battle_Challenge\reports\notebook54\section3\section3b_validation_checks.csv,section3b_validation_checks.csv,10,5,-100,True,,,,,,,False,0,False
D:\02_AI_and_Data\Kaggle-AI-Agents\PTCG_AI_Battle_Challenge\reports\notebook54\section4\section4ud_policy_instance_attributes.csv,section4ud_policy_instance_attributes.csv,10,3,-100,True,,,,,,,False,0,False
D:\02_AI_and_Data\Kaggle-AI-Agents\PTCG_AI_Battle_Challenge\reports\notebook50\section1\environment_and_handoff\section1c_variant_profile.csv,section1c_variant_profile.csv,10,3,-100,True,,,,,,,False,0,False
D:\02_AI_and_Data\Kaggle-AI-Agents\PTCG_AI_Battle_Challenge\reports\notebook52\section6\section6a_overall_dashboard.csv,section6a_overall_dashboard.csv,10,2,-100,True,,,,,,,False,0,False
D:\02_AI_and_Data\Kaggle-AI-Agents\PTCG_AI_Battle_Challenge\reports\notebook54\section4\section4r_energy_readiness_by_card_side.csv,section4r_energy_readiness_by_card_side.csv,9,12,-100,True,,,,attack_name,,,False,0,False
D:\02_AI_and_Data\Kaggle-AI-Agents\PTCG_AI_Battle_Challenge\reports\notebook54\section4\section4ud_adapter_interface_profile.csv,section4ud_adapter_interface_profile.csv,9,6,-100,True,,,,,,,False,0,False
D:\02_AI_and_Data\Kaggle-AI-Agents\PTCG_AI_Battle_Challenge\reports\notebook54\section4\section4uc_adapter_method_profile.csv,section4uc_adapter_method_profile.csv,9,4,-100,True,,,,,,,False,0,False
D:\02_AI_and_Data\Kaggle-AI-Agents\PTCG_AI_Battle_Challenge\reports\notebook54\section4\section4i_validation_checks.csv,section4i_validation_checks.csv,9,5,-100,True,,,,,,,False,0,False
D:\02_AI_and_Data\Kaggle-AI-Agents\PTCG_AI_Battle_Challenge\reports\notebook54\section4\section4a_validation_checks.csv,section4a_validation_checks.csv,9,5,-100,True,,,,,,,False,0,False
D:\02_AI_and_Data\Kaggle-AI-Agents\PTCG_AI_Battle_Challenge\reports\notebook54\section4\section4i_targeted_page_profile.csv,section4i_targeted_page_profile.csv,9,6,-100,True,,,,,,,False,0,False
D:\02_AI_and_Data\Kaggle-AI-Agents\PTCG_AI_Battle_Challenge\reports\notebook48\final_competitive_strength_table.csv,final_competitive_strength_table.csv,9,4,-100,True,,,,,,,False,0,False
D:\02_AI_and_Data\Kaggle-AI-Agents\PTCG_AI_Battle_Challenge\reports\notebook50\section6\section6a_weight_profile.csv,section6a_weight_profile.csv,9,2,-100,True,,,,,,,False,0,False
D:\02_AI_and_Data\Kaggle-AI-Agents\PTCG_AI_Battle_Challenge\reports\notebook50\section5\policy_evaluation\section5a_weight_profile.csv,section5a_weight_profile.csv,9,2,-100,True,,,,,,,False,0,False
D:\02_AI_and_Data\Kaggle-AI-Agents\PTCG_AI_Battle_Challenge\reports\notebook53\section6\section6a_test_classification_report.csv,section6a_test_classification_report.csv,9,5,-100,True,,,,,,,False,0,False
D:\02_AI_and_Data\Kaggle-AI-Agents\PTCG_AI_Battle_Challenge\reports\notebook53\section6\section6a_validation_classification_report.csv,section6a_validation_classification_report.csv,9,5,-100,True,,,,,,,False,0,False
D:\02_AI_and_Data\Kaggle-AI-Agents\PTCG_AI_Battle_Challenge\reports\notebook52\section4\analysis\section4b_battle_analysis.csv,section4b_battle_analysis.csv,8,32,-100,True,,,,,,,False,0,False
D:\02_AI_and_Data\Kaggle-AI-Agents\PTCG_AI_Battle_Challenge\reports\notebook52\section4\section4a_single_pass_battle_results.csv,section4a_single_pass_battle_results.csv,8,27,-100,True,,,,,,,False,0,False
D:\02_AI_and_Data\Kaggle-AI-Agents\PTCG_AI_Battle_Challenge\reports\notebook51\section6\section6f_first_full_battle_policy_history.csv,section6f_first_full_battle_policy_history.csv,8,8,-100,True,,,,,,,False,0,False
D:\02_AI_and_Data\Kaggle-AI-Agents\PTCG_AI_Battle_Challenge\reports\notebook49\section5_api_validation_summary.json,section5_api_validation_summary.json,8,6,-100,True,,name,,,,,False,0,False
D:\02_AI_and_Data\Kaggle-AI-Agents\PTCG_AI_Battle_Challenge\reports\notebook46\real_engine_definition_inventory.json,real_engine_definition_inventory.json,8,4,-100,True,,,,,,,False,0,False
D:\02_AI_and_Data\Kaggle-AI-Agents\PTCG_AI_Battle_Challenge\reports\notebook52\section3\section3b_tournament_scenario_validation.csv,section3b_tournament_scenario_validation.csv,8,22,-100,True,,,,,,,False,0,False
D:\02_AI_and_Data\Kaggle-AI-Agents\PTCG_AI_Battle_Challenge\reports\notebook52\section3\section3a_tournament_scenario_catalog.csv,section3a_tournament_scenario_catalog.csv,8,18,-100,True,,,,,,,False,0,False
D:\02_AI_and_Data\Kaggle-AI-Agents\PTCG_AI_Battle_Challenge\reports\notebook54\section4\section4va_validation_checks.csv,section4va_validation_checks.csv,8,4,-100,True,,,,,,,False,0,False
D:\02_AI_and_Data\Kaggle-AI-Agents\PTCG_AI_Battle_Challenge\reports\notebook53\section2\section2b_root_cause_factor_strength.csv,section2b_root_cause_factor_strength.csv,8,6,-100,True,,,,,,,False,0,False
D:\02_AI_and_Data\Kaggle-AI-Agents\PTCG_AI_Battle_Challenge\reports\notebook54\section4\section4u_preflight_validation_checks.csv,section4u_preflight_validation_checks.csv,8,4,-100,True,,,,,,,False,0,False
D:\02_AI_and_Data\Kaggle-AI-Agents\PTCG_AI_Battle_Challenge\reports\notebook54\section4\section4s_validation_checks.csv,section4s_validation_checks.csv,8,4,-100,True,,,,,,,False,0,False
D:\02_AI_and_Data\Kaggle-AI-Agents\PTCG_AI_Battle_Challenge\reports\notebook54\section4\section4uc_validation_checks.csv,section4uc_validation_checks.csv,8,4,-100,True,,,,,,,False,0,False
D:\02_AI_and_Data\Kaggle-AI-Agents\PTCG_AI_Battle_Challenge\reports\notebook54\section4\section4m_destination_page_profile.csv,section4m_destination_page_profile.csv,8,9,-100,True,,,,,,,False,0,False
D:\02_AI_and_Data\Kaggle-AI-Agents\PTCG_AI_Battle_Challenge\reports\notebook46\competitive_schema.json,competitive_schema.json,8,5,-100,True,,,,,,,False,0,False
D:\02_AI_and_Data\Kaggle-AI-Agents\PTCG_AI_Battle_Challenge\reports\notebook52\section7\section7a_optimization_targets.csv,section7a_optimization_targets.csv,8,2,-100,True,,,,,,,False,0,False
D:\02_AI_and_Data\Kaggle-AI-Agents\PTCG_AI_Battle_Challenge\reports\notebook54\section4\section4t_validation_checks.csv,section4t_validation_checks.csv,8,4,-100,True,,,,,,,False,0,False
D:\02_AI_and_Data\Kaggle-AI-Agents\PTCG_AI_Battle_Challenge\reports\notebook54\section4\section4m_destination_assignment_profile.csv,section4m_destination_assignment_profile.csv,8,6,-100,True,,,,,,,False,0,False
D:\02_AI_and_Data\Kaggle-AI-Agents\PTCG_AI_Battle_Challenge\reports\notebook54\section2\section2a_overall_opportunity_profile.csv,section2a_overall_opportunity_profile.csv,8,2,-100,True,,,,,,,False,0,False
D:\02_AI_and_Data\Kaggle-AI-Agents\PTCG_AI_Battle_Challenge\reports\notebook39\dataset_statistics.csv,dataset_statistics.csv,8,2,-100,True,,,,,,,False,0,False
D:\02_AI_and_Data\Kaggle-AI-Agents\PTCG_AI_Battle_Challenge\reports\notebook36\production_readiness.csv,production_readiness.csv,8,2,-100,True,,,,,,,False,0,False
D:\02_AI_and_Data\Kaggle-AI-Agents\PTCG_AI_Battle_Challenge\reports\notebook39\production_readiness.csv,production_readiness.csv,8,2,-100,True,,,,,,,False,0,False
D:\02_AI_and_Data\Kaggle-AI-Agents\PTCG_AI_Battle_Challenge\reports\notebook54\section4\section4r_availability_by_card_and_side.csv,section4r_availability_by_card_and_side.csv,7,11,-100,True,,,,,,,False,0,False
D:\02_AI_and_Data\Kaggle-AI-Agents\PTCG_AI_Battle_Challenge\reports\notebook54\section4\section4i_card_id_pdf_source_capability.csv,section4i_card_id_pdf_source_capability.csv,7,4,-100,True,,,,,,,False,0,False
D:\02_AI_and_Data\Kaggle-AI-Agents\PTCG_AI_Battle_Challenge\reports\notebook49\section8\final_validation\section8d_handoff_manifest.json,section8d_handoff_manifest.json,7,1,-100,True,,,,,,,False,0,False
D:\02_AI_and_Data\Kaggle-AI-Agents\PTCG_AI_Battle_Challenge\reports\notebook49\section8\section8a_search_binding.json,section8a_search_binding.json,7,1,-100,True,,,,,,,False,0,False
D:\02_AI_and_Data\Kaggle-AI-Agents\PTCG_AI_Battle_Challenge\reports\notebook53\section4\section4a_candidate_dataset_inventory.csv,section4a_candidate_dataset_inventory.csv,7,5,-100,True,,,,,,,False,0,False
D:\02_AI_and_Data\Kaggle-AI-Agents\PTCG_AI_Battle_Challenge\reports\notebook49\section5_entry_point_inventory.csv,section5_entry_point_inventory.csv,7,4,-100,True,,,,,,,False,0,False
D:\02_AI_and_Data\Kaggle-AI-Agents\PTCG_AI_Battle_Challenge\reports\notebook52\section6\section6b_artifact_inventory.csv,section6b_artifact_inventory.csv,7,6,-100,True,,,,,,,False,0,False
D:\02_AI_and_Data\Kaggle-AI-Agents\PTCG_AI_Battle_Challenge\reports\notebook29\state_frequency.csv,state_frequency.csv,7,2,-100,True,,,,,,,False,0,False
D:\02_AI_and_Data\Kaggle-AI-Agents\PTCG_AI_Battle_Challenge\reports\notebook49\section5_module_inventory.csv,section5_module_inventory.csv,7,4,-100,True,,,,,,,False,0,False
D:\02_AI_and_Data\Kaggle-AI-Agents\PTCG_AI_Battle_Challenge\reports\notebook54\section4\section4j_validation_checks.csv,section4j_validation_checks.csv,7,5,-100,True,,,,,,,False,0,False
D:\02_AI_and_Data\Kaggle-AI-Agents\PTCG_AI_Battle_Challenge\reports\notebook54\section1\section1a_directory_status.csv,section1a_directory_status.csv,7,4,-100,True,,,,,,,False,0,False
D:\02_AI_and_Data\Kaggle-AI-Agents\PTCG_AI_Battle_Challenge\reports\notebook54\section3\section3b_benchmark_action_library.csv,section3b_benchmark_action_library.csv,7,6,-100,True,,,,move_name,,,False,0,False
D:\02_AI_and_Data\Kaggle-AI-Agents\PTCG_AI_Battle_Challenge\reports\notebook54\section4\section4h_validation_checks.csv,section4h_validation_checks.csv,7,5,-100,True,,,,,,,False,0,False
D:\02_AI_and_Data\Kaggle-AI-Agents\PTCG_AI_Battle_Challenge\reports\notebook54\section4\section4k_validation_checks.csv,section4k_validation_checks.csv,7,5,-100,True,,,,,,,False,0,False
D:\02_AI_and_Data\Kaggle-AI-Agents\PTCG_AI_Battle_Challenge\reports\notebook54\section4\section4m_validation_checks.csv,section4m_validation_checks.csv,7,5,-100,True,,,,,,,False,0,False
D:\02_AI_and_Data\Kaggle-AI-Agents\PTCG_AI_Battle_Challenge\reports\notebook54\section4\section4d_validation_checks.csv,section4d_validation_checks.csv,7,5,-100,True,,,,,,,False,0,False
D:\02_AI_and_Data\Kaggle-AI-Agents\PTCG_AI_Battle_Challenge\reports\notebook54\section4\section4l_validation_checks.csv,section4l_validation_checks.csv,7,5,-100,True,,,,,,,False,0,False
D:\02_AI_and_Data\Kaggle-AI-Agents\PTCG_AI_Battle_Challenge\reports\notebook52\section6\section6a_confidence_metrics.csv,section6a_confidence_metrics.csv,7,2,-100,True,,,,,,,False,0,False
D:\02_AI_and_Data\Kaggle-AI-Agents\PTCG_AI_Battle_Challenge\models\notebook50\model_metadata.json,model_metadata.json,6,1,-100,True,,,,,,,False,0,False
D:\02_AI_and_Data\Kaggle-AI-Agents\PTCG_AI_Battle_Challenge\models\notebook53\legality_aware_random_forest_metadata.json,legality_aware_random_forest_metadata.json,6,1,-100,True,,,,,,,False,0,False
D:\02_AI_and_Data\Kaggle-AI-Agents\PTCG_AI_Battle_Challenge\reports\notebook53\section2\section2b_root_cause_by_legal_move_set.csv,section2b_root_cause_by_legal_move_set.csv,6,11,-100,True,,,,,,,False,0,False
D:\02_AI_and_Data\Kaggle-AI-Agents\PTCG_AI_Battle_Challenge\reports\notebook45\exact_integration_definitions.json,exact_integration_definitions.json,6,5,-100,True,,,,,,,False,0,False
D:\02_AI_and_Data\Kaggle-AI-Agents\PTCG_AI_Battle_Challenge\reports\notebook49\section4_targeted_curriculum_summary.json,section4_targeted_curriculum_summary.json,6,22,-100,True,,,,,,,False,0,False
D:\02_AI_and_Data\Kaggle-AI-Agents\PTCG_AI_Battle_Challenge\reports\notebook49\section4b_final_curriculum_summary.json,section4b_final_curriculum_summary.json,6,9,-100,True,,,,,,,False,0,False
D:\02_AI_and_Data\Kaggle-AI-Agents\PTCG_AI_Battle_Challenge\reports\notebook49\section7\section7a_simulator_binding_repair.json,section7a_simulator_binding_repair.json,6,4,-100,True,,,,,,,False,0,False
D:\02_AI_and_Data\Kaggle-AI-Agents\PTCG_AI_Battle_Challenge\reports\notebook49\section4b_final_curriculum_plan.csv,section4b_final_curriculum_plan.csv,6,23,-100,True,,,,,,,False,0,False
D:\02_AI_and_Data\Kaggle-AI-Agents\PTCG_AI_Battle_Challenge\reports\notebook49\section4_targeted_curriculum_plan.csv,section4_targeted_curriculum_plan.csv,6,22,-100,True,,,,,,,False,0,False
D:\02_AI_and_Data\Kaggle-AI-Agents\PTCG_AI_Battle_Challenge\reports\notebook53\section2\section2b_root_cause_summary.json,section2b_root_cause_summary.json,6,17,-100,True,,,,,,,False,0,False
D:\02_AI_and_Data\Kaggle-AI-Agents\PTCG_AI_Battle_Challenge\reports\notebook48\competitive_policy_side_bias.csv,competitive_policy_side_bias.csv,6,10,-100,True,,,,,,,False,0,False
D:\02_AI_and_Data\Kaggle-AI-Agents\PTCG_AI_Battle_Challenge\reports\notebook53\section2\section2a_selected_action_profile.csv,section2a_selected_action_profile.csv,6,8,-100,True,,,,,,,False,0,False
D:\02_AI_and_Data\Kaggle-AI-Agents\PTCG_AI_Battle_Challenge\reports\notebook54\section4\section4uc_constructor_parameters.csv,section4uc_constructor_parameters.csv,6,6,-100,True,,,,,,,False,0,False
D:\02_AI_and_Data\Kaggle-AI-Agents\PTCG_AI_Battle_Challenge\reports\notebook50\section2\dataset_splits\section2b_target_profile.csv,section2b_target_profile.csv,6,9,-100,True,,,,,,,False,0,False
D:\02_AI_and_Data\Kaggle-AI-Agents\PTCG_AI_Battle_Challenge\reports\notebook53\section4\section4b_legality_aware_target_distribution.csv,section4b_legality_aware_target_distribution.csv,6,7,-100,True,,,,,,,False,0,False
D:\02_AI_and_Data\Kaggle-AI-Agents\PTCG_AI_Battle_Challenge\reports\notebook54\section4\section4r_availability_by_condition.csv,section4r_availability_by_condition.csv,6,9,-100,True,,,,,,,False,0,False
D:\02_AI_and_Data\Kaggle-AI-Agents\PTCG_AI_Battle_Challenge\reports\notebook49\section3_priority_loss_groups.csv,section3_priority_loss_groups.csv,6,6,-100,True,,,,,,,False,0,False
D:\02_AI_and_Data\Kaggle-AI-Agents\PTCG_AI_Battle_Challenge\reports\notebook49\section6_hard_example_summary.csv,section6_hard_example_summary.csv,6,6,-100,True,,,,,,,False,0,False
D:\02_AI_and_Data\Kaggle-AI-Agents\PTCG_AI_Battle_Challenge\reports\notebook49\section6_reproducibility_fields.csv,section6_reproducibility_fields.csv,6,6,-100,True,,,,,,,False,0,False
D:\02_AI_and_Data\Kaggle-AI-Agents\PTCG_AI_Battle_Challenge\reports\notebook50\section2\dataset_splits\section2a_split_side_profile.csv,section2a_split_side_profile.csv,6,6,-100,True,,,,,,,False,0,False
D:\02_AI_and_Data\Kaggle-AI-Agents\PTCG_AI_Battle_Challenge\reports\notebook31\opponent_library.csv,opponent_library.csv,6,9,-100,True,,name,,,,description,False,0,False
D:\02_AI_and_Data\Kaggle-AI-Agents\PTCG_AI_Battle_Challenge\reports\notebook31\opponent_behavior_comparison.csv,opponent_behavior_comparison.csv,6,5,-100,True,,,,,,,False,0,False
D:\02_AI_and_Data\Kaggle-AI-Agents\PTCG_AI_Battle_Challenge\reports\notebook38\replay_adapter_integration.csv,replay_adapter_integration.csv,6,4,-100,True,,,,,,,False,0,False
D:\02_AI_and_Data\Kaggle-AI-Agents\PTCG_AI_Battle_Challenge\reports\notebook53\section2\section2a_prediction_transition_matrix.csv,section2a_prediction_transition_matrix.csv,6,6,-100,True,,,,,,,False,0,False
D:\02_AI_and_Data\Kaggle-AI-Agents\PTCG_AI_Battle_Challenge\reports\notebook52\section6\section6a_action_distribution.csv,section6a_action_distribution.csv,6,4,-100,True,,,,,,,False,0,False
D:\02_AI_and_Data\Kaggle-AI-Agents\PTCG_AI_Battle_Challenge\reports\notebook36\training_pipeline_architecture.csv,training_pipeline_architecture.csv,6,4,-100,True,,,,,,,False,0,False
D:\02_AI_and_Data\Kaggle-AI-Agents\PTCG_AI_Battle_Challenge\reports\notebook49\section3_side_by_baseline_performance.csv,section3_side_by_baseline_performance.csv,6,8,-100,True,,,,,,,False,0,False
D:\02_AI_and_Data\Kaggle-AI-Agents\PTCG_AI_Battle_Challenge\reports\notebook53\section3\section3a_legal_action_availability.csv,section3a_legal_action_availability.csv,6,6,-100,True,,,,,,,False,0,False
D:\02_AI_and_Data\Kaggle-AI-Agents\PTCG_AI_Battle_Challenge\reports\notebook54\section4\section4c_validation_checks.csv,section4c_validation_checks.csv,6,4,-100,True,,,,,,,False,0,False
D:\02_AI_and_Data\Kaggle-AI-Agents\PTCG_AI_Battle_Challenge\reports\notebook54\section4\section4va_legal_action_support_objects.csv,section4va_legal_action_support_objects.csv,6,5,-100,True,,,,,,,False,0,False
D:\02_AI_and_Data\Kaggle-AI-Agents\PTCG_AI_Battle_Challenge\reports\notebook53\section6\section6a_test_confusion_matrix.csv,section6a_test_confusion_matrix.csv,6,7,-100,True,,,,,,,False,0,False
D:\02_AI_and_Data\Kaggle-AI-Agents\PTCG_AI_Battle_Challenge\reports\notebook53\section6\section6a_validation_confusion_matrix.csv,section6a_validation_confusion_matrix.csv,6,7,-100,True,,,,,,,False,0,False
D:\02_AI_and_Data\Kaggle-AI-Agents\PTCG_AI_Battle_Challenge\reports\notebook53\section6\section6a_action_count_performance.csv,section6a_action_count_performance.csv,6,6,-100,True,,,,,,,False,0,False
D:\02_AI_and_Data\Kaggle-AI-Agents\PTCG_AI_Battle_Challenge\reports\notebook53\section4\section4b_legality_aware_signature_summary.csv,section4b_legality_aware_signature_summary.csv,6,6,-100,True,,,,,,,False,0,False
D:\02_AI_and_Data\Kaggle-AI-Agents\PTCG_AI_Battle_Challenge\reports\notebook50\section6\section6a_model_comparison.csv,section6a_model_comparison.csv,6,5,-100,True,,,,,,,False,0,False
D:\02_AI_and_Data\Kaggle-AI-Agents\PTCG_AI_Battle_Challenge\reports\notebook50\section5\policy_evaluation\section5b_model_comparison.csv,section5b_model_comparison.csv,6,5,-100,True,,,,,,,False,0,False
D:\02_AI_and_Data\Kaggle-AI-Agents\PTCG_AI_Battle_Challenge\reports\notebook53\section3\section3b_legal_signature_summary.csv,section3b_legal_signature_summary.csv,6,6,-100,True,,,,,,,False,0,False
D:\02_AI_and_Data\Kaggle-AI-Agents\PTCG_AI_Battle_Challenge\reports\notebook31\training_strategy.json,training_strategy.json,6,3,-100,True,,name,,,,description,False,0,False
D:\02_AI_and_Data\Kaggle-AI-Agents\PTCG_AI_Battle_Challenge\reports\notebook54\section4\section4u_runner_methods.csv,section4u_runner_methods.csv,6,4,-100,True,,,,,,,False,0,False
D:\02_AI_and_Data\Kaggle-AI-Agents\PTCG_AI_Battle_Challenge\reports\notebook53\section3\section3b_target_distribution.csv,section3b_target_distribution.csv,6,3,-100,True,,,,,,,False,0,False
D:\02_AI_and_Data\Kaggle-AI-Agents\PTCG_AI_Battle_Challenge\reports\notebook52\section5\analysis\section5c_action_analysis.csv,section5c_action_analysis.csv,6,3,-100,True,,,,,,,False,0,False
D:\02_AI_and_Data\Kaggle-AI-Agents\PTCG_AI_Battle_Challenge\reports\notebook31\training_allocation_2000.csv,training_allocation_2000.csv,6,3,-100,True,,,,,,,False,0,False
D:\02_AI_and_Data\Kaggle-AI-Agents\PTCG_AI_Battle_Challenge\reports\notebook54\section4\section4r_decision_state_summary.csv,section4r_decision_state_summary.csv,6,2,-100,True,,,,,,,False,0,False
D:\02_AI_and_Data\Kaggle-AI-Agents\PTCG_AI_Battle_Challenge\reports\notebook53\section4\section4a_leakage_protection_profile.csv,section4a_leakage_protection_profile.csv,6,2,-100,True,,,,,,,False,0,False
D:\02_AI_and_Data\Kaggle-AI-Agents\PTCG_AI_Battle_Challenge\reports\notebook53\section6\section6e_notebook52_vs_notebook53_outcomes.csv,section6e_notebook52_vs_notebook53_outcomes.csv,6,3,-100,True,,,,,,,False,0,False
D:\02_AI_and_Data\Kaggle-AI-Agents\PTCG_AI_Battle_Challenge\reports\notebook34\policy_quality_summary.csv,policy_quality_summary.csv,6,2,-100,True,,,,,,,False,0,False
D:\02_AI_and_Data\Kaggle-AI-Agents\PTCG_AI_Battle_Challenge\reports\notebook32\notebook32_opponent_distribution.csv,notebook32_opponent_distribution.csv,6,2,-100,True,,,,,,,False,0,False
D:\02_AI_and_Data\Kaggle-AI-Agents\PTCG_AI_Battle_Challenge\reports\notebook50\section6\section6a_policy_class_lookup.csv,section6a_policy_class_lookup.csv,6,2,-100,True,,,,,,,False,0,False
D:\02_AI_and_Data\Kaggle-AI-Agents\PTCG_AI_Battle_Challenge\reports\notebook53\section2\section2b_active_card_prediction_profile.csv,section2b_active_card_prediction_profile.csv,5,11,-100,True,,,,,,,False,0,False
D:\02_AI_and_Data\Kaggle-AI-Agents\PTCG_AI_Battle_Challenge\reports\notebook53\section2\section2b_active_card_prediction_bias_matrix.csv,section2b_active_card_prediction_bias_matrix.csv,5,4,-100,True,,,,,,,False,0,False
D:\02_AI_and_Data\Kaggle-AI-Agents\PTCG_AI_Battle_Challenge\reports\notebook54\section3\section3a_structural_intervention_summary.csv,section3a_structural_intervention_summary.csv,5,7,-100,True,,,,,,,False,0,False
D:\02_AI_and_Data\Kaggle-AI-Agents\PTCG_AI_Battle_Challenge\reports\notebook54\section1\section1b_notebook54_optimization_targets.csv,section1b_notebook54_optimization_targets.csv,5,4,-100,True,,,,,,,False,0,False
D:\02_AI_and_Data\Kaggle-AI-Agents\PTCG_AI_Battle_Challenge\reports\notebook53\section7\section7a_notebook54_optimization_targets.csv,section7a_notebook54_optimization_targets.csv,5,4,-100,True,,,,,,,False,0,False
D:\02_AI_and_Data\Kaggle-AI-Agents\PTCG_AI_Battle_Challenge\reports\notebook54\section3\section3b_simulator_source_inventory.csv,section3b_simulator_source_inventory.csv,5,6,-100,True,,,,,,,False,0,False
D:\02_AI_and_Data\Kaggle-AI-Agents\PTCG_AI_Battle_Challenge\reports\notebook52\section4\analysis\section4b_diagnostics.csv,section4b_diagnostics.csv,5,3,-100,True,,,,,,,False,0,False
D:\02_AI_and_Data\Kaggle-AI-Agents\PTCG_AI_Battle_Challenge\reports\notebook52\section4\analysis\section4b_action_summary.csv,section4b_action_summary.csv,5,8,-100,True,,,,,,,False,0,False
D:\02_AI_and_Data\Kaggle-AI-Agents\PTCG_AI_Battle_Challenge\reports\notebook54\section3\section3b_supported_action_design.csv,section3b_supported_action_design.csv,5,4,-100,True,,,,,,,False,0,False
D:\02_AI_and_Data\Kaggle-AI-Agents\PTCG_AI_Battle_Challenge\reports\notebook54\section4\section4g_validation_checks.csv,section4g_validation_checks.csv,5,4,-100,True,,,,,,,False,0,False
D:\02_AI_and_Data\Kaggle-AI-Agents\PTCG_AI_Battle_Challenge\reports\notebook54\section4\section4b_runtime_symbols.csv,section4b_runtime_symbols.csv,5,5,-100,True,,,,,,,False,0,False
D:\02_AI_and_Data\Kaggle-AI-Agents\PTCG_AI_Battle_Challenge\reports\notebook54\section4\section4va_simulation_parameters.csv,section4va_simulation_parameters.csv,5,5,-100,True,,,,,,,False,0,False
D:\02_AI_and_Data\Kaggle-AI-Agents\PTCG_AI_Battle_Challenge\reports\notebook29\opponent_allocation_plan.csv,opponent_allocation_plan.csv,5,3,-100,True,,,,,,,False,0,False
D:\02_AI_and_Data\Kaggle-AI-Agents\PTCG_AI_Battle_Challenge\reports\notebook54\section4\section4o_validation_checks.csv,section4o_validation_checks.csv,5,4,-100,True,,,,,,,False,0,False
D:\02_AI_and_Data\Kaggle-AI-Agents\PTCG_AI_Battle_Challenge\reports\notebook13_tournament_series.csv,notebook13_tournament_series.csv,5,5,-100,True,,,,,,,False,0,False
D:\02_AI_and_Data\Kaggle-AI-Agents\PTCG_AI_Battle_Challenge\reports\notebook52\section6\section6a_masking_fallback_metrics.csv,section6a_masking_fallback_metrics.csv,5,2,-100,True,,,,,,,False,0,False
D:\02_AI_and_Data\Kaggle-AI-Agents\PTCG_AI_Battle_Challenge\reports\notebook54\section4\section4i_official_card_row_extraction_summary.json,section4i_official_card_row_extraction_summary.json,4,1,-100,True,,,,,,,False,0,False
D:\02_AI_and_Data\Kaggle-AI-Agents\PTCG_AI_Battle_Challenge\reports\notebook54\section4\section4a_candidate_move_validation_summary.json,section4a_candidate_move_validation_summary.json,4,20,-100,True,,,,,,,False,0,False
D:\02_AI_and_Data\Kaggle-AI-Agents\PTCG_AI_Battle_Challenge\reports\notebook54\section4\section4p_card_visual_summary.json,section4p_card_visual_summary.json,4,1,-100,True,,,,,,,False,0,False
D:\02_AI_and_Data\Kaggle-AI-Agents\PTCG_AI_Battle_Challenge\reports\notebook54\section4\section4n_official_card_image_extraction_summary.json,section4n_official_card_image_extraction_summary.json,4,1,-100,True,,,,,,,False,0,False
D:\02_AI_and_Data\Kaggle-AI-Agents\PTCG_AI_Battle_Challenge\reports\notebook54\section4\section4e_reference_archive_inventory.csv,section4e_reference_archive_inventory.csv,4,7,-100,True,,,,,,,False,0,False
D:\02_AI_and_Data\Kaggle-AI-Agents\PTCG_AI_Battle_Challenge\reports\notebook54\section4\section4o_official_card_image_visual_inventory_summary.json,section4o_official_card_image_visual_inventory_summary.json,4,14,-100,True,,,,,,,False,0,False
D:\02_AI_and_Data\Kaggle-AI-Agents\PTCG_AI_Battle_Challenge\reports\notebook53\section6\section6b_comparison_by_active_card.csv,section6b_comparison_by_active_card.csv,4,13,-100,True,,,,,,,False,0,False
D:\02_AI_and_Data\Kaggle-AI-Agents\PTCG_AI_Battle_Challenge\reports\notebook53\section2\section2b_active_card_action_availability.csv,section2b_active_card_action_availability.csv,4,8,-100,True,,,,,,,False,0,False
D:\02_AI_and_Data\Kaggle-AI-Agents\PTCG_AI_Battle_Challenge\reports\notebook53\section2\section2b_root_cause_by_active_card.csv,section2b_root_cause_by_active_card.csv,4,10,-100,True,,,,,,,False,0,False
D:\02_AI_and_Data\Kaggle-AI-Agents\PTCG_AI_Battle_Challenge\reports\notebook49\section7\section7b_card_resolution.csv,section7b_card_resolution.csv,4,8,-100,True,,,,,,,False,0,False
D:\02_AI_and_Data\Kaggle-AI-Agents\PTCG_AI_Battle_Challenge\reports\notebook54\section2\section2b_root_cause_by_player_card.csv,section2b_root_cause_by_player_card.csv,4,10,-100,True,,,,,,,False,0,False
D:\02_AI_and_Data\Kaggle-AI-Agents\PTCG_AI_Battle_Challenge\reports\notebook54\section3\section3a_player_legal_move_profile.csv,section3a_player_legal_move_profile.csv,4,10,-100,True,,,,,,,False,0,False
D:\02_AI_and_Data\Kaggle-AI-Agents\PTCG_AI_Battle_Challenge\reports\notebook53\section2\section2a_masking_by_player_card.csv,section2a_masking_by_player_card.csv,4,7,-100,True,,,,,,,False,0,False
D:\02_AI_and_Data\Kaggle-AI-Agents\PTCG_AI_Battle_Challenge\reports\notebook54\section3\section3a_player_availability_by_card.csv,section3a_player_availability_by_card.csv,4,11,-100,True,,,,,,,False,0,False
D:\02_AI_and_Data\Kaggle-AI-Agents\PTCG_AI_Battle_Challenge\reports\notebook52\section6\section6a_card_leaderboard.csv,section6a_card_leaderboard.csv,4,6,-100,True,,,,,,,False,0,False
D:\02_AI_and_Data\Kaggle-AI-Agents\PTCG_AI_Battle_Challenge\reports\notebook52\section5\analysis\section5c_card_analysis.csv,section5c_card_analysis.csv,4,6,-100,True,,,,,,,False,0,False
D:\02_AI_and_Data\Kaggle-AI-Agents\PTCG_AI_Battle_Challenge\reports\notebook53\section4\section4b_legality_aware_active_card_summary.csv,section4b_legality_aware_active_card_summary.csv,4,6,-100,True,,,,,,,False,0,False
D:\02_AI_and_Data\Kaggle-AI-Agents\PTCG_AI_Battle_Challenge\reports\notebook53\section3\section3b_active_card_action_map.csv,section3b_active_card_action_map.csv,4,3,-100,True,,,,,,,False,0,False
D:\02_AI_and_Data\Kaggle-AI-Agents\PTCG_AI_Battle_Challenge\reports\notebook54\section3\section3b_recognized_move_keys.csv,section3b_recognized_move_keys.csv,4,2,-100,True,,,,,,,False,0,False
D:\02_AI_and_Data\Kaggle-AI-Agents\PTCG_AI_Battle_Challenge\reports\notebook49\section7\section7a_state_runtime_contract.json,section7a_state_runtime_contract.json,4,1,-100,True,,,,,,,False,0,False
D:\02_AI_and_Data\Kaggle-AI-Agents\PTCG_AI_Battle_Challenge\reports\notebook48\final_competitive_strength_report.json,final_competitive_strength_report.json,4,4,-100,True,,,,,,,False,0,False
D:\02_AI_and_Data\Kaggle-AI-Agents\PTCG_AI_Battle_Challenge\reports\notebook48\competitive_policy_elo_summary.json,competitive_policy_elo_summary.json,4,4,-100,True,,,,,,,False,0,False
D:\02_AI_and_Data\Kaggle-AI-Agents\PTCG_AI_Battle_Challenge\reports\notebook54\section4\section4ud_frozen_artifact_integrity.csv,section4ud_frozen_artifact_integrity.csv,4,7,-100,True,,,,,,,False,0,False
D:\02_AI_and_Data\Kaggle-AI-Agents\PTCG_AI_Battle_Challenge\reports\notebook53\section4\section4a_dataset_profiles.csv,section4a_dataset_profiles.csv,4,15,-100,True,,,,,,,False,0,False
D:\02_AI_and_Data\Kaggle-AI-Agents\PTCG_AI_Battle_Challenge\reports\notebook49\section8\policy_dataset\section8c_summary.json,section8c_summary.json,4,18,-100,True,,,,,,,False,0,False
D:\02_AI_and_Data\Kaggle-AI-Agents\PTCG_AI_Battle_Challenge\reports\notebook54\section4\section4h_targeted_pdf_lookup_summary.json,section4h_targeted_pdf_lookup_summary.json,4,1,-100,True,,,,,,,False,0,False
D:\02_AI_and_Data\Kaggle-AI-Agents\PTCG_AI_Battle_Challenge\reports\notebook54\section4\section4m_pdf_destination_resolution_summary.json,section4m_pdf_destination_resolution_summary.json,4,1,-100,True,,,,,,,False,0,False
D:\02_AI_and_Data\Kaggle-AI-Agents\PTCG_AI_Battle_Challenge\reports\notebook54\section4\section4q_verified_action_catalog_summary.json,section4q_verified_action_catalog_summary.json,4,1,-100,True,,,,,,,False,0,False
D:\02_AI_and_Data\Kaggle-AI-Agents\PTCG_AI_Battle_Challenge\reports\notebook54\section4\section4b_candidate_transition_summary.json,section4b_candidate_transition_summary.json,4,17,-100,True,,,,,,,False,0,False
D:\02_AI_and_Data\Kaggle-AI-Agents\PTCG_AI_Battle_Challenge\reports\notebook52\section4\analysis\section4b_matchup_summary.csv,section4b_matchup_summary.csv,4,14,-100,True,,,,,,,False,0,False
D:\02_AI_and_Data\Kaggle-AI-Agents\PTCG_AI_Battle_Challenge\reports\notebook54\section4\section4e_validation_checks.csv,section4e_validation_checks.csv,4,4,-100,True,,,,,,,False,0,False
D:\02_AI_and_Data\Kaggle-AI-Agents\PTCG_AI_Battle_Challenge\reports\notebook54\section4\section4f_validation_checks.csv,section4f_validation_checks.csv,4,4,-100,True,,,,,,,False,0,False
D:\02_AI_and_Data\Kaggle-AI-Agents\PTCG_AI_Battle_Challenge\reports\notebook54\section2\section2b_root_cause_category_summary.csv,section2b_root_cause_category_summary.csv,4,9,-100,True,,,,,,,False,0,False
D:\02_AI_and_Data\Kaggle-AI-Agents\PTCG_AI_Battle_Challenge\reports\notebook49\section8\policy_dataset\section8c_side_summary.csv,section8c_side_summary.csv,4,7,-100,True,,,,,,,False,0,False
D:\02_AI_and_Data\Kaggle-AI-Agents\PTCG_AI_Battle_Challenge\reports\notebook35\production_interface.json,production_interface.json,4,1,-100,True,,,,,,,False,0,False
D:\02_AI_and_Data\Kaggle-AI-Agents\PTCG_AI_Battle_Challenge\reports\notebook54\section4\section4ud_adapter_configuration.csv,section4ud_adapter_configuration.csv,4,4,-100,True,,,,,,,False,0,False
D:\02_AI_and_Data\Kaggle-AI-Agents\PTCG_AI_Battle_Challenge\reports\notebook15_summary.json,notebook15_summary.json,4,7,-100,True,,,,,,,False,0,False
D:\02_AI_and_Data\Kaggle-AI-Agents\PTCG_AI_Battle_Challenge\reports\notebook53\section6\section6b_overall_comparison.csv,section6b_overall_comparison.csv,4,4,-100,True,,,,,,,False,0,False
D:\02_AI_and_Data\Kaggle-AI-Agents\PTCG_AI_Battle_Challenge\reports\notebook54\section2\section2b_confidence_vs_outcome.csv,section2b_confidence_vs_outcome.csv,4,6,-100,True,,,,,,,False,0,False
D:\02_AI_and_Data\Kaggle-AI-Agents\PTCG_AI_Battle_Challenge\reports\notebook54\section4\section4ud_runner_instance_attributes.csv,section4ud_runner_instance_attributes.csv,4,3,-100,True,,,,,,,False,0,False
D:\02_AI_and_Data\Kaggle-AI-Agents\PTCG_AI_Battle_Challenge\reports\notebook30\policy_registry.csv,policy_registry.csv,4,3,-100,True,,,,,,,False,0,False
D:\02_AI_and_Data\Kaggle-AI-Agents\PTCG_AI_Battle_Challenge\reports\notebook34\policy_label_mapping.json,policy_label_mapping.json,4,2,-100,True,,,,,,,False,0,False
D:\02_AI_and_Data\Kaggle-AI-Agents\PTCG_AI_Battle_Challenge\reports\notebook53\section3\section3b_feature_family_summary.csv,section3b_feature_family_summary.csv,4,2,-100,True,,,,,,,False,0,False
D:\02_AI_and_Data\Kaggle-AI-Agents\PTCG_AI_Battle_Challenge\reports\notebook53\section2\section2b_root_cause_by_battle_phase.csv,section2b_root_cause_by_battle_phase.csv,3,10,-100,True,,,,,,,False,0,False
D:\02_AI_and_Data\Kaggle-AI-Agents\PTCG_AI_Battle_Challenge\reports\notebook49\section6_legal_move_methods.csv,section6_legal_move_methods.csv,3,4,-100,True,,,,,,,False,0,False
D:\02_AI_and_Data\Kaggle-AI-Agents\PTCG_AI_Battle_Challenge\reports\notebook12_battle_history.csv,notebook12_battle_history.csv,3,11,-100,True,,pokemon_name,,move_name,damage,,True,0,False
D:\02_AI_and_Data\Kaggle-AI-Agents\PTCG_AI_Battle_Challenge\reports\notebook38\rl_transition_validation_fixture.parquet,rl_transition_validation_fixture.parquet,3,16,-100,True,,,,,,,False,0,False
D:\02_AI_and_Data\Kaggle-AI-Agents\PTCG_AI_Battle_Challenge\reports\notebook39\training_dataset.parquet,training_dataset.parquet,3,16,-100,True,,,,,,,False,0,False
D:\02_AI_and_Data\Kaggle-AI-Agents\PTCG_AI_Battle_Challenge\reports\notebook48\competitive_policy_baseline_tournament_summary.json,competitive_policy_baseline_tournament_summary.json,3,13,-100,True,,,,,,,False,0,False
D:\02_AI_and_Data\Kaggle-AI-Agents\PTCG_AI_Battle_Challenge\reports\notebook48\tournament_match_adapter_summary.json,tournament_match_adapter_summary.json,3,6,-100,True,,,,,,,False,0,False
D:\02_AI_and_Data\Kaggle-AI-Agents\PTCG_AI_Battle_Challenge\notebooks\test.parquet,test.parquet,3,1,-100,True,,,,,,,False,0,False
D:\02_AI_and_Data\Kaggle-AI-Agents\PTCG_AI_Battle_Challenge\reports\notebook38\rl_transition_validation_fixture.csv,rl_transition_validation_fixture.csv,3,16,-100,True,,,,,,,False,0,False
D:\02_AI_and_Data\Kaggle-AI-Agents\PTCG_AI_Battle_Challenge\reports\notebook39\training_dataset.csv,training_dataset.csv,3,16,-100,True,,,,,,,False,0,False
D:\02_AI_and_Data\Kaggle-AI-Agents\PTCG_AI_Battle_Challenge\reports\notebook52\section5\section5b_condition_summary.csv,section5b_condition_summary.csv,3,18,-100,True,,,,,,,False,0,False
D:\02_AI_and_Data\Kaggle-AI-Agents\PTCG_AI_Battle_Challenge\reports\notebook53\section6\section6b_comparison_by_condition.csv,section6b_comparison_by_condition.csv,3,11,-100,True,,,,,,,False,0,False
D:\02_AI_and_Data\Kaggle-AI-Agents\PTCG_AI_Battle_Challenge\reports\notebook53\section2\section2b_root_cause_by_confidence_band.csv,section2b_root_cause_by_confidence_band.csv,3,10,-100,True,,,,,,,False,0,False
D:\02_AI_and_Data\Kaggle-AI-Agents\PTCG_AI_Battle_Challenge\reports\notebook50\section2\dataset_splits\section2b_side_balance_profile.csv,section2b_side_balance_profile.csv,3,9,-100,True,,,,,,,False,0,False
D:\02_AI_and_Data\Kaggle-AI-Agents\PTCG_AI_Battle_Challenge\reports\notebook53\section2\section2b_root_cause_by_condition.csv,section2b_root_cause_by_condition.csv,3,10,-100,True,,,,,,,False,0,False
D:\02_AI_and_Data\Kaggle-AI-Agents\PTCG_AI_Battle_Challenge\reports\notebook53\section2\section2b_root_cause_by_energy_band.csv,section2b_root_cause_by_energy_band.csv,3,10,-100,True,,,,,,,False,0,False
D:\02_AI_and_Data\Kaggle-AI-Agents\PTCG_AI_Battle_Challenge\reports\notebook53\section2\section2a_decision_category_summary.csv,section2a_decision_category_summary.csv,3,9,-100,True,,,,,,,False,0,False
D:\02_AI_and_Data\Kaggle-AI-Agents\PTCG_AI_Battle_Challenge\reports\notebook52\section6\section6a_condition_leaderboard.csv,section6a_condition_leaderboard.csv,3,11,-100,True,,,,,,,False,0,False
D:\02_AI_and_Data\Kaggle-AI-Agents\PTCG_AI_Battle_Challenge\reports\notebook52\section5\analysis\section5c_condition_analysis.csv,section5c_condition_analysis.csv,3,11,-100,True,,,,,,,False,0,False
D:\02_AI_and_Data\Kaggle-AI-Agents\PTCG_AI_Battle_Challenge\reports\notebook52\section5\section5a_condition_summary.csv,section5a_condition_summary.csv,3,10,-100,True,,,,,,,False,0,False
D:\02_AI_and_Data\Kaggle-AI-Agents\PTCG_AI_Battle_Challenge\reports\notebook50\section2\dataset_splits\section2a_split_profile.csv,section2a_split_profile.csv,3,7,-100,True,,,,,,,False,0,False
D:\02_AI_and_Data\Kaggle-AI-Agents\PTCG_AI_Battle_Challenge\reports\notebook53\section6\section6a_split_metrics.csv,section6a_split_metrics.csv,3,10,-100,True,,,,,,,False,0,False
D:\02_AI_and_Data\Kaggle-AI-Agents\PTCG_AI_Battle_Challenge\reports\notebook39\dataset_integrity_audit.csv,dataset_integrity_audit.csv,3,8,-100,True,,,,,,,False,0,False
D:\02_AI_and_Data\Kaggle-AI-Agents\PTCG_AI_Battle_Challenge\reports\notebook54\section2\section2b_root_cause_by_condition.csv,section2b_root_cause_by_condition.csv,3,11,-100,True,,,,,,,False,0,False
D:\02_AI_and_Data\Kaggle-AI-Agents\PTCG_AI_Battle_Challenge\reports\notebook53\section2\section2a_masking_by_condition.csv,section2a_masking_by_condition.csv,3,8,-100,True,,,,,,,False,0,False
D:\02_AI_and_Data\Kaggle-AI-Agents\PTCG_AI_Battle_Challenge\reports\notebook53\section6\section6e_tournament_replay_condition_summary.csv,section6e_tournament_replay_condition_summary.csv,3,12,-100,True,,,,,,,False,0,False
D:\02_AI_and_Data\Kaggle-AI-Agents\PTCG_AI_Battle_Challenge\reports\notebook53\section5\section5a_group_safe_split_summary.csv,section5a_group_safe_split_summary.csv,3,8,-100,True,,,,,,,False,0,False
D:\02_AI_and_Data\Kaggle-AI-Agents\PTCG_AI_Battle_Challenge\reports\notebook54\section4\section4s_energy_source_join_keys.csv,section4s_energy_source_join_keys.csv,3,4,-100,True,,,,,,,False,0,False
D:\02_AI_and_Data\Kaggle-AI-Agents\PTCG_AI_Battle_Challenge\reports\notebook50\section3\feature_engineering\section3a_action_target_profile.csv,section3a_action_target_profile.csv,3,6,-100,True,,,,,,,False,0,False
D:\02_AI_and_Data\Kaggle-AI-Agents\PTCG_AI_Battle_Challenge\reports\notebook49\section3_baseline_performance.csv,section3_baseline_performance.csv,3,9,-100,True,,,,,,,False,0,False
D:\02_AI_and_Data\Kaggle-AI-Agents\PTCG_AI_Battle_Challenge\reports\notebook54\section3\section3a_player_availability_by_condition.csv,section3a_player_availability_by_condition.csv,3,10,-100,True,,,,,,,False,0,False
D:\02_AI_and_Data\Kaggle-AI-Agents\PTCG_AI_Battle_Challenge\reports\notebook50\section2\dataset_splits\section2b_split_integrity_profile.csv,section2b_split_integrity_profile.csv,3,9,-100,True,,,,,,,False,0,False
D:\02_AI_and_Data\Kaggle-AI-Agents\PTCG_AI_Battle_Challenge\reports\notebook53\section5\section5b_matrix_integrity.csv,section5b_matrix_integrity.csv,3,8,-100,True,,,,,,,False,0,False
D:\02_AI_and_Data\Kaggle-AI-Agents\PTCG_AI_Battle_Challenge\reports\notebook38\rl_transition_quality_audit.csv,rl_transition_quality_audit.csv,3,7,-100,True,,,,,,,False,0,False
D:\02_AI_and_Data\Kaggle-AI-Agents\PTCG_AI_Battle_Challenge\reports\notebook29\match_count_experiment_plan.csv,match_count_experiment_plan.csv,3,3,-100,True,,,,,,,False,0,False
D:\02_AI_and_Data\Kaggle-AI-Agents\PTCG_AI_Battle_Challenge\reports\notebook50\section4\policy_training\section4c_leakage_check.csv,section4c_leakage_check.csv,3,5,-100,True,,,,,,,False,0,False
D:\02_AI_and_Data\Kaggle-AI-Agents\PTCG_AI_Battle_Challenge\reports\notebook49\section4_baseline_allocation.csv,section4_baseline_allocation.csv,3,5,-100,True,,,,,,,False,0,False
D:\02_AI_and_Data\Kaggle-AI-Agents\PTCG_AI_Battle_Challenge\reports\notebook49\section4b_final_baseline_allocation.csv,section4b_final_baseline_allocation.csv,3,5,-100,True,,,,,,,False,0,False
D:\02_AI_and_Data\Kaggle-AI-Agents\PTCG_AI_Battle_Challenge\reports\notebook50\section3\feature_engineering\section3b_split_scenario_profile.csv,section3b_split_scenario_profile.csv,3,7,-100,True,,,,,,,False,0,False
D:\02_AI_and_Data\Kaggle-AI-Agents\PTCG_AI_Battle_Challenge\reports\notebook29\benchmark_execution_plan.csv,benchmark_execution_plan.csv,3,3,-100,True,,,,,,,False,0,False
D:\02_AI_and_Data\Kaggle-AI-Agents\PTCG_AI_Battle_Challenge\reports\notebook53\section5\section5a_scenario_overlap_checks.csv,section5a_scenario_overlap_checks.csv,3,3,-100,True,,,,,,,False,0,False
D:\02_AI_and_Data\Kaggle-AI-Agents\PTCG_AI_Battle_Challenge\reports\notebook50\section4\policy_training\section4b_baseline_evaluation.csv,section4b_baseline_evaluation.csv,3,4,-100,True,,,,,,,False,0,False
D:\02_AI_and_Data\Kaggle-AI-Agents\PTCG_AI_Battle_Challenge\reports\notebook39\dataset_split_summary.csv,dataset_split_summary.csv,3,2,-100,True,,,,,,,False,0,False
D:\02_AI_and_Data\Kaggle-AI-Agents\PTCG_AI_Battle_Challenge\reports\notebook33\move_features.csv,move_features.csv,2,14,-100,True,,,,move_name,damage,,False,0,False
D:\02_AI_and_Data\Kaggle-AI-Agents\PTCG_AI_Battle_Challenge\reports\notebook29\move_frequency.csv,move_frequency.csv,2,3,-100,True,,,,Move,,,False,0,False
D:\02_AI_and_Data\Kaggle-AI-Agents\PTCG_AI_Battle_Challenge\reports\notebook32\notebook32_move_counts.csv,notebook32_move_counts.csv,2,2,-100,True,,,,move,,,False,0,False
D:\02_AI_and_Data\Kaggle-AI-Agents\PTCG_AI_Battle_Challenge\reports\notebook49\section3_loss_analysis.json,section3_loss_analysis.json,2,9,-100,True,,,,,,,False,0,False
D:\02_AI_and_Data\Kaggle-AI-Agents\PTCG_AI_Battle_Challenge\reports\notebook47\competitive_policy_test_evaluation.json,competitive_policy_test_evaluation.json,2,5,-100,True,,,,,,,False,0,False
D:\02_AI_and_Data\Kaggle-AI-Agents\PTCG_AI_Battle_Challenge\reports\notebook46\first_real_expert_search.json,first_real_expert_search.json,2,6,-100,True,,name,,,damage,effect,False,0,False
D:\02_AI_and_Data\Kaggle-AI-Agents\PTCG_AI_Battle_Challenge\reports\notebook49\side_balanced_setup_summary.json,side_balanced_setup_summary.json,2,26,-100,True,,,,,,,False,0,False
D:\02_AI_and_Data\Kaggle-AI-Agents\PTCG_AI_Battle_Challenge\reports\notebook49\section7\section7a_dry_run_report.json,section7a_dry_run_report.json,2,9,-100,True,,,,,,,False,0,False
D:\02_AI_and_Data\Kaggle-AI-Agents\PTCG_AI_Battle_Challenge\reports\notebook54\section4\section4uc_reconstructed_classes.csv,section4uc_reconstructed_classes.csv,2,5,-100,True,,,,,,,False,0,False
D:\02_AI_and_Data\Kaggle-AI-Agents\PTCG_AI_Battle_Challenge\reports\notebook33\sample_observations.csv,sample_observations.csv,2,39,-100,True,,,,move_name,damage,,False,0,False
D:\02_AI_and_Data\Kaggle-AI-Agents\PTCG_AI_Battle_Challenge\reports\notebook54\section3\section3b_supported_action_discovery_summary.json,section3b_supported_action_discovery_summary.json,2,21,-100,True,,,,,,,False,0,False
D:\02_AI_and_Data\Kaggle-AI-Agents\PTCG_AI_Battle_Challenge\reports\notebook45\ppo_observation_action_schema.json,ppo_observation_action_schema.json,2,1,-100,True,,,,,,,False,0,False
D:\02_AI_and_Data\Kaggle-AI-Agents\PTCG_AI_Battle_Challenge\reports\notebook49\section2_difficulty_analysis.json,section2_difficulty_analysis.json,2,5,-100,True,,,,,,,False,0,False
D:\02_AI_and_Data\Kaggle-AI-Agents\PTCG_AI_Battle_Challenge\reports\notebook54\section4\section4ud_initial_adapter_statistics.csv,section4ud_initial_adapter_statistics.csv,2,3,-100,True,,,,,,,False,0,False
D:\02_AI_and_Data\Kaggle-AI-Agents\PTCG_AI_Battle_Challenge\reports\notebook54\section4\section4ud_reset_adapter_statistics.csv,section4ud_reset_adapter_statistics.csv,2,2,-100,True,,,,,,,False,0,False
D:\02_AI_and_Data\Kaggle-AI-Agents\PTCG_AI_Battle_Challenge\reports\notebook14_summary.json,notebook14_summary.json,2,2,-100,True,,,,,,,False,0,False
D:\02_AI_and_Data\Kaggle-AI-Agents\PTCG_AI_Battle_Challenge\reports\notebook53\section6\section6b_comparison_by_action_state.csv,section6b_comparison_by_action_state.csv,2,13,-100,True,,,,,,,False,0,False
D:\02_AI_and_Data\Kaggle-AI-Agents\PTCG_AI_Battle_Challenge\reports\notebook53\section3\section3a_routing_mode_summary.csv,section3a_routing_mode_summary.csv,2,11,-100,True,,,,,,,False,0,False
D:\02_AI_and_Data\Kaggle-AI-Agents\PTCG_AI_Battle_Challenge\reports\notebook53\section2\section2a_masking_by_side.csv,section2a_masking_by_side.csv,2,10,-100,True,,,,,,,False,0,False
D:\02_AI_and_Data\Kaggle-AI-Agents\PTCG_AI_Battle_Challenge\reports\notebook53\section2\section2b_root_cause_by_action_count.csv,section2b_root_cause_by_action_count.csv,2,11,-100,True,,,,,,,False,0,False
D:\02_AI_and_Data\Kaggle-AI-Agents\PTCG_AI_Battle_Challenge\reports\notebook54\section4\section4u_runtime_energy_probe.csv,section4u_runtime_energy_probe.csv,2,9,-100,True,,,,,,,False,0,False
D:\02_AI_and_Data\Kaggle-AI-Agents\PTCG_AI_Battle_Challenge\reports\notebook53\section3\section3a_routing_reason_summary.csv,section3a_routing_reason_summary.csv,2,8,-100,True,,,,,,,False,0,False
D:\02_AI_and_Data\Kaggle-AI-Agents\PTCG_AI_Battle_Challenge\reports\notebook53\section2\section2a_raw_prediction_profile.csv,section2a_raw_prediction_profile.csv,2,9,-100,True,,,,,,,False,0,False
D:\02_AI_and_Data\Kaggle-AI-Agents\PTCG_AI_Battle_Challenge\reports\notebook52\section4\analysis\section4b_policy_side_summary.csv,section4b_policy_side_summary.csv,2,8,-100,True,,,,,,,False,0,False
D:\02_AI_and_Data\Kaggle-AI-Agents\PTCG_AI_Battle_Challenge\reports\notebook54\section4\section4f_pdf_evidence_profile.csv,section4f_pdf_evidence_profile.csv,2,4,-100,True,,,,,,,False,0,False
D:\02_AI_and_Data\Kaggle-AI-Agents\PTCG_AI_Battle_Challenge\reports\notebook53\section6\section6b_routing_reason_summary.csv,section6b_routing_reason_summary.csv,2,7,-100,True,,,,,,,False,0,False
D:\02_AI_and_Data\Kaggle-AI-Agents\PTCG_AI_Battle_Challenge\reports\notebook53\section5\section5b_encoded_feature_family_summary.csv,section5b_encoded_feature_family_summary.csv,2,5,-100,True,,,,,,,False,0,False
D:\02_AI_and_Data\Kaggle-AI-Agents\PTCG_AI_Battle_Challenge\reports\notebook50\section5\policy_evaluation\section5a_training_side_distribution.csv,section5a_training_side_distribution.csv,2,6,-100,True,,,,,,,False,0,False
D:\02_AI_and_Data\Kaggle-AI-Agents\PTCG_AI_Battle_Challenge\reports\notebook54\section4\section4r_availability_by_side.csv,section4r_availability_by_side.csv,2,8,-100,True,,,,,,,False,0,False
D:\02_AI_and_Data\Kaggle-AI-Agents\PTCG_AI_Battle_Challenge\reports\notebook49\section3_side_performance.csv,section3_side_performance.csv,2,9,-100,True,,,,,,,False,0,False
D:\02_AI_and_Data\Kaggle-AI-Agents\PTCG_AI_Battle_Challenge\reports\notebook54\section4\section4s_energy_observability.csv,section4s_energy_observability.csv,2,8,-100,True,,,,,,,False,0,False
D:\02_AI_and_Data\Kaggle-AI-Agents\PTCG_AI_Battle_Challenge\reports\notebook54\section2\section2a_opportunities_by_condition.csv,section2a_opportunities_by_condition.csv,2,8,-100,True,,,,,,,False,0,False
D:\02_AI_and_Data\Kaggle-AI-Agents\PTCG_AI_Battle_Challenge\reports\notebook54\section3\section3a_action_availability_by_side.csv,section3a_action_availability_by_side.csv,2,7,-100,True,,,,,,,False,0,False
D:\02_AI_and_Data\Kaggle-AI-Agents\PTCG_AI_Battle_Challenge\reports\notebook54\section4\section4va_runtime_state_energy_probe.csv,section4va_runtime_state_energy_probe.csv,2,6,-100,True,,,,,,,False,0,False
D:\02_AI_and_Data\Kaggle-AI-Agents\PTCG_AI_Battle_Challenge\reports\notebook54\section2\section2a_opportunities_by_outcome.csv,section2a_opportunities_by_outcome.csv,2,7,-100,True,,,,,,,False,0,False
D:\02_AI_and_Data\Kaggle-AI-Agents\PTCG_AI_Battle_Challenge\reports\notebook54\section4\section4ud_frozen_artifact_binding.csv,section4ud_frozen_artifact_binding.csv,2,4,-100,True,,,,,,,False,0,False
D:\02_AI_and_Data\Kaggle-AI-Agents\PTCG_AI_Battle_Challenge\reports\notebook52\section4\analysis\section4b_starting_side_summary.csv,section4b_starting_side_summary.csv,2,8,-100,True,,,,,,,False,0,False
D:\02_AI_and_Data\Kaggle-AI-Agents\PTCG_AI_Battle_Challenge\reports\notebook53\section6\section6e_tournament_replay_routing_summary.csv,section6e_tournament_replay_routing_summary.csv,2,5,-100,True,,,,,,,False,0,False
D:\02_AI_and_Data\Kaggle-AI-Agents\PTCG_AI_Battle_Challenge\reports\notebook54\section2\section2b_strategic_control_profile.csv,section2b_strategic_control_profile.csv,2,7,-100,True,,,,,,,False,0,False
D:\02_AI_and_Data\Kaggle-AI-Agents\PTCG_AI_Battle_Challenge\reports\notebook50\section6\section6a_side_weight_summary.csv,section6a_side_weight_summary.csv,2,4,-100,True,,,,,,,False,0,False
D:\02_AI_and_Data\Kaggle-AI-Agents\PTCG_AI_Battle_Challenge\reports\notebook50\section5\policy_evaluation\section5a_weighted_side_totals.csv,section5a_weighted_side_totals.csv,2,4,-100,True,,,,,,,False,0,False
D:\02_AI_and_Data\Kaggle-AI-Agents\PTCG_AI_Battle_Challenge\reports\notebook49\section4_side_allocation.csv,section4_side_allocation.csv,2,5,-100,True,,,,,,,False,0,False
D:\02_AI_and_Data\Kaggle-AI-Agents\PTCG_AI_Battle_Challenge\reports\notebook49\section4b_final_side_allocation.csv,section4b_final_side_allocation.csv,2,5,-100,True,,,,,,,False,0,False
D:\02_AI_and_Data\Kaggle-AI-Agents\PTCG_AI_Battle_Challenge\reports\notebook53\section6\section6c_policy_adapter_routing_summary.csv,section6c_policy_adapter_routing_summary.csv,2,5,-100,True,,,,,,,False,0,False
D:\02_AI_and_Data\Kaggle-AI-Agents\PTCG_AI_Battle_Challenge\reports\notebook14_leaderboard.csv,notebook14_leaderboard.csv,2,8,-100,True,,name,,,,,False,0,False
D:\02_AI_and_Data\Kaggle-AI-Agents\PTCG_AI_Battle_Challenge\reports\notebook50\section4\policy_training\section4e_decision_only_evaluation.csv,section4e_decision_only_evaluation.csv,2,5,-100,True,,,,,,,False,0,False
D:\02_AI_and_Data\Kaggle-AI-Agents\PTCG_AI_Battle_Challenge\reports\notebook50\section1\environment_and_handoff\section1c_side_profile.csv,section1c_side_profile.csv,2,3,-100,True,,,,,,,False,0,False
D:\02_AI_and_Data\Kaggle-AI-Agents\PTCG_AI_Battle_Challenge\reports\notebook34\policy_class_distribution.csv,policy_class_distribution.csv,2,3,-100,True,,,,move_name,,,False,0,False
D:\02_AI_and_Data\Kaggle-AI-Agents\PTCG_AI_Battle_Challenge\models\notebook53\legality_aware_policy_adapter_metadata.json,legality_aware_policy_adapter_metadata.json,1,11,-100,True,,,,,,,False,0,False
D:\02_AI_and_Data\Kaggle-AI-Agents\PTCG_AI_Battle_Challenge\reports\notebook54\section4\section4g_upstream_card_object_recovery_summary.json,section4g_upstream_card_object_recovery_summary.json,1,1,-100,True,,,,,,,False,0,False
D:\02_AI_and_Data\Kaggle-AI-Agents\PTCG_AI_Battle_Challenge\reports\notebook47\competitive_policy_battle_summary.json,competitive_policy_battle_summary.json,1,10,-100,True,,,,,,,False,0,False
D:\02_AI_and_Data\Kaggle-AI-Agents\PTCG_AI_Battle_Challenge\reports\notebook53\section6\section6d_battle_runner_summary.json,section6d_battle_runner_summary.json,1,15,-100,True,,,,,,,False,0,False
D:\02_AI_and_Data\Kaggle-AI-Agents\PTCG_AI_Battle_Challenge\reports\notebook51\section6\section6f_first_full_battle_summary.json,section6f_first_full_battle_summary.json,1,13,-100,True,,,,,,,False,0,False
D:\02_AI_and_Data\Kaggle-AI-Agents\PTCG_AI_Battle_Challenge\reports\notebook53\section6\section6d_battle_runner_history.csv,section6d_battle_runner_history.csv,1,12,-100,True,,,,,,,False,0,False
D:\02_AI_and_Data\Kaggle-AI-Agents\PTCG_AI_Battle_Challenge\reports\notebook54\section2\section2b_selected_move_profile.csv,section2b_selected_move_profile.csv,1,11,-100,True,,,,,,,False,0,False
D:\02_AI_and_Data\Kaggle-AI-Agents\PTCG_AI_Battle_Challenge\reports\notebook54\section2\section2a_multi_action_move_choice_profile.csv,section2a_multi_action_move_choice_profile.csv,1,8,-100,True,,,,,,,False,0,False
D:\02_AI_and_Data\Kaggle-AI-Agents\PTCG_AI_Battle_Challenge\reports\notebook54\section2\section2a_opportunities_by_active_card.csv,section2a_opportunities_by_active_card.csv,1,7,-100,True,,,,,,,False,0,False
D:\02_AI_and_Data\Kaggle-AI-Agents\PTCG_AI_Battle_Challenge\reports\notebook49\section8\section8a_search_dry_run.json,section8a_search_dry_run.json,1,1,-100,True,,,,,,,False,0,False
D:\02_AI_and_Data\Kaggle-AI-Agents\PTCG_AI_Battle_Challenge\reports\notebook50\section1\environment_and_handoff\section1a_environment_report.json,section1a_environment_report.json,1,21,-100,True,,,,,,,False,0,False
D:\02_AI_and_Data\Kaggle-AI-Agents\PTCG_AI_Battle_Challenge\reports\notebook54\section1\section1b_notebook53_handoff_summary.json,section1b_notebook53_handoff_summary.json,1,32,-100,True,,,,,,,False,0,False
D:\02_AI_and_Data\Kaggle-AI-Agents\PTCG_AI_Battle_Challenge\reports\notebook50\section2\dataset_splits\section2a_split_summary.json,section2a_split_summary.json,1,28,-100,True,,,,,,,False,0,False
D:\02_AI_and_Data\Kaggle-AI-Agents\PTCG_AI_Battle_Challenge\reports\notebook53\section2\section2a_fallback_decisions.csv,section2a_fallback_decisions.csv,1,37,-100,True,,,,,,,False,0,False
D:\02_AI_and_Data\Kaggle-AI-Agents\PTCG_AI_Battle_Challenge\reports\notebook54\section4\section4s_energy_evidence_recovery_summary.json,section4s_energy_evidence_recovery_summary.json,1,19,-100,True,,,,,,,False,0,False
D:\02_AI_and_Data\Kaggle-AI-Agents\PTCG_AI_Battle_Challenge\reports\notebook54\section3\section3a_action_availability_summary.json,section3a_action_availability_summary.json,1,18,-100,True,,,,,,,False,0,False
D:\02_AI_and_Data\Kaggle-AI-Agents\PTCG_AI_Battle_Challenge\reports\notebook47\competitive_policy_training_summary.json,competitive_policy_training_summary.json,1,15,-100,True,,,,,,,False,0,False
D:\02_AI_and_Data\Kaggle-AI-Agents\PTCG_AI_Battle_Challenge\reports\notebook54\section2\section2b_strategic_root_cause_summary.json,section2b_strategic_root_cause_summary.json,1,17,-100,True,,,,,,,False,0,False
D:\02_AI_and_Data\Kaggle-AI-Agents\PTCG_AI_Battle_Challenge\reports\notebook53\section6\section6b_frozen_benchmark_summary.json,section6b_frozen_benchmark_summary.json,1,19,-100,True,,,,,,,False,0,False
D:\02_AI_and_Data\Kaggle-AI-Agents\PTCG_AI_Battle_Challenge\reports\notebook54\section4\section4r_action_availability_gap_summary.json,section4r_action_availability_gap_summary.json,1,19,-100,True,,,,,,,False,0,False
D:\02_AI_and_Data\Kaggle-AI-Agents\PTCG_AI_Battle_Challenge\reports\notebook50\section1\environment_and_handoff\section1b_handoff_load_summary.json,section1b_handoff_load_summary.json,1,20,-100,True,,,,,,,False,0,False
D:\02_AI_and_Data\Kaggle-AI-Agents\PTCG_AI_Battle_Challenge\reports\notebook54\section4\section4ud_production_adapter_instantiation_summary.json,section4ud_production_adapter_instantiation_summary.json,1,19,-100,True,,,,,,,False,0,False
D:\02_AI_and_Data\Kaggle-AI-Agents\PTCG_AI_Battle_Challenge\reports\notebook53\section6\section6a_model_training_summary.json,section6a_model_training_summary.json,1,24,-100,True,,,,,,,False,0,False
D:\02_AI_and_Data\Kaggle-AI-Agents\PTCG_AI_Battle_Challenge\reports\notebook46\actor_perspective_dataset_audit.json,actor_perspective_dataset_audit.json,1,20,-100,True,,,,,,,False,0,False
D:\02_AI_and_Data\Kaggle-AI-Agents\PTCG_AI_Battle_Challenge\reports\notebook54\section4\section4uc_production_adapter_reconstruction_summary.json,section4uc_production_adapter_reconstruction_summary.json,1,14,-100,True,,,,,,,False,0,False
D:\02_AI_and_Data\Kaggle-AI-Agents\PTCG_AI_Battle_Challenge\reports\notebook54\section4\section4l_pdf_link_structure_summary.json,section4l_pdf_link_structure_summary.json,1,20,-100,True,,,,,,,False,0,False
D:\02_AI_and_Data\Kaggle-AI-Agents\PTCG_AI_Battle_Challenge\reports\notebook53\section4\section4a_dataset_discovery_summary.json,section4a_dataset_discovery_summary.json,1,17,-100,True,,,,,,,False,0,False
D:\02_AI_and_Data\Kaggle-AI-Agents\PTCG_AI_Battle_Challenge\reports\notebook53\section2\section2a_masking_analysis_summary.json,section2a_masking_analysis_summary.json,1,18,-100,True,,,,,,,False,0,False
D:\02_AI_and_Data\Kaggle-AI-Agents\PTCG_AI_Battle_Challenge\reports\notebook54\section4\section4va_full_replay_interface_resolution_summary.json,section4va_full_replay_interface_resolution_summary.json,1,14,-100,True,,,,,,,False,0,False
D:\02_AI_and_Data\Kaggle-AI-Agents\PTCG_AI_Battle_Challenge\reports\notebook54\section2\section2a_strategic_opportunity_summary.json,section2a_strategic_opportunity_summary.json,1,18,-100,True,,,,,,,False,0,False
D:\02_AI_and_Data\Kaggle-AI-Agents\PTCG_AI_Battle_Challenge\reports\notebook53\section7\section7a_final_summary.json,section7a_final_summary.json,1,19,-100,True,,,,,,,False,0,False
D:\02_AI_and_Data\Kaggle-AI-Agents\PTCG_AI_Battle_Challenge\reports\notebook50\section2\dataset_splits\section2b_validation_summary.json,section2b_validation_summary.json,1,19,-100,True,,,,,,,False,0,False
D:\02_AI_and_Data\Kaggle-AI-Agents\PTCG_AI_Battle_Challenge\reports\notebook53\section3\section3a_legality_aware_routing_summary.json,section3a_legality_aware_routing_summary.json,1,15,-100,True,,,,,,,False,0,False
D:\02_AI_and_Data\Kaggle-AI-Agents\PTCG_AI_Battle_Challenge\reports\notebook54\section4\section4u_instrumented_replay_preflight_summary.json,section4u_instrumented_replay_preflight_summary.json,1,15,-100,True,,,,,,,False,0,False
D:\02_AI_and_Data\Kaggle-AI-Agents\PTCG_AI_Battle_Challenge\reports\notebook53\section5\section5b_preprocessing_summary.json,section5b_preprocessing_summary.json,1,19,-100,True,,,,,,,False,0,False
D:\02_AI_and_Data\Kaggle-AI-Agents\PTCG_AI_Battle_Challenge\reports\notebook54\section1\section1a_imports_and_paths_summary.json,section1a_imports_and_paths_summary.json,1,11,-100,True,,,,,,,False,0,False
D:\02_AI_and_Data\Kaggle-AI-Agents\PTCG_AI_Battle_Challenge\reports\notebook53\section6\section6e_tournament_replay_summary.json,section6e_tournament_replay_summary.json,1,19,-100,True,,,,,,,False,0,False
D:\02_AI_and_Data\Kaggle-AI-Agents\PTCG_AI_Battle_Challenge\reports\notebook53\section4\section4b_legality_aware_dataset_summary.json,section4b_legality_aware_dataset_summary.json,1,17,-100,True,,,,,,,False,0,False
D:\02_AI_and_Data\Kaggle-AI-Agents\PTCG_AI_Battle_Challenge\reports\notebook54\section4\section4u_sample_instrumentation_record.csv,section4u_sample_instrumentation_record.csv,1,22,-100,True,,,,,,,False,0,False
D:\02_AI_and_Data\Kaggle-AI-Agents\PTCG_AI_Battle_Challenge\reports\notebook46\actor_relative_search_expert_summary.json,actor_relative_search_expert_summary.json,1,18,-100,True,,,,,,,False,0,False
D:\02_AI_and_Data\Kaggle-AI-Agents\PTCG_AI_Battle_Challenge\reports\notebook54\section4\section4t_energy_instrumentation_design_summary.json,section4t_energy_instrumentation_design_summary.json,1,15,-100,True,,,,,,,False,0,False
D:\02_AI_and_Data\Kaggle-AI-Agents\PTCG_AI_Battle_Challenge\reports\notebook54\section4\section4s_repaired_energy_diagnosis.csv,section4s_repaired_energy_diagnosis.csv,1,12,-100,True,,,,,,,False,0,False
D:\02_AI_and_Data\Kaggle-AI-Agents\PTCG_AI_Battle_Challenge\reports\notebook34\policy_dataset_fitness.json,policy_dataset_fitness.json,1,13,-100,True,,,,,,,False,0,False
D:\02_AI_and_Data\Kaggle-AI-Agents\PTCG_AI_Battle_Challenge\reports\notebook52\section6\section6a_dashboard_summary.json,section6a_dashboard_summary.json,1,16,-100,True,,,,,,,False,0,False
D:\02_AI_and_Data\Kaggle-AI-Agents\PTCG_AI_Battle_Challenge\reports\notebook53\section5\section5a_group_safe_split_summary.json,section5a_group_safe_split_summary.json,1,18,-100,True,,,,,,,False,0,False
D:\02_AI_and_Data\Kaggle-AI-Agents\PTCG_AI_Battle_Challenge\reports\notebook53\section3\section3b_legality_aware_feature_summary.json,section3b_legality_aware_feature_summary.json,1,16,-100,True,,,,,,,False,0,False
D:\02_AI_and_Data\Kaggle-AI-Agents\PTCG_AI_Battle_Challenge\reports\notebook50\section3\feature_engineering\section3a_feature_engineering_summary.json,section3a_feature_engineering_summary.json,1,15,-100,True,,,,,,,False,0,False
D:\02_AI_and_Data\Kaggle-AI-Agents\PTCG_AI_Battle_Challenge\reports\notebook51\section6\section6c_simulator_binding_summary.json,section6c_simulator_binding_summary.json,1,13,-100,True,,,,,,,False,0,False
D:\02_AI_and_Data\Kaggle-AI-Agents\PTCG_AI_Battle_Challenge\reports\notebook47\dataset_split_summary.json,dataset_split_summary.json,1,16,-100,True,,,,,,,False,0,False
D:\02_AI_and_Data\Kaggle-AI-Agents\PTCG_AI_Battle_Challenge\reports\notebook45\final_submission_readiness.json,final_submission_readiness.json,1,12,-100,True,,,,,,,False,0,False
D:\02_AI_and_Data\Kaggle-AI-Agents\PTCG_AI_Battle_Challenge\reports\notebook52\section5\section5b_summary.json,section5b_summary.json,1,16,-100,True,,,,,,,False,0,False
D:\02_AI_and_Data\Kaggle-AI-Agents\PTCG_AI_Battle_Challenge\reports\notebook53\section1\section1b_handoff_validation_summary.json,section1b_handoff_validation_summary.json,1,13,-100,True,,,,,,,False,0,False
D:\02_AI_and_Data\Kaggle-AI-Agents\PTCG_AI_Battle_Challenge\reports\notebook50\section5\policy_evaluation\section5c_policy_evaluation_summary.json,section5c_policy_evaluation_summary.json,1,14,-100,True,,,,,,,False,0,False
D:\02_AI_and_Data\Kaggle-AI-Agents\PTCG_AI_Battle_Challenge\reports\notebook29\replay_analysis_summary.json,replay_analysis_summary.json,1,15,-100,True,,,,,,,False,0,False
D:\02_AI_and_Data\Kaggle-AI-Agents\PTCG_AI_Battle_Challenge\reports\notebook54\section4\section4c_candidate_provenance_repair_summary.json,section4c_candidate_provenance_repair_summary.json,1,11,-100,True,,,,,,,False,0,False
D:\02_AI_and_Data\Kaggle-AI-Agents\PTCG_AI_Battle_Challenge\reports\notebook39\dataset_loader_manifest.json,dataset_loader_manifest.json,1,16,-100,True,,name,,,,,False,0,False
D:\02_AI_and_Data\Kaggle-AI-Agents\PTCG_AI_Battle_Challenge\reports\notebook52\section4\section4a_single_pass_summary.json,section4a_single_pass_summary.json,1,15,-100,True,,,,,,,False,0,False
D:\02_AI_and_Data\Kaggle-AI-Agents\PTCG_AI_Battle_Challenge\reports\notebook51\section7\section7a_final_summary.json,section7a_final_summary.json,1,12,-100,True,,,,,,,False,0,False
D:\02_AI_and_Data\Kaggle-AI-Agents\PTCG_AI_Battle_Challenge\reports\notebook52\section4\analysis\section4b_summary.json,section4b_summary.json,1,14,-100,True,,,,,,,False,0,False
D:\02_AI_and_Data\Kaggle-AI-Agents\PTCG_AI_Battle_Challenge\reports\notebook54\section4\section4r_action_availability_gap_diagnosis.csv,section4r_action_availability_gap_diagnosis.csv,1,11,-100,True,,,,,,,False,0,False
D:\02_AI_and_Data\Kaggle-AI-Agents\PTCG_AI_Battle_Challenge\reports\notebook51\section6\section6d_real_state_summary.json,section6d_real_state_summary.json,1,13,-100,True,,,,,,,False,0,False
D:\02_AI_and_Data\Kaggle-AI-Agents\PTCG_AI_Battle_Challenge\reports\notebook49\section7\section7c_state_variant_summary.json,section7c_state_variant_summary.json,1,13,-100,True,,,,,,,False,0,False
D:\02_AI_and_Data\Kaggle-AI-Agents\PTCG_AI_Battle_Challenge\reports\notebook53\section6\section6c_policy_adapter_summary.json,section6c_policy_adapter_summary.json,1,12,-100,True,,,,,,,False,0,False
D:\02_AI_and_Data\Kaggle-AI-Agents\PTCG_AI_Battle_Challenge\reports\notebook52\section6\section6b_validation_summary.json,section6b_validation_summary.json,1,11,-100,True,,,,,,,False,0,False
D:\02_AI_and_Data\Kaggle-AI-Agents\PTCG_AI_Battle_Challenge\reports\notebook52\section3\section3b_tournament_scenario_summary.json,section3b_tournament_scenario_summary.json,1,12,-100,True,,,,,,,False,0,False
D:\02_AI_and_Data\Kaggle-AI-Agents\PTCG_AI_Battle_Challenge\reports\notebook51\section6\section6e_policy_runner_adapter_summary.json,section6e_policy_runner_adapter_summary.json,1,10,-100,True,,,,,,,False,0,False
D:\02_AI_and_Data\Kaggle-AI-Agents\PTCG_AI_Battle_Challenge\reports\notebook52\section7\section7a_final_summary.json,section7a_final_summary.json,1,9,-100,True,,,,,,,False,0,False
D:\02_AI_and_Data\Kaggle-AI-Agents\PTCG_AI_Battle_Challenge\reports\notebook50\section7\section7a_final_summary.json,section7a_final_summary.json,1,10,-100,True,,,,,,,False,0,False
D:\02_AI_and_Data\Kaggle-AI-Agents\PTCG_AI_Battle_Challenge\reports\notebook49\section8\batch_search\section8b_search_summary.json,section8b_search_summary.json,1,11,-100,True,,,,,,,False,0,False
D:\02_AI_and_Data\Kaggle-AI-Agents\PTCG_AI_Battle_Challenge\reports\notebook51\section6\section6a_binding_candidates.csv,section6a_binding_candidates.csv,1,7,-100,True,,,,,,,False,0,False
D:\02_AI_and_Data\Kaggle-AI-Agents\PTCG_AI_Battle_Challenge\reports\notebook51\section6\section6d_real_state_transition.csv,section6d_real_state_transition.csv,1,16,-100,True,,,,,move_damage,,False,0,False
D:\02_AI_and_Data\Kaggle-AI-Agents\PTCG_AI_Battle_Challenge\reports\notebook27\full_game_summary.json,full_game_summary.json,1,10,-100,True,,,,,,,False,0,False
D:\02_AI_and_Data\Kaggle-AI-Agents\PTCG_AI_Battle_Challenge\reports\notebook52\section5\section5a_summary.json,section5a_summary.json,1,9,-100,True,,,,,,,False,0,False
D:\02_AI_and_Data\Kaggle-AI-Agents\PTCG_AI_Battle_Challenge\reports\notebook38\replay_adapter_summary.json,replay_adapter_summary.json,1,9,-100,True,,name,,,,,False,0,False
D:\02_AI_and_Data\Kaggle-AI-Agents\PTCG_AI_Battle_Challenge\reports\notebook53\section2\section2b_root_cause_by_damage_band.csv,section2b_root_cause_by_damage_band.csv,1,10,-100,True,,,,,,,False,0,False
D:\02_AI_and_Data\Kaggle-AI-Agents\PTCG_AI_Battle_Challenge\reports\notebook53\section6\section6d_real_simulator_transition.csv,section6d_real_simulator_transition.csv,1,10,-100,True,,,,,,,False,0,False
D:\02_AI_and_Data\Kaggle-AI-Agents\PTCG_AI_Battle_Challenge\reports\notebook54\section4\section4t_simulator_energy_source_trace.csv,section4t_simulator_energy_source_trace.csv,1,5,-100,True,,,,,,,False,0,False
D:\02_AI_and_Data\Kaggle-AI-Agents\PTCG_AI_Battle_Challenge\reports\notebook50\section4\baseline_training\section4a_training_summary.json,section4a_training_summary.json,1,8,-100,True,,,,,,,False,0,False
D:\02_AI_and_Data\Kaggle-AI-Agents\PTCG_AI_Battle_Challenge\reports\notebook54\section4\section4t_energy_instrumentation_design_profile.csv,section4t_energy_instrumentation_design_profile.csv,1,6,-100,True,,,,,,,False,0,False
D:\02_AI_and_Data\Kaggle-AI-Agents\PTCG_AI_Battle_Challenge\reports\notebook30\architecture_summary.json,architecture_summary.json,1,7,-100,True,,,,,,,False,0,False
D:\02_AI_and_Data\Kaggle-AI-Agents\PTCG_AI_Battle_Challenge\reports\notebook13_tournament_summary.json,notebook13_tournament_summary.json,1,9,-100,True,,,,,,,False,0,False
D:\02_AI_and_Data\Kaggle-AI-Agents\PTCG_AI_Battle_Challenge\reports\notebook52\section5\analysis\section5c_overall_summary.csv,section5c_overall_summary.csv,1,9,-100,True,,,,,,,False,0,False
D:\02_AI_and_Data\Kaggle-AI-Agents\PTCG_AI_Battle_Challenge\reports\notebook51\section6\section6e_policy_runner_adapter_history.csv,section6e_policy_runner_adapter_history.csv,1,8,-100,True,,,,,,,False,0,False
D:\02_AI_and_Data\Kaggle-AI-Agents\PTCG_AI_Battle_Challenge\reports\notebook32\notebook32_summary.json,notebook32_summary.json,1,7,-100,True,,,,,,,False,0,False
D:\02_AI_and_Data\Kaggle-AI-Agents\PTCG_AI_Battle_Challenge\reports\notebook46\expert_replay_summary.json,expert_replay_summary.json,1,6,-100,True,,,,,,,False,0,False
D:\02_AI_and_Data\Kaggle-AI-Agents\PTCG_AI_Battle_Challenge\reports\notebook54\section2\section2a_opportunities_by_acting_side.csv,section2a_opportunities_by_acting_side.csv,1,7,-100,True,,,,,,,False,0,False
D:\02_AI_and_Data\Kaggle-AI-Agents\PTCG_AI_Battle_Challenge\reports\notebook50\section3\feature_engineering\section3b_target_class_coverage.csv,section3b_target_class_coverage.csv,1,7,-100,True,,,,,,,False,0,False
D:\02_AI_and_Data\Kaggle-AI-Agents\PTCG_AI_Battle_Challenge\reports\notebook49\section6_transition_methods.csv,section6_transition_methods.csv,1,4,-100,True,,,,,,,False,0,False
D:\02_AI_and_Data\Kaggle-AI-Agents\PTCG_AI_Battle_Challenge\reports\notebook54\section4\section4l_annotation_type_profile.csv,section4l_annotation_type_profile.csv,1,10,-100,True,,,,,,,False,0,False
D:\02_AI_and_Data\Kaggle-AI-Agents\PTCG_AI_Battle_Challenge\reports\notebook54\section2\section2b_prediction_selection_profile.csv,section2b_prediction_selection_profile.csv,1,6,-100,True,,,,,,,False,0,False
D:\02_AI_and_Data\Kaggle-AI-Agents\PTCG_AI_Battle_Challenge\reports\notebook54\section4\section4u_runtime_energy_attributes.csv,section4u_runtime_energy_attributes.csv,1,6,-100,True,,,,,,,False,0,False
D:\02_AI_and_Data\Kaggle-AI-Agents\PTCG_AI_Battle_Challenge\reports\notebook54\section4\section4va_build_state_parameters.csv,section4va_build_state_parameters.csv,1,5,-100,True,,,,,,,False,0,False
D:\02_AI_and_Data\Kaggle-AI-Agents\PTCG_AI_Battle_Challenge\reports\notebook54\section4\section4m_destination_type_profile.csv,section4m_destination_type_profile.csv,1,5,-100,True,,,,,,,False,0,False
D:\02_AI_and_Data\Kaggle-AI-Agents\PTCG_AI_Battle_Challenge\reports\notebook50\section4\baseline_training\section4a_training_class_profile.csv,section4a_training_class_profile.csv,1,2,-100,True,,,,,,,False,0,False
D:\02_AI_and_Data\Kaggle-AI-Agents\PTCG_AI_Battle_Challenge\reports\notebook50\section4\baseline_training\policy_label_classes.json,policy_label_classes.json,1,1,-100,True,,,,,,,False,0,False
