path,rows,columns,card_columns,move_columns,damage_columns,energy_columns,hp_columns,effect_columns,has_move_related_column
D:\02_AI_and_Data\Kaggle-AI-Agents\PTCG_AI_Battle_Challenge\reports\notebook54\section3\section3b_discovered_move_records.csv,14599,6,"[""card_name"", ""move_name""]","[""move_name""]","[""damage""]","[""energy_cost""]",[],"[""effect_text""]",True
D:\02_AI_and_Data\Kaggle-AI-Agents\PTCG_AI_Battle_Challenge\reports\notebook34\policy_dataset_bootstrap.csv,3500,16,"[""pokemon_name"", ""move_name""]","[""move_name""]",[],[],"[""player_hp"", ""opponent_hp""]",[],True
D:\02_AI_and_Data\Kaggle-AI-Agents\PTCG_AI_Battle_Challenge\reports\notebook34\policy_dataset_bootstrap.parquet,3500,16,"[""pokemon_name"", ""move_name""]","[""move_name""]",[],[],"[""player_hp"", ""opponent_hp""]",[],True
D:\02_AI_and_Data\Kaggle-AI-Agents\PTCG_AI_Battle_Challenge\reports\notebook49\section8\batch_search\section8b_search_labels.jsonl,2120,33,"[""variant_name"", ""baseline_name"", ""player_card"", ""opponent_card"", ""prize_cards_remaining""]","[""legal_move_count"", ""legal_move_reprs"", ""search_best_move_repr"", ""search_best_move_key""]","[""player_damage"", ""opponent_damage""]","[""player_energy"", ""opponent_energy""]",[],[],True
D:\02_AI_and_Data\Kaggle-AI-Agents\PTCG_AI_Battle_Challenge\notebooks\data\processed\pokemon_cards_processed.csv,2022,43,"[""Card ID"", ""Card Name"", ""Move Name"", ""is_pokemon"", ""card_category""]","[""Move Name"", ""attack_power_score"", ""has_attack"", ""has_ability""]","[""Damage"", ""damage_numeric"", ""attack_power_score""]","[""Stage (Pokémon)/Type (Energy and Trainer)"", ""Cost"", ""energy_cost"", ""is_energy""]","[""HP"", ""hp_numeric""]","[""Effect Explanation""]",True
D:\02_AI_and_Data\Kaggle-AI-Agents\PTCG_AI_Battle_Challenge\data\processed\pokemon_cards_processed.csv,2022,43,"[""Card ID"", ""Card Name"", ""Move Name"", ""is_pokemon"", ""card_category""]","[""Move Name"", ""attack_power_score"", ""has_attack"", ""has_ability""]","[""Damage"", ""damage_numeric"", ""attack_power_score""]","[""Stage (Pokémon)/Type (Energy and Trainer)"", ""Cost"", ""energy_cost"", ""is_energy""]","[""HP"", ""hp_numeric""]","[""Effect Explanation""]",True
D:\02_AI_and_Data\Kaggle-AI-Agents\PTCG_AI_Battle_Challenge\notebooks\data\raw\EN_Card_Data.csv,2022,17,"[""Card ID"", ""Card Name"", ""Move Name""]","[""Move Name""]","[""Damage""]","[""Stage (Pokémon)/Type (Energy and Trainer)"", ""Cost""]","[""HP""]","[""Effect Explanation""]",True
D:\02_AI_and_Data\Kaggle-AI-Agents\PTCG_AI_Battle_Challenge\data\raw\EN_Card_Data.csv,2022,17,"[""Card ID"", ""Card Name"", ""Move Name""]","[""Move Name""]","[""Damage""]","[""Stage (Pokémon)/Type (Energy and Trainer)"", ""Cost""]","[""HP""]","[""Effect Explanation""]",True
D:\02_AI_and_Data\Kaggle-AI-Agents\PTCG_AI_Battle_Challenge\reports\notebook54\section4\section4h_pdf_page_scan_profile.csv,1306,7,"[""matched_cards""]","[""extraction_error_type"", ""extraction_error_message""]",[],[],[],"[""text_character_count"", ""text_layer_available""]",True
D:\02_AI_and_Data\Kaggle-AI-Agents\PTCG_AI_Battle_Challenge\reports\notebook54\section4\section4a_tournament_card_move_records.csv,1264,14,"[""card_name"", ""move_name"", ""normalized_card_name"", ""normalized_move_name"", ""source_file_name"", ""move_name_valid""]","[""move_name"", ""normalized_move_name"", ""move_name_valid""]","[""damage"", ""parsed_damage"", ""damage_valid""]","[""energy_cost""]",[],"[""effect_text""]",True
D:\02_AI_and_Data\Kaggle-AI-Agents\PTCG_AI_Battle_Challenge\reports\notebook54\section4\section4a_simulator_supported_move_records.csv,1069,15,"[""card_name"", ""move_name"", ""normalized_card_name"", ""normalized_move_name"", ""source_file_name"", ""move_name_valid""]","[""move_name"", ""normalized_move_name"", ""move_name_valid"", ""is_existing_benchmark_move""]","[""damage"", ""parsed_damage"", ""damage_valid""]","[""energy_cost""]",[],"[""effect_text""]",True
D:\02_AI_and_Data\Kaggle-AI-Agents\PTCG_AI_Battle_Challenge\reports\notebook53\section4\section4b_legality_aware_training_metadata.csv,1060,12,"[""baseline_name""]","[""expert_move""]",[],[],[],[],True
D:\02_AI_and_Data\Kaggle-AI-Agents\PTCG_AI_Battle_Challenge\reports\notebook49\section8\policy_dataset\section8c_expert_policy_dataset.jsonl,1060,37,"[""variant_name"", ""baseline_name"", ""player_card"", ""opponent_card"", ""prize_cards_remaining""]","[""legal_move_count"", ""legal_moves"", ""expert_move"", ""expert_move_key""]","[""player_damage"", ""opponent_damage""]","[""player_energy"", ""opponent_energy""]",[],[],True
D:\02_AI_and_Data\Kaggle-AI-Agents\PTCG_AI_Battle_Challenge\reports\notebook53\section4\section4b_legality_aware_full_dataset.csv,1060,72,"[""variant_name"", ""baseline_name"", ""player_card"", ""opponent_card"", ""prize_cards_remaining"", ""active_card"", ""inactive_card"", ""active_card_can_use__ascension"", ""active_card_can_use__bind_down"", ""active_card_can_use__live_coal"", ""active_card_can_use__pass"", ""active_card_can_use__quick_attack"", ""active_card_can_use__tuck_tail""]","[""legal_move_count"", ""legal_moves"", ""expert_move"", ""expert_move_key"", ""legal_move_list"", ""normalized_legal_moves"", ""recomputed_legal_move_count"", ""legal_move_signature"", ""normalized_expert_move"", ""expert_move_is_legal"", ""single_legal_move_flag"", ""multi_legal_move_flag"", ""is_legal__quick_attack"", ""legal_action_flag_total"", ""active_card_can_use__quick_attack""]","[""player_damage"", ""opponent_damage"", ""acting_damage"", ""defending_damage"", ""damage_difference"", ""absolute_damage_difference"", ""damage_band""]","[""player_energy"", ""opponent_energy"", ""acting_energy"", ""defending_energy"", ""energy_difference"", ""absolute_energy_difference"", ""energy_band""]",[],[],True
D:\02_AI_and_Data\Kaggle-AI-Agents\PTCG_AI_Battle_Challenge\reports\notebook49\section8\policy_dataset\section8c_expert_policy_dataset.csv,1060,37,"[""variant_name"", ""baseline_name"", ""player_card"", ""opponent_card"", ""prize_cards_remaining""]","[""legal_move_count"", ""legal_moves"", ""expert_move"", ""expert_move_key""]","[""player_damage"", ""opponent_damage""]","[""player_energy"", ""opponent_energy""]",[],[],True
D:\02_AI_and_Data\Kaggle-AI-Agents\PTCG_AI_Battle_Challenge\reports\notebook49\section8\batch_search\section8b_search_labels.csv,1060,33,"[""variant_name"", ""baseline_name"", ""player_card"", ""opponent_card"", ""prize_cards_remaining""]","[""legal_move_count"", ""legal_move_reprs"", ""search_best_move_repr"", ""search_best_move_key""]","[""player_damage"", ""opponent_damage""]","[""player_energy"", ""opponent_energy""]",[],[],True
D:\02_AI_and_Data\Kaggle-AI-Agents\PTCG_AI_Battle_Challenge\reports\notebook50\section3\feature_engineering\section3a_full_feature_dataset.csv,1060,49,"[""prize_cards_remaining_numeric"", ""variant_name_category"", ""baseline_name_category"", ""player_card_category"", ""opponent_card_category"", ""card_matchup""]","[""expert_action_display"", ""legal_move_count_numeric"", ""legal_attack_count"", ""multiple_actions_available"", ""legal_move_signature""]","[""player_damage_numeric"", ""opponent_damage_numeric"", ""damage_advantage_player"", ""side_relative_damage_advantage"", ""total_damage_in_play"", ""damage_ratio_player"", ""damage_tied_indicator""]","[""player_energy_numeric"", ""opponent_energy_numeric"", ""energy_advantage_player"", ""side_relative_energy_advantage"", ""total_energy_in_play"", ""energy_ratio_player"", ""energy_tied_indicator""]",[],[],True
D:\02_AI_and_Data\Kaggle-AI-Agents\PTCG_AI_Battle_Challenge\reports\notebook49\section7\section7c_state_variant_manifest.csv,1060,28,"[""variant_name"", ""baseline_name"", ""player_card"", ""opponent_card"", ""prize_cards_remaining""]","[""player_damage_fraction"", ""opponent_damage_fraction"", ""legal_move_count""]","[""player_damage"", ""opponent_damage"", ""player_damage_fraction"", ""opponent_damage_fraction""]","[""player_energy"", ""opponent_energy""]",[],[],True
D:\02_AI_and_Data\Kaggle-AI-Agents\PTCG_AI_Battle_Challenge\reports\notebook53\section4\section4b_legality_aware_training_features.csv,1060,41,"[""prize_cards_remaining"", ""active_card_can_use__ascension"", ""active_card_can_use__bind_down"", ""active_card_can_use__live_coal"", ""active_card_can_use__pass"", ""active_card_can_use__quick_attack"", ""active_card_can_use__tuck_tail"", ""player_card"", ""opponent_card"", ""active_card"", ""inactive_card""]","[""recomputed_legal_move_count"", ""single_legal_move_flag"", ""multi_legal_move_flag"", ""is_legal__quick_attack"", ""active_card_can_use__quick_attack"", ""legal_move_signature""]","[""player_damage"", ""opponent_damage"", ""acting_damage"", ""defending_damage"", ""damage_difference"", ""absolute_damage_difference"", ""damage_band""]","[""player_energy"", ""opponent_energy"", ""acting_energy"", ""defending_energy"", ""energy_difference"", ""absolute_energy_difference"", ""energy_band""]",[],[],True
D:\02_AI_and_Data\Kaggle-AI-Agents\PTCG_AI_Battle_Challenge\reports\notebook53\section5\section5a_group_safe_split_assignments.csv,1060,6,[],"[""expert_move"", ""legal_move_signature""]",[],[],[],[],True
D:\02_AI_and_Data\Kaggle-AI-Agents\PTCG_AI_Battle_Challenge\reports\notebook53\section4\section4b_legality_aware_training_targets.csv,1060,1,[],"[""expert_move""]",[],[],[],[],True
D:\02_AI_and_Data\Kaggle-AI-Agents\PTCG_AI_Battle_Challenge\data\competitive\actor_relative_search_expert_dataset.jsonl,1000,30,"[""actor_name"", ""defender_name"", ""legal_move_names"", ""selected_move_name""]","[""legal_move_features"", ""legal_move_names"", ""legal_move_count"", ""selected_move_index"", ""selected_move_name"", ""terminal_after_move""]","[""damage_applied""]",[],"[""defender_hp_before"", ""defender_hp_after""]",[],True
D:\02_AI_and_Data\Kaggle-AI-Agents\PTCG_AI_Battle_Challenge\data\competitive\real_search_expert_dataset.jsonl,1000,25,"[""legal_move_names"", ""selected_move_name"", ""player_name"", ""opponent_name""]","[""legal_move_features"", ""legal_move_names"", ""legal_move_count"", ""selected_move_index"", ""selected_move_name"", ""terminal_after_move""]","[""damage_applied""]",[],[],[],True
D:\02_AI_and_Data\Kaggle-AI-Agents\PTCG_AI_Battle_Challenge\data\competitive\expert_replay_dataset.parquet,1000,21,[],"[""move_0"", ""move_1"", ""move_2"", ""move_3"", ""move_4"", ""move_5"", ""move_6"", ""move_7"", ""selected_move""]",[],[],[],[],True
D:\02_AI_and_Data\Kaggle-AI-Agents\PTCG_AI_Battle_Challenge\data\competitive\actor_relative_search_expert_dataset.parquet,1000,30,"[""actor_name"", ""defender_name"", ""legal_move_names"", ""selected_move_name""]","[""legal_move_features"", ""legal_move_names"", ""legal_move_count"", ""selected_move_index"", ""selected_move_name"", ""terminal_after_move""]","[""damage_applied""]",[],"[""defender_hp_before"", ""defender_hp_after""]",[],True
D:\02_AI_and_Data\Kaggle-AI-Agents\PTCG_AI_Battle_Challenge\data\competitive\real_search_expert_dataset.parquet,1000,25,"[""legal_move_names"", ""selected_move_name"", ""player_name"", ""opponent_name""]","[""legal_move_features"", ""legal_move_names"", ""legal_move_count"", ""selected_move_index"", ""selected_move_name"", ""terminal_after_move""]","[""damage_applied""]",[],[],[],True
D:\02_AI_and_Data\Kaggle-AI-Agents\PTCG_AI_Battle_Challenge\reports\notebook53\section6\section6a_train_predictions.csv,840,25,"[""baseline_name""]","[""expert_move"", ""actual_move"", ""predicted_move"", ""predicted_move_legal"", ""legal_move_signature"", ""legal_move_count"", ""probability__Ascension"", ""probability__Bind Down"", ""probability__Live Coal"", ""probability__Pass"", ""probability__Quick Attack"", ""probability__Tuck Tail""]",[],[],[],[],True
D:\02_AI_and_Data\Kaggle-AI-Agents\PTCG_AI_Battle_Challenge\reports\notebook53\section5\section5b_train_encoded_features.csv,840,64,"[""numeric__prize_cards_remaining"", ""numeric__active_card_can_use__ascension"", ""numeric__active_card_can_use__bind_down"", ""numeric__active_card_can_use__live_coal"", ""numeric__active_card_can_use__pass"", ""numeric__active_card_can_use__quick_attack"", ""numeric__active_card_can_use__tuck_tail"", ""categorical__player_card_Bulbasaur"", ""categorical__player_card_Charmander"", ""categorical__player_card_Eevee"", ""categorical__player_card_Meowth"", ""categorical__opponent_card_Charmander"", ""categorical__opponent_card_Eevee"", ""categorical__active_card_Bulbasaur"", ""categorical__active_card_Charmander"", ""categorical__active_card_Eevee"", ""categorical__active_card_Meowth"", ""categorical__inactive_card_Bulbasaur"", ""categorical__inactive_card_Charmander"", ""categorical__inactive_card_Eevee"", ""categorical__inactive_card_Meowth""]","[""numeric__recomputed_legal_move_count"", ""numeric__single_legal_move_flag"", ""numeric__multi_legal_move_flag"", ""numeric__is_legal__quick_attack"", ""numeric__active_card_can_use__quick_attack"", ""categorical__legal_move_signature_ascension"", ""categorical__legal_move_signature_ascension | quick attack"", ""categorical__legal_move_signature_bind down"", ""categorical__legal_move_signature_live coal"", ""categorical__legal_move_signature_pass"", ""categorical__legal_move_signature_tuck tail""]","[""numeric__player_damage"", ""numeric__opponent_damage"", ""numeric__acting_damage"", ""numeric__defending_damage"", ""numeric__damage_difference"", ""numeric__absolute_damage_difference"", ""categorical__damage_band_HIGH_DAMAGE"", ""categorical__damage_band_LOW_DAMAGE"", ""categorical__damage_band_MEDIUM_DAMAGE""]","[""numeric__player_energy"", ""numeric__opponent_energy"", ""numeric__acting_energy"", ""numeric__defending_energy"", ""numeric__energy_difference"", ""numeric__absolute_energy_difference"", ""categorical__energy_band_LOW"", ""categorical__energy_band_READY"", ""categorical__energy_band_ZERO""]",[],[],True
D:\02_AI_and_Data\Kaggle-AI-Agents\PTCG_AI_Battle_Challenge\reports\notebook53\section5\section5a_train_features.csv,840,41,"[""prize_cards_remaining"", ""active_card_can_use__ascension"", ""active_card_can_use__bind_down"", ""active_card_can_use__live_coal"", ""active_card_can_use__pass"", ""active_card_can_use__quick_attack"", ""active_card_can_use__tuck_tail"", ""player_card"", ""opponent_card"", ""active_card"", ""inactive_card""]","[""recomputed_legal_move_count"", ""single_legal_move_flag"", ""multi_legal_move_flag"", ""is_legal__quick_attack"", ""active_card_can_use__quick_attack"", ""legal_move_signature""]","[""player_damage"", ""opponent_damage"", ""acting_damage"", ""defending_damage"", ""damage_difference"", ""absolute_damage_difference"", ""damage_band""]","[""player_energy"", ""opponent_energy"", ""acting_energy"", ""defending_energy"", ""energy_difference"", ""absolute_energy_difference"", ""energy_band""]",[],[],True
D:\02_AI_and_Data\Kaggle-AI-Agents\PTCG_AI_Battle_Challenge\reports\notebook53\section5\section5a_train_targets.csv,840,1,[],"[""expert_move""]",[],[],[],[],True
D:\02_AI_and_Data\Kaggle-AI-Agents\PTCG_AI_Battle_Challenge\reports\notebook50\section2\dataset_splits\section2a_train_dataset.csv,740,38,"[""variant_name"", ""baseline_name"", ""player_card"", ""opponent_card"", ""prize_cards_remaining""]","[""legal_move_count"", ""legal_moves"", ""expert_move"", ""expert_move_key""]","[""player_damage"", ""opponent_damage""]","[""player_energy"", ""opponent_energy""]",[],[],True
D:\02_AI_and_Data\Kaggle-AI-Agents\PTCG_AI_Battle_Challenge\reports\notebook50\section3\feature_engineering\section3a_train_feature_dataset.csv,740,49,"[""prize_cards_remaining_numeric"", ""variant_name_category"", ""baseline_name_category"", ""player_card_category"", ""opponent_card_category"", ""card_matchup""]","[""expert_action_display"", ""legal_move_count_numeric"", ""legal_attack_count"", ""multiple_actions_available"", ""legal_move_signature""]","[""player_damage_numeric"", ""opponent_damage_numeric"", ""damage_advantage_player"", ""side_relative_damage_advantage"", ""total_damage_in_play"", ""damage_ratio_player"", ""damage_tied_indicator""]","[""player_energy_numeric"", ""opponent_energy_numeric"", ""energy_advantage_player"", ""side_relative_energy_advantage"", ""total_energy_in_play"", ""energy_ratio_player"", ""energy_tied_indicator""]",[],[],True
D:\02_AI_and_Data\Kaggle-AI-Agents\PTCG_AI_Battle_Challenge\reports\notebook54\section4\section4d_strict_card_source_inventory.csv,647,15,"[""file_name"", ""card_id_column"", ""card_name_column"", ""explicit_card_schema"", ""exact_tournament_card_matches""]","[""move_column""]","[""damage_column""]",[],[],"[""effect_column""]",True
D:\02_AI_and_Data\Kaggle-AI-Agents\PTCG_AI_Battle_Challenge\reports\notebook54\section3\section3b_structured_schema_discovery.csv,647,10,"[""card_columns""]","[""move_columns"", ""has_move_related_column""]","[""damage_columns""]","[""energy_columns""]","[""hp_columns""]","[""effect_columns""]",True
D:\02_AI_and_Data\Kaggle-AI-Agents\PTCG_AI_Battle_Challenge\reports\notebook28\self_play_dataset.csv,350,9,[],"[""chosen_move"", ""num_legal_moves""]",[],[],[],[],True
D:\02_AI_and_Data\Kaggle-AI-Agents\PTCG_AI_Battle_Challenge\reports\notebook28\training_examples.pkl,350,8,[],"[""legal_moves"", ""chosen_move""]",[],[],[],[],True
D:\02_AI_and_Data\Kaggle-AI-Agents\PTCG_AI_Battle_Challenge\reports\notebook54\section4\section4s_repaired_attack_energy_readiness.csv,269,17,"[""active_card"", ""attack_name""]","[""attack_name"", ""action_legal""]",[],"[""energy_requirement"", ""observed_energy"", ""energy_observed"", ""energy_source"", ""energy_status"", ""energy_ready"", ""confirmed_energy_ready_but_not_legal"", ""confirmed_legal_with_insufficient_energy"", ""legal_with_unknown_energy""]",[],[],True
D:\02_AI_and_Data\Kaggle-AI-Agents\PTCG_AI_Battle_Challenge\reports\notebook54\section4\section4r_verified_attack_energy_readiness.csv,269,16,"[""active_card"", ""official_card_id"", ""attack_name"", ""normalized_attack_name""]","[""attack_name"", ""normalized_attack_name"", ""action_legal""]","[""base_damage""]","[""acting_energy"", ""energy_requirement"", ""energy_ready"", ""energy_ready_but_not_legal"", ""legal_without_energy_ready""]",[],[],True
D:\02_AI_and_Data\Kaggle-AI-Agents\PTCG_AI_Battle_Challenge\reports\notebook54\section4\section4a_move_source_agreement.csv,268,8,"[""normalized_card_name"", ""normalized_move_name""]","[""normalized_move_name"", ""is_existing_benchmark_move""]","[""parsed_damage""]",[],[],[],True
D:\02_AI_and_Data\Kaggle-AI-Agents\PTCG_AI_Battle_Challenge\reports\notebook54\section4\section4l_actionable_annotations.csv,264,30,[],"[""action_type"", ""has_action_dictionary"", ""has_additional_actions"", ""has_action_destination"", ""has_next_action"", ""action_destination"", ""next_action""]",[],[],[],[],True
D:\02_AI_and_Data\Kaggle-AI-Agents\PTCG_AI_Battle_Challenge\reports\notebook54\section4\section4l_annotation_structure.csv,264,30,[],"[""action_type"", ""has_action_dictionary"", ""has_additional_actions"", ""has_action_destination"", ""has_next_action"", ""action_destination"", ""next_action""]",[],[],[],[],True
D:\02_AI_and_Data\Kaggle-AI-Agents\PTCG_AI_Battle_Challenge\reports\notebook46\actor_perspective_suspicious_records.csv,250,13,"[""player_name"", ""opponent_name"", ""selected_move_name""]","[""selected_move_name"", ""selected_move_index"", ""legal_move_count"", ""terminal_after_move""]","[""damage_applied""]",[],[],[],True
D:\02_AI_and_Data\Kaggle-AI-Agents\PTCG_AI_Battle_Challenge\reports\notebook53\section3\section3b_legality_aware_metadata.csv,210,15,"[""player_card"", ""opponent_card""]","[""raw_predicted_move"", ""selected_move"", ""routed_move"", ""masking_changed_action_recomputed""]",[],[],[],[],True
D:\02_AI_and_Data\Kaggle-AI-Agents\PTCG_AI_Battle_Challenge\reports\notebook53\section3\section3a_legality_aware_routing_analysis.csv,210,71,"[""condition_name"", ""player_card"", ""opponent_card"", ""active_card"", ""inactive_card"", ""single_legal_move_name""]","[""legal_moves"", ""selected_move"", ""raw_predicted_move"", ""selected_probability"", ""masking_changed_action"", ""legal_move_list"", ""legal_move_count_recomputed"", ""normalized_selected_move"", ""normalized_legal_moves"", ""masking_changed_action_recomputed"", ""masking_changed_action_stored"", ""selected_probability_numeric"", ""selected_masked_probability_numeric"", ""raw_to_selected_probability_gap"", ""masked_probability_gain"", ""legal_move_signature"", ""single_legal_move"", ""legal_action__ascension"", ""legal_action__bind_down"", ""legal_action__live_coal"", ""legal_action__pass"", ""legal_action__quick_attack"", ""legal_action__tuck_tail"", ""single_legal_move_name"", ""routed_move"", ""normalized_routed_move"", ""routed_move_legal""]","[""player_damage"", ""opponent_damage"", ""acting_damage"", ""defending_damage"", ""damage_band""]","[""starting_player_energy"", ""starting_opponent_energy"", ""player_energy"", ""opponent_energy"", ""acting_energy"", ""defending_energy"", ""energy_band""]","[""starting_player_hp"", ""starting_opponent_hp""]",[],True
D:\02_AI_and_Data\Kaggle-AI-Agents\PTCG_AI_Battle_Challenge\reports\notebook53\section2\section2b_root_cause_decision_data.csv,210,53,"[""condition_name"", ""player_card"", ""opponent_card"", ""active_card"", ""inactive_card""]","[""legal_moves"", ""selected_move"", ""raw_predicted_move"", ""selected_probability"", ""masking_changed_action"", ""legal_move_list"", ""legal_move_count_recomputed"", ""normalized_selected_move"", ""normalized_legal_moves"", ""masking_changed_action_recomputed"", ""masking_changed_action_stored"", ""selected_probability_numeric"", ""selected_masked_probability_numeric"", ""raw_to_selected_probability_gap"", ""masked_probability_gain"", ""legal_move_signature"", ""single_legal_move""]","[""player_damage"", ""opponent_damage"", ""acting_damage"", ""defending_damage"", ""damage_band""]","[""starting_player_energy"", ""starting_opponent_energy"", ""player_energy"", ""opponent_energy"", ""acting_energy"", ""defending_energy"", ""energy_band""]","[""starting_player_hp"", ""starting_opponent_hp""]",[],True
D:\02_AI_and_Data\Kaggle-AI-Agents\PTCG_AI_Battle_Challenge\reports\notebook53\section2\section2a_masking_decision_analysis.csv,210,37,"[""condition_name"", ""player_card"", ""opponent_card""]","[""legal_moves"", ""selected_move"", ""raw_predicted_move"", ""selected_probability"", ""masking_changed_action"", ""legal_move_list"", ""legal_move_count_recomputed"", ""normalized_selected_move"", ""normalized_legal_moves"", ""masking_changed_action_recomputed"", ""masking_changed_action_stored"", ""selected_probability_numeric"", ""selected_masked_probability_numeric"", ""raw_to_selected_probability_gap"", ""masked_probability_gain""]",[],"[""starting_player_energy"", ""starting_opponent_energy""]","[""starting_player_hp"", ""starting_opponent_hp""]",[],True
D:\02_AI_and_Data\Kaggle-AI-Agents\PTCG_AI_Battle_Challenge\reports\notebook54\section4\section4s_repaired_energy_decision_data.csv,210,38,"[""active_card"", ""active_card_resolved"", ""official_card_id""]","[""legal_moves"", ""selected_move"", ""legal_moves_resolved"", ""selected_move_resolved"", ""verified_printed_attacks"", ""verified_printed_attack_count"", ""legal_printed_attacks"", ""legal_control_actions"", ""legal_printed_attack_count"", ""legal_control_action_count"", ""genuine_multi_attack_state"", ""printed_attack_plus_control_state""]","[""acting_damage_resolved""]","[""acting_energy_resolved"", ""recovered_acting_energy"", ""energy_source"", ""energy_observed""]",[],[],True
D:\02_AI_and_Data\Kaggle-AI-Agents\PTCG_AI_Battle_Challenge\reports\notebook54\section4\section4r_verified_action_decision_data.csv,210,35,"[""active_card"", ""active_card_resolved"", ""official_card_id""]","[""legal_moves"", ""selected_move"", ""legal_moves_resolved"", ""selected_move_resolved"", ""verified_printed_attacks"", ""verified_printed_attack_count"", ""legal_printed_attacks"", ""legal_control_actions"", ""legal_printed_attack_count"", ""legal_control_action_count"", ""genuine_multi_attack_state"", ""printed_attack_plus_control_state""]","[""acting_damage_resolved""]","[""acting_energy_resolved""]",[],[],True
D:\02_AI_and_Data\Kaggle-AI-Agents\PTCG_AI_Battle_Challenge\reports\notebook54\section2\section2a_decision_opportunity_analysis.csv,210,29,"[""active_card"", ""player_card"", ""opponent_card""]","[""legal_moves"", ""selected_move"", ""legal_move_list"", ""legal_move_count"", ""action_state_type""]",[],[],"[""final_player_hp"", ""final_opponent_hp""]","[""decision_outcome_context""]",True
D:\02_AI_and_Data\Kaggle-AI-Agents\PTCG_AI_Battle_Challenge\reports\notebook53\section6\section6b_notebook52_benchmark_features.csv,210,41,"[""prize_cards_remaining"", ""active_card_can_use__ascension"", ""active_card_can_use__bind_down"", ""active_card_can_use__live_coal"", ""active_card_can_use__pass"", ""active_card_can_use__quick_attack"", ""active_card_can_use__tuck_tail"", ""player_card"", ""opponent_card"", ""active_card"", ""inactive_card""]","[""recomputed_legal_move_count"", ""single_legal_move_flag"", ""multi_legal_move_flag"", ""is_legal__quick_attack"", ""active_card_can_use__quick_attack"", ""legal_move_signature""]","[""player_damage"", ""opponent_damage"", ""acting_damage"", ""defending_damage"", ""damage_difference"", ""absolute_damage_difference"", ""damage_band""]","[""player_energy"", ""opponent_energy"", ""acting_energy"", ""defending_energy"", ""energy_difference"", ""absolute_energy_difference"", ""energy_band""]",[],[],True
D:\02_AI_and_Data\Kaggle-AI-Agents\PTCG_AI_Battle_Challenge\reports\notebook53\section6\section6b_notebook52_vs_notebook53_comparison.csv,210,21,"[""active_card""]","[""legal_move_signature"", ""legal_move_count"", ""notebook52_selected_move"", ""notebook52_masking_changed_action"", ""notebook53_routed_move"", ""notebook53_routed_move_legal"", ""action_state_type""]",[],[],[],[],True
D:\02_AI_and_Data\Kaggle-AI-Agents\PTCG_AI_Battle_Challenge\reports\notebook53\section3\section3b_legality_aware_model_features.csv,210,37,"[""active_card_can_use__ascension"", ""active_card_can_use__bind_down"", ""active_card_can_use__live_coal"", ""active_card_can_use__pass"", ""active_card_can_use__quick_attack"", ""active_card_can_use__tuck_tail"", ""active_card"", ""inactive_card""]","[""legal_move_count_recomputed"", ""single_legal_move_flag"", ""multi_legal_move_flag"", ""is_legal__quick_attack"", ""active_card_can_use__quick_attack"", ""legal_move_signature""]","[""acting_damage"", ""defending_damage"", ""damage_difference"", ""absolute_damage_difference"", ""damage_band""]","[""acting_energy"", ""defending_energy"", ""energy_difference"", ""absolute_energy_difference"", ""energy_band""]",[],[],True
D:\02_AI_and_Data\Kaggle-AI-Agents\PTCG_AI_Battle_Challenge\reports\notebook52\section5\section5b_expanded_policy_history.csv,210,14,[],"[""legal_moves"", ""selected_move"", ""raw_predicted_move"", ""selected_probability"", ""masking_changed_action""]",[],[],[],[],True
D:\02_AI_and_Data\Kaggle-AI-Agents\PTCG_AI_Battle_Challenge\reports\notebook53\section6\section6e_tournament_replay_policy_history.csv,210,14,"[""active_card""]","[""legal_moves"", ""selected_move""]",[],[],[],[],True
D:\02_AI_and_Data\Kaggle-AI-Agents\PTCG_AI_Battle_Challenge\reports\notebook52\section5\section5b_expanded_turn_results.csv,210,14,"[""pokemon_name"", ""move_name""]","[""move_name""]","[""damage""]",[],"[""player_hp_after"", ""opponent_hp_after""]",[],True
D:\02_AI_and_Data\Kaggle-AI-Agents\PTCG_AI_Battle_Challenge\reports\notebook53\section6\section6e_tournament_replay_turns.csv,210,14,"[""pokemon_name"", ""move_name""]","[""move_name""]","[""damage""]",[],"[""player_hp_after"", ""opponent_hp_after""]",[],True
D:\02_AI_and_Data\Kaggle-AI-Agents\PTCG_AI_Battle_Challenge\reports\notebook53\section6\section6c_policy_adapter_validation.csv,210,8,[],"[""legal_moves"", ""selected_move"", ""expected_move"", ""selected_move_legal"", ""matches_expected_move""]",[],[],[],[],True
D:\02_AI_and_Data\Kaggle-AI-Agents\PTCG_AI_Battle_Challenge\reports\notebook53\section3\section3b_legality_aware_targets.csv,210,1,[],"[""routed_move""]",[],[],[],[],True
D:\02_AI_and_Data\Kaggle-AI-Agents\PTCG_AI_Battle_Challenge\reports\notebook50\section2\dataset_splits\section2a_validation_dataset.csv,160,38,"[""variant_name"", ""baseline_name"", ""player_card"", ""opponent_card"", ""prize_cards_remaining""]","[""legal_move_count"", ""legal_moves"", ""expert_move"", ""expert_move_key""]","[""player_damage"", ""opponent_damage""]","[""player_energy"", ""opponent_energy""]",[],[],True
D:\02_AI_and_Data\Kaggle-AI-Agents\PTCG_AI_Battle_Challenge\reports\notebook50\section2\dataset_splits\section2a_test_dataset.csv,160,38,"[""variant_name"", ""baseline_name"", ""player_card"", ""opponent_card"", ""prize_cards_remaining""]","[""legal_move_count"", ""legal_moves"", ""expert_move"", ""expert_move_key""]","[""player_damage"", ""opponent_damage""]","[""player_energy"", ""opponent_energy""]",[],[],True
D:\02_AI_and_Data\Kaggle-AI-Agents\PTCG_AI_Battle_Challenge\reports\notebook50\section3\feature_engineering\section3a_validation_feature_dataset.csv,160,49,"[""prize_cards_remaining_numeric"", ""variant_name_category"", ""baseline_name_category"", ""player_card_category"", ""opponent_card_category"", ""card_matchup""]","[""expert_action_display"", ""legal_move_count_numeric"", ""legal_attack_count"", ""multiple_actions_available"", ""legal_move_signature""]","[""player_damage_numeric"", ""opponent_damage_numeric"", ""damage_advantage_player"", ""side_relative_damage_advantage"", ""total_damage_in_play"", ""damage_ratio_player"", ""damage_tied_indicator""]","[""player_energy_numeric"", ""opponent_energy_numeric"", ""energy_advantage_player"", ""side_relative_energy_advantage"", ""total_energy_in_play"", ""energy_ratio_player"", ""energy_tied_indicator""]",[],[],True
D:\02_AI_and_Data\Kaggle-AI-Agents\PTCG_AI_Battle_Challenge\reports\notebook50\section3\feature_engineering\section3a_test_feature_dataset.csv,160,49,"[""prize_cards_remaining_numeric"", ""variant_name_category"", ""baseline_name_category"", ""player_card_category"", ""opponent_card_category"", ""card_matchup""]","[""expert_action_display"", ""legal_move_count_numeric"", ""legal_attack_count"", ""multiple_actions_available"", ""legal_move_signature""]","[""player_damage_numeric"", ""opponent_damage_numeric"", ""damage_advantage_player"", ""side_relative_damage_advantage"", ""total_damage_in_play"", ""damage_ratio_player"", ""damage_tied_indicator""]","[""player_energy_numeric"", ""opponent_energy_numeric"", ""energy_advantage_player"", ""side_relative_energy_advantage"", ""total_energy_in_play"", ""energy_ratio_player"", ""energy_tied_indicator""]",[],[],True
D:\02_AI_and_Data\Kaggle-AI-Agents\PTCG_AI_Battle_Challenge\reports\notebook54\section4\section4a_preferred_move_catalog.csv,151,15,"[""card_name"", ""move_name""]","[""move_name"", ""is_existing_benchmark_move""]","[""damage"", ""damage_conflict"", ""all_damage_values"", ""fixed_damage_supported""]",[],[],[],True
D:\02_AI_and_Data\Kaggle-AI-Agents\PTCG_AI_Battle_Challenge\reports\notebook54\section4\section4a_move_damage_conflicts.csv,151,8,"[""normalized_card_name"", ""normalized_move_name""]","[""normalized_move_name""]","[""distinct_damage_values"", ""damage_values"", ""damage_conflict""]",[],[],[],True
D:\02_AI_and_Data\Kaggle-AI-Agents\PTCG_AI_Battle_Challenge\reports\notebook53\section2\section2a_illegal_raw_predictions.csv,151,37,"[""condition_name"", ""player_card"", ""opponent_card""]","[""legal_moves"", ""selected_move"", ""raw_predicted_move"", ""selected_probability"", ""masking_changed_action"", ""legal_move_list"", ""legal_move_count_recomputed"", ""normalized_selected_move"", ""normalized_legal_moves"", ""masking_changed_action_recomputed"", ""masking_changed_action_stored"", ""selected_probability_numeric"", ""selected_masked_probability_numeric"", ""raw_to_selected_probability_gap"", ""masked_probability_gain""]",[],"[""starting_player_energy"", ""starting_opponent_energy""]","[""starting_player_hp"", ""starting_opponent_hp""]",[],True
D:\02_AI_and_Data\Kaggle-AI-Agents\PTCG_AI_Battle_Challenge\reports\notebook53\section2\section2a_masked_decisions.csv,151,37,"[""condition_name"", ""player_card"", ""opponent_card""]","[""legal_moves"", ""selected_move"", ""raw_predicted_move"", ""selected_probability"", ""masking_changed_action"", ""legal_move_list"", ""legal_move_count_recomputed"", ""normalized_selected_move"", ""normalized_legal_moves"", ""masking_changed_action_recomputed"", ""masking_changed_action_stored"", ""selected_probability_numeric"", ""selected_masked_probability_numeric"", ""raw_to_selected_probability_gap"", ""masked_probability_gain""]",[],"[""starting_player_energy"", ""starting_opponent_energy""]","[""starting_player_hp"", ""starting_opponent_hp""]",[],True
D:\02_AI_and_Data\Kaggle-AI-Agents\PTCG_AI_Battle_Challenge\reports\notebook47\competitive_policy_test_predictions.csv,128,17,"[""actor_name"", ""defender_name"", ""legal_move_names""]","[""legal_move_count"", ""legal_move_names"", ""target_move"", ""predicted_move""]","[""damage_applied""]",[],[],[],True
D:\02_AI_and_Data\Kaggle-AI-Agents\PTCG_AI_Battle_Challenge\reports\notebook54\section4\section4j_upstream_identifier_evidence.csv,124,8,"[""card_name"", ""card_id""]","[""matched_moves"", ""move_match_count""]",[],[],"[""hp_candidates""]",[],True
D:\02_AI_and_Data\Kaggle-AI-Agents\PTCG_AI_Battle_Challenge\reports\notebook54\section4\section4a_move_records_manual_review.csv,114,15,"[""card_name"", ""move_name""]","[""move_name"", ""is_existing_benchmark_move""]","[""damage"", ""damage_conflict"", ""all_damage_values"", ""fixed_damage_supported""]",[],[],[],True
D:\02_AI_and_Data\Kaggle-AI-Agents\PTCG_AI_Battle_Challenge\reports\notebook53\section6\section6a_validation_predictions.csv,110,25,"[""baseline_name""]","[""expert_move"", ""actual_move"", ""predicted_move"", ""predicted_move_legal"", ""legal_move_signature"", ""legal_move_count"", ""probability__Ascension"", ""probability__Bind Down"", ""probability__Live Coal"", ""probability__Pass"", ""probability__Quick Attack"", ""probability__Tuck Tail""]",[],[],[],[],True
D:\02_AI_and_Data\Kaggle-AI-Agents\PTCG_AI_Battle_Challenge\reports\notebook53\section6\section6a_test_predictions.csv,110,25,"[""baseline_name""]","[""expert_move"", ""actual_move"", ""predicted_move"", ""predicted_move_legal"", ""legal_move_signature"", ""legal_move_count"", ""probability__Ascension"", ""probability__Bind Down"", ""probability__Live Coal"", ""probability__Pass"", ""probability__Quick Attack"", ""probability__Tuck Tail""]",[],[],[],[],True
D:\02_AI_and_Data\Kaggle-AI-Agents\PTCG_AI_Battle_Challenge\reports\notebook53\section5\section5b_validation_encoded_features.csv,110,64,"[""numeric__prize_cards_remaining"", ""numeric__active_card_can_use__ascension"", ""numeric__active_card_can_use__bind_down"", ""numeric__active_card_can_use__live_coal"", ""numeric__active_card_can_use__pass"", ""numeric__active_card_can_use__quick_attack"", ""numeric__active_card_can_use__tuck_tail"", ""categorical__player_card_Bulbasaur"", ""categorical__player_card_Charmander"", ""categorical__player_card_Eevee"", ""categorical__player_card_Meowth"", ""categorical__opponent_card_Charmander"", ""categorical__opponent_card_Eevee"", ""categorical__active_card_Bulbasaur"", ""categorical__active_card_Charmander"", ""categorical__active_card_Eevee"", ""categorical__active_card_Meowth"", ""categorical__inactive_card_Bulbasaur"", ""categorical__inactive_card_Charmander"", ""categorical__inactive_card_Eevee"", ""categorical__inactive_card_Meowth""]","[""numeric__recomputed_legal_move_count"", ""numeric__single_legal_move_flag"", ""numeric__multi_legal_move_flag"", ""numeric__is_legal__quick_attack"", ""numeric__active_card_can_use__quick_attack"", ""categorical__legal_move_signature_ascension"", ""categorical__legal_move_signature_ascension | quick attack"", ""categorical__legal_move_signature_bind down"", ""categorical__legal_move_signature_live coal"", ""categorical__legal_move_signature_pass"", ""categorical__legal_move_signature_tuck tail""]","[""numeric__player_damage"", ""numeric__opponent_damage"", ""numeric__acting_damage"", ""numeric__defending_damage"", ""numeric__damage_difference"", ""numeric__absolute_damage_difference"", ""categorical__damage_band_HIGH_DAMAGE"", ""categorical__damage_band_LOW_DAMAGE"", ""categorical__damage_band_MEDIUM_DAMAGE""]","[""numeric__player_energy"", ""numeric__opponent_energy"", ""numeric__acting_energy"", ""numeric__defending_energy"", ""numeric__energy_difference"", ""numeric__absolute_energy_difference"", ""categorical__energy_band_LOW"", ""categorical__energy_band_READY"", ""categorical__energy_band_ZERO""]",[],[],True
D:\02_AI_and_Data\Kaggle-AI-Agents\PTCG_AI_Battle_Challenge\reports\notebook53\section5\section5b_test_encoded_features.csv,110,64,"[""numeric__prize_cards_remaining"", ""numeric__active_card_can_use__ascension"", ""numeric__active_card_can_use__bind_down"", ""numeric__active_card_can_use__live_coal"", ""numeric__active_card_can_use__pass"", ""numeric__active_card_can_use__quick_attack"", ""numeric__active_card_can_use__tuck_tail"", ""categorical__player_card_Bulbasaur"", ""categorical__player_card_Charmander"", ""categorical__player_card_Eevee"", ""categorical__player_card_Meowth"", ""categorical__opponent_card_Charmander"", ""categorical__opponent_card_Eevee"", ""categorical__active_card_Bulbasaur"", ""categorical__active_card_Charmander"", ""categorical__active_card_Eevee"", ""categorical__active_card_Meowth"", ""categorical__inactive_card_Bulbasaur"", ""categorical__inactive_card_Charmander"", ""categorical__inactive_card_Eevee"", ""categorical__inactive_card_Meowth""]","[""numeric__recomputed_legal_move_count"", ""numeric__single_legal_move_flag"", ""numeric__multi_legal_move_flag"", ""numeric__is_legal__quick_attack"", ""numeric__active_card_can_use__quick_attack"", ""categorical__legal_move_signature_ascension"", ""categorical__legal_move_signature_ascension | quick attack"", ""categorical__legal_move_signature_bind down"", ""categorical__legal_move_signature_live coal"", ""categorical__legal_move_signature_pass"", ""categorical__legal_move_signature_tuck tail""]","[""numeric__player_damage"", ""numeric__opponent_damage"", ""numeric__acting_damage"", ""numeric__defending_damage"", ""numeric__damage_difference"", ""numeric__absolute_damage_difference"", ""categorical__damage_band_HIGH_DAMAGE"", ""categorical__damage_band_LOW_DAMAGE"", ""categorical__damage_band_MEDIUM_DAMAGE""]","[""numeric__player_energy"", ""numeric__opponent_energy"", ""numeric__acting_energy"", ""numeric__defending_energy"", ""numeric__energy_difference"", ""numeric__absolute_energy_difference"", ""categorical__energy_band_LOW"", ""categorical__energy_band_READY"", ""categorical__energy_band_ZERO""]",[],[],True
D:\02_AI_and_Data\Kaggle-AI-Agents\PTCG_AI_Battle_Challenge\reports\notebook53\section5\section5a_test_features.csv,110,41,"[""prize_cards_remaining"", ""active_card_can_use__ascension"", ""active_card_can_use__bind_down"", ""active_card_can_use__live_coal"", ""active_card_can_use__pass"", ""active_card_can_use__quick_attack"", ""active_card_can_use__tuck_tail"", ""player_card"", ""opponent_card"", ""active_card"", ""inactive_card""]","[""recomputed_legal_move_count"", ""single_legal_move_flag"", ""multi_legal_move_flag"", ""is_legal__quick_attack"", ""active_card_can_use__quick_attack"", ""legal_move_signature""]","[""player_damage"", ""opponent_damage"", ""acting_damage"", ""defending_damage"", ""damage_difference"", ""absolute_damage_difference"", ""damage_band""]","[""player_energy"", ""opponent_energy"", ""acting_energy"", ""defending_energy"", ""energy_difference"", ""absolute_energy_difference"", ""energy_band""]",[],[],True
D:\02_AI_and_Data\Kaggle-AI-Agents\PTCG_AI_Battle_Challenge\reports\notebook53\section5\section5a_validation_features.csv,110,41,"[""prize_cards_remaining"", ""active_card_can_use__ascension"", ""active_card_can_use__bind_down"", ""active_card_can_use__live_coal"", ""active_card_can_use__pass"", ""active_card_can_use__quick_attack"", ""active_card_can_use__tuck_tail"", ""player_card"", ""opponent_card"", ""active_card"", ""inactive_card""]","[""recomputed_legal_move_count"", ""single_legal_move_flag"", ""multi_legal_move_flag"", ""is_legal__quick_attack"", ""active_card_can_use__quick_attack"", ""legal_move_signature""]","[""player_damage"", ""opponent_damage"", ""acting_damage"", ""defending_damage"", ""damage_difference"", ""absolute_damage_difference"", ""damage_band""]","[""player_energy"", ""opponent_energy"", ""acting_energy"", ""defending_energy"", ""energy_difference"", ""absolute_energy_difference"", ""energy_band""]",[],[],True
D:\02_AI_and_Data\Kaggle-AI-Agents\PTCG_AI_Battle_Challenge\reports\notebook53\section5\section5a_test_targets.csv,110,1,[],"[""expert_move""]",[],[],[],[],True
D:\02_AI_and_Data\Kaggle-AI-Agents\PTCG_AI_Battle_Challenge\reports\notebook53\section5\section5a_validation_targets.csv,110,1,[],"[""expert_move""]",[],[],[],[],True
D:\02_AI_and_Data\Kaggle-AI-Agents\PTCG_AI_Battle_Challenge\reports\notebook54\section3\section3a_player_decisions.csv,103,30,"[""active_card"", ""player_card"", ""opponent_card""]","[""legal_moves"", ""selected_move"", ""legal_move_list"", ""legal_move_count"", ""action_state_type""]",[],[],"[""final_player_hp"", ""final_opponent_hp""]","[""decision_outcome_context""]",True
D:\02_AI_and_Data\Kaggle-AI-Agents\PTCG_AI_Battle_Challenge\reports\notebook26\tournament_benchmark.json,100,8,[],"[""returned_action"", ""expected_action""]",[],[],[],[],True
D:\02_AI_and_Data\Kaggle-AI-Agents\PTCG_AI_Battle_Challenge\reports\notebook49\section6_ranked_labeling_methods.csv,78,8,"[""parameter_names""]","[""replay_suitability_score"", ""labeling_suitability_score""]",[],[],[],[],True
D:\02_AI_and_Data\Kaggle-AI-Agents\PTCG_AI_Battle_Challenge\reports\notebook49\section6_ranked_replay_methods.csv,78,7,"[""parameter_names""]","[""replay_suitability_score""]",[],[],[],[],True
D:\02_AI_and_Data\Kaggle-AI-Agents\PTCG_AI_Battle_Challenge\notebooks\data\processed\starter_deck.pkl,60,13,"[""card_id"", ""name""]","[""attacks""]",[],[],"[""hp""]","[""effect""]",True
D:\02_AI_and_Data\Kaggle-AI-Agents\PTCG_AI_Battle_Challenge\notebooks\data\processed\lightning_deck.pkl,60,13,"[""card_id"", ""name""]","[""attacks""]",[],[],"[""hp""]","[""effect""]",True
D:\02_AI_and_Data\Kaggle-AI-Agents\PTCG_AI_Battle_Challenge\reports\notebook53\section2\section2a_direct_decisions.csv,59,37,"[""condition_name"", ""player_card"", ""opponent_card""]","[""legal_moves"", ""selected_move"", ""raw_predicted_move"", ""selected_probability"", ""masking_changed_action"", ""legal_move_list"", ""legal_move_count_recomputed"", ""normalized_selected_move"", ""normalized_legal_moves"", ""masking_changed_action_recomputed"", ""masking_changed_action_stored"", ""selected_probability_numeric"", ""selected_masked_probability_numeric"", ""raw_to_selected_probability_gap"", ""masked_probability_gain""]",[],"[""starting_player_energy"", ""starting_opponent_energy""]","[""starting_player_hp"", ""starting_opponent_hp""]",[],True
D:\02_AI_and_Data\Kaggle-AI-Agents\PTCG_AI_Battle_Challenge\reports\notebook52\section4\section4a_single_pass_policy_history.csv,56,12,"[""scenario_name""]","[""legal_moves"", ""selected_move"", ""raw_predicted_move"", ""selected_probability""]",[],[],[],[],True
D:\02_AI_and_Data\Kaggle-AI-Agents\PTCG_AI_Battle_Challenge\reports\notebook52\section4\section4a_single_pass_turn_results.csv,56,15,"[""scenario_name"", ""pokemon_name"", ""move_name""]","[""move_name""]","[""damage""]",[],"[""player_hp_after"", ""opponent_hp_after""]",[],True
D:\02_AI_and_Data\Kaggle-AI-Agents\PTCG_AI_Battle_Challenge\reports\notebook47\competitive_policy_training_history.csv,50,13,[],"[""validation_multi_action_accuracy"", ""validation_multi_action_loss""]",[],[],[],[],True
D:\02_AI_and_Data\Kaggle-AI-Agents\PTCG_AI_Battle_Challenge\reports\notebook52\section3\section3b_tournament_scenario_probabilities.csv,48,7,"[""scenario_name""]","[""policy_move"", ""probability""]",[],[],[],[],True
D:\02_AI_and_Data\Kaggle-AI-Agents\PTCG_AI_Battle_Challenge\reports\notebook53\section6\section6e_recovered_scenario_legal_sets.csv,46,4,[],"[""legal_moves"", ""legal_move_count""]",[],[],[],[],True
D:\02_AI_and_Data\Kaggle-AI-Agents\PTCG_AI_Battle_Challenge\reports\notebook54\section4\section4a_safe_action_catalog.csv,37,16,"[""card_name"", ""move_name""]","[""move_name"", ""is_existing_benchmark_move"", ""move_dictionary""]","[""damage"", ""damage_conflict"", ""all_damage_values"", ""fixed_damage_supported""]",[],[],[],True
D:\02_AI_and_Data\Kaggle-AI-Agents\PTCG_AI_Battle_Challenge\reports\notebook50\section1\environment_and_handoff\section1c_column_profile.csv,37,8,[],"[""null_fraction""]",[],[],[],[],True
D:\02_AI_and_Data\Kaggle-AI-Agents\PTCG_AI_Battle_Challenge\reports\notebook54\section4\section4a_additional_source_backed_moves.csv,32,15,"[""card_name"", ""move_name""]","[""move_name"", ""is_existing_benchmark_move""]","[""damage"", ""damage_conflict"", ""all_damage_values"", ""fixed_damage_supported""]",[],[],[],True
D:\02_AI_and_Data\Kaggle-AI-Agents\PTCG_AI_Battle_Challenge\reports\notebook54\section4\section4c_candidate_provenance_audit.csv,32,27,"[""card_name"", ""move_name"", ""numeric_vector_name"", ""plausible_move_name""]","[""move_name"", ""is_existing_benchmark_move"", ""candidate_move_dictionary"", ""damage_improves_current_attack"", ""plausible_move_name""]","[""damage"", ""damage_conflict"", ""all_damage_values"", ""fixed_damage_supported"", ""benchmark_damage_reference"", ""damage_improvement_over_benchmark"", ""damage_improves_current_attack""]",[],[],[],True
D:\02_AI_and_Data\Kaggle-AI-Agents\PTCG_AI_Battle_Challenge\reports\notebook54\section4\section4c_rejected_false_candidates.csv,32,27,"[""card_name"", ""move_name"", ""numeric_vector_name"", ""plausible_move_name""]","[""move_name"", ""is_existing_benchmark_move"", ""candidate_move_dictionary"", ""damage_improves_current_attack"", ""plausible_move_name""]","[""damage"", ""damage_conflict"", ""all_damage_values"", ""fixed_damage_supported"", ""benchmark_damage_reference"", ""damage_improvement_over_benchmark"", ""damage_improves_current_attack""]",[],[],[],True
D:\02_AI_and_Data\Kaggle-AI-Agents\PTCG_AI_Battle_Challenge\reports\notebook54\section4\section4b_transition_validated_candidate_catalog.csv,32,21,"[""card_name"", ""move_name""]","[""move_name"", ""is_existing_benchmark_move"", ""candidate_move_dictionary"", ""damage_improves_current_attack""]","[""damage"", ""damage_conflict"", ""all_damage_values"", ""fixed_damage_supported"", ""benchmark_damage_reference"", ""damage_improvement_over_benchmark"", ""damage_improves_current_attack""]",[],[],[],True
D:\02_AI_and_Data\Kaggle-AI-Agents\PTCG_AI_Battle_Challenge\reports\notebook54\section4\section4b_candidate_transition_results.csv,32,22,"[""card_name"", ""move_name""]","[""move_name""]","[""declared_damage"", ""damage_applied"", ""expected_damage_applied""]",[],"[""initial_player_hp"", ""initial_opponent_hp"", ""actual_player_hp"", ""actual_opponent_hp"", ""expected_hp_reached"", ""player_hp_unchanged"", ""hp_nonnegative""]",[],True
D:\02_AI_and_Data\Kaggle-AI-Agents\PTCG_AI_Battle_Challenge\reports\notebook54\section2\section2b_battle_root_cause_profile.csv,24,25,"[""player_card"", ""opponent_card""]","[""selected_moves"", ""one_attack_swing_candidate""]",[],[],"[""final_player_hp"", ""final_opponent_hp"", ""final_hp_margin_player"", ""absolute_final_hp_margin""]",[],True
D:\02_AI_and_Data\Kaggle-AI-Agents\PTCG_AI_Battle_Challenge\reports\notebook53\section6\section6e_tournament_replay_battles.csv,24,22,"[""player_card"", ""opponent_card""]","[""single_action_direct_decisions""]",[],[],"[""final_player_hp"", ""final_opponent_hp""]",[],True
D:\02_AI_and_Data\Kaggle-AI-Agents\PTCG_AI_Battle_Challenge\reports\notebook52\section5\section5a_expanded_scenario_validation.csv,24,22,"[""scenario_name"", ""player_card"", ""opponent_card""]","[""legal_move_count"", ""legal_moves"", ""raw_predicted_move"", ""selected_move""]",[],"[""player_energy"", ""opponent_energy""]","[""player_hp"", ""opponent_hp""]",[],True
D:\02_AI_and_Data\Kaggle-AI-Agents\PTCG_AI_Battle_Challenge\reports\notebook54\section2\section2b_strategic_root_cause_decisions.csv,23,34,"[""active_card"", ""player_card"", ""opponent_card""]","[""legal_moves"", ""selected_move"", ""legal_move_list"", ""legal_move_count"", ""action_state_type""]",[],[],"[""final_player_hp"", ""final_opponent_hp""]","[""decision_outcome_context""]",True
D:\02_AI_and_Data\Kaggle-AI-Agents\PTCG_AI_Battle_Challenge\reports\notebook54\section2\section2a_multi_action_opportunities.csv,23,31,"[""active_card"", ""player_card"", ""opponent_card""]","[""legal_moves"", ""selected_move"", ""legal_move_list"", ""legal_move_count"", ""action_state_type""]",[],[],"[""final_player_hp"", ""final_opponent_hp""]","[""decision_outcome_context""]",True
D:\02_AI_and_Data\Kaggle-AI-Agents\PTCG_AI_Battle_Challenge\reports\notebook54\section2\section2a_priority_decisions.csv,23,18,"[""active_card"", ""player_card"", ""opponent_card""]","[""legal_move_list"", ""selected_move""]",[],[],[],[],True
D:\02_AI_and_Data\Kaggle-AI-Agents\PTCG_AI_Battle_Challenge\reports\notebook54\section3\section3a_player_move_repetition.csv,22,13,"[""player_card"", ""opponent_card""]","[""unique_selected_moves"", ""selected_move_sequence"", ""legal_move_sets"", ""single_move_repeated""]",[],[],[],[],True
D:\02_AI_and_Data\Kaggle-AI-Agents\PTCG_AI_Battle_Challenge\reports\notebook47\competitive_policy_test_errors.csv,22,17,"[""actor_name"", ""defender_name"", ""legal_move_names""]","[""legal_move_count"", ""legal_move_names"", ""target_move"", ""predicted_move""]","[""damage_applied""]",[],[],[],True
D:\02_AI_and_Data\Kaggle-AI-Agents\PTCG_AI_Battle_Challenge\reports\notebook50\section1\environment_and_handoff\section1b_policy_dataset_preview.csv,20,37,"[""variant_name"", ""baseline_name"", ""player_card"", ""opponent_card"", ""prize_cards_remaining""]","[""legal_move_count"", ""legal_moves"", ""expert_move"", ""expert_move_key""]","[""player_damage"", ""opponent_damage""]","[""player_energy"", ""opponent_energy""]",[],[],True
D:\02_AI_and_Data\Kaggle-AI-Agents\PTCG_AI_Battle_Challenge\reports\notebook49\section7\section7b_state_smoke_tests.csv,20,12,"[""player_card"", ""opponent_card"", ""legal_move_names""]","[""player_attack_count"", ""opponent_attack_count"", ""legal_moves_generated"", ""legal_move_count"", ""legal_move_names""]",[],"[""player_energy"", ""opponent_energy""]",[],[],True
D:\02_AI_and_Data\Kaggle-AI-Agents\PTCG_AI_Battle_Challenge\reports\notebook50\section6\section6b_deployment_smoke_test.csv,20,8,[],"[""expected_move"", ""reloaded_move"", ""maximum_probability"", ""probability_sum""]",[],[],[],[],True
D:\02_AI_and_Data\Kaggle-AI-Agents\PTCG_AI_Battle_Challenge\reports\notebook48\tournament_setup_summary.json,18,19,[],"[""checkpoint_multi_action_metrics"", ""notebook47_multi_action_accuracy""]",[],[],[],[],True
D:\02_AI_and_Data\Kaggle-AI-Agents\PTCG_AI_Battle_Challenge\reports\notebook53\section5\section5a_target_distribution_by_split.csv,18,6,[],"[""expert_move"", ""split_fraction""]",[],[],[],[],True
D:\02_AI_and_Data\Kaggle-AI-Agents\PTCG_AI_Battle_Challenge\reports\notebook53\section5\section5a_signature_distribution_by_split.csv,18,5,[],"[""legal_move_signature"", ""split_fraction""]",[],[],[],[],True
D:\02_AI_and_Data\Kaggle-AI-Agents\PTCG_AI_Battle_Challenge\reports\notebook54\section2\section2b_losing_battle_root_causes.csv,14,25,"[""player_card"", ""opponent_card""]","[""selected_moves"", ""one_attack_swing_candidate""]",[],[],"[""final_player_hp"", ""final_opponent_hp"", ""final_hp_margin_player"", ""absolute_final_hp_margin""]",[],True
D:\02_AI_and_Data\Kaggle-AI-Agents\PTCG_AI_Battle_Challenge\reports\notebook54\section3\section3a_losing_scenario_bottlenecks.csv,14,28,"[""player_card"", ""opponent_card""]","[""selected_moves"", ""one_attack_swing_candidate""]",[],[],"[""final_player_hp"", ""final_opponent_hp"", ""final_hp_margin_player"", ""absolute_final_hp_margin""]",[],True
D:\02_AI_and_Data\Kaggle-AI-Agents\PTCG_AI_Battle_Challenge\reports\notebook50\section1\environment_and_handoff\section1c_dataset_validation_summary.json,11,27,"[""section_name""]","[""opponent_side_fraction"", ""missing_best_moves"", ""blank_best_moves"", ""invalid_legal_move_counts"", ""nonpositive_legal_move_counts""]",[],[],[],[],True
D:\02_AI_and_Data\Kaggle-AI-Agents\PTCG_AI_Battle_Challenge\reports\notebook46\real_search_expert_summary.json,11,18,[],"[""move_dimension"", ""average_legal_moves"", ""selected_move_distribution""]","[""average_damage_applied""]",[],[],[],True
D:\02_AI_and_Data\Kaggle-AI-Agents\PTCG_AI_Battle_Challenge\reports\notebook54\section4\section4b_candidate_damage_profile.csv,11,4,"[""cards""]","[""candidate_moves""]","[""declared_damage""]",[],[],[],True
D:\02_AI_and_Data\Kaggle-AI-Agents\PTCG_AI_Battle_Challenge\reports\notebook54\section4\section4p_attack_profile.csv,10,12,"[""card_id"", ""card_name"", ""attack_name"", ""normalized_attack_name""]","[""attack_order"", ""attack_name"", ""attack_effect_summary"", ""normalized_attack_name""]","[""printed_damage"", ""base_damage"", ""variable_damage""]","[""energy_symbol_count""]",[],"[""attack_effect_summary""]",True
D:\02_AI_and_Data\Kaggle-AI-Agents\PTCG_AI_Battle_Challenge\reports\notebook54\section3\section3b_apply_move_field_usage.csv,10,3,[],"[""referenced_by_apply_move""]",[],[],[],[],True
D:\02_AI_and_Data\Kaggle-AI-Agents\PTCG_AI_Battle_Challenge\reports\notebook49\section7\scenario_traces\state_variants\NB48_LOSS_128.jsonl,10,30,"[""variant_name"", ""baseline_name"", ""player_card"", ""opponent_card"", ""prize_cards_remaining""]","[""player_damage_fraction"", ""opponent_damage_fraction"", ""legal_move_count"", ""legal_moves""]","[""player_damage"", ""opponent_damage"", ""player_damage_fraction"", ""opponent_damage_fraction""]","[""player_energy"", ""opponent_energy""]",[],[],True
D:\02_AI_and_Data\Kaggle-AI-Agents\PTCG_AI_Battle_Challenge\reports\notebook49\section7\scenario_traces\state_variants\NB48_LOSS_164.jsonl,10,30,"[""variant_name"", ""baseline_name"", ""player_card"", ""opponent_card"", ""prize_cards_remaining""]","[""player_damage_fraction"", ""opponent_damage_fraction"", ""legal_move_count"", ""legal_moves""]","[""player_damage"", ""opponent_damage"", ""player_damage_fraction"", ""opponent_damage_fraction""]","[""player_energy"", ""opponent_energy""]",[],[],True
D:\02_AI_and_Data\Kaggle-AI-Agents\PTCG_AI_Battle_Challenge\reports\notebook49\section7\scenario_traces\state_variants\NB48_LOSS_176.jsonl,10,30,"[""variant_name"", ""baseline_name"", ""player_card"", ""opponent_card"", ""prize_cards_remaining""]","[""player_damage_fraction"", ""opponent_damage_fraction"", ""legal_move_count"", ""legal_moves""]","[""player_damage"", ""opponent_damage"", ""player_damage_fraction"", ""opponent_damage_fraction""]","[""player_energy"", ""opponent_energy""]",[],[],True
D:\02_AI_and_Data\Kaggle-AI-Agents\PTCG_AI_Battle_Challenge\reports\notebook49\section7\scenario_traces\state_variants\NB48_LOSS_104.jsonl,10,30,"[""variant_name"", ""baseline_name"", ""player_card"", ""opponent_card"", ""prize_cards_remaining""]","[""player_damage_fraction"", ""opponent_damage_fraction"", ""legal_move_count"", ""legal_moves""]","[""player_damage"", ""opponent_damage"", ""player_damage_fraction"", ""opponent_damage_fraction""]","[""player_energy"", ""opponent_energy""]",[],[],True
D:\02_AI_and_Data\Kaggle-AI-Agents\PTCG_AI_Battle_Challenge\reports\notebook49\section7\scenario_traces\state_variants\NB48_LOSS_140.jsonl,10,30,"[""variant_name"", ""baseline_name"", ""player_card"", ""opponent_card"", ""prize_cards_remaining""]","[""player_damage_fraction"", ""opponent_damage_fraction"", ""legal_move_count"", ""legal_moves""]","[""player_damage"", ""opponent_damage"", ""player_damage_fraction"", ""opponent_damage_fraction""]","[""player_energy"", ""opponent_energy""]",[],[],True
D:\02_AI_and_Data\Kaggle-AI-Agents\PTCG_AI_Battle_Challenge\reports\notebook49\section7\scenario_traces\state_variants\NB48_LOSS_152.jsonl,10,30,"[""variant_name"", ""baseline_name"", ""player_card"", ""opponent_card"", ""prize_cards_remaining""]","[""player_damage_fraction"", ""opponent_damage_fraction"", ""legal_move_count"", ""legal_moves""]","[""player_damage"", ""opponent_damage"", ""player_damage_fraction"", ""opponent_damage_fraction""]","[""player_energy"", ""opponent_energy""]",[],[],True
D:\02_AI_and_Data\Kaggle-AI-Agents\PTCG_AI_Battle_Challenge\reports\notebook49\section7\scenario_traces\state_variants\NB48_LOSS_188.jsonl,10,30,"[""variant_name"", ""baseline_name"", ""player_card"", ""opponent_card"", ""prize_cards_remaining""]","[""player_damage_fraction"", ""opponent_damage_fraction"", ""legal_move_count"", ""legal_moves""]","[""player_damage"", ""opponent_damage"", ""player_damage_fraction"", ""opponent_damage_fraction""]","[""player_energy"", ""opponent_energy""]",[],[],True
D:\02_AI_and_Data\Kaggle-AI-Agents\PTCG_AI_Battle_Challenge\reports\notebook49\section7\scenario_traces\state_variants\NB48_LOSS_200.jsonl,10,30,"[""variant_name"", ""baseline_name"", ""player_card"", ""opponent_card"", ""prize_cards_remaining""]","[""player_damage_fraction"", ""opponent_damage_fraction"", ""legal_move_count"", ""legal_moves""]","[""player_damage"", ""opponent_damage"", ""player_damage_fraction"", ""opponent_damage_fraction""]","[""player_energy"", ""opponent_energy""]",[],[],True
D:\02_AI_and_Data\Kaggle-AI-Agents\PTCG_AI_Battle_Challenge\reports\notebook49\section7\scenario_traces\state_variants\NB48_LOSS_116.jsonl,10,30,"[""variant_name"", ""baseline_name"", ""player_card"", ""opponent_card"", ""prize_cards_remaining""]","[""player_damage_fraction"", ""opponent_damage_fraction"", ""legal_move_count"", ""legal_moves""]","[""player_damage"", ""opponent_damage"", ""player_damage_fraction"", ""opponent_damage_fraction""]","[""player_energy"", ""opponent_energy""]",[],[],True
D:\02_AI_and_Data\Kaggle-AI-Agents\PTCG_AI_Battle_Challenge\reports\notebook49\section7\scenario_traces\state_variants\NB48_LOSS_100.jsonl,10,30,"[""variant_name"", ""baseline_name"", ""player_card"", ""opponent_card"", ""prize_cards_remaining""]","[""player_damage_fraction"", ""opponent_damage_fraction"", ""legal_move_count"", ""legal_moves""]","[""player_damage"", ""opponent_damage"", ""player_damage_fraction"", ""opponent_damage_fraction""]","[""player_energy"", ""opponent_energy""]",[],[],True
D:\02_AI_and_Data\Kaggle-AI-Agents\PTCG_AI_Battle_Challenge\reports\notebook49\section7\scenario_traces\state_variants\NB48_LOSS_88.jsonl,10,30,"[""variant_name"", ""baseline_name"", ""player_card"", ""opponent_card"", ""prize_cards_remaining""]","[""player_damage_fraction"", ""opponent_damage_fraction"", ""legal_move_count"", ""legal_moves""]","[""player_damage"", ""opponent_damage"", ""player_damage_fraction"", ""opponent_damage_fraction""]","[""player_energy"", ""opponent_energy""]",[],[],True
D:\02_AI_and_Data\Kaggle-AI-Agents\PTCG_AI_Battle_Challenge\reports\notebook49\section7\scenario_traces\state_variants\NB48_LOSS_52.jsonl,10,30,"[""variant_name"", ""baseline_name"", ""player_card"", ""opponent_card"", ""prize_cards_remaining""]","[""player_damage_fraction"", ""opponent_damage_fraction"", ""legal_move_count"", ""legal_moves""]","[""player_damage"", ""opponent_damage"", ""player_damage_fraction"", ""opponent_damage_fraction""]","[""player_energy"", ""opponent_energy""]",[],[],True
D:\02_AI_and_Data\Kaggle-AI-Agents\PTCG_AI_Battle_Challenge\reports\notebook49\section7\scenario_traces\state_variants\NB48_LOSS_76.jsonl,10,30,"[""variant_name"", ""baseline_name"", ""player_card"", ""opponent_card"", ""prize_cards_remaining""]","[""player_damage_fraction"", ""opponent_damage_fraction"", ""legal_move_count"", ""legal_moves""]","[""player_damage"", ""opponent_damage"", ""player_damage_fraction"", ""opponent_damage_fraction""]","[""player_energy"", ""opponent_energy""]",[],[],True
D:\02_AI_and_Data\Kaggle-AI-Agents\PTCG_AI_Battle_Challenge\reports\notebook49\section7\scenario_traces\state_variants\NB48_LOSS_40.jsonl,10,30,"[""variant_name"", ""baseline_name"", ""player_card"", ""opponent_card"", ""prize_cards_remaining""]","[""player_damage_fraction"", ""opponent_damage_fraction"", ""legal_move_count"", ""legal_moves""]","[""player_damage"", ""opponent_damage"", ""player_damage_fraction"", ""opponent_damage_fraction""]","[""player_energy"", ""opponent_energy""]",[],[],True
D:\02_AI_and_Data\Kaggle-AI-Agents\PTCG_AI_Battle_Challenge\reports\notebook49\section7\scenario_traces\state_variants\NB48_LOSS_264.jsonl,10,30,"[""variant_name"", ""baseline_name"", ""player_card"", ""opponent_card"", ""prize_cards_remaining""]","[""player_damage_fraction"", ""opponent_damage_fraction"", ""legal_move_count"", ""legal_moves""]","[""player_damage"", ""opponent_damage"", ""player_damage_fraction"", ""opponent_damage_fraction""]","[""player_energy"", ""opponent_energy""]",[],[],True
D:\02_AI_and_Data\Kaggle-AI-Agents\PTCG_AI_Battle_Challenge\reports\notebook49\section7\scenario_traces\state_variants\NB48_LOSS_216.jsonl,10,30,"[""variant_name"", ""baseline_name"", ""player_card"", ""opponent_card"", ""prize_cards_remaining""]","[""player_damage_fraction"", ""opponent_damage_fraction"", ""legal_move_count"", ""legal_moves""]","[""player_damage"", ""opponent_damage"", ""player_damage_fraction"", ""opponent_damage_fraction""]","[""player_energy"", ""opponent_energy""]",[],[],True
D:\02_AI_and_Data\Kaggle-AI-Agents\PTCG_AI_Battle_Challenge\reports\notebook49\section7\scenario_traces\state_variants\NB48_LOSS_300.jsonl,10,30,"[""variant_name"", ""baseline_name"", ""player_card"", ""opponent_card"", ""prize_cards_remaining""]","[""player_damage_fraction"", ""opponent_damage_fraction"", ""legal_move_count"", ""legal_moves""]","[""player_damage"", ""opponent_damage"", ""player_damage_fraction"", ""opponent_damage_fraction""]","[""player_energy"", ""opponent_energy""]",[],[],True
D:\02_AI_and_Data\Kaggle-AI-Agents\PTCG_AI_Battle_Challenge\reports\notebook49\section7\scenario_traces\state_variants\NB48_LOSS_240.jsonl,10,30,"[""variant_name"", ""baseline_name"", ""player_card"", ""opponent_card"", ""prize_cards_remaining""]","[""player_damage_fraction"", ""opponent_damage_fraction"", ""legal_move_count"", ""legal_moves""]","[""player_damage"", ""opponent_damage"", ""player_damage_fraction"", ""opponent_damage_fraction""]","[""player_energy"", ""opponent_energy""]",[],[],True
D:\02_AI_and_Data\Kaggle-AI-Agents\PTCG_AI_Battle_Challenge\reports\notebook49\section7\scenario_traces\state_variants\NB48_LOSS_252.jsonl,10,30,"[""variant_name"", ""baseline_name"", ""player_card"", ""opponent_card"", ""prize_cards_remaining""]","[""player_damage_fraction"", ""opponent_damage_fraction"", ""legal_move_count"", ""legal_moves""]","[""player_damage"", ""opponent_damage"", ""player_damage_fraction"", ""opponent_damage_fraction""]","[""player_energy"", ""opponent_energy""]",[],[],True
D:\02_AI_and_Data\Kaggle-AI-Agents\PTCG_AI_Battle_Challenge\reports\notebook49\section7\scenario_traces\state_variants\NB48_LOSS_288.jsonl,10,30,"[""variant_name"", ""baseline_name"", ""player_card"", ""opponent_card"", ""prize_cards_remaining""]","[""player_damage_fraction"", ""opponent_damage_fraction"", ""legal_move_count"", ""legal_moves""]","[""player_damage"", ""opponent_damage"", ""player_damage_fraction"", ""opponent_damage_fraction""]","[""player_energy"", ""opponent_energy""]",[],[],True
D:\02_AI_and_Data\Kaggle-AI-Agents\PTCG_AI_Battle_Challenge\reports\notebook49\section7\scenario_traces\state_variants\NB48_LOSS_276.jsonl,10,30,"[""variant_name"", ""baseline_name"", ""player_card"", ""opponent_card"", ""prize_cards_remaining""]","[""player_damage_fraction"", ""opponent_damage_fraction"", ""legal_move_count"", ""legal_moves""]","[""player_damage"", ""opponent_damage"", ""player_damage_fraction"", ""opponent_damage_fraction""]","[""player_energy"", ""opponent_energy""]",[],[],True
D:\02_AI_and_Data\Kaggle-AI-Agents\PTCG_AI_Battle_Challenge\reports\notebook49\section7\scenario_traces\state_variants\NB48_LOSS_228.jsonl,10,30,"[""variant_name"", ""baseline_name"", ""player_card"", ""opponent_card"", ""prize_cards_remaining""]","[""player_damage_fraction"", ""opponent_damage_fraction"", ""legal_move_count"", ""legal_moves""]","[""player_damage"", ""opponent_damage"", ""player_damage_fraction"", ""opponent_damage_fraction""]","[""player_energy"", ""opponent_energy""]",[],[],True
D:\02_AI_and_Data\Kaggle-AI-Agents\PTCG_AI_Battle_Challenge\reports\notebook49\section7\scenario_traces\state_variants\NB48_LOSS_110.jsonl,10,30,"[""variant_name"", ""baseline_name"", ""player_card"", ""opponent_card"", ""prize_cards_remaining""]","[""player_damage_fraction"", ""opponent_damage_fraction"", ""legal_move_count"", ""legal_moves""]","[""player_damage"", ""opponent_damage"", ""player_damage_fraction"", ""opponent_damage_fraction""]","[""player_energy"", ""opponent_energy""]",[],[],True
D:\02_AI_and_Data\Kaggle-AI-Agents\PTCG_AI_Battle_Challenge\reports\notebook49\section7\scenario_traces\state_variants\NB48_LOSS_122.jsonl,10,30,"[""variant_name"", ""baseline_name"", ""player_card"", ""opponent_card"", ""prize_cards_remaining""]","[""player_damage_fraction"", ""opponent_damage_fraction"", ""legal_move_count"", ""legal_moves""]","[""player_damage"", ""opponent_damage"", ""player_damage_fraction"", ""opponent_damage_fraction""]","[""player_energy"", ""opponent_energy""]",[],[],True
D:\02_AI_and_Data\Kaggle-AI-Agents\PTCG_AI_Battle_Challenge\reports\notebook49\section7\scenario_traces\state_variants\NB48_LOSS_146.jsonl,10,30,"[""variant_name"", ""baseline_name"", ""player_card"", ""opponent_card"", ""prize_cards_remaining""]","[""player_damage_fraction"", ""opponent_damage_fraction"", ""legal_move_count"", ""legal_moves""]","[""player_damage"", ""opponent_damage"", ""player_damage_fraction"", ""opponent_damage_fraction""]","[""player_energy"", ""opponent_energy""]",[],[],True
D:\02_AI_and_Data\Kaggle-AI-Agents\PTCG_AI_Battle_Challenge\reports\notebook49\section7\scenario_traces\state_variants\NB48_LOSS_158.jsonl,10,30,"[""variant_name"", ""baseline_name"", ""player_card"", ""opponent_card"", ""prize_cards_remaining""]","[""player_damage_fraction"", ""opponent_damage_fraction"", ""legal_move_count"", ""legal_moves""]","[""player_damage"", ""opponent_damage"", ""player_damage_fraction"", ""opponent_damage_fraction""]","[""player_energy"", ""opponent_energy""]",[],[],True
D:\02_AI_and_Data\Kaggle-AI-Agents\PTCG_AI_Battle_Challenge\reports\notebook49\section7\scenario_traces\state_variants\NB48_LOSS_170.jsonl,10,30,"[""variant_name"", ""baseline_name"", ""player_card"", ""opponent_card"", ""prize_cards_remaining""]","[""player_damage_fraction"", ""opponent_damage_fraction"", ""legal_move_count"", ""legal_moves""]","[""player_damage"", ""opponent_damage"", ""player_damage_fraction"", ""opponent_damage_fraction""]","[""player_energy"", ""opponent_energy""]",[],[],True
D:\02_AI_and_Data\Kaggle-AI-Agents\PTCG_AI_Battle_Challenge\reports\notebook49\section7\scenario_traces\state_variants\NB48_LOSS_194.jsonl,10,30,"[""variant_name"", ""baseline_name"", ""player_card"", ""opponent_card"", ""prize_cards_remaining""]","[""player_damage_fraction"", ""opponent_damage_fraction"", ""legal_move_count"", ""legal_moves""]","[""player_damage"", ""opponent_damage"", ""player_damage_fraction"", ""opponent_damage_fraction""]","[""player_energy"", ""opponent_energy""]",[],[],True
D:\02_AI_and_Data\Kaggle-AI-Agents\PTCG_AI_Battle_Challenge\reports\notebook49\section7\scenario_traces\state_variants\NB48_LOSS_182.jsonl,10,30,"[""variant_name"", ""baseline_name"", ""player_card"", ""opponent_card"", ""prize_cards_remaining""]","[""player_damage_fraction"", ""opponent_damage_fraction"", ""legal_move_count"", ""legal_moves""]","[""player_damage"", ""opponent_damage"", ""player_damage_fraction"", ""opponent_damage_fraction""]","[""player_energy"", ""opponent_energy""]",[],[],True
D:\02_AI_and_Data\Kaggle-AI-Agents\PTCG_AI_Battle_Challenge\reports\notebook49\section7\scenario_traces\state_variants\NB48_LOSS_4.jsonl,10,30,"[""variant_name"", ""baseline_name"", ""player_card"", ""opponent_card"", ""prize_cards_remaining""]","[""player_damage_fraction"", ""opponent_damage_fraction"", ""legal_move_count"", ""legal_moves""]","[""player_damage"", ""opponent_damage"", ""player_damage_fraction"", ""opponent_damage_fraction""]","[""player_energy"", ""opponent_energy""]",[],[],True
D:\02_AI_and_Data\Kaggle-AI-Agents\PTCG_AI_Battle_Challenge\reports\notebook49\section7\scenario_traces\state_variants\NB48_LOSS_134.jsonl,10,30,"[""variant_name"", ""baseline_name"", ""player_card"", ""opponent_card"", ""prize_cards_remaining""]","[""player_damage_fraction"", ""opponent_damage_fraction"", ""legal_move_count"", ""legal_moves""]","[""player_damage"", ""opponent_damage"", ""player_damage_fraction"", ""opponent_damage_fraction""]","[""player_energy"", ""opponent_energy""]",[],[],True
D:\02_AI_and_Data\Kaggle-AI-Agents\PTCG_AI_Battle_Challenge\reports\notebook49\section7\scenario_traces\state_variants\NB48_LOSS_258.jsonl,10,30,"[""variant_name"", ""baseline_name"", ""player_card"", ""opponent_card"", ""prize_cards_remaining""]","[""player_damage_fraction"", ""opponent_damage_fraction"", ""legal_move_count"", ""legal_moves""]","[""player_damage"", ""opponent_damage"", ""player_damage_fraction"", ""opponent_damage_fraction""]","[""player_energy"", ""opponent_energy""]",[],[],True
D:\02_AI_and_Data\Kaggle-AI-Agents\PTCG_AI_Battle_Challenge\reports\notebook49\section7\scenario_traces\state_variants\NB48_LOSS_210.jsonl,10,30,"[""variant_name"", ""baseline_name"", ""player_card"", ""opponent_card"", ""prize_cards_remaining""]","[""player_damage_fraction"", ""opponent_damage_fraction"", ""legal_move_count"", ""legal_moves""]","[""player_damage"", ""opponent_damage"", ""player_damage_fraction"", ""opponent_damage_fraction""]","[""player_energy"", ""opponent_energy""]",[],[],True
D:\02_AI_and_Data\Kaggle-AI-Agents\PTCG_AI_Battle_Challenge\reports\notebook49\section7\scenario_traces\state_variants\NB48_LOSS_222.jsonl,10,30,"[""variant_name"", ""baseline_name"", ""player_card"", ""opponent_card"", ""prize_cards_remaining""]","[""player_damage_fraction"", ""opponent_damage_fraction"", ""legal_move_count"", ""legal_moves""]","[""player_damage"", ""opponent_damage"", ""player_damage_fraction"", ""opponent_damage_fraction""]","[""player_energy"", ""opponent_energy""]",[],[],True
D:\02_AI_and_Data\Kaggle-AI-Agents\PTCG_AI_Battle_Challenge\reports\notebook49\section7\scenario_traces\state_variants\NB48_LOSS_234.jsonl,10,30,"[""variant_name"", ""baseline_name"", ""player_card"", ""opponent_card"", ""prize_cards_remaining""]","[""player_damage_fraction"", ""opponent_damage_fraction"", ""legal_move_count"", ""legal_moves""]","[""player_damage"", ""opponent_damage"", ""player_damage_fraction"", ""opponent_damage_fraction""]","[""player_energy"", ""opponent_energy""]",[],[],True
D:\02_AI_and_Data\Kaggle-AI-Agents\PTCG_AI_Battle_Challenge\reports\notebook49\section7\scenario_traces\state_variants\NB48_LOSS_246.jsonl,10,30,"[""variant_name"", ""baseline_name"", ""player_card"", ""opponent_card"", ""prize_cards_remaining""]","[""player_damage_fraction"", ""opponent_damage_fraction"", ""legal_move_count"", ""legal_moves""]","[""player_damage"", ""opponent_damage"", ""player_damage_fraction"", ""opponent_damage_fraction""]","[""player_energy"", ""opponent_energy""]",[],[],True
D:\02_AI_and_Data\Kaggle-AI-Agents\PTCG_AI_Battle_Challenge\reports\notebook49\section7\scenario_traces\state_variants\NB48_LOSS_270.jsonl,10,30,"[""variant_name"", ""baseline_name"", ""player_card"", ""opponent_card"", ""prize_cards_remaining""]","[""player_damage_fraction"", ""opponent_damage_fraction"", ""legal_move_count"", ""legal_moves""]","[""player_damage"", ""opponent_damage"", ""player_damage_fraction"", ""opponent_damage_fraction""]","[""player_energy"", ""opponent_energy""]",[],[],True
D:\02_AI_and_Data\Kaggle-AI-Agents\PTCG_AI_Battle_Challenge\reports\notebook49\section7\scenario_traces\state_variants\NB48_LOSS_282.jsonl,10,30,"[""variant_name"", ""baseline_name"", ""player_card"", ""opponent_card"", ""prize_cards_remaining""]","[""player_damage_fraction"", ""opponent_damage_fraction"", ""legal_move_count"", ""legal_moves""]","[""player_damage"", ""opponent_damage"", ""player_damage_fraction"", ""opponent_damage_fraction""]","[""player_energy"", ""opponent_energy""]",[],[],True
D:\02_AI_and_Data\Kaggle-AI-Agents\PTCG_AI_Battle_Challenge\reports\notebook49\section7\scenario_traces\state_variants\NB48_LOSS_294.jsonl,10,30,"[""variant_name"", ""baseline_name"", ""player_card"", ""opponent_card"", ""prize_cards_remaining""]","[""player_damage_fraction"", ""opponent_damage_fraction"", ""legal_move_count"", ""legal_moves""]","[""player_damage"", ""opponent_damage"", ""player_damage_fraction"", ""opponent_damage_fraction""]","[""player_energy"", ""opponent_energy""]",[],[],True
D:\02_AI_and_Data\Kaggle-AI-Agents\PTCG_AI_Battle_Challenge\reports\notebook49\section7\scenario_traces\state_variants\NB48_LOSS_204.jsonl,10,30,"[""variant_name"", ""baseline_name"", ""player_card"", ""opponent_card"", ""prize_cards_remaining""]","[""player_damage_fraction"", ""opponent_damage_fraction"", ""legal_move_count"", ""legal_moves""]","[""player_damage"", ""opponent_damage"", ""player_damage_fraction"", ""opponent_damage_fraction""]","[""player_energy"", ""opponent_energy""]",[],[],True
D:\02_AI_and_Data\Kaggle-AI-Agents\PTCG_AI_Battle_Challenge\reports\notebook49\section7\scenario_traces\state_variants\NB48_LOSS_10.jsonl,10,30,"[""variant_name"", ""baseline_name"", ""player_card"", ""opponent_card"", ""prize_cards_remaining""]","[""player_damage_fraction"", ""opponent_damage_fraction"", ""legal_move_count"", ""legal_moves""]","[""player_damage"", ""opponent_damage"", ""player_damage_fraction"", ""opponent_damage_fraction""]","[""player_energy"", ""opponent_energy""]",[],[],True
D:\02_AI_and_Data\Kaggle-AI-Agents\PTCG_AI_Battle_Challenge\reports\notebook49\section7\scenario_traces\state_variants\NB48_LOSS_34.jsonl,10,30,"[""variant_name"", ""baseline_name"", ""player_card"", ""opponent_card"", ""prize_cards_remaining""]","[""player_damage_fraction"", ""opponent_damage_fraction"", ""legal_move_count"", ""legal_moves""]","[""player_damage"", ""opponent_damage"", ""player_damage_fraction"", ""opponent_damage_fraction""]","[""player_energy"", ""opponent_energy""]",[],[],True
D:\02_AI_and_Data\Kaggle-AI-Agents\PTCG_AI_Battle_Challenge\reports\notebook49\section7\scenario_traces\state_variants\NB48_LOSS_22.jsonl,10,30,"[""variant_name"", ""baseline_name"", ""player_card"", ""opponent_card"", ""prize_cards_remaining""]","[""player_damage_fraction"", ""opponent_damage_fraction"", ""legal_move_count"", ""legal_moves""]","[""player_damage"", ""opponent_damage"", ""player_damage_fraction"", ""opponent_damage_fraction""]","[""player_energy"", ""opponent_energy""]",[],[],True
D:\02_AI_and_Data\Kaggle-AI-Agents\PTCG_AI_Battle_Challenge\reports\notebook49\section7\scenario_traces\state_variants\NB48_LOSS_226.jsonl,10,30,"[""variant_name"", ""baseline_name"", ""player_card"", ""opponent_card"", ""prize_cards_remaining""]","[""player_damage_fraction"", ""opponent_damage_fraction"", ""legal_move_count"", ""legal_moves""]","[""player_damage"", ""opponent_damage"", ""player_damage_fraction"", ""opponent_damage_fraction""]","[""player_energy"", ""opponent_energy""]",[],[],True
D:\02_AI_and_Data\Kaggle-AI-Agents\PTCG_AI_Battle_Challenge\reports\notebook49\section7\scenario_traces\state_variants\NB48_LOSS_274.jsonl,10,30,"[""variant_name"", ""baseline_name"", ""player_card"", ""opponent_card"", ""prize_cards_remaining""]","[""player_damage_fraction"", ""opponent_damage_fraction"", ""legal_move_count"", ""legal_moves""]","[""player_damage"", ""opponent_damage"", ""player_damage_fraction"", ""opponent_damage_fraction""]","[""player_energy"", ""opponent_energy""]",[],[],True
D:\02_AI_and_Data\Kaggle-AI-Agents\PTCG_AI_Battle_Challenge\reports\notebook49\section7\scenario_traces\state_variants\NB48_LOSS_46.jsonl,10,30,"[""variant_name"", ""baseline_name"", ""player_card"", ""opponent_card"", ""prize_cards_remaining""]","[""player_damage_fraction"", ""opponent_damage_fraction"", ""legal_move_count"", ""legal_moves""]","[""player_damage"", ""opponent_damage"", ""player_damage_fraction"", ""opponent_damage_fraction""]","[""player_energy"", ""opponent_energy""]",[],[],True
D:\02_AI_and_Data\Kaggle-AI-Agents\PTCG_AI_Battle_Challenge\reports\notebook49\section7\scenario_traces\state_variants\NB48_LOSS_94.jsonl,10,30,"[""variant_name"", ""baseline_name"", ""player_card"", ""opponent_card"", ""prize_cards_remaining""]","[""player_damage_fraction"", ""opponent_damage_fraction"", ""legal_move_count"", ""legal_moves""]","[""player_damage"", ""opponent_damage"", ""player_damage_fraction"", ""opponent_damage_fraction""]","[""player_energy"", ""opponent_energy""]",[],[],True
D:\02_AI_and_Data\Kaggle-AI-Agents\PTCG_AI_Battle_Challenge\reports\notebook49\section7\scenario_traces\state_variants\NB48_LOSS_238.jsonl,10,30,"[""variant_name"", ""baseline_name"", ""player_card"", ""opponent_card"", ""prize_cards_remaining""]","[""player_damage_fraction"", ""opponent_damage_fraction"", ""legal_move_count"", ""legal_moves""]","[""player_damage"", ""opponent_damage"", ""player_damage_fraction"", ""opponent_damage_fraction""]","[""player_energy"", ""opponent_energy""]",[],[],True
D:\02_AI_and_Data\Kaggle-AI-Agents\PTCG_AI_Battle_Challenge\reports\notebook49\section7\scenario_traces\state_variants\NB48_LOSS_286.jsonl,10,30,"[""variant_name"", ""baseline_name"", ""player_card"", ""opponent_card"", ""prize_cards_remaining""]","[""player_damage_fraction"", ""opponent_damage_fraction"", ""legal_move_count"", ""legal_moves""]","[""player_damage"", ""opponent_damage"", ""player_damage_fraction"", ""opponent_damage_fraction""]","[""player_energy"", ""opponent_energy""]",[],[],True
D:\02_AI_and_Data\Kaggle-AI-Agents\PTCG_AI_Battle_Challenge\reports\notebook49\section7\scenario_traces\state_variants\NB48_LOSS_214.jsonl,10,30,"[""variant_name"", ""baseline_name"", ""player_card"", ""opponent_card"", ""prize_cards_remaining""]","[""player_damage_fraction"", ""opponent_damage_fraction"", ""legal_move_count"", ""legal_moves""]","[""player_damage"", ""opponent_damage"", ""player_damage_fraction"", ""opponent_damage_fraction""]","[""player_energy"", ""opponent_energy""]",[],[],True
D:\02_AI_and_Data\Kaggle-AI-Agents\PTCG_AI_Battle_Challenge\reports\notebook49\section7\scenario_traces\state_variants\NB48_LOSS_250.jsonl,10,30,"[""variant_name"", ""baseline_name"", ""player_card"", ""opponent_card"", ""prize_cards_remaining""]","[""player_damage_fraction"", ""opponent_damage_fraction"", ""legal_move_count"", ""legal_moves""]","[""player_damage"", ""opponent_damage"", ""player_damage_fraction"", ""opponent_damage_fraction""]","[""player_energy"", ""opponent_energy""]",[],[],True
D:\02_AI_and_Data\Kaggle-AI-Agents\PTCG_AI_Battle_Challenge\reports\notebook49\section7\scenario_traces\state_variants\NB48_LOSS_298.jsonl,10,30,"[""variant_name"", ""baseline_name"", ""player_card"", ""opponent_card"", ""prize_cards_remaining""]","[""player_damage_fraction"", ""opponent_damage_fraction"", ""legal_move_count"", ""legal_moves""]","[""player_damage"", ""opponent_damage"", ""player_damage_fraction"", ""opponent_damage_fraction""]","[""player_energy"", ""opponent_energy""]",[],[],True
D:\02_AI_and_Data\Kaggle-AI-Agents\PTCG_AI_Battle_Challenge\reports\notebook49\section7\scenario_traces\state_variants\NB48_LOSS_262.jsonl,10,30,"[""variant_name"", ""baseline_name"", ""player_card"", ""opponent_card"", ""prize_cards_remaining""]","[""player_damage_fraction"", ""opponent_damage_fraction"", ""legal_move_count"", ""legal_moves""]","[""player_damage"", ""opponent_damage"", ""player_damage_fraction"", ""opponent_damage_fraction""]","[""player_energy"", ""opponent_energy""]",[],[],True
D:\02_AI_and_Data\Kaggle-AI-Agents\PTCG_AI_Battle_Challenge\reports\notebook49\section7\scenario_traces\state_variants\NB48_LOSS_82.jsonl,10,30,"[""variant_name"", ""baseline_name"", ""player_card"", ""opponent_card"", ""prize_cards_remaining""]","[""player_damage_fraction"", ""opponent_damage_fraction"", ""legal_move_count"", ""legal_moves""]","[""player_damage"", ""opponent_damage"", ""player_damage_fraction"", ""opponent_damage_fraction""]","[""player_energy"", ""opponent_energy""]",[],[],True
D:\02_AI_and_Data\Kaggle-AI-Agents\PTCG_AI_Battle_Challenge\reports\notebook49\section7\scenario_traces\state_variants\NB48_LOSS_202.jsonl,10,30,"[""variant_name"", ""baseline_name"", ""player_card"", ""opponent_card"", ""prize_cards_remaining""]","[""player_damage_fraction"", ""opponent_damage_fraction"", ""legal_move_count"", ""legal_moves""]","[""player_damage"", ""opponent_damage"", ""player_damage_fraction"", ""opponent_damage_fraction""]","[""player_energy"", ""opponent_energy""]",[],[],True
D:\02_AI_and_Data\Kaggle-AI-Agents\PTCG_AI_Battle_Challenge\reports\notebook49\section7\scenario_traces\state_variants\NB48_LOSS_70.jsonl,10,30,"[""variant_name"", ""baseline_name"", ""player_card"", ""opponent_card"", ""prize_cards_remaining""]","[""player_damage_fraction"", ""opponent_damage_fraction"", ""legal_move_count"", ""legal_moves""]","[""player_damage"", ""opponent_damage"", ""player_damage_fraction"", ""opponent_damage_fraction""]","[""player_energy"", ""opponent_energy""]",[],[],True
D:\02_AI_and_Data\Kaggle-AI-Agents\PTCG_AI_Battle_Challenge\reports\notebook49\section7\scenario_traces\state_variants\NB48_LOSS_126.jsonl,10,30,"[""variant_name"", ""baseline_name"", ""player_card"", ""opponent_card"", ""prize_cards_remaining""]","[""player_damage_fraction"", ""opponent_damage_fraction"", ""legal_move_count"", ""legal_moves""]","[""player_damage"", ""opponent_damage"", ""player_damage_fraction"", ""opponent_damage_fraction""]","[""player_energy"", ""opponent_energy""]",[],[],True
D:\02_AI_and_Data\Kaggle-AI-Agents\PTCG_AI_Battle_Challenge\reports\notebook49\section7\scenario_traces\state_variants\NB48_LOSS_198.jsonl,10,30,"[""variant_name"", ""baseline_name"", ""player_card"", ""opponent_card"", ""prize_cards_remaining""]","[""player_damage_fraction"", ""opponent_damage_fraction"", ""legal_move_count"", ""legal_moves""]","[""player_damage"", ""opponent_damage"", ""player_damage_fraction"", ""opponent_damage_fraction""]","[""player_energy"", ""opponent_energy""]",[],[],True
D:\02_AI_and_Data\Kaggle-AI-Agents\PTCG_AI_Battle_Challenge\reports\notebook49\section7\scenario_traces\state_variants\NB48_LOSS_102.jsonl,10,30,"[""variant_name"", ""baseline_name"", ""player_card"", ""opponent_card"", ""prize_cards_remaining""]","[""player_damage_fraction"", ""opponent_damage_fraction"", ""legal_move_count"", ""legal_moves""]","[""player_damage"", ""opponent_damage"", ""player_damage_fraction"", ""opponent_damage_fraction""]","[""player_energy"", ""opponent_energy""]",[],[],True
D:\02_AI_and_Data\Kaggle-AI-Agents\PTCG_AI_Battle_Challenge\reports\notebook49\section7\scenario_traces\state_variants\NB48_LOSS_114.jsonl,10,30,"[""variant_name"", ""baseline_name"", ""player_card"", ""opponent_card"", ""prize_cards_remaining""]","[""player_damage_fraction"", ""opponent_damage_fraction"", ""legal_move_count"", ""legal_moves""]","[""player_damage"", ""opponent_damage"", ""player_damage_fraction"", ""opponent_damage_fraction""]","[""player_energy"", ""opponent_energy""]",[],[],True
D:\02_AI_and_Data\Kaggle-AI-Agents\PTCG_AI_Battle_Challenge\reports\notebook49\section7\scenario_traces\state_variants\NB48_LOSS_150.jsonl,10,30,"[""variant_name"", ""baseline_name"", ""player_card"", ""opponent_card"", ""prize_cards_remaining""]","[""player_damage_fraction"", ""opponent_damage_fraction"", ""legal_move_count"", ""legal_moves""]","[""player_damage"", ""opponent_damage"", ""player_damage_fraction"", ""opponent_damage_fraction""]","[""player_energy"", ""opponent_energy""]",[],[],True
D:\02_AI_and_Data\Kaggle-AI-Agents\PTCG_AI_Battle_Challenge\reports\notebook49\section7\scenario_traces\state_variants\NB48_LOSS_186.jsonl,10,30,"[""variant_name"", ""baseline_name"", ""player_card"", ""opponent_card"", ""prize_cards_remaining""]","[""player_damage_fraction"", ""opponent_damage_fraction"", ""legal_move_count"", ""legal_moves""]","[""player_damage"", ""opponent_damage"", ""player_damage_fraction"", ""opponent_damage_fraction""]","[""player_energy"", ""opponent_energy""]",[],[],True
D:\02_AI_and_Data\Kaggle-AI-Agents\PTCG_AI_Battle_Challenge\reports\notebook49\section7\scenario_traces\state_variants\NB48_LOSS_138.jsonl,10,30,"[""variant_name"", ""baseline_name"", ""player_card"", ""opponent_card"", ""prize_cards_remaining""]","[""player_damage_fraction"", ""opponent_damage_fraction"", ""legal_move_count"", ""legal_moves""]","[""player_damage"", ""opponent_damage"", ""player_damage_fraction"", ""opponent_damage_fraction""]","[""player_energy"", ""opponent_energy""]",[],[],True
D:\02_AI_and_Data\Kaggle-AI-Agents\PTCG_AI_Battle_Challenge\reports\notebook49\section7\scenario_traces\state_variants\NB48_LOSS_162.jsonl,10,30,"[""variant_name"", ""baseline_name"", ""player_card"", ""opponent_card"", ""prize_cards_remaining""]","[""player_damage_fraction"", ""opponent_damage_fraction"", ""legal_move_count"", ""legal_moves""]","[""player_damage"", ""opponent_damage"", ""player_damage_fraction"", ""opponent_damage_fraction""]","[""player_energy"", ""opponent_energy""]",[],[],True
D:\02_AI_and_Data\Kaggle-AI-Agents\PTCG_AI_Battle_Challenge\reports\notebook49\section7\scenario_traces\state_variants\NB48_LOSS_174.jsonl,10,30,"[""variant_name"", ""baseline_name"", ""player_card"", ""opponent_card"", ""prize_cards_remaining""]","[""player_damage_fraction"", ""opponent_damage_fraction"", ""legal_move_count"", ""legal_moves""]","[""player_damage"", ""opponent_damage"", ""player_damage_fraction"", ""opponent_damage_fraction""]","[""player_energy"", ""opponent_energy""]",[],[],True
D:\02_AI_and_Data\Kaggle-AI-Agents\PTCG_AI_Battle_Challenge\reports\notebook49\section7\scenario_traces\state_variants\NB48_LOSS_195.jsonl,10,30,"[""variant_name"", ""baseline_name"", ""player_card"", ""opponent_card"", ""prize_cards_remaining""]","[""player_damage_fraction"", ""opponent_damage_fraction"", ""legal_move_count"", ""legal_moves""]","[""player_damage"", ""opponent_damage"", ""player_damage_fraction"", ""opponent_damage_fraction""]","[""player_energy"", ""opponent_energy""]",[],[],True
D:\02_AI_and_Data\Kaggle-AI-Agents\PTCG_AI_Battle_Challenge\reports\notebook49\section7\scenario_traces\state_variants\NB48_LOSS_171.jsonl,10,30,"[""variant_name"", ""baseline_name"", ""player_card"", ""opponent_card"", ""prize_cards_remaining""]","[""player_damage_fraction"", ""opponent_damage_fraction"", ""legal_move_count"", ""legal_moves""]","[""player_damage"", ""opponent_damage"", ""player_damage_fraction"", ""opponent_damage_fraction""]","[""player_energy"", ""opponent_energy""]",[],[],True
D:\02_AI_and_Data\Kaggle-AI-Agents\PTCG_AI_Battle_Challenge\reports\notebook49\section7\scenario_traces\state_variants\NB48_LOSS_183.jsonl,10,30,"[""variant_name"", ""baseline_name"", ""player_card"", ""opponent_card"", ""prize_cards_remaining""]","[""player_damage_fraction"", ""opponent_damage_fraction"", ""legal_move_count"", ""legal_moves""]","[""player_damage"", ""opponent_damage"", ""player_damage_fraction"", ""opponent_damage_fraction""]","[""player_energy"", ""opponent_energy""]",[],[],True
D:\02_AI_and_Data\Kaggle-AI-Agents\PTCG_AI_Battle_Challenge\reports\notebook49\section7\scenario_traces\state_variants\NB48_LOSS_211.jsonl,10,30,"[""variant_name"", ""baseline_name"", ""player_card"", ""opponent_card"", ""prize_cards_remaining""]","[""player_damage_fraction"", ""opponent_damage_fraction"", ""legal_move_count"", ""legal_moves""]","[""player_damage"", ""opponent_damage"", ""player_damage_fraction"", ""opponent_damage_fraction""]","[""player_energy"", ""opponent_energy""]",[],[],True
D:\02_AI_and_Data\Kaggle-AI-Agents\PTCG_AI_Battle_Challenge\reports\notebook49\section7\scenario_traces\state_variants\NB48_LOSS_223.jsonl,10,30,"[""variant_name"", ""baseline_name"", ""player_card"", ""opponent_card"", ""prize_cards_remaining""]","[""player_damage_fraction"", ""opponent_damage_fraction"", ""legal_move_count"", ""legal_moves""]","[""player_damage"", ""opponent_damage"", ""player_damage_fraction"", ""opponent_damage_fraction""]","[""player_energy"", ""opponent_energy""]",[],[],True
D:\02_AI_and_Data\Kaggle-AI-Agents\PTCG_AI_Battle_Challenge\reports\notebook49\section7\scenario_traces\state_variants\NB48_LOSS_259.jsonl,10,30,"[""variant_name"", ""baseline_name"", ""player_card"", ""opponent_card"", ""prize_cards_remaining""]","[""player_damage_fraction"", ""opponent_damage_fraction"", ""legal_move_count"", ""legal_moves""]","[""player_damage"", ""opponent_damage"", ""player_damage_fraction"", ""opponent_damage_fraction""]","[""player_energy"", ""opponent_energy""]",[],[],True
D:\02_AI_and_Data\Kaggle-AI-Agents\PTCG_AI_Battle_Challenge\reports\notebook49\section7\scenario_traces\state_variants\NB48_LOSS_235.jsonl,10,30,"[""variant_name"", ""baseline_name"", ""player_card"", ""opponent_card"", ""prize_cards_remaining""]","[""player_damage_fraction"", ""opponent_damage_fraction"", ""legal_move_count"", ""legal_moves""]","[""player_damage"", ""opponent_damage"", ""player_damage_fraction"", ""opponent_damage_fraction""]","[""player_energy"", ""opponent_energy""]",[],[],True
D:\02_AI_and_Data\Kaggle-AI-Agents\PTCG_AI_Battle_Challenge\reports\notebook49\section7\scenario_traces\state_variants\NB48_LOSS_283.jsonl,10,30,"[""variant_name"", ""baseline_name"", ""player_card"", ""opponent_card"", ""prize_cards_remaining""]","[""player_damage_fraction"", ""opponent_damage_fraction"", ""legal_move_count"", ""legal_moves""]","[""player_damage"", ""opponent_damage"", ""player_damage_fraction"", ""opponent_damage_fraction""]","[""player_energy"", ""opponent_energy""]",[],[],True
D:\02_AI_and_Data\Kaggle-AI-Agents\PTCG_AI_Battle_Challenge\reports\notebook49\section7\scenario_traces\state_variants\NB48_LOSS_271.jsonl,10,30,"[""variant_name"", ""baseline_name"", ""player_card"", ""opponent_card"", ""prize_cards_remaining""]","[""player_damage_fraction"", ""opponent_damage_fraction"", ""legal_move_count"", ""legal_moves""]","[""player_damage"", ""opponent_damage"", ""player_damage_fraction"", ""opponent_damage_fraction""]","[""player_energy"", ""opponent_energy""]",[],[],True
D:\02_AI_and_Data\Kaggle-AI-Agents\PTCG_AI_Battle_Challenge\reports\notebook49\section7\scenario_traces\state_variants\NB48_LOSS_247.jsonl,10,30,"[""variant_name"", ""baseline_name"", ""player_card"", ""opponent_card"", ""prize_cards_remaining""]","[""player_damage_fraction"", ""opponent_damage_fraction"", ""legal_move_count"", ""legal_moves""]","[""player_damage"", ""opponent_damage"", ""player_damage_fraction"", ""opponent_damage_fraction""]","[""player_energy"", ""opponent_energy""]",[],[],True
D:\02_AI_and_Data\Kaggle-AI-Agents\PTCG_AI_Battle_Challenge\reports\notebook49\section7\scenario_traces\state_variants\NB48_LOSS_295.jsonl,10,30,"[""variant_name"", ""baseline_name"", ""player_card"", ""opponent_card"", ""prize_cards_remaining""]","[""player_damage_fraction"", ""opponent_damage_fraction"", ""legal_move_count"", ""legal_moves""]","[""player_damage"", ""opponent_damage"", ""player_damage_fraction"", ""opponent_damage_fraction""]","[""player_energy"", ""opponent_energy""]",[],[],True
D:\02_AI_and_Data\Kaggle-AI-Agents\PTCG_AI_Battle_Challenge\reports\notebook49\section7\scenario_traces\state_variants\NB48_LOSS_123.jsonl,10,30,"[""variant_name"", ""baseline_name"", ""player_card"", ""opponent_card"", ""prize_cards_remaining""]","[""player_damage_fraction"", ""opponent_damage_fraction"", ""legal_move_count"", ""legal_moves""]","[""player_damage"", ""opponent_damage"", ""player_damage_fraction"", ""opponent_damage_fraction""]","[""player_energy"", ""opponent_energy""]",[],[],True
D:\02_AI_and_Data\Kaggle-AI-Agents\PTCG_AI_Battle_Challenge\reports\notebook49\section7\scenario_traces\state_variants\NB48_LOSS_147.jsonl,10,30,"[""variant_name"", ""baseline_name"", ""player_card"", ""opponent_card"", ""prize_cards_remaining""]","[""player_damage_fraction"", ""opponent_damage_fraction"", ""legal_move_count"", ""legal_moves""]","[""player_damage"", ""opponent_damage"", ""player_damage_fraction"", ""opponent_damage_fraction""]","[""player_energy"", ""opponent_energy""]",[],[],True
D:\02_AI_and_Data\Kaggle-AI-Agents\PTCG_AI_Battle_Challenge\reports\notebook49\section7\scenario_traces\state_variants\NB48_LOSS_111.jsonl,10,30,"[""variant_name"", ""baseline_name"", ""player_card"", ""opponent_card"", ""prize_cards_remaining""]","[""player_damage_fraction"", ""opponent_damage_fraction"", ""legal_move_count"", ""legal_moves""]","[""player_damage"", ""opponent_damage"", ""player_damage_fraction"", ""opponent_damage_fraction""]","[""player_energy"", ""opponent_energy""]",[],[],True
D:\02_AI_and_Data\Kaggle-AI-Agents\PTCG_AI_Battle_Challenge\reports\notebook49\section7\scenario_traces\state_variants\NB48_LOSS_135.jsonl,10,30,"[""variant_name"", ""baseline_name"", ""player_card"", ""opponent_card"", ""prize_cards_remaining""]","[""player_damage_fraction"", ""opponent_damage_fraction"", ""legal_move_count"", ""legal_moves""]","[""player_damage"", ""opponent_damage"", ""player_damage_fraction"", ""opponent_damage_fraction""]","[""player_energy"", ""opponent_energy""]",[],[],True
D:\02_AI_and_Data\Kaggle-AI-Agents\PTCG_AI_Battle_Challenge\reports\notebook49\section7\scenario_traces\state_variants\NB48_LOSS_159.jsonl,10,30,"[""variant_name"", ""baseline_name"", ""player_card"", ""opponent_card"", ""prize_cards_remaining""]","[""player_damage_fraction"", ""opponent_damage_fraction"", ""legal_move_count"", ""legal_moves""]","[""player_damage"", ""opponent_damage"", ""player_damage_fraction"", ""opponent_damage_fraction""]","[""player_energy"", ""opponent_energy""]",[],[],True
D:\02_AI_and_Data\Kaggle-AI-Agents\PTCG_AI_Battle_Challenge\reports\notebook49\section7\scenario_traces\state_variants\NB48_LOSS_74.jsonl,10,30,"[""variant_name"", ""baseline_name"", ""player_card"", ""opponent_card"", ""prize_cards_remaining""]","[""player_damage_fraction"", ""opponent_damage_fraction"", ""legal_move_count"", ""legal_moves""]","[""player_damage"", ""opponent_damage"", ""player_damage_fraction"", ""opponent_damage_fraction""]","[""player_energy"", ""opponent_energy""]",[],[],True
D:\02_AI_and_Data\Kaggle-AI-Agents\PTCG_AI_Battle_Challenge\reports\notebook49\section7\scenario_traces\state_variants\NB48_LOSS_2.jsonl,10,30,"[""variant_name"", ""baseline_name"", ""player_card"", ""opponent_card"", ""prize_cards_remaining""]","[""player_damage_fraction"", ""opponent_damage_fraction"", ""legal_move_count"", ""legal_moves""]","[""player_damage"", ""opponent_damage"", ""player_damage_fraction"", ""opponent_damage_fraction""]","[""player_energy"", ""opponent_energy""]",[],[],True
D:\02_AI_and_Data\Kaggle-AI-Agents\PTCG_AI_Battle_Challenge\reports\notebook49\section7\scenario_traces\state_variants\NB48_LOSS_71.jsonl,10,30,"[""variant_name"", ""baseline_name"", ""player_card"", ""opponent_card"", ""prize_cards_remaining""]","[""player_damage_fraction"", ""opponent_damage_fraction"", ""legal_move_count"", ""legal_moves""]","[""player_damage"", ""opponent_damage"", ""player_damage_fraction"", ""opponent_damage_fraction""]","[""player_energy"", ""opponent_energy""]",[],[],True
D:\02_AI_and_Data\Kaggle-AI-Agents\PTCG_AI_Battle_Challenge\reports\notebook49\section7\scenario_traces\state_variants\NB48_LOSS_83.jsonl,10,30,"[""variant_name"", ""baseline_name"", ""player_card"", ""opponent_card"", ""prize_cards_remaining""]","[""player_damage_fraction"", ""opponent_damage_fraction"", ""legal_move_count"", ""legal_moves""]","[""player_damage"", ""opponent_damage"", ""player_damage_fraction"", ""opponent_damage_fraction""]","[""player_energy"", ""opponent_energy""]",[],[],True
D:\02_AI_and_Data\Kaggle-AI-Agents\PTCG_AI_Battle_Challenge\reports\notebook49\section7\scenario_traces\state_variants\NB48_LOSS_11.jsonl,10,30,"[""variant_name"", ""baseline_name"", ""player_card"", ""opponent_card"", ""prize_cards_remaining""]","[""player_damage_fraction"", ""opponent_damage_fraction"", ""legal_move_count"", ""legal_moves""]","[""player_damage"", ""opponent_damage"", ""player_damage_fraction"", ""opponent_damage_fraction""]","[""player_energy"", ""opponent_energy""]",[],[],True
D:\02_AI_and_Data\Kaggle-AI-Agents\PTCG_AI_Battle_Challenge\reports\notebook49\section7\scenario_traces\state_variants\NB48_LOSS_59.jsonl,10,30,"[""variant_name"", ""baseline_name"", ""player_card"", ""opponent_card"", ""prize_cards_remaining""]","[""player_damage_fraction"", ""opponent_damage_fraction"", ""legal_move_count"", ""legal_moves""]","[""player_damage"", ""opponent_damage"", ""player_damage_fraction"", ""opponent_damage_fraction""]","[""player_energy"", ""opponent_energy""]",[],[],True
D:\02_AI_and_Data\Kaggle-AI-Agents\PTCG_AI_Battle_Challenge\reports\notebook49\section7\scenario_traces\state_variants\NB48_LOSS_254.jsonl,10,30,"[""variant_name"", ""baseline_name"", ""player_card"", ""opponent_card"", ""prize_cards_remaining""]","[""player_damage_fraction"", ""opponent_damage_fraction"", ""legal_move_count"", ""legal_moves""]","[""player_damage"", ""opponent_damage"", ""player_damage_fraction"", ""opponent_damage_fraction""]","[""player_energy"", ""opponent_energy""]",[],[],True
D:\02_AI_and_Data\Kaggle-AI-Agents\PTCG_AI_Battle_Challenge\reports\notebook49\section7\scenario_traces\state_variants\NB48_LOSS_290.jsonl,10,30,"[""variant_name"", ""baseline_name"", ""player_card"", ""opponent_card"", ""prize_cards_remaining""]","[""player_damage_fraction"", ""opponent_damage_fraction"", ""legal_move_count"", ""legal_moves""]","[""player_damage"", ""opponent_damage"", ""player_damage_fraction"", ""opponent_damage_fraction""]","[""player_energy"", ""opponent_energy""]",[],[],True
D:\02_AI_and_Data\Kaggle-AI-Agents\PTCG_AI_Battle_Challenge\reports\notebook49\section7\scenario_traces\state_variants\NB48_LOSS_230.jsonl,10,30,"[""variant_name"", ""baseline_name"", ""player_card"", ""opponent_card"", ""prize_cards_remaining""]","[""player_damage_fraction"", ""opponent_damage_fraction"", ""legal_move_count"", ""legal_moves""]","[""player_damage"", ""opponent_damage"", ""player_damage_fraction"", ""opponent_damage_fraction""]","[""player_energy"", ""opponent_energy""]",[],[],True
D:\02_AI_and_Data\Kaggle-AI-Agents\PTCG_AI_Battle_Challenge\reports\notebook49\section7\scenario_traces\state_variants\NB48_LOSS_266.jsonl,10,30,"[""variant_name"", ""baseline_name"", ""player_card"", ""opponent_card"", ""prize_cards_remaining""]","[""player_damage_fraction"", ""opponent_damage_fraction"", ""legal_move_count"", ""legal_moves""]","[""player_damage"", ""opponent_damage"", ""player_damage_fraction"", ""opponent_damage_fraction""]","[""player_energy"", ""opponent_energy""]",[],[],True
D:\02_AI_and_Data\Kaggle-AI-Agents\PTCG_AI_Battle_Challenge\reports\notebook49\section7\scenario_traces\state_variants\NB48_LOSS_206.jsonl,10,30,"[""variant_name"", ""baseline_name"", ""player_card"", ""opponent_card"", ""prize_cards_remaining""]","[""player_damage_fraction"", ""opponent_damage_fraction"", ""legal_move_count"", ""legal_moves""]","[""player_damage"", ""opponent_damage"", ""player_damage_fraction"", ""opponent_damage_fraction""]","[""player_energy"", ""opponent_energy""]",[],[],True
D:\02_AI_and_Data\Kaggle-AI-Agents\PTCG_AI_Battle_Challenge\reports\notebook49\section7\scenario_traces\state_variants\NB48_LOSS_218.jsonl,10,30,"[""variant_name"", ""baseline_name"", ""player_card"", ""opponent_card"", ""prize_cards_remaining""]","[""player_damage_fraction"", ""opponent_damage_fraction"", ""legal_move_count"", ""legal_moves""]","[""player_damage"", ""opponent_damage"", ""player_damage_fraction"", ""opponent_damage_fraction""]","[""player_energy"", ""opponent_energy""]",[],[],True
D:\02_AI_and_Data\Kaggle-AI-Agents\PTCG_AI_Battle_Challenge\reports\notebook49\section7\scenario_traces\state_variants\NB48_LOSS_242.jsonl,10,30,"[""variant_name"", ""baseline_name"", ""player_card"", ""opponent_card"", ""prize_cards_remaining""]","[""player_damage_fraction"", ""opponent_damage_fraction"", ""legal_move_count"", ""legal_moves""]","[""player_damage"", ""opponent_damage"", ""player_damage_fraction"", ""opponent_damage_fraction""]","[""player_energy"", ""opponent_energy""]",[],[],True
D:\02_AI_and_Data\Kaggle-AI-Agents\PTCG_AI_Battle_Challenge\reports\notebook49\section7\scenario_traces\state_variants\NB48_LOSS_278.jsonl,10,30,"[""variant_name"", ""baseline_name"", ""player_card"", ""opponent_card"", ""prize_cards_remaining""]","[""player_damage_fraction"", ""opponent_damage_fraction"", ""legal_move_count"", ""legal_moves""]","[""player_damage"", ""opponent_damage"", ""player_damage_fraction"", ""opponent_damage_fraction""]","[""player_energy"", ""opponent_energy""]",[],[],True
D:\02_AI_and_Data\Kaggle-AI-Agents\PTCG_AI_Battle_Challenge\reports\notebook49\section7\scenario_traces\state_variants\NB48_LOSS_142.jsonl,10,30,"[""variant_name"", ""baseline_name"", ""player_card"", ""opponent_card"", ""prize_cards_remaining""]","[""player_damage_fraction"", ""opponent_damage_fraction"", ""legal_move_count"", ""legal_moves""]","[""player_damage"", ""opponent_damage"", ""player_damage_fraction"", ""opponent_damage_fraction""]","[""player_energy"", ""opponent_energy""]",[],[],True
D:\02_AI_and_Data\Kaggle-AI-Agents\PTCG_AI_Battle_Challenge\reports\notebook49\section7\scenario_traces\state_variants\NB48_LOSS_178.jsonl,10,30,"[""variant_name"", ""baseline_name"", ""player_card"", ""opponent_card"", ""prize_cards_remaining""]","[""player_damage_fraction"", ""opponent_damage_fraction"", ""legal_move_count"", ""legal_moves""]","[""player_damage"", ""opponent_damage"", ""player_damage_fraction"", ""opponent_damage_fraction""]","[""player_energy"", ""opponent_energy""]",[],[],True
D:\02_AI_and_Data\Kaggle-AI-Agents\PTCG_AI_Battle_Challenge\reports\notebook49\section7\scenario_traces\state_variants\NB48_LOSS_190.jsonl,10,30,"[""variant_name"", ""baseline_name"", ""player_card"", ""opponent_card"", ""prize_cards_remaining""]","[""player_damage_fraction"", ""opponent_damage_fraction"", ""legal_move_count"", ""legal_moves""]","[""player_damage"", ""opponent_damage"", ""player_damage_fraction"", ""opponent_damage_fraction""]","[""player_energy"", ""opponent_energy""]",[],[],True
D:\02_AI_and_Data\Kaggle-AI-Agents\PTCG_AI_Battle_Challenge\reports\notebook49\section7\scenario_traces\state_variants\NB48_LOSS_106.jsonl,10,30,"[""variant_name"", ""baseline_name"", ""player_card"", ""opponent_card"", ""prize_cards_remaining""]","[""player_damage_fraction"", ""opponent_damage_fraction"", ""legal_move_count"", ""legal_moves""]","[""player_damage"", ""opponent_damage"", ""player_damage_fraction"", ""opponent_damage_fraction""]","[""player_energy"", ""opponent_energy""]",[],[],True
D:\02_AI_and_Data\Kaggle-AI-Agents\PTCG_AI_Battle_Challenge\reports\notebook49\section7\scenario_traces\state_variants\NB48_LOSS_118.jsonl,10,30,"[""variant_name"", ""baseline_name"", ""player_card"", ""opponent_card"", ""prize_cards_remaining""]","[""player_damage_fraction"", ""opponent_damage_fraction"", ""legal_move_count"", ""legal_moves""]","[""player_damage"", ""opponent_damage"", ""player_damage_fraction"", ""opponent_damage_fraction""]","[""player_energy"", ""opponent_energy""]",[],[],True
D:\02_AI_and_Data\Kaggle-AI-Agents\PTCG_AI_Battle_Challenge\reports\notebook49\section7\scenario_traces\state_variants\NB48_LOSS_154.jsonl,10,30,"[""variant_name"", ""baseline_name"", ""player_card"", ""opponent_card"", ""prize_cards_remaining""]","[""player_damage_fraction"", ""opponent_damage_fraction"", ""legal_move_count"", ""legal_moves""]","[""player_damage"", ""opponent_damage"", ""player_damage_fraction"", ""opponent_damage_fraction""]","[""player_energy"", ""opponent_energy""]",[],[],True
D:\02_AI_and_Data\Kaggle-AI-Agents\PTCG_AI_Battle_Challenge\reports\notebook49\section7\scenario_traces\state_variants\NB48_LOSS_166.jsonl,10,30,"[""variant_name"", ""baseline_name"", ""player_card"", ""opponent_card"", ""prize_cards_remaining""]","[""player_damage_fraction"", ""opponent_damage_fraction"", ""legal_move_count"", ""legal_moves""]","[""player_damage"", ""opponent_damage"", ""player_damage_fraction"", ""opponent_damage_fraction""]","[""player_energy"", ""opponent_energy""]",[],[],True
D:\02_AI_and_Data\Kaggle-AI-Agents\PTCG_AI_Battle_Challenge\reports\notebook49\section7\scenario_traces\state_variants\NB48_LOSS_130.jsonl,10,30,"[""variant_name"", ""baseline_name"", ""player_card"", ""opponent_card"", ""prize_cards_remaining""]","[""player_damage_fraction"", ""opponent_damage_fraction"", ""legal_move_count"", ""legal_moves""]","[""player_damage"", ""opponent_damage"", ""player_damage_fraction"", ""opponent_damage_fraction""]","[""player_energy"", ""opponent_energy""]",[],[],True
D:\02_AI_and_Data\Kaggle-AI-Agents\PTCG_AI_Battle_Challenge\reports\notebook49\section7\scenario_traces\state_variants\NB48_LOSS_30.jsonl,10,30,"[""variant_name"", ""baseline_name"", ""player_card"", ""opponent_card"", ""prize_cards_remaining""]","[""player_damage_fraction"", ""opponent_damage_fraction"", ""legal_move_count"", ""legal_moves""]","[""player_damage"", ""opponent_damage"", ""player_damage_fraction"", ""opponent_damage_fraction""]","[""player_energy"", ""opponent_energy""]",[],[],True
D:\02_AI_and_Data\Kaggle-AI-Agents\PTCG_AI_Battle_Challenge\reports\notebook49\section7\scenario_traces\state_variants\NB48_LOSS_42.jsonl,10,30,"[""variant_name"", ""baseline_name"", ""player_card"", ""opponent_card"", ""prize_cards_remaining""]","[""player_damage_fraction"", ""opponent_damage_fraction"", ""legal_move_count"", ""legal_moves""]","[""player_damage"", ""opponent_damage"", ""player_damage_fraction"", ""opponent_damage_fraction""]","[""player_energy"", ""opponent_energy""]",[],[],True
D:\02_AI_and_Data\Kaggle-AI-Agents\PTCG_AI_Battle_Challenge\reports\notebook49\section7\scenario_traces\state_variants\NB48_LOSS_6.jsonl,10,30,"[""variant_name"", ""baseline_name"", ""player_card"", ""opponent_card"", ""prize_cards_remaining""]","[""player_damage_fraction"", ""opponent_damage_fraction"", ""legal_move_count"", ""legal_moves""]","[""player_damage"", ""opponent_damage"", ""player_damage_fraction"", ""opponent_damage_fraction""]","[""player_energy"", ""opponent_energy""]",[],[],True
D:\02_AI_and_Data\Kaggle-AI-Agents\PTCG_AI_Battle_Challenge\reports\notebook49\section6_replay_contract.json,10,7,"[""parameter_names""]","[""replay_suitability_score""]",[],[],[],[],True
D:\02_AI_and_Data\Kaggle-AI-Agents\PTCG_AI_Battle_Challenge\reports\notebook54\section2\section2a_scenario_opportunity_profile.csv,10,15,"[""player_card"", ""opponent_card""]","[""selected_moves""]",[],[],[],[],True
D:\02_AI_and_Data\Kaggle-AI-Agents\PTCG_AI_Battle_Challenge\reports\notebook50\section1\environment_and_handoff\section1c_variant_profile.csv,10,3,"[""variant_name""]","[""fraction""]",[],[],[],[],True
D:\02_AI_and_Data\Kaggle-AI-Agents\PTCG_AI_Battle_Challenge\reports\notebook54\section4\section4r_energy_readiness_by_card_side.csv,9,12,"[""active_card"", ""attack_name""]","[""attack_name""]",[],"[""energy_requirement"", ""energy_ready_states"", ""energy_ready_but_not_legal_states"", ""legal_without_energy_ready_states"", ""average_energy"", ""energy_ready_rate""]",[],[],True
D:\02_AI_and_Data\Kaggle-AI-Agents\PTCG_AI_Battle_Challenge\reports\notebook54\section4\section4i_targeted_page_profile.csv,9,6,"[""expected_cards"", ""cards_found_in_page_text""]","[""extraction_error_type"", ""extraction_error_message""]",[],[],[],"[""cards_found_in_page_text"", ""text_character_count""]",True
D:\02_AI_and_Data\Kaggle-AI-Agents\PTCG_AI_Battle_Challenge\reports\notebook54\section4\section4l_card_action_matches.csv,8,16,"[""card_id"", ""card_name""]","[""action_type"", ""action_destination""]",[],[],[],[],True
D:\02_AI_and_Data\Kaggle-AI-Agents\PTCG_AI_Battle_Challenge\reports\notebook54\section4\section4p_card_visual_profile.csv,8,18,"[""card_id"", ""card_name"", ""printed_card_name"", ""is_pokemon_ex"", ""pokemon_type"", ""ability_names"", ""attack_names""]","[""ability_names"", ""attack_names""]",[],"[""retreat_cost_symbols""]","[""hp""]",[],True
D:\02_AI_and_Data\Kaggle-AI-Agents\PTCG_AI_Battle_Challenge\reports\notebook54\section4\section4i_official_card_index_rows.csv,8,10,"[""card_id"", ""card_name""]","[""extraction_method""]",[],[],[],"[""complete_row_text"", ""source_context""]",True
D:\02_AI_and_Data\Kaggle-AI-Agents\PTCG_AI_Battle_Challenge\reports\notebook51\section6\section6f_first_full_battle_policy_history.csv,8,8,[],"[""legal_moves"", ""selected_move"", ""raw_predicted_move""]",[],[],[],[],True
D:\02_AI_and_Data\Kaggle-AI-Agents\PTCG_AI_Battle_Challenge\reports\notebook51\section6\section6f_first_full_battle_turns.csv,8,8,"[""pokemon_name"", ""move_name""]","[""move_name""]",[],[],"[""player_hp"", ""opponent_hp""]",[],True
D:\02_AI_and_Data\Kaggle-AI-Agents\PTCG_AI_Battle_Challenge\reports\notebook54\section4\section4p_version_confidence.csv,8,25,"[""card_id"", ""card_name"", ""printed_card_name"", ""is_pokemon_ex""]","[""printed_attacks"", ""simulator_attacks"", ""matched_attacks"", ""missing_simulator_attacks"", ""additional_printed_attacks"", ""matched_attack_count"", ""simulator_attack_count"", ""printed_attack_count"", ""simulator_attack_recall"", ""printed_attack_precision"", ""exact_attack_set_match"", ""attack_match_classification""]",[],[],"[""hp""]",[],True
D:\02_AI_and_Data\Kaggle-AI-Agents\PTCG_AI_Battle_Challenge\reports\notebook52\section3\section3b_tournament_scenario_validation.csv,8,22,"[""scenario_name"", ""player_card"", ""opponent_card""]","[""legal_move_count"", ""legal_moves"", ""raw_predicted_move"", ""selected_move"", ""selected_probability"", ""selected_masked_probability"", ""probability_sum"", ""selected_move_legal""]",[],[],[],[],True
D:\02_AI_and_Data\Kaggle-AI-Agents\PTCG_AI_Battle_Challenge\reports\notebook54\section4\section4p_simulator_match.csv,8,21,"[""card_id"", ""card_name"", ""printed_card_name"", ""is_pokemon_ex""]","[""printed_attacks"", ""simulator_attacks"", ""matched_attacks"", ""missing_simulator_attacks"", ""additional_printed_attacks"", ""matched_attack_count"", ""simulator_attack_count"", ""printed_attack_count"", ""simulator_attack_recall"", ""printed_attack_precision"", ""exact_attack_set_match"", ""attack_match_classification""]",[],[],"[""hp""]",[],True
D:\02_AI_and_Data\Kaggle-AI-Agents\PTCG_AI_Battle_Challenge\reports\notebook54\section4\section4n_selected_image_candidates.csv,8,24,"[""card_id"", ""card_name"", ""image_name""]","[""extraction_error_type"", ""extraction_error_message""]",[],[],[],[],True
D:\02_AI_and_Data\Kaggle-AI-Agents\PTCG_AI_Battle_Challenge\reports\notebook54\section4\section4n_destination_image_inventory.csv,8,23,"[""card_id"", ""card_name"", ""image_name""]","[""extraction_error_type"", ""extraction_error_message""]",[],[],[],[],True
D:\02_AI_and_Data\Kaggle-AI-Agents\PTCG_AI_Battle_Challenge\reports\notebook52\section3\section3a_tournament_scenario_catalog.csv,8,18,"[""scenario_name"", ""player_card"", ""opponent_card""]","[""player_legal_moves"", ""opponent_legal_moves""]","[""player_damage"", ""opponent_damage""]","[""player_energy"", ""opponent_energy""]","[""player_hp"", ""opponent_hp""]",[],True
D:\02_AI_and_Data\Kaggle-AI-Agents\PTCG_AI_Battle_Challenge\reports\notebook54\section4\section4j_official_candidate_comparison.csv,8,14,"[""card_name"", ""official_card_id"", ""direct_upstream_card_id_match""]","[""simulator_moves"", ""matched_simulator_moves"", ""expected_simulator_moves"", ""full_move_profile_match""]",[],[],"[""simulator_hp_values""]",[],True
D:\02_AI_and_Data\Kaggle-AI-Agents\PTCG_AI_Battle_Challenge\reports\notebook46\competitive_schema.json,8,5,[],"[""move_features"", ""move_dimension""]",[],[],[],[],True
D:\02_AI_and_Data\Kaggle-AI-Agents\PTCG_AI_Battle_Challenge\reports\notebook54\section4\section4r_availability_by_card_and_side.csv,7,11,"[""active_card_resolved"", ""official_card_id""]","[""average_legal_printed_attacks"", ""multi_attack_states"", ""control_action_states"", ""legal_attack_signatures""]",[],"[""average_energy"", ""minimum_energy"", ""maximum_energy""]",[],[],True
D:\02_AI_and_Data\Kaggle-AI-Agents\PTCG_AI_Battle_Challenge\reports\notebook54\section4\section4q_complete_verified_action_catalog.csv,7,19,"[""card_name"", ""official_card_id"", ""printed_card_name"", ""action_name"", ""normalized_action_name""]","[""attack_order"", ""action_name"", ""normalized_action_name"", ""attack_effect_summary"", ""action_source"", ""is_control_action"", ""simulator_action_available"", ""action_availability_status""]","[""printed_damage"", ""base_damage"", ""variable_damage""]","[""energy_symbol_count""]",[],"[""attack_effect_summary""]",True
D:\02_AI_and_Data\Kaggle-AI-Agents\PTCG_AI_Battle_Challenge\reports\notebook54\section3\section3b_benchmark_action_library.csv,7,6,"[""active_card"", ""move_name""]","[""move_name""]",[],[],[],[],True
D:\02_AI_and_Data\Kaggle-AI-Agents\PTCG_AI_Battle_Challenge\reports\notebook54\section4\section4q_frozen_simulator_actions.csv,7,6,"[""card_name"", ""action_name"", ""normalized_action_name""]","[""action_name"", ""normalized_action_name"", ""is_control_action""]",[],[],[],[],True
D:\02_AI_and_Data\Kaggle-AI-Agents\PTCG_AI_Battle_Challenge\reports\notebook53\section2\section2b_root_cause_by_legal_move_set.csv,6,11,[],"[""legal_move_signature"", ""legal_move_count_recomputed"", ""average_legal_move_count""]",[],[],[],[],True
D:\02_AI_and_Data\Kaggle-AI-Agents\PTCG_AI_Battle_Challenge\reports\notebook49\section4_targeted_curriculum_summary.json,6,22,[],"[""sampling_probability"", ""multi_action_target_fraction"", ""policy_disagreement_target_fraction"", ""late_game_target_fraction""]",[],[],[],[],True
D:\02_AI_and_Data\Kaggle-AI-Agents\PTCG_AI_Battle_Challenge\reports\notebook49\section4b_final_curriculum_summary.json,6,9,[],"[""opponent_fraction"", ""player_fraction"", ""search_fraction""]",[],[],[],[],True
D:\02_AI_and_Data\Kaggle-AI-Agents\PTCG_AI_Battle_Challenge\reports\notebook49\section4b_final_curriculum_plan.csv,6,23,[],"[""sampling_probability"", ""multi_action_target_fraction"", ""policy_disagreement_target_fraction"", ""late_game_target_fraction"", ""final_sampling_probability""]",[],[],[],[],True
D:\02_AI_and_Data\Kaggle-AI-Agents\PTCG_AI_Battle_Challenge\reports\notebook49\section4_targeted_curriculum_plan.csv,6,22,[],"[""sampling_probability"", ""multi_action_target_fraction"", ""policy_disagreement_target_fraction"", ""late_game_target_fraction""]",[],[],[],[],True
D:\02_AI_and_Data\Kaggle-AI-Agents\PTCG_AI_Battle_Challenge\reports\notebook53\section2\section2b_root_cause_summary.json,6,17,"[""highest_masking_active_card"", ""highest_masking_active_card_rate"", ""lowest_raw_legality_active_card"", ""lowest_raw_legality_active_card_rate""]","[""highest_masking_legal_move_set"", ""highest_masking_legal_move_set_rate"", ""single_action_masking_rate"", ""multi_action_masking_rate""]",[],[],[],[],True
D:\02_AI_and_Data\Kaggle-AI-Agents\PTCG_AI_Battle_Challenge\reports\notebook53\section2\section2a_selected_action_profile.csv,6,8,[],"[""selected_move"", ""average_selected_probability"", ""selection_fraction""]",[],[],[],[],True
D:\02_AI_and_Data\Kaggle-AI-Agents\PTCG_AI_Battle_Challenge\reports\notebook53\section4\section4b_legality_aware_target_distribution.csv,6,7,[],"[""expert_move"", ""single_action_examples"", ""multi_action_examples"", ""fraction""]",[],[],[],[],True
D:\02_AI_and_Data\Kaggle-AI-Agents\PTCG_AI_Battle_Challenge\reports\notebook54\section4\section4r_availability_by_condition.csv,6,9,[],"[""average_legal_printed_attacks"", ""multi_attack_states"", ""attack_plus_control_states"", ""multi_attack_rate""]",[],"[""average_energy""]",[],[],True
D:\02_AI_and_Data\Kaggle-AI-Agents\PTCG_AI_Battle_Challenge\reports\notebook50\section2\dataset_splits\section2a_split_side_profile.csv,6,6,[],"[""within_split_fraction""]",[],[],[],[],True
D:\02_AI_and_Data\Kaggle-AI-Agents\PTCG_AI_Battle_Challenge\reports\notebook31\opponent_behavior_comparison.csv,6,5,[],"[""chosen_move""]",[],[],[],[],True
D:\02_AI_and_Data\Kaggle-AI-Agents\PTCG_AI_Battle_Challenge\reports\notebook53\section2\section2a_prediction_transition_matrix.csv,6,6,[],"[""raw_predicted_move"", ""selected_move"", ""changed_action""]",[],[],[],[],True
D:\02_AI_and_Data\Kaggle-AI-Agents\PTCG_AI_Battle_Challenge\reports\notebook52\section6\section6a_action_distribution.csv,6,4,[],"[""selected_move"", ""UsageFraction""]",[],[],[],[],True
D:\02_AI_and_Data\Kaggle-AI-Agents\PTCG_AI_Battle_Challenge\reports\notebook53\section3\section3a_legal_action_availability.csv,6,6,[],"[""policy_action"", ""availability_rate""]",[],[],[],[],True
D:\02_AI_and_Data\Kaggle-AI-Agents\PTCG_AI_Battle_Challenge\reports\notebook53\section6\section6a_test_confusion_matrix.csv,6,7,"[""Unnamed: 0""]","[""predicted__Quick Attack""]",[],[],[],[],True
D:\02_AI_and_Data\Kaggle-AI-Agents\PTCG_AI_Battle_Challenge\reports\notebook53\section6\section6a_validation_confusion_matrix.csv,6,7,"[""Unnamed: 0""]","[""predicted__Quick Attack""]",[],[],[],[],True
D:\02_AI_and_Data\Kaggle-AI-Agents\PTCG_AI_Battle_Challenge\reports\notebook53\section6\section6a_action_count_performance.csv,6,6,[],"[""action_state_type""]",[],[],[],[],True
D:\02_AI_and_Data\Kaggle-AI-Agents\PTCG_AI_Battle_Challenge\reports\notebook53\section4\section4b_legality_aware_signature_summary.csv,6,6,[],"[""legal_move_signature"", ""legal_move_count"", ""single_action_examples"", ""multi_action_examples"", ""unique_expert_moves""]",[],[],[],[],True
D:\02_AI_and_Data\Kaggle-AI-Agents\PTCG_AI_Battle_Challenge\reports\notebook53\section3\section3b_legal_signature_summary.csv,6,6,[],"[""legal_move_signature"", ""legal_move_count"", ""single_action_states"", ""multi_action_states""]",[],[],[],[],True
D:\02_AI_and_Data\Kaggle-AI-Agents\PTCG_AI_Battle_Challenge\reports\notebook53\section3\section3b_target_distribution.csv,6,3,[],"[""target_move"", ""fraction""]",[],[],[],[],True
D:\02_AI_and_Data\Kaggle-AI-Agents\PTCG_AI_Battle_Challenge\reports\notebook52\section5\analysis\section5c_action_analysis.csv,6,3,[],"[""selected_move""]",[],[],[],[],True
D:\02_AI_and_Data\Kaggle-AI-Agents\PTCG_AI_Battle_Challenge\reports\notebook50\section6\section6a_policy_class_lookup.csv,6,2,[],"[""policy_move""]",[],[],[],[],True
D:\02_AI_and_Data\Kaggle-AI-Agents\PTCG_AI_Battle_Challenge\reports\notebook54\section4\section4j_upstream_card_profile_evidence.csv,5,10,"[""card_name"", ""card_id_candidates""]","[""matched_moves"", ""move_match_count"", ""expected_move_count""]",[],[],"[""hp_candidates""]",[],True
D:\02_AI_and_Data\Kaggle-AI-Agents\PTCG_AI_Battle_Challenge\reports\notebook53\section2\section2b_active_card_prediction_profile.csv,5,11,"[""active_card""]","[""raw_predicted_move"", ""average_legal_move_count""]",[],[],[],[],True
D:\02_AI_and_Data\Kaggle-AI-Agents\PTCG_AI_Battle_Challenge\reports\notebook53\section2\section2b_active_card_prediction_bias_matrix.csv,5,4,"[""active_card""]","[""Quick Attack""]",[],[],[],[],True
D:\02_AI_and_Data\Kaggle-AI-Agents\PTCG_AI_Battle_Challenge\reports\notebook54\section4\section4q_printed_vs_simulator_availability.csv,5,19,"[""card_name"", ""official_card_id"", ""printed_card_name"", ""action_name"", ""normalized_action_name""]","[""attack_order"", ""action_name"", ""normalized_action_name"", ""attack_effect_summary"", ""action_source"", ""is_control_action"", ""simulator_action_available"", ""action_availability_status""]","[""printed_damage"", ""base_damage"", ""variable_damage""]","[""energy_symbol_count""]",[],"[""attack_effect_summary""]",True
D:\02_AI_and_Data\Kaggle-AI-Agents\PTCG_AI_Battle_Challenge\reports\notebook54\section4\section4q_verified_printed_actions.csv,5,16,"[""card_name"", ""official_card_id"", ""printed_card_name"", ""action_name"", ""normalized_action_name""]","[""attack_order"", ""action_name"", ""normalized_action_name"", ""attack_effect_summary"", ""action_source"", ""is_control_action""]","[""printed_damage"", ""base_damage"", ""variable_damage""]","[""energy_symbol_count""]",[],"[""attack_effect_summary""]",True
D:\02_AI_and_Data\Kaggle-AI-Agents\PTCG_AI_Battle_Challenge\reports\notebook52\section4\analysis\section4b_action_summary.csv,5,8,[],"[""selected_move"", ""average_selected_probability"", ""selection_fraction""]",[],[],[],[],True
D:\02_AI_and_Data\Kaggle-AI-Agents\PTCG_AI_Battle_Challenge\reports\notebook54\section3\section3b_supported_action_design.csv,5,4,[],"[""candidate_action_family""]",[],[],[],[],True
D:\02_AI_and_Data\Kaggle-AI-Agents\PTCG_AI_Battle_Challenge\reports\notebook54\section4\section4a_card_candidate_profile.csv,4,7,"[""card_name"", ""validated_move_names""]","[""total_validated_moves"", ""current_benchmark_moves"", ""eligible_additional_moves"", ""manual_review_moves"", ""validated_move_names""]","[""maximum_validated_damage""]",[],[],[],True
D:\02_AI_and_Data\Kaggle-AI-Agents\PTCG_AI_Battle_Challenge\reports\notebook54\section4\section4a_candidate_move_validation_summary.json,4,20,"[""tournament_cards"", ""tournament_source_records"", ""cards_with_additional_candidates""]","[""validated_unique_moves"", ""current_benchmark_moves"", ""additional_source_backed_moves"", ""damage_conflict_moves"", ""manual_review_moves"", ""safe_action_catalog_rows"", ""recommended_next_action"", ""custom_moves_invented""]","[""damage_conflict_moves""]",[],[],[],True
D:\02_AI_and_Data\Kaggle-AI-Agents\PTCG_AI_Battle_Challenge\reports\notebook54\section4\section4q_verified_card_versions.csv,4,16,"[""card_name"", ""official_card_id"", ""printed_card_name"", ""is_pokemon_ex"", ""pokemon_type"", ""ability_names"", ""printed_attack_names""]","[""ability_names"", ""printed_attack_names""]",[],"[""retreat_cost_symbols""]","[""hp""]",[],True
D:\02_AI_and_Data\Kaggle-AI-Agents\PTCG_AI_Battle_Challenge\reports\notebook54\section4\section4o_official_card_image_visual_inventory_summary.json,4,14,"[""cards_ready_for_visual_review"", ""tournament_move_sets_modified""]","[""tournament_move_sets_modified"", ""safe_to_expand_actions""]",[],[],[],[],True
D:\02_AI_and_Data\Kaggle-AI-Agents\PTCG_AI_Battle_Challenge\reports\notebook54\section4\section4j_simulator_move_profile.csv,4,7,"[""card_name""]","[""expected_benchmark_moves"", ""recovered_legal_moves"", ""recovered_selected_moves"", ""combined_recovered_moves"", ""expected_moves_recovered""]",[],[],[],[],True
D:\02_AI_and_Data\Kaggle-AI-Agents\PTCG_AI_Battle_Challenge\reports\notebook54\section4\section4d_benchmark_metadata_comparison.csv,4,10,"[""card_name"", ""metadata_card_versions""]","[""benchmark_moves"", ""metadata_moves"", ""matched_moves"", ""missing_benchmark_moves"", ""additional_metadata_moves"", ""exact_benchmark_move_coverage""]",[],[],[],[],True
D:\02_AI_and_Data\Kaggle-AI-Agents\PTCG_AI_Battle_Challenge\reports\notebook53\section2\section2b_active_card_action_availability.csv,4,8,"[""active_card""]","[""available_legal_actions"", ""available_legal_action_count"", ""raw_predicted_actions"", ""selected_actions""]",[],[],[],[],True
D:\02_AI_and_Data\Kaggle-AI-Agents\PTCG_AI_Battle_Challenge\reports\notebook53\section2\section2b_root_cause_by_active_card.csv,4,10,"[""active_card""]","[""average_legal_move_count""]",[],[],[],[],True
D:\02_AI_and_Data\Kaggle-AI-Agents\PTCG_AI_Battle_Challenge\reports\notebook54\section4\section4p_simulator_attack_profile.csv,4,5,"[""card_name""]","[""all_simulator_actions"", ""simulator_printed_attack_candidates"", ""simulator_control_actions"", ""printed_attack_candidate_count""]",[],[],[],[],True
D:\02_AI_and_Data\Kaggle-AI-Agents\PTCG_AI_Battle_Challenge\reports\notebook49\section7\section7b_card_resolution.csv,4,8,"[""requested_card"", ""matched_card_id"", ""matched_card_name"", ""attack_names""]","[""attack_count"", ""attack_names""]",[],[],[],[],True
D:\02_AI_and_Data\Kaggle-AI-Agents\PTCG_AI_Battle_Challenge\reports\notebook54\section4\section4q_card_action_availability.csv,4,9,"[""card_name"", ""official_card_id""]","[""printed_attack_count"", ""simulator_available_printed_attacks"", ""missing_printed_attack_count"", ""simulator_control_action_count"", ""printed_attack_coverage_rate"", ""all_printed_attacks_available"", ""action_expansion_opportunity""]",[],[],[],[],True
D:\02_AI_and_Data\Kaggle-AI-Agents\PTCG_AI_Battle_Challenge\reports\notebook54\section2\section2b_root_cause_by_player_card.csv,4,10,"[""player_card""]","[""one_attack_swing_candidates""]",[],[],"[""average_final_hp_margin""]",[],True
D:\02_AI_and_Data\Kaggle-AI-Agents\PTCG_AI_Battle_Challenge\reports\notebook54\section3\section3a_player_legal_move_profile.csv,4,10,"[""active_card""]","[""legal_moves"", ""selected_move""]",[],[],[],[],True
D:\02_AI_and_Data\Kaggle-AI-Agents\PTCG_AI_Battle_Challenge\reports\notebook54\section3\section3a_player_availability_by_card.csv,4,11,"[""active_card""]","[""unique_legal_move_sets"", ""average_legal_move_count"", ""maximum_legal_move_count"", ""multi_action_decisions""]",[],[],[],[],True
D:\02_AI_and_Data\Kaggle-AI-Agents\PTCG_AI_Battle_Challenge\reports\notebook54\section4\section4b_candidate_transitions_by_card.csv,4,9,"[""card_name""]","[""candidate_moves""]","[""minimum_damage"", ""maximum_damage"", ""average_damage"", ""unique_damage_values""]",[],[],[],True
D:\02_AI_and_Data\Kaggle-AI-Agents\PTCG_AI_Battle_Challenge\reports\notebook53\section4\section4b_legality_aware_active_card_summary.csv,4,6,"[""active_card""]","[""legal_move_signatures"", ""expert_move_classes"", ""single_action_examples"", ""multi_action_examples""]",[],[],[],[],True
D:\02_AI_and_Data\Kaggle-AI-Agents\PTCG_AI_Battle_Challenge\reports\notebook53\section3\section3b_active_card_action_map.csv,4,3,"[""active_card""]","[""compatible_actions"", ""compatible_action_count""]",[],[],[],[],True
D:\02_AI_and_Data\Kaggle-AI-Agents\PTCG_AI_Battle_Challenge\reports\notebook54\section3\section3b_recognized_move_keys.csv,4,2,"[""module_name""]","[""move_key""]",[],[],[],[],True
D:\02_AI_and_Data\Kaggle-AI-Agents\PTCG_AI_Battle_Challenge\reports\notebook53\section4\section4a_dataset_profiles.csv,4,15,"[""has_player_card"", ""has_opponent_card""]","[""legal_move_candidates""]",[],[],[],[],True
D:\02_AI_and_Data\Kaggle-AI-Agents\PTCG_AI_Battle_Challenge\reports\notebook49\section8\policy_dataset\section8c_summary.json,4,18,[],"[""duplicates_removed"", ""invalid_legal_move_count""]",[],[],[],[],True
D:\02_AI_and_Data\Kaggle-AI-Agents\PTCG_AI_Battle_Challenge\reports\notebook54\section4\section4b_candidate_transition_summary.json,4,17,"[""cards_tested"", ""cards_with_damage_improvement"", ""tournament_move_sets_modified""]","[""candidate_moves_tested"", ""tournament_move_sets_modified""]","[""minimum_candidate_damage"", ""maximum_candidate_damage"", ""damage_improving_candidates"", ""cards_with_damage_improvement""]",[],[],[],True
D:\02_AI_and_Data\Kaggle-AI-Agents\PTCG_AI_Battle_Challenge\reports\notebook54\section4\section4p_leading_official_versions.csv,4,12,"[""card_name"", ""leading_card_id"", ""leading_printed_card_name""]","[""leading_printed_attacks"", ""simulator_attacks"", ""exact_attack_set_match""]",[],[],"[""leading_hp""]",[],True
D:\02_AI_and_Data\Kaggle-AI-Agents\PTCG_AI_Battle_Challenge\reports\notebook53\section2\section2b_root_cause_by_battle_phase.csv,3,10,[],"[""average_legal_move_count""]",[],[],[],[],True
D:\02_AI_and_Data\Kaggle-AI-Agents\PTCG_AI_Battle_Challenge\reports\notebook12_battle_history.csv,3,11,"[""pokemon_name"", ""move_name""]","[""move_name""]","[""damage""]",[],"[""player_hp_after"", ""opponent_hp_after""]",[],True
D:\02_AI_and_Data\Kaggle-AI-Agents\PTCG_AI_Battle_Challenge\reports\notebook38\rl_transition_validation_fixture.parquet,3,16,[],"[""legal_moves"", ""legal_move_mask"", ""chosen_move"", ""chosen_move_index""]",[],[],[],[],True
D:\02_AI_and_Data\Kaggle-AI-Agents\PTCG_AI_Battle_Challenge\reports\notebook39\training_dataset.parquet,3,16,[],"[""legal_moves"", ""legal_move_mask"", ""chosen_move"", ""chosen_move_index""]",[],[],[],[],True
D:\02_AI_and_Data\Kaggle-AI-Agents\PTCG_AI_Battle_Challenge\reports\notebook38\rl_transition_validation_fixture.csv,3,16,[],"[""legal_moves"", ""legal_move_mask"", ""chosen_move"", ""chosen_move_index""]",[],[],[],[],True
D:\02_AI_and_Data\Kaggle-AI-Agents\PTCG_AI_Battle_Challenge\reports\notebook39\training_dataset.csv,3,16,[],"[""legal_moves"", ""legal_move_mask"", ""chosen_move"", ""chosen_move_index""]",[],[],[],[],True
D:\02_AI_and_Data\Kaggle-AI-Agents\PTCG_AI_Battle_Challenge\reports\notebook53\section2\section2b_root_cause_by_confidence_band.csv,3,10,[],"[""average_legal_move_count""]",[],[],[],[],True
D:\02_AI_and_Data\Kaggle-AI-Agents\PTCG_AI_Battle_Challenge\reports\notebook50\section2\dataset_splits\section2b_side_balance_profile.csv,3,9,[],"[""player_fraction"", ""opponent_fraction"", ""player_fraction_drift"", ""opponent_fraction_drift""]",[],[],[],[],True
D:\02_AI_and_Data\Kaggle-AI-Agents\PTCG_AI_Battle_Challenge\reports\notebook53\section2\section2b_root_cause_by_condition.csv,3,10,[],"[""average_legal_move_count""]",[],[],[],[],True
D:\02_AI_and_Data\Kaggle-AI-Agents\PTCG_AI_Battle_Challenge\reports\notebook53\section2\section2b_root_cause_by_energy_band.csv,3,10,[],"[""average_legal_move_count""]",[],"[""energy_band""]",[],[],True
D:\02_AI_and_Data\Kaggle-AI-Agents\PTCG_AI_Battle_Challenge\reports\notebook53\section2\section2a_decision_category_summary.csv,3,9,[],"[""average_legal_move_count"", ""decision_fraction""]",[],[],[],[],True
D:\02_AI_and_Data\Kaggle-AI-Agents\PTCG_AI_Battle_Challenge\reports\notebook50\section2\dataset_splits\section2a_split_profile.csv,3,7,[],"[""scenario_fraction"", ""row_fraction""]",[],[],[],[],True
D:\02_AI_and_Data\Kaggle-AI-Agents\PTCG_AI_Battle_Challenge\reports\notebook39\dataset_integrity_audit.csv,3,8,[],"[""legal_moves_valid"", ""chosen_move_matches"", ""chosen_move_legal""]",[],[],[],[],True
D:\02_AI_and_Data\Kaggle-AI-Agents\PTCG_AI_Battle_Challenge\reports\notebook54\section2\section2b_root_cause_by_condition.csv,3,11,[],"[""one_attack_swing_candidates""]",[],[],"[""average_final_hp_margin""]",[],True
D:\02_AI_and_Data\Kaggle-AI-Agents\PTCG_AI_Battle_Challenge\reports\notebook53\section2\section2a_masking_by_condition.csv,3,8,[],"[""average_legal_move_count""]",[],[],[],[],True
D:\02_AI_and_Data\Kaggle-AI-Agents\PTCG_AI_Battle_Challenge\reports\notebook53\section6\section6e_tournament_replay_condition_summary.csv,3,12,[],"[""single_action_direct_decisions""]",[],[],[],[],True
D:\02_AI_and_Data\Kaggle-AI-Agents\PTCG_AI_Battle_Challenge\reports\notebook53\section5\section5a_group_safe_split_summary.csv,3,8,[],"[""fraction""]",[],[],[],[],True
D:\02_AI_and_Data\Kaggle-AI-Agents\PTCG_AI_Battle_Challenge\reports\notebook50\section3\feature_engineering\section3a_action_target_profile.csv,3,6,[],"[""within_split_fraction""]",[],[],[],[],True
D:\02_AI_and_Data\Kaggle-AI-Agents\PTCG_AI_Battle_Challenge\reports\notebook54\section3\section3a_player_availability_by_condition.csv,3,10,[],"[""single_action_decisions"", ""multi_action_decisions"", ""average_legal_move_count""]",[],[],[],[],True
D:\02_AI_and_Data\Kaggle-AI-Agents\PTCG_AI_Battle_Challenge\reports\notebook50\section2\dataset_splits\section2b_split_integrity_profile.csv,3,9,[],"[""missing_expert_moves""]",[],[],[],[],True
D:\02_AI_and_Data\Kaggle-AI-Agents\PTCG_AI_Battle_Challenge\reports\notebook53\section5\section5b_matrix_integrity.csv,3,8,[],"[""zero_fraction""]",[],[],[],[],True
D:\02_AI_and_Data\Kaggle-AI-Agents\PTCG_AI_Battle_Challenge\reports\notebook38\rl_transition_quality_audit.csv,3,7,[],"[""selected_move_matches"", ""chosen_move_is_legal""]",[],[],[],[],True
D:\02_AI_and_Data\Kaggle-AI-Agents\PTCG_AI_Battle_Challenge\reports\notebook49\section4_baseline_allocation.csv,3,5,[],"[""allocation_fraction""]",[],[],[],[],True
D:\02_AI_and_Data\Kaggle-AI-Agents\PTCG_AI_Battle_Challenge\reports\notebook49\section4b_final_baseline_allocation.csv,3,5,[],"[""allocation_fraction""]",[],[],[],[],True
D:\02_AI_and_Data\Kaggle-AI-Agents\PTCG_AI_Battle_Challenge\reports\notebook33\move_features.csv,2,14,"[""move_name""]","[""move_index"", ""move_name"", ""estimated_hp_after_attack"", ""is_healing_move"", ""is_retreat_move"", ""is_status_move"", ""is_pass_move""]","[""damage"", ""damage_per_energy"", ""overkill_damage""]","[""energy_cost"", ""damage_per_energy""]","[""opponent_hp"", ""estimated_hp_after_attack""]",[],True
D:\02_AI_and_Data\Kaggle-AI-Agents\PTCG_AI_Battle_Challenge\reports\notebook29\move_frequency.csv,2,3,[],"[""Move""]",[],[],[],[],True
D:\02_AI_and_Data\Kaggle-AI-Agents\PTCG_AI_Battle_Challenge\reports\notebook32\notebook32_move_counts.csv,2,2,[],"[""move""]",[],[],[],[],True
D:\02_AI_and_Data\Kaggle-AI-Agents\PTCG_AI_Battle_Challenge\reports\notebook47\competitive_policy_test_evaluation.json,2,5,[],"[""legal_move_count""]",[],[],[],[],True
D:\02_AI_and_Data\Kaggle-AI-Agents\PTCG_AI_Battle_Challenge\reports\notebook49\side_balanced_setup_summary.json,2,26,[],"[""original_multi_action_fraction"", ""minimum_multi_action_fraction""]",[],[],[],[],True
D:\02_AI_and_Data\Kaggle-AI-Agents\PTCG_AI_Battle_Challenge\reports\notebook49\section7\section7a_dry_run_report.json,2,9,[],"[""legal_moves_succeeded"", ""legal_move_count""]",[],[],[],[],True
D:\02_AI_and_Data\Kaggle-AI-Agents\PTCG_AI_Battle_Challenge\reports\notebook33\sample_observations.csv,2,39,"[""player_prize_cards_remaining"", ""opponent_prize_cards_remaining"", ""move_name""]","[""move_index"", ""move_name"", ""estimated_hp_after_attack"", ""is_healing_move"", ""is_retreat_move"", ""is_status_move"", ""is_pass_move""]","[""player_damage_taken"", ""opponent_damage_taken"", ""damage"", ""damage_per_energy"", ""overkill_damage""]","[""player_attached_energy"", ""opponent_attached_energy"", ""battle_energy_advantage"", ""energy_cost"", ""damage_per_energy""]","[""player_current_hp"", ""player_maximum_hp"", ""player_current_hp_ratio"", ""opponent_hp"", ""opponent_maximum_hp"", ""opponent_hp_ratio"", ""battle_hp_advantage"", ""estimated_hp_after_attack""]",[],True
D:\02_AI_and_Data\Kaggle-AI-Agents\PTCG_AI_Battle_Challenge\reports\notebook54\section3\section3b_supported_action_discovery_summary.json,2,21,"[""benchmark_cards""]","[""tabular_move_records_discovered"", ""unique_tabular_moves"", ""benchmark_moves"", ""recognized_move_keys"", ""recommended_action_source"", ""unsupported_custom_moves_allowed""]","[""damage_supported""]","[""energy_cost_detected""]",[],[],True
D:\02_AI_and_Data\Kaggle-AI-Agents\PTCG_AI_Battle_Challenge\reports\notebook54\section4\section4q_simulator_control_actions.csv,2,19,"[""card_name"", ""official_card_id"", ""printed_card_name"", ""action_name"", ""normalized_action_name""]","[""attack_order"", ""action_name"", ""normalized_action_name"", ""attack_effect_summary"", ""action_source"", ""is_control_action"", ""simulator_action_available"", ""action_availability_status""]","[""printed_damage"", ""base_damage"", ""variable_damage""]","[""energy_symbol_count""]",[],"[""attack_effect_summary""]",True
D:\02_AI_and_Data\Kaggle-AI-Agents\PTCG_AI_Battle_Challenge\reports\notebook53\section6\section6b_comparison_by_action_state.csv,2,13,[],"[""action_state_type""]",[],[],[],[],True
D:\02_AI_and_Data\Kaggle-AI-Agents\PTCG_AI_Battle_Challenge\reports\notebook53\section3\section3a_routing_mode_summary.csv,2,11,[],"[""legal_routed_moves""]",[],[],[],[],True
D:\02_AI_and_Data\Kaggle-AI-Agents\PTCG_AI_Battle_Challenge\reports\notebook53\section2\section2a_masking_by_side.csv,2,10,[],"[""average_legal_move_count""]",[],[],[],[],True
D:\02_AI_and_Data\Kaggle-AI-Agents\PTCG_AI_Battle_Challenge\reports\notebook53\section2\section2b_root_cause_by_action_count.csv,2,11,[],"[""single_legal_move"", ""legal_move_count_recomputed"", ""average_legal_move_count""]",[],[],[],[],True
D:\02_AI_and_Data\Kaggle-AI-Agents\PTCG_AI_Battle_Challenge\reports\notebook54\section4\section4u_runtime_energy_probe.csv,2,9,"[""active_card""]","[""energy_extraction_status""]",[],"[""energy_value"", ""energy_observed"", ""energy_attribute"", ""energy_raw_type"", ""energy_extraction_status""]",[],[],True
D:\02_AI_and_Data\Kaggle-AI-Agents\PTCG_AI_Battle_Challenge\reports\notebook53\section3\section3a_routing_reason_summary.csv,2,8,[],"[""legal_routed_moves"", ""decision_fraction""]",[],[],[],[],True
D:\02_AI_and_Data\Kaggle-AI-Agents\PTCG_AI_Battle_Challenge\reports\notebook53\section2\section2a_raw_prediction_profile.csv,2,9,[],"[""raw_predicted_move"", ""prediction_fraction""]",[],[],[],[],True
D:\02_AI_and_Data\Kaggle-AI-Agents\PTCG_AI_Battle_Challenge\reports\notebook52\section4\analysis\section4b_policy_side_summary.csv,2,8,[],"[""average_selected_probability""]",[],[],[],[],True
D:\02_AI_and_Data\Kaggle-AI-Agents\PTCG_AI_Battle_Challenge\reports\notebook53\section6\section6b_routing_reason_summary.csv,2,7,[],"[""decision_fraction""]",[],[],[],[],True
D:\02_AI_and_Data\Kaggle-AI-Agents\PTCG_AI_Battle_Challenge\reports\notebook54\section4\section4g_combined_identifier_evidence.csv,2,9,"[""card_id"", ""card_name""]","[""attacks""]",[],[],"[""hp""]",[],True
D:\02_AI_and_Data\Kaggle-AI-Agents\PTCG_AI_Battle_Challenge\reports\notebook50\section5\policy_evaluation\section5a_training_side_distribution.csv,2,6,[],"[""fraction""]",[],[],[],[],True
D:\02_AI_and_Data\Kaggle-AI-Agents\PTCG_AI_Battle_Challenge\reports\notebook54\section4\section4r_availability_by_side.csv,2,8,[],"[""one_printed_attack_states"", ""multi_printed_attack_states"", ""control_action_states"", ""multi_attack_rate""]",[],"[""average_acting_energy"", ""zero_energy_decisions""]",[],[],True
D:\02_AI_and_Data\Kaggle-AI-Agents\PTCG_AI_Battle_Challenge\reports\notebook54\section3\section3a_action_availability_by_side.csv,2,7,[],"[""single_action_decisions"", ""multi_action_decisions"", ""average_legal_move_count"", ""maximum_legal_move_count""]",[],[],[],[],True
D:\02_AI_and_Data\Kaggle-AI-Agents\PTCG_AI_Battle_Challenge\reports\notebook54\section4\section4va_runtime_state_energy_probe.csv,2,6,"[""active_card""]","[""energy_extraction_status""]",[],"[""energy_value"", ""energy_observed"", ""energy_attribute"", ""energy_extraction_status""]",[],[],True
D:\02_AI_and_Data\Kaggle-AI-Agents\PTCG_AI_Battle_Challenge\reports\notebook53\section6\section6e_tournament_replay_routing_summary.csv,2,5,[],"[""decision_fraction""]",[],[],[],[],True
D:\02_AI_and_Data\Kaggle-AI-Agents\PTCG_AI_Battle_Challenge\reports\notebook49\section4_side_allocation.csv,2,5,[],"[""allocation_fraction""]",[],[],[],[],True
D:\02_AI_and_Data\Kaggle-AI-Agents\PTCG_AI_Battle_Challenge\reports\notebook49\section4b_final_side_allocation.csv,2,5,[],"[""allocation_fraction""]",[],[],[],[],True
D:\02_AI_and_Data\Kaggle-AI-Agents\PTCG_AI_Battle_Challenge\reports\notebook50\section1\environment_and_handoff\section1c_side_profile.csv,2,3,[],"[""fraction""]",[],[],[],[],True
D:\02_AI_and_Data\Kaggle-AI-Agents\PTCG_AI_Battle_Challenge\reports\notebook34\policy_class_distribution.csv,2,3,"[""move_name""]","[""move_name""]",[],[],[],[],True
D:\02_AI_and_Data\Kaggle-AI-Agents\PTCG_AI_Battle_Challenge\models\notebook53\legality_aware_policy_adapter_metadata.json,1,11,"[""adapter_name"", ""encoded_feature_names_file""]","[""single_action_direct_routing"", ""multi_action_model_routing""]",[],[],[],[],True
D:\02_AI_and_Data\Kaggle-AI-Agents\PTCG_AI_Battle_Challenge\reports\notebook54\section4\section4g_parsed_card_objects.csv,1,12,"[""card_id"", ""card_name""]","[""attacks""]",[],[],"[""hp""]","[""text_source_index""]",True
D:\02_AI_and_Data\Kaggle-AI-Agents\PTCG_AI_Battle_Challenge\reports\notebook53\section6\section6d_battle_runner_summary.json,1,15,"[""ready_for_full_tournament_replay""]","[""selected_move"", ""selected_move_legal""]",[],[],[],[],True
D:\02_AI_and_Data\Kaggle-AI-Agents\PTCG_AI_Battle_Challenge\reports\notebook53\section6\section6d_battle_runner_history.csv,1,12,"[""active_card""]","[""legal_moves"", ""selected_move""]",[],[],[],[],True
D:\02_AI_and_Data\Kaggle-AI-Agents\PTCG_AI_Battle_Challenge\reports\notebook54\section2\section2b_selected_move_profile.csv,1,11,"[""active_card""]","[""selected_move""]",[],[],[],[],True
D:\02_AI_and_Data\Kaggle-AI-Agents\PTCG_AI_Battle_Challenge\reports\notebook54\section2\section2a_multi_action_move_choice_profile.csv,1,8,[],"[""legal_moves"", ""selected_move""]",[],[],[],[],True
D:\02_AI_and_Data\Kaggle-AI-Agents\PTCG_AI_Battle_Challenge\reports\notebook54\section1\section1b_notebook53_handoff_summary.json,1,32,"[""tournament_battles"", ""tournament_player_wins"", ""tournament_opponent_wins"", ""tournament_draws"", ""tournament_policy_decisions""]","[""single_action_direct_decisions"", ""multi_action_model_decisions""]",[],[],[],[],True
D:\02_AI_and_Data\Kaggle-AI-Agents\PTCG_AI_Battle_Challenge\reports\notebook50\section2\dataset_splits\section2a_split_summary.json,1,28,"[""section_name""]","[""train_fraction_target"", ""validation_fraction_target"", ""test_fraction_target""]",[],[],[],[],True
D:\02_AI_and_Data\Kaggle-AI-Agents\PTCG_AI_Battle_Challenge\reports\notebook53\section2\section2a_fallback_decisions.csv,1,37,"[""condition_name"", ""player_card"", ""opponent_card""]","[""legal_moves"", ""selected_move"", ""raw_predicted_move"", ""selected_probability"", ""masking_changed_action"", ""legal_move_list"", ""legal_move_count_recomputed"", ""normalized_selected_move"", ""normalized_legal_moves"", ""masking_changed_action_recomputed"", ""masking_changed_action_stored"", ""selected_probability_numeric"", ""selected_masked_probability_numeric"", ""raw_to_selected_probability_gap"", ""masked_probability_gain""]",[],"[""starting_player_energy"", ""starting_opponent_energy""]","[""starting_player_hp"", ""starting_opponent_hp""]",[],True
D:\02_AI_and_Data\Kaggle-AI-Agents\PTCG_AI_Battle_Challenge\reports\notebook54\section4\section4s_energy_evidence_recovery_summary.json,1,19,"[""tournament_move_sets_modified""]","[""attack_state_energy_observation_rate"", ""tournament_move_sets_modified""]",[],"[""energy_columns_discovered"", ""decisions_with_observed_energy"", ""decisions_with_unknown_energy"", ""decision_energy_observation_rate"", ""attack_state_energy_observation_rate"", ""confirmed_energy_ready_but_not_legal"", ""confirmed_legal_with_insufficient_energy"", ""legal_with_unknown_energy""]",[],"[""repaired_diagnosis_text""]",True
D:\02_AI_and_Data\Kaggle-AI-Agents\PTCG_AI_Battle_Challenge\reports\notebook54\section3\section3a_action_availability_summary.json,1,18,[],"[""player_multi_action_decisions"", ""repeated_single_move_scenarios"", ""one_attack_swing_candidates"", ""ready_for_action_generation_design""]",[],[],[],[],True
D:\02_AI_and_Data\Kaggle-AI-Agents\PTCG_AI_Battle_Challenge\reports\notebook47\competitive_policy_training_summary.json,1,15,[],"[""baseline_multi_action_accuracy"", ""best_multi_action_accuracy"", ""variable_action""]",[],[],[],[],True
D:\02_AI_and_Data\Kaggle-AI-Agents\PTCG_AI_Battle_Challenge\reports\notebook54\section2\section2b_strategic_root_cause_summary.json,1,17,[],"[""one_attack_swing_candidates"", ""unique_player_selected_moves"", ""player_quick_attack_decisions""]",[],[],[],[],True
D:\02_AI_and_Data\Kaggle-AI-Agents\PTCG_AI_Battle_Challenge\reports\notebook53\section6\section6b_frozen_benchmark_summary.json,1,19,"[""ready_for_tournament_replay""]","[""single_action_decisions"", ""multi_action_decisions""]",[],[],[],[],True
D:\02_AI_and_Data\Kaggle-AI-Agents\PTCG_AI_Battle_Challenge\reports\notebook54\section4\section4r_action_availability_gap_summary.json,1,19,"[""tournament_move_sets_modified""]","[""player_multi_attack_states"", ""opponent_multi_attack_states"", ""dominant_availability_gap"", ""verified_missing_attacks"", ""unverified_actions_added"", ""tournament_move_sets_modified""]",[],"[""player_average_energy"", ""opponent_average_energy"", ""player_energy_ready_but_not_legal"", ""player_legal_without_energy_ready""]",[],[],True
D:\02_AI_and_Data\Kaggle-AI-Agents\PTCG_AI_Battle_Challenge\reports\notebook54\section4\section4ud_production_adapter_instantiation_summary.json,1,19,"[""policy_agent_name"", ""tournament_move_sets_modified""]","[""tournament_move_sets_modified""]",[],[],[],[],True
D:\02_AI_and_Data\Kaggle-AI-Agents\PTCG_AI_Battle_Challenge\reports\notebook46\actor_perspective_dataset_audit.json,1,20,"[""selected_name_failures""]","[""move_dimension_failures"", ""single_legal_move_rate"", ""multi_legal_move_rate"", ""selected_move_entropy_bits"", ""recommended_action""]","[""player_zero_damage_rate"", ""opponent_zero_damage_rate"", ""player_average_damage"", ""opponent_average_damage""]",[],[],[],True
D:\02_AI_and_Data\Kaggle-AI-Agents\PTCG_AI_Battle_Challenge\reports\notebook54\section4\section4l_pdf_link_structure_summary.json,1,20,"[""named_destination_count"", ""tournament_move_sets_modified""]","[""actionable_annotations"", ""action_destination_count"", ""javascript_action_count"", ""action_type_counts"", ""external_actions_executed"", ""tournament_move_sets_modified"", ""safe_to_expand_actions""]",[],[],[],[],True
D:\02_AI_and_Data\Kaggle-AI-Agents\PTCG_AI_Battle_Challenge\reports\notebook53\section4\section4a_dataset_discovery_summary.json,1,17,"[""has_card_context""]","[""legal_moves_column"", ""legal_move_count_column"", ""has_explicit_legal_moves"", ""has_legal_move_count""]",[],[],[],"[""has_card_context"", ""has_side_context"", ""has_turn_context""]",True
D:\02_AI_and_Data\Kaggle-AI-Agents\PTCG_AI_Battle_Challenge\reports\notebook54\section2\section2a_strategic_opportunity_summary.json,1,18,"[""principal_opportunity_card""]","[""single_action_decisions"", ""multi_action_decisions"", ""multi_action_loss_decisions"", ""multi_action_win_decisions"", ""multi_action_draw_decisions"", ""average_multi_action_confidence"", ""principal_selected_move""]",[],[],[],[],True
D:\02_AI_and_Data\Kaggle-AI-Agents\PTCG_AI_Battle_Challenge\reports\notebook50\section2\dataset_splits\section2b_validation_summary.json,1,19,"[""section_name""]","[""full_player_fraction"", ""full_opponent_fraction"", ""maximum_allowed_side_fraction_drift""]",[],[],[],[],True
D:\02_AI_and_Data\Kaggle-AI-Agents\PTCG_AI_Battle_Challenge\reports\notebook53\section3\section3a_legality_aware_routing_summary.json,1,15,[],"[""single_action_direct_decisions"", ""multi_action_model_decisions"", ""routed_legal_move_rate""]",[],[],[],[],True
D:\02_AI_and_Data\Kaggle-AI-Agents\PTCG_AI_Battle_Challenge\reports\notebook53\section6\section6e_tournament_replay_summary.json,1,19,[],"[""single_action_direct_decisions""]",[],[],[],[],True
D:\02_AI_and_Data\Kaggle-AI-Agents\PTCG_AI_Battle_Challenge\reports\notebook53\section4\section4b_legality_aware_dataset_summary.json,1,17,"[""active_card_compatibility_flag_count""]","[""legal_action_flag_count"", ""single_action_training_rows"", ""multi_action_training_rows""]",[],[],[],[],True
D:\02_AI_and_Data\Kaggle-AI-Agents\PTCG_AI_Battle_Challenge\reports\notebook54\section4\section4u_sample_instrumentation_record.csv,1,22,"[""active_card"", ""defending_card""]","[""legal_moves"", ""legal_move_count"", ""selected_move"", ""selected_move_is_control_action"", ""selected_attack_energy_ready""]",[],"[""acting_energy"", ""acting_energy_observed"", ""acting_energy_attribute"", ""defending_energy"", ""defending_energy_observed"", ""defending_energy_attribute"", ""verified_energy_requirement"", ""selected_attack_energy_ready"", ""energy_validation_status""]",[],[],True
D:\02_AI_and_Data\Kaggle-AI-Agents\PTCG_AI_Battle_Challenge\reports\notebook46\actor_relative_search_expert_summary.json,1,18,[],"[""move_dimension""]","[""player_zero_damage_rate"", ""opponent_zero_damage_rate"", ""player_average_damage"", ""opponent_average_damage""]",[],[],[],True
D:\02_AI_and_Data\Kaggle-AI-Agents\PTCG_AI_Battle_Challenge\reports\notebook54\section4\section4t_energy_instrumentation_design_summary.json,1,15,"[""tournament_move_sets_modified""]","[""verified_attack_requirements"", ""tournament_move_sets_modified""]",[],"[""source_energy_references"", ""energy_state_attributes""]",[],[],True
D:\02_AI_and_Data\Kaggle-AI-Agents\PTCG_AI_Battle_Challenge\reports\notebook54\section4\section4s_repaired_energy_diagnosis.csv,1,12,[],"[""attack_state_energy_observation_rate"", ""observed_attack_states"", ""unknown_attack_states""]",[],"[""decision_energy_observation_rate"", ""attack_state_energy_observation_rate"", ""confirmed_energy_ready_but_not_legal"", ""confirmed_legal_with_insufficient_energy"", ""legal_with_unknown_energy""]",[],"[""repaired_diagnosis_text""]",True
D:\02_AI_and_Data\Kaggle-AI-Agents\PTCG_AI_Battle_Challenge\reports\notebook34\policy_dataset_fitness.json,1,13,"[""dataset_name"", ""pokemon_determines_move""]","[""actor_determines_move"", ""pokemon_determines_move""]",[],[],[],[],True
D:\02_AI_and_Data\Kaggle-AI-Agents\PTCG_AI_Battle_Challenge\reports\notebook53\section3\section3b_legality_aware_feature_summary.json,1,16,"[""active_card_compatibility_flag_count"", ""unique_active_cards""]","[""legal_action_flag_count"", ""unique_legal_move_signatures"", ""single_action_states"", ""multi_action_states""]",[],[],[],[],True
D:\02_AI_and_Data\Kaggle-AI-Agents\PTCG_AI_Battle_Challenge\reports\notebook51\section6\section6c_simulator_binding_summary.json,1,13,"[""package_name"", ""pokemon_state_class""]","[""apply_move_callable""]",[],[],[],[],True
D:\02_AI_and_Data\Kaggle-AI-Agents\PTCG_AI_Battle_Challenge\reports\notebook47\dataset_split_summary.json,1,16,[],"[""move_dimension""]",[],[],[],[],True
D:\02_AI_and_Data\Kaggle-AI-Agents\PTCG_AI_Battle_Challenge\reports\notebook45\final_submission_readiness.json,1,12,[],"[""legal_action_validation""]",[],[],[],[],True
D:\02_AI_and_Data\Kaggle-AI-Agents\PTCG_AI_Battle_Challenge\reports\notebook29\replay_analysis_summary.json,1,15,[],"[""unique_moves"", ""move_diversity""]",[],[],[],[],True
D:\02_AI_and_Data\Kaggle-AI-Agents\PTCG_AI_Battle_Challenge\reports\notebook54\section4\section4c_candidate_provenance_repair_summary.json,1,11,"[""trusted_card_metadata_candidates"", ""tournament_move_sets_modified"", ""safe_to_run_candidate_tournament_replay""]","[""tournament_move_sets_modified""]",[],[],[],[],True
D:\02_AI_and_Data\Kaggle-AI-Agents\PTCG_AI_Battle_Challenge\reports\notebook39\dataset_loader_manifest.json,1,16,"[""name""]","[""action_mask_dimension""]",[],[],[],[],True
D:\02_AI_and_Data\Kaggle-AI-Agents\PTCG_AI_Battle_Challenge\reports\notebook54\section4\section4r_action_availability_gap_diagnosis.csv,1,11,[],"[""player_multi_attack_states"", ""opponent_multi_attack_states""]",[],"[""player_average_energy"", ""opponent_average_energy"", ""player_energy_ready_but_not_legal"", ""player_legal_without_energy_ready""]",[],[],True
D:\02_AI_and_Data\Kaggle-AI-Agents\PTCG_AI_Battle_Challenge\reports\notebook51\section6\section6d_real_state_summary.json,1,13,[],"[""selected_move"", ""selected_move_is_legal"", ""apply_move_returned_new_state""]",[],[],[],[],True
D:\02_AI_and_Data\Kaggle-AI-Agents\PTCG_AI_Battle_Challenge\reports\notebook49\section7\section7c_state_variant_summary.json,1,13,[],"[""minimum_legal_moves""]",[],[],[],[],True
D:\02_AI_and_Data\Kaggle-AI-Agents\PTCG_AI_Battle_Challenge\reports\notebook53\section6\section6c_policy_adapter_summary.json,1,12,"[""ready_for_tournament_replay""]","[""single_action_direct_decisions""]",[],[],[],[],True
D:\02_AI_and_Data\Kaggle-AI-Agents\PTCG_AI_Battle_Challenge\reports\notebook52\section3\section3b_tournament_scenario_summary.json,1,12,[],"[""average_legal_move_count""]",[],[],[],[],True
D:\02_AI_and_Data\Kaggle-AI-Agents\PTCG_AI_Battle_Challenge\reports\notebook51\section6\section6e_policy_runner_adapter_summary.json,1,10,[],"[""selected_move"", ""selected_move_legal""]",[],[],[],[],True
D:\02_AI_and_Data\Kaggle-AI-Agents\PTCG_AI_Battle_Challenge\reports\notebook49\section8\batch_search\section8b_search_summary.json,1,11,[],"[""results_with_best_move"", ""average_legal_moves""]",[],[],[],[],True
D:\02_AI_and_Data\Kaggle-AI-Agents\PTCG_AI_Battle_Challenge\reports\notebook51\section6\section6d_real_state_transition.csv,1,16,"[""player_card"", ""opponent_card""]","[""selected_move"", ""move_damage""]","[""move_damage""]",[],"[""player_hp_before"", ""player_hp_after"", ""opponent_hp_before"", ""opponent_hp_after""]",[],True
D:\02_AI_and_Data\Kaggle-AI-Agents\PTCG_AI_Battle_Challenge\reports\notebook38\replay_adapter_summary.json,1,9,"[""name""]","[""unique_chosen_moves""]",[],[],[],[],True
D:\02_AI_and_Data\Kaggle-AI-Agents\PTCG_AI_Battle_Challenge\reports\notebook53\section2\section2b_root_cause_by_damage_band.csv,1,10,[],"[""average_legal_move_count""]","[""damage_band""]",[],[],[],True
D:\02_AI_and_Data\Kaggle-AI-Agents\PTCG_AI_Battle_Challenge\reports\notebook54\section4\section4g_identifier_support_profile.csv,1,10,"[""card_name"", ""card_id""]","[""attack_records""]",[],[],"[""hp_values""]",[],True
D:\02_AI_and_Data\Kaggle-AI-Agents\PTCG_AI_Battle_Challenge\reports\notebook53\section6\section6d_real_simulator_transition.csv,1,10,[],"[""selected_move""]",[],[],"[""player_hp_before"", ""player_hp_after"", ""opponent_hp_before"", ""opponent_hp_after""]",[],True
D:\02_AI_and_Data\Kaggle-AI-Agents\PTCG_AI_Battle_Challenge\reports\notebook51\section6\section6e_policy_runner_adapter_history.csv,1,8,[],"[""legal_moves"", ""selected_move"", ""raw_predicted_move""]",[],[],[],[],True
D:\02_AI_and_Data\Kaggle-AI-Agents\PTCG_AI_Battle_Challenge\reports\notebook32\notebook32_summary.json,1,7,[],"[""unique_moves""]",[],[],[],[],True
D:\02_AI_and_Data\Kaggle-AI-Agents\PTCG_AI_Battle_Challenge\reports\notebook46\expert_replay_summary.json,1,6,[],"[""move_dimension""]",[],[],[],[],True
D:\02_AI_and_Data\Kaggle-AI-Agents\PTCG_AI_Battle_Challenge\reports\notebook54\section4\section4l_annotation_type_profile.csv,1,10,[],"[""action_type"", ""action_destinations"", ""javascript_actions"", ""next_actions""]",[],[],[],[],True
D:\02_AI_and_Data\Kaggle-AI-Agents\PTCG_AI_Battle_Challenge\reports\notebook54\section2\section2b_prediction_selection_profile.csv,1,6,[],"[""selected_move""]",[],[],[],[],True
D:\02_AI_and_Data\Kaggle-AI-Agents\PTCG_AI_Battle_Challenge\notebooks\data\raw\JP_Card_Data.csv,2022,17,[],[],[],[],"[""HP""]",[],False
D:\02_AI_and_Data\Kaggle-AI-Agents\PTCG_AI_Battle_Challenge\data\raw\JP_Card_Data.csv,2022,17,[],[],[],[],"[""HP""]",[],False
D:\02_AI_and_Data\Kaggle-AI-Agents\PTCG_AI_Battle_Challenge\reports\notebook49\section8\batch_search\checkpoints\section8b_search_progress.csv,1060,6,[],[],[],[],[],[],False
D:\02_AI_and_Data\Kaggle-AI-Agents\PTCG_AI_Battle_Challenge\reports\notebook50\section2\dataset_splits\section2a_row_split_assignments.csv,1060,3,[],[],[],[],[],[],False
D:\02_AI_and_Data\Kaggle-AI-Agents\PTCG_AI_Battle_Challenge\reports\notebook53\section4\section4b_legality_aware_training_weights.csv,1060,1,[],[],[],[],[],[],False
D:\02_AI_and_Data\Kaggle-AI-Agents\PTCG_AI_Battle_Challenge\reports\notebook32\notebook32_mixed_benchmark.csv,1000,6,[],[],[],[],[],[],False
D:\02_AI_and_Data\Kaggle-AI-Agents\PTCG_AI_Battle_Challenge\reports\notebook53\section5\section5a_train_weights.csv,840,1,[],[],[],[],[],[],False
D:\02_AI_and_Data\Kaggle-AI-Agents\PTCG_AI_Battle_Challenge\reports\notebook54\section3\section3b_structured_file_inventory.csv,685,6,"[""file_name""]",[],[],[],[],[],False
D:\02_AI_and_Data\Kaggle-AI-Agents\PTCG_AI_Battle_Challenge\reports\notebook36\production_api_inventory.csv,388,3,"[""name""]",[],[],[],[],[],False
D:\02_AI_and_Data\Kaggle-AI-Agents\PTCG_AI_Battle_Challenge\data\tournaments\competitive_policy_baseline_tournament.csv,300,17,"[""agent_name"", ""baseline_name"", ""player_card"", ""opponent_card""]",[],[],[],[],[],False
D:\02_AI_and_Data\Kaggle-AI-Agents\PTCG_AI_Battle_Challenge\data\tournaments\competitive_policy_elo_history.csv,300,8,"[""baseline_name""]",[],[],[],[],[],False
D:\02_AI_and_Data\Kaggle-AI-Agents\PTCG_AI_Battle_Challenge\reports\notebook54\section4\section4m_annotation_destinations.csv,264,19,[],[],[],[],[],[],False
D:\02_AI_and_Data\Kaggle-AI-Agents\PTCG_AI_Battle_Challenge\reports\notebook54\section4\section4k_target_page_annotations.csv,264,11,[],[],[],[],[],[],False
D:\02_AI_and_Data\Kaggle-AI-Agents\PTCG_AI_Battle_Challenge\reports\notebook54\section4\section4e_reference_file_inventory.csv,123,7,"[""file_name"", ""card_name_hits""]",[],[],[],[],[],False
D:\02_AI_and_Data\Kaggle-AI-Agents\PTCG_AI_Battle_Challenge\reports\notebook54\section4\section4e_tournament_card_text_references.csv,122,6,"[""file_name"", ""card_name""]",[],[],[],[],"[""context_fragments""]",False
D:\02_AI_and_Data\Kaggle-AI-Agents\PTCG_AI_Battle_Challenge\reports\notebook53\section5\section5a_test_weights.csv,110,1,[],[],[],[],[],[],False
D:\02_AI_and_Data\Kaggle-AI-Agents\PTCG_AI_Battle_Challenge\reports\notebook53\section5\section5a_validation_weights.csv,110,1,[],[],[],[],[],[],False
D:\02_AI_and_Data\Kaggle-AI-Agents\PTCG_AI_Battle_Challenge\reports\notebook49\section7\section7a_prioritized_scenario_queue.csv,106,23,"[""agent_name"", ""baseline_name"", ""player_card"", ""opponent_card""]",[],[],[],[],[],False
D:\02_AI_and_Data\Kaggle-AI-Agents\PTCG_AI_Battle_Challenge\reports\notebook49\section6_hard_example_manifest.csv,106,22,"[""agent_name"", ""baseline_name"", ""player_card"", ""opponent_card""]",[],[],[],[],[],False
D:\02_AI_and_Data\Kaggle-AI-Agents\PTCG_AI_Battle_Challenge\reports\notebook49\section7\section7c_scenario_generation_summary.csv,106,9,"[""baseline_name""]",[],[],[],[],[],False
D:\02_AI_and_Data\Kaggle-AI-Agents\PTCG_AI_Battle_Challenge\reports\notebook49\section7\checkpoints\scenario_progress.csv,106,11,[],[],[],[],[],[],False
D:\02_AI_and_Data\Kaggle-AI-Agents\PTCG_AI_Battle_Challenge\reports\notebook49\section3_loss_matches.csv,106,18,"[""agent_name"", ""baseline_name"", ""player_card"", ""opponent_card""]",[],[],[],[],[],False
D:\02_AI_and_Data\Kaggle-AI-Agents\PTCG_AI_Battle_Challenge\reports\notebook50\section2\dataset_splits\section2a_scenario_split_assignments.csv,106,10,[],[],[],[],[],[],False
D:\02_AI_and_Data\Kaggle-AI-Agents\PTCG_AI_Battle_Challenge\reports\notebook50\section2\dataset_splits\section2a_split_matchup_profile.csv,106,4,[],[],[],[],[],[],False
D:\02_AI_and_Data\Kaggle-AI-Agents\PTCG_AI_Battle_Challenge\notebooks\data\processed\prototype_battle_results.csv,100,7,[],[],[],[],[],[],False
D:\02_AI_and_Data\Kaggle-AI-Agents\PTCG_AI_Battle_Challenge\reports\notebook28\self_play_statistics.csv,100,7,[],[],[],[],[],[],False
D:\02_AI_and_Data\Kaggle-AI-Agents\PTCG_AI_Battle_Challenge\reports\notebook50\section3\feature_engineering\section3b_numeric_feature_quality.csv,84,11,"[""column_name""]",[],[],[],[],[],False
D:\02_AI_and_Data\Kaggle-AI-Agents\PTCG_AI_Battle_Challenge\reports\notebook49\section5_method_inventory.csv,78,4,[],[],[],[],[],[],False
D:\02_AI_and_Data\Kaggle-AI-Agents\PTCG_AI_Battle_Challenge\reports\notebook45\integration_module_inventory.json,74,6,[],[],[],[],[],[],False
D:\02_AI_and_Data\Kaggle-AI-Agents\PTCG_AI_Battle_Challenge\reports\notebook54\section4\section4uc_definition_inventory.csv,69,5,"[""definition_name""]",[],[],[],[],[],False
D:\02_AI_and_Data\Kaggle-AI-Agents\PTCG_AI_Battle_Challenge\reports\notebook54\section4\section4e_document_reference_inventory.csv,65,7,"[""file_name"", ""card_name_hits""]",[],[],[],[],[],False
D:\02_AI_and_Data\Kaggle-AI-Agents\PTCG_AI_Battle_Challenge\reports\notebook53\section5\section5b_encoded_feature_inventory.csv,64,9,"[""encoded_feature_name""]",[],[],[],[],[],False
D:\02_AI_and_Data\Kaggle-AI-Agents\PTCG_AI_Battle_Challenge\reports\notebook53\section6\section6a_feature_importance.csv,64,3,"[""encoded_feature_name""]",[],[],[],[],[],False
D:\02_AI_and_Data\Kaggle-AI-Agents\PTCG_AI_Battle_Challenge\models\notebook53\legality_aware_encoded_feature_names.json,64,1,[],[],[],[],[],[],False
D:\02_AI_and_Data\Kaggle-AI-Agents\PTCG_AI_Battle_Challenge\submission_work\official_sample_extracted\deck.csv,59,1,[],[],[],[],[],[],False
D:\02_AI_and_Data\Kaggle-AI-Agents\PTCG_AI_Battle_Challenge\submission_work\team_jesus_baseline\deck.csv,59,1,[],[],[],[],[],[],False
D:\02_AI_and_Data\Kaggle-AI-Agents\PTCG_AI_Battle_Challenge\submission_work\team_jesus_notebook23\package\data\deck.csv,59,1,[],[],[],[],[],[],False
D:\02_AI_and_Data\Kaggle-AI-Agents\PTCG_AI_Battle_Challenge\submission_work\notebook24_extracted\data\deck.csv,59,1,[],[],[],[],[],[],False
D:\02_AI_and_Data\Kaggle-AI-Agents\PTCG_AI_Battle_Challenge\data\raw\kaggle_sample_submission\deck.csv,59,1,[],[],[],[],[],[],False
D:\02_AI_and_Data\Kaggle-AI-Agents\PTCG_AI_Battle_Challenge\reports\notebook54\section4\section4e_notebook_reference_trail.csv,54,7,"[""notebook_name"", ""card_hits"", ""card_hit_count""]",[],[],[],[],[],False
D:\02_AI_and_Data\Kaggle-AI-Agents\PTCG_AI_Battle_Challenge\reports\notebook49\section5_symbol_inventory.csv,49,5,[],[],[],[],[],[],False
D:\02_AI_and_Data\Kaggle-AI-Agents\PTCG_AI_Battle_Challenge\reports\notebook50\section3\feature_engineering\section3b_schema_comparison.csv,49,10,"[""column_name""]",[],[],[],[],[],False
D:\02_AI_and_Data\Kaggle-AI-Agents\PTCG_AI_Battle_Challenge\reports\notebook50\section3\feature_engineering\section3a_feature_schema.csv,49,5,"[""column_name""]",[],[],[],[],[],False
D:\02_AI_and_Data\Kaggle-AI-Agents\PTCG_AI_Battle_Challenge\reports\notebook51\section6\section6b_class_methods.csv,47,6,"[""file_name"", ""class_name"", ""method_name""]",[],[],[],[],[],False
D:\02_AI_and_Data\Kaggle-AI-Agents\PTCG_AI_Battle_Challenge\reports\notebook36\production_classes.csv,42,3,"[""name""]",[],[],[],[],[],False
D:\02_AI_and_Data\Kaggle-AI-Agents\PTCG_AI_Battle_Challenge\reports\notebook51\section6\section6b_source_imports.csv,41,4,"[""file_name"", ""imported_name""]",[],[],[],[],[],False
D:\02_AI_and_Data\Kaggle-AI-Agents\PTCG_AI_Battle_Challenge\reports\notebook53\section4\section4b_legality_aware_feature_inventory.csv,41,5,"[""feature_name""]",[],[],[],[],[],False
D:\02_AI_and_Data\Kaggle-AI-Agents\PTCG_AI_Battle_Challenge\reports\notebook51\section6\section6a_script_discovery.csv,39,5,"[""file_name""]",[],[],[],[],[],False
D:\02_AI_and_Data\Kaggle-AI-Agents\PTCG_AI_Battle_Challenge\reports\notebook50\section2\dataset_splits\section2b_validation_checks.csv,39,4,"[""check_name""]",[],[],[],[],[],False
D:\02_AI_and_Data\Kaggle-AI-Agents\PTCG_AI_Battle_Challenge\reports\notebook33\feature_schema.csv,39,3,[],[],[],[],[],[],False
D:\02_AI_and_Data\Kaggle-AI-Agents\PTCG_AI_Battle_Challenge\reports\notebook50\section3\feature_engineering\section3a_feature_profile.csv,38,9,"[""column_name""]",[],[],[],[],[],False
D:\02_AI_and_Data\Kaggle-AI-Agents\PTCG_AI_Battle_Challenge\reports\notebook53\section7\section7a_validation_checks.csv,38,5,[],[],[],[],[],[],False
D:\02_AI_and_Data\Kaggle-AI-Agents\PTCG_AI_Battle_Challenge\reports\notebook50\section3\feature_engineering\section3b_target_leakage_review.csv,38,4,"[""feature_name"", ""exact_name_violation""]",[],[],[],[],[],False
D:\02_AI_and_Data\Kaggle-AI-Agents\PTCG_AI_Battle_Challenge\reports\notebook48\baseline_agent_signature_inventory.json,37,6,"[""object_name""]",[],[],[],[],[],False
D:\02_AI_and_Data\Kaggle-AI-Agents\PTCG_AI_Battle_Challenge\reports\notebook51\section6\section6a_namespace_discovery.csv,37,6,"[""object_name""]",[],[],[],[],[],False
D:\02_AI_and_Data\Kaggle-AI-Agents\PTCG_AI_Battle_Challenge\reports\notebook53\section3\section3b_feature_inventory.csv,37,5,"[""feature_name""]",[],[],[],[],[],False
D:\02_AI_and_Data\Kaggle-AI-Agents\PTCG_AI_Battle_Challenge\reports\notebook53\section4\section4a_selected_dataset_columns.csv,37,4,"[""column_name""]",[],[],[],[],[],False
D:\02_AI_and_Data\Kaggle-AI-Agents\PTCG_AI_Battle_Challenge\reports\notebook49\section7\section7a_runtime_bindings.json,35,8,[],[],[],[],[],[],False
D:\02_AI_and_Data\Kaggle-AI-Agents\PTCG_AI_Battle_Challenge\reports\notebook52\section7\section7a_artifact_inventory.csv,35,6,"[""artifact_name""]",[],[],[],[],[],False
D:\02_AI_and_Data\Kaggle-AI-Agents\PTCG_AI_Battle_Challenge\reports\notebook54\section4\section4t_simulator_state_attributes.csv,35,6,"[""source_name"", ""class_name"", ""attribute_name""]",[],[],"[""energy_related""]",[],[],False
D:\02_AI_and_Data\Kaggle-AI-Agents\PTCG_AI_Battle_Challenge\reports\notebook46\real_engine_signature_inventory.json,32,6,"[""object_name""]",[],[],[],[],[],False
D:\02_AI_and_Data\Kaggle-AI-Agents\PTCG_AI_Battle_Challenge\models\notebook53\legality_aware_raw_feature_schema.json,31,1,[],[],[],[],[],[],False
D:\02_AI_and_Data\Kaggle-AI-Agents\PTCG_AI_Battle_Challenge\reports\notebook53\section4\section4b_legality_aware_training_schema.json,31,1,[],[],[],[],[],[],False
D:\02_AI_and_Data\Kaggle-AI-Agents\PTCG_AI_Battle_Challenge\reports\notebook54\section1\section1b_notebook53_handoff_profile.csv,31,2,[],[],[],[],[],[],False
D:\02_AI_and_Data\Kaggle-AI-Agents\PTCG_AI_Battle_Challenge\reports\notebook50\section3\feature_engineering\section3b_categorical_feature_quality.csv,30,8,"[""column_name""]",[],[],[],[],[],False
D:\02_AI_and_Data\Kaggle-AI-Agents\PTCG_AI_Battle_Challenge\reports\notebook49\section5_dataset_schema.csv,30,4,[],[],[],[],[],[],False
D:\02_AI_and_Data\Kaggle-AI-Agents\PTCG_AI_Battle_Challenge\reports\notebook50\section2\dataset_splits\section2b_variant_profile.csv,30,6,"[""variant_name""]",[],[],[],[],[],False
D:\02_AI_and_Data\Kaggle-AI-Agents\PTCG_AI_Battle_Challenge\reports\notebook50\section3\feature_engineering\section3a_feature_configuration.json,28,1,[],[],[],[],[],[],False
D:\02_AI_and_Data\Kaggle-AI-Agents\PTCG_AI_Battle_Challenge\reports\notebook54\section1\section1b_notebook53_validation_checks.csv,28,5,[],[],[],[],[],[],False
D:\02_AI_and_Data\Kaggle-AI-Agents\PTCG_AI_Battle_Challenge\reports\notebook49\section7\section7a_runtime_method_discovery.csv,27,5,[],[],[],[],[],[],False
D:\02_AI_and_Data\Kaggle-AI-Agents\PTCG_AI_Battle_Challenge\reports\notebook53\section3\section3b_legality_aware_schema.json,27,1,[],[],[],[],[],[],False
D:\02_AI_and_Data\Kaggle-AI-Agents\PTCG_AI_Battle_Challenge\reports\notebook51\section7\section7a_validation_checks.csv,27,5,[],[],[],[],[],[],False
D:\02_AI_and_Data\Kaggle-AI-Agents\PTCG_AI_Battle_Challenge\reports\notebook50\section3\feature_engineering\section3b_feature_validation_checks.csv,27,4,"[""check_name""]",[],[],[],[],[],False
D:\02_AI_and_Data\Kaggle-AI-Agents\PTCG_AI_Battle_Challenge\reports\notebook52\section5\section5b_expanded_battle_results.csv,24,36,"[""scenario_name"", ""condition_name"", ""player_card"", ""opponent_card""]",[],[],"[""starting_player_energy"", ""starting_opponent_energy""]","[""starting_player_hp"", ""starting_opponent_hp"", ""final_player_hp"", ""final_opponent_hp""]",[],False
D:\02_AI_and_Data\Kaggle-AI-Agents\PTCG_AI_Battle_Challenge\reports\notebook53\section6\section6e_tournament_replay_transcripts.csv,24,3,[],[],[],[],[],[],False
D:\02_AI_and_Data\Kaggle-AI-Agents\PTCG_AI_Battle_Challenge\reports\notebook52\section5\section5a_expanded_scenario_specs.csv,24,18,"[""scenario_name"", ""player_card"", ""opponent_card"", ""base_scenario_name"", ""condition_name""]",[],[],"[""player_energy"", ""opponent_energy""]","[""player_hp"", ""opponent_hp""]",[],False
D:\02_AI_and_Data\Kaggle-AI-Agents\PTCG_AI_Battle_Challenge\reports\notebook49\section7\section7a_runtime_symbol_discovery.csv,24,5,[],[],[],[],[],[],False
D:\02_AI_and_Data\Kaggle-AI-Agents\PTCG_AI_Battle_Challenge\reports\notebook49\section8\final_validation\section8d_artifact_inventory.csv,23,6,"[""artifact_name""]",[],[],[],[],[],False
D:\02_AI_and_Data\Kaggle-AI-Agents\PTCG_AI_Battle_Challenge\reports\notebook51\section6\section6b_runtime_interfaces.csv,22,8,"[""file_name"", ""symbol_name""]",[],[],[],[],[],False
D:\02_AI_and_Data\Kaggle-AI-Agents\PTCG_AI_Battle_Challenge\reports\notebook54\section4\section4va_frozen_replay_scenario_columns.csv,22,6,"[""column_name""]",[],[],[],[],[],False
D:\02_AI_and_Data\Kaggle-AI-Agents\PTCG_AI_Battle_Challenge\reports\notebook52\section7\section7a_validation_checks.csv,22,5,[],[],[],[],[],[],False
D:\02_AI_and_Data\Kaggle-AI-Agents\PTCG_AI_Battle_Challenge\reports\notebook54\section4\section4t_energy_instrumentation_schema.csv,22,3,"[""column_name""]",[],[],[],[],"[""description""]",False
D:\02_AI_and_Data\Kaggle-AI-Agents\PTCG_AI_Battle_Challenge\reports\notebook52\section6\section6b_validation_checks.csv,22,5,[],[],[],[],[],[],False
D:\02_AI_and_Data\Kaggle-AI-Agents\PTCG_AI_Battle_Challenge\reports\notebook50\section1\environment_and_handoff\section1b_notebook49_validation_report.csv,21,5,[],[],[],[],[],[],False
D:\02_AI_and_Data\Kaggle-AI-Agents\PTCG_AI_Battle_Challenge\reports\notebook49\section8\final_validation\section8d_validation_checks.csv,21,5,[],[],[],[],[],[],False
D:\02_AI_and_Data\Kaggle-AI-Agents\PTCG_AI_Battle_Challenge\reports\notebook53\section7\section7a_final_integration_profile.csv,21,2,[],[],[],[],[],[],False
D:\02_AI_and_Data\Kaggle-AI-Agents\PTCG_AI_Battle_Challenge\reports\notebook49\section8\final_validation\section8d_final_dataset_profile.csv,21,2,[],[],[],[],[],[],False
D:\02_AI_and_Data\Kaggle-AI-Agents\PTCG_AI_Battle_Challenge\reports\notebook53\section7\section7a_artifact_inventory.csv,20,6,"[""artifact_name""]",[],[],[],[],[],False
D:\02_AI_and_Data\Kaggle-AI-Agents\PTCG_AI_Battle_Challenge\reports\notebook49\section8\policy_dataset\section8c_variant_summary.csv,20,7,"[""variant_name""]",[],[],[],[],[],False
D:\02_AI_and_Data\Kaggle-AI-Agents\PTCG_AI_Battle_Challenge\reports\notebook27\full_game_series.csv,20,6,[],[],[],[],[],[],False
D:\02_AI_and_Data\Kaggle-AI-Agents\PTCG_AI_Battle_Challenge\reports\notebook53\section5\section5b_unseen_categories.csv,20,4,"[""feature_name""]",[],[],[],[],[],False
D:\02_AI_and_Data\Kaggle-AI-Agents\PTCG_AI_Battle_Challenge\reports\notebook54\section4\section4f_upstream_notebook_reference_trace.csv,19,8,"[""matched_cards""]",[],[],[],[],"[""text_excerpt""]",False
D:\02_AI_and_Data\Kaggle-AI-Agents\PTCG_AI_Battle_Challenge\reports\notebook50\section7\section7a_final_model_profile.csv,19,2,[],[],[],[],[],[],False
D:\02_AI_and_Data\Kaggle-AI-Agents\PTCG_AI_Battle_Challenge\reports\notebook51\section7\section7a_artifact_inventory.csv,18,6,"[""artifact_name""]",[],[],[],[],[],False
D:\02_AI_and_Data\Kaggle-AI-Agents\PTCG_AI_Battle_Challenge\reports\notebook51\section6\section6b_source_inventory.csv,18,6,"[""file_name"", ""symbol_name""]",[],[],[],[],[],False
D:\02_AI_and_Data\Kaggle-AI-Agents\PTCG_AI_Battle_Challenge\reports\notebook51\section7\section7a_handoff_manifest.json,18,1,[],[],[],[],[],[],False
D:\02_AI_and_Data\Kaggle-AI-Agents\PTCG_AI_Battle_Challenge\reports\notebook50\section7\section7a_handoff_manifest.json,18,1,[],[],[],[],[],[],False
D:\02_AI_and_Data\Kaggle-AI-Agents\PTCG_AI_Battle_Challenge\reports\notebook50\section4\policy_training\section4d_feature_importance.csv,18,3,[],[],[],[],[],[],False
D:\02_AI_and_Data\Kaggle-AI-Agents\PTCG_AI_Battle_Challenge\reports\notebook50\section1\environment_and_handoff\section1c_dataset_validation_checks.csv,18,5,"[""check_name""]",[],[],[],[],[],False
D:\02_AI_and_Data\Kaggle-AI-Agents\PTCG_AI_Battle_Challenge\models\notebook50\feature_names.json,18,1,[],[],[],[],[],[],False
D:\02_AI_and_Data\Kaggle-AI-Agents\PTCG_AI_Battle_Challenge\reports\notebook51\section7\section7a_final_integration_profile.csv,18,2,[],[],[],[],[],[],False
D:\02_AI_and_Data\Kaggle-AI-Agents\PTCG_AI_Battle_Challenge\reports\notebook53\section5\section5a_split_validation_checks.csv,17,5,[],[],[],[],[],[],False
D:\02_AI_and_Data\Kaggle-AI-Agents\PTCG_AI_Battle_Challenge\reports\notebook54\section4\section4u_runtime_symbols.csv,17,5,"[""symbol_name""]",[],[],[],[],[],False
D:\02_AI_and_Data\Kaggle-AI-Agents\PTCG_AI_Battle_Challenge\reports\notebook53\section5\section5b_preprocessing_validation_checks.csv,17,5,[],[],[],[],[],[],False
D:\02_AI_and_Data\Kaggle-AI-Agents\PTCG_AI_Battle_Challenge\reports\notebook52\section7\section7a_final_tournament_profile.csv,17,2,[],[],[],[],[],[],False
D:\02_AI_and_Data\Kaggle-AI-Agents\PTCG_AI_Battle_Challenge\reports\notebook52\section6\section6b_benchmark_profile.csv,17,2,[],[],[],[],[],[],False
D:\02_AI_and_Data\Kaggle-AI-Agents\PTCG_AI_Battle_Challenge\reports\notebook53\section7\section7a_handoff_manifest.json,16,1,[],[],[],[],[],[],False
D:\02_AI_and_Data\Kaggle-AI-Agents\PTCG_AI_Battle_Challenge\reports\notebook15_benchmark.csv,16,10,[],[],[],[],[],[],False
D:\02_AI_and_Data\Kaggle-AI-Agents\PTCG_AI_Battle_Challenge\reports\notebook35\production_field_mapping.csv,16,3,[],[],[],[],[],[],False
D:\02_AI_and_Data\Kaggle-AI-Agents\PTCG_AI_Battle_Challenge\reports\notebook53\section1\section1b_notebook52_handoff_profile.csv,16,2,[],[],[],[],[],[],False
D:\02_AI_and_Data\Kaggle-AI-Agents\PTCG_AI_Battle_Challenge\reports\notebook35\production_dataset_contract.csv,16,2,[],[],[],[],[],[],False
D:\02_AI_and_Data\Kaggle-AI-Agents\PTCG_AI_Battle_Challenge\reports\notebook38\rl_transition_contract.csv,16,2,[],[],[],[],[],[],False
D:\02_AI_and_Data\Kaggle-AI-Agents\PTCG_AI_Battle_Challenge\reports\notebook46\exact_search_adapter_contract.json,15,4,"[""name""]",[],[],[],[],[],False
D:\02_AI_and_Data\Kaggle-AI-Agents\PTCG_AI_Battle_Challenge\reports\notebook54\section1\section1b_notebook53_artifact_inventory.csv,15,6,[],[],[],[],[],[],False
D:\02_AI_and_Data\Kaggle-AI-Agents\PTCG_AI_Battle_Challenge\reports\notebook48\baseline_agent_definition_inventory.json,14,4,[],[],[],[],[],[],False
D:\02_AI_and_Data\Kaggle-AI-Agents\PTCG_AI_Battle_Challenge\reports\notebook52\section7\section7a_handoff_manifest.json,14,35,"[""top_player_card"", ""top_player_card_win_rate"", ""weakest_player_card""]",[],[],[],[],[],False
D:\02_AI_and_Data\Kaggle-AI-Agents\PTCG_AI_Battle_Challenge\reports\notebook53\section7\section7a_section_completion_status.csv,14,4,[],[],[],[],[],[],False
D:\02_AI_and_Data\Kaggle-AI-Agents\PTCG_AI_Battle_Challenge\reports\notebook53\section6\section6a_training_validation_checks.csv,14,5,[],[],[],[],[],[],False
D:\02_AI_and_Data\Kaggle-AI-Agents\PTCG_AI_Battle_Challenge\reports\notebook54\section4\section4b_validation_checks.csv,14,5,[],[],[],[],[],[],False
D:\02_AI_and_Data\Kaggle-AI-Agents\PTCG_AI_Battle_Challenge\reports\notebook50\section7\section7a_validation_checks.csv,14,5,[],[],[],[],[],[],False
D:\02_AI_and_Data\Kaggle-AI-Agents\PTCG_AI_Battle_Challenge\reports\notebook50\section2\dataset_splits\section2a_split_validation_checks.csv,13,4,"[""check_name""]",[],[],[],[],[],False
D:\02_AI_and_Data\Kaggle-AI-Agents\PTCG_AI_Battle_Challenge\reports\notebook39\dataset_type_shape_audit.csv,13,3,[],[],[],[],[],[],False
D:\02_AI_and_Data\Kaggle-AI-Agents\PTCG_AI_Battle_Challenge\reports\notebook54\section4\section4va_full_replay_interface_profile.csv,12,6,"[""interface_name""]",[],[],[],[],[],False
D:\02_AI_and_Data\Kaggle-AI-Agents\PTCG_AI_Battle_Challenge\reports\notebook54\section3\section3b_mechanic_support_discovery.csv,12,5,[],[],[],[],[],[],False
D:\02_AI_and_Data\Kaggle-AI-Agents\PTCG_AI_Battle_Challenge\reports\notebook53\section3\section3a_theoretical_improvement_profile.csv,12,2,[],[],[],[],[],[],False
D:\02_AI_and_Data\Kaggle-AI-Agents\PTCG_AI_Battle_Challenge\reports\notebook49\section8\policy_dataset\section8c_dataset_statistics.csv,12,2,[],[],[],[],[],[],False
D:\02_AI_and_Data\Kaggle-AI-Agents\PTCG_AI_Battle_Challenge\reports\notebook51\section6\section6c_simulator_runtime_bindings.csv,11,7,"[""symbol_name""]",[],[],[],[],[],False
D:\02_AI_and_Data\Kaggle-AI-Agents\PTCG_AI_Battle_Challenge\reports\notebook53\section6\section6d_simulator_runtime_symbols.csv,11,6,"[""symbol_name""]",[],[],[],[],[],False
D:\02_AI_and_Data\Kaggle-AI-Agents\PTCG_AI_Battle_Challenge\reports\notebook53\section1\section1b_notebook52_artifact_inventory.csv,11,6,[],[],[],[],[],[],False
D:\02_AI_and_Data\Kaggle-AI-Agents\PTCG_AI_Battle_Challenge\reports\notebook47\competitive_policy_packaging.json,11,1,[],[],[],[],[],[],False
D:\02_AI_and_Data\Kaggle-AI-Agents\PTCG_AI_Battle_Challenge\reports\notebook54\section3\section3b_simulator_source_symbols.csv,11,5,"[""module_name"", ""symbol_name""]",[],[],[],[],[],False
D:\02_AI_and_Data\Kaggle-AI-Agents\PTCG_AI_Battle_Challenge\reports\notebook25\final_audit.json,11,9,"[""repository_cards"", ""official_cards""]",[],[],[],[],[],False
D:\02_AI_and_Data\Kaggle-AI-Agents\PTCG_AI_Battle_Challenge\reports\notebook54\section4\section4t_simulator_source_symbols.csv,11,4,"[""source_name"", ""symbol_name""]",[],[],[],[],[],False
D:\02_AI_and_Data\Kaggle-AI-Agents\PTCG_AI_Battle_Challenge\reports\notebook50\section1\environment_and_handoff\section1c_schema_report.csv,11,4,[],[],[],[],[],[],False
D:\02_AI_and_Data\Kaggle-AI-Agents\PTCG_AI_Battle_Challenge\reports\notebook35\production_workflow.csv,11,2,[],[],[],[],[],[],False
D:\02_AI_and_Data\Kaggle-AI-Agents\PTCG_AI_Battle_Challenge\reports\notebook45\existing_simulator_api.json,10,5,[],[],[],[],[],[],False
D:\02_AI_and_Data\Kaggle-AI-Agents\PTCG_AI_Battle_Challenge\reports\notebook50\section1\environment_and_handoff\section1a_handoff_artifact_inventory.csv,10,5,"[""artifact_name""]",[],[],[],[],[],False
D:\02_AI_and_Data\Kaggle-AI-Agents\PTCG_AI_Battle_Challenge\reports\notebook50\section7\section7a_artifact_inventory.csv,10,6,"[""artifact_name""]",[],[],[],[],[],False
D:\02_AI_and_Data\Kaggle-AI-Agents\PTCG_AI_Battle_Challenge\reports\notebook54\section4\section4q_validation_checks.csv,10,4,[],[],[],[],[],[],False
D:\02_AI_and_Data\Kaggle-AI-Agents\PTCG_AI_Battle_Challenge\reports\notebook54\section4\section4p_validation_checks.csv,10,4,[],[],[],[],[],[],False
D:\02_AI_and_Data\Kaggle-AI-Agents\PTCG_AI_Battle_Challenge\reports\notebook54\section4\section4ud_validation_checks.csv,10,4,[],[],[],[],[],[],False
D:\02_AI_and_Data\Kaggle-AI-Agents\PTCG_AI_Battle_Challenge\reports\notebook54\section4\section4n_validation_checks.csv,10,5,[],[],[],[],[],[],False
D:\02_AI_and_Data\Kaggle-AI-Agents\PTCG_AI_Battle_Challenge\reports\notebook53\section5\section5b_categorical_vocabulary.csv,10,3,[],[],[],[],[],[],False
D:\02_AI_and_Data\Kaggle-AI-Agents\PTCG_AI_Battle_Challenge\reports\notebook54\section4\section4r_validation_checks.csv,10,4,[],[],[],[],[],[],False
D:\02_AI_and_Data\Kaggle-AI-Agents\PTCG_AI_Battle_Challenge\reports\notebook54\section3\section3a_validation_checks.csv,10,5,[],[],[],[],[],[],False
D:\02_AI_and_Data\Kaggle-AI-Agents\PTCG_AI_Battle_Challenge\reports\notebook54\section2\section2a_validation_checks.csv,10,5,[],[],[],[],[],[],False
D:\02_AI_and_Data\Kaggle-AI-Agents\PTCG_AI_Battle_Challenge\reports\notebook54\section2\section2b_validation_checks.csv,10,5,[],[],[],[],[],[],False
D:\02_AI_and_Data\Kaggle-AI-Agents\PTCG_AI_Battle_Challenge\reports\notebook54\section3\section3b_validation_checks.csv,10,5,[],[],[],[],[],[],False
D:\02_AI_and_Data\Kaggle-AI-Agents\PTCG_AI_Battle_Challenge\reports\notebook54\section4\section4ud_policy_instance_attributes.csv,10,3,"[""attribute_name""]",[],[],[],[],[],False
D:\02_AI_and_Data\Kaggle-AI-Agents\PTCG_AI_Battle_Challenge\reports\notebook52\section6\section6a_overall_dashboard.csv,10,2,[],[],[],[],[],[],False
D:\02_AI_and_Data\Kaggle-AI-Agents\PTCG_AI_Battle_Challenge\reports\notebook54\section4\section4h_targeted_pdf_card_matches.csv,9,8,"[""card_name""]",[],[],[],[],"[""page_text_character_count"", ""context_text""]",False
D:\02_AI_and_Data\Kaggle-AI-Agents\PTCG_AI_Battle_Challenge\reports\notebook54\section4\section4ud_adapter_interface_profile.csv,9,6,"[""object_name"", ""method_name""]",[],[],[],[],[],False
D:\02_AI_and_Data\Kaggle-AI-Agents\PTCG_AI_Battle_Challenge\reports\notebook54\section4\section4uc_adapter_method_profile.csv,9,4,"[""class_name"", ""method_name""]",[],[],[],[],[],False
D:\02_AI_and_Data\Kaggle-AI-Agents\PTCG_AI_Battle_Challenge\reports\notebook54\section4\section4i_validation_checks.csv,9,5,[],[],[],[],[],[],False
D:\02_AI_and_Data\Kaggle-AI-Agents\PTCG_AI_Battle_Challenge\reports\notebook54\section4\section4a_validation_checks.csv,9,5,[],[],[],[],[],[],False
D:\02_AI_and_Data\Kaggle-AI-Agents\PTCG_AI_Battle_Challenge\reports\notebook48\final_competitive_strength_table.csv,9,4,[],[],[],[],[],[],False
D:\02_AI_and_Data\Kaggle-AI-Agents\PTCG_AI_Battle_Challenge\reports\notebook50\section6\section6a_weight_profile.csv,9,2,[],[],[],[],[],[],False
D:\02_AI_and_Data\Kaggle-AI-Agents\PTCG_AI_Battle_Challenge\reports\notebook50\section5\policy_evaluation\section5a_weight_profile.csv,9,2,[],[],[],[],[],[],False
D:\02_AI_and_Data\Kaggle-AI-Agents\PTCG_AI_Battle_Challenge\reports\notebook53\section6\section6a_test_classification_report.csv,9,5,[],[],[],[],[],[],False
D:\02_AI_and_Data\Kaggle-AI-Agents\PTCG_AI_Battle_Challenge\reports\notebook53\section6\section6a_validation_classification_report.csv,9,5,[],[],[],[],[],[],False
D:\02_AI_and_Data\Kaggle-AI-Agents\PTCG_AI_Battle_Challenge\reports\notebook52\section4\analysis\section4b_battle_analysis.csv,8,32,"[""scenario_name"", ""player_card"", ""opponent_card"", ""winner_card"", ""loser_card""]",[],[],[],"[""final_player_hp"", ""final_opponent_hp"", ""hp_margin"", ""absolute_hp_margin""]",[],False
D:\02_AI_and_Data\Kaggle-AI-Agents\PTCG_AI_Battle_Challenge\reports\notebook52\section4\section4a_single_pass_battle_results.csv,8,27,"[""scenario_name"", ""player_card"", ""opponent_card""]",[],[],[],"[""final_player_hp"", ""final_opponent_hp""]",[],False
D:\02_AI_and_Data\Kaggle-AI-Agents\PTCG_AI_Battle_Challenge\reports\notebook54\section4\section4n_saved_official_card_images.csv,8,18,"[""card_id"", ""card_name"", ""source_image_name""]",[],[],[],[],[],False
D:\02_AI_and_Data\Kaggle-AI-Agents\PTCG_AI_Battle_Challenge\reports\notebook54\section4\section4o_verified_official_card_images.csv,8,18,"[""card_id"", ""card_name""]",[],[],[],[],[],False
D:\02_AI_and_Data\Kaggle-AI-Agents\PTCG_AI_Battle_Challenge\reports\notebook54\section4\section4m_card_destination_detail.csv,8,23,"[""card_id"", ""card_name"", ""destination_target_cards_found"", ""destination_mentions_card_name""]",[],[],[],[],"[""destination_text_character_count""]",False
D:\02_AI_and_Data\Kaggle-AI-Agents\PTCG_AI_Battle_Challenge\reports\notebook54\section4\section4k_official_card_image_links.csv,8,18,"[""card_id"", ""card_name"", ""card_text_x"", ""card_text_y""]",[],[],[],[],"[""card_text_x"", ""card_text_y"", ""complete_row_text""]",False
D:\02_AI_and_Data\Kaggle-AI-Agents\PTCG_AI_Battle_Challenge\reports\notebook54\section4\section4m_card_destination_matches.csv,8,15,"[""card_id"", ""card_name""]",[],[],[],[],[],False
D:\02_AI_and_Data\Kaggle-AI-Agents\PTCG_AI_Battle_Challenge\reports\notebook54\section4\section4k_card_text_positions.csv,8,6,"[""card_name""]",[],[],[],[],"[""text_fragment"", ""text_x"", ""text_y""]",False
D:\02_AI_and_Data\Kaggle-AI-Agents\PTCG_AI_Battle_Challenge\reports\notebook49\section5_api_validation_summary.json,8,6,"[""name""]",[],[],[],[],[],False
D:\02_AI_and_Data\Kaggle-AI-Agents\PTCG_AI_Battle_Challenge\reports\notebook46\real_engine_definition_inventory.json,8,4,[],[],[],[],[],[],False
D:\02_AI_and_Data\Kaggle-AI-Agents\PTCG_AI_Battle_Challenge\reports\notebook54\section4\section4va_validation_checks.csv,8,4,[],[],[],[],[],[],False
D:\02_AI_and_Data\Kaggle-AI-Agents\PTCG_AI_Battle_Challenge\reports\notebook53\section2\section2b_root_cause_factor_strength.csv,8,6,[],[],[],[],[],[],False
D:\02_AI_and_Data\Kaggle-AI-Agents\PTCG_AI_Battle_Challenge\reports\notebook54\section4\section4u_preflight_validation_checks.csv,8,4,[],[],[],[],[],[],False
D:\02_AI_and_Data\Kaggle-AI-Agents\PTCG_AI_Battle_Challenge\reports\notebook54\section4\section4s_validation_checks.csv,8,4,[],[],[],[],[],[],False
D:\02_AI_and_Data\Kaggle-AI-Agents\PTCG_AI_Battle_Challenge\reports\notebook54\section4\section4uc_validation_checks.csv,8,4,[],[],[],[],[],[],False
D:\02_AI_and_Data\Kaggle-AI-Agents\PTCG_AI_Battle_Challenge\reports\notebook54\section4\section4m_destination_page_profile.csv,8,9,"[""target_card_names_found"", ""xobject_names""]",[],[],[],[],"[""text_character_count"", ""text_excerpt""]",False
D:\02_AI_and_Data\Kaggle-AI-Agents\PTCG_AI_Battle_Challenge\reports\notebook52\section7\section7a_optimization_targets.csv,8,2,[],[],[],[],[],[],False
D:\02_AI_and_Data\Kaggle-AI-Agents\PTCG_AI_Battle_Challenge\reports\notebook54\section4\section4t_validation_checks.csv,8,4,[],[],[],[],[],[],False
D:\02_AI_and_Data\Kaggle-AI-Agents\PTCG_AI_Battle_Challenge\reports\notebook54\section4\section4m_destination_assignment_profile.csv,8,6,"[""assigned_card_rows"", ""card_ids"", ""card_names""]",[],[],[],[],[],False
D:\02_AI_and_Data\Kaggle-AI-Agents\PTCG_AI_Battle_Challenge\reports\notebook54\section2\section2a_overall_opportunity_profile.csv,8,2,[],[],[],[],[],[],False
D:\02_AI_and_Data\Kaggle-AI-Agents\PTCG_AI_Battle_Challenge\reports\notebook39\dataset_statistics.csv,8,2,[],[],[],[],[],[],False
D:\02_AI_and_Data\Kaggle-AI-Agents\PTCG_AI_Battle_Challenge\reports\notebook36\production_readiness.csv,8,2,[],[],[],[],[],[],False
D:\02_AI_and_Data\Kaggle-AI-Agents\PTCG_AI_Battle_Challenge\reports\notebook39\production_readiness.csv,8,2,[],[],[],[],[],[],False
D:\02_AI_and_Data\Kaggle-AI-Agents\PTCG_AI_Battle_Challenge\reports\notebook54\section4\section4i_card_id_pdf_source_capability.csv,7,4,[],[],[],[],[],[],False
D:\02_AI_and_Data\Kaggle-AI-Agents\PTCG_AI_Battle_Challenge\reports\notebook49\section8\final_validation\section8d_handoff_manifest.json,7,1,[],[],[],[],[],[],False
D:\02_AI_and_Data\Kaggle-AI-Agents\PTCG_AI_Battle_Challenge\reports\notebook49\section8\section8a_search_binding.json,7,1,[],[],[],[],[],[],False
D:\02_AI_and_Data\Kaggle-AI-Agents\PTCG_AI_Battle_Challenge\reports\notebook53\section4\section4a_candidate_dataset_inventory.csv,7,5,"[""filename""]",[],[],[],[],[],False
D:\02_AI_and_Data\Kaggle-AI-Agents\PTCG_AI_Battle_Challenge\reports\notebook49\section5_entry_point_inventory.csv,7,4,[],[],[],[],[],[],False
D:\02_AI_and_Data\Kaggle-AI-Agents\PTCG_AI_Battle_Challenge\reports\notebook52\section6\section6b_artifact_inventory.csv,7,6,"[""artifact_name""]",[],[],[],[],[],False
D:\02_AI_and_Data\Kaggle-AI-Agents\PTCG_AI_Battle_Challenge\reports\notebook29\state_frequency.csv,7,2,[],[],[],[],[],[],False
D:\02_AI_and_Data\Kaggle-AI-Agents\PTCG_AI_Battle_Challenge\reports\notebook49\section5_module_inventory.csv,7,4,[],[],[],[],[],[],False
D:\02_AI_and_Data\Kaggle-AI-Agents\PTCG_AI_Battle_Challenge\reports\notebook54\section4\section4j_validation_checks.csv,7,5,[],[],[],[],[],[],False
D:\02_AI_and_Data\Kaggle-AI-Agents\PTCG_AI_Battle_Challenge\reports\notebook54\section1\section1a_directory_status.csv,7,4,[],[],[],[],[],[],False
D:\02_AI_and_Data\Kaggle-AI-Agents\PTCG_AI_Battle_Challenge\reports\notebook54\section4\section4h_validation_checks.csv,7,5,[],[],[],[],[],[],False
D:\02_AI_and_Data\Kaggle-AI-Agents\PTCG_AI_Battle_Challenge\reports\notebook54\section4\section4k_validation_checks.csv,7,5,[],[],[],[],[],[],False
D:\02_AI_and_Data\Kaggle-AI-Agents\PTCG_AI_Battle_Challenge\reports\notebook54\section4\section4m_validation_checks.csv,7,5,[],[],[],[],[],[],False
D:\02_AI_and_Data\Kaggle-AI-Agents\PTCG_AI_Battle_Challenge\reports\notebook54\section4\section4d_validation_checks.csv,7,5,[],[],[],[],[],[],False
D:\02_AI_and_Data\Kaggle-AI-Agents\PTCG_AI_Battle_Challenge\reports\notebook54\section4\section4l_validation_checks.csv,7,5,[],[],[],[],[],[],False
D:\02_AI_and_Data\Kaggle-AI-Agents\PTCG_AI_Battle_Challenge\reports\notebook52\section6\section6a_confidence_metrics.csv,7,2,[],[],[],[],[],[],False
D:\02_AI_and_Data\Kaggle-AI-Agents\PTCG_AI_Battle_Challenge\models\notebook50\model_metadata.json,6,1,[],[],[],[],[],[],False
D:\02_AI_and_Data\Kaggle-AI-Agents\PTCG_AI_Battle_Challenge\models\notebook53\legality_aware_random_forest_metadata.json,6,1,[],[],[],[],[],[],False
D:\02_AI_and_Data\Kaggle-AI-Agents\PTCG_AI_Battle_Challenge\reports\notebook45\exact_integration_definitions.json,6,5,[],[],[],[],[],[],False
D:\02_AI_and_Data\Kaggle-AI-Agents\PTCG_AI_Battle_Challenge\reports\notebook49\section7\section7a_simulator_binding_repair.json,6,4,[],[],[],[],[],[],False
D:\02_AI_and_Data\Kaggle-AI-Agents\PTCG_AI_Battle_Challenge\reports\notebook48\competitive_policy_side_bias.csv,6,10,"[""baseline_name""]",[],[],[],[],[],False
D:\02_AI_and_Data\Kaggle-AI-Agents\PTCG_AI_Battle_Challenge\reports\notebook54\section4\section4uc_constructor_parameters.csv,6,6,"[""class_name"", ""parameter_name""]",[],[],[],[],[],False
D:\02_AI_and_Data\Kaggle-AI-Agents\PTCG_AI_Battle_Challenge\reports\notebook50\section2\dataset_splits\section2b_target_profile.csv,6,9,[],[],[],[],[],[],False
D:\02_AI_and_Data\Kaggle-AI-Agents\PTCG_AI_Battle_Challenge\reports\notebook49\section3_priority_loss_groups.csv,6,6,"[""baseline_name""]",[],[],[],[],[],False
D:\02_AI_and_Data\Kaggle-AI-Agents\PTCG_AI_Battle_Challenge\reports\notebook49\section6_hard_example_summary.csv,6,6,"[""baseline_name""]",[],[],[],[],[],False
D:\02_AI_and_Data\Kaggle-AI-Agents\PTCG_AI_Battle_Challenge\reports\notebook49\section6_reproducibility_fields.csv,6,6,[],[],[],[],[],[],False
D:\02_AI_and_Data\Kaggle-AI-Agents\PTCG_AI_Battle_Challenge\reports\notebook31\opponent_library.csv,6,9,"[""name""]",[],[],[],[],"[""description""]",False
D:\02_AI_and_Data\Kaggle-AI-Agents\PTCG_AI_Battle_Challenge\reports\notebook38\replay_adapter_integration.csv,6,4,[],[],[],[],[],[],False
D:\02_AI_and_Data\Kaggle-AI-Agents\PTCG_AI_Battle_Challenge\reports\notebook36\training_pipeline_architecture.csv,6,4,[],[],[],[],[],[],False
D:\02_AI_and_Data\Kaggle-AI-Agents\PTCG_AI_Battle_Challenge\reports\notebook49\section3_side_by_baseline_performance.csv,6,8,[],[],[],[],[],[],False
D:\02_AI_and_Data\Kaggle-AI-Agents\PTCG_AI_Battle_Challenge\reports\notebook54\section4\section4c_validation_checks.csv,6,4,[],[],[],[],[],[],False
D:\02_AI_and_Data\Kaggle-AI-Agents\PTCG_AI_Battle_Challenge\reports\notebook54\section4\section4va_legal_action_support_objects.csv,6,5,"[""object_name"", ""column_names""]",[],[],[],[],[],False
D:\02_AI_and_Data\Kaggle-AI-Agents\PTCG_AI_Battle_Challenge\reports\notebook50\section6\section6a_model_comparison.csv,6,5,[],[],[],[],[],[],False
D:\02_AI_and_Data\Kaggle-AI-Agents\PTCG_AI_Battle_Challenge\reports\notebook50\section5\policy_evaluation\section5b_model_comparison.csv,6,5,[],[],[],[],[],[],False
D:\02_AI_and_Data\Kaggle-AI-Agents\PTCG_AI_Battle_Challenge\reports\notebook31\training_strategy.json,6,3,"[""name""]",[],[],[],[],"[""description""]",False
D:\02_AI_and_Data\Kaggle-AI-Agents\PTCG_AI_Battle_Challenge\reports\notebook54\section4\section4u_runner_methods.csv,6,4,"[""method_name""]",[],[],[],[],[],False
D:\02_AI_and_Data\Kaggle-AI-Agents\PTCG_AI_Battle_Challenge\reports\notebook31\training_allocation_2000.csv,6,3,[],[],[],[],[],[],False
D:\02_AI_and_Data\Kaggle-AI-Agents\PTCG_AI_Battle_Challenge\reports\notebook54\section4\section4r_decision_state_summary.csv,6,2,[],[],[],[],[],[],False
D:\02_AI_and_Data\Kaggle-AI-Agents\PTCG_AI_Battle_Challenge\reports\notebook53\section4\section4a_leakage_protection_profile.csv,6,2,[],[],[],[],[],[],False
D:\02_AI_and_Data\Kaggle-AI-Agents\PTCG_AI_Battle_Challenge\reports\notebook53\section6\section6e_notebook52_vs_notebook53_outcomes.csv,6,3,[],[],[],[],[],[],False
D:\02_AI_and_Data\Kaggle-AI-Agents\PTCG_AI_Battle_Challenge\reports\notebook34\policy_quality_summary.csv,6,2,[],[],[],[],[],[],False
D:\02_AI_and_Data\Kaggle-AI-Agents\PTCG_AI_Battle_Challenge\reports\notebook32\notebook32_opponent_distribution.csv,6,2,[],[],[],[],[],[],False
D:\02_AI_and_Data\Kaggle-AI-Agents\PTCG_AI_Battle_Challenge\reports\notebook54\section3\section3a_structural_intervention_summary.csv,5,7,"[""player_cards""]",[],[],[],"[""average_final_opponent_hp"", ""average_hp_margin""]",[],False
D:\02_AI_and_Data\Kaggle-AI-Agents\PTCG_AI_Battle_Challenge\reports\notebook54\section1\section1b_notebook54_optimization_targets.csv,5,4,[],[],[],[],[],[],False
D:\02_AI_and_Data\Kaggle-AI-Agents\PTCG_AI_Battle_Challenge\reports\notebook53\section7\section7a_notebook54_optimization_targets.csv,5,4,[],[],[],[],[],[],False
D:\02_AI_and_Data\Kaggle-AI-Agents\PTCG_AI_Battle_Challenge\reports\notebook54\section3\section3b_simulator_source_inventory.csv,5,6,"[""module_name""]",[],[],[],[],[],False
D:\02_AI_and_Data\Kaggle-AI-Agents\PTCG_AI_Battle_Challenge\reports\notebook52\section4\analysis\section4b_diagnostics.csv,5,3,[],[],[],[],[],[],False
D:\02_AI_and_Data\Kaggle-AI-Agents\PTCG_AI_Battle_Challenge\reports\notebook54\section4\section4g_validation_checks.csv,5,4,[],[],[],[],[],[],False
D:\02_AI_and_Data\Kaggle-AI-Agents\PTCG_AI_Battle_Challenge\reports\notebook54\section4\section4b_runtime_symbols.csv,5,5,"[""symbol_name""]",[],[],[],[],[],False
D:\02_AI_and_Data\Kaggle-AI-Agents\PTCG_AI_Battle_Challenge\reports\notebook54\section4\section4va_simulation_parameters.csv,5,5,"[""parameter_name""]",[],[],[],[],[],False
D:\02_AI_and_Data\Kaggle-AI-Agents\PTCG_AI_Battle_Challenge\reports\notebook29\opponent_allocation_plan.csv,5,3,[],[],[],[],[],[],False
D:\02_AI_and_Data\Kaggle-AI-Agents\PTCG_AI_Battle_Challenge\reports\notebook54\section4\section4o_validation_checks.csv,5,4,[],[],[],[],[],[],False
D:\02_AI_and_Data\Kaggle-AI-Agents\PTCG_AI_Battle_Challenge\reports\notebook13_tournament_series.csv,5,5,[],[],[],[],[],[],False
D:\02_AI_and_Data\Kaggle-AI-Agents\PTCG_AI_Battle_Challenge\reports\notebook52\section6\section6a_masking_fallback_metrics.csv,5,2,[],[],[],[],[],[],False
D:\02_AI_and_Data\Kaggle-AI-Agents\PTCG_AI_Battle_Challenge\reports\notebook54\section4\section4n_card_image_extraction_profile.csv,4,11,"[""card_name"", ""unique_card_ids""]",[],[],[],[],[],False
D:\02_AI_and_Data\Kaggle-AI-Agents\PTCG_AI_Battle_Challenge\reports\notebook54\section4\section4i_official_card_row_extraction_summary.json,4,1,[],[],[],[],[],[],False
D:\02_AI_and_Data\Kaggle-AI-Agents\PTCG_AI_Battle_Challenge\reports\notebook54\section4\section4p_card_visual_summary.json,4,1,[],[],[],[],[],[],False
D:\02_AI_and_Data\Kaggle-AI-Agents\PTCG_AI_Battle_Challenge\reports\notebook54\section4\section4n_official_card_image_extraction_summary.json,4,1,[],[],[],[],[],[],False
D:\02_AI_and_Data\Kaggle-AI-Agents\PTCG_AI_Battle_Challenge\reports\notebook54\section4\section4e_reference_archive_inventory.csv,4,7,"[""file_name"", ""card_name_hits""]",[],[],[],[],[],False
D:\02_AI_and_Data\Kaggle-AI-Agents\PTCG_AI_Battle_Challenge\reports\notebook54\section4\section4i_official_card_version_summary.csv,4,10,"[""card_name"", ""official_card_ids""]",[],[],[],[],[],False
D:\02_AI_and_Data\Kaggle-AI-Agents\PTCG_AI_Battle_Challenge\reports\notebook53\section6\section6b_comparison_by_active_card.csv,4,13,"[""active_card""]",[],[],[],[],[],False
D:\02_AI_and_Data\Kaggle-AI-Agents\PTCG_AI_Battle_Challenge\reports\notebook54\section4\section4k_card_link_recovery_summary.csv,4,8,"[""card_name"", ""card_ids""]",[],[],[],[],[],False
D:\02_AI_and_Data\Kaggle-AI-Agents\PTCG_AI_Battle_Challenge\reports\notebook54\section4\section4g_leading_tournament_card_identifiers.csv,4,8,"[""card_name"", ""leading_card_id""]",[],[],[],[],[],False
D:\02_AI_and_Data\Kaggle-AI-Agents\PTCG_AI_Battle_Challenge\reports\notebook53\section2\section2a_masking_by_player_card.csv,4,7,"[""player_card""]",[],[],[],[],[],False
D:\02_AI_and_Data\Kaggle-AI-Agents\PTCG_AI_Battle_Challenge\reports\notebook52\section6\section6a_card_leaderboard.csv,4,6,"[""player_card""]",[],[],[],[],[],False
D:\02_AI_and_Data\Kaggle-AI-Agents\PTCG_AI_Battle_Challenge\reports\notebook52\section5\analysis\section5c_card_analysis.csv,4,6,"[""player_card""]",[],[],[],[],[],False
D:\02_AI_and_Data\Kaggle-AI-Agents\PTCG_AI_Battle_Challenge\reports\notebook54\section4\section4f_tournament_card_identifier_summary.csv,4,6,"[""card_name"", ""candidate_card_ids""]",[],[],[],[],[],False
D:\02_AI_and_Data\Kaggle-AI-Agents\PTCG_AI_Battle_Challenge\reports\notebook52\section4\analysis\section4b_card_summary.csv,4,8,"[""card_name""]",[],[],[],"[""average_final_hp""]",[],False
D:\02_AI_and_Data\Kaggle-AI-Agents\PTCG_AI_Battle_Challenge\reports\notebook54\section4\section4e_tournament_card_image_summary.csv,4,3,"[""card_name""]",[],[],[],[],[],False
D:\02_AI_and_Data\Kaggle-AI-Agents\PTCG_AI_Battle_Challenge\reports\notebook49\section7\section7a_state_runtime_contract.json,4,1,[],[],[],[],[],[],False
D:\02_AI_and_Data\Kaggle-AI-Agents\PTCG_AI_Battle_Challenge\reports\notebook48\final_competitive_strength_report.json,4,4,[],[],[],[],[],[],False
D:\02_AI_and_Data\Kaggle-AI-Agents\PTCG_AI_Battle_Challenge\reports\notebook48\competitive_policy_elo_summary.json,4,4,"[""agent_name""]",[],[],[],[],[],False
D:\02_AI_and_Data\Kaggle-AI-Agents\PTCG_AI_Battle_Challenge\reports\notebook54\section4\section4h_pdf_identifier_summary.csv,4,7,"[""card_name""]",[],[],[],[],[],False
D:\02_AI_and_Data\Kaggle-AI-Agents\PTCG_AI_Battle_Challenge\reports\notebook54\section4\section4ud_frozen_artifact_integrity.csv,4,7,"[""artifact_name""]",[],[],[],[],[],False
D:\02_AI_and_Data\Kaggle-AI-Agents\PTCG_AI_Battle_Challenge\submission_work\notebook24_extracted\manifest.json,4,6,"[""repository_cards"", ""official_cards""]",[],[],[],[],[],False
D:\02_AI_and_Data\Kaggle-AI-Agents\PTCG_AI_Battle_Challenge\submission_work\team_jesus_notebook23\package\manifest.json,4,6,"[""repository_cards"", ""official_cards""]",[],[],[],[],[],False
D:\02_AI_and_Data\Kaggle-AI-Agents\PTCG_AI_Battle_Challenge\reports\notebook54\section4\section4h_targeted_pdf_lookup_summary.json,4,1,[],[],[],[],[],[],False
D:\02_AI_and_Data\Kaggle-AI-Agents\PTCG_AI_Battle_Challenge\reports\notebook54\section4\section4m_pdf_destination_resolution_summary.json,4,1,[],[],[],[],[],[],False
D:\02_AI_and_Data\Kaggle-AI-Agents\PTCG_AI_Battle_Challenge\reports\notebook54\section4\section4q_verified_action_catalog_summary.json,4,1,[],[],[],[],[],[],False
D:\02_AI_and_Data\Kaggle-AI-Agents\PTCG_AI_Battle_Challenge\reports\notebook54\section4\section4i_section4h_identifier_repair.csv,4,13,"[""card_name""]",[],[],[],[],[],False
D:\02_AI_and_Data\Kaggle-AI-Agents\PTCG_AI_Battle_Challenge\reports\notebook52\section4\analysis\section4b_matchup_summary.csv,4,14,"[""player_card"", ""opponent_card""]",[],[],[],"[""average_absolute_hp_margin""]",[],False
D:\02_AI_and_Data\Kaggle-AI-Agents\PTCG_AI_Battle_Challenge\reports\notebook54\section4\section4h_hybrid_identifier_resolution.csv,4,8,"[""card_name""]",[],[],[],[],[],False
D:\02_AI_and_Data\Kaggle-AI-Agents\PTCG_AI_Battle_Challenge\reports\notebook54\section4\section4e_validation_checks.csv,4,4,[],[],[],[],[],[],False
D:\02_AI_and_Data\Kaggle-AI-Agents\PTCG_AI_Battle_Challenge\reports\notebook54\section4\section4f_validation_checks.csv,4,4,[],[],[],[],[],[],False
D:\02_AI_and_Data\Kaggle-AI-Agents\PTCG_AI_Battle_Challenge\reports\notebook54\section2\section2b_root_cause_category_summary.csv,4,9,[],[],[],[],"[""average_final_hp_margin""]",[],False
D:\02_AI_and_Data\Kaggle-AI-Agents\PTCG_AI_Battle_Challenge\reports\notebook54\section4\section4j_leading_simulator_version_matches.csv,4,7,"[""card_name"", ""leading_official_card_id""]",[],[],[],[],[],False
D:\02_AI_and_Data\Kaggle-AI-Agents\PTCG_AI_Battle_Challenge\reports\notebook49\section8\policy_dataset\section8c_side_summary.csv,4,7,[],[],[],[],[],[],False
D:\02_AI_and_Data\Kaggle-AI-Agents\PTCG_AI_Battle_Challenge\reports\notebook35\production_interface.json,4,1,[],[],[],[],[],[],False
D:\02_AI_and_Data\Kaggle-AI-Agents\PTCG_AI_Battle_Challenge\reports\notebook54\section4\section4ud_adapter_configuration.csv,4,4,[],[],[],[],[],[],False
D:\02_AI_and_Data\Kaggle-AI-Agents\PTCG_AI_Battle_Challenge\reports\notebook15_summary.json,4,7,[],[],[],[],[],[],False
D:\02_AI_and_Data\Kaggle-AI-Agents\PTCG_AI_Battle_Challenge\reports\notebook53\section6\section6b_overall_comparison.csv,4,4,[],[],[],[],[],[],False
D:\02_AI_and_Data\Kaggle-AI-Agents\PTCG_AI_Battle_Challenge\reports\notebook54\section2\section2b_confidence_vs_outcome.csv,4,6,[],[],[],[],[],[],False
D:\02_AI_and_Data\Kaggle-AI-Agents\PTCG_AI_Battle_Challenge\reports\notebook54\section4\section4ud_runner_instance_attributes.csv,4,3,"[""attribute_name""]",[],[],[],[],[],False
D:\02_AI_and_Data\Kaggle-AI-Agents\PTCG_AI_Battle_Challenge\reports\notebook54\section4\section4j_simulator_hp_profile.csv,4,6,"[""card_name""]",[],[],[],"[""player_hp_values"", ""opponent_hp_values"", ""combined_hp_values"", ""unique_hp_count"", ""single_hp_candidate""]",[],False
D:\02_AI_and_Data\Kaggle-AI-Agents\PTCG_AI_Battle_Challenge\reports\notebook30\policy_registry.csv,4,3,[],[],[],[],[],[],False
D:\02_AI_and_Data\Kaggle-AI-Agents\PTCG_AI_Battle_Challenge\reports\notebook34\policy_label_mapping.json,4,2,[],[],[],[],[],[],False
D:\02_AI_and_Data\Kaggle-AI-Agents\PTCG_AI_Battle_Challenge\reports\notebook53\section3\section3b_feature_family_summary.csv,4,2,[],[],[],[],[],[],False
D:\02_AI_and_Data\Kaggle-AI-Agents\PTCG_AI_Battle_Challenge\reports\notebook49\section6_legal_move_methods.csv,3,4,[],[],[],[],[],[],False
D:\02_AI_and_Data\Kaggle-AI-Agents\PTCG_AI_Battle_Challenge\reports\notebook48\competitive_policy_baseline_tournament_summary.json,3,13,"[""baseline_name""]",[],[],[],[],[],False
D:\02_AI_and_Data\Kaggle-AI-Agents\PTCG_AI_Battle_Challenge\reports\notebook48\tournament_match_adapter_summary.json,3,6,[],[],[],[],[],[],False
D:\02_AI_and_Data\Kaggle-AI-Agents\PTCG_AI_Battle_Challenge\notebooks\test.parquet,3,1,[],[],[],[],[],[],False
D:\02_AI_and_Data\Kaggle-AI-Agents\PTCG_AI_Battle_Challenge\reports\notebook52\section5\section5b_condition_summary.csv,3,18,[],[],[],[],"[""average_final_player_hp"", ""average_final_opponent_hp""]",[],False
D:\02_AI_and_Data\Kaggle-AI-Agents\PTCG_AI_Battle_Challenge\reports\notebook53\section6\section6b_comparison_by_condition.csv,3,11,[],[],[],[],[],[],False
D:\02_AI_and_Data\Kaggle-AI-Agents\PTCG_AI_Battle_Challenge\reports\notebook52\section6\section6a_condition_leaderboard.csv,3,11,[],[],[],[],[],[],False
D:\02_AI_and_Data\Kaggle-AI-Agents\PTCG_AI_Battle_Challenge\reports\notebook52\section5\analysis\section5c_condition_analysis.csv,3,11,[],[],[],[],[],[],False
D:\02_AI_and_Data\Kaggle-AI-Agents\PTCG_AI_Battle_Challenge\reports\notebook52\section5\section5a_condition_summary.csv,3,10,[],[],[],"[""average_player_energy"", ""average_opponent_energy""]","[""average_player_hp"", ""average_opponent_hp""]",[],False
D:\02_AI_and_Data\Kaggle-AI-Agents\PTCG_AI_Battle_Challenge\reports\notebook53\section6\section6a_split_metrics.csv,3,10,[],[],[],[],[],[],False
D:\02_AI_and_Data\Kaggle-AI-Agents\PTCG_AI_Battle_Challenge\reports\notebook54\section4\section4s_energy_source_join_keys.csv,3,4,"[""source_name""]",[],[],[],[],[],False
D:\02_AI_and_Data\Kaggle-AI-Agents\PTCG_AI_Battle_Challenge\reports\notebook49\section3_baseline_performance.csv,3,9,[],[],[],[],[],[],False
D:\02_AI_and_Data\Kaggle-AI-Agents\PTCG_AI_Battle_Challenge\reports\notebook29\match_count_experiment_plan.csv,3,3,[],[],[],[],[],[],False
D:\02_AI_and_Data\Kaggle-AI-Agents\PTCG_AI_Battle_Challenge\reports\notebook50\section4\policy_training\section4c_leakage_check.csv,3,5,"[""without_variant_name_accuracy"", ""without_variant_name_balanced_accuracy"", ""without_variant_name_macro_f1""]",[],[],[],[],[],False
D:\02_AI_and_Data\Kaggle-AI-Agents\PTCG_AI_Battle_Challenge\reports\notebook50\section3\feature_engineering\section3b_split_scenario_profile.csv,3,7,[],[],[],[],[],[],False
D:\02_AI_and_Data\Kaggle-AI-Agents\PTCG_AI_Battle_Challenge\reports\notebook29\benchmark_execution_plan.csv,3,3,[],[],[],[],[],[],False
D:\02_AI_and_Data\Kaggle-AI-Agents\PTCG_AI_Battle_Challenge\reports\notebook53\section5\section5a_scenario_overlap_checks.csv,3,3,[],[],[],[],[],[],False
D:\02_AI_and_Data\Kaggle-AI-Agents\PTCG_AI_Battle_Challenge\reports\notebook50\section4\policy_training\section4b_baseline_evaluation.csv,3,4,[],[],[],[],[],[],False
D:\02_AI_and_Data\Kaggle-AI-Agents\PTCG_AI_Battle_Challenge\reports\notebook39\dataset_split_summary.csv,3,2,[],[],[],[],[],[],False
D:\02_AI_and_Data\Kaggle-AI-Agents\PTCG_AI_Battle_Challenge\reports\notebook49\section3_loss_analysis.json,2,9,[],[],[],[],[],[],False
D:\02_AI_and_Data\Kaggle-AI-Agents\PTCG_AI_Battle_Challenge\reports\notebook46\first_real_expert_search.json,2,6,"[""name""]",[],"[""damage""]","[""energy_cost""]",[],"[""effect""]",False
D:\02_AI_and_Data\Kaggle-AI-Agents\PTCG_AI_Battle_Challenge\reports\notebook54\section4\section4uc_reconstructed_classes.csv,2,5,"[""class_name""]",[],[],[],[],[],False
D:\02_AI_and_Data\Kaggle-AI-Agents\PTCG_AI_Battle_Challenge\reports\notebook45\ppo_observation_action_schema.json,2,1,[],[],[],[],[],[],False
D:\02_AI_and_Data\Kaggle-AI-Agents\PTCG_AI_Battle_Challenge\reports\notebook49\section2_difficulty_analysis.json,2,5,[],[],[],[],[],[],False
D:\02_AI_and_Data\Kaggle-AI-Agents\PTCG_AI_Battle_Challenge\reports\notebook54\section4\section4ud_initial_adapter_statistics.csv,2,3,"[""object_name""]",[],[],[],[],[],False
D:\02_AI_and_Data\Kaggle-AI-Agents\PTCG_AI_Battle_Challenge\reports\notebook54\section4\section4ud_reset_adapter_statistics.csv,2,2,"[""object_name""]",[],[],[],[],[],False
D:\02_AI_and_Data\Kaggle-AI-Agents\PTCG_AI_Battle_Challenge\reports\notebook14_summary.json,2,2,[],[],[],[],[],[],False
D:\02_AI_and_Data\Kaggle-AI-Agents\PTCG_AI_Battle_Challenge\reports\notebook54\section4\section4f_pdf_evidence_profile.csv,2,4,[],[],[],[],[],[],False
D:\02_AI_and_Data\Kaggle-AI-Agents\PTCG_AI_Battle_Challenge\reports\notebook53\section5\section5b_encoded_feature_family_summary.csv,2,5,[],[],[],[],[],[],False
D:\02_AI_and_Data\Kaggle-AI-Agents\PTCG_AI_Battle_Challenge\reports\notebook49\section3_side_performance.csv,2,9,[],[],[],[],[],[],False
D:\02_AI_and_Data\Kaggle-AI-Agents\PTCG_AI_Battle_Challenge\reports\notebook54\section4\section4s_energy_observability.csv,2,8,[],[],[],"[""observed_energy_decisions"", ""unknown_energy_decisions"", ""average_observed_energy"", ""minimum_observed_energy"", ""maximum_observed_energy"", ""energy_observation_rate""]",[],[],False
D:\02_AI_and_Data\Kaggle-AI-Agents\PTCG_AI_Battle_Challenge\reports\notebook54\section2\section2a_opportunities_by_condition.csv,2,8,[],[],[],[],[],[],False
D:\02_AI_and_Data\Kaggle-AI-Agents\PTCG_AI_Battle_Challenge\reports\notebook54\section2\section2a_opportunities_by_outcome.csv,2,7,[],[],[],[],[],[],False
D:\02_AI_and_Data\Kaggle-AI-Agents\PTCG_AI_Battle_Challenge\reports\notebook54\section4\section4ud_frozen_artifact_binding.csv,2,4,"[""binding_name""]",[],[],[],[],[],False
D:\02_AI_and_Data\Kaggle-AI-Agents\PTCG_AI_Battle_Challenge\reports\notebook52\section4\analysis\section4b_starting_side_summary.csv,2,8,[],[],[],[],[],[],False
D:\02_AI_and_Data\Kaggle-AI-Agents\PTCG_AI_Battle_Challenge\reports\notebook54\section2\section2b_strategic_control_profile.csv,2,7,[],[],[],[],[],[],False
D:\02_AI_and_Data\Kaggle-AI-Agents\PTCG_AI_Battle_Challenge\reports\notebook50\section6\section6a_side_weight_summary.csv,2,4,[],[],[],[],[],[],False
D:\02_AI_and_Data\Kaggle-AI-Agents\PTCG_AI_Battle_Challenge\reports\notebook50\section5\policy_evaluation\section5a_weighted_side_totals.csv,2,4,[],[],[],[],[],[],False
D:\02_AI_and_Data\Kaggle-AI-Agents\PTCG_AI_Battle_Challenge\reports\notebook53\section6\section6c_policy_adapter_routing_summary.csv,2,5,[],[],[],[],[],[],False
D:\02_AI_and_Data\Kaggle-AI-Agents\PTCG_AI_Battle_Challenge\reports\notebook14_leaderboard.csv,2,8,"[""name""]",[],[],[],[],[],False
D:\02_AI_and_Data\Kaggle-AI-Agents\PTCG_AI_Battle_Challenge\reports\notebook50\section4\policy_training\section4e_decision_only_evaluation.csv,2,5,[],[],[],[],[],[],False
D:\02_AI_and_Data\Kaggle-AI-Agents\PTCG_AI_Battle_Challenge\reports\notebook54\section4\section4g_upstream_card_object_recovery_summary.json,1,1,[],[],[],[],[],[],False
D:\02_AI_and_Data\Kaggle-AI-Agents\PTCG_AI_Battle_Challenge\reports\notebook47\competitive_policy_battle_summary.json,1,10,"[""agent_name""]",[],[],[],[],[],False
D:\02_AI_and_Data\Kaggle-AI-Agents\PTCG_AI_Battle_Challenge\reports\notebook54\section4\section4g_card_id_proximity_candidates.csv,1,9,"[""card_id"", ""card_name""]",[],[],[],[],"[""text_source_index"", ""context_excerpt""]",False
D:\02_AI_and_Data\Kaggle-AI-Agents\PTCG_AI_Battle_Challenge\reports\notebook51\section6\section6f_first_full_battle_summary.json,1,13,[],[],[],[],"[""final_player_hp"", ""final_opponent_hp""]",[],False
D:\02_AI_and_Data\Kaggle-AI-Agents\PTCG_AI_Battle_Challenge\reports\notebook54\section2\section2a_opportunities_by_active_card.csv,1,7,"[""active_card""]",[],[],[],[],[],False
D:\02_AI_and_Data\Kaggle-AI-Agents\PTCG_AI_Battle_Challenge\reports\notebook49\section8\section8a_search_dry_run.json,1,1,[],[],[],[],[],[],False
D:\02_AI_and_Data\Kaggle-AI-Agents\PTCG_AI_Battle_Challenge\reports\notebook50\section1\environment_and_handoff\section1a_environment_report.json,1,21,"[""notebook_name""]",[],[],[],[],[],False
D:\02_AI_and_Data\Kaggle-AI-Agents\PTCG_AI_Battle_Challenge\reports\notebook50\section1\environment_and_handoff\section1b_handoff_load_summary.json,1,20,"[""section_name""]",[],[],[],[],[],False
D:\02_AI_and_Data\Kaggle-AI-Agents\PTCG_AI_Battle_Challenge\reports\notebook53\section6\section6a_model_training_summary.json,1,24,[],[],[],[],[],[],False
D:\02_AI_and_Data\Kaggle-AI-Agents\PTCG_AI_Battle_Challenge\reports\notebook54\section4\section4uc_production_adapter_reconstruction_summary.json,1,14,[],[],[],[],[],[],False
D:\02_AI_and_Data\Kaggle-AI-Agents\PTCG_AI_Battle_Challenge\reports\notebook53\section2\section2a_masking_analysis_summary.json,1,18,"[""highest_masking_player_card"", ""highest_masking_player_card_rate""]",[],[],[],[],[],False
D:\02_AI_and_Data\Kaggle-AI-Agents\PTCG_AI_Battle_Challenge\reports\notebook54\section4\section4va_full_replay_interface_resolution_summary.json,1,14,[],[],[],"[""runtime_energy_observed""]",[],[],False
D:\02_AI_and_Data\Kaggle-AI-Agents\PTCG_AI_Battle_Challenge\reports\notebook53\section7\section7a_final_summary.json,1,19,"[""tournament_battles"", ""tournament_policy_decisions""]",[],[],[],[],[],False
D:\02_AI_and_Data\Kaggle-AI-Agents\PTCG_AI_Battle_Challenge\reports\notebook54\section4\section4u_instrumented_replay_preflight_summary.json,1,15,[],[],[],"[""energy_attributes_identified"", ""runtime_energy_observed""]",[],[],False
D:\02_AI_and_Data\Kaggle-AI-Agents\PTCG_AI_Battle_Challenge\reports\notebook53\section5\section5b_preprocessing_summary.json,1,19,[],[],[],[],[],[],False
D:\02_AI_and_Data\Kaggle-AI-Agents\PTCG_AI_Battle_Challenge\reports\notebook54\section1\section1a_imports_and_paths_summary.json,1,11,"[""notebook_name""]",[],[],[],[],[],False
D:\02_AI_and_Data\Kaggle-AI-Agents\PTCG_AI_Battle_Challenge\reports\notebook52\section6\section6a_dashboard_summary.json,1,16,"[""top_player_card"", ""top_player_card_win_rate""]",[],[],[],[],[],False
D:\02_AI_and_Data\Kaggle-AI-Agents\PTCG_AI_Battle_Challenge\reports\notebook53\section5\section5a_group_safe_split_summary.json,1,18,[],[],[],[],[],[],False
D:\02_AI_and_Data\Kaggle-AI-Agents\PTCG_AI_Battle_Challenge\reports\notebook50\section3\feature_engineering\section3a_feature_engineering_summary.json,1,15,"[""section_name""]",[],[],[],[],[],False
D:\02_AI_and_Data\Kaggle-AI-Agents\PTCG_AI_Battle_Challenge\reports\notebook52\section5\section5b_summary.json,1,16,[],[],[],[],[],[],False
D:\02_AI_and_Data\Kaggle-AI-Agents\PTCG_AI_Battle_Challenge\reports\notebook53\section1\section1b_handoff_validation_summary.json,1,13,"[""weakest_player_card""]",[],[],[],[],[],False
D:\02_AI_and_Data\Kaggle-AI-Agents\PTCG_AI_Battle_Challenge\reports\notebook50\section5\policy_evaluation\section5c_policy_evaluation_summary.json,1,14,[],[],[],[],[],[],False
D:\02_AI_and_Data\Kaggle-AI-Agents\PTCG_AI_Battle_Challenge\reports\notebook52\section4\section4a_single_pass_summary.json,1,15,[],[],[],[],[],[],False
D:\02_AI_and_Data\Kaggle-AI-Agents\PTCG_AI_Battle_Challenge\reports\notebook51\section7\section7a_final_summary.json,1,12,[],[],[],[],[],[],False
D:\02_AI_and_Data\Kaggle-AI-Agents\PTCG_AI_Battle_Challenge\reports\notebook52\section4\analysis\section4b_summary.json,1,14,"[""highest_win_rate_card""]",[],[],[],[],[],False
D:\02_AI_and_Data\Kaggle-AI-Agents\PTCG_AI_Battle_Challenge\reports\notebook52\section6\section6b_validation_summary.json,1,11,[],[],[],[],[],[],False
D:\02_AI_and_Data\Kaggle-AI-Agents\PTCG_AI_Battle_Challenge\reports\notebook52\section7\section7a_final_summary.json,1,9,[],[],[],[],[],[],False
D:\02_AI_and_Data\Kaggle-AI-Agents\PTCG_AI_Battle_Challenge\reports\notebook50\section7\section7a_final_summary.json,1,10,[],[],[],[],[],[],False
D:\02_AI_and_Data\Kaggle-AI-Agents\PTCG_AI_Battle_Challenge\reports\notebook51\section6\section6a_binding_candidates.csv,1,7,"[""object_name""]",[],[],[],[],[],False
D:\02_AI_and_Data\Kaggle-AI-Agents\PTCG_AI_Battle_Challenge\reports\notebook27\full_game_summary.json,1,10,[],[],[],[],[],[],False
D:\02_AI_and_Data\Kaggle-AI-Agents\PTCG_AI_Battle_Challenge\reports\notebook52\section5\section5a_summary.json,1,9,[],[],[],[],[],[],False
D:\02_AI_and_Data\Kaggle-AI-Agents\PTCG_AI_Battle_Challenge\reports\notebook54\section4\section4t_simulator_energy_source_trace.csv,1,5,"[""source_name""]",[],[],[],[],"[""line_text""]",False
D:\02_AI_and_Data\Kaggle-AI-Agents\PTCG_AI_Battle_Challenge\reports\notebook50\section4\baseline_training\section4a_training_summary.json,1,8,[],[],[],[],[],[],False
D:\02_AI_and_Data\Kaggle-AI-Agents\PTCG_AI_Battle_Challenge\reports\notebook54\section4\section4t_energy_instrumentation_design_profile.csv,1,6,[],[],[],"[""source_energy_references"", ""energy_state_attributes"", ""frozen_history_energy_columns""]",[],[],False
D:\02_AI_and_Data\Kaggle-AI-Agents\PTCG_AI_Battle_Challenge\reports\notebook30\architecture_summary.json,1,7,[],[],[],[],[],[],False
D:\02_AI_and_Data\Kaggle-AI-Agents\PTCG_AI_Battle_Challenge\reports\notebook13_tournament_summary.json,1,9,[],[],[],[],[],[],False
D:\02_AI_and_Data\Kaggle-AI-Agents\PTCG_AI_Battle_Challenge\reports\notebook52\section5\analysis\section5c_overall_summary.csv,1,9,[],[],[],[],[],[],False
D:\02_AI_and_Data\Kaggle-AI-Agents\PTCG_AI_Battle_Challenge\reports\notebook54\section2\section2a_opportunities_by_acting_side.csv,1,7,[],[],[],[],[],[],False
D:\02_AI_and_Data\Kaggle-AI-Agents\PTCG_AI_Battle_Challenge\reports\notebook50\section3\feature_engineering\section3b_target_class_coverage.csv,1,7,[],[],[],[],[],[],False
D:\02_AI_and_Data\Kaggle-AI-Agents\PTCG_AI_Battle_Challenge\reports\notebook49\section6_transition_methods.csv,1,4,[],[],[],[],[],[],False
D:\02_AI_and_Data\Kaggle-AI-Agents\PTCG_AI_Battle_Challenge\reports\notebook54\section4\section4u_runtime_energy_attributes.csv,1,6,"[""source_name"", ""class_name"", ""attribute_name""]",[],[],"[""energy_related""]",[],[],False
D:\02_AI_and_Data\Kaggle-AI-Agents\PTCG_AI_Battle_Challenge\reports\notebook54\section4\section4va_build_state_parameters.csv,1,5,"[""parameter_name""]",[],[],[],[],[],False
D:\02_AI_and_Data\Kaggle-AI-Agents\PTCG_AI_Battle_Challenge\reports\notebook54\section4\section4m_destination_type_profile.csv,1,5,[],[],[],[],[],[],False
D:\02_AI_and_Data\Kaggle-AI-Agents\PTCG_AI_Battle_Challenge\reports\notebook50\section4\baseline_training\section4a_training_class_profile.csv,1,2,[],[],[],[],[],[],False
D:\02_AI_and_Data\Kaggle-AI-Agents\PTCG_AI_Battle_Challenge\reports\notebook50\section4\baseline_training\policy_label_classes.json,1,1,[],[],[],[],[],[],False
