path,file_name,suffix,size_bytes,keyword_hits,relevance_score
D:\02_AI_and_Data\Kaggle-AI-Agents\PTCG_AI_Battle_Challenge\notebooks\data\processed\pokemon_cards_processed.csv,pokemon_cards_processed.csv,.csv,559058,"[""card"", ""pokemon""]",2
D:\02_AI_and_Data\Kaggle-AI-Agents\PTCG_AI_Battle_Challenge\data\processed\pokemon_cards_processed.csv,pokemon_cards_processed.csv,.csv,559058,"[""card"", ""pokemon""]",2
D:\02_AI_and_Data\Kaggle-AI-Agents\PTCG_AI_Battle_Challenge\reports\notebook54\section4\section4a_tournament_card_move_records.csv,section4a_tournament_card_move_records.csv,.csv,302143,"[""card"", ""move""]",2
D:\02_AI_and_Data\Kaggle-AI-Agents\PTCG_AI_Battle_Challenge\reports\notebook54\section4\section4e_tournament_card_text_references.csv,section4e_tournament_card_text_references.csv,.csv,210944,"[""card"", ""reference""]",2
D:\02_AI_and_Data\Kaggle-AI-Agents\PTCG_AI_Battle_Challenge\reports\notebook54\section4\section4e_card_reference_discovery_summary.json,section4e_card_reference_discovery_summary.json,.json,785,"[""card"", ""reference""]",2
D:\02_AI_and_Data\Kaggle-AI-Agents\PTCG_AI_Battle_Challenge\reports\notebook54\section4\section4d_valid_metadata_move_records.csv,section4d_valid_metadata_move_records.csv,.csv,181,"[""move"", ""metadata""]",2
D:\02_AI_and_Data\Kaggle-AI-Agents\PTCG_AI_Battle_Challenge\reports\notebook54\section4\section4c_trusted_card_metadata_candidates.csv,section4c_trusted_card_metadata_candidates.csv,.csv,2,"[""card"", ""metadata""]",2
D:\02_AI_and_Data\Kaggle-AI-Agents\PTCG_AI_Battle_Challenge\reports\notebook54\section3\section3b_discovered_move_records.csv,section3b_discovered_move_records.csv,.csv,3046778,"[""move""]",1
D:\02_AI_and_Data\Kaggle-AI-Agents\PTCG_AI_Battle_Challenge\reports\notebook54\section4\section4l_card_action_matches.csv,section4l_card_action_matches.csv,.csv,758796,"[""card""]",1
D:\02_AI_and_Data\Kaggle-AI-Agents\PTCG_AI_Battle_Challenge\notebooks\data\raw\JP_Card_Data.csv,JP_Card_Data.csv,.csv,442788,"[""card""]",1
D:\02_AI_and_Data\Kaggle-AI-Agents\PTCG_AI_Battle_Challenge\data\raw\JP_Card_Data.csv,JP_Card_Data.csv,.csv,442788,"[""card""]",1
D:\02_AI_and_Data\Kaggle-AI-Agents\PTCG_AI_Battle_Challenge\notebooks\data\processed\card_knowledge_base.pkl,card_knowledge_base.pkl,.pkl,377728,"[""card""]",1
D:\02_AI_and_Data\Kaggle-AI-Agents\PTCG_AI_Battle_Challenge\notebooks\data\raw\EN_Card_Data.csv,EN_Card_Data.csv,.csv,359151,"[""card""]",1
D:\02_AI_and_Data\Kaggle-AI-Agents\PTCG_AI_Battle_Challenge\data\raw\EN_Card_Data.csv,EN_Card_Data.csv,.csv,359151,"[""card""]",1
D:\02_AI_and_Data\Kaggle-AI-Agents\PTCG_AI_Battle_Challenge\reports\notebook53\section4\section4b_legality_aware_training_metadata.csv,section4b_legality_aware_training_metadata.csv,.csv,357150,"[""metadata""]",1
D:\02_AI_and_Data\Kaggle-AI-Agents\PTCG_AI_Battle_Challenge\reports\notebook54\section4\section4a_simulator_supported_move_records.csv,section4a_simulator_supported_move_records.csv,.csv,263669,"[""move""]",1
D:\02_AI_and_Data\Kaggle-AI-Agents\PTCG_AI_Battle_Challenge\reports\notebook54\section4\section4a_move_source_agreement.csv,section4a_move_source_agreement.csv,.csv,161295,"[""move""]",1
D:\02_AI_and_Data\Kaggle-AI-Agents\PTCG_AI_Battle_Challenge\reports\notebook54\section4\section4a_preferred_move_catalog.csv,section4a_preferred_move_catalog.csv,.csv,145044,"[""move""]",1
D:\02_AI_and_Data\Kaggle-AI-Agents\PTCG_AI_Battle_Challenge\reports\notebook54\section4\section4a_move_records_manual_review.csv,section4a_move_records_manual_review.csv,.csv,132074,"[""move""]",1
D:\02_AI_and_Data\Kaggle-AI-Agents\PTCG_AI_Battle_Challenge\reports\notebook54\section4\section4d_strict_card_source_inventory.csv,section4d_strict_card_source_inventory.csv,.csv,127127,"[""card""]",1
D:\02_AI_and_Data\Kaggle-AI-Agents\PTCG_AI_Battle_Challenge\reports\notebook54\section4\section4f_upstream_notebook_reference_trace.csv,section4f_upstream_notebook_reference_trace.csv,.csv,43624,"[""reference""]",1
D:\02_AI_and_Data\Kaggle-AI-Agents\PTCG_AI_Battle_Challenge\reports\notebook53\section3\section3b_legality_aware_metadata.csv,section3b_legality_aware_metadata.csv,.csv,33885,"[""metadata""]",1
D:\02_AI_and_Data\Kaggle-AI-Agents\PTCG_AI_Battle_Challenge\reports\notebook54\section4\section4s_repaired_attack_energy_readiness.csv,section4s_repaired_attack_energy_readiness.csv,.csv,32291,"[""attack""]",1
D:\02_AI_and_Data\Kaggle-AI-Agents\PTCG_AI_Battle_Challenge\reports\notebook54\section4\section4r_verified_attack_energy_readiness.csv,section4r_verified_attack_energy_readiness.csv,.csv,30679,"[""attack""]",1
D:\02_AI_and_Data\Kaggle-AI-Agents\PTCG_AI_Battle_Challenge\reports\notebook54\section4\section4e_reference_file_inventory.csv,section4e_reference_file_inventory.csv,.csv,25409,"[""reference""]",1
D:\02_AI_and_Data\Kaggle-AI-Agents\PTCG_AI_Battle_Challenge\notebooks\data\processed\starter_deck.pkl,starter_deck.pkl,.pkl,19721,"[""deck""]",1
D:\02_AI_and_Data\Kaggle-AI-Agents\PTCG_AI_Battle_Challenge\notebooks\data\processed\lightning_deck.pkl,lightning_deck.pkl,.pkl,19570,"[""deck""]",1
D:\02_AI_and_Data\Kaggle-AI-Agents\PTCG_AI_Battle_Challenge\reports\notebook54\section4\section4e_document_reference_inventory.csv,section4e_document_reference_inventory.csv,.csv,13645,"[""reference""]",1
D:\02_AI_and_Data\Kaggle-AI-Agents\PTCG_AI_Battle_Challenge\reports\notebook54\section4\section4j_upstream_card_profile_evidence.csv,section4j_upstream_card_profile_evidence.csv,.csv,12071,"[""card""]",1
D:\02_AI_and_Data\Kaggle-AI-Agents\PTCG_AI_Battle_Challenge\reports\notebook52\section5\section5b_expanded_battle_results.csv,section5b_expanded_battle_results.csv,.csv,11140,"[""battle""]",1
D:\02_AI_and_Data\Kaggle-AI-Agents\PTCG_AI_Battle_Challenge\reports\notebook54\section4\section4e_notebook_reference_trail.csv,section4e_notebook_reference_trail.csv,.csv,10763,"[""reference""]",1
D:\02_AI_and_Data\Kaggle-AI-Agents\PTCG_AI_Battle_Challenge\reports\notebook54\section4\section4h_targeted_pdf_card_matches.csv,section4h_targeted_pdf_card_matches.csv,.csv,10241,"[""card""]",1
D:\02_AI_and_Data\Kaggle-AI-Agents\PTCG_AI_Battle_Challenge\reports\notebook54\section4\section4a_additional_source_backed_moves.csv,section4a_additional_source_backed_moves.csv,.csv,8718,"[""move""]",1
D:\02_AI_and_Data\Kaggle-AI-Agents\PTCG_AI_Battle_Challenge\reports\notebook54\section4\section4a_move_damage_conflicts.csv,section4a_move_damage_conflicts.csv,.csv,8050,"[""move""]",1
D:\02_AI_and_Data\Kaggle-AI-Agents\PTCG_AI_Battle_Challenge\reports\notebook54\section2\section2b_battle_root_cause_profile.csv,section2b_battle_root_cause_profile.csv,.csv,4763,"[""battle""]",1
D:\02_AI_and_Data\Kaggle-AI-Agents\PTCG_AI_Battle_Challenge\reports\notebook54\section3\section3a_player_move_repetition.csv,section3a_player_move_repetition.csv,.csv,4127,"[""move""]",1
D:\02_AI_and_Data\Kaggle-AI-Agents\PTCG_AI_Battle_Challenge\reports\notebook53\section6\section6e_tournament_replay_battles.csv,section6e_tournament_replay_battles.csv,.csv,4072,"[""battle""]",1
D:\02_AI_and_Data\Kaggle-AI-Agents\PTCG_AI_Battle_Challenge\reports\notebook54\section4\section4p_card_visual_profile.csv,section4p_card_visual_profile.csv,.csv,3576,"[""card""]",1
D:\02_AI_and_Data\Kaggle-AI-Agents\PTCG_AI_Battle_Challenge\reports\notebook52\section4\analysis\section4b_battle_analysis.csv,section4b_battle_analysis.csv,.csv,3462,"[""battle""]",1
D:\02_AI_and_Data\Kaggle-AI-Agents\PTCG_AI_Battle_Challenge\reports\notebook54\section4\section4a_card_candidate_profile.csv,section4a_card_candidate_profile.csv,.csv,3350,"[""card""]",1
D:\02_AI_and_Data\Kaggle-AI-Agents\PTCG_AI_Battle_Challenge\reports\notebook52\section4\section4a_single_pass_battle_results.csv,section4a_single_pass_battle_results.csv,.csv,3126,"[""battle""]",1
D:\02_AI_and_Data\Kaggle-AI-Agents\PTCG_AI_Battle_Challenge\reports\notebook54\section4\section4i_official_card_index_rows.csv,section4i_official_card_index_rows.csv,.csv,2998,"[""card""]",1
D:\02_AI_and_Data\Kaggle-AI-Agents\PTCG_AI_Battle_Challenge\reports\notebook54\section2\section2b_losing_battle_root_causes.csv,section2b_losing_battle_root_causes.csv,.csv,2995,"[""battle""]",1
D:\02_AI_and_Data\Kaggle-AI-Agents\PTCG_AI_Battle_Challenge\notebooks\data\processed\prototype_battle_results.csv,prototype_battle_results.csv,.csv,2986,"[""battle""]",1
D:\02_AI_and_Data\Kaggle-AI-Agents\PTCG_AI_Battle_Challenge\models\notebook50\model_metadata.json,model_metadata.json,.json,2555,"[""metadata""]",1
D:\02_AI_and_Data\Kaggle-AI-Agents\PTCG_AI_Battle_Challenge\reports\notebook54\section4\section4n_saved_official_card_images.csv,section4n_saved_official_card_images.csv,.csv,2515,"[""card""]",1
D:\02_AI_and_Data\Kaggle-AI-Agents\PTCG_AI_Battle_Challenge\reports\notebook54\section4\section4o_verified_official_card_images.csv,section4o_verified_official_card_images.csv,.csv,2506,"[""card""]",1
D:\02_AI_and_Data\Kaggle-AI-Agents\PTCG_AI_Battle_Challenge\reports\notebook54\section4\section4p_attack_profile.csv,section4p_attack_profile.csv,.csv,2466,"[""attack""]",1
D:\02_AI_and_Data\Kaggle-AI-Agents\PTCG_AI_Battle_Challenge\reports\notebook54\section4\section4m_card_destination_detail.csv,section4m_card_destination_detail.csv,.csv,1625,"[""card""]",1
D:\02_AI_and_Data\Kaggle-AI-Agents\PTCG_AI_Battle_Challenge\reports\notebook54\section4\section4n_card_image_extraction_profile.csv,section4n_card_image_extraction_profile.csv,.csv,1565,"[""card""]",1
D:\02_AI_and_Data\Kaggle-AI-Agents\PTCG_AI_Battle_Challenge\reports\notebook45\ppo_battle_result.pkl,ppo_battle_result.pkl,.pkl,1516,"[""battle""]",1
D:\02_AI_and_Data\Kaggle-AI-Agents\PTCG_AI_Battle_Challenge\reports\notebook54\section4\section4k_official_card_image_links.csv,section4k_official_card_image_links.csv,.csv,1281,"[""card""]",1
D:\02_AI_and_Data\Kaggle-AI-Agents\PTCG_AI_Battle_Challenge\reports\notebook47\competitive_policy_battle_result.pkl,competitive_policy_battle_result.pkl,.pkl,1188,"[""battle""]",1
D:\02_AI_and_Data\Kaggle-AI-Agents\PTCG_AI_Battle_Challenge\reports\notebook54\section4\section4m_card_destination_matches.csv,section4m_card_destination_matches.csv,.csv,1160,"[""card""]",1
D:\02_AI_and_Data\Kaggle-AI-Agents\PTCG_AI_Battle_Challenge\reports\notebook54\section4\section4i_official_card_row_extraction_summary.json,section4i_official_card_row_extraction_summary.json,.json,1138,"[""card""]",1
D:\02_AI_and_Data\Kaggle-AI-Agents\PTCG_AI_Battle_Challenge\reports\notebook54\section4\section4a_candidate_move_validation_summary.json,section4a_candidate_move_validation_summary.json,.json,1075,"[""move""]",1
D:\02_AI_and_Data\Kaggle-AI-Agents\PTCG_AI_Battle_Challenge\models\notebook53\legality_aware_random_forest_metadata.json,legality_aware_random_forest_metadata.json,.json,1055,"[""metadata""]",1
D:\02_AI_and_Data\Kaggle-AI-Agents\PTCG_AI_Battle_Challenge\reports\notebook54\section4\section4p_card_visual_summary.json,section4p_card_visual_summary.json,.json,1052,"[""card""]",1
D:\02_AI_and_Data\Kaggle-AI-Agents\PTCG_AI_Battle_Challenge\reports\notebook54\section4\section4n_official_card_image_extraction_summary.json,section4n_official_card_image_extraction_summary.json,.json,1011,"[""card""]",1
D:\02_AI_and_Data\Kaggle-AI-Agents\PTCG_AI_Battle_Challenge\reports\notebook54\section4\section4d_official_metadata_identification_summary.json,section4d_official_metadata_identification_summary.json,.json,942,"[""metadata""]",1
D:\02_AI_and_Data\Kaggle-AI-Agents\PTCG_AI_Battle_Challenge\models\notebook53\legality_aware_policy_adapter_metadata.json,legality_aware_policy_adapter_metadata.json,.json,906,"[""metadata""]",1
D:\02_AI_and_Data\Kaggle-AI-Agents\PTCG_AI_Battle_Challenge\reports\notebook54\section4\section4k_card_image_link_recovery_summary.json,section4k_card_image_link_recovery_summary.json,.json,855,"[""card""]",1
D:\02_AI_and_Data\Kaggle-AI-Agents\PTCG_AI_Battle_Challenge\reports\notebook54\section4\section4f_reference_trace_summary.json,section4f_reference_trace_summary.json,.json,842,"[""reference""]",1
D:\02_AI_and_Data\Kaggle-AI-Agents\PTCG_AI_Battle_Challenge\reports\notebook54\section4\section4q_verified_card_versions.csv,section4q_verified_card_versions.csv,.csv,832,"[""card""]",1
D:\02_AI_and_Data\Kaggle-AI-Agents\PTCG_AI_Battle_Challenge\reports\notebook54\section4\section4e_reference_archive_inventory.csv,section4e_reference_archive_inventory.csv,.csv,810,"[""reference""]",1
D:\02_AI_and_Data\Kaggle-AI-Agents\PTCG_AI_Battle_Challenge\reports\notebook54\section4\section4o_official_card_image_visual_inventory_summary.json,section4o_official_card_image_visual_inventory_summary.json,.json,756,"[""card""]",1
D:\02_AI_and_Data\Kaggle-AI-Agents\PTCG_AI_Battle_Challenge\reports\notebook54\section4\section4g_upstream_card_object_recovery_summary.json,section4g_upstream_card_object_recovery_summary.json,.json,738,"[""card""]",1
D:\02_AI_and_Data\Kaggle-AI-Agents\PTCG_AI_Battle_Challenge\reports\notebook51\section6\section6f_first_full_battle_policy_history.csv,section6f_first_full_battle_policy_history.csv,.csv,725,"[""battle""]",1
D:\02_AI_and_Data\Kaggle-AI-Agents\PTCG_AI_Battle_Challenge\reports\notebook54\section4\section4r_energy_readiness_by_card_side.csv,section4r_energy_readiness_by_card_side.csv,.csv,697,"[""card""]",1
D:\02_AI_and_Data\Kaggle-AI-Agents\PTCG_AI_Battle_Challenge\reports\notebook47\competitive_policy_battle_summary.json,competitive_policy_battle_summary.json,.json,691,"[""battle""]",1
D:\02_AI_and_Data\Kaggle-AI-Agents\PTCG_AI_Battle_Challenge\reports\notebook54\section4\section4g_parsed_card_objects.csv,section4g_parsed_card_objects.csv,.csv,671,"[""card""]",1
D:\02_AI_and_Data\Kaggle-AI-Agents\PTCG_AI_Battle_Challenge\reports\notebook54\section4\section4i_official_card_version_summary.csv,section4i_official_card_version_summary.csv,.csv,665,"[""card""]",1
D:\02_AI_and_Data\Kaggle-AI-Agents\PTCG_AI_Battle_Challenge\reports\notebook54\section4\section4j_simulator_move_profile.csv,section4j_simulator_move_profile.csv,.csv,648,"[""move""]",1
D:\02_AI_and_Data\Kaggle-AI-Agents\PTCG_AI_Battle_Challenge\reports\notebook54\section4\section4r_availability_by_card_and_side.csv,section4r_availability_by_card_and_side.csv,.csv,648,"[""card""]",1
D:\02_AI_and_Data\Kaggle-AI-Agents\PTCG_AI_Battle_Challenge\reports\notebook53\section6\section6b_comparison_by_active_card.csv,section6b_comparison_by_active_card.csv,.csv,614,"[""card""]",1
D:\02_AI_and_Data\Kaggle-AI-Agents\PTCG_AI_Battle_Challenge\reports\notebook54\section4\section4d_benchmark_metadata_comparison.csv,section4d_benchmark_metadata_comparison.csv,.csv,612,"[""metadata""]",1
D:\02_AI_and_Data\Kaggle-AI-Agents\PTCG_AI_Battle_Challenge\reports\notebook53\section6\section6d_battle_runner_summary.json,section6d_battle_runner_summary.json,.json,599,"[""battle""]",1
D:\02_AI_and_Data\Kaggle-AI-Agents\PTCG_AI_Battle_Challenge\reports\notebook53\section2\section2b_root_cause_by_legal_move_set.csv,section2b_root_cause_by_legal_move_set.csv,.csv,567,"[""move""]",1
D:\02_AI_and_Data\Kaggle-AI-Agents\PTCG_AI_Battle_Challenge\reports\notebook53\section2\section2b_active_card_action_availability.csv,section2b_active_card_action_availability.csv,.csv,546,"[""card""]",1
D:\02_AI_and_Data\Kaggle-AI-Agents\PTCG_AI_Battle_Challenge\reports\notebook54\section4\section4k_card_text_positions.csv,section4k_card_text_positions.csv,.csv,535,"[""card""]",1
D:\02_AI_and_Data\Kaggle-AI-Agents\PTCG_AI_Battle_Challenge\reports\notebook53\section2\section2b_active_card_prediction_profile.csv,section2b_active_card_prediction_profile.csv,.csv,529,"[""card""]",1
D:\02_AI_and_Data\Kaggle-AI-Agents\PTCG_AI_Battle_Challenge\reports\notebook54\section4\section4g_card_id_proximity_candidates.csv,section4g_card_id_proximity_candidates.csv,.csv,527,"[""card""]",1
D:\02_AI_and_Data\Kaggle-AI-Agents\PTCG_AI_Battle_Challenge\reports\notebook54\section4\section4i_card_id_pdf_source_capability.csv,section4i_card_id_pdf_source_capability.csv,.csv,527,"[""card""]",1
D:\02_AI_and_Data\Kaggle-AI-Agents\PTCG_AI_Battle_Challenge\reports\notebook53\section2\section2b_root_cause_by_battle_phase.csv,section2b_root_cause_by_battle_phase.csv,.csv,479,"[""battle""]",1
D:\02_AI_and_Data\Kaggle-AI-Agents\PTCG_AI_Battle_Challenge\reports\notebook51\section6\section6f_first_full_battle_turns.csv,section6f_first_full_battle_turns.csv,.csv,465,"[""battle""]",1
D:\02_AI_and_Data\Kaggle-AI-Agents\PTCG_AI_Battle_Challenge\reports\notebook51\section6\section6f_first_full_battle_summary.json,section6f_first_full_battle_summary.json,.json,444,"[""battle""]",1
D:\02_AI_and_Data\Kaggle-AI-Agents\PTCG_AI_Battle_Challenge\reports\notebook49\section6_legal_move_methods.csv,section6_legal_move_methods.csv,.csv,433,"[""move""]",1
D:\02_AI_and_Data\Kaggle-AI-Agents\PTCG_AI_Battle_Challenge\reports\notebook54\section4\section4k_card_link_recovery_summary.csv,section4k_card_link_recovery_summary.csv,.csv,423,"[""card""]",1
D:\02_AI_and_Data\Kaggle-AI-Agents\PTCG_AI_Battle_Challenge\reports\notebook53\section2\section2b_root_cause_by_active_card.csv,section2b_root_cause_by_active_card.csv,.csv,419,"[""card""]",1
D:\02_AI_and_Data\Kaggle-AI-Agents\PTCG_AI_Battle_Challenge\reports\notebook54\section4\section4p_simulator_attack_profile.csv,section4p_simulator_attack_profile.csv,.csv,404,"[""attack""]",1
D:\02_AI_and_Data\Kaggle-AI-Agents\PTCG_AI_Battle_Challenge\reports\notebook49\section7\section7b_card_resolution.csv,section7b_card_resolution.csv,.csv,391,"[""card""]",1
D:\02_AI_and_Data\Kaggle-AI-Agents\PTCG_AI_Battle_Challenge\reports\notebook54\section4\section4q_card_action_availability.csv,section4q_card_action_availability.csv,.csv,379,"[""card""]",1
D:\02_AI_and_Data\Kaggle-AI-Agents\PTCG_AI_Battle_Challenge\reports\notebook54\section2\section2b_root_cause_by_player_card.csv,section2b_root_cause_by_player_card.csv,.csv,351,"[""card""]",1
D:\02_AI_and_Data\Kaggle-AI-Agents\PTCG_AI_Battle_Challenge\reports\notebook54\section4\section4g_leading_tournament_card_identifiers.csv,section4g_leading_tournament_card_identifiers.csv,.csv,350,"[""card""]",1
D:\02_AI_and_Data\Kaggle-AI-Agents\PTCG_AI_Battle_Challenge\reports\notebook54\section3\section3a_player_legal_move_profile.csv,section3a_player_legal_move_profile.csv,.csv,345,"[""move""]",1
D:\02_AI_and_Data\Kaggle-AI-Agents\PTCG_AI_Battle_Challenge\reports\notebook33\move_features.csv,move_features.csv,.csv,344,"[""move""]",1
D:\02_AI_and_Data\Kaggle-AI-Agents\PTCG_AI_Battle_Challenge\reports\notebook12_battle_history.csv,notebook12_battle_history.csv,.csv,335,"[""battle""]",1
D:\02_AI_and_Data\Kaggle-AI-Agents\PTCG_AI_Battle_Challenge\reports\notebook53\section2\section2a_masking_by_player_card.csv,section2a_masking_by_player_card.csv,.csv,321,"[""card""]",1
D:\02_AI_and_Data\Kaggle-AI-Agents\PTCG_AI_Battle_Challenge\reports\notebook54\section3\section3a_player_availability_by_card.csv,section3a_player_availability_by_card.csv,.csv,317,"[""card""]",1
D:\02_AI_and_Data\Kaggle-AI-Agents\PTCG_AI_Battle_Challenge\reports\notebook52\section6\section6a_card_leaderboard.csv,section6a_card_leaderboard.csv,.csv,307,"[""card""]",1
D:\02_AI_and_Data\Kaggle-AI-Agents\PTCG_AI_Battle_Challenge\reports\notebook52\section5\analysis\section5c_card_analysis.csv,section5c_card_analysis.csv,.csv,307,"[""card""]",1
D:\02_AI_and_Data\Kaggle-AI-Agents\PTCG_AI_Battle_Challenge\reports\notebook54\section4\section4b_candidate_transitions_by_card.csv,section4b_candidate_transitions_by_card.csv,.csv,299,"[""card""]",1
D:\02_AI_and_Data\Kaggle-AI-Agents\PTCG_AI_Battle_Challenge\reports\notebook54\section3\section3b_apply_move_field_usage.csv,section3b_apply_move_field_usage.csv,.csv,254,"[""move""]",1
D:\02_AI_and_Data\Kaggle-AI-Agents\PTCG_AI_Battle_Challenge\reports\notebook54\section4\section4f_tournament_card_identifier_summary.csv,section4f_tournament_card_identifier_summary.csv,.csv,254,"[""card""]",1
D:\02_AI_and_Data\Kaggle-AI-Agents\PTCG_AI_Battle_Challenge\reports\notebook54\section4\section4d_authoritative_card_sources.csv,section4d_authoritative_card_sources.csv,.csv,249,"[""card""]",1
D:\02_AI_and_Data\Kaggle-AI-Agents\PTCG_AI_Battle_Challenge\submission_work\official_sample_extracted\deck.csv,deck.csv,.csv,245,"[""deck""]",1
D:\02_AI_and_Data\Kaggle-AI-Agents\PTCG_AI_Battle_Challenge\submission_work\team_jesus_baseline\deck.csv,deck.csv,.csv,245,"[""deck""]",1
D:\02_AI_and_Data\Kaggle-AI-Agents\PTCG_AI_Battle_Challenge\submission_work\team_jesus_notebook23\package\data\deck.csv,deck.csv,.csv,245,"[""deck""]",1
D:\02_AI_and_Data\Kaggle-AI-Agents\PTCG_AI_Battle_Challenge\submission_work\notebook24_extracted\data\deck.csv,deck.csv,.csv,245,"[""deck""]",1
D:\02_AI_and_Data\Kaggle-AI-Agents\PTCG_AI_Battle_Challenge\data\raw\kaggle_sample_submission\deck.csv,deck.csv,.csv,245,"[""deck""]",1
D:\02_AI_and_Data\Kaggle-AI-Agents\PTCG_AI_Battle_Challenge\reports\notebook53\section6\section6d_battle_runner_history.csv,section6d_battle_runner_history.csv,.csv,242,"[""battle""]",1
D:\02_AI_and_Data\Kaggle-AI-Agents\PTCG_AI_Battle_Challenge\reports\notebook52\section4\analysis\section4b_card_summary.csv,section4b_card_summary.csv,.csv,219,"[""card""]",1
D:\02_AI_and_Data\Kaggle-AI-Agents\PTCG_AI_Battle_Challenge\reports\notebook54\section2\section2b_selected_move_profile.csv,section2b_selected_move_profile.csv,.csv,218,"[""move""]",1
D:\02_AI_and_Data\Kaggle-AI-Agents\PTCG_AI_Battle_Challenge\reports\notebook53\section4\section4b_legality_aware_active_card_summary.csv,section4b_legality_aware_active_card_summary.csv,.csv,215,"[""card""]",1
D:\02_AI_and_Data\Kaggle-AI-Agents\PTCG_AI_Battle_Challenge\reports\notebook53\section3\section3b_active_card_action_map.csv,section3b_active_card_action_map.csv,.csv,212,"[""card""]",1
D:\02_AI_and_Data\Kaggle-AI-Agents\PTCG_AI_Battle_Challenge\reports\notebook54\section2\section2a_multi_action_move_choice_profile.csv,section2a_multi_action_move_choice_profile.csv,.csv,179,"[""move""]",1
D:\02_AI_and_Data\Kaggle-AI-Agents\PTCG_AI_Battle_Challenge\reports\notebook54\section2\section2a_opportunities_by_active_card.csv,section2a_opportunities_by_active_card.csv,.csv,172,"[""card""]",1
D:\02_AI_and_Data\Kaggle-AI-Agents\PTCG_AI_Battle_Challenge\reports\notebook53\section2\section2b_active_card_prediction_bias_matrix.csv,section2b_active_card_prediction_bias_matrix.csv,.csv,127,"[""card""]",1
D:\02_AI_and_Data\Kaggle-AI-Agents\PTCG_AI_Battle_Challenge\reports\notebook54\section3\section3b_recognized_move_keys.csv,section3b_recognized_move_keys.csv,.csv,111,"[""move""]",1
D:\02_AI_and_Data\Kaggle-AI-Agents\PTCG_AI_Battle_Challenge\reports\notebook54\section4\section4d_card_version_profile.csv,section4d_card_version_profile.csv,.csv,103,"[""card""]",1
D:\02_AI_and_Data\Kaggle-AI-Agents\PTCG_AI_Battle_Challenge\reports\notebook54\section4\section4e_tournament_card_image_summary.csv,section4e_tournament_card_image_summary.csv,.csv,97,"[""card""]",1
D:\02_AI_and_Data\Kaggle-AI-Agents\PTCG_AI_Battle_Challenge\reports\notebook29\move_frequency.csv,move_frequency.csv,.csv,96,"[""move""]",1
D:\02_AI_and_Data\Kaggle-AI-Agents\PTCG_AI_Battle_Challenge\reports\notebook54\section4\section4e_card_image_inventory.csv,section4e_card_image_inventory.csv,.csv,78,"[""card""]",1
D:\02_AI_and_Data\Kaggle-AI-Agents\PTCG_AI_Battle_Challenge\reports\notebook32\notebook32_move_counts.csv,notebook32_move_counts.csv,.csv,53,"[""move""]",1
D:\02_AI_and_Data\Kaggle-AI-Agents\PTCG_AI_Battle_Challenge\reports\notebook54\section4\section4d_exact_tournament_card_records.csv,section4d_exact_tournament_card_records.csv,.csv,2,"[""card""]",1
D:\02_AI_and_Data\Kaggle-AI-Agents\PTCG_AI_Battle_Challenge\reports\notebook54\section4\section4f_card_dictionary_candidates.csv,section4f_card_dictionary_candidates.csv,.csv,2,"[""card""]",1
D:\02_AI_and_Data\Kaggle-AI-Agents\PTCG_AI_Battle_Challenge\reports\notebook54\section4\section4l_actionable_annotations.csv,section4l_actionable_annotations.csv,.csv,50105583,[],0
D:\02_AI_and_Data\Kaggle-AI-Agents\PTCG_AI_Battle_Challenge\reports\notebook54\section4\section4l_annotation_structure.csv,section4l_annotation_structure.csv,.csv,50105583,[],0
D:\02_AI_and_Data\Kaggle-AI-Agents\PTCG_AI_Battle_Challenge\reports\notebook54\section4\section4m_annotation_destinations.csv,section4m_annotation_destinations.csv,.csv,25031836,[],0
D:\02_AI_and_Data\Kaggle-AI-Agents\PTCG_AI_Battle_Challenge\reports\notebook49\section8\batch_search\section8b_search_labels.jsonl,section8b_search_labels.jsonl,.jsonl,6759407,[],0
D:\02_AI_and_Data\Kaggle-AI-Agents\PTCG_AI_Battle_Challenge\reports\notebook49\section8\policy_dataset\section8c_expert_policy_dataset.jsonl,section8c_expert_policy_dataset.jsonl,.jsonl,3446138,[],0
D:\02_AI_and_Data\Kaggle-AI-Agents\PTCG_AI_Battle_Challenge\reports\notebook53\section4\section4b_legality_aware_full_dataset.csv,section4b_legality_aware_full_dataset.csv,.csv,2906540,[],0
D:\02_AI_and_Data\Kaggle-AI-Agents\PTCG_AI_Battle_Challenge\reports\notebook49\section8\policy_dataset\section8c_expert_policy_dataset.csv,section8c_expert_policy_dataset.csv,.csv,2668658,[],0
D:\02_AI_and_Data\Kaggle-AI-Agents\PTCG_AI_Battle_Challenge\reports\notebook49\section8\batch_search\section8b_search_labels.csv,section8b_search_labels.csv,.csv,2639280,[],0
D:\02_AI_and_Data\Kaggle-AI-Agents\PTCG_AI_Battle_Challenge\reports\notebook50\section2\dataset_splits\section2a_train_dataset.csv,section2a_train_dataset.csv,.csv,1616042,[],0
D:\02_AI_and_Data\Kaggle-AI-Agents\PTCG_AI_Battle_Challenge\reports\notebook32\notebook32_mixed_benchmark.csv,notebook32_mixed_benchmark.csv,.csv,1204611,[],0
D:\02_AI_and_Data\Kaggle-AI-Agents\PTCG_AI_Battle_Challenge\data\competitive\actor_relative_search_expert_dataset.jsonl,actor_relative_search_expert_dataset.jsonl,.jsonl,899150,[],0
D:\02_AI_and_Data\Kaggle-AI-Agents\PTCG_AI_Battle_Challenge\data\competitive\real_search_expert_dataset.jsonl,real_search_expert_dataset.jsonl,.jsonl,766969,[],0
D:\02_AI_and_Data\Kaggle-AI-Agents\PTCG_AI_Battle_Challenge\reports\notebook50\section3\feature_engineering\section3a_full_feature_dataset.csv,section3a_full_feature_dataset.csv,.csv,580152,[],0
D:\02_AI_and_Data\Kaggle-AI-Agents\PTCG_AI_Battle_Challenge\reports\notebook50\section3\feature_engineering\section3a_train_feature_dataset.csv,section3a_train_feature_dataset.csv,.csv,405180,[],0
D:\02_AI_and_Data\Kaggle-AI-Agents\PTCG_AI_Battle_Challenge\reports\notebook49\section7\section7c_state_variant_manifest.csv,section7c_state_variant_manifest.csv,.csv,386516,[],0
D:\02_AI_and_Data\Kaggle-AI-Agents\PTCG_AI_Battle_Challenge\reports\notebook34\policy_dataset_bootstrap.csv,policy_dataset_bootstrap.csv,.csv,363286,[],0
D:\02_AI_and_Data\Kaggle-AI-Agents\PTCG_AI_Battle_Challenge\reports\notebook53\section6\section6a_train_predictions.csv,section6a_train_predictions.csv,.csv,351531,[],0
D:\02_AI_and_Data\Kaggle-AI-Agents\PTCG_AI_Battle_Challenge\reports\notebook50\section2\dataset_splits\section2a_validation_dataset.csv,section2a_validation_dataset.csv,.csv,350175,[],0
D:\02_AI_and_Data\Kaggle-AI-Agents\PTCG_AI_Battle_Challenge\reports\notebook50\section2\dataset_splits\section2a_test_dataset.csv,section2a_test_dataset.csv,.csv,349616,[],0
D:\02_AI_and_Data\Kaggle-AI-Agents\PTCG_AI_Battle_Challenge\submission\final_agent\models\ppo_training_loop.pkl,ppo_training_loop.pkl,.pkl,232534,[],0
D:\02_AI_and_Data\Kaggle-AI-Agents\PTCG_AI_Battle_Challenge\reports\notebook42\ppo_training_loop.pkl,ppo_training_loop.pkl,.pkl,232534,[],0
D:\02_AI_and_Data\Kaggle-AI-Agents\PTCG_AI_Battle_Challenge\reports\notebook41\ppo_training_engine.pkl,ppo_training_engine.pkl,.pkl,232341,[],0
D:\02_AI_and_Data\Kaggle-AI-Agents\PTCG_AI_Battle_Challenge\reports\notebook53\section4\section4b_legality_aware_training_features.csv,section4b_legality_aware_training_features.csv,.csv,227116,[],0
D:\02_AI_and_Data\Kaggle-AI-Agents\PTCG_AI_Battle_Challenge\reports\notebook53\section5\section5b_train_encoded_features.csv,section5b_train_encoded_features.csv,.csv,221508,[],0
D:\02_AI_and_Data\Kaggle-AI-Agents\PTCG_AI_Battle_Challenge\reports\notebook54\section3\section3b_structured_schema_discovery.csv,section3b_structured_schema_discovery.csv,.csv,185396,[],0
D:\02_AI_and_Data\Kaggle-AI-Agents\PTCG_AI_Battle_Challenge\reports\notebook53\section5\section5a_train_features.csv,section5a_train_features.csv,.csv,180104,[],0
D:\02_AI_and_Data\Kaggle-AI-Agents\PTCG_AI_Battle_Challenge\reports\notebook54\section3\section3b_structured_file_inventory.csv,section3b_structured_file_inventory.csv,.csv,121052,[],0
D:\02_AI_and_Data\Kaggle-AI-Agents\PTCG_AI_Battle_Challenge\reports\notebook53\section3\section3a_legality_aware_routing_analysis.csv,section3a_legality_aware_routing_analysis.csv,.csv,108978,[],0
D:\02_AI_and_Data\Kaggle-AI-Agents\PTCG_AI_Battle_Challenge\reports\notebook49\section8\batch_search\checkpoints\section8b_search_progress.csv,section8b_search_progress.csv,.csv,98829,[],0
D:\02_AI_and_Data\Kaggle-AI-Agents\PTCG_AI_Battle_Challenge\reports\notebook50\section3\feature_engineering\section3a_validation_feature_dataset.csv,section3a_validation_feature_dataset.csv,.csv,88777,[],0
D:\02_AI_and_Data\Kaggle-AI-Agents\PTCG_AI_Battle_Challenge\reports\notebook50\section3\feature_engineering\section3a_test_feature_dataset.csv,section3a_test_feature_dataset.csv,.csv,88243,[],0
D:\02_AI_and_Data\Kaggle-AI-Agents\PTCG_AI_Battle_Challenge\reports\notebook53\section2\section2b_root_cause_decision_data.csv,section2b_root_cause_decision_data.csv,.csv,85345,[],0
D:\02_AI_and_Data\Kaggle-AI-Agents\PTCG_AI_Battle_Challenge\reports\notebook28\self_play_dataset.csv,self_play_dataset.csv,.csv,79986,[],0
D:\02_AI_and_Data\Kaggle-AI-Agents\PTCG_AI_Battle_Challenge\reports\notebook50\section2\dataset_splits\section2a_row_split_assignments.csv,section2a_row_split_assignments.csv,.csv,75889,[],0
D:\02_AI_and_Data\Kaggle-AI-Agents\PTCG_AI_Battle_Challenge\reports\notebook53\section2\section2a_masking_decision_analysis.csv,section2a_masking_decision_analysis.csv,.csv,70918,[],0
D:\02_AI_and_Data\Kaggle-AI-Agents\PTCG_AI_Battle_Challenge\reports\notebook54\section4\section4s_repaired_energy_decision_data.csv,section4s_repaired_energy_decision_data.csv,.csv,64904,[],0
D:\02_AI_and_Data\Kaggle-AI-Agents\PTCG_AI_Battle_Challenge\data\competitive\expert_replay_dataset.parquet,expert_replay_dataset.parquet,.parquet,64508,[],0
D:\02_AI_and_Data\Kaggle-AI-Agents\PTCG_AI_Battle_Challenge\reports\notebook54\section4\section4r_verified_action_decision_data.csv,section4r_verified_action_decision_data.csv,.csv,63170,[],0
D:\02_AI_and_Data\Kaggle-AI-Agents\PTCG_AI_Battle_Challenge\reports\notebook53\section5\section5a_group_safe_split_assignments.csv,section5a_group_safe_split_assignments.csv,.csv,61803,[],0
D:\02_AI_and_Data\Kaggle-AI-Agents\PTCG_AI_Battle_Challenge\reports\notebook53\section6\section6e_tournament_replay_transcripts.csv,section6e_tournament_replay_transcripts.csv,.csv,60564,[],0
D:\02_AI_and_Data\Kaggle-AI-Agents\PTCG_AI_Battle_Challenge\data\competitive\actor_relative_search_expert_dataset.parquet,actor_relative_search_expert_dataset.parquet,.parquet,55285,[],0
D:\02_AI_and_Data\Kaggle-AI-Agents\PTCG_AI_Battle_Challenge\reports\notebook54\section2\section2a_decision_opportunity_analysis.csv,section2a_decision_opportunity_analysis.csv,.csv,52673,[],0
D:\02_AI_and_Data\Kaggle-AI-Agents\PTCG_AI_Battle_Challenge\data\tournaments\competitive_policy_baseline_tournament.csv,competitive_policy_baseline_tournament.csv,.csv,50887,[],0
D:\02_AI_and_Data\Kaggle-AI-Agents\PTCG_AI_Battle_Challenge\reports\notebook28\training_examples.pkl,training_examples.pkl,.pkl,50089,[],0
D:\02_AI_and_Data\Kaggle-AI-Agents\PTCG_AI_Battle_Challenge\reports\notebook53\section2\section2a_illegal_raw_predictions.csv,section2a_illegal_raw_predictions.csv,.csv,49045,[],0
D:\02_AI_and_Data\Kaggle-AI-Agents\PTCG_AI_Battle_Challenge\reports\notebook53\section2\section2a_masked_decisions.csv,section2a_masked_decisions.csv,.csv,49045,[],0
D:\02_AI_and_Data\Kaggle-AI-Agents\PTCG_AI_Battle_Challenge\data\competitive\real_search_expert_dataset.parquet,real_search_expert_dataset.parquet,.parquet,48301,[],0
D:\02_AI_and_Data\Kaggle-AI-Agents\PTCG_AI_Battle_Challenge\reports\notebook53\section6\section6a_validation_predictions.csv,section6a_validation_predictions.csv,.csv,46944,[],0
D:\02_AI_and_Data\Kaggle-AI-Agents\PTCG_AI_Battle_Challenge\reports\notebook53\section6\section6a_test_predictions.csv,section6a_test_predictions.csv,.csv,45967,[],0
D:\02_AI_and_Data\Kaggle-AI-Agents\PTCG_AI_Battle_Challenge\reports\notebook49\section7\scenario_traces\state_variants\NB48_LOSS_128.jsonl,NB48_LOSS_128.jsonl,.jsonl,44740,[],0
D:\02_AI_and_Data\Kaggle-AI-Agents\PTCG_AI_Battle_Challenge\reports\notebook49\section7\scenario_traces\state_variants\NB48_LOSS_164.jsonl,NB48_LOSS_164.jsonl,.jsonl,44740,[],0
D:\02_AI_and_Data\Kaggle-AI-Agents\PTCG_AI_Battle_Challenge\reports\notebook49\section7\scenario_traces\state_variants\NB48_LOSS_176.jsonl,NB48_LOSS_176.jsonl,.jsonl,44739,[],0
D:\02_AI_and_Data\Kaggle-AI-Agents\PTCG_AI_Battle_Challenge\reports\notebook49\section7\scenario_traces\state_variants\NB48_LOSS_104.jsonl,NB48_LOSS_104.jsonl,.jsonl,44738,[],0
D:\02_AI_and_Data\Kaggle-AI-Agents\PTCG_AI_Battle_Challenge\reports\notebook49\section7\scenario_traces\state_variants\NB48_LOSS_140.jsonl,NB48_LOSS_140.jsonl,.jsonl,44738,[],0
D:\02_AI_and_Data\Kaggle-AI-Agents\PTCG_AI_Battle_Challenge\reports\notebook49\section7\scenario_traces\state_variants\NB48_LOSS_152.jsonl,NB48_LOSS_152.jsonl,.jsonl,44737,[],0
D:\02_AI_and_Data\Kaggle-AI-Agents\PTCG_AI_Battle_Challenge\reports\notebook49\section7\scenario_traces\state_variants\NB48_LOSS_188.jsonl,NB48_LOSS_188.jsonl,.jsonl,44736,[],0
D:\02_AI_and_Data\Kaggle-AI-Agents\PTCG_AI_Battle_Challenge\reports\notebook49\section7\scenario_traces\state_variants\NB48_LOSS_200.jsonl,NB48_LOSS_200.jsonl,.jsonl,44736,[],0
D:\02_AI_and_Data\Kaggle-AI-Agents\PTCG_AI_Battle_Challenge\reports\notebook49\section7\scenario_traces\state_variants\NB48_LOSS_116.jsonl,NB48_LOSS_116.jsonl,.jsonl,44734,[],0
D:\02_AI_and_Data\Kaggle-AI-Agents\PTCG_AI_Battle_Challenge\reports\notebook49\section7\scenario_traces\state_variants\NB48_LOSS_100.jsonl,NB48_LOSS_100.jsonl,.jsonl,44679,[],0
D:\02_AI_and_Data\Kaggle-AI-Agents\PTCG_AI_Battle_Challenge\reports\notebook49\section7\scenario_traces\state_variants\NB48_LOSS_88.jsonl,NB48_LOSS_88.jsonl,.jsonl,44640,[],0
D:\02_AI_and_Data\Kaggle-AI-Agents\PTCG_AI_Battle_Challenge\reports\notebook49\section7\scenario_traces\state_variants\NB48_LOSS_52.jsonl,NB48_LOSS_52.jsonl,.jsonl,44639,[],0
D:\02_AI_and_Data\Kaggle-AI-Agents\PTCG_AI_Battle_Challenge\reports\notebook49\section7\scenario_traces\state_variants\NB48_LOSS_76.jsonl,NB48_LOSS_76.jsonl,.jsonl,44639,[],0
D:\02_AI_and_Data\Kaggle-AI-Agents\PTCG_AI_Battle_Challenge\reports\notebook49\section7\scenario_traces\state_variants\NB48_LOSS_40.jsonl,NB48_LOSS_40.jsonl,.jsonl,44635,[],0
D:\02_AI_and_Data\Kaggle-AI-Agents\PTCG_AI_Battle_Challenge\reports\notebook49\section7\scenario_traces\state_variants\NB48_LOSS_264.jsonl,NB48_LOSS_264.jsonl,.jsonl,44610,[],0
D:\02_AI_and_Data\Kaggle-AI-Agents\PTCG_AI_Battle_Challenge\reports\notebook49\section7\scenario_traces\state_variants\NB48_LOSS_216.jsonl,NB48_LOSS_216.jsonl,.jsonl,44609,[],0
D:\02_AI_and_Data\Kaggle-AI-Agents\PTCG_AI_Battle_Challenge\reports\notebook49\section7\scenario_traces\state_variants\NB48_LOSS_300.jsonl,NB48_LOSS_300.jsonl,.jsonl,44609,[],0
D:\02_AI_and_Data\Kaggle-AI-Agents\PTCG_AI_Battle_Challenge\reports\notebook49\section7\scenario_traces\state_variants\NB48_LOSS_240.jsonl,NB48_LOSS_240.jsonl,.jsonl,44608,[],0
D:\02_AI_and_Data\Kaggle-AI-Agents\PTCG_AI_Battle_Challenge\reports\notebook49\section7\scenario_traces\state_variants\NB48_LOSS_252.jsonl,NB48_LOSS_252.jsonl,.jsonl,44608,[],0
D:\02_AI_and_Data\Kaggle-AI-Agents\PTCG_AI_Battle_Challenge\reports\notebook49\section7\scenario_traces\state_variants\NB48_LOSS_288.jsonl,NB48_LOSS_288.jsonl,.jsonl,44608,[],0
D:\02_AI_and_Data\Kaggle-AI-Agents\PTCG_AI_Battle_Challenge\reports\notebook49\section7\scenario_traces\state_variants\NB48_LOSS_276.jsonl,NB48_LOSS_276.jsonl,.jsonl,44606,[],0
D:\02_AI_and_Data\Kaggle-AI-Agents\PTCG_AI_Battle_Challenge\reports\notebook49\section7\scenario_traces\state_variants\NB48_LOSS_228.jsonl,NB48_LOSS_228.jsonl,.jsonl,44605,[],0
D:\02_AI_and_Data\Kaggle-AI-Agents\PTCG_AI_Battle_Challenge\reports\notebook49\section7\scenario_traces\state_variants\NB48_LOSS_110.jsonl,NB48_LOSS_110.jsonl,.jsonl,44599,[],0
D:\02_AI_and_Data\Kaggle-AI-Agents\PTCG_AI_Battle_Challenge\reports\notebook49\section7\scenario_traces\state_variants\NB48_LOSS_122.jsonl,NB48_LOSS_122.jsonl,.jsonl,44599,[],0
D:\02_AI_and_Data\Kaggle-AI-Agents\PTCG_AI_Battle_Challenge\reports\notebook49\section7\scenario_traces\state_variants\NB48_LOSS_146.jsonl,NB48_LOSS_146.jsonl,.jsonl,44599,[],0
D:\02_AI_and_Data\Kaggle-AI-Agents\PTCG_AI_Battle_Challenge\reports\notebook49\section7\scenario_traces\state_variants\NB48_LOSS_158.jsonl,NB48_LOSS_158.jsonl,.jsonl,44599,[],0
D:\02_AI_and_Data\Kaggle-AI-Agents\PTCG_AI_Battle_Challenge\reports\notebook49\section7\scenario_traces\state_variants\NB48_LOSS_170.jsonl,NB48_LOSS_170.jsonl,.jsonl,44599,[],0
D:\02_AI_and_Data\Kaggle-AI-Agents\PTCG_AI_Battle_Challenge\reports\notebook49\section7\scenario_traces\state_variants\NB48_LOSS_194.jsonl,NB48_LOSS_194.jsonl,.jsonl,44599,[],0
D:\02_AI_and_Data\Kaggle-AI-Agents\PTCG_AI_Battle_Challenge\reports\notebook49\section7\scenario_traces\state_variants\NB48_LOSS_182.jsonl,NB48_LOSS_182.jsonl,.jsonl,44598,[],0
D:\02_AI_and_Data\Kaggle-AI-Agents\PTCG_AI_Battle_Challenge\reports\notebook49\section7\scenario_traces\state_variants\NB48_LOSS_4.jsonl,NB48_LOSS_4.jsonl,.jsonl,44596,[],0
D:\02_AI_and_Data\Kaggle-AI-Agents\PTCG_AI_Battle_Challenge\reports\notebook49\section7\scenario_traces\state_variants\NB48_LOSS_134.jsonl,NB48_LOSS_134.jsonl,.jsonl,44594,[],0
D:\02_AI_and_Data\Kaggle-AI-Agents\PTCG_AI_Battle_Challenge\reports\notebook49\section7\scenario_traces\state_variants\NB48_LOSS_258.jsonl,NB48_LOSS_258.jsonl,.jsonl,44590,[],0
D:\02_AI_and_Data\Kaggle-AI-Agents\PTCG_AI_Battle_Challenge\reports\notebook49\section7\scenario_traces\state_variants\NB48_LOSS_210.jsonl,NB48_LOSS_210.jsonl,.jsonl,44589,[],0
D:\02_AI_and_Data\Kaggle-AI-Agents\PTCG_AI_Battle_Challenge\reports\notebook49\section7\scenario_traces\state_variants\NB48_LOSS_222.jsonl,NB48_LOSS_222.jsonl,.jsonl,44588,[],0
D:\02_AI_and_Data\Kaggle-AI-Agents\PTCG_AI_Battle_Challenge\reports\notebook49\section7\scenario_traces\state_variants\NB48_LOSS_234.jsonl,NB48_LOSS_234.jsonl,.jsonl,44588,[],0
D:\02_AI_and_Data\Kaggle-AI-Agents\PTCG_AI_Battle_Challenge\reports\notebook49\section7\scenario_traces\state_variants\NB48_LOSS_246.jsonl,NB48_LOSS_246.jsonl,.jsonl,44588,[],0
D:\02_AI_and_Data\Kaggle-AI-Agents\PTCG_AI_Battle_Challenge\reports\notebook49\section7\scenario_traces\state_variants\NB48_LOSS_270.jsonl,NB48_LOSS_270.jsonl,.jsonl,44588,[],0
D:\02_AI_and_Data\Kaggle-AI-Agents\PTCG_AI_Battle_Challenge\reports\notebook49\section7\scenario_traces\state_variants\NB48_LOSS_282.jsonl,NB48_LOSS_282.jsonl,.jsonl,44588,[],0
D:\02_AI_and_Data\Kaggle-AI-Agents\PTCG_AI_Battle_Challenge\reports\notebook49\section7\scenario_traces\state_variants\NB48_LOSS_294.jsonl,NB48_LOSS_294.jsonl,.jsonl,44587,[],0
D:\02_AI_and_Data\Kaggle-AI-Agents\PTCG_AI_Battle_Challenge\reports\notebook49\section7\scenario_traces\state_variants\NB48_LOSS_204.jsonl,NB48_LOSS_204.jsonl,.jsonl,44586,[],0
D:\02_AI_and_Data\Kaggle-AI-Agents\PTCG_AI_Battle_Challenge\reports\notebook49\section7\scenario_traces\state_variants\NB48_LOSS_10.jsonl,NB48_LOSS_10.jsonl,.jsonl,44490,[],0
D:\02_AI_and_Data\Kaggle-AI-Agents\PTCG_AI_Battle_Challenge\reports\notebook49\section7\scenario_traces\state_variants\NB48_LOSS_34.jsonl,NB48_LOSS_34.jsonl,.jsonl,44490,[],0
D:\02_AI_and_Data\Kaggle-AI-Agents\PTCG_AI_Battle_Challenge\reports\notebook49\section7\scenario_traces\state_variants\NB48_LOSS_22.jsonl,NB48_LOSS_22.jsonl,.jsonl,44489,[],0
D:\02_AI_and_Data\Kaggle-AI-Agents\PTCG_AI_Battle_Challenge\reports\notebook49\section7\scenario_traces\state_variants\NB48_LOSS_226.jsonl,NB48_LOSS_226.jsonl,.jsonl,44489,[],0
D:\02_AI_and_Data\Kaggle-AI-Agents\PTCG_AI_Battle_Challenge\reports\notebook49\section7\scenario_traces\state_variants\NB48_LOSS_274.jsonl,NB48_LOSS_274.jsonl,.jsonl,44489,[],0
D:\02_AI_and_Data\Kaggle-AI-Agents\PTCG_AI_Battle_Challenge\reports\notebook49\section7\scenario_traces\state_variants\NB48_LOSS_46.jsonl,NB48_LOSS_46.jsonl,.jsonl,44489,[],0
D:\02_AI_and_Data\Kaggle-AI-Agents\PTCG_AI_Battle_Challenge\reports\notebook49\section7\scenario_traces\state_variants\NB48_LOSS_94.jsonl,NB48_LOSS_94.jsonl,.jsonl,44489,[],0
D:\02_AI_and_Data\Kaggle-AI-Agents\PTCG_AI_Battle_Challenge\reports\notebook49\section7\scenario_traces\state_variants\NB48_LOSS_238.jsonl,NB48_LOSS_238.jsonl,.jsonl,44488,[],0
D:\02_AI_and_Data\Kaggle-AI-Agents\PTCG_AI_Battle_Challenge\reports\notebook49\section7\scenario_traces\state_variants\NB48_LOSS_286.jsonl,NB48_LOSS_286.jsonl,.jsonl,44488,[],0
D:\02_AI_and_Data\Kaggle-AI-Agents\PTCG_AI_Battle_Challenge\reports\notebook49\section7\scenario_traces\state_variants\NB48_LOSS_214.jsonl,NB48_LOSS_214.jsonl,.jsonl,44487,[],0
D:\02_AI_and_Data\Kaggle-AI-Agents\PTCG_AI_Battle_Challenge\reports\notebook49\section7\scenario_traces\state_variants\NB48_LOSS_250.jsonl,NB48_LOSS_250.jsonl,.jsonl,44487,[],0
D:\02_AI_and_Data\Kaggle-AI-Agents\PTCG_AI_Battle_Challenge\reports\notebook49\section7\scenario_traces\state_variants\NB48_LOSS_298.jsonl,NB48_LOSS_298.jsonl,.jsonl,44487,[],0
D:\02_AI_and_Data\Kaggle-AI-Agents\PTCG_AI_Battle_Challenge\reports\notebook49\section7\scenario_traces\state_variants\NB48_LOSS_262.jsonl,NB48_LOSS_262.jsonl,.jsonl,44486,[],0
D:\02_AI_and_Data\Kaggle-AI-Agents\PTCG_AI_Battle_Challenge\reports\notebook49\section7\scenario_traces\state_variants\NB48_LOSS_82.jsonl,NB48_LOSS_82.jsonl,.jsonl,44486,[],0
D:\02_AI_and_Data\Kaggle-AI-Agents\PTCG_AI_Battle_Challenge\reports\notebook49\section7\scenario_traces\state_variants\NB48_LOSS_202.jsonl,NB48_LOSS_202.jsonl,.jsonl,44485,[],0
D:\02_AI_and_Data\Kaggle-AI-Agents\PTCG_AI_Battle_Challenge\reports\notebook49\section7\scenario_traces\state_variants\NB48_LOSS_70.jsonl,NB48_LOSS_70.jsonl,.jsonl,44485,[],0
D:\02_AI_and_Data\Kaggle-AI-Agents\PTCG_AI_Battle_Challenge\reports\notebook49\section7\scenario_traces\state_variants\NB48_LOSS_126.jsonl,NB48_LOSS_126.jsonl,.jsonl,44480,[],0
D:\02_AI_and_Data\Kaggle-AI-Agents\PTCG_AI_Battle_Challenge\reports\notebook49\section7\scenario_traces\state_variants\NB48_LOSS_198.jsonl,NB48_LOSS_198.jsonl,.jsonl,44479,[],0
D:\02_AI_and_Data\Kaggle-AI-Agents\PTCG_AI_Battle_Challenge\reports\notebook49\section7\scenario_traces\state_variants\NB48_LOSS_102.jsonl,NB48_LOSS_102.jsonl,.jsonl,44478,[],0
D:\02_AI_and_Data\Kaggle-AI-Agents\PTCG_AI_Battle_Challenge\reports\notebook49\section7\scenario_traces\state_variants\NB48_LOSS_114.jsonl,NB48_LOSS_114.jsonl,.jsonl,44478,[],0
D:\02_AI_and_Data\Kaggle-AI-Agents\PTCG_AI_Battle_Challenge\reports\notebook49\section7\scenario_traces\state_variants\NB48_LOSS_150.jsonl,NB48_LOSS_150.jsonl,.jsonl,44478,[],0
D:\02_AI_and_Data\Kaggle-AI-Agents\PTCG_AI_Battle_Challenge\reports\notebook49\section7\scenario_traces\state_variants\NB48_LOSS_186.jsonl,NB48_LOSS_186.jsonl,.jsonl,44478,[],0
D:\02_AI_and_Data\Kaggle-AI-Agents\PTCG_AI_Battle_Challenge\reports\notebook49\section7\scenario_traces\state_variants\NB48_LOSS_138.jsonl,NB48_LOSS_138.jsonl,.jsonl,44477,[],0
D:\02_AI_and_Data\Kaggle-AI-Agents\PTCG_AI_Battle_Challenge\reports\notebook49\section7\scenario_traces\state_variants\NB48_LOSS_162.jsonl,NB48_LOSS_162.jsonl,.jsonl,44475,[],0
D:\02_AI_and_Data\Kaggle-AI-Agents\PTCG_AI_Battle_Challenge\reports\notebook49\section7\scenario_traces\state_variants\NB48_LOSS_174.jsonl,NB48_LOSS_174.jsonl,.jsonl,44475,[],0
D:\02_AI_and_Data\Kaggle-AI-Agents\PTCG_AI_Battle_Challenge\reports\notebook49\section7\scenario_traces\state_variants\NB48_LOSS_195.jsonl,NB48_LOSS_195.jsonl,.jsonl,44429,[],0
D:\02_AI_and_Data\Kaggle-AI-Agents\PTCG_AI_Battle_Challenge\reports\notebook49\section7\scenario_traces\state_variants\NB48_LOSS_171.jsonl,NB48_LOSS_171.jsonl,.jsonl,44428,[],0
D:\02_AI_and_Data\Kaggle-AI-Agents\PTCG_AI_Battle_Challenge\reports\notebook49\section7\scenario_traces\state_variants\NB48_LOSS_183.jsonl,NB48_LOSS_183.jsonl,.jsonl,44428,[],0
D:\02_AI_and_Data\Kaggle-AI-Agents\PTCG_AI_Battle_Challenge\reports\notebook49\section7\scenario_traces\state_variants\NB48_LOSS_211.jsonl,NB48_LOSS_211.jsonl,.jsonl,44419,[],0
D:\02_AI_and_Data\Kaggle-AI-Agents\PTCG_AI_Battle_Challenge\reports\notebook49\section7\scenario_traces\state_variants\NB48_LOSS_223.jsonl,NB48_LOSS_223.jsonl,.jsonl,44419,[],0
D:\02_AI_and_Data\Kaggle-AI-Agents\PTCG_AI_Battle_Challenge\reports\notebook49\section7\scenario_traces\state_variants\NB48_LOSS_259.jsonl,NB48_LOSS_259.jsonl,.jsonl,44419,[],0
D:\02_AI_and_Data\Kaggle-AI-Agents\PTCG_AI_Battle_Challenge\reports\notebook49\section7\scenario_traces\state_variants\NB48_LOSS_235.jsonl,NB48_LOSS_235.jsonl,.jsonl,44418,[],0
D:\02_AI_and_Data\Kaggle-AI-Agents\PTCG_AI_Battle_Challenge\reports\notebook49\section7\scenario_traces\state_variants\NB48_LOSS_283.jsonl,NB48_LOSS_283.jsonl,.jsonl,44418,[],0
D:\02_AI_and_Data\Kaggle-AI-Agents\PTCG_AI_Battle_Challenge\reports\notebook49\section7\scenario_traces\state_variants\NB48_LOSS_271.jsonl,NB48_LOSS_271.jsonl,.jsonl,44417,[],0
D:\02_AI_and_Data\Kaggle-AI-Agents\PTCG_AI_Battle_Challenge\reports\notebook49\section7\scenario_traces\state_variants\NB48_LOSS_247.jsonl,NB48_LOSS_247.jsonl,.jsonl,44415,[],0
D:\02_AI_and_Data\Kaggle-AI-Agents\PTCG_AI_Battle_Challenge\reports\notebook49\section7\scenario_traces\state_variants\NB48_LOSS_295.jsonl,NB48_LOSS_295.jsonl,.jsonl,44415,[],0
D:\02_AI_and_Data\Kaggle-AI-Agents\PTCG_AI_Battle_Challenge\reports\notebook49\section7\scenario_traces\state_variants\NB48_LOSS_123.jsonl,NB48_LOSS_123.jsonl,.jsonl,44410,[],0
D:\02_AI_and_Data\Kaggle-AI-Agents\PTCG_AI_Battle_Challenge\reports\notebook49\section7\scenario_traces\state_variants\NB48_LOSS_147.jsonl,NB48_LOSS_147.jsonl,.jsonl,44408,[],0
D:\02_AI_and_Data\Kaggle-AI-Agents\PTCG_AI_Battle_Challenge\reports\notebook49\section7\scenario_traces\state_variants\NB48_LOSS_111.jsonl,NB48_LOSS_111.jsonl,.jsonl,44407,[],0
D:\02_AI_and_Data\Kaggle-AI-Agents\PTCG_AI_Battle_Challenge\reports\notebook49\section7\scenario_traces\state_variants\NB48_LOSS_135.jsonl,NB48_LOSS_135.jsonl,.jsonl,44407,[],0
D:\02_AI_and_Data\Kaggle-AI-Agents\PTCG_AI_Battle_Challenge\reports\notebook49\section7\scenario_traces\state_variants\NB48_LOSS_159.jsonl,NB48_LOSS_159.jsonl,.jsonl,44403,[],0
D:\02_AI_and_Data\Kaggle-AI-Agents\PTCG_AI_Battle_Challenge\reports\notebook49\section7\scenario_traces\state_variants\NB48_LOSS_74.jsonl,NB48_LOSS_74.jsonl,.jsonl,44367,[],0
D:\02_AI_and_Data\Kaggle-AI-Agents\PTCG_AI_Battle_Challenge\reports\notebook53\section6\section6b_notebook52_benchmark_features.csv,section6b_notebook52_benchmark_features.csv,.csv,44347,[],0
D:\02_AI_and_Data\Kaggle-AI-Agents\PTCG_AI_Battle_Challenge\reports\notebook49\section7\scenario_traces\state_variants\NB48_LOSS_2.jsonl,NB48_LOSS_2.jsonl,.jsonl,44328,[],0
D:\02_AI_and_Data\Kaggle-AI-Agents\PTCG_AI_Battle_Challenge\reports\notebook49\section7\scenario_traces\state_variants\NB48_LOSS_71.jsonl,NB48_LOSS_71.jsonl,.jsonl,44318,[],0
D:\02_AI_and_Data\Kaggle-AI-Agents\PTCG_AI_Battle_Challenge\reports\notebook49\section7\scenario_traces\state_variants\NB48_LOSS_83.jsonl,NB48_LOSS_83.jsonl,.jsonl,44316,[],0
D:\02_AI_and_Data\Kaggle-AI-Agents\PTCG_AI_Battle_Challenge\reports\notebook49\section7\scenario_traces\state_variants\NB48_LOSS_11.jsonl,NB48_LOSS_11.jsonl,.jsonl,44315,[],0
D:\02_AI_and_Data\Kaggle-AI-Agents\PTCG_AI_Battle_Challenge\reports\notebook49\section7\scenario_traces\state_variants\NB48_LOSS_59.jsonl,NB48_LOSS_59.jsonl,.jsonl,44314,[],0
D:\02_AI_and_Data\Kaggle-AI-Agents\PTCG_AI_Battle_Challenge\reports\notebook49\section7\scenario_traces\state_variants\NB48_LOSS_254.jsonl,NB48_LOSS_254.jsonl,.jsonl,44168,[],0
D:\02_AI_and_Data\Kaggle-AI-Agents\PTCG_AI_Battle_Challenge\reports\notebook49\section7\scenario_traces\state_variants\NB48_LOSS_290.jsonl,NB48_LOSS_290.jsonl,.jsonl,44167,[],0
D:\02_AI_and_Data\Kaggle-AI-Agents\PTCG_AI_Battle_Challenge\reports\notebook49\section7\scenario_traces\state_variants\NB48_LOSS_230.jsonl,NB48_LOSS_230.jsonl,.jsonl,44166,[],0
D:\02_AI_and_Data\Kaggle-AI-Agents\PTCG_AI_Battle_Challenge\reports\notebook49\section7\scenario_traces\state_variants\NB48_LOSS_266.jsonl,NB48_LOSS_266.jsonl,.jsonl,44166,[],0
D:\02_AI_and_Data\Kaggle-AI-Agents\PTCG_AI_Battle_Challenge\reports\notebook49\section7\scenario_traces\state_variants\NB48_LOSS_206.jsonl,NB48_LOSS_206.jsonl,.jsonl,44165,[],0
D:\02_AI_and_Data\Kaggle-AI-Agents\PTCG_AI_Battle_Challenge\reports\notebook49\section7\scenario_traces\state_variants\NB48_LOSS_218.jsonl,NB48_LOSS_218.jsonl,.jsonl,44165,[],0
D:\02_AI_and_Data\Kaggle-AI-Agents\PTCG_AI_Battle_Challenge\reports\notebook49\section7\scenario_traces\state_variants\NB48_LOSS_242.jsonl,NB48_LOSS_242.jsonl,.jsonl,44165,[],0
D:\02_AI_and_Data\Kaggle-AI-Agents\PTCG_AI_Battle_Challenge\reports\notebook49\section7\scenario_traces\state_variants\NB48_LOSS_278.jsonl,NB48_LOSS_278.jsonl,.jsonl,44165,[],0
D:\02_AI_and_Data\Kaggle-AI-Agents\PTCG_AI_Battle_Challenge\reports\notebook49\section7\scenario_traces\state_variants\NB48_LOSS_142.jsonl,NB48_LOSS_142.jsonl,.jsonl,44158,[],0
D:\02_AI_and_Data\Kaggle-AI-Agents\PTCG_AI_Battle_Challenge\reports\notebook49\section7\scenario_traces\state_variants\NB48_LOSS_178.jsonl,NB48_LOSS_178.jsonl,.jsonl,44157,[],0
D:\02_AI_and_Data\Kaggle-AI-Agents\PTCG_AI_Battle_Challenge\reports\notebook49\section7\scenario_traces\state_variants\NB48_LOSS_190.jsonl,NB48_LOSS_190.jsonl,.jsonl,44157,[],0
D:\02_AI_and_Data\Kaggle-AI-Agents\PTCG_AI_Battle_Challenge\reports\notebook49\section7\scenario_traces\state_variants\NB48_LOSS_106.jsonl,NB48_LOSS_106.jsonl,.jsonl,44156,[],0
D:\02_AI_and_Data\Kaggle-AI-Agents\PTCG_AI_Battle_Challenge\reports\notebook49\section7\scenario_traces\state_variants\NB48_LOSS_118.jsonl,NB48_LOSS_118.jsonl,.jsonl,44155,[],0
D:\02_AI_and_Data\Kaggle-AI-Agents\PTCG_AI_Battle_Challenge\reports\notebook49\section7\scenario_traces\state_variants\NB48_LOSS_154.jsonl,NB48_LOSS_154.jsonl,.jsonl,44155,[],0
D:\02_AI_and_Data\Kaggle-AI-Agents\PTCG_AI_Battle_Challenge\reports\notebook49\section7\scenario_traces\state_variants\NB48_LOSS_166.jsonl,NB48_LOSS_166.jsonl,.jsonl,44155,[],0
D:\02_AI_and_Data\Kaggle-AI-Agents\PTCG_AI_Battle_Challenge\reports\notebook49\section7\scenario_traces\state_variants\NB48_LOSS_130.jsonl,NB48_LOSS_130.jsonl,.jsonl,44151,[],0
D:\02_AI_and_Data\Kaggle-AI-Agents\PTCG_AI_Battle_Challenge\reports\notebook50\section1\environment_and_handoff\section1b_policy_dataset_preview.csv,section1b_policy_dataset_preview.csv,.csv,44082,[],0
D:\02_AI_and_Data\Kaggle-AI-Agents\PTCG_AI_Battle_Challenge\reports\notebook49\section7\scenario_traces\state_variants\NB48_LOSS_30.jsonl,NB48_LOSS_30.jsonl,.jsonl,44044,[],0
D:\02_AI_and_Data\Kaggle-AI-Agents\PTCG_AI_Battle_Challenge\reports\notebook49\section7\scenario_traces\state_variants\NB48_LOSS_42.jsonl,NB48_LOSS_42.jsonl,.jsonl,44043,[],0
D:\02_AI_and_Data\Kaggle-AI-Agents\PTCG_AI_Battle_Challenge\reports\notebook49\section7\scenario_traces\state_variants\NB48_LOSS_6.jsonl,NB48_LOSS_6.jsonl,.jsonl,44005,[],0
D:\02_AI_and_Data\Kaggle-AI-Agents\PTCG_AI_Battle_Challenge\reports\notebook53\section6\section6b_notebook52_vs_notebook53_comparison.csv,section6b_notebook52_vs_notebook53_comparison.csv,.csv,39325,[],0
D:\02_AI_and_Data\Kaggle-AI-Agents\PTCG_AI_Battle_Challenge\reports\notebook53\section3\section3b_legality_aware_model_features.csv,section3b_legality_aware_model_features.csv,.csv,38477,[],0
D:\02_AI_and_Data\Kaggle-AI-Agents\PTCG_AI_Battle_Challenge\reports\notebook26\tournament_benchmark.json,tournament_benchmark.json,.json,38001,[],0
D:\02_AI_and_Data\Kaggle-AI-Agents\PTCG_AI_Battle_Challenge\reports\notebook46\exact_search_adapter_contract.json,exact_search_adapter_contract.json,.json,35803,[],0
D:\02_AI_and_Data\Kaggle-AI-Agents\PTCG_AI_Battle_Challenge\reports\notebook45\integration_module_inventory.json,integration_module_inventory.json,.json,35202,[],0
D:\02_AI_and_Data\Kaggle-AI-Agents\PTCG_AI_Battle_Challenge\data\tournaments\competitive_policy_elo_history.csv,competitive_policy_elo_history.csv,.csv,33629,[],0
D:\02_AI_and_Data\Kaggle-AI-Agents\PTCG_AI_Battle_Challenge\reports\notebook53\section5\section5b_validation_encoded_features.csv,section5b_validation_encoded_features.csv,.csv,30851,[],0
D:\02_AI_and_Data\Kaggle-AI-Agents\PTCG_AI_Battle_Challenge\reports\notebook53\section5\section5b_test_encoded_features.csv,section5b_test_encoded_features.csv,.csv,30846,[],0
D:\02_AI_and_Data\Kaggle-AI-Agents\PTCG_AI_Battle_Challenge\reports\notebook52\section5\section5b_expanded_policy_history.csv,section5b_expanded_policy_history.csv,.csv,28946,[],0
D:\02_AI_and_Data\Kaggle-AI-Agents\PTCG_AI_Battle_Challenge\reports\notebook53\section6\section6e_tournament_replay_policy_history.csv,section6e_tournament_replay_policy_history.csv,.csv,26972,[],0
D:\02_AI_and_Data\Kaggle-AI-Agents\PTCG_AI_Battle_Challenge\reports\notebook54\section4\section4h_pdf_page_scan_profile.csv,section4h_pdf_page_scan_profile.csv,.csv,26639,[],0
D:\02_AI_and_Data\Kaggle-AI-Agents\PTCG_AI_Battle_Challenge\reports\notebook54\section3\section3a_player_decisions.csv,section3a_player_decisions.csv,.csv,26457,[],0
D:\02_AI_and_Data\Kaggle-AI-Agents\PTCG_AI_Battle_Challenge\reports\notebook49\section7\section7a_prioritized_scenario_queue.csv,section7a_prioritized_scenario_queue.csv,.csv,25570,[],0
D:\02_AI_and_Data\Kaggle-AI-Agents\PTCG_AI_Battle_Challenge\reports\notebook36\production_api_inventory.csv,production_api_inventory.csv,.csv,25562,[],0
D:\02_AI_and_Data\Kaggle-AI-Agents\PTCG_AI_Battle_Challenge\reports\notebook49\section6_hard_example_manifest.csv,section6_hard_example_manifest.csv,.csv,25239,[],0
D:\02_AI_and_Data\Kaggle-AI-Agents\PTCG_AI_Battle_Challenge\reports\notebook52\section5\section5b_expanded_turn_results.csv,section5b_expanded_turn_results.csv,.csv,24678,[],0
D:\02_AI_and_Data\Kaggle-AI-Agents\PTCG_AI_Battle_Challenge\reports\notebook53\section5\section5a_test_features.csv,section5a_test_features.csv,.csv,24325,[],0
D:\02_AI_and_Data\Kaggle-AI-Agents\PTCG_AI_Battle_Challenge\reports\notebook53\section5\section5a_validation_features.csv,section5a_validation_features.csv,.csv,24271,[],0
D:\02_AI_and_Data\Kaggle-AI-Agents\PTCG_AI_Battle_Challenge\reports\notebook54\section4\section4j_upstream_identifier_evidence.csv,section4j_upstream_identifier_evidence.csv,.csv,22665,[],0
D:\02_AI_and_Data\Kaggle-AI-Agents\PTCG_AI_Battle_Challenge\reports\notebook49\section7\section7c_scenario_generation_summary.csv,section7c_scenario_generation_summary.csv,.csv,21358,[],0
D:\02_AI_and_Data\Kaggle-AI-Agents\PTCG_AI_Battle_Challenge\reports\notebook53\section6\section6e_tournament_replay_turns.csv,section6e_tournament_replay_turns.csv,.csv,20936,[],0
D:\02_AI_and_Data\Kaggle-AI-Agents\PTCG_AI_Battle_Challenge\reports\notebook53\section2\section2a_direct_decisions.csv,section2a_direct_decisions.csv,.csv,20914,[],0
D:\02_AI_and_Data\Kaggle-AI-Agents\PTCG_AI_Battle_Challenge\reports\notebook49\section7\checkpoints\scenario_progress.csv,scenario_progress.csv,.csv,19294,[],0
D:\02_AI_and_Data\Kaggle-AI-Agents\PTCG_AI_Battle_Challenge\reports\notebook34\policy_dataset_bootstrap.parquet,policy_dataset_bootstrap.parquet,.parquet,19176,[],0
D:\02_AI_and_Data\Kaggle-AI-Agents\PTCG_AI_Battle_Challenge\reports\notebook54\section4\section4k_target_page_annotations.csv,section4k_target_page_annotations.csv,.csv,19176,[],0
D:\02_AI_and_Data\Kaggle-AI-Agents\PTCG_AI_Battle_Challenge\reports\notebook49\section7\section7a_runtime_bindings.json,section7a_runtime_bindings.json,.json,19156,[],0
D:\02_AI_and_Data\Kaggle-AI-Agents\PTCG_AI_Battle_Challenge\reports\notebook49\section3_loss_matches.csv,section3_loss_matches.csv,.csv,18778,[],0
D:\02_AI_and_Data\Kaggle-AI-Agents\PTCG_AI_Battle_Challenge\reports\notebook46\actor_perspective_suspicious_records.csv,actor_perspective_suspicious_records.csv,.csv,17591,[],0
D:\02_AI_and_Data\Kaggle-AI-Agents\PTCG_AI_Battle_Challenge\reports\notebook47\competitive_policy_test_predictions.csv,competitive_policy_test_predictions.csv,.csv,16902,[],0
D:\02_AI_and_Data\Kaggle-AI-Agents\PTCG_AI_Battle_Challenge\reports\notebook45\exact_integration_definitions.json,exact_integration_definitions.json,.json,16475,[],0
D:\02_AI_and_Data\Kaggle-AI-Agents\PTCG_AI_Battle_Challenge\reports\notebook54\section4\section4a_safe_action_catalog.csv,section4a_safe_action_catalog.csv,.csv,15841,[],0
D:\02_AI_and_Data\Kaggle-AI-Agents\PTCG_AI_Battle_Challenge\reports\notebook54\section4\section4c_candidate_provenance_audit.csv,section4c_candidate_provenance_audit.csv,.csv,15147,[],0
D:\02_AI_and_Data\Kaggle-AI-Agents\PTCG_AI_Battle_Challenge\reports\notebook54\section4\section4c_rejected_false_candidates.csv,section4c_rejected_false_candidates.csv,.csv,15147,[],0
D:\02_AI_and_Data\Kaggle-AI-Agents\PTCG_AI_Battle_Challenge\reports\notebook53\section6\section6c_policy_adapter_validation.csv,section6c_policy_adapter_validation.csv,.csv,14960,[],0
D:\02_AI_and_Data\Kaggle-AI-Agents\PTCG_AI_Battle_Challenge\reports\notebook49\section6_ranked_labeling_methods.csv,section6_ranked_labeling_methods.csv,.csv,14599,[],0
D:\02_AI_and_Data\Kaggle-AI-Agents\PTCG_AI_Battle_Challenge\reports\notebook49\section6_ranked_replay_methods.csv,section6_ranked_replay_methods.csv,.csv,14252,[],0
D:\02_AI_and_Data\Kaggle-AI-Agents\PTCG_AI_Battle_Challenge\reports\notebook49\section6_replay_contract.json,section6_replay_contract.json,.json,13672,[],0
D:\02_AI_and_Data\Kaggle-AI-Agents\PTCG_AI_Battle_Challenge\reports\notebook49\section5_api_validation_summary.json,section5_api_validation_summary.json,.json,12931,[],0
D:\02_AI_and_Data\Kaggle-AI-Agents\PTCG_AI_Battle_Challenge\reports\notebook48\baseline_agent_signature_inventory.json,baseline_agent_signature_inventory.json,.json,12696,[],0
D:\02_AI_and_Data\Kaggle-AI-Agents\PTCG_AI_Battle_Challenge\reports\notebook54\section4\section4b_transition_validated_candidate_catalog.csv,section4b_transition_validated_candidate_catalog.csv,.csv,12654,[],0
D:\02_AI_and_Data\Kaggle-AI-Agents\PTCG_AI_Battle_Challenge\reports\notebook53\section4\section4b_legality_aware_training_targets.csv,section4b_legality_aware_training_targets.csv,.csv,12002,[],0
D:\02_AI_and_Data\Kaggle-AI-Agents\PTCG_AI_Battle_Challenge\reports\notebook49\section5_method_inventory.csv,section5_method_inventory.csv,.csv,11381,[],0
D:\02_AI_and_Data\Kaggle-AI-Agents\PTCG_AI_Battle_Challenge\reports\notebook46\real_engine_signature_inventory.json,real_engine_signature_inventory.json,.json,11309,[],0
D:\02_AI_and_Data\Kaggle-AI-Agents\PTCG_AI_Battle_Challenge\reports\notebook47\competitive_policy_training_history.csv,competitive_policy_training_history.csv,.csv,10533,[],0
D:\02_AI_and_Data\Kaggle-AI-Agents\PTCG_AI_Battle_Challenge\reports\notebook38\rl_transition_validation_fixture.parquet,rl_transition_validation_fixture.parquet,.parquet,10403,[],0
D:\02_AI_and_Data\Kaggle-AI-Agents\PTCG_AI_Battle_Challenge\reports\notebook39\training_dataset.parquet,training_dataset.parquet,.parquet,10403,[],0
D:\02_AI_and_Data\Kaggle-AI-Agents\PTCG_AI_Battle_Challenge\reports\notebook53\section5\section5a_train_targets.csv,section5a_train_targets.csv,.csv,9509,[],0
D:\02_AI_and_Data\Kaggle-AI-Agents\PTCG_AI_Battle_Challenge\reports\notebook48\baseline_agent_definition_inventory.json,baseline_agent_definition_inventory.json,.json,9271,[],0
D:\02_AI_and_Data\Kaggle-AI-Agents\PTCG_AI_Battle_Challenge\reports\notebook54\section4\section4b_candidate_transition_results.csv,section4b_candidate_transition_results.csv,.csv,9066,[],0
D:\02_AI_and_Data\Kaggle-AI-Agents\PTCG_AI_Battle_Challenge\reports\notebook50\section2\dataset_splits\section2a_scenario_split_assignments.csv,section2a_scenario_split_assignments.csv,.csv,8114,[],0
D:\02_AI_and_Data\Kaggle-AI-Agents\PTCG_AI_Battle_Challenge\reports\notebook53\section4\section4b_legality_aware_training_weights.csv,section4b_legality_aware_training_weights.csv,.csv,7951,[],0
D:\02_AI_and_Data\Kaggle-AI-Agents\PTCG_AI_Battle_Challenge\reports\notebook54\section2\section2b_strategic_root_cause_decisions.csv,section2b_strategic_root_cause_decisions.csv,.csv,7929,[],0
D:\02_AI_and_Data\Kaggle-AI-Agents\PTCG_AI_Battle_Challenge\reports\notebook49\section7\section7a_state_runtime_contract.json,section7a_state_runtime_contract.json,.json,7836,[],0
D:\02_AI_and_Data\Kaggle-AI-Agents\PTCG_AI_Battle_Challenge\reports\notebook52\section4\section4a_single_pass_policy_history.csv,section4a_single_pass_policy_history.csv,.csv,7648,[],0
D:\02_AI_and_Data\Kaggle-AI-Agents\PTCG_AI_Battle_Challenge\reports\notebook49\section5_symbol_inventory.csv,section5_symbol_inventory.csv,.csv,7559,[],0
D:\02_AI_and_Data\Kaggle-AI-Agents\PTCG_AI_Battle_Challenge\reports\notebook54\section2\section2a_multi_action_opportunities.csv,section2a_multi_action_opportunities.csv,.csv,7472,[],0
D:\02_AI_and_Data\Kaggle-AI-Agents\PTCG_AI_Battle_Challenge\reports\notebook51\section6\section6b_class_methods.csv,section6b_class_methods.csv,.csv,7398,[],0
D:\02_AI_and_Data\Kaggle-AI-Agents\PTCG_AI_Battle_Challenge\reports\notebook49\section4_targeted_curriculum_summary.json,section4_targeted_curriculum_summary.json,.json,7221,[],0
D:\02_AI_and_Data\Kaggle-AI-Agents\PTCG_AI_Battle_Challenge\reports\notebook28\self_play_statistics.csv,self_play_statistics.csv,.csv,7079,[],0
D:\02_AI_and_Data\Kaggle-AI-Agents\PTCG_AI_Battle_Challenge\reports\notebook52\section4\section4a_single_pass_turn_results.csv,section4a_single_pass_turn_results.csv,.csv,6746,[],0
D:\02_AI_and_Data\Kaggle-AI-Agents\PTCG_AI_Battle_Challenge\reports\notebook51\section6\section6a_script_discovery.csv,section6a_script_discovery.csv,.csv,6488,[],0
D:\02_AI_and_Data\Kaggle-AI-Agents\PTCG_AI_Battle_Challenge\reports\notebook49\section4b_final_curriculum_summary.json,section4b_final_curriculum_summary.json,.json,6460,[],0
D:\02_AI_and_Data\Kaggle-AI-Agents\PTCG_AI_Battle_Challenge\reports\notebook53\section5\section5a_train_weights.csv,section5a_train_weights.csv,.csv,6285,[],0
D:\02_AI_and_Data\Kaggle-AI-Agents\PTCG_AI_Battle_Challenge\reports\notebook52\section7\section7a_artifact_inventory.csv,section7a_artifact_inventory.csv,.csv,6009,[],0
D:\02_AI_and_Data\Kaggle-AI-Agents\PTCG_AI_Battle_Challenge\reports\notebook46\real_engine_definition_inventory.json,real_engine_definition_inventory.json,.json,5829,[],0
D:\02_AI_and_Data\Kaggle-AI-Agents\PTCG_AI_Battle_Challenge\reports\notebook50\section3\feature_engineering\section3b_numeric_feature_quality.csv,section3b_numeric_feature_quality.csv,.csv,5799,[],0
D:\02_AI_and_Data\Kaggle-AI-Agents\PTCG_AI_Battle_Challenge\reports\notebook49\section3_loss_analysis.json,section3_loss_analysis.json,.json,5746,[],0
D:\02_AI_and_Data\Kaggle-AI-Agents\PTCG_AI_Battle_Challenge\reports\notebook53\section5\section5b_encoded_feature_inventory.csv,section5b_encoded_feature_inventory.csv,.csv,5391,[],0
D:\02_AI_and_Data\Kaggle-AI-Agents\PTCG_AI_Battle_Challenge\reports\notebook52\section5\section5a_expanded_scenario_validation.csv,section5a_expanded_scenario_validation.csv,.csv,5121,[],0
D:\02_AI_and_Data\Kaggle-AI-Agents\PTCG_AI_Battle_Challenge\reports\notebook54\section2\section2a_priority_decisions.csv,section2a_priority_decisions.csv,.csv,4842,[],0
D:\02_AI_and_Data\Kaggle-AI-Agents\PTCG_AI_Battle_Challenge\reports\notebook52\section5\section5a_expanded_scenario_specs.csv,section5a_expanded_scenario_specs.csv,.csv,4821,[],0
D:\02_AI_and_Data\Kaggle-AI-Agents\PTCG_AI_Battle_Challenge\reports\notebook45\existing_simulator_api.json,existing_simulator_api.json,.json,4746,[],0
D:\02_AI_and_Data\Kaggle-AI-Agents\PTCG_AI_Battle_Challenge\reports\notebook48\competitive_policy_baseline_tournament_summary.json,competitive_policy_baseline_tournament_summary.json,.json,4224,[],0
D:\02_AI_and_Data\Kaggle-AI-Agents\PTCG_AI_Battle_Challenge\reports\notebook54\section3\section3a_losing_scenario_bottlenecks.csv,section3a_losing_scenario_bottlenecks.csv,.csv,4173,[],0
D:\02_AI_and_Data\Kaggle-AI-Agents\PTCG_AI_Battle_Challenge\reports\notebook49\section8\final_validation\section8d_artifact_inventory.csv,section8d_artifact_inventory.csv,.csv,4095,[],0
D:\02_AI_and_Data\Kaggle-AI-Agents\PTCG_AI_Battle_Challenge\reports\notebook52\section3\section3b_tournament_scenario_probabilities.csv,section3b_tournament_scenario_probabilities.csv,.csv,4010,[],0
D:\02_AI_and_Data\Kaggle-AI-Agents\PTCG_AI_Battle_Challenge\reports\notebook50\section3\feature_engineering\section3b_schema_comparison.csv,section3b_schema_comparison.csv,.csv,3832,[],0
D:\02_AI_and_Data\Kaggle-AI-Agents\PTCG_AI_Battle_Challenge\reports\notebook53\section6\section6a_feature_importance.csv,section6a_feature_importance.csv,.csv,3761,[],0
D:\02_AI_and_Data\Kaggle-AI-Agents\PTCG_AI_Battle_Challenge\reports\notebook49\section7\section7a_runtime_method_discovery.csv,section7a_runtime_method_discovery.csv,.csv,3665,[],0
D:\02_AI_and_Data\Kaggle-AI-Agents\PTCG_AI_Battle_Challenge\reports\notebook51\section6\section6b_runtime_interfaces.csv,section6b_runtime_interfaces.csv,.csv,3486,[],0
D:\02_AI_and_Data\Kaggle-AI-Agents\PTCG_AI_Battle_Challenge\reports\notebook47\competitive_policy_test_evaluation.json,competitive_policy_test_evaluation.json,.json,3474,[],0
D:\02_AI_and_Data\Kaggle-AI-Agents\PTCG_AI_Battle_Challenge\reports\notebook53\section7\section7a_artifact_inventory.csv,section7a_artifact_inventory.csv,.csv,3420,[],0
D:\02_AI_and_Data\Kaggle-AI-Agents\PTCG_AI_Battle_Challenge\reports\notebook51\section6\section6a_namespace_discovery.csv,section6a_namespace_discovery.csv,.csv,3401,[],0
D:\02_AI_and_Data\Kaggle-AI-Agents\PTCG_AI_Battle_Challenge\reports\notebook54\section4\section4uc_definition_inventory.csv,section4uc_definition_inventory.csv,.csv,3345,[],0
D:\02_AI_and_Data\Kaggle-AI-Agents\PTCG_AI_Battle_Challenge\reports\notebook47\competitive_policy_test_errors.csv,competitive_policy_test_errors.csv,.csv,3310,[],0
D:\02_AI_and_Data\Kaggle-AI-Agents\PTCG_AI_Battle_Challenge\reports\notebook49\section7\section7a_runtime_symbol_discovery.csv,section7a_runtime_symbol_discovery.csv,.csv,3155,[],0
D:\02_AI_and_Data\Kaggle-AI-Agents\PTCG_AI_Battle_Challenge\reports\notebook51\section7\section7a_artifact_inventory.csv,section7a_artifact_inventory.csv,.csv,3137,[],0
D:\02_AI_and_Data\Kaggle-AI-Agents\PTCG_AI_Battle_Challenge\reports\notebook48\final_competitive_strength_report.json,final_competitive_strength_report.json,.json,3101,[],0
D:\02_AI_and_Data\Kaggle-AI-Agents\PTCG_AI_Battle_Challenge\reports\notebook51\section6\section6c_simulator_runtime_bindings.csv,section6c_simulator_runtime_bindings.csv,.csv,3062,[],0
D:\02_AI_and_Data\Kaggle-AI-Agents\PTCG_AI_Battle_Challenge\reports\notebook46\first_real_expert_search.json,first_real_expert_search.json,.json,2993,[],0
D:\02_AI_and_Data\Kaggle-AI-Agents\PTCG_AI_Battle_Challenge\reports\notebook53\section7\section7a_handoff_manifest.json,section7a_handoff_manifest.json,.json,2987,[],0
D:\02_AI_and_Data\Kaggle-AI-Agents\PTCG_AI_Battle_Challenge\reports\notebook49\section8\section8a_search_dry_run.json,section8a_search_dry_run.json,.json,2983,[],0
D:\02_AI_and_Data\Kaggle-AI-Agents\PTCG_AI_Battle_Challenge\reports\notebook50\section3\feature_engineering\section3a_feature_configuration.json,section3a_feature_configuration.json,.json,2954,[],0
D:\02_AI_and_Data\Kaggle-AI-Agents\PTCG_AI_Battle_Challenge\reports\notebook48\competitive_policy_elo_summary.json,competitive_policy_elo_summary.json,.json,2723,[],0
D:\02_AI_and_Data\Kaggle-AI-Agents\PTCG_AI_Battle_Challenge\models\notebook53\legality_aware_raw_feature_schema.json,legality_aware_raw_feature_schema.json,.json,2662,[],0
D:\02_AI_and_Data\Kaggle-AI-Agents\PTCG_AI_Battle_Challenge\reports\notebook53\section3\section3b_legality_aware_schema.json,section3b_legality_aware_schema.json,.json,2597,[],0
D:\02_AI_and_Data\Kaggle-AI-Agents\PTCG_AI_Battle_Challenge\reports\notebook53\section6\section6e_recovered_scenario_legal_sets.csv,section6e_recovered_scenario_legal_sets.csv,.csv,2586,[],0
D:\02_AI_and_Data\Kaggle-AI-Agents\PTCG_AI_Battle_Challenge\reports\notebook53\section4\section4b_legality_aware_training_schema.json,section4b_legality_aware_training_schema.json,.json,2541,[],0
D:\02_AI_and_Data\Kaggle-AI-Agents\PTCG_AI_Battle_Challenge\models\notebook53\legality_aware_encoded_feature_names.json,legality_aware_encoded_feature_names.json,.json,2502,[],0
D:\02_AI_and_Data\Kaggle-AI-Agents\PTCG_AI_Battle_Challenge\reports\notebook54\section1\section1b_notebook53_artifact_inventory.csv,section1b_notebook53_artifact_inventory.csv,.csv,2482,[],0
D:\02_AI_and_Data\Kaggle-AI-Agents\PTCG_AI_Battle_Challenge\reports\notebook50\section3\feature_engineering\section3a_feature_schema.csv,section3a_feature_schema.csv,.csv,2441,[],0
D:\02_AI_and_Data\Kaggle-AI-Agents\PTCG_AI_Battle_Challenge\reports\notebook50\section3\feature_engineering\section3a_feature_profile.csv,section3a_feature_profile.csv,.csv,2396,[],0
D:\02_AI_and_Data\Kaggle-AI-Agents\PTCG_AI_Battle_Challenge\reports\notebook36\production_classes.csv,production_classes.csv,.csv,2354,[],0
D:\02_AI_and_Data\Kaggle-AI-Agents\PTCG_AI_Battle_Challenge\reports\notebook54\section4\section4p_version_confidence.csv,section4p_version_confidence.csv,.csv,2268,[],0
D:\02_AI_and_Data\Kaggle-AI-Agents\PTCG_AI_Battle_Challenge\reports\notebook49\section8\final_validation\section8d_handoff_manifest.json,section8d_handoff_manifest.json,.json,2257,[],0
D:\02_AI_and_Data\Kaggle-AI-Agents\PTCG_AI_Battle_Challenge\reports\notebook51\section6\section6b_source_inventory.csv,section6b_source_inventory.csv,.csv,2199,[],0
D:\02_AI_and_Data\Kaggle-AI-Agents\PTCG_AI_Battle_Challenge\reports\notebook53\section3\section3b_legality_aware_targets.csv,section3b_legality_aware_targets.csv,.csv,2167,[],0
D:\02_AI_and_Data\Kaggle-AI-Agents\PTCG_AI_Battle_Challenge\reports\notebook54\section4\section4va_frozen_replay_scenario_columns.csv,section4va_frozen_replay_scenario_columns.csv,.csv,2156,[],0
D:\02_AI_and_Data\Kaggle-AI-Agents\PTCG_AI_Battle_Challenge\reports\notebook53\section6\section6d_simulator_runtime_symbols.csv,section6d_simulator_runtime_symbols.csv,.csv,2146,[],0
D:\02_AI_and_Data\Kaggle-AI-Agents\PTCG_AI_Battle_Challenge\reports\notebook54\section4\section4t_simulator_state_attributes.csv,section4t_simulator_state_attributes.csv,.csv,2141,[],0
D:\02_AI_and_Data\Kaggle-AI-Agents\PTCG_AI_Battle_Challenge\reports\notebook49\section7\section7b_state_smoke_tests.csv,section7b_state_smoke_tests.csv,.csv,2138,[],0
D:\02_AI_and_Data\Kaggle-AI-Agents\PTCG_AI_Battle_Challenge\reports\notebook51\section7\section7a_handoff_manifest.json,section7a_handoff_manifest.json,.json,2104,[],0
D:\02_AI_and_Data\Kaggle-AI-Agents\PTCG_AI_Battle_Challenge\reports\notebook52\section7\section7a_handoff_manifest.json,section7a_handoff_manifest.json,.json,2062,[],0
D:\02_AI_and_Data\Kaggle-AI-Agents\PTCG_AI_Battle_Challenge\reports\notebook51\section6\section6b_source_imports.csv,section6b_source_imports.csv,.csv,2020,[],0
D:\02_AI_and_Data\Kaggle-AI-Agents\PTCG_AI_Battle_Challenge\reports\notebook48\tournament_match_adapter_summary.json,tournament_match_adapter_summary.json,.json,2019,[],0
D:\02_AI_and_Data\Kaggle-AI-Agents\PTCG_AI_Battle_Challenge\reports\notebook49\section7\section7a_simulator_binding_repair.json,section7a_simulator_binding_repair.json,.json,1946,[],0
D:\02_AI_and_Data\Kaggle-AI-Agents\PTCG_AI_Battle_Challenge\reports\notebook53\section7\section7a_validation_checks.csv,section7a_validation_checks.csv,.csv,1880,[],0
D:\02_AI_and_Data\Kaggle-AI-Agents\PTCG_AI_Battle_Challenge\reports\notebook52\section3\section3b_tournament_scenario_validation.csv,section3b_tournament_scenario_validation.csv,.csv,1876,[],0
D:\02_AI_and_Data\Kaggle-AI-Agents\PTCG_AI_Battle_Challenge\reports\notebook50\section2\dataset_splits\section2b_validation_checks.csv,section2b_validation_checks.csv,.csv,1875,[],0
D:\02_AI_and_Data\Kaggle-AI-Agents\PTCG_AI_Battle_Challenge\reports\notebook54\section4\section4p_simulator_match.csv,section4p_simulator_match.csv,.csv,1865,[],0
D:\02_AI_and_Data\Kaggle-AI-Agents\PTCG_AI_Battle_Challenge\reports\notebook50\section1\environment_and_handoff\section1a_handoff_artifact_inventory.csv,section1a_handoff_artifact_inventory.csv,.csv,1833,[],0
D:\02_AI_and_Data\Kaggle-AI-Agents\PTCG_AI_Battle_Challenge\reports\notebook53\section1\section1b_notebook52_artifact_inventory.csv,section1b_notebook52_artifact_inventory.csv,.csv,1812,[],0
D:\02_AI_and_Data\Kaggle-AI-Agents\PTCG_AI_Battle_Challenge\reports\notebook51\section7\section7a_validation_checks.csv,section7a_validation_checks.csv,.csv,1811,[],0
D:\02_AI_and_Data\Kaggle-AI-Agents\PTCG_AI_Battle_Challenge\reports\notebook50\section1\environment_and_handoff\section1c_column_profile.csv,section1c_column_profile.csv,.csv,1806,[],0
D:\02_AI_and_Data\Kaggle-AI-Agents\PTCG_AI_Battle_Challenge\reports\notebook50\section7\section7a_handoff_manifest.json,section7a_handoff_manifest.json,.json,1797,[],0
D:\02_AI_and_Data\Kaggle-AI-Agents\PTCG_AI_Battle_Challenge\reports\notebook50\section2\dataset_splits\section2a_split_matchup_profile.csv,section2a_split_matchup_profile.csv,.csv,1792,[],0
D:\02_AI_and_Data\Kaggle-AI-Agents\PTCG_AI_Battle_Challenge\reports\notebook54\section4\section4va_full_replay_interface_profile.csv,section4va_full_replay_interface_profile.csv,.csv,1753,[],0
D:\02_AI_and_Data\Kaggle-AI-Agents\PTCG_AI_Battle_Challenge\reports\notebook53\section4\section4b_legality_aware_feature_inventory.csv,section4b_legality_aware_feature_inventory.csv,.csv,1750,[],0
D:\02_AI_and_Data\Kaggle-AI-Agents\PTCG_AI_Battle_Challenge\reports\notebook54\section2\section2a_scenario_opportunity_profile.csv,section2a_scenario_opportunity_profile.csv,.csv,1736,[],0
D:\02_AI_and_Data\Kaggle-AI-Agents\PTCG_AI_Battle_Challenge\reports\notebook54\section4\section4q_complete_verified_action_catalog.csv,section4q_complete_verified_action_catalog.csv,.csv,1734,[],0
D:\02_AI_and_Data\Kaggle-AI-Agents\PTCG_AI_Battle_Challenge\reports\notebook49\section8\policy_dataset\section8c_variant_summary.csv,section8c_variant_summary.csv,.csv,1664,[],0
D:\02_AI_and_Data\Kaggle-AI-Agents\PTCG_AI_Battle_Challenge\reports\notebook49\section8\section8a_search_binding.json,section8a_search_binding.json,.json,1658,[],0
D:\02_AI_and_Data\Kaggle-AI-Agents\PTCG_AI_Battle_Challenge\reports\notebook49\section4b_final_curriculum_plan.csv,section4b_final_curriculum_plan.csv,.csv,1640,[],0
D:\02_AI_and_Data\Kaggle-AI-Agents\PTCG_AI_Battle_Challenge\reports\notebook54\section4\section4h_pdf_identifier_summary.csv,section4h_pdf_identifier_summary.csv,.csv,1637,[],0
D:\02_AI_and_Data\Kaggle-AI-Agents\PTCG_AI_Battle_Challenge\reports\notebook15_benchmark.csv,notebook15_benchmark.csv,.csv,1633,[],0
D:\02_AI_and_Data\Kaggle-AI-Agents\PTCG_AI_Battle_Challenge\reports\notebook52\section7\section7a_validation_checks.csv,section7a_validation_checks.csv,.csv,1629,[],0
D:\02_AI_and_Data\Kaggle-AI-Agents\PTCG_AI_Battle_Challenge\reports\notebook50\section1\environment_and_handoff\section1a_environment_report.json,section1a_environment_report.json,.json,1629,[],0
D:\02_AI_and_Data\Kaggle-AI-Agents\PTCG_AI_Battle_Challenge\reports\notebook54\section1\section1b_notebook53_validation_checks.csv,section1b_notebook53_validation_checks.csv,.csv,1613,[],0
D:\02_AI_and_Data\Kaggle-AI-Agents\PTCG_AI_Battle_Challenge\notebooks\test.parquet,test.parquet,.parquet,1610,[],0
D:\02_AI_and_Data\Kaggle-AI-Agents\PTCG_AI_Battle_Challenge\reports\notebook53\section3\section3b_feature_inventory.csv,section3b_feature_inventory.csv,.csv,1588,[],0
D:\02_AI_and_Data\Kaggle-AI-Agents\PTCG_AI_Battle_Challenge\reports\notebook49\section4_targeted_curriculum_plan.csv,section4_targeted_curriculum_plan.csv,.csv,1569,[],0
D:\02_AI_and_Data\Kaggle-AI-Agents\PTCG_AI_Battle_Challenge\reports\notebook50\section7\section7a_artifact_inventory.csv,section7a_artifact_inventory.csv,.csv,1557,[],0
D:\02_AI_and_Data\Kaggle-AI-Agents\PTCG_AI_Battle_Challenge\reports\notebook48\tournament_setup_summary.json,tournament_setup_summary.json,.json,1548,[],0
D:\02_AI_and_Data\Kaggle-AI-Agents\PTCG_AI_Battle_Challenge\reports\notebook50\section3\feature_engineering\section3b_categorical_feature_quality.csv,section3b_categorical_feature_quality.csv,.csv,1504,[],0
D:\02_AI_and_Data\Kaggle-AI-Agents\PTCG_AI_Battle_Challenge\reports\notebook49\section5_dataset_schema.csv,section5_dataset_schema.csv,.csv,1495,[],0
D:\02_AI_and_Data\Kaggle-AI-Agents\PTCG_AI_Battle_Challenge\reports\notebook49\side_balanced_setup_summary.json,side_balanced_setup_summary.json,.json,1439,[],0
D:\02_AI_and_Data\Kaggle-AI-Agents\PTCG_AI_Battle_Challenge\reports\notebook49\section7\section7a_dry_run_report.json,section7a_dry_run_report.json,.json,1418,[],0
D:\02_AI_and_Data\Kaggle-AI-Agents\PTCG_AI_Battle_Challenge\reports\notebook54\section4\section4uc_reconstructed_classes.csv,section4uc_reconstructed_classes.csv,.csv,1399,[],0
D:\02_AI_and_Data\Kaggle-AI-Agents\PTCG_AI_Battle_Challenge\reports\notebook50\section3\feature_engineering\section3b_target_leakage_review.csv,section3b_target_leakage_review.csv,.csv,1391,[],0
D:\02_AI_and_Data\Kaggle-AI-Agents\PTCG_AI_Battle_Challenge\reports\notebook54\section4\section4t_energy_instrumentation_schema.csv,section4t_energy_instrumentation_schema.csv,.csv,1378,[],0
D:\02_AI_and_Data\Kaggle-AI-Agents\PTCG_AI_Battle_Challenge\reports\notebook54\section4\section4n_selected_image_candidates.csv,section4n_selected_image_candidates.csv,.csv,1361,[],0
D:\02_AI_and_Data\Kaggle-AI-Agents\PTCG_AI_Battle_Challenge\reports\notebook52\section6\section6b_validation_checks.csv,section6b_validation_checks.csv,.csv,1359,[],0
D:\02_AI_and_Data\Kaggle-AI-Agents\PTCG_AI_Battle_Challenge\reports\notebook47\competitive_policy_packaging.json,competitive_policy_packaging.json,.json,1355,[],0
D:\02_AI_and_Data\Kaggle-AI-Agents\PTCG_AI_Battle_Challenge\reports\notebook54\section4\section4q_printed_vs_simulator_availability.csv,section4q_printed_vs_simulator_availability.csv,.csv,1347,[],0
D:\02_AI_and_Data\Kaggle-AI-Agents\PTCG_AI_Battle_Challenge\reports\notebook50\section3\feature_engineering\section3b_feature_validation_checks.csv,section3b_feature_validation_checks.csv,.csv,1328,[],0
D:\02_AI_and_Data\Kaggle-AI-Agents\PTCG_AI_Battle_Challenge\reports\notebook50\section2\dataset_splits\section2b_variant_profile.csv,section2b_variant_profile.csv,.csv,1311,[],0
D:\02_AI_and_Data\Kaggle-AI-Agents\PTCG_AI_Battle_Challenge\reports\notebook54\section4\section4n_destination_image_inventory.csv,section4n_destination_image_inventory.csv,.csv,1300,[],0
D:\02_AI_and_Data\Kaggle-AI-Agents\PTCG_AI_Battle_Challenge\reports\notebook50\section1\environment_and_handoff\section1b_notebook49_validation_report.csv,section1b_notebook49_validation_report.csv,.csv,1297,[],0
D:\02_AI_and_Data\Kaggle-AI-Agents\PTCG_AI_Battle_Challenge\reports\notebook49\section8\final_validation\section8d_validation_checks.csv,section8d_validation_checks.csv,.csv,1297,[],0
D:\02_AI_and_Data\Kaggle-AI-Agents\PTCG_AI_Battle_Challenge\reports\notebook50\section4\policy_training\section4d_feature_importance.csv,section4d_feature_importance.csv,.csv,1295,[],0
D:\02_AI_and_Data\Kaggle-AI-Agents\PTCG_AI_Battle_Challenge\reports\notebook53\section4\section4a_candidate_dataset_inventory.csv,section4a_candidate_dataset_inventory.csv,.csv,1273,[],0
D:\02_AI_and_Data\Kaggle-AI-Agents\PTCG_AI_Battle_Challenge\reports\notebook53\section5\section5a_split_validation_checks.csv,section5a_split_validation_checks.csv,.csv,1269,[],0
D:\02_AI_and_Data\Kaggle-AI-Agents\PTCG_AI_Battle_Challenge\reports\notebook53\section5\section5a_test_targets.csv,section5a_test_targets.csv,.csv,1262,[],0
D:\02_AI_and_Data\Kaggle-AI-Agents\PTCG_AI_Battle_Challenge\reports\notebook50\section1\environment_and_handoff\section1c_dataset_validation_summary.json,section1c_dataset_validation_summary.json,.json,1262,[],0
D:\02_AI_and_Data\Kaggle-AI-Agents\PTCG_AI_Battle_Challenge\reports\notebook54\section1\section1b_notebook53_handoff_summary.json,section1b_notebook53_handoff_summary.json,.json,1258,[],0
D:\02_AI_and_Data\Kaggle-AI-Agents\PTCG_AI_Battle_Challenge\reports\notebook53\section5\section5a_validation_targets.csv,section5a_validation_targets.csv,.csv,1257,[],0
D:\02_AI_and_Data\Kaggle-AI-Agents\PTCG_AI_Battle_Challenge\reports\notebook52\section3\section3a_tournament_scenario_catalog.csv,section3a_tournament_scenario_catalog.csv,.csv,1247,[],0
D:\02_AI_and_Data\Kaggle-AI-Agents\PTCG_AI_Battle_Challenge\reports\notebook49\section5_entry_point_inventory.csv,section5_entry_point_inventory.csv,.csv,1240,[],0
D:\02_AI_and_Data\Kaggle-AI-Agents\PTCG_AI_Battle_Challenge\reports\notebook33\feature_schema.csv,feature_schema.csv,.csv,1236,[],0
D:\02_AI_and_Data\Kaggle-AI-Agents\PTCG_AI_Battle_Challenge\reports\notebook54\section4\section4ud_frozen_artifact_integrity.csv,section4ud_frozen_artifact_integrity.csv,.csv,1234,[],0
D:\02_AI_and_Data\Kaggle-AI-Agents\PTCG_AI_Battle_Challenge\reports\notebook53\section7\section7a_section_completion_status.csv,section7a_section_completion_status.csv,.csv,1226,[],0
D:\02_AI_and_Data\Kaggle-AI-Agents\PTCG_AI_Battle_Challenge\submission_work\notebook24_extracted\manifest.json,manifest.json,.json,1220,[],0
D:\02_AI_and_Data\Kaggle-AI-Agents\PTCG_AI_Battle_Challenge\submission_work\team_jesus_notebook23\package\manifest.json,manifest.json,.json,1220,[],0
D:\02_AI_and_Data\Kaggle-AI-Agents\PTCG_AI_Battle_Challenge\reports\notebook54\section3\section3b_simulator_source_symbols.csv,section3b_simulator_source_symbols.csv,.csv,1220,[],0
D:\02_AI_and_Data\Kaggle-AI-Agents\PTCG_AI_Battle_Challenge\reports\notebook54\section4\section4ud_adapter_interface_profile.csv,section4ud_adapter_interface_profile.csv,.csv,1193,[],0
D:\02_AI_and_Data\Kaggle-AI-Agents\PTCG_AI_Battle_Challenge\reports\notebook52\section6\section6b_artifact_inventory.csv,section6b_artifact_inventory.csv,.csv,1188,[],0
D:\02_AI_and_Data\Kaggle-AI-Agents\PTCG_AI_Battle_Challenge\reports\notebook46\current_player_adapter_resolution.json,current_player_adapter_resolution.json,.json,1186,[],0
D:\02_AI_and_Data\Kaggle-AI-Agents\PTCG_AI_Battle_Challenge\reports\notebook54\section4\section4u_runtime_symbols.csv,section4u_runtime_symbols.csv,.csv,1124,[],0
D:\02_AI_and_Data\Kaggle-AI-Agents\PTCG_AI_Battle_Challenge\reports\notebook33\sample_observations.csv,sample_observations.csv,.csv,1104,[],0
D:\02_AI_and_Data\Kaggle-AI-Agents\PTCG_AI_Battle_Challenge\reports\notebook53\section4\section4a_dataset_profiles.csv,section4a_dataset_profiles.csv,.csv,1097,[],0
D:\02_AI_and_Data\Kaggle-AI-Agents\PTCG_AI_Battle_Challenge\reports\notebook53\section4\section4a_selected_dataset_columns.csv,section4a_selected_dataset_columns.csv,.csv,1074,[],0
D:\02_AI_and_Data\Kaggle-AI-Agents\PTCG_AI_Battle_Challenge\reports\notebook49\section8\policy_dataset\section8c_summary.json,section8c_summary.json,.json,1058,[],0
D:\02_AI_and_Data\Kaggle-AI-Agents\PTCG_AI_Battle_Challenge\reports\notebook50\section2\dataset_splits\section2a_split_summary.json,section2a_split_summary.json,.json,1053,[],0
D:\02_AI_and_Data\Kaggle-AI-Agents\PTCG_AI_Battle_Challenge\reports\notebook53\section2\section2a_fallback_decisions.csv,section2a_fallback_decisions.csv,.csv,1037,[],0
D:\02_AI_and_Data\Kaggle-AI-Agents\PTCG_AI_Battle_Challenge\reports\notebook29\state_frequency.csv,state_frequency.csv,.csv,1030,[],0
D:\02_AI_and_Data\Kaggle-AI-Agents\PTCG_AI_Battle_Challenge\reports\notebook54\section4\section4q_verified_printed_actions.csv,section4q_verified_printed_actions.csv,.csv,1025,[],0
D:\02_AI_and_Data\Kaggle-AI-Agents\PTCG_AI_Battle_Challenge\reports\notebook54\section4\section4h_targeted_pdf_lookup_summary.json,section4h_targeted_pdf_lookup_summary.json,.json,1018,[],0
D:\02_AI_and_Data\Kaggle-AI-Agents\PTCG_AI_Battle_Challenge\reports\notebook50\section3\feature_engineering\section3b_feature_validation_summary.json,section3b_feature_validation_summary.json,.json,1008,[],0
D:\02_AI_and_Data\Kaggle-AI-Agents\PTCG_AI_Battle_Challenge\reports\notebook54\section3\section3b_supported_action_discovery_summary.json,section3b_supported_action_discovery_summary.json,.json,1001,[],0
D:\02_AI_and_Data\Kaggle-AI-Agents\PTCG_AI_Battle_Challenge\reports\notebook54\section1\section1b_notebook53_handoff_profile.csv,section1b_notebook53_handoff_profile.csv,.csv,995,[],0
D:\02_AI_and_Data\Kaggle-AI-Agents\PTCG_AI_Battle_Challenge\reports\notebook54\section4\section4s_energy_evidence_recovery_summary.json,section4s_energy_evidence_recovery_summary.json,.json,994,[],0
D:\02_AI_and_Data\Kaggle-AI-Agents\PTCG_AI_Battle_Challenge\reports\notebook53\section2\section2b_root_cause_summary.json,section2b_root_cause_summary.json,.json,993,[],0
D:\02_AI_and_Data\Kaggle-AI-Agents\PTCG_AI_Battle_Challenge\reports\notebook54\section3\section3a_action_availability_summary.json,section3a_action_availability_summary.json,.json,989,[],0
D:\02_AI_and_Data\Kaggle-AI-Agents\PTCG_AI_Battle_Challenge\reports\notebook54\section4\section4m_pdf_destination_resolution_summary.json,section4m_pdf_destination_resolution_summary.json,.json,981,[],0
D:\02_AI_and_Data\Kaggle-AI-Agents\PTCG_AI_Battle_Challenge\reports\notebook45\ppo_observation_action_schema.json,ppo_observation_action_schema.json,.json,961,[],0
D:\02_AI_and_Data\Kaggle-AI-Agents\PTCG_AI_Battle_Challenge\reports\notebook47\competitive_policy_training_summary.json,competitive_policy_training_summary.json,.json,947,[],0
D:\02_AI_and_Data\Kaggle-AI-Agents\PTCG_AI_Battle_Challenge\reports\notebook50\section6\section6b_deployment_smoke_test.csv,section6b_deployment_smoke_test.csv,.csv,945,[],0
D:\02_AI_and_Data\Kaggle-AI-Agents\PTCG_AI_Battle_Challenge\reports\notebook54\section4\section4uc_adapter_method_profile.csv,section4uc_adapter_method_profile.csv,.csv,940,[],0
D:\02_AI_and_Data\Kaggle-AI-Agents\PTCG_AI_Battle_Challenge\reports\notebook54\section4\section4j_official_candidate_comparison.csv,section4j_official_candidate_comparison.csv,.csv,938,[],0
D:\02_AI_and_Data\Kaggle-AI-Agents\PTCG_AI_Battle_Challenge\reports\notebook53\section5\section5a_target_distribution_by_split.csv,section5a_target_distribution_by_split.csv,.csv,936,[],0
D:\02_AI_and_Data\Kaggle-AI-Agents\PTCG_AI_Battle_Challenge\reports\notebook54\section3\section3b_mechanic_support_discovery.csv,section3b_mechanic_support_discovery.csv,.csv,928,[],0
D:\02_AI_and_Data\Kaggle-AI-Agents\PTCG_AI_Battle_Challenge\reports\notebook50\section1\environment_and_handoff\section1c_dataset_validation_checks.csv,section1c_dataset_validation_checks.csv,.csv,919,[],0
D:\02_AI_and_Data\Kaggle-AI-Agents\PTCG_AI_Battle_Challenge\reports\notebook54\section2\section2b_strategic_root_cause_summary.json,section2b_strategic_root_cause_summary.json,.json,904,[],0
D:\02_AI_and_Data\Kaggle-AI-Agents\PTCG_AI_Battle_Challenge\reports\notebook46\real_search_expert_summary.json,real_search_expert_summary.json,.json,900,[],0
D:\02_AI_and_Data\Kaggle-AI-Agents\PTCG_AI_Battle_Challenge\reports\notebook54\section4\section4q_verified_action_catalog_summary.json,section4q_verified_action_catalog_summary.json,.json,894,[],0
D:\02_AI_and_Data\Kaggle-AI-Agents\PTCG_AI_Battle_Challenge\reports\notebook53\section6\section6b_frozen_benchmark_summary.json,section6b_frozen_benchmark_summary.json,.json,886,[],0
D:\02_AI_and_Data\Kaggle-AI-Agents\PTCG_AI_Battle_Challenge\reports\notebook54\section4\section4i_section4h_identifier_repair.csv,section4i_section4h_identifier_repair.csv,.csv,865,[],0
D:\02_AI_and_Data\Kaggle-AI-Agents\PTCG_AI_Battle_Challenge\reports\notebook54\section4\section4r_action_availability_gap_summary.json,section4r_action_availability_gap_summary.json,.json,864,[],0
D:\02_AI_and_Data\Kaggle-AI-Agents\PTCG_AI_Battle_Challenge\reports\notebook50\section1\environment_and_handoff\section1b_handoff_load_summary.json,section1b_handoff_load_summary.json,.json,864,[],0
D:\02_AI_and_Data\Kaggle-AI-Agents\PTCG_AI_Battle_Challenge\reports\notebook54\section4\section4ud_production_adapter_instantiation_summary.json,section4ud_production_adapter_instantiation_summary.json,.json,862,[],0
D:\02_AI_and_Data\Kaggle-AI-Agents\PTCG_AI_Battle_Challenge\reports\notebook49\section5_module_inventory.csv,section5_module_inventory.csv,.csv,856,[],0
D:\02_AI_and_Data\Kaggle-AI-Agents\PTCG_AI_Battle_Challenge\reports\notebook54\section4\section4j_simulator_version_matching_summary.json,section4j_simulator_version_matching_summary.json,.json,852,[],0
D:\02_AI_and_Data\Kaggle-AI-Agents\PTCG_AI_Battle_Challenge\reports\notebook53\section5\section5a_test_weights.csv,section5a_test_weights.csv,.csv,851,[],0
D:\02_AI_and_Data\Kaggle-AI-Agents\PTCG_AI_Battle_Challenge\reports\notebook27\full_game_series.csv,full_game_series.csv,.csv,846,[],0
D:\02_AI_and_Data\Kaggle-AI-Agents\PTCG_AI_Battle_Challenge\reports\notebook53\section5\section5a_validation_weights.csv,section5a_validation_weights.csv,.csv,845,[],0
D:\02_AI_and_Data\Kaggle-AI-Agents\PTCG_AI_Battle_Challenge\reports\notebook54\section4\section4q_validation_checks.csv,section4q_validation_checks.csv,.csv,844,[],0
D:\02_AI_and_Data\Kaggle-AI-Agents\PTCG_AI_Battle_Challenge\reports\notebook53\section6\section6a_model_training_summary.json,section6a_model_training_summary.json,.json,841,[],0
D:\02_AI_and_Data\Kaggle-AI-Agents\PTCG_AI_Battle_Challenge\reports\notebook54\section4\section4b_candidate_transition_summary.json,section4b_candidate_transition_summary.json,.json,832,[],0
D:\02_AI_and_Data\Kaggle-AI-Agents\PTCG_AI_Battle_Challenge\reports\notebook46\actor_perspective_dataset_audit.json,actor_perspective_dataset_audit.json,.json,824,[],0
D:\02_AI_and_Data\Kaggle-AI-Agents\PTCG_AI_Battle_Challenge\reports\notebook54\section3\section3a_structural_intervention_summary.csv,section3a_structural_intervention_summary.csv,.csv,822,[],0
D:\02_AI_and_Data\Kaggle-AI-Agents\PTCG_AI_Battle_Challenge\reports\notebook49\section2_difficulty_analysis.json,section2_difficulty_analysis.json,.json,816,[],0
D:\02_AI_and_Data\Kaggle-AI-Agents\PTCG_AI_Battle_Challenge\reports\notebook54\section4\section4uc_production_adapter_reconstruction_summary.json,section4uc_production_adapter_reconstruction_summary.json,.json,807,[],0
D:\02_AI_and_Data\Kaggle-AI-Agents\PTCG_AI_Battle_Challenge\reports\notebook54\section4\section4j_validation_checks.csv,section4j_validation_checks.csv,.csv,805,[],0
D:\02_AI_and_Data\Kaggle-AI-Agents\PTCG_AI_Battle_Challenge\reports\notebook53\section5\section5a_signature_distribution_by_split.csv,section5a_signature_distribution_by_split.csv,.csv,805,[],0
D:\02_AI_and_Data\Kaggle-AI-Agents\PTCG_AI_Battle_Challenge\reports\notebook54\section4\section4l_pdf_link_structure_summary.json,section4l_pdf_link_structure_summary.json,.json,794,[],0
D:\02_AI_and_Data\Kaggle-AI-Agents\PTCG_AI_Battle_Challenge\reports\notebook53\section6\section6a_training_validation_checks.csv,section6a_training_validation_checks.csv,.csv,793,[],0
D:\02_AI_and_Data\Kaggle-AI-Agents\PTCG_AI_Battle_Challenge\reports\notebook54\section4\section4i_validation_checks.csv,section4i_validation_checks.csv,.csv,787,[],0
D:\02_AI_and_Data\Kaggle-AI-Agents\PTCG_AI_Battle_Challenge\reports\notebook54\section4\section4va_validation_checks.csv,section4va_validation_checks.csv,.csv,785,[],0
D:\02_AI_and_Data\Kaggle-AI-Agents\PTCG_AI_Battle_Challenge\reports\notebook54\section1\section1a_directory_status.csv,section1a_directory_status.csv,.csv,784,[],0
D:\02_AI_and_Data\Kaggle-AI-Agents\PTCG_AI_Battle_Challenge\reports\notebook54\section4\section4p_validation_checks.csv,section4p_validation_checks.csv,.csv,780,[],0
D:\02_AI_and_Data\Kaggle-AI-Agents\PTCG_AI_Battle_Challenge\reports\notebook53\section5\section5b_preprocessing_validation_checks.csv,section5b_preprocessing_validation_checks.csv,.csv,779,[],0
D:\02_AI_and_Data\Kaggle-AI-Agents\PTCG_AI_Battle_Challenge\reports\notebook53\section4\section4a_dataset_discovery_summary.json,section4a_dataset_discovery_summary.json,.json,773,[],0
D:\02_AI_and_Data\Kaggle-AI-Agents\PTCG_AI_Battle_Challenge\reports\notebook48\competitive_policy_side_bias.csv,competitive_policy_side_bias.csv,.csv,767,[],0
D:\02_AI_and_Data\Kaggle-AI-Agents\PTCG_AI_Battle_Challenge\reports\notebook53\section2\section2a_masking_analysis_summary.json,section2a_masking_analysis_summary.json,.json,767,[],0
D:\02_AI_and_Data\Kaggle-AI-Agents\PTCG_AI_Battle_Challenge\reports\notebook54\section4\section4va_full_replay_interface_resolution_summary.json,section4va_full_replay_interface_resolution_summary.json,.json,765,[],0
D:\02_AI_and_Data\Kaggle-AI-Agents\PTCG_AI_Battle_Challenge\reports\notebook54\section2\section2a_strategic_opportunity_summary.json,section2a_strategic_opportunity_summary.json,.json,759,[],0
D:\02_AI_and_Data\Kaggle-AI-Agents\PTCG_AI_Battle_Challenge\reports\notebook25\final_audit.json,final_audit.json,.json,757,[],0
D:\02_AI_and_Data\Kaggle-AI-Agents\PTCG_AI_Battle_Challenge\reports\notebook54\section4\section4p_leading_official_versions.csv,section4p_leading_official_versions.csv,.csv,750,[],0
D:\02_AI_and_Data\Kaggle-AI-Agents\PTCG_AI_Battle_Challenge\reports\notebook54\section1\section1b_notebook54_optimization_targets.csv,section1b_notebook54_optimization_targets.csv,.csv,747,[],0
D:\02_AI_and_Data\Kaggle-AI-Agents\PTCG_AI_Battle_Challenge\reports\notebook53\section7\section7a_notebook54_optimization_targets.csv,section7a_notebook54_optimization_targets.csv,.csv,747,[],0
D:\02_AI_and_Data\Kaggle-AI-Agents\PTCG_AI_Battle_Challenge\reports\notebook53\section7\section7a_final_summary.json,section7a_final_summary.json,.json,743,[],0
D:\02_AI_and_Data\Kaggle-AI-Agents\PTCG_AI_Battle_Challenge\reports\notebook54\section4\section4ud_validation_checks.csv,section4ud_validation_checks.csv,.csv,733,[],0
D:\02_AI_and_Data\Kaggle-AI-Agents\PTCG_AI_Battle_Challenge\reports\notebook38\rl_transition_validation_fixture.csv,rl_transition_validation_fixture.csv,.csv,728,[],0
D:\02_AI_and_Data\Kaggle-AI-Agents\PTCG_AI_Battle_Challenge\reports\notebook39\training_dataset.csv,training_dataset.csv,.csv,728,[],0
D:\02_AI_and_Data\Kaggle-AI-Agents\PTCG_AI_Battle_Challenge\reports\notebook54\section4\section4q_simulator_control_actions.csv,section4q_simulator_control_actions.csv,.csv,720,[],0
D:\02_AI_and_Data\Kaggle-AI-Agents\PTCG_AI_Battle_Challenge\reports\notebook54\section3\section3b_benchmark_action_library.csv,section3b_benchmark_action_library.csv,.csv,714,[],0
D:\02_AI_and_Data\Kaggle-AI-Agents\PTCG_AI_Battle_Challenge\reports\notebook54\section4\section4n_validation_checks.csv,section4n_validation_checks.csv,.csv,708,[],0
D:\02_AI_and_Data\Kaggle-AI-Agents\PTCG_AI_Battle_Challenge\reports\notebook54\section4\section4a_validation_checks.csv,section4a_validation_checks.csv,.csv,704,[],0
D:\02_AI_and_Data\Kaggle-AI-Agents\PTCG_AI_Battle_Challenge\reports\notebook53\section2\section2b_root_cause_factor_strength.csv,section2b_root_cause_factor_strength.csv,.csv,704,[],0
D:\02_AI_and_Data\Kaggle-AI-Agents\PTCG_AI_Battle_Challenge\reports\notebook50\section2\dataset_splits\section2b_validation_summary.json,section2b_validation_summary.json,.json,702,[],0
D:\02_AI_and_Data\Kaggle-AI-Agents\PTCG_AI_Battle_Challenge\reports\notebook53\section5\section5b_categorical_vocabulary.csv,section5b_categorical_vocabulary.csv,.csv,691,[],0
D:\02_AI_and_Data\Kaggle-AI-Agents\PTCG_AI_Battle_Challenge\reports\notebook53\section3\section3a_legality_aware_routing_summary.json,section3a_legality_aware_routing_summary.json,.json,687,[],0
D:\02_AI_and_Data\Kaggle-AI-Agents\PTCG_AI_Battle_Challenge\reports\notebook54\section4\section4u_instrumented_replay_preflight_summary.json,section4u_instrumented_replay_preflight_summary.json,.json,684,[],0
D:\02_AI_and_Data\Kaggle-AI-Agents\PTCG_AI_Battle_Challenge\reports\notebook53\section7\section7a_final_integration_profile.csv,section7a_final_integration_profile.csv,.csv,667,[],0
D:\02_AI_and_Data\Kaggle-AI-Agents\PTCG_AI_Battle_Challenge\reports\notebook53\section5\section5b_preprocessing_summary.json,section5b_preprocessing_summary.json,.json,661,[],0
D:\02_AI_and_Data\Kaggle-AI-Agents\PTCG_AI_Battle_Challenge\reports\notebook54\section4\section4r_validation_checks.csv,section4r_validation_checks.csv,.csv,657,[],0
D:\02_AI_and_Data\Kaggle-AI-Agents\PTCG_AI_Battle_Challenge\reports\notebook54\section1\section1a_imports_and_paths_summary.json,section1a_imports_and_paths_summary.json,.json,650,[],0
D:\02_AI_and_Data\Kaggle-AI-Agents\PTCG_AI_Battle_Challenge\reports\notebook54\section4\section4h_validation_checks.csv,section4h_validation_checks.csv,.csv,650,[],0
D:\02_AI_and_Data\Kaggle-AI-Agents\PTCG_AI_Battle_Challenge\reports\notebook54\section4\section4u_preflight_validation_checks.csv,section4u_preflight_validation_checks.csv,.csv,646,[],0
D:\02_AI_and_Data\Kaggle-AI-Agents\PTCG_AI_Battle_Challenge\reports\notebook53\section6\section6e_tournament_replay_summary.json,section6e_tournament_replay_summary.json,.json,640,[],0
D:\02_AI_and_Data\Kaggle-AI-Agents\PTCG_AI_Battle_Challenge\reports\notebook54\section4\section4s_validation_checks.csv,section4s_validation_checks.csv,.csv,639,[],0
D:\02_AI_and_Data\Kaggle-AI-Agents\PTCG_AI_Battle_Challenge\reports\notebook54\section4\section4ud_initial_adapter_statistics.csv,section4ud_initial_adapter_statistics.csv,.csv,639,[],0
D:\02_AI_and_Data\Kaggle-AI-Agents\PTCG_AI_Battle_Challenge\reports\notebook49\section8\final_validation\section8d_final_dataset_profile.csv,section8d_final_dataset_profile.csv,.csv,638,[],0
D:\02_AI_and_Data\Kaggle-AI-Agents\PTCG_AI_Battle_Challenge\reports\notebook40\ppo_training_package.pkl,ppo_training_package.pkl,.pkl,637,[],0
D:\02_AI_and_Data\Kaggle-AI-Agents\PTCG_AI_Battle_Challenge\models\notebook50\feature_names.json,feature_names.json,.json,637,[],0
D:\02_AI_and_Data\Kaggle-AI-Agents\PTCG_AI_Battle_Challenge\reports\notebook54\section4\section4b_validation_checks.csv,section4b_validation_checks.csv,.csv,636,[],0
D:\02_AI_and_Data\Kaggle-AI-Agents\PTCG_AI_Battle_Challenge\reports\notebook50\section7\section7a_validation_checks.csv,section7a_validation_checks.csv,.csv,635,[],0
D:\02_AI_and_Data\Kaggle-AI-Agents\PTCG_AI_Battle_Challenge\reports\notebook54\section4\section4uc_validation_checks.csv,section4uc_validation_checks.csv,.csv,633,[],0
D:\02_AI_and_Data\Kaggle-AI-Agents\PTCG_AI_Battle_Challenge\reports\notebook53\section4\section4b_legality_aware_dataset_summary.json,section4b_legality_aware_dataset_summary.json,.json,629,[],0
D:\02_AI_and_Data\Kaggle-AI-Agents\PTCG_AI_Battle_Challenge\reports\notebook53\section2\section2a_selected_action_profile.csv,section2a_selected_action_profile.csv,.csv,627,[],0
D:\02_AI_and_Data\Kaggle-AI-Agents\PTCG_AI_Battle_Challenge\reports\notebook49\section7\section7b_state_factory_report.json,section7b_state_factory_report.json,.json,618,[],0
D:\02_AI_and_Data\Kaggle-AI-Agents\PTCG_AI_Battle_Challenge\reports\notebook54\section4\section4u_sample_instrumentation_record.csv,section4u_sample_instrumentation_record.csv,.csv,617,[],0
D:\02_AI_and_Data\Kaggle-AI-Agents\PTCG_AI_Battle_Challenge\reports\notebook46\actor_relative_search_expert_summary.json,actor_relative_search_expert_summary.json,.json,613,[],0
D:\02_AI_and_Data\Kaggle-AI-Agents\PTCG_AI_Battle_Challenge\reports\notebook54\section3\section3b_simulator_source_inventory.csv,section3b_simulator_source_inventory.csv,.csv,613,[],0
D:\02_AI_and_Data\Kaggle-AI-Agents\PTCG_AI_Battle_Challenge\reports\notebook54\section3\section3a_validation_checks.csv,section3a_validation_checks.csv,.csv,612,[],0
D:\02_AI_and_Data\Kaggle-AI-Agents\PTCG_AI_Battle_Challenge\reports\notebook54\section4\section4t_energy_instrumentation_design_summary.json,section4t_energy_instrumentation_design_summary.json,.json,610,[],0
D:\02_AI_and_Data\Kaggle-AI-Agents\PTCG_AI_Battle_Challenge\reports\notebook54\section4\section4k_validation_checks.csv,section4k_validation_checks.csv,.csv,607,[],0
D:\02_AI_and_Data\Kaggle-AI-Agents\PTCG_AI_Battle_Challenge\reports\notebook54\section4\section4uc_constructor_parameters.csv,section4uc_constructor_parameters.csv,.csv,606,[],0
D:\02_AI_and_Data\Kaggle-AI-Agents\PTCG_AI_Battle_Challenge\reports\notebook53\section5\section5b_unseen_categories.csv,section5b_unseen_categories.csv,.csv,606,[],0
D:\02_AI_and_Data\Kaggle-AI-Agents\PTCG_AI_Battle_Challenge\reports\notebook54\section4\section4s_repaired_energy_diagnosis.csv,section4s_repaired_energy_diagnosis.csv,.csv,601,[],0
D:\02_AI_and_Data\Kaggle-AI-Agents\PTCG_AI_Battle_Challenge\reports\notebook54\section4\section4q_frozen_simulator_actions.csv,section4q_frozen_simulator_actions.csv,.csv,600,[],0
D:\02_AI_and_Data\Kaggle-AI-Agents\PTCG_AI_Battle_Challenge\reports\notebook52\section5\section5b_condition_summary.csv,section5b_condition_summary.csv,.csv,598,[],0
D:\02_AI_and_Data\Kaggle-AI-Agents\PTCG_AI_Battle_Challenge\reports\notebook34\policy_dataset_fitness.json,policy_dataset_fitness.json,.json,594,[],0
D:\02_AI_and_Data\Kaggle-AI-Agents\PTCG_AI_Battle_Challenge\reports\notebook52\section6\section6a_dashboard_summary.json,section6a_dashboard_summary.json,.json,593,[],0
D:\02_AI_and_Data\Kaggle-AI-Agents\PTCG_AI_Battle_Challenge\reports\notebook53\section5\section5a_group_safe_split_summary.json,section5a_group_safe_split_summary.json,.json,589,[],0
D:\02_AI_and_Data\Kaggle-AI-Agents\PTCG_AI_Battle_Challenge\reports\notebook54\section2\section2a_validation_checks.csv,section2a_validation_checks.csv,.csv,588,[],0
D:\02_AI_and_Data\Kaggle-AI-Agents\PTCG_AI_Battle_Challenge\reports\notebook54\section4\section4ud_reset_adapter_statistics.csv,section4ud_reset_adapter_statistics.csv,.csv,583,[],0
D:\02_AI_and_Data\Kaggle-AI-Agents\PTCG_AI_Battle_Challenge\reports\notebook53\section6\section6b_comparison_by_condition.csv,section6b_comparison_by_condition.csv,.csv,582,[],0
D:\02_AI_and_Data\Kaggle-AI-Agents\PTCG_AI_Battle_Challenge\reports\notebook14_summary.json,notebook14_summary.json,.json,579,[],0
D:\02_AI_and_Data\Kaggle-AI-Agents\PTCG_AI_Battle_Challenge\reports\notebook50\section2\dataset_splits\section2a_split_validation_checks.csv,section2a_split_validation_checks.csv,.csv,578,[],0
D:\02_AI_and_Data\Kaggle-AI-Agents\PTCG_AI_Battle_Challenge\reports\notebook51\section7\section7a_final_integration_profile.csv,section7a_final_integration_profile.csv,.csv,571,[],0
D:\02_AI_and_Data\Kaggle-AI-Agents\PTCG_AI_Battle_Challenge\reports\notebook53\section3\section3b_legality_aware_feature_summary.json,section3b_legality_aware_feature_summary.json,.json,567,[],0
D:\02_AI_and_Data\Kaggle-AI-Agents\PTCG_AI_Battle_Challenge\reports\notebook50\section3\feature_engineering\section3a_feature_engineering_summary.json,section3a_feature_engineering_summary.json,.json,566,[],0
D:\02_AI_and_Data\Kaggle-AI-Agents\PTCG_AI_Battle_Challenge\reports\notebook54\section2\section2b_validation_checks.csv,section2b_validation_checks.csv,.csv,562,[],0
D:\02_AI_and_Data\Kaggle-AI-Agents\PTCG_AI_Battle_Challenge\reports\notebook54\section3\section3b_validation_checks.csv,section3b_validation_checks.csv,.csv,562,[],0
D:\02_AI_and_Data\Kaggle-AI-Agents\PTCG_AI_Battle_Challenge\reports\notebook51\section6\section6c_simulator_binding_summary.json,section6c_simulator_binding_summary.json,.json,562,[],0
D:\02_AI_and_Data\Kaggle-AI-Agents\PTCG_AI_Battle_Challenge\reports\notebook54\section4\section4c_remaining_candidates.csv,section4c_remaining_candidates.csv,.csv,561,[],0
D:\02_AI_and_Data\Kaggle-AI-Agents\PTCG_AI_Battle_Challenge\reports\notebook54\section4\section4m_destination_page_profile.csv,section4m_destination_page_profile.csv,.csv,560,[],0
D:\02_AI_and_Data\Kaggle-AI-Agents\PTCG_AI_Battle_Challenge\reports\notebook47\dataset_split_summary.json,dataset_split_summary.json,.json,559,[],0
D:\02_AI_and_Data\Kaggle-AI-Agents\PTCG_AI_Battle_Challenge\reports\notebook46\competitive_schema.json,competitive_schema.json,.json,558,[],0
D:\02_AI_and_Data\Kaggle-AI-Agents\PTCG_AI_Battle_Challenge\reports\notebook45\final_submission_readiness.json,final_submission_readiness.json,.json,556,[],0
D:\02_AI_and_Data\Kaggle-AI-Agents\PTCG_AI_Battle_Challenge\reports\notebook52\section5\section5b_summary.json,section5b_summary.json,.json,551,[],0
D:\02_AI_and_Data\Kaggle-AI-Agents\PTCG_AI_Battle_Challenge\reports\notebook53\section6\section6b_comparison_by_action_state.csv,section6b_comparison_by_action_state.csv,.csv,548,[],0
D:\02_AI_and_Data\Kaggle-AI-Agents\PTCG_AI_Battle_Challenge\reports\notebook53\section1\section1b_handoff_validation_summary.json,section1b_handoff_validation_summary.json,.json,547,[],0
D:\02_AI_and_Data\Kaggle-AI-Agents\PTCG_AI_Battle_Challenge\reports\notebook54\section4\section4m_validation_checks.csv,section4m_validation_checks.csv,.csv,540,[],0
D:\02_AI_and_Data\Kaggle-AI-Agents\PTCG_AI_Battle_Challenge\reports\notebook50\section5\policy_evaluation\section5c_policy_evaluation_summary.json,section5c_policy_evaluation_summary.json,.json,538,[],0
D:\02_AI_and_Data\Kaggle-AI-Agents\PTCG_AI_Battle_Challenge\reports\notebook52\section4\analysis\section4b_matchup_summary.csv,section4b_matchup_summary.csv,.csv,533,[],0
D:\02_AI_and_Data\Kaggle-AI-Agents\PTCG_AI_Battle_Challenge\reports\notebook29\replay_analysis_summary.json,replay_analysis_summary.json,.json,531,[],0
D:\02_AI_and_Data\Kaggle-AI-Agents\PTCG_AI_Battle_Challenge\reports\notebook54\section4\section4t_simulator_source_symbols.csv,section4t_simulator_source_symbols.csv,.csv,529,[],0
D:\02_AI_and_Data\Kaggle-AI-Agents\PTCG_AI_Battle_Challenge\reports\notebook50\section2\dataset_splits\section2b_target_profile.csv,section2b_target_profile.csv,.csv,529,[],0
D:\02_AI_and_Data\Kaggle-AI-Agents\PTCG_AI_Battle_Challenge\reports\notebook54\section4\section4h_hybrid_identifier_resolution.csv,section4h_hybrid_identifier_resolution.csv,.csv,527,[],0
D:\02_AI_and_Data\Kaggle-AI-Agents\PTCG_AI_Battle_Challenge\reports\notebook52\section7\section7a_optimization_targets.csv,section7a_optimization_targets.csv,.csv,524,[],0
D:\02_AI_and_Data\Kaggle-AI-Agents\PTCG_AI_Battle_Challenge\reports\notebook50\section7\section7a_final_model_profile.csv,section7a_final_model_profile.csv,.csv,522,[],0
D:\02_AI_and_Data\Kaggle-AI-Agents\PTCG_AI_Battle_Challenge\reports\notebook52\section4\analysis\section4b_diagnostics.csv,section4b_diagnostics.csv,.csv,516,[],0
D:\02_AI_and_Data\Kaggle-AI-Agents\PTCG_AI_Battle_Challenge\reports\notebook54\section4\section4c_candidate_provenance_repair_summary.json,section4c_candidate_provenance_repair_summary.json,.json,512,[],0
D:\02_AI_and_Data\Kaggle-AI-Agents\PTCG_AI_Battle_Challenge\reports\notebook52\section4\analysis\section4b_action_summary.csv,section4b_action_summary.csv,.csv,512,[],0
D:\02_AI_and_Data\Kaggle-AI-Agents\PTCG_AI_Battle_Challenge\reports\notebook52\section7\section7a_final_tournament_profile.csv,section7a_final_tournament_profile.csv,.csv,510,[],0
D:\02_AI_and_Data\Kaggle-AI-Agents\PTCG_AI_Battle_Challenge\reports\notebook49\section8\final_validation\section8d_final_summary.json,section8d_final_summary.json,.json,510,[],0
D:\02_AI_and_Data\Kaggle-AI-Agents\PTCG_AI_Battle_Challenge\reports\notebook35\production_field_mapping.csv,production_field_mapping.csv,.csv,508,[],0
D:\02_AI_and_Data\Kaggle-AI-Agents\PTCG_AI_Battle_Challenge\reports\notebook54\section4\section4d_validation_checks.csv,section4d_validation_checks.csv,.csv,507,[],0
D:\02_AI_and_Data\Kaggle-AI-Agents\PTCG_AI_Battle_Challenge\reports\notebook54\section4\section4l_validation_checks.csv,section4l_validation_checks.csv,.csv,507,[],0
D:\02_AI_and_Data\Kaggle-AI-Agents\PTCG_AI_Battle_Challenge\reports\notebook54\section4\section4i_targeted_page_profile.csv,section4i_targeted_page_profile.csv,.csv,501,[],0
D:\02_AI_and_Data\Kaggle-AI-Agents\PTCG_AI_Battle_Challenge\reports\notebook54\section4\section4t_validation_checks.csv,section4t_validation_checks.csv,.csv,501,[],0
D:\02_AI_and_Data\Kaggle-AI-Agents\PTCG_AI_Battle_Challenge\reports\notebook53\section4\section4b_legality_aware_target_distribution.csv,section4b_legality_aware_target_distribution.csv,.csv,499,[],0
D:\02_AI_and_Data\Kaggle-AI-Agents\PTCG_AI_Battle_Challenge\reports\notebook54\section4\section4r_availability_by_condition.csv,section4r_availability_by_condition.csv,.csv,498,[],0
D:\02_AI_and_Data\Kaggle-AI-Agents\PTCG_AI_Battle_Challenge\reports\notebook54\section3\section3b_supported_action_design.csv,section3b_supported_action_design.csv,.csv,497,[],0
D:\02_AI_and_Data\Kaggle-AI-Agents\PTCG_AI_Battle_Challenge\reports\notebook49\section3_priority_loss_groups.csv,section3_priority_loss_groups.csv,.csv,493,[],0
D:\02_AI_and_Data\Kaggle-AI-Agents\PTCG_AI_Battle_Challenge\reports\notebook39\dataset_loader_manifest.json,dataset_loader_manifest.json,.json,490,[],0
D:\02_AI_and_Data\Kaggle-AI-Agents\PTCG_AI_Battle_Challenge\reports\notebook53\section1\section1b_notebook52_handoff_profile.csv,section1b_notebook52_handoff_profile.csv,.csv,481,[],0
D:\02_AI_and_Data\Kaggle-AI-Agents\PTCG_AI_Battle_Challenge\reports\notebook52\section6\section6b_benchmark_profile.csv,section6b_benchmark_profile.csv,.csv,470,[],0
D:\02_AI_and_Data\Kaggle-AI-Agents\PTCG_AI_Battle_Challenge\reports\notebook53\section2\section2b_root_cause_by_confidence_band.csv,section2b_root_cause_by_confidence_band.csv,.csv,468,[],0
D:\02_AI_and_Data\Kaggle-AI-Agents\PTCG_AI_Battle_Challenge\reports\notebook52\section4\section4a_single_pass_summary.json,section4a_single_pass_summary.json,.json,468,[],0
D:\02_AI_and_Data\Kaggle-AI-Agents\PTCG_AI_Battle_Challenge\reports\notebook51\section7\section7a_final_summary.json,section7a_final_summary.json,.json,464,[],0
D:\02_AI_and_Data\Kaggle-AI-Agents\PTCG_AI_Battle_Challenge\reports\notebook50\section2\dataset_splits\section2b_side_balance_profile.csv,section2b_side_balance_profile.csv,.csv,462,[],0
D:\02_AI_and_Data\Kaggle-AI-Agents\PTCG_AI_Battle_Challenge\reports\notebook49\section6_hard_example_summary.csv,section6_hard_example_summary.csv,.csv,461,[],0
D:\02_AI_and_Data\Kaggle-AI-Agents\PTCG_AI_Battle_Challenge\reports\notebook52\section4\analysis\section4b_summary.json,section4b_summary.json,.json,459,[],0
D:\02_AI_and_Data\Kaggle-AI-Agents\PTCG_AI_Battle_Challenge\reports\notebook54\section4\section4r_action_availability_gap_diagnosis.csv,section4r_action_availability_gap_diagnosis.csv,.csv,457,[],0
D:\02_AI_and_Data\Kaggle-AI-Agents\PTCG_AI_Battle_Challenge\reports\notebook49\section6_reproducibility_fields.csv,section6_reproducibility_fields.csv,.csv,451,[],0
D:\02_AI_and_Data\Kaggle-AI-Agents\PTCG_AI_Battle_Challenge\reports\notebook51\section6\section6d_real_state_summary.json,section6d_real_state_summary.json,.json,445,[],0
D:\02_AI_and_Data\Kaggle-AI-Agents\PTCG_AI_Battle_Challenge\reports\notebook50\section2\dataset_splits\section2a_split_side_profile.csv,section2a_split_side_profile.csv,.csv,442,[],0
D:\02_AI_and_Data\Kaggle-AI-Agents\PTCG_AI_Battle_Challenge\reports\notebook54\section4\section4g_validation_checks.csv,section4g_validation_checks.csv,.csv,439,[],0
D:\02_AI_and_Data\Kaggle-AI-Agents\PTCG_AI_Battle_Challenge\reports\notebook49\section7\section7c_state_variant_summary.json,section7c_state_variant_summary.json,.json,436,[],0
D:\02_AI_and_Data\Kaggle-AI-Agents\PTCG_AI_Battle_Challenge\reports\notebook53\section2\section2b_root_cause_by_condition.csv,section2b_root_cause_by_condition.csv,.csv,431,[],0
D:\02_AI_and_Data\Kaggle-AI-Agents\PTCG_AI_Battle_Challenge\reports\notebook31\opponent_library.csv,opponent_library.csv,.csv,429,[],0
D:\02_AI_and_Data\Kaggle-AI-Agents\PTCG_AI_Battle_Challenge\reports\notebook53\section6\section6c_policy_adapter_summary.json,section6c_policy_adapter_summary.json,.json,428,[],0
D:\02_AI_and_Data\Kaggle-AI-Agents\PTCG_AI_Battle_Challenge\reports\notebook28\self_play_summary.json,self_play_summary.json,.json,426,[],0
D:\02_AI_and_Data\Kaggle-AI-Agents\PTCG_AI_Battle_Challenge\reports\notebook31\opponent_behavior_comparison.csv,opponent_behavior_comparison.csv,.csv,426,[],0
D:\02_AI_and_Data\Kaggle-AI-Agents\PTCG_AI_Battle_Challenge\reports\notebook48\final_competitive_strength_table.csv,final_competitive_strength_table.csv,.csv,424,[],0
D:\02_AI_and_Data\Kaggle-AI-Agents\PTCG_AI_Battle_Challenge\reports\notebook54\section4\section4b_runtime_symbols.csv,section4b_runtime_symbols.csv,.csv,420,[],0
D:\02_AI_and_Data\Kaggle-AI-Agents\PTCG_AI_Battle_Challenge\reports\notebook53\section2\section2b_root_cause_by_energy_band.csv,section2b_root_cause_by_energy_band.csv,.csv,420,[],0
D:\02_AI_and_Data\Kaggle-AI-Agents\PTCG_AI_Battle_Challenge\reports\notebook54\section4\section4e_validation_checks.csv,section4e_validation_checks.csv,.csv,417,[],0
D:\02_AI_and_Data\Kaggle-AI-Agents\PTCG_AI_Battle_Challenge\reports\notebook54\section4\section4m_destination_assignment_profile.csv,section4m_destination_assignment_profile.csv,.csv,416,[],0
D:\02_AI_and_Data\Kaggle-AI-Agents\PTCG_AI_Battle_Challenge\reports\notebook50\section1\environment_and_handoff\section1c_schema_report.csv,section1c_schema_report.csv,.csv,414,[],0
D:\02_AI_and_Data\Kaggle-AI-Agents\PTCG_AI_Battle_Challenge\reports\notebook53\section3\section3a_theoretical_improvement_profile.csv,section3a_theoretical_improvement_profile.csv,.csv,412,[],0
D:\02_AI_and_Data\Kaggle-AI-Agents\PTCG_AI_Battle_Challenge\reports\notebook38\replay_adapter_integration.csv,replay_adapter_integration.csv,.csv,411,[],0
D:\02_AI_and_Data\Kaggle-AI-Agents\PTCG_AI_Battle_Challenge\reports\notebook52\section6\section6b_validation_summary.json,section6b_validation_summary.json,.json,409,[],0
D:\02_AI_and_Data\Kaggle-AI-Agents\PTCG_AI_Battle_Challenge\reports\notebook54\section4\section4f_validation_checks.csv,section4f_validation_checks.csv,.csv,408,[],0
D:\02_AI_and_Data\Kaggle-AI-Agents\PTCG_AI_Battle_Challenge\reports\notebook54\section2\section2b_root_cause_category_summary.csv,section2b_root_cause_category_summary.csv,.csv,403,[],0
D:\02_AI_and_Data\Kaggle-AI-Agents\PTCG_AI_Battle_Challenge\reports\notebook44\ppo_self_play_benchmark.pkl,ppo_self_play_benchmark.pkl,.pkl,402,[],0
D:\02_AI_and_Data\Kaggle-AI-Agents\PTCG_AI_Battle_Challenge\reports\notebook52\section3\section3b_tournament_scenario_summary.json,section3b_tournament_scenario_summary.json,.json,402,[],0
D:\02_AI_and_Data\Kaggle-AI-Agents\PTCG_AI_Battle_Challenge\reports\notebook53\section2\section2a_decision_category_summary.csv,section2a_decision_category_summary.csv,.csv,400,[],0
D:\02_AI_and_Data\Kaggle-AI-Agents\PTCG_AI_Battle_Challenge\reports\notebook54\section4\section4j_leading_simulator_version_matches.csv,section4j_leading_simulator_version_matches.csv,.csv,399,[],0
D:\02_AI_and_Data\Kaggle-AI-Agents\PTCG_AI_Battle_Challenge\reports\notebook54\section4\section4ud_policy_instance_attributes.csv,section4ud_policy_instance_attributes.csv,.csv,398,[],0
D:\02_AI_and_Data\Kaggle-AI-Agents\PTCG_AI_Battle_Challenge\reports\notebook51\section6\section6e_policy_runner_adapter_summary.json,section6e_policy_runner_adapter_summary.json,.json,394,[],0
D:\02_AI_and_Data\Kaggle-AI-Agents\PTCG_AI_Battle_Challenge\reports\notebook53\section2\section2a_prediction_transition_matrix.csv,section2a_prediction_transition_matrix.csv,.csv,391,[],0
D:\02_AI_and_Data\Kaggle-AI-Agents\PTCG_AI_Battle_Challenge\reports\notebook52\section7\section7a_final_summary.json,section7a_final_summary.json,.json,391,[],0
D:\02_AI_and_Data\Kaggle-AI-Agents\PTCG_AI_Battle_Challenge\reports\notebook43\ppo_policy_evaluation.pkl,ppo_policy_evaluation.pkl,.pkl,388,[],0
D:\02_AI_and_Data\Kaggle-AI-Agents\PTCG_AI_Battle_Challenge\reports\notebook50\section7\section7a_final_summary.json,section7a_final_summary.json,.json,388,[],0
D:\02_AI_and_Data\Kaggle-AI-Agents\PTCG_AI_Battle_Challenge\reports\notebook49\section8\policy_dataset\section8c_dataset_statistics.csv,section8c_dataset_statistics.csv,.csv,386,[],0
D:\02_AI_and_Data\Kaggle-AI-Agents\PTCG_AI_Battle_Challenge\reports\notebook49\section8\batch_search\section8b_search_summary.json,section8b_search_summary.json,.json,377,[],0
D:\02_AI_and_Data\Kaggle-AI-Agents\PTCG_AI_Battle_Challenge\reports\notebook52\section6\section6a_condition_leaderboard.csv,section6a_condition_leaderboard.csv,.csv,376,[],0
D:\02_AI_and_Data\Kaggle-AI-Agents\PTCG_AI_Battle_Challenge\reports\notebook52\section5\analysis\section5c_condition_analysis.csv,section5c_condition_analysis.csv,.csv,376,[],0
D:\02_AI_and_Data\Kaggle-AI-Agents\PTCG_AI_Battle_Challenge\reports\notebook52\section5\section5a_condition_summary.csv,section5a_condition_summary.csv,.csv,375,[],0
D:\02_AI_and_Data\Kaggle-AI-Agents\PTCG_AI_Battle_Challenge\reports\notebook54\section4\section4b_candidate_damage_profile.csv,section4b_candidate_damage_profile.csv,.csv,374,[],0
D:\02_AI_and_Data\Kaggle-AI-Agents\PTCG_AI_Battle_Challenge\reports\notebook53\section3\section3a_routing_mode_summary.csv,section3a_routing_mode_summary.csv,.csv,374,[],0
D:\02_AI_and_Data\Kaggle-AI-Agents\PTCG_AI_Battle_Challenge\reports\notebook54\section4\section4b_candidate_transition_failures.csv,section4b_candidate_transition_failures.csv,.csv,372,[],0
D:\02_AI_and_Data\Kaggle-AI-Agents\PTCG_AI_Battle_Challenge\reports\notebook53\section2\section2a_masking_by_side.csv,section2a_masking_by_side.csv,.csv,371,[],0
D:\02_AI_and_Data\Kaggle-AI-Agents\PTCG_AI_Battle_Challenge\reports\notebook52\section6\section6a_action_distribution.csv,section6a_action_distribution.csv,.csv,364,[],0
D:\02_AI_and_Data\Kaggle-AI-Agents\PTCG_AI_Battle_Challenge\reports\notebook36\training_pipeline_architecture.csv,training_pipeline_architecture.csv,.csv,362,[],0
D:\02_AI_and_Data\Kaggle-AI-Agents\PTCG_AI_Battle_Challenge\reports\notebook49\section3_side_by_baseline_performance.csv,section3_side_by_baseline_performance.csv,.csv,362,[],0
D:\02_AI_and_Data\Kaggle-AI-Agents\PTCG_AI_Battle_Challenge\reports\notebook35\production_dataset_contract.csv,production_dataset_contract.csv,.csv,359,[],0
D:\02_AI_and_Data\Kaggle-AI-Agents\PTCG_AI_Battle_Challenge\reports\notebook38\rl_transition_contract.csv,rl_transition_contract.csv,.csv,359,[],0
D:\02_AI_and_Data\Kaggle-AI-Agents\PTCG_AI_Battle_Challenge\reports\notebook53\section2\section2b_root_cause_by_action_count.csv,section2b_root_cause_by_action_count.csv,.csv,359,[],0
D:\02_AI_and_Data\Kaggle-AI-Agents\PTCG_AI_Battle_Challenge\reports\notebook51\section6\section6a_binding_candidates.csv,section6a_binding_candidates.csv,.csv,359,[],0
D:\02_AI_and_Data\Kaggle-AI-Agents\PTCG_AI_Battle_Challenge\reports\notebook51\section6\section6d_real_state_transition.csv,section6d_real_state_transition.csv,.csv,358,[],0
D:\02_AI_and_Data\Kaggle-AI-Agents\PTCG_AI_Battle_Challenge\reports\notebook53\section3\section3a_legal_action_availability.csv,section3a_legal_action_availability.csv,.csv,357,[],0
D:\02_AI_and_Data\Kaggle-AI-Agents\PTCG_AI_Battle_Challenge\reports\notebook54\section4\section4c_validation_checks.csv,section4c_validation_checks.csv,.csv,355,[],0
D:\02_AI_and_Data\Kaggle-AI-Agents\PTCG_AI_Battle_Challenge\reports\notebook50\section2\dataset_splits\section2a_split_profile.csv,section2a_split_profile.csv,.csv,352,[],0
D:\02_AI_and_Data\Kaggle-AI-Agents\PTCG_AI_Battle_Challenge\reports\notebook27\full_game_summary.json,full_game_summary.json,.json,346,[],0
D:\02_AI_and_Data\Kaggle-AI-Agents\PTCG_AI_Battle_Challenge\reports\notebook39\dataset_type_shape_audit.csv,dataset_type_shape_audit.csv,.csv,341,[],0
D:\02_AI_and_Data\Kaggle-AI-Agents\PTCG_AI_Battle_Challenge\reports\notebook54\section4\section4va_legal_action_support_objects.csv,section4va_legal_action_support_objects.csv,.csv,341,[],0
D:\02_AI_and_Data\Kaggle-AI-Agents\PTCG_AI_Battle_Challenge\reports\notebook53\section6\section6a_split_metrics.csv,section6a_split_metrics.csv,.csv,339,[],0
D:\02_AI_and_Data\Kaggle-AI-Agents\PTCG_AI_Battle_Challenge\reports\notebook50\section1\environment_and_handoff\section1c_variant_profile.csv,section1c_variant_profile.csv,.csv,337,[],0
D:\02_AI_and_Data\Kaggle-AI-Agents\PTCG_AI_Battle_Challenge\reports\notebook54\section4\section4va_simulation_parameters.csv,section4va_simulation_parameters.csv,.csv,335,[],0
D:\02_AI_and_Data\Kaggle-AI-Agents\PTCG_AI_Battle_Challenge\reports\notebook39\dataset_integrity_audit.csv,dataset_integrity_audit.csv,.csv,330,[],0
D:\02_AI_and_Data\Kaggle-AI-Agents\PTCG_AI_Battle_Challenge\reports\notebook54\section2\section2b_root_cause_by_condition.csv,section2b_root_cause_by_condition.csv,.csv,327,[],0
D:\02_AI_and_Data\Kaggle-AI-Agents\PTCG_AI_Battle_Challenge\reports\notebook53\section2\section2a_masking_by_condition.csv,section2a_masking_by_condition.csv,.csv,327,[],0
D:\02_AI_and_Data\Kaggle-AI-Agents\PTCG_AI_Battle_Challenge\reports\notebook52\section5\section5a_summary.json,section5a_summary.json,.json,327,[],0
D:\02_AI_and_Data\Kaggle-AI-Agents\PTCG_AI_Battle_Challenge\reports\notebook49\section8\policy_dataset\section8c_side_summary.csv,section8c_side_summary.csv,.csv,325,[],0
D:\02_AI_and_Data\Kaggle-AI-Agents\PTCG_AI_Battle_Challenge\reports\notebook54\section2\section2a_overall_opportunity_profile.csv,section2a_overall_opportunity_profile.csv,.csv,322,[],0
D:\02_AI_and_Data\Kaggle-AI-Agents\PTCG_AI_Battle_Challenge\reports\notebook50\section6\section6a_weight_profile.csv,section6a_weight_profile.csv,.csv,320,[],0
D:\02_AI_and_Data\Kaggle-AI-Agents\PTCG_AI_Battle_Challenge\reports\notebook50\section5\policy_evaluation\section5a_weight_profile.csv,section5a_weight_profile.csv,.csv,320,[],0
D:\02_AI_and_Data\Kaggle-AI-Agents\PTCG_AI_Battle_Challenge\reports\notebook53\section6\section6e_tournament_replay_condition_summary.csv,section6e_tournament_replay_condition_summary.csv,.csv,318,[],0
D:\02_AI_and_Data\Kaggle-AI-Agents\PTCG_AI_Battle_Challenge\reports\notebook54\section4\section4u_runtime_energy_probe.csv,section4u_runtime_energy_probe.csv,.csv,317,[],0
D:\02_AI_and_Data\Kaggle-AI-Agents\PTCG_AI_Battle_Challenge\reports\notebook35\production_interface.json,production_interface.json,.json,316,[],0
D:\02_AI_and_Data\Kaggle-AI-Agents\PTCG_AI_Battle_Challenge\reports\notebook53\section3\section3a_routing_reason_summary.csv,section3a_routing_reason_summary.csv,.csv,315,[],0
D:\02_AI_and_Data\Kaggle-AI-Agents\PTCG_AI_Battle_Challenge\reports\notebook53\section6\section6a_test_confusion_matrix.csv,section6a_test_confusion_matrix.csv,.csv,314,[],0
D:\02_AI_and_Data\Kaggle-AI-Agents\PTCG_AI_Battle_Challenge\reports\notebook53\section6\section6a_validation_confusion_matrix.csv,section6a_validation_confusion_matrix.csv,.csv,314,[],0
D:\02_AI_and_Data\Kaggle-AI-Agents\PTCG_AI_Battle_Challenge\reports\notebook53\section2\section2a_raw_prediction_profile.csv,section2a_raw_prediction_profile.csv,.csv,313,[],0
D:\02_AI_and_Data\Kaggle-AI-Agents\PTCG_AI_Battle_Challenge\reports\notebook38\replay_adapter_summary.json,replay_adapter_summary.json,.json,312,[],0
D:\02_AI_and_Data\Kaggle-AI-Agents\PTCG_AI_Battle_Challenge\reports\notebook54\section4\section4ud_adapter_configuration.csv,section4ud_adapter_configuration.csv,.csv,312,[],0
D:\02_AI_and_Data\Kaggle-AI-Agents\PTCG_AI_Battle_Challenge\reports\notebook53\section5\section5a_group_safe_split_summary.csv,section5a_group_safe_split_summary.csv,.csv,310,[],0
D:\02_AI_and_Data\Kaggle-AI-Agents\PTCG_AI_Battle_Challenge\reports\notebook52\section4\analysis\section4b_policy_side_summary.csv,section4b_policy_side_summary.csv,.csv,307,[],0
D:\02_AI_and_Data\Kaggle-AI-Agents\PTCG_AI_Battle_Challenge\reports\notebook53\section6\section6a_action_count_performance.csv,section6a_action_count_performance.csv,.csv,305,[],0
D:\02_AI_and_Data\Kaggle-AI-Agents\PTCG_AI_Battle_Challenge\reports\notebook15_summary.json,notebook15_summary.json,.json,303,[],0
D:\02_AI_and_Data\Kaggle-AI-Agents\PTCG_AI_Battle_Challenge\reports\notebook53\section4\section4b_legality_aware_signature_summary.csv,section4b_legality_aware_signature_summary.csv,.csv,303,[],0
D:\02_AI_and_Data\Kaggle-AI-Agents\PTCG_AI_Battle_Challenge\reports\notebook50\section6\section6a_model_comparison.csv,section6a_model_comparison.csv,.csv,303,[],0
D:\02_AI_and_Data\Kaggle-AI-Agents\PTCG_AI_Battle_Challenge\reports\notebook50\section5\policy_evaluation\section5b_model_comparison.csv,section5b_model_comparison.csv,.csv,303,[],0
D:\02_AI_and_Data\Kaggle-AI-Agents\PTCG_AI_Battle_Challenge\reports\notebook53\section6\section6a_test_classification_report.csv,section6a_test_classification_report.csv,.csv,302,[],0
D:\02_AI_and_Data\Kaggle-AI-Agents\PTCG_AI_Battle_Challenge\reports\notebook53\section6\section6a_validation_classification_report.csv,section6a_validation_classification_report.csv,.csv,302,[],0
D:\02_AI_and_Data\Kaggle-AI-Agents\PTCG_AI_Battle_Challenge\reports\notebook54\section4\section4s_energy_source_join_keys.csv,section4s_energy_source_join_keys.csv,.csv,301,[],0
D:\02_AI_and_Data\Kaggle-AI-Agents\PTCG_AI_Battle_Challenge\reports\notebook53\section6\section6b_overall_comparison.csv,section6b_overall_comparison.csv,.csv,300,[],0
D:\02_AI_and_Data\Kaggle-AI-Agents\PTCG_AI_Battle_Challenge\reports\notebook50\section3\feature_engineering\section3a_action_target_profile.csv,section3a_action_target_profile.csv,.csv,300,[],0
D:\02_AI_and_Data\Kaggle-AI-Agents\PTCG_AI_Battle_Challenge\reports\notebook54\section4\section4f_pdf_evidence_profile.csv,section4f_pdf_evidence_profile.csv,.csv,291,[],0
D:\02_AI_and_Data\Kaggle-AI-Agents\PTCG_AI_Battle_Challenge\reports\notebook49\section3_baseline_performance.csv,section3_baseline_performance.csv,.csv,290,[],0
D:\02_AI_and_Data\Kaggle-AI-Agents\PTCG_AI_Battle_Challenge\reports\notebook53\section2\section2b_root_cause_by_damage_band.csv,section2b_root_cause_by_damage_band.csv,.csv,289,[],0
D:\02_AI_and_Data\Kaggle-AI-Agents\PTCG_AI_Battle_Challenge\reports\notebook53\section6\section6b_routing_reason_summary.csv,section6b_routing_reason_summary.csv,.csv,286,[],0
D:\02_AI_and_Data\Kaggle-AI-Agents\PTCG_AI_Battle_Challenge\reports\notebook54\section4\section4g_combined_identifier_evidence.csv,section4g_combined_identifier_evidence.csv,.csv,284,[],0
D:\02_AI_and_Data\Kaggle-AI-Agents\PTCG_AI_Battle_Challenge\reports\notebook54\section4\section4g_identifier_support_profile.csv,section4g_identifier_support_profile.csv,.csv,277,[],0
D:\02_AI_and_Data\Kaggle-AI-Agents\PTCG_AI_Battle_Challenge\reports\notebook29\opponent_allocation_plan.csv,opponent_allocation_plan.csv,.csv,275,[],0
D:\02_AI_and_Data\Kaggle-AI-Agents\PTCG_AI_Battle_Challenge\reports\notebook53\section3\section3b_legal_signature_summary.csv,section3b_legal_signature_summary.csv,.csv,274,[],0
D:\02_AI_and_Data\Kaggle-AI-Agents\PTCG_AI_Battle_Challenge\reports\notebook54\section3\section3a_player_availability_by_condition.csv,section3a_player_availability_by_condition.csv,.csv,273,[],0
D:\02_AI_and_Data\Kaggle-AI-Agents\PTCG_AI_Battle_Challenge\reports\notebook54\section4\section4o_validation_checks.csv,section4o_validation_checks.csv,.csv,271,[],0
D:\02_AI_and_Data\Kaggle-AI-Agents\PTCG_AI_Battle_Challenge\reports\notebook52\section6\section6a_overall_dashboard.csv,section6a_overall_dashboard.csv,.csv,270,[],0
D:\02_AI_and_Data\Kaggle-AI-Agents\PTCG_AI_Battle_Challenge\reports\notebook53\section5\section5b_encoded_feature_family_summary.csv,section5b_encoded_feature_family_summary.csv,.csv,269,[],0
D:\02_AI_and_Data\Kaggle-AI-Agents\PTCG_AI_Battle_Challenge\reports\notebook50\section5\policy_evaluation\section5a_training_side_distribution.csv,section5a_training_side_distribution.csv,.csv,256,[],0
D:\02_AI_and_Data\Kaggle-AI-Agents\PTCG_AI_Battle_Challenge\reports\notebook35\production_workflow.csv,production_workflow.csv,.csv,255,[],0
D:\02_AI_and_Data\Kaggle-AI-Agents\PTCG_AI_Battle_Challenge\reports\notebook50\section2\dataset_splits\section2b_split_integrity_profile.csv,section2b_split_integrity_profile.csv,.csv,250,[],0
D:\02_AI_and_Data\Kaggle-AI-Agents\PTCG_AI_Battle_Challenge\reports\notebook31\training_strategy.json,training_strategy.json,.json,246,[],0
D:\02_AI_and_Data\Kaggle-AI-Agents\PTCG_AI_Battle_Challenge\reports\notebook53\section6\section6d_real_simulator_transition.csv,section6d_real_simulator_transition.csv,.csv,246,[],0
D:\02_AI_and_Data\Kaggle-AI-Agents\PTCG_AI_Battle_Challenge\reports\notebook54\section4\section4r_availability_by_side.csv,section4r_availability_by_side.csv,.csv,243,[],0
D:\02_AI_and_Data\Kaggle-AI-Agents\PTCG_AI_Battle_Challenge\reports\notebook53\section5\section5b_matrix_integrity.csv,section5b_matrix_integrity.csv,.csv,242,[],0
D:\02_AI_and_Data\Kaggle-AI-Agents\PTCG_AI_Battle_Challenge\reports\notebook49\section3_side_performance.csv,section3_side_performance.csv,.csv,236,[],0
D:\02_AI_and_Data\Kaggle-AI-Agents\PTCG_AI_Battle_Challenge\reports\notebook54\section4\section4u_runner_methods.csv,section4u_runner_methods.csv,.csv,236,[],0
D:\02_AI_and_Data\Kaggle-AI-Agents\PTCG_AI_Battle_Challenge\reports\notebook53\section3\section3b_target_distribution.csv,section3b_target_distribution.csv,.csv,233,[],0
D:\02_AI_and_Data\Kaggle-AI-Agents\PTCG_AI_Battle_Challenge\reports\notebook54\section4\section4s_energy_observability.csv,section4s_energy_observability.csv,.csv,231,[],0
D:\02_AI_and_Data\Kaggle-AI-Agents\PTCG_AI_Battle_Challenge\reports\notebook54\section4\section4t_simulator_energy_source_trace.csv,section4t_simulator_energy_source_trace.csv,.csv,231,[],0
D:\02_AI_and_Data\Kaggle-AI-Agents\PTCG_AI_Battle_Challenge\reports\notebook52\section5\analysis\section5c_action_analysis.csv,section5c_action_analysis.csv,.csv,230,[],0
D:\02_AI_and_Data\Kaggle-AI-Agents\PTCG_AI_Battle_Challenge\reports\notebook50\section4\baseline_training\section4a_training_summary.json,section4a_training_summary.json,.json,227,[],0
D:\02_AI_and_Data\Kaggle-AI-Agents\PTCG_AI_Battle_Challenge\reports\notebook54\section2\section2b_confidence_vs_outcome.csv,section2b_confidence_vs_outcome.csv,.csv,226,[],0
D:\02_AI_and_Data\Kaggle-AI-Agents\PTCG_AI_Battle_Challenge\reports\notebook54\section2\section2a_opportunities_by_condition.csv,section2a_opportunities_by_condition.csv,.csv,224,[],0
D:\02_AI_and_Data\Kaggle-AI-Agents\PTCG_AI_Battle_Challenge\reports\notebook13_tournament_series.csv,notebook13_tournament_series.csv,.csv,221,[],0
D:\02_AI_and_Data\Kaggle-AI-Agents\PTCG_AI_Battle_Challenge\reports\notebook54\section3\section3a_action_availability_by_side.csv,section3a_action_availability_by_side.csv,.csv,221,[],0
D:\02_AI_and_Data\Kaggle-AI-Agents\PTCG_AI_Battle_Challenge\reports\notebook38\rl_transition_quality_audit.csv,rl_transition_quality_audit.csv,.csv,220,[],0
D:\02_AI_and_Data\Kaggle-AI-Agents\PTCG_AI_Battle_Challenge\reports\notebook54\section4\section4va_runtime_state_energy_probe.csv,section4va_runtime_state_energy_probe.csv,.csv,220,[],0
D:\02_AI_and_Data\Kaggle-AI-Agents\PTCG_AI_Battle_Challenge\reports\notebook54\section2\section2a_opportunities_by_outcome.csv,section2a_opportunities_by_outcome.csv,.csv,219,[],0
D:\02_AI_and_Data\Kaggle-AI-Agents\PTCG_AI_Battle_Challenge\reports\notebook54\section4\section4t_energy_instrumentation_design_profile.csv,section4t_energy_instrumentation_design_profile.csv,.csv,218,[],0
D:\02_AI_and_Data\Kaggle-AI-Agents\PTCG_AI_Battle_Challenge\reports\notebook30\architecture_summary.json,architecture_summary.json,.json,217,[],0
D:\02_AI_and_Data\Kaggle-AI-Agents\PTCG_AI_Battle_Challenge\reports\notebook54\section4\section4ud_frozen_artifact_binding.csv,section4ud_frozen_artifact_binding.csv,.csv,217,[],0
D:\02_AI_and_Data\Kaggle-AI-Agents\PTCG_AI_Battle_Challenge\reports\notebook13_tournament_summary.json,notebook13_tournament_summary.json,.json,215,[],0
D:\02_AI_and_Data\Kaggle-AI-Agents\PTCG_AI_Battle_Challenge\reports\notebook52\section5\analysis\section5c_overall_summary.csv,section5c_overall_summary.csv,.csv,211,[],0
D:\02_AI_and_Data\Kaggle-AI-Agents\PTCG_AI_Battle_Challenge\reports\notebook29\match_count_experiment_plan.csv,match_count_experiment_plan.csv,.csv,202,[],0
D:\02_AI_and_Data\Kaggle-AI-Agents\PTCG_AI_Battle_Challenge\reports\notebook52\section4\analysis\section4b_starting_side_summary.csv,section4b_starting_side_summary.csv,.csv,201,[],0
D:\02_AI_and_Data\Kaggle-AI-Agents\PTCG_AI_Battle_Challenge\reports\notebook50\section4\policy_training\section4c_leakage_check.csv,section4c_leakage_check.csv,.csv,200,[],0
D:\02_AI_and_Data\Kaggle-AI-Agents\PTCG_AI_Battle_Challenge\reports\notebook49\section4_baseline_allocation.csv,section4_baseline_allocation.csv,.csv,199,[],0
D:\02_AI_and_Data\Kaggle-AI-Agents\PTCG_AI_Battle_Challenge\reports\notebook49\section4b_final_baseline_allocation.csv,section4b_final_baseline_allocation.csv,.csv,196,[],0
D:\02_AI_and_Data\Kaggle-AI-Agents\PTCG_AI_Battle_Challenge\reports\notebook39\dataset_statistics.csv,dataset_statistics.csv,.csv,195,[],0
D:\02_AI_and_Data\Kaggle-AI-Agents\PTCG_AI_Battle_Challenge\reports\notebook53\section6\section6e_tournament_replay_routing_summary.csv,section6e_tournament_replay_routing_summary.csv,.csv,195,[],0
D:\02_AI_and_Data\Kaggle-AI-Agents\PTCG_AI_Battle_Challenge\reports\notebook51\section6\section6e_policy_runner_adapter_history.csv,section6e_policy_runner_adapter_history.csv,.csv,195,[],0
D:\02_AI_and_Data\Kaggle-AI-Agents\PTCG_AI_Battle_Challenge\reports\notebook50\section3\feature_engineering\section3b_split_scenario_profile.csv,section3b_split_scenario_profile.csv,.csv,194,[],0
D:\02_AI_and_Data\Kaggle-AI-Agents\PTCG_AI_Battle_Challenge\reports\notebook36\production_readiness.csv,production_readiness.csv,.csv,193,[],0
D:\02_AI_and_Data\Kaggle-AI-Agents\PTCG_AI_Battle_Challenge\reports\notebook31\training_allocation_2000.csv,training_allocation_2000.csv,.csv,192,[],0
D:\02_AI_and_Data\Kaggle-AI-Agents\PTCG_AI_Battle_Challenge\reports\notebook29\benchmark_execution_plan.csv,benchmark_execution_plan.csv,.csv,190,[],0
D:\02_AI_and_Data\Kaggle-AI-Agents\PTCG_AI_Battle_Challenge\reports\notebook39\production_readiness.csv,production_readiness.csv,.csv,190,[],0
D:\02_AI_and_Data\Kaggle-AI-Agents\PTCG_AI_Battle_Challenge\reports\notebook54\section4\section4ud_runner_instance_attributes.csv,section4ud_runner_instance_attributes.csv,.csv,190,[],0
D:\02_AI_and_Data\Kaggle-AI-Agents\PTCG_AI_Battle_Challenge\reports\notebook54\section4\section4j_simulator_hp_profile.csv,section4j_simulator_hp_profile.csv,.csv,188,[],0
D:\02_AI_and_Data\Kaggle-AI-Agents\PTCG_AI_Battle_Challenge\reports\notebook30\policy_registry.csv,policy_registry.csv,.csv,187,[],0
D:\02_AI_and_Data\Kaggle-AI-Agents\PTCG_AI_Battle_Challenge\reports\notebook32\notebook32_summary.json,notebook32_summary.json,.json,186,[],0
D:\02_AI_and_Data\Kaggle-AI-Agents\PTCG_AI_Battle_Challenge\reports\notebook52\section6\section6a_confidence_metrics.csv,section6a_confidence_metrics.csv,.csv,185,[],0
D:\02_AI_and_Data\Kaggle-AI-Agents\PTCG_AI_Battle_Challenge\reports\notebook46\expert_replay_summary.json,expert_replay_summary.json,.json,178,[],0
D:\02_AI_and_Data\Kaggle-AI-Agents\PTCG_AI_Battle_Challenge\reports\notebook54\section2\section2a_opportunities_by_acting_side.csv,section2a_opportunities_by_acting_side.csv,.csv,178,[],0
D:\02_AI_and_Data\Kaggle-AI-Agents\PTCG_AI_Battle_Challenge\reports\notebook50\section3\feature_engineering\section3b_target_class_coverage.csv,section3b_target_class_coverage.csv,.csv,176,[],0
D:\02_AI_and_Data\Kaggle-AI-Agents\PTCG_AI_Battle_Challenge\reports\notebook54\section4\section4r_decision_state_summary.csv,section4r_decision_state_summary.csv,.csv,175,[],0
D:\02_AI_and_Data\Kaggle-AI-Agents\PTCG_AI_Battle_Challenge\reports\notebook49\section6_transition_methods.csv,section6_transition_methods.csv,.csv,170,[],0
D:\02_AI_and_Data\Kaggle-AI-Agents\PTCG_AI_Battle_Challenge\reports\notebook54\section2\section2b_strategic_control_profile.csv,section2b_strategic_control_profile.csv,.csv,170,[],0
D:\02_AI_and_Data\Kaggle-AI-Agents\PTCG_AI_Battle_Challenge\reports\notebook50\section6\section6a_side_weight_summary.csv,section6a_side_weight_summary.csv,.csv,170,[],0
D:\02_AI_and_Data\Kaggle-AI-Agents\PTCG_AI_Battle_Challenge\reports\notebook50\section5\policy_evaluation\section5a_weighted_side_totals.csv,section5a_weighted_side_totals.csv,.csv,170,[],0
D:\02_AI_and_Data\Kaggle-AI-Agents\PTCG_AI_Battle_Challenge\reports\notebook54\section4\section4l_annotation_type_profile.csv,section4l_annotation_type_profile.csv,.csv,168,[],0
D:\02_AI_and_Data\Kaggle-AI-Agents\PTCG_AI_Battle_Challenge\reports\notebook53\section4\section4a_leakage_protection_profile.csv,section4a_leakage_protection_profile.csv,.csv,166,[],0
D:\02_AI_and_Data\Kaggle-AI-Agents\PTCG_AI_Battle_Challenge\reports\notebook34\policy_label_mapping.json,policy_label_mapping.json,.json,165,[],0
D:\02_AI_and_Data\Kaggle-AI-Agents\PTCG_AI_Battle_Challenge\reports\notebook52\section6\section6a_masking_fallback_metrics.csv,section6a_masking_fallback_metrics.csv,.csv,159,[],0
D:\02_AI_and_Data\Kaggle-AI-Agents\PTCG_AI_Battle_Challenge\reports\notebook49\section4_side_allocation.csv,section4_side_allocation.csv,.csv,151,[],0
D:\02_AI_and_Data\Kaggle-AI-Agents\PTCG_AI_Battle_Challenge\reports\notebook53\section6\section6e_notebook52_vs_notebook53_outcomes.csv,section6e_notebook52_vs_notebook53_outcomes.csv,.csv,149,[],0
D:\02_AI_and_Data\Kaggle-AI-Agents\PTCG_AI_Battle_Challenge\reports\notebook49\section4b_final_side_allocation.csv,section4b_final_side_allocation.csv,.csv,148,[],0
D:\02_AI_and_Data\Kaggle-AI-Agents\PTCG_AI_Battle_Challenge\reports\notebook53\section3\section3b_feature_family_summary.csv,section3b_feature_family_summary.csv,.csv,145,[],0
D:\02_AI_and_Data\Kaggle-AI-Agents\PTCG_AI_Battle_Challenge\reports\notebook53\section6\section6c_policy_adapter_routing_summary.csv,section6c_policy_adapter_routing_summary.csv,.csv,144,[],0
D:\02_AI_and_Data\Kaggle-AI-Agents\PTCG_AI_Battle_Challenge\reports\notebook54\section2\section2b_prediction_selection_profile.csv,section2b_prediction_selection_profile.csv,.csv,137,[],0
D:\02_AI_and_Data\Kaggle-AI-Agents\PTCG_AI_Battle_Challenge\reports\notebook14_leaderboard.csv,notebook14_leaderboard.csv,.csv,136,[],0
D:\02_AI_and_Data\Kaggle-AI-Agents\PTCG_AI_Battle_Challenge\reports\notebook54\section4\section4u_runtime_energy_attributes.csv,section4u_runtime_energy_attributes.csv,.csv,132,[],0
D:\02_AI_and_Data\Kaggle-AI-Agents\PTCG_AI_Battle_Challenge\reports\notebook34\policy_quality_summary.csv,policy_quality_summary.csv,.csv,131,[],0
D:\02_AI_and_Data\Kaggle-AI-Agents\PTCG_AI_Battle_Challenge\reports\notebook54\section4\section4va_build_state_parameters.csv,section4va_build_state_parameters.csv,.csv,127,[],0
D:\02_AI_and_Data\Kaggle-AI-Agents\PTCG_AI_Battle_Challenge\reports\notebook53\section5\section5a_scenario_overlap_checks.csv,section5a_scenario_overlap_checks.csv,.csv,115,[],0
D:\02_AI_and_Data\Kaggle-AI-Agents\PTCG_AI_Battle_Challenge\reports\notebook50\section4\policy_training\section4b_baseline_evaluation.csv,section4b_baseline_evaluation.csv,.csv,107,[],0
D:\02_AI_and_Data\Kaggle-AI-Agents\PTCG_AI_Battle_Challenge\reports\notebook50\section4\policy_training\section4e_decision_only_evaluation.csv,section4e_decision_only_evaluation.csv,.csv,107,[],0
D:\02_AI_and_Data\Kaggle-AI-Agents\PTCG_AI_Battle_Challenge\reports\notebook54\section4\section4m_destination_type_profile.csv,section4m_destination_type_profile.csv,.csv,103,[],0
D:\02_AI_and_Data\Kaggle-AI-Agents\PTCG_AI_Battle_Challenge\reports\notebook54\section4\section4s_energy_candidate_ranking.csv,section4s_energy_candidate_ranking.csv,.csv,100,[],0
D:\02_AI_and_Data\Kaggle-AI-Agents\PTCG_AI_Battle_Challenge\reports\notebook50\section1\environment_and_handoff\section1c_side_profile.csv,section1c_side_profile.csv,.csv,100,[],0
D:\02_AI_and_Data\Kaggle-AI-Agents\PTCG_AI_Battle_Challenge\reports\notebook32\notebook32_opponent_distribution.csv,notebook32_opponent_distribution.csv,.csv,98,[],0
D:\02_AI_and_Data\Kaggle-AI-Agents\PTCG_AI_Battle_Challenge\reports\notebook50\section6\section6a_policy_class_lookup.csv,section6a_policy_class_lookup.csv,.csv,98,[],0
D:\02_AI_and_Data\Kaggle-AI-Agents\PTCG_AI_Battle_Challenge\reports\notebook34\policy_class_distribution.csv,policy_class_distribution.csv,.csv,96,[],0
D:\02_AI_and_Data\Kaggle-AI-Agents\PTCG_AI_Battle_Challenge\reports\notebook54\section4\section4k_target_page_uri_annotations.csv,section4k_target_page_uri_annotations.csv,.csv,91,[],0
D:\02_AI_and_Data\Kaggle-AI-Agents\PTCG_AI_Battle_Challenge\reports\notebook52\section5\section5b_expanded_failures.csv,section5b_expanded_failures.csv,.csv,82,[],0
D:\02_AI_and_Data\Kaggle-AI-Agents\PTCG_AI_Battle_Challenge\reports\notebook50\section4\baseline_training\section4a_training_class_profile.csv,section4a_training_class_profile.csv,.csv,75,[],0
D:\02_AI_and_Data\Kaggle-AI-Agents\PTCG_AI_Battle_Challenge\reports\notebook50\section4\baseline_training\policy_label_classes.json,policy_label_classes.json,.json,73,[],0
D:\02_AI_and_Data\Kaggle-AI-Agents\PTCG_AI_Battle_Challenge\reports\notebook52\section4\section4a_single_pass_failures.csv,section4a_single_pass_failures.csv,.csv,66,[],0
D:\02_AI_and_Data\Kaggle-AI-Agents\PTCG_AI_Battle_Challenge\reports\notebook52\section3\section3b_tournament_scenario_failures.csv,section3b_tournament_scenario_failures.csv,.csv,52,[],0
D:\02_AI_and_Data\Kaggle-AI-Agents\PTCG_AI_Battle_Challenge\reports\notebook54\section4\section4k_image_uri_assignment_profile.csv,section4k_image_uri_assignment_profile.csv,.csv,45,[],0
D:\02_AI_and_Data\Kaggle-AI-Agents\PTCG_AI_Battle_Challenge\reports\notebook39\dataset_split_summary.csv,dataset_split_summary.csv,.csv,44,[],0
D:\02_AI_and_Data\Kaggle-AI-Agents\PTCG_AI_Battle_Challenge\reports\notebook52\section5\section5a_expansion_failures.csv,section5a_expansion_failures.csv,.csv,38,[],0
D:\02_AI_and_Data\Kaggle-AI-Agents\PTCG_AI_Battle_Challenge\reports\notebook46\actor_relative_search_failures.json,actor_relative_search_failures.json,.json,2,[],0
D:\02_AI_and_Data\Kaggle-AI-Agents\PTCG_AI_Battle_Challenge\reports\notebook46\real_search_failed_positions.json,real_search_failed_positions.json,.json,2,[],0
D:\02_AI_and_Data\Kaggle-AI-Agents\PTCG_AI_Battle_Challenge\reports\notebook48\competitive_policy_baseline_tournament_failures.json,competitive_policy_baseline_tournament_failures.json,.json,2,[],0
D:\02_AI_and_Data\Kaggle-AI-Agents\PTCG_AI_Battle_Challenge\reports\notebook54\section4\section4h_pdf_page_extraction_errors.csv,section4h_pdf_page_extraction_errors.csv,.csv,2,[],0
D:\02_AI_and_Data\Kaggle-AI-Agents\PTCG_AI_Battle_Challenge\reports\notebook54\section4\section4i_targeted_page_errors.csv,section4i_targeted_page_errors.csv,.csv,2,[],0
D:\02_AI_and_Data\Kaggle-AI-Agents\PTCG_AI_Battle_Challenge\reports\notebook54\section4\section4l_embedded_files.csv,section4l_embedded_files.csv,.csv,2,[],0
D:\02_AI_and_Data\Kaggle-AI-Agents\PTCG_AI_Battle_Challenge\reports\notebook54\section4\section4l_named_destinations.csv,section4l_named_destinations.csv,.csv,2,[],0
D:\02_AI_and_Data\Kaggle-AI-Agents\PTCG_AI_Battle_Challenge\reports\notebook54\section4\section4s_energy_column_inventory.csv,section4s_energy_column_inventory.csv,.csv,2,[],0
D:\02_AI_and_Data\Kaggle-AI-Agents\PTCG_AI_Battle_Challenge\reports\notebook54\section4\section4uc_definition_errors.csv,section4uc_definition_errors.csv,.csv,2,[],0
D:\02_AI_and_Data\Kaggle-AI-Agents\PTCG_AI_Battle_Challenge\reports\notebook53\section6\section6e_tournament_replay_failures.csv,section6e_tournament_replay_failures.csv,.csv,2,[],0
D:\02_AI_and_Data\Kaggle-AI-Agents\PTCG_AI_Battle_Challenge\reports\notebook51\section6\section6b_parse_failures.csv,section6b_parse_failures.csv,.csv,2,[],0
D:\02_AI_and_Data\Kaggle-AI-Agents\PTCG_AI_Battle_Challenge\reports\notebook49\section7\section7c_variant_failures.csv,section7c_variant_failures.csv,.csv,2,[],0
D:\02_AI_and_Data\Kaggle-AI-Agents\PTCG_AI_Battle_Challenge\reports\notebook49\section8\batch_search\section8b_search_failures.csv,section8b_search_failures.csv,.csv,2,[],0
D:\02_AI_and_Data\Kaggle-AI-Agents\PTCG_AI_Battle_Challenge\reports\notebook49\section8\policy_dataset\section8c_rejected_records.csv,section8c_rejected_records.csv,.csv,2,[],0
