comparison_case_id,strategy_a,strategy_b,maximum_case_difference,mean_case_difference,l1_case_difference,prediction_a,prediction_b,predictions_match
4WE_PAIR_014_V03__PLAYER,R0_CURRENT_BASELINE,R3_STATE_CENTRIC_POLICY,0.168,0.05666666666666667,0.34,Quick Attack,Quick Attack,True
4WE_PAIR_019_V03__PLAYER,R0_CURRENT_BASELINE,R3_STATE_CENTRIC_POLICY,0.168,0.05666666666666667,0.34,Quick Attack,Quick Attack,True
4WE_PAIR_002_V03__OPPONENT,R0_CURRENT_BASELINE,R3_STATE_CENTRIC_POLICY,0.166,0.056,0.336,Quick Attack,Quick Attack,True
4WE_PAIR_009_V03__OPPONENT,R0_CURRENT_BASELINE,R3_STATE_CENTRIC_POLICY,0.166,0.056,0.336,Quick Attack,Quick Attack,True
4WE_PAIR_013_V03__PLAYER,R0_CURRENT_BASELINE,R3_STATE_CENTRIC_POLICY,0.166,0.056,0.336,Quick Attack,Quick Attack,True
4WE_PAIR_014_V03__OPPONENT,R0_CURRENT_BASELINE,R3_STATE_CENTRIC_POLICY,0.166,0.056,0.336,Quick Attack,Quick Attack,True
4WE_PAIR_018_V03__PLAYER,R0_CURRENT_BASELINE,R3_STATE_CENTRIC_POLICY,0.166,0.056,0.336,Quick Attack,Quick Attack,True
4WE_PAIR_019_V03__OPPONENT,R0_CURRENT_BASELINE,R3_STATE_CENTRIC_POLICY,0.166,0.056,0.336,Quick Attack,Quick Attack,True
4WE_PAIR_002_V03__PLAYER,R0_CURRENT_BASELINE,R3_STATE_CENTRIC_POLICY,0.164,0.056,0.336,Quick Attack,Quick Attack,True
4WE_PAIR_009_V03__PLAYER,R0_CURRENT_BASELINE,R3_STATE_CENTRIC_POLICY,0.164,0.056,0.336,Quick Attack,Quick Attack,True
4WE_PAIR_001_V03__OPPONENT,R0_CURRENT_BASELINE,R3_STATE_CENTRIC_POLICY,0.164,0.05533333333333334,0.332,Quick Attack,Quick Attack,True
4WE_PAIR_003_V03__OPPONENT,R0_CURRENT_BASELINE,R3_STATE_CENTRIC_POLICY,0.164,0.05533333333333334,0.332,Quick Attack,Quick Attack,True
4WE_PAIR_008_V03__OPPONENT,R0_CURRENT_BASELINE,R3_STATE_CENTRIC_POLICY,0.164,0.05533333333333334,0.332,Quick Attack,Quick Attack,True
4WE_PAIR_010_V03__OPPONENT,R0_CURRENT_BASELINE,R3_STATE_CENTRIC_POLICY,0.164,0.05533333333333334,0.332,Quick Attack,Quick Attack,True
4WE_PAIR_013_V03__OPPONENT,R0_CURRENT_BASELINE,R3_STATE_CENTRIC_POLICY,0.164,0.05533333333333334,0.332,Quick Attack,Quick Attack,True
4WE_PAIR_018_V03__OPPONENT,R0_CURRENT_BASELINE,R3_STATE_CENTRIC_POLICY,0.164,0.05533333333333334,0.332,Quick Attack,Quick Attack,True
4WE_PAIR_001_V03__PLAYER,R0_CURRENT_BASELINE,R3_STATE_CENTRIC_POLICY,0.162,0.05533333333333334,0.332,Quick Attack,Quick Attack,True
4WE_PAIR_008_V03__PLAYER,R0_CURRENT_BASELINE,R3_STATE_CENTRIC_POLICY,0.162,0.05533333333333334,0.332,Quick Attack,Quick Attack,True
4WE_PAIR_002_V02__OPPONENT,R0_CURRENT_BASELINE,R3_STATE_CENTRIC_POLICY,0.162,0.05466666666666667,0.328,Quick Attack,Quick Attack,True
4WE_PAIR_003_V02__OPPONENT,R0_CURRENT_BASELINE,R3_STATE_CENTRIC_POLICY,0.162,0.05466666666666667,0.328,Quick Attack,Quick Attack,True
4WE_PAIR_004_V03__OPPONENT,R0_CURRENT_BASELINE,R3_STATE_CENTRIC_POLICY,0.162,0.05466666666666667,0.328,Quick Attack,Quick Attack,True
4WE_PAIR_009_V02__OPPONENT,R0_CURRENT_BASELINE,R3_STATE_CENTRIC_POLICY,0.162,0.05466666666666667,0.328,Quick Attack,Quick Attack,True
4WE_PAIR_010_V02__OPPONENT,R0_CURRENT_BASELINE,R3_STATE_CENTRIC_POLICY,0.162,0.05466666666666667,0.328,Quick Attack,Quick Attack,True
4WE_PAIR_014_V02__OPPONENT,R0_CURRENT_BASELINE,R3_STATE_CENTRIC_POLICY,0.162,0.05466666666666667,0.328,Quick Attack,Quick Attack,True
4WE_PAIR_014_V02__PLAYER,R0_CURRENT_BASELINE,R3_STATE_CENTRIC_POLICY,0.162,0.05466666666666667,0.328,Quick Attack,Quick Attack,True
4WE_PAIR_019_V02__OPPONENT,R0_CURRENT_BASELINE,R3_STATE_CENTRIC_POLICY,0.162,0.05466666666666667,0.328,Quick Attack,Quick Attack,True
4WE_PAIR_019_V02__PLAYER,R0_CURRENT_BASELINE,R3_STATE_CENTRIC_POLICY,0.162,0.05466666666666667,0.328,Quick Attack,Quick Attack,True
4WE_PAIR_001_V02__OPPONENT,R0_CURRENT_BASELINE,R3_STATE_CENTRIC_POLICY,0.16,0.054,0.324,Quick Attack,Quick Attack,True
4WE_PAIR_004_V02__OPPONENT,R0_CURRENT_BASELINE,R3_STATE_CENTRIC_POLICY,0.16,0.054,0.324,Quick Attack,Quick Attack,True
4WE_PAIR_008_V02__OPPONENT,R0_CURRENT_BASELINE,R3_STATE_CENTRIC_POLICY,0.16,0.054,0.324,Quick Attack,Quick Attack,True
4WE_PAIR_013_V02__OPPONENT,R0_CURRENT_BASELINE,R3_STATE_CENTRIC_POLICY,0.16,0.054,0.324,Quick Attack,Quick Attack,True
4WE_PAIR_013_V02__PLAYER,R0_CURRENT_BASELINE,R3_STATE_CENTRIC_POLICY,0.16,0.054,0.324,Quick Attack,Quick Attack,True
4WE_PAIR_018_V02__OPPONENT,R0_CURRENT_BASELINE,R3_STATE_CENTRIC_POLICY,0.16,0.054,0.324,Quick Attack,Quick Attack,True
4WE_PAIR_018_V02__PLAYER,R0_CURRENT_BASELINE,R3_STATE_CENTRIC_POLICY,0.16,0.054,0.324,Quick Attack,Quick Attack,True
4WE_PAIR_002_V02__PLAYER,R0_CURRENT_BASELINE,R3_STATE_CENTRIC_POLICY,0.158,0.054,0.324,Quick Attack,Quick Attack,True
4WE_PAIR_003_V02__PLAYER,R0_CURRENT_BASELINE,R3_STATE_CENTRIC_POLICY,0.158,0.054,0.324,Quick Attack,Quick Attack,True
4WE_PAIR_003_V03__PLAYER,R0_CURRENT_BASELINE,R3_STATE_CENTRIC_POLICY,0.158,0.054,0.324,Quick Attack,Quick Attack,True
4WE_PAIR_009_V02__PLAYER,R0_CURRENT_BASELINE,R3_STATE_CENTRIC_POLICY,0.158,0.054,0.324,Quick Attack,Quick Attack,True
4WE_PAIR_010_V02__PLAYER,R0_CURRENT_BASELINE,R3_STATE_CENTRIC_POLICY,0.158,0.054,0.324,Quick Attack,Quick Attack,True
4WE_PAIR_010_V03__PLAYER,R0_CURRENT_BASELINE,R3_STATE_CENTRIC_POLICY,0.158,0.054,0.324,Quick Attack,Quick Attack,True
4WE_PAIR_001_V02__PLAYER,R0_CURRENT_BASELINE,R3_STATE_CENTRIC_POLICY,0.156,0.05333333333333334,0.32,Quick Attack,Quick Attack,True
4WE_PAIR_004_V02__PLAYER,R0_CURRENT_BASELINE,R3_STATE_CENTRIC_POLICY,0.156,0.05333333333333334,0.32,Quick Attack,Quick Attack,True
4WE_PAIR_004_V03__PLAYER,R0_CURRENT_BASELINE,R3_STATE_CENTRIC_POLICY,0.156,0.05333333333333334,0.32,Quick Attack,Quick Attack,True
4WE_PAIR_008_V02__PLAYER,R0_CURRENT_BASELINE,R3_STATE_CENTRIC_POLICY,0.156,0.05333333333333334,0.32,Quick Attack,Quick Attack,True
4WE_PAIR_007_V03__PLAYER,R0_CURRENT_BASELINE,R3_STATE_CENTRIC_POLICY,0.15000000000000002,0.05200000000000001,0.31200000000000006,Quick Attack,Quick Attack,True
4WE_PAIR_017_V03__PLAYER,R0_CURRENT_BASELINE,R3_STATE_CENTRIC_POLICY,0.15000000000000002,0.05200000000000001,0.31200000000000006,Quick Attack,Quick Attack,True
4WE_PAIR_007_V03__OPPONENT,R0_CURRENT_BASELINE,R3_STATE_CENTRIC_POLICY,0.14800000000000002,0.05133333333333334,0.30800000000000005,Quick Attack,Quick Attack,True
4WE_PAIR_017_V03__OPPONENT,R0_CURRENT_BASELINE,R3_STATE_CENTRIC_POLICY,0.14800000000000002,0.05133333333333334,0.30800000000000005,Quick Attack,Quick Attack,True
4WE_PAIR_007_V02__OPPONENT,R0_CURRENT_BASELINE,R3_STATE_CENTRIC_POLICY,0.14600000000000002,0.05133333333333334,0.30800000000000005,Quick Attack,Quick Attack,True
4WE_PAIR_017_V02__OPPONENT,R0_CURRENT_BASELINE,R3_STATE_CENTRIC_POLICY,0.14600000000000002,0.05133333333333334,0.30800000000000005,Quick Attack,Quick Attack,True
4WE_PAIR_007_V02__PLAYER,R0_CURRENT_BASELINE,R3_STATE_CENTRIC_POLICY,0.14600000000000002,0.05066666666666667,0.30400000000000005,Quick Attack,Quick Attack,True
4WE_PAIR_017_V02__PLAYER,R0_CURRENT_BASELINE,R3_STATE_CENTRIC_POLICY,0.14600000000000002,0.05066666666666667,0.30400000000000005,Quick Attack,Quick Attack,True
4WE_PAIR_015_V03__OPPONENT,R0_CURRENT_BASELINE,R3_STATE_CENTRIC_POLICY,0.126,0.042,0.252,Quick Attack,Quick Attack,True
4WE_PAIR_016_V03__OPPONENT,R0_CURRENT_BASELINE,R3_STATE_CENTRIC_POLICY,0.126,0.042,0.252,Quick Attack,Quick Attack,True
4WE_PAIR_021_V03__OPPONENT,R0_CURRENT_BASELINE,R3_STATE_CENTRIC_POLICY,0.126,0.042,0.252,Quick Attack,Quick Attack,True
4WE_PAIR_016_V03__PLAYER,R0_CURRENT_BASELINE,R3_STATE_CENTRIC_POLICY,0.12400000000000001,0.04133333333333333,0.248,Quick Attack,Quick Attack,True
4WE_PAIR_020_V03__PLAYER,R0_CURRENT_BASELINE,R3_STATE_CENTRIC_POLICY,0.124,0.04133333333333333,0.248,Quick Attack,Quick Attack,True
4WE_PAIR_015_V03__PLAYER,R0_CURRENT_BASELINE,R3_STATE_CENTRIC_POLICY,0.12200000000000001,0.04066666666666666,0.244,Quick Attack,Quick Attack,True
4WE_PAIR_021_V03__PLAYER,R0_CURRENT_BASELINE,R3_STATE_CENTRIC_POLICY,0.12200000000000001,0.04066666666666666,0.244,Quick Attack,Quick Attack,True
4WE_PAIR_005_V03__OPPONENT,R0_CURRENT_BASELINE,R3_STATE_CENTRIC_POLICY,0.12000000000000001,0.04,0.24,Quick Attack,Quick Attack,True
4WE_PAIR_006_V03__OPPONENT,R0_CURRENT_BASELINE,R3_STATE_CENTRIC_POLICY,0.12000000000000001,0.04,0.24,Quick Attack,Quick Attack,True
4WE_PAIR_012_V03__OPPONENT,R0_CURRENT_BASELINE,R3_STATE_CENTRIC_POLICY,0.12000000000000001,0.04,0.24,Quick Attack,Quick Attack,True
4WE_PAIR_015_V02__OPPONENT,R0_CURRENT_BASELINE,R3_STATE_CENTRIC_POLICY,0.11800000000000001,0.03933333333333333,0.236,Quick Attack,Quick Attack,True
4WE_PAIR_016_V02__OPPONENT,R0_CURRENT_BASELINE,R3_STATE_CENTRIC_POLICY,0.11800000000000001,0.03933333333333333,0.236,Quick Attack,Quick Attack,True
4WE_PAIR_021_V02__OPPONENT,R0_CURRENT_BASELINE,R3_STATE_CENTRIC_POLICY,0.11800000000000001,0.03933333333333333,0.236,Quick Attack,Quick Attack,True
4WE_PAIR_001_V03__OPPONENT,R0_CURRENT_BASELINE,R1_REMOVE_LEGAL_SIGNATURE,0.118,0.039999999999999994,0.23999999999999996,Quick Attack,Quick Attack,True
4WE_PAIR_001_V03__PLAYER,R0_CURRENT_BASELINE,R1_REMOVE_LEGAL_SIGNATURE,0.118,0.039999999999999994,0.23999999999999996,Quick Attack,Quick Attack,True
4WE_PAIR_002_V03__OPPONENT,R0_CURRENT_BASELINE,R1_REMOVE_LEGAL_SIGNATURE,0.118,0.039999999999999994,0.23999999999999996,Quick Attack,Quick Attack,True
4WE_PAIR_002_V03__PLAYER,R0_CURRENT_BASELINE,R1_REMOVE_LEGAL_SIGNATURE,0.118,0.039999999999999994,0.23999999999999996,Quick Attack,Quick Attack,True
4WE_PAIR_008_V03__OPPONENT,R0_CURRENT_BASELINE,R1_REMOVE_LEGAL_SIGNATURE,0.118,0.039999999999999994,0.23999999999999996,Quick Attack,Quick Attack,True
4WE_PAIR_008_V03__PLAYER,R0_CURRENT_BASELINE,R1_REMOVE_LEGAL_SIGNATURE,0.118,0.039999999999999994,0.23999999999999996,Quick Attack,Quick Attack,True
4WE_PAIR_009_V03__OPPONENT,R0_CURRENT_BASELINE,R1_REMOVE_LEGAL_SIGNATURE,0.118,0.039999999999999994,0.23999999999999996,Quick Attack,Quick Attack,True
4WE_PAIR_009_V03__PLAYER,R0_CURRENT_BASELINE,R1_REMOVE_LEGAL_SIGNATURE,0.118,0.039999999999999994,0.23999999999999996,Quick Attack,Quick Attack,True
4WE_PAIR_013_V03__OPPONENT,R0_CURRENT_BASELINE,R1_REMOVE_LEGAL_SIGNATURE,0.118,0.039999999999999994,0.23999999999999996,Quick Attack,Quick Attack,True
4WE_PAIR_013_V03__PLAYER,R0_CURRENT_BASELINE,R1_REMOVE_LEGAL_SIGNATURE,0.118,0.039999999999999994,0.23999999999999996,Quick Attack,Quick Attack,True
4WE_PAIR_014_V03__OPPONENT,R0_CURRENT_BASELINE,R1_REMOVE_LEGAL_SIGNATURE,0.118,0.039999999999999994,0.23999999999999996,Quick Attack,Quick Attack,True
4WE_PAIR_014_V03__PLAYER,R0_CURRENT_BASELINE,R1_REMOVE_LEGAL_SIGNATURE,0.118,0.039999999999999994,0.23999999999999996,Quick Attack,Quick Attack,True
4WE_PAIR_018_V03__OPPONENT,R0_CURRENT_BASELINE,R1_REMOVE_LEGAL_SIGNATURE,0.118,0.039999999999999994,0.23999999999999996,Quick Attack,Quick Attack,True
4WE_PAIR_018_V03__PLAYER,R0_CURRENT_BASELINE,R1_REMOVE_LEGAL_SIGNATURE,0.118,0.039999999999999994,0.23999999999999996,Quick Attack,Quick Attack,True
4WE_PAIR_019_V03__OPPONENT,R0_CURRENT_BASELINE,R1_REMOVE_LEGAL_SIGNATURE,0.118,0.039999999999999994,0.23999999999999996,Quick Attack,Quick Attack,True
4WE_PAIR_019_V03__PLAYER,R0_CURRENT_BASELINE,R1_REMOVE_LEGAL_SIGNATURE,0.118,0.039999999999999994,0.23999999999999996,Quick Attack,Quick Attack,True
4WE_PAIR_020_V03__OPPONENT,R0_CURRENT_BASELINE,R3_STATE_CENTRIC_POLICY,0.118,0.03933333333333333,0.236,Quick Attack,Quick Attack,True
4WE_PAIR_006_V03__PLAYER,R0_CURRENT_BASELINE,R3_STATE_CENTRIC_POLICY,0.116,0.03866666666666666,0.23199999999999998,Quick Attack,Quick Attack,True
4WE_PAIR_007_V04__PLAYER,R0_CURRENT_BASELINE,R3_STATE_CENTRIC_POLICY,0.11599999999999999,0.04133333333333333,0.248,Quick Attack,Quick Attack,True
4WE_PAIR_001_V02__PLAYER,R0_CURRENT_BASELINE,R1_REMOVE_LEGAL_SIGNATURE,0.11599999999999999,0.039333333333333324,0.23599999999999996,Quick Attack,Quick Attack,True
4WE_PAIR_002_V02__PLAYER,R0_CURRENT_BASELINE,R1_REMOVE_LEGAL_SIGNATURE,0.11599999999999999,0.039333333333333324,0.23599999999999996,Quick Attack,Quick Attack,True
4WE_PAIR_008_V02__PLAYER,R0_CURRENT_BASELINE,R1_REMOVE_LEGAL_SIGNATURE,0.11599999999999999,0.039333333333333324,0.23599999999999996,Quick Attack,Quick Attack,True
4WE_PAIR_009_V02__PLAYER,R0_CURRENT_BASELINE,R1_REMOVE_LEGAL_SIGNATURE,0.11599999999999999,0.039333333333333324,0.23599999999999996,Quick Attack,Quick Attack,True
4WE_PAIR_013_V02__PLAYER,R0_CURRENT_BASELINE,R1_REMOVE_LEGAL_SIGNATURE,0.11599999999999999,0.039333333333333324,0.23599999999999996,Quick Attack,Quick Attack,True
4WE_PAIR_014_V02__PLAYER,R0_CURRENT_BASELINE,R1_REMOVE_LEGAL_SIGNATURE,0.11599999999999999,0.039333333333333324,0.23599999999999996,Quick Attack,Quick Attack,True
4WE_PAIR_018_V02__PLAYER,R0_CURRENT_BASELINE,R1_REMOVE_LEGAL_SIGNATURE,0.11599999999999999,0.039333333333333324,0.23599999999999996,Quick Attack,Quick Attack,True
4WE_PAIR_019_V02__PLAYER,R0_CURRENT_BASELINE,R1_REMOVE_LEGAL_SIGNATURE,0.11599999999999999,0.039333333333333324,0.23599999999999996,Quick Attack,Quick Attack,True
4WE_PAIR_001_V02__OPPONENT,R0_CURRENT_BASELINE,R1_REMOVE_LEGAL_SIGNATURE,0.11599999999999999,0.03866666666666666,0.23199999999999998,Quick Attack,Quick Attack,True
4WE_PAIR_002_V02__OPPONENT,R0_CURRENT_BASELINE,R1_REMOVE_LEGAL_SIGNATURE,0.11599999999999999,0.03866666666666666,0.23199999999999998,Quick Attack,Quick Attack,True
4WE_PAIR_008_V02__OPPONENT,R0_CURRENT_BASELINE,R1_REMOVE_LEGAL_SIGNATURE,0.11599999999999999,0.03866666666666666,0.23199999999999998,Quick Attack,Quick Attack,True
4WE_PAIR_009_V02__OPPONENT,R0_CURRENT_BASELINE,R1_REMOVE_LEGAL_SIGNATURE,0.11599999999999999,0.03866666666666666,0.23199999999999998,Quick Attack,Quick Attack,True
4WE_PAIR_013_V02__OPPONENT,R0_CURRENT_BASELINE,R1_REMOVE_LEGAL_SIGNATURE,0.11599999999999999,0.03866666666666666,0.23199999999999998,Quick Attack,Quick Attack,True
4WE_PAIR_014_V02__OPPONENT,R0_CURRENT_BASELINE,R1_REMOVE_LEGAL_SIGNATURE,0.11599999999999999,0.03866666666666666,0.23199999999999998,Quick Attack,Quick Attack,True
4WE_PAIR_018_V02__OPPONENT,R0_CURRENT_BASELINE,R1_REMOVE_LEGAL_SIGNATURE,0.11599999999999999,0.03866666666666666,0.23199999999999998,Quick Attack,Quick Attack,True
4WE_PAIR_019_V02__OPPONENT,R0_CURRENT_BASELINE,R1_REMOVE_LEGAL_SIGNATURE,0.11599999999999999,0.03866666666666666,0.23199999999999998,Quick Attack,Quick Attack,True
4WE_PAIR_011_V03__PLAYER,R0_CURRENT_BASELINE,R3_STATE_CENTRIC_POLICY,0.11599999999999999,0.03866666666666666,0.23199999999999998,Quick Attack,Quick Attack,True
4WE_PAIR_007_V03__OPPONENT,R0_CURRENT_BASELINE,R1_REMOVE_LEGAL_SIGNATURE,0.11400000000000002,0.03866666666666667,0.232,Quick Attack,Quick Attack,True
4WE_PAIR_007_V03__PLAYER,R0_CURRENT_BASELINE,R1_REMOVE_LEGAL_SIGNATURE,0.11400000000000002,0.03866666666666667,0.232,Quick Attack,Quick Attack,True
4WE_PAIR_017_V03__OPPONENT,R0_CURRENT_BASELINE,R1_REMOVE_LEGAL_SIGNATURE,0.11400000000000002,0.03866666666666667,0.232,Quick Attack,Quick Attack,True
4WE_PAIR_017_V03__PLAYER,R0_CURRENT_BASELINE,R1_REMOVE_LEGAL_SIGNATURE,0.11400000000000002,0.03866666666666667,0.232,Quick Attack,Quick Attack,True
4WE_PAIR_004_V02__PLAYER,R0_CURRENT_BASELINE,R1_REMOVE_LEGAL_SIGNATURE,0.11400000000000002,0.03866666666666666,0.23199999999999998,Quick Attack,Quick Attack,True
4WE_PAIR_004_V02__OPPONENT,R0_CURRENT_BASELINE,R1_REMOVE_LEGAL_SIGNATURE,0.11400000000000002,0.038,0.22799999999999998,Quick Attack,Quick Attack,True
4WE_PAIR_016_V03__OPPONENT,R0_CURRENT_BASELINE,R1_REMOVE_LEGAL_SIGNATURE,0.114,0.03800000000000001,0.2280000000000001,Quick Attack,Quick Attack,True
4WE_PAIR_015_V03__OPPONENT,R0_CURRENT_BASELINE,R1_REMOVE_LEGAL_SIGNATURE,0.114,0.038,0.22799999999999998,Quick Attack,Quick Attack,True
4WE_PAIR_021_V03__OPPONENT,R0_CURRENT_BASELINE,R1_REMOVE_LEGAL_SIGNATURE,0.114,0.038,0.22799999999999998,Quick Attack,Quick Attack,True
4WE_PAIR_005_V03__PLAYER,R0_CURRENT_BASELINE,R3_STATE_CENTRIC_POLICY,0.114,0.038,0.22799999999999998,Quick Attack,Quick Attack,True
4WE_PAIR_012_V03__PLAYER,R0_CURRENT_BASELINE,R3_STATE_CENTRIC_POLICY,0.114,0.038,0.22799999999999998,Quick Attack,Quick Attack,True
4WE_PAIR_017_V04__PLAYER,R0_CURRENT_BASELINE,R3_STATE_CENTRIC_POLICY,0.11399999999999999,0.04066666666666666,0.244,Quick Attack,Quick Attack,True
4WE_PAIR_003_V02__PLAYER,R0_CURRENT_BASELINE,R1_REMOVE_LEGAL_SIGNATURE,0.11399999999999999,0.03866666666666666,0.23199999999999996,Quick Attack,Quick Attack,True
4WE_PAIR_010_V02__PLAYER,R0_CURRENT_BASELINE,R1_REMOVE_LEGAL_SIGNATURE,0.11399999999999999,0.03866666666666666,0.23199999999999996,Quick Attack,Quick Attack,True
4WE_PAIR_003_V02__OPPONENT,R0_CURRENT_BASELINE,R1_REMOVE_LEGAL_SIGNATURE,0.11399999999999999,0.038,0.22799999999999998,Quick Attack,Quick Attack,True
4WE_PAIR_010_V02__OPPONENT,R0_CURRENT_BASELINE,R1_REMOVE_LEGAL_SIGNATURE,0.11399999999999999,0.038,0.22799999999999998,Quick Attack,Quick Attack,True
4WE_PAIR_022_V03__OPPONENT,R0_CURRENT_BASELINE,R3_STATE_CENTRIC_POLICY,0.11399999999999999,0.038,0.22799999999999998,Quick Attack,Quick Attack,True
4WE_PAIR_022_V03__PLAYER,R0_CURRENT_BASELINE,R3_STATE_CENTRIC_POLICY,0.11399999999999999,0.038,0.22799999999999998,Quick Attack,Quick Attack,True
4WE_PAIR_003_V03__OPPONENT,R0_CURRENT_BASELINE,R1_REMOVE_LEGAL_SIGNATURE,0.11200000000000002,0.038,0.22799999999999998,Quick Attack,Quick Attack,True
4WE_PAIR_003_V03__PLAYER,R0_CURRENT_BASELINE,R1_REMOVE_LEGAL_SIGNATURE,0.11200000000000002,0.038,0.22799999999999998,Quick Attack,Quick Attack,True
4WE_PAIR_004_V03__OPPONENT,R0_CURRENT_BASELINE,R1_REMOVE_LEGAL_SIGNATURE,0.11200000000000002,0.038,0.22799999999999998,Quick Attack,Quick Attack,True
4WE_PAIR_004_V03__PLAYER,R0_CURRENT_BASELINE,R1_REMOVE_LEGAL_SIGNATURE,0.11200000000000002,0.038,0.22799999999999998,Quick Attack,Quick Attack,True
4WE_PAIR_007_V02__PLAYER,R0_CURRENT_BASELINE,R1_REMOVE_LEGAL_SIGNATURE,0.11200000000000002,0.038,0.228,Quick Attack,Quick Attack,True
4WE_PAIR_010_V03__OPPONENT,R0_CURRENT_BASELINE,R1_REMOVE_LEGAL_SIGNATURE,0.11200000000000002,0.038,0.22799999999999998,Quick Attack,Quick Attack,True
4WE_PAIR_010_V03__PLAYER,R0_CURRENT_BASELINE,R1_REMOVE_LEGAL_SIGNATURE,0.11200000000000002,0.038,0.22799999999999998,Quick Attack,Quick Attack,True
4WE_PAIR_017_V02__PLAYER,R0_CURRENT_BASELINE,R1_REMOVE_LEGAL_SIGNATURE,0.11200000000000002,0.038,0.228,Quick Attack,Quick Attack,True
4WE_PAIR_007_V02__OPPONENT,R0_CURRENT_BASELINE,R1_REMOVE_LEGAL_SIGNATURE,0.11200000000000002,0.037333333333333336,0.224,Quick Attack,Quick Attack,True
4WE_PAIR_017_V02__OPPONENT,R0_CURRENT_BASELINE,R1_REMOVE_LEGAL_SIGNATURE,0.11200000000000002,0.037333333333333336,0.224,Quick Attack,Quick Attack,True
4WE_PAIR_006_V02__OPPONENT,R0_CURRENT_BASELINE,R3_STATE_CENTRIC_POLICY,0.112,0.03733333333333335,0.2240000000000001,Quick Attack,Quick Attack,True
4WE_PAIR_005_V02__OPPONENT,R0_CURRENT_BASELINE,R3_STATE_CENTRIC_POLICY,0.112,0.03733333333333333,0.22399999999999998,Quick Attack,Quick Attack,True
4WE_PAIR_012_V02__OPPONENT,R0_CURRENT_BASELINE,R3_STATE_CENTRIC_POLICY,0.112,0.03733333333333333,0.22399999999999998,Quick Attack,Quick Attack,True
4WE_PAIR_007_V01__PLAYER,R0_CURRENT_BASELINE,R3_STATE_CENTRIC_POLICY,0.11199999999999999,0.04,0.24,Quick Attack,Quick Attack,True
4WE_PAIR_011_V03__OPPONENT,R0_CURRENT_BASELINE,R3_STATE_CENTRIC_POLICY,0.11199999999999999,0.03733333333333333,0.22399999999999998,Quick Attack,Quick Attack,True
4WE_PAIR_020_V02__OPPONENT,R0_CURRENT_BASELINE,R3_STATE_CENTRIC_POLICY,0.11199999999999999,0.03733333333333333,0.22399999999999998,Quick Attack,Quick Attack,True
4WE_PAIR_020_V02__PLAYER,R0_CURRENT_BASELINE,R3_STATE_CENTRIC_POLICY,0.11199999999999999,0.03733333333333333,0.22399999999999998,Quick Attack,Quick Attack,True
4WE_PAIR_005_V03__OPPONENT,R0_CURRENT_BASELINE,R1_REMOVE_LEGAL_SIGNATURE,0.11,0.03666666666666668,0.22000000000000008,Quick Attack,Quick Attack,True
4WE_PAIR_006_V03__OPPONENT,R0_CURRENT_BASELINE,R1_REMOVE_LEGAL_SIGNATURE,0.11,0.03666666666666668,0.22000000000000008,Quick Attack,Quick Attack,True
4WE_PAIR_012_V03__OPPONENT,R0_CURRENT_BASELINE,R1_REMOVE_LEGAL_SIGNATURE,0.11,0.03666666666666668,0.22000000000000008,Quick Attack,Quick Attack,True
4WE_PAIR_015_V02__OPPONENT,R0_CURRENT_BASELINE,R1_REMOVE_LEGAL_SIGNATURE,0.11,0.03666666666666668,0.22000000000000008,Quick Attack,Quick Attack,True
4WE_PAIR_016_V02__OPPONENT,R0_CURRENT_BASELINE,R1_REMOVE_LEGAL_SIGNATURE,0.11,0.03666666666666668,0.22000000000000008,Quick Attack,Quick Attack,True
4WE_PAIR_021_V02__OPPONENT,R0_CURRENT_BASELINE,R1_REMOVE_LEGAL_SIGNATURE,0.11,0.03666666666666668,0.22000000000000008,Quick Attack,Quick Attack,True
4WE_PAIR_016_V02__PLAYER,R0_CURRENT_BASELINE,R3_STATE_CENTRIC_POLICY,0.11,0.03666666666666668,0.22000000000000008,Quick Attack,Quick Attack,True
4WE_PAIR_007_V01__OPPONENT,R0_CURRENT_BASELINE,R3_STATE_CENTRIC_POLICY,0.10999999999999999,0.03933333333333334,0.23600000000000002,Quick Attack,Quick Attack,True
4WE_PAIR_017_V01__OPPONENT,R0_CURRENT_BASELINE,R3_STATE_CENTRIC_POLICY,0.10999999999999999,0.03933333333333334,0.23600000000000002,Quick Attack,Quick Attack,True
4WE_PAIR_017_V01__PLAYER,R0_CURRENT_BASELINE,R3_STATE_CENTRIC_POLICY,0.10999999999999999,0.03933333333333334,0.23600000000000002,Quick Attack,Quick Attack,True
4WE_PAIR_002_V04__PLAYER,R0_CURRENT_BASELINE,R3_STATE_CENTRIC_POLICY,0.10999999999999999,0.03933333333333333,0.236,Quick Attack,Quick Attack,True
4WE_PAIR_009_V04__PLAYER,R0_CURRENT_BASELINE,R3_STATE_CENTRIC_POLICY,0.10999999999999999,0.03933333333333333,0.236,Quick Attack,Quick Attack,True
4WE_PAIR_007_V04__OPPONENT,R0_CURRENT_BASELINE,R3_STATE_CENTRIC_POLICY,0.10999999999999999,0.03866666666666667,0.232,Quick Attack,Quick Attack,True
4WE_PAIR_017_V04__OPPONENT,R0_CURRENT_BASELINE,R3_STATE_CENTRIC_POLICY,0.10999999999999999,0.03866666666666667,0.232,Quick Attack,Quick Attack,True
4WE_PAIR_011_V02__PLAYER,R0_CURRENT_BASELINE,R3_STATE_CENTRIC_POLICY,0.10999999999999999,0.03666666666666666,0.21999999999999997,Quick Attack,Quick Attack,True
4WE_PAIR_015_V03__PLAYER,R0_CURRENT_BASELINE,R1_REMOVE_LEGAL_SIGNATURE,0.108,0.03600000000000001,0.21600000000000008,Quick Attack,Quick Attack,True
4WE_PAIR_016_V03__PLAYER,R0_CURRENT_BASELINE,R1_REMOVE_LEGAL_SIGNATURE,0.108,0.03600000000000001,0.21600000000000008,Quick Attack,Quick Attack,True
4WE_PAIR_021_V03__PLAYER,R0_CURRENT_BASELINE,R1_REMOVE_LEGAL_SIGNATURE,0.108,0.03600000000000001,0.21600000000000008,Quick Attack,Quick Attack,True
4WE_PAIR_006_V02__PLAYER,R0_CURRENT_BASELINE,R3_STATE_CENTRIC_POLICY,0.108,0.03600000000000001,0.21600000000000008,Quick Attack,Quick Attack,True
4WE_PAIR_015_V02__PLAYER,R0_CURRENT_BASELINE,R3_STATE_CENTRIC_POLICY,0.108,0.03600000000000001,0.21600000000000008,Quick Attack,Quick Attack,True
4WE_PAIR_021_V02__PLAYER,R0_CURRENT_BASELINE,R3_STATE_CENTRIC_POLICY,0.108,0.03600000000000001,0.21600000000000008,Quick Attack,Quick Attack,True
4WE_PAIR_020_V03__OPPONENT,R0_CURRENT_BASELINE,R1_REMOVE_LEGAL_SIGNATURE,0.108,0.036,0.21599999999999997,Quick Attack,Quick Attack,True
4WE_PAIR_001_V04__PLAYER,R0_CURRENT_BASELINE,R3_STATE_CENTRIC_POLICY,0.10799999999999998,0.03866666666666666,0.23199999999999998,Quick Attack,Quick Attack,True
4WE_PAIR_008_V04__PLAYER,R0_CURRENT_BASELINE,R3_STATE_CENTRIC_POLICY,0.10799999999999998,0.03866666666666666,0.23199999999999998,Quick Attack,Quick Attack,True
4WE_PAIR_014_V04__PLAYER,R0_CURRENT_BASELINE,R3_STATE_CENTRIC_POLICY,0.10799999999999998,0.03866666666666666,0.23199999999999998,Quick Attack,Quick Attack,True
4WE_PAIR_019_V04__PLAYER,R0_CURRENT_BASELINE,R3_STATE_CENTRIC_POLICY,0.10799999999999998,0.03866666666666666,0.23199999999999998,Quick Attack,Quick Attack,True
4WE_PAIR_023_V03__OPPONENT,R0_CURRENT_BASELINE,R3_STATE_CENTRIC_POLICY,0.10799999999999998,0.036,0.21599999999999997,Quick Attack,Quick Attack,True
4WE_PAIR_023_V03__PLAYER,R0_CURRENT_BASELINE,R3_STATE_CENTRIC_POLICY,0.10799999999999998,0.036,0.21599999999999997,Quick Attack,Quick Attack,True
4WE_PAIR_020_V03__PLAYER,R0_CURRENT_BASELINE,R1_REMOVE_LEGAL_SIGNATURE,0.1060000000000001,0.03533333333333335,0.21200000000000008,Quick Attack,Quick Attack,True
4WE_PAIR_005_V02__OPPONENT,R0_CURRENT_BASELINE,R1_REMOVE_LEGAL_SIGNATURE,0.106,0.03533333333333335,0.21200000000000008,Quick Attack,Quick Attack,True
4WE_PAIR_006_V02__OPPONENT,R0_CURRENT_BASELINE,R1_REMOVE_LEGAL_SIGNATURE,0.106,0.03533333333333335,0.21200000000000008,Quick Attack,Quick Attack,True
4WE_PAIR_012_V02__OPPONENT,R0_CURRENT_BASELINE,R1_REMOVE_LEGAL_SIGNATURE,0.106,0.03533333333333335,0.21200000000000008,Quick Attack,Quick Attack,True
4WE_PAIR_005_V02__PLAYER,R0_CURRENT_BASELINE,R3_STATE_CENTRIC_POLICY,0.106,0.03533333333333335,0.21200000000000008,Quick Attack,Quick Attack,True
4WE_PAIR_012_V02__PLAYER,R0_CURRENT_BASELINE,R3_STATE_CENTRIC_POLICY,0.106,0.03533333333333335,0.21200000000000008,Quick Attack,Quick Attack,True
4WE_PAIR_013_V04__PLAYER,R0_CURRENT_BASELINE,R3_STATE_CENTRIC_POLICY,0.10599999999999998,0.038,0.22799999999999998,Quick Attack,Quick Attack,True
4WE_PAIR_018_V04__PLAYER,R0_CURRENT_BASELINE,R3_STATE_CENTRIC_POLICY,0.10599999999999998,0.038,0.22799999999999998,Quick Attack,Quick Attack,True
4WE_PAIR_022_V02__OPPONENT,R0_CURRENT_BASELINE,R3_STATE_CENTRIC_POLICY,0.10599999999999998,0.035333333333333335,0.212,Quick Attack,Quick Attack,True
4WE_PAIR_011_V02__OPPONENT,R0_CURRENT_BASELINE,R3_STATE_CENTRIC_POLICY,0.10599999999999998,0.03533333333333333,0.21199999999999997,Quick Attack,Quick Attack,True
4WE_PAIR_022_V03__OPPONENT,R0_CURRENT_BASELINE,R1_REMOVE_LEGAL_SIGNATURE,0.10400000000000009,0.03466666666666668,0.20800000000000007,Quick Attack,Quick Attack,True
4WE_PAIR_023_V03__OPPONENT,R0_CURRENT_BASELINE,R1_REMOVE_LEGAL_SIGNATURE,0.10400000000000009,0.03466666666666668,0.20800000000000007,Quick Attack,Quick Attack,True
4WE_PAIR_005_V03__PLAYER,R0_CURRENT_BASELINE,R1_REMOVE_LEGAL_SIGNATURE,0.104,0.03466666666666668,0.20800000000000007,Quick Attack,Quick Attack,True
4WE_PAIR_006_V03__PLAYER,R0_CURRENT_BASELINE,R1_REMOVE_LEGAL_SIGNATURE,0.104,0.03466666666666668,0.20800000000000007,Quick Attack,Quick Attack,True
4WE_PAIR_012_V03__PLAYER,R0_CURRENT_BASELINE,R1_REMOVE_LEGAL_SIGNATURE,0.104,0.03466666666666668,0.20800000000000007,Quick Attack,Quick Attack,True
4WE_PAIR_011_V03__OPPONENT,R0_CURRENT_BASELINE,R1_REMOVE_LEGAL_SIGNATURE,0.104,0.03466666666666666,0.20799999999999996,Quick Attack,Quick Attack,True
4WE_PAIR_020_V02__OPPONENT,R0_CURRENT_BASELINE,R1_REMOVE_LEGAL_SIGNATURE,0.104,0.03466666666666666,0.20799999999999996,Quick Attack,Quick Attack,True
4WE_PAIR_002_V01__PLAYER,R0_CURRENT_BASELINE,R3_STATE_CENTRIC_POLICY,0.10399999999999998,0.03733333333333333,0.22399999999999998,Quick Attack,Quick Attack,True
4WE_PAIR_003_V04__PLAYER,R0_CURRENT_BASELINE,R3_STATE_CENTRIC_POLICY,0.10399999999999998,0.03733333333333333,0.22399999999999998,Quick Attack,Quick Attack,True
4WE_PAIR_004_V04__PLAYER,R0_CURRENT_BASELINE,R3_STATE_CENTRIC_POLICY,0.10399999999999998,0.03733333333333333,0.22399999999999998,Quick Attack,Quick Attack,True
4WE_PAIR_009_V01__PLAYER,R0_CURRENT_BASELINE,R3_STATE_CENTRIC_POLICY,0.10399999999999998,0.03733333333333333,0.22399999999999998,Quick Attack,Quick Attack,True
4WE_PAIR_010_V04__PLAYER,R0_CURRENT_BASELINE,R3_STATE_CENTRIC_POLICY,0.10399999999999998,0.03733333333333333,0.22399999999999998,Quick Attack,Quick Attack,True
4WE_PAIR_022_V02__PLAYER,R0_CURRENT_BASELINE,R3_STATE_CENTRIC_POLICY,0.10200000000000009,0.034000000000000016,0.2040000000000001,Quick Attack,Quick Attack,True
4WE_PAIR_023_V02__OPPONENT,R0_CURRENT_BASELINE,R3_STATE_CENTRIC_POLICY,0.10200000000000009,0.034000000000000016,0.2040000000000001,Quick Attack,Quick Attack,True
4WE_PAIR_023_V02__PLAYER,R0_CURRENT_BASELINE,R3_STATE_CENTRIC_POLICY,0.10200000000000009,0.034000000000000016,0.2040000000000001,Quick Attack,Quick Attack,True
4WE_PAIR_011_V03__PLAYER,R0_CURRENT_BASELINE,R1_REMOVE_LEGAL_SIGNATURE,0.10200000000000009,0.03400000000000001,0.20400000000000007,Quick Attack,Quick Attack,True
4WE_PAIR_020_V02__PLAYER,R0_CURRENT_BASELINE,R1_REMOVE_LEGAL_SIGNATURE,0.10200000000000009,0.03400000000000001,0.20400000000000007,Quick Attack,Quick Attack,True
4WE_PAIR_022_V02__OPPONENT,R0_CURRENT_BASELINE,R1_REMOVE_LEGAL_SIGNATURE,0.10200000000000009,0.03400000000000001,0.20400000000000007,Quick Attack,Quick Attack,True
4WE_PAIR_022_V03__PLAYER,R0_CURRENT_BASELINE,R1_REMOVE_LEGAL_SIGNATURE,0.10200000000000009,0.03400000000000001,0.20400000000000007,Quick Attack,Quick Attack,True
4WE_PAIR_023_V02__OPPONENT,R0_CURRENT_BASELINE,R1_REMOVE_LEGAL_SIGNATURE,0.10200000000000009,0.03400000000000001,0.20400000000000007,Quick Attack,Quick Attack,True
4WE_PAIR_023_V03__PLAYER,R0_CURRENT_BASELINE,R1_REMOVE_LEGAL_SIGNATURE,0.10200000000000009,0.03400000000000001,0.20400000000000007,Quick Attack,Quick Attack,True
4WE_PAIR_015_V02__PLAYER,R0_CURRENT_BASELINE,R1_REMOVE_LEGAL_SIGNATURE,0.102,0.03400000000000001,0.20400000000000007,Quick Attack,Quick Attack,True
4WE_PAIR_016_V02__PLAYER,R0_CURRENT_BASELINE,R1_REMOVE_LEGAL_SIGNATURE,0.102,0.03400000000000001,0.20400000000000007,Quick Attack,Quick Attack,True
4WE_PAIR_021_V02__PLAYER,R0_CURRENT_BASELINE,R1_REMOVE_LEGAL_SIGNATURE,0.102,0.03400000000000001,0.20400000000000007,Quick Attack,Quick Attack,True
4WE_PAIR_001_V01__PLAYER,R0_CURRENT_BASELINE,R3_STATE_CENTRIC_POLICY,0.10199999999999998,0.03666666666666666,0.21999999999999997,Quick Attack,Quick Attack,True
4WE_PAIR_002_V01__OPPONENT,R0_CURRENT_BASELINE,R3_STATE_CENTRIC_POLICY,0.10199999999999998,0.03666666666666666,0.21999999999999997,Quick Attack,Quick Attack,True
4WE_PAIR_003_V01__PLAYER,R0_CURRENT_BASELINE,R3_STATE_CENTRIC_POLICY,0.10199999999999998,0.03666666666666666,0.21999999999999997,Quick Attack,Quick Attack,True
4WE_PAIR_004_V01__PLAYER,R0_CURRENT_BASELINE,R3_STATE_CENTRIC_POLICY,0.10199999999999998,0.03666666666666666,0.21999999999999997,Quick Attack,Quick Attack,True
4WE_PAIR_008_V01__PLAYER,R0_CURRENT_BASELINE,R3_STATE_CENTRIC_POLICY,0.10199999999999998,0.03666666666666666,0.21999999999999997,Quick Attack,Quick Attack,True
4WE_PAIR_009_V01__OPPONENT,R0_CURRENT_BASELINE,R3_STATE_CENTRIC_POLICY,0.10199999999999998,0.03666666666666666,0.21999999999999997,Quick Attack,Quick Attack,True
4WE_PAIR_010_V01__PLAYER,R0_CURRENT_BASELINE,R3_STATE_CENTRIC_POLICY,0.10199999999999998,0.03666666666666666,0.21999999999999997,Quick Attack,Quick Attack,True
4WE_PAIR_014_V01__OPPONENT,R0_CURRENT_BASELINE,R3_STATE_CENTRIC_POLICY,0.10199999999999998,0.03666666666666666,0.21999999999999997,Quick Attack,Quick Attack,True
4WE_PAIR_014_V01__PLAYER,R0_CURRENT_BASELINE,R3_STATE_CENTRIC_POLICY,0.10199999999999998,0.03666666666666666,0.21999999999999997,Quick Attack,Quick Attack,True
4WE_PAIR_019_V01__OPPONENT,R0_CURRENT_BASELINE,R3_STATE_CENTRIC_POLICY,0.10199999999999998,0.03666666666666666,0.21999999999999997,Quick Attack,Quick Attack,True
4WE_PAIR_019_V01__PLAYER,R0_CURRENT_BASELINE,R3_STATE_CENTRIC_POLICY,0.10199999999999998,0.03666666666666666,0.21999999999999997,Quick Attack,Quick Attack,True
4WE_PAIR_002_V04__OPPONENT,R0_CURRENT_BASELINE,R3_STATE_CENTRIC_POLICY,0.10199999999999998,0.036,0.21599999999999997,Quick Attack,Quick Attack,True
4WE_PAIR_009_V04__OPPONENT,R0_CURRENT_BASELINE,R3_STATE_CENTRIC_POLICY,0.10199999999999998,0.036,0.21599999999999997,Quick Attack,Quick Attack,True
4WE_PAIR_014_V04__OPPONENT,R0_CURRENT_BASELINE,R3_STATE_CENTRIC_POLICY,0.10199999999999998,0.036,0.21599999999999997,Quick Attack,Quick Attack,True
4WE_PAIR_019_V04__OPPONENT,R0_CURRENT_BASELINE,R3_STATE_CENTRIC_POLICY,0.10199999999999998,0.036,0.21599999999999997,Quick Attack,Quick Attack,True
4WE_PAIR_011_V02__OPPONENT,R0_CURRENT_BASELINE,R1_REMOVE_LEGAL_SIGNATURE,0.09999999999999999,0.03333333333333335,0.20000000000000007,Quick Attack,Quick Attack,True
4WE_PAIR_001_V01__OPPONENT,R0_CURRENT_BASELINE,R3_STATE_CENTRIC_POLICY,0.09999999999999998,0.036,0.21599999999999997,Quick Attack,Quick Attack,True
4WE_PAIR_003_V01__OPPONENT,R0_CURRENT_BASELINE,R3_STATE_CENTRIC_POLICY,0.09999999999999998,0.036,0.21599999999999997,Quick Attack,Quick Attack,True
4WE_PAIR_004_V01__OPPONENT,R0_CURRENT_BASELINE,R3_STATE_CENTRIC_POLICY,0.09999999999999998,0.036,0.21599999999999997,Quick Attack,Quick Attack,True
4WE_PAIR_008_V01__OPPONENT,R0_CURRENT_BASELINE,R3_STATE_CENTRIC_POLICY,0.09999999999999998,0.036,0.21599999999999997,Quick Attack,Quick Attack,True
4WE_PAIR_010_V01__OPPONENT,R0_CURRENT_BASELINE,R3_STATE_CENTRIC_POLICY,0.09999999999999998,0.036,0.21599999999999997,Quick Attack,Quick Attack,True
4WE_PAIR_013_V01__OPPONENT,R0_CURRENT_BASELINE,R3_STATE_CENTRIC_POLICY,0.09999999999999998,0.036,0.21599999999999997,Quick Attack,Quick Attack,True
4WE_PAIR_013_V01__PLAYER,R0_CURRENT_BASELINE,R3_STATE_CENTRIC_POLICY,0.09999999999999998,0.036,0.21599999999999997,Quick Attack,Quick Attack,True
4WE_PAIR_018_V01__OPPONENT,R0_CURRENT_BASELINE,R3_STATE_CENTRIC_POLICY,0.09999999999999998,0.036,0.21599999999999997,Quick Attack,Quick Attack,True
4WE_PAIR_018_V01__PLAYER,R0_CURRENT_BASELINE,R3_STATE_CENTRIC_POLICY,0.09999999999999998,0.036,0.21599999999999997,Quick Attack,Quick Attack,True
4WE_PAIR_001_V04__OPPONENT,R0_CURRENT_BASELINE,R3_STATE_CENTRIC_POLICY,0.09999999999999998,0.03533333333333333,0.21199999999999997,Quick Attack,Quick Attack,True
4WE_PAIR_003_V04__OPPONENT,R0_CURRENT_BASELINE,R3_STATE_CENTRIC_POLICY,0.09999999999999998,0.03533333333333333,0.21199999999999997,Quick Attack,Quick Attack,True
4WE_PAIR_004_V04__OPPONENT,R0_CURRENT_BASELINE,R3_STATE_CENTRIC_POLICY,0.09999999999999998,0.03533333333333333,0.21199999999999997,Quick Attack,Quick Attack,True
4WE_PAIR_008_V04__OPPONENT,R0_CURRENT_BASELINE,R3_STATE_CENTRIC_POLICY,0.09999999999999998,0.03533333333333333,0.21199999999999997,Quick Attack,Quick Attack,True
4WE_PAIR_010_V04__OPPONENT,R0_CURRENT_BASELINE,R3_STATE_CENTRIC_POLICY,0.09999999999999998,0.03533333333333333,0.21199999999999997,Quick Attack,Quick Attack,True
4WE_PAIR_013_V04__OPPONENT,R0_CURRENT_BASELINE,R3_STATE_CENTRIC_POLICY,0.09999999999999998,0.03533333333333333,0.21199999999999997,Quick Attack,Quick Attack,True
4WE_PAIR_018_V04__OPPONENT,R0_CURRENT_BASELINE,R3_STATE_CENTRIC_POLICY,0.09999999999999998,0.03533333333333333,0.21199999999999997,Quick Attack,Quick Attack,True
4WE_PAIR_011_V02__PLAYER,R0_CURRENT_BASELINE,R1_REMOVE_LEGAL_SIGNATURE,0.09800000000000009,0.032666666666666684,0.19600000000000012,Quick Attack,Quick Attack,True
4WE_PAIR_022_V02__PLAYER,R0_CURRENT_BASELINE,R1_REMOVE_LEGAL_SIGNATURE,0.09800000000000009,0.032666666666666684,0.19600000000000012,Quick Attack,Quick Attack,True
4WE_PAIR_023_V02__PLAYER,R0_CURRENT_BASELINE,R1_REMOVE_LEGAL_SIGNATURE,0.09800000000000009,0.032666666666666684,0.19600000000000012,Quick Attack,Quick Attack,True
4WE_PAIR_005_V02__PLAYER,R0_CURRENT_BASELINE,R1_REMOVE_LEGAL_SIGNATURE,0.09799999999999999,0.03266666666666668,0.19600000000000006,Quick Attack,Quick Attack,True
4WE_PAIR_006_V02__PLAYER,R0_CURRENT_BASELINE,R1_REMOVE_LEGAL_SIGNATURE,0.09799999999999999,0.03266666666666668,0.19600000000000006,Quick Attack,Quick Attack,True
4WE_PAIR_012_V02__PLAYER,R0_CURRENT_BASELINE,R1_REMOVE_LEGAL_SIGNATURE,0.09799999999999999,0.03266666666666668,0.19600000000000006,Quick Attack,Quick Attack,True
4WE_PAIR_002_V03__PLAYER,R0_CURRENT_BASELINE,R2_REMOVE_SIGNATURE_AND_COMPATIBILITY,0.094,0.03200000000000001,0.19200000000000006,Quick Attack,Quick Attack,True
4WE_PAIR_004_V03__PLAYER,R0_CURRENT_BASELINE,R2_REMOVE_SIGNATURE_AND_COMPATIBILITY,0.094,0.03200000000000001,0.19200000000000006,Quick Attack,Quick Attack,True
4WE_PAIR_009_V03__PLAYER,R0_CURRENT_BASELINE,R2_REMOVE_SIGNATURE_AND_COMPATIBILITY,0.094,0.03200000000000001,0.19200000000000006,Quick Attack,Quick Attack,True
4WE_PAIR_014_V03__OPPONENT,R0_CURRENT_BASELINE,R2_REMOVE_SIGNATURE_AND_COMPATIBILITY,0.094,0.03200000000000001,0.19200000000000006,Quick Attack,Quick Attack,True
4WE_PAIR_014_V03__PLAYER,R0_CURRENT_BASELINE,R2_REMOVE_SIGNATURE_AND_COMPATIBILITY,0.094,0.03200000000000001,0.19200000000000006,Quick Attack,Quick Attack,True
4WE_PAIR_019_V03__OPPONENT,R0_CURRENT_BASELINE,R2_REMOVE_SIGNATURE_AND_COMPATIBILITY,0.094,0.03200000000000001,0.19200000000000006,Quick Attack,Quick Attack,True
4WE_PAIR_019_V03__PLAYER,R0_CURRENT_BASELINE,R2_REMOVE_SIGNATURE_AND_COMPATIBILITY,0.094,0.03200000000000001,0.19200000000000006,Quick Attack,Quick Attack,True
4WE_PAIR_001_V03__PLAYER,R0_CURRENT_BASELINE,R2_REMOVE_SIGNATURE_AND_COMPATIBILITY,0.092,0.031333333333333345,0.18800000000000006,Quick Attack,Quick Attack,True
4WE_PAIR_002_V02__PLAYER,R0_CURRENT_BASELINE,R2_REMOVE_SIGNATURE_AND_COMPATIBILITY,0.092,0.031333333333333345,0.18800000000000006,Quick Attack,Quick Attack,True
4WE_PAIR_002_V03__OPPONENT,R0_CURRENT_BASELINE,R2_REMOVE_SIGNATURE_AND_COMPATIBILITY,0.092,0.031333333333333345,0.18800000000000006,Quick Attack,Quick Attack,True
4WE_PAIR_003_V03__PLAYER,R0_CURRENT_BASELINE,R2_REMOVE_SIGNATURE_AND_COMPATIBILITY,0.092,0.031333333333333345,0.18800000000000006,Quick Attack,Quick Attack,True
4WE_PAIR_004_V02__PLAYER,R0_CURRENT_BASELINE,R2_REMOVE_SIGNATURE_AND_COMPATIBILITY,0.092,0.031333333333333345,0.18800000000000006,Quick Attack,Quick Attack,True
4WE_PAIR_004_V03__OPPONENT,R0_CURRENT_BASELINE,R2_REMOVE_SIGNATURE_AND_COMPATIBILITY,0.092,0.031333333333333345,0.18800000000000006,Quick Attack,Quick Attack,True
4WE_PAIR_008_V03__PLAYER,R0_CURRENT_BASELINE,R2_REMOVE_SIGNATURE_AND_COMPATIBILITY,0.092,0.031333333333333345,0.18800000000000006,Quick Attack,Quick Attack,True
4WE_PAIR_009_V02__PLAYER,R0_CURRENT_BASELINE,R2_REMOVE_SIGNATURE_AND_COMPATIBILITY,0.092,0.031333333333333345,0.18800000000000006,Quick Attack,Quick Attack,True
4WE_PAIR_009_V03__OPPONENT,R0_CURRENT_BASELINE,R2_REMOVE_SIGNATURE_AND_COMPATIBILITY,0.092,0.031333333333333345,0.18800000000000006,Quick Attack,Quick Attack,True
4WE_PAIR_010_V03__PLAYER,R0_CURRENT_BASELINE,R2_REMOVE_SIGNATURE_AND_COMPATIBILITY,0.092,0.031333333333333345,0.18800000000000006,Quick Attack,Quick Attack,True
4WE_PAIR_013_V03__OPPONENT,R0_CURRENT_BASELINE,R2_REMOVE_SIGNATURE_AND_COMPATIBILITY,0.092,0.031333333333333345,0.18800000000000006,Quick Attack,Quick Attack,True
4WE_PAIR_013_V03__PLAYER,R0_CURRENT_BASELINE,R2_REMOVE_SIGNATURE_AND_COMPATIBILITY,0.092,0.031333333333333345,0.18800000000000006,Quick Attack,Quick Attack,True
4WE_PAIR_014_V02__OPPONENT,R0_CURRENT_BASELINE,R2_REMOVE_SIGNATURE_AND_COMPATIBILITY,0.092,0.031333333333333345,0.18800000000000006,Quick Attack,Quick Attack,True
4WE_PAIR_014_V02__PLAYER,R0_CURRENT_BASELINE,R2_REMOVE_SIGNATURE_AND_COMPATIBILITY,0.092,0.031333333333333345,0.18800000000000006,Quick Attack,Quick Attack,True
4WE_PAIR_018_V03__OPPONENT,R0_CURRENT_BASELINE,R2_REMOVE_SIGNATURE_AND_COMPATIBILITY,0.092,0.031333333333333345,0.18800000000000006,Quick Attack,Quick Attack,True
4WE_PAIR_018_V03__PLAYER,R0_CURRENT_BASELINE,R2_REMOVE_SIGNATURE_AND_COMPATIBILITY,0.092,0.031333333333333345,0.18800000000000006,Quick Attack,Quick Attack,True
4WE_PAIR_019_V02__OPPONENT,R0_CURRENT_BASELINE,R2_REMOVE_SIGNATURE_AND_COMPATIBILITY,0.092,0.031333333333333345,0.18800000000000006,Quick Attack,Quick Attack,True
4WE_PAIR_019_V02__PLAYER,R0_CURRENT_BASELINE,R2_REMOVE_SIGNATURE_AND_COMPATIBILITY,0.092,0.031333333333333345,0.18800000000000006,Quick Attack,Quick Attack,True
4WE_PAIR_001_V02__PLAYER,R0_CURRENT_BASELINE,R2_REMOVE_SIGNATURE_AND_COMPATIBILITY,0.09,0.030666666666666675,0.18400000000000005,Quick Attack,Quick Attack,True
4WE_PAIR_001_V03__OPPONENT,R0_CURRENT_BASELINE,R2_REMOVE_SIGNATURE_AND_COMPATIBILITY,0.09,0.030666666666666675,0.18400000000000005,Quick Attack,Quick Attack,True
4WE_PAIR_002_V02__OPPONENT,R0_CURRENT_BASELINE,R2_REMOVE_SIGNATURE_AND_COMPATIBILITY,0.09,0.030666666666666675,0.18400000000000005,Quick Attack,Quick Attack,True
4WE_PAIR_003_V02__PLAYER,R0_CURRENT_BASELINE,R2_REMOVE_SIGNATURE_AND_COMPATIBILITY,0.09,0.030666666666666675,0.18400000000000005,Quick Attack,Quick Attack,True
4WE_PAIR_003_V03__OPPONENT,R0_CURRENT_BASELINE,R2_REMOVE_SIGNATURE_AND_COMPATIBILITY,0.09,0.030666666666666675,0.18400000000000005,Quick Attack,Quick Attack,True
4WE_PAIR_004_V02__OPPONENT,R0_CURRENT_BASELINE,R2_REMOVE_SIGNATURE_AND_COMPATIBILITY,0.09,0.030666666666666675,0.18400000000000005,Quick Attack,Quick Attack,True
4WE_PAIR_008_V02__PLAYER,R0_CURRENT_BASELINE,R2_REMOVE_SIGNATURE_AND_COMPATIBILITY,0.09,0.030666666666666675,0.18400000000000005,Quick Attack,Quick Attack,True
4WE_PAIR_008_V03__OPPONENT,R0_CURRENT_BASELINE,R2_REMOVE_SIGNATURE_AND_COMPATIBILITY,0.09,0.030666666666666675,0.18400000000000005,Quick Attack,Quick Attack,True
4WE_PAIR_009_V02__OPPONENT,R0_CURRENT_BASELINE,R2_REMOVE_SIGNATURE_AND_COMPATIBILITY,0.09,0.030666666666666675,0.18400000000000005,Quick Attack,Quick Attack,True
4WE_PAIR_010_V02__PLAYER,R0_CURRENT_BASELINE,R2_REMOVE_SIGNATURE_AND_COMPATIBILITY,0.09,0.030666666666666675,0.18400000000000005,Quick Attack,Quick Attack,True
4WE_PAIR_010_V03__OPPONENT,R0_CURRENT_BASELINE,R2_REMOVE_SIGNATURE_AND_COMPATIBILITY,0.09,0.030666666666666675,0.18400000000000005,Quick Attack,Quick Attack,True
4WE_PAIR_013_V02__OPPONENT,R0_CURRENT_BASELINE,R2_REMOVE_SIGNATURE_AND_COMPATIBILITY,0.09,0.030666666666666675,0.18400000000000005,Quick Attack,Quick Attack,True
4WE_PAIR_013_V02__PLAYER,R0_CURRENT_BASELINE,R2_REMOVE_SIGNATURE_AND_COMPATIBILITY,0.09,0.030666666666666675,0.18400000000000005,Quick Attack,Quick Attack,True
4WE_PAIR_018_V02__OPPONENT,R0_CURRENT_BASELINE,R2_REMOVE_SIGNATURE_AND_COMPATIBILITY,0.09,0.030666666666666675,0.18400000000000005,Quick Attack,Quick Attack,True
4WE_PAIR_018_V02__PLAYER,R0_CURRENT_BASELINE,R2_REMOVE_SIGNATURE_AND_COMPATIBILITY,0.09,0.030666666666666675,0.18400000000000005,Quick Attack,Quick Attack,True
4WE_PAIR_001_V02__OPPONENT,R0_CURRENT_BASELINE,R2_REMOVE_SIGNATURE_AND_COMPATIBILITY,0.088,0.03000000000000001,0.18000000000000005,Quick Attack,Quick Attack,True
4WE_PAIR_003_V02__OPPONENT,R0_CURRENT_BASELINE,R2_REMOVE_SIGNATURE_AND_COMPATIBILITY,0.088,0.03000000000000001,0.18000000000000005,Quick Attack,Quick Attack,True
4WE_PAIR_008_V02__OPPONENT,R0_CURRENT_BASELINE,R2_REMOVE_SIGNATURE_AND_COMPATIBILITY,0.088,0.03000000000000001,0.18000000000000005,Quick Attack,Quick Attack,True
4WE_PAIR_010_V02__OPPONENT,R0_CURRENT_BASELINE,R2_REMOVE_SIGNATURE_AND_COMPATIBILITY,0.088,0.03000000000000001,0.18000000000000005,Quick Attack,Quick Attack,True
4WE_PAIR_007_V03__PLAYER,R0_CURRENT_BASELINE,R2_REMOVE_SIGNATURE_AND_COMPATIBILITY,0.08400000000000002,0.028666666666666663,0.172,Quick Attack,Quick Attack,True
4WE_PAIR_017_V03__OPPONENT,R0_CURRENT_BASELINE,R2_REMOVE_SIGNATURE_AND_COMPATIBILITY,0.08400000000000002,0.028666666666666663,0.172,Quick Attack,Quick Attack,True
4WE_PAIR_017_V03__PLAYER,R0_CURRENT_BASELINE,R2_REMOVE_SIGNATURE_AND_COMPATIBILITY,0.08400000000000002,0.028666666666666663,0.172,Quick Attack,Quick Attack,True
4WE_PAIR_007_V03__OPPONENT,R0_CURRENT_BASELINE,R2_REMOVE_SIGNATURE_AND_COMPATIBILITY,0.08200000000000002,0.027999999999999997,0.16799999999999998,Quick Attack,Quick Attack,True
4WE_PAIR_007_V02__PLAYER,R0_CURRENT_BASELINE,R2_REMOVE_SIGNATURE_AND_COMPATIBILITY,0.08000000000000002,0.02733333333333333,0.16399999999999998,Quick Attack,Quick Attack,True
4WE_PAIR_017_V02__OPPONENT,R0_CURRENT_BASELINE,R2_REMOVE_SIGNATURE_AND_COMPATIBILITY,0.08000000000000002,0.02733333333333333,0.16399999999999998,Quick Attack,Quick Attack,True
4WE_PAIR_017_V02__PLAYER,R0_CURRENT_BASELINE,R2_REMOVE_SIGNATURE_AND_COMPATIBILITY,0.08000000000000002,0.02733333333333333,0.16399999999999998,Quick Attack,Quick Attack,True
4WE_PAIR_004_V04__PLAYER,R1_REMOVE_LEGAL_SIGNATURE,R3_STATE_CENTRIC_POLICY,0.07800000000000007,0.027333333333333345,0.16400000000000006,Quick Attack,Quick Attack,True
4WE_PAIR_007_V02__OPPONENT,R0_CURRENT_BASELINE,R2_REMOVE_SIGNATURE_AND_COMPATIBILITY,0.07800000000000001,0.026666666666666682,0.1600000000000001,Quick Attack,Quick Attack,True
4WE_PAIR_002_V04__PLAYER,R1_REMOVE_LEGAL_SIGNATURE,R3_STATE_CENTRIC_POLICY,0.07600000000000007,0.026666666666666682,0.1600000000000001,Quick Attack,Quick Attack,True
4WE_PAIR_009_V04__PLAYER,R1_REMOVE_LEGAL_SIGNATURE,R3_STATE_CENTRIC_POLICY,0.07600000000000007,0.026666666666666682,0.1600000000000001,Quick Attack,Quick Attack,True
4WE_PAIR_003_V04__PLAYER,R1_REMOVE_LEGAL_SIGNATURE,R3_STATE_CENTRIC_POLICY,0.07600000000000007,0.026666666666666675,0.16000000000000006,Quick Attack,Quick Attack,True
4WE_PAIR_007_V04__PLAYER,R1_REMOVE_LEGAL_SIGNATURE,R3_STATE_CENTRIC_POLICY,0.07600000000000007,0.026666666666666675,0.16000000000000006,Quick Attack,Quick Attack,True
4WE_PAIR_010_V04__PLAYER,R1_REMOVE_LEGAL_SIGNATURE,R3_STATE_CENTRIC_POLICY,0.07600000000000007,0.026666666666666675,0.16000000000000006,Quick Attack,Quick Attack,True
4WE_PAIR_007_V03__OPPONENT,R2_REMOVE_SIGNATURE_AND_COMPATIBILITY,R3_STATE_CENTRIC_POLICY,0.07600000000000007,0.026000000000000013,0.15600000000000008,Quick Attack,Quick Attack,True
4WE_PAIR_017_V03__PLAYER,R2_REMOVE_SIGNATURE_AND_COMPATIBILITY,R3_STATE_CENTRIC_POLICY,0.07600000000000007,0.026000000000000013,0.15600000000000008,Quick Attack,Quick Attack,True
4WE_PAIR_007_V03__PLAYER,R2_REMOVE_SIGNATURE_AND_COMPATIBILITY,R3_STATE_CENTRIC_POLICY,0.07600000000000007,0.025333333333333347,0.15200000000000008,Quick Attack,Quick Attack,True
4WE_PAIR_007_V02__OPPONENT,R2_REMOVE_SIGNATURE_AND_COMPATIBILITY,R3_STATE_CENTRIC_POLICY,0.07599999999999996,0.025999999999999995,0.15599999999999997,Quick Attack,Quick Attack,True
4WE_PAIR_004_V01__PLAYER,R1_REMOVE_LEGAL_SIGNATURE,R3_STATE_CENTRIC_POLICY,0.07400000000000007,0.026000000000000013,0.15600000000000008,Quick Attack,Quick Attack,True
4WE_PAIR_014_V04__PLAYER,R1_REMOVE_LEGAL_SIGNATURE,R3_STATE_CENTRIC_POLICY,0.07400000000000007,0.026000000000000013,0.15600000000000008,Quick Attack,Quick Attack,True
4WE_PAIR_019_V04__PLAYER,R1_REMOVE_LEGAL_SIGNATURE,R3_STATE_CENTRIC_POLICY,0.07400000000000007,0.026000000000000013,0.15600000000000008,Quick Attack,Quick Attack,True
4WE_PAIR_017_V04__PLAYER,R1_REMOVE_LEGAL_SIGNATURE,R3_STATE_CENTRIC_POLICY,0.07400000000000007,0.02600000000000001,0.15600000000000006,Quick Attack,Quick Attack,True
4WE_PAIR_017_V02__OPPONENT,R2_REMOVE_SIGNATURE_AND_COMPATIBILITY,R3_STATE_CENTRIC_POLICY,0.07400000000000007,0.025333333333333347,0.15200000000000008,Quick Attack,Quick Attack,True
4WE_PAIR_017_V02__PLAYER,R2_REMOVE_SIGNATURE_AND_COMPATIBILITY,R3_STATE_CENTRIC_POLICY,0.07400000000000007,0.025333333333333347,0.15200000000000008,Quick Attack,Quick Attack,True
4WE_PAIR_017_V03__OPPONENT,R2_REMOVE_SIGNATURE_AND_COMPATIBILITY,R3_STATE_CENTRIC_POLICY,0.07400000000000007,0.025333333333333347,0.15200000000000008,Quick Attack,Quick Attack,True
4WE_PAIR_007_V02__PLAYER,R2_REMOVE_SIGNATURE_AND_COMPATIBILITY,R3_STATE_CENTRIC_POLICY,0.07400000000000007,0.02466666666666668,0.14800000000000008,Quick Attack,Quick Attack,True
4WE_PAIR_001_V03__OPPONENT,R2_REMOVE_SIGNATURE_AND_COMPATIBILITY,R3_STATE_CENTRIC_POLICY,0.07400000000000001,0.02466666666666666,0.14799999999999996,Quick Attack,Quick Attack,True
4WE_PAIR_002_V03__OPPONENT,R2_REMOVE_SIGNATURE_AND_COMPATIBILITY,R3_STATE_CENTRIC_POLICY,0.07400000000000001,0.02466666666666666,0.14799999999999996,Quick Attack,Quick Attack,True
4WE_PAIR_003_V02__OPPONENT,R2_REMOVE_SIGNATURE_AND_COMPATIBILITY,R3_STATE_CENTRIC_POLICY,0.07400000000000001,0.02466666666666666,0.14799999999999996,Quick Attack,Quick Attack,True
4WE_PAIR_003_V03__OPPONENT,R2_REMOVE_SIGNATURE_AND_COMPATIBILITY,R3_STATE_CENTRIC_POLICY,0.07400000000000001,0.02466666666666666,0.14799999999999996,Quick Attack,Quick Attack,True
4WE_PAIR_008_V03__OPPONENT,R2_REMOVE_SIGNATURE_AND_COMPATIBILITY,R3_STATE_CENTRIC_POLICY,0.07400000000000001,0.02466666666666666,0.14799999999999996,Quick Attack,Quick Attack,True
4WE_PAIR_009_V03__OPPONENT,R2_REMOVE_SIGNATURE_AND_COMPATIBILITY,R3_STATE_CENTRIC_POLICY,0.07400000000000001,0.02466666666666666,0.14799999999999996,Quick Attack,Quick Attack,True
4WE_PAIR_010_V02__OPPONENT,R2_REMOVE_SIGNATURE_AND_COMPATIBILITY,R3_STATE_CENTRIC_POLICY,0.07400000000000001,0.02466666666666666,0.14799999999999996,Quick Attack,Quick Attack,True
4WE_PAIR_010_V03__OPPONENT,R2_REMOVE_SIGNATURE_AND_COMPATIBILITY,R3_STATE_CENTRIC_POLICY,0.07400000000000001,0.02466666666666666,0.14799999999999996,Quick Attack,Quick Attack,True
4WE_PAIR_013_V03__PLAYER,R2_REMOVE_SIGNATURE_AND_COMPATIBILITY,R3_STATE_CENTRIC_POLICY,0.07400000000000001,0.02466666666666666,0.14799999999999996,Quick Attack,Quick Attack,True
4WE_PAIR_014_V03__PLAYER,R2_REMOVE_SIGNATURE_AND_COMPATIBILITY,R3_STATE_CENTRIC_POLICY,0.07400000000000001,0.02466666666666666,0.14799999999999996,Quick Attack,Quick Attack,True
4WE_PAIR_018_V03__PLAYER,R2_REMOVE_SIGNATURE_AND_COMPATIBILITY,R3_STATE_CENTRIC_POLICY,0.07400000000000001,0.02466666666666666,0.14799999999999996,Quick Attack,Quick Attack,True
4WE_PAIR_019_V03__PLAYER,R2_REMOVE_SIGNATURE_AND_COMPATIBILITY,R3_STATE_CENTRIC_POLICY,0.07400000000000001,0.02466666666666666,0.14799999999999996,Quick Attack,Quick Attack,True
4WE_PAIR_001_V03__PLAYER,R2_REMOVE_SIGNATURE_AND_COMPATIBILITY,R3_STATE_CENTRIC_POLICY,0.07399999999999995,0.02466666666666666,0.14799999999999996,Quick Attack,Quick Attack,True
4WE_PAIR_002_V03__PLAYER,R2_REMOVE_SIGNATURE_AND_COMPATIBILITY,R3_STATE_CENTRIC_POLICY,0.07399999999999995,0.02466666666666666,0.14799999999999996,Quick Attack,Quick Attack,True
4WE_PAIR_008_V03__PLAYER,R2_REMOVE_SIGNATURE_AND_COMPATIBILITY,R3_STATE_CENTRIC_POLICY,0.07399999999999995,0.02466666666666666,0.14799999999999996,Quick Attack,Quick Attack,True
4WE_PAIR_009_V03__PLAYER,R2_REMOVE_SIGNATURE_AND_COMPATIBILITY,R3_STATE_CENTRIC_POLICY,0.07399999999999995,0.02466666666666666,0.14799999999999996,Quick Attack,Quick Attack,True
4WE_PAIR_001_V04__PLAYER,R1_REMOVE_LEGAL_SIGNATURE,R3_STATE_CENTRIC_POLICY,0.07200000000000006,0.025333333333333347,0.15200000000000008,Quick Attack,Quick Attack,True
4WE_PAIR_003_V01__PLAYER,R1_REMOVE_LEGAL_SIGNATURE,R3_STATE_CENTRIC_POLICY,0.07200000000000006,0.025333333333333347,0.15200000000000008,Quick Attack,Quick Attack,True
4WE_PAIR_004_V01__OPPONENT,R1_REMOVE_LEGAL_SIGNATURE,R3_STATE_CENTRIC_POLICY,0.07200000000000006,0.025333333333333347,0.15200000000000008,Quick Attack,Quick Attack,True
4WE_PAIR_004_V04__OPPONENT,R1_REMOVE_LEGAL_SIGNATURE,R3_STATE_CENTRIC_POLICY,0.07200000000000006,0.025333333333333347,0.15200000000000008,Quick Attack,Quick Attack,True
4WE_PAIR_008_V04__PLAYER,R1_REMOVE_LEGAL_SIGNATURE,R3_STATE_CENTRIC_POLICY,0.07200000000000006,0.025333333333333347,0.15200000000000008,Quick Attack,Quick Attack,True
4WE_PAIR_010_V01__PLAYER,R1_REMOVE_LEGAL_SIGNATURE,R3_STATE_CENTRIC_POLICY,0.07200000000000006,0.025333333333333347,0.15200000000000008,Quick Attack,Quick Attack,True
4WE_PAIR_002_V04__PLAYER,R2_REMOVE_SIGNATURE_AND_COMPATIBILITY,R3_STATE_CENTRIC_POLICY,0.07200000000000006,0.02466666666666668,0.14800000000000008,Quick Attack,Quick Attack,True
4WE_PAIR_009_V04__PLAYER,R2_REMOVE_SIGNATURE_AND_COMPATIBILITY,R3_STATE_CENTRIC_POLICY,0.07200000000000006,0.02466666666666668,0.14800000000000008,Quick Attack,Quick Attack,True
4WE_PAIR_014_V04__PLAYER,R2_REMOVE_SIGNATURE_AND_COMPATIBILITY,R3_STATE_CENTRIC_POLICY,0.07200000000000006,0.02466666666666668,0.14800000000000008,Quick Attack,Quick Attack,True
4WE_PAIR_019_V04__PLAYER,R2_REMOVE_SIGNATURE_AND_COMPATIBILITY,R3_STATE_CENTRIC_POLICY,0.07200000000000006,0.02466666666666668,0.14800000000000008,Quick Attack,Quick Attack,True
4WE_PAIR_001_V02__OPPONENT,R2_REMOVE_SIGNATURE_AND_COMPATIBILITY,R3_STATE_CENTRIC_POLICY,0.07200000000000001,0.023999999999999994,0.14399999999999996,Quick Attack,Quick Attack,True
4WE_PAIR_002_V02__OPPONENT,R2_REMOVE_SIGNATURE_AND_COMPATIBILITY,R3_STATE_CENTRIC_POLICY,0.07200000000000001,0.023999999999999994,0.14399999999999996,Quick Attack,Quick Attack,True
4WE_PAIR_008_V02__OPPONENT,R2_REMOVE_SIGNATURE_AND_COMPATIBILITY,R3_STATE_CENTRIC_POLICY,0.07200000000000001,0.023999999999999994,0.14399999999999996,Quick Attack,Quick Attack,True
4WE_PAIR_009_V02__OPPONENT,R2_REMOVE_SIGNATURE_AND_COMPATIBILITY,R3_STATE_CENTRIC_POLICY,0.07200000000000001,0.023999999999999994,0.14399999999999996,Quick Attack,Quick Attack,True
4WE_PAIR_013_V03__OPPONENT,R2_REMOVE_SIGNATURE_AND_COMPATIBILITY,R3_STATE_CENTRIC_POLICY,0.07200000000000001,0.023999999999999994,0.14399999999999996,Quick Attack,Quick Attack,True
4WE_PAIR_014_V03__OPPONENT,R2_REMOVE_SIGNATURE_AND_COMPATIBILITY,R3_STATE_CENTRIC_POLICY,0.07200000000000001,0.023999999999999994,0.14399999999999996,Quick Attack,Quick Attack,True
4WE_PAIR_018_V03__OPPONENT,R2_REMOVE_SIGNATURE_AND_COMPATIBILITY,R3_STATE_CENTRIC_POLICY,0.07200000000000001,0.023999999999999994,0.14399999999999996,Quick Attack,Quick Attack,True
4WE_PAIR_019_V03__OPPONENT,R2_REMOVE_SIGNATURE_AND_COMPATIBILITY,R3_STATE_CENTRIC_POLICY,0.07200000000000001,0.023999999999999994,0.14399999999999996,Quick Attack,Quick Attack,True
4WE_PAIR_003_V02__PLAYER,R2_REMOVE_SIGNATURE_AND_COMPATIBILITY,R3_STATE_CENTRIC_POLICY,0.07199999999999995,0.023999999999999994,0.14399999999999996,Quick Attack,Quick Attack,True
4WE_PAIR_010_V02__PLAYER,R2_REMOVE_SIGNATURE_AND_COMPATIBILITY,R3_STATE_CENTRIC_POLICY,0.07199999999999995,0.023999999999999994,0.14399999999999996,Quick Attack,Quick Attack,True
4WE_PAIR_003_V01__OPPONENT,R1_REMOVE_LEGAL_SIGNATURE,R3_STATE_CENTRIC_POLICY,0.07000000000000006,0.02466666666666668,0.14800000000000008,Quick Attack,Quick Attack,True
4WE_PAIR_003_V04__OPPONENT,R1_REMOVE_LEGAL_SIGNATURE,R3_STATE_CENTRIC_POLICY,0.07000000000000006,0.02466666666666668,0.14800000000000008,Quick Attack,Quick Attack,True
4WE_PAIR_007_V01__PLAYER,R1_REMOVE_LEGAL_SIGNATURE,R3_STATE_CENTRIC_POLICY,0.07000000000000006,0.02466666666666668,0.14800000000000008,Quick Attack,Quick Attack,True
4WE_PAIR_010_V01__OPPONENT,R1_REMOVE_LEGAL_SIGNATURE,R3_STATE_CENTRIC_POLICY,0.07000000000000006,0.02466666666666668,0.14800000000000008,Quick Attack,Quick Attack,True
4WE_PAIR_010_V04__OPPONENT,R1_REMOVE_LEGAL_SIGNATURE,R3_STATE_CENTRIC_POLICY,0.07000000000000006,0.02466666666666668,0.14800000000000008,Quick Attack,Quick Attack,True
4WE_PAIR_013_V04__PLAYER,R1_REMOVE_LEGAL_SIGNATURE,R3_STATE_CENTRIC_POLICY,0.07000000000000006,0.02466666666666668,0.14800000000000008,Quick Attack,Quick Attack,True
4WE_PAIR_018_V04__PLAYER,R1_REMOVE_LEGAL_SIGNATURE,R3_STATE_CENTRIC_POLICY,0.07000000000000006,0.02466666666666668,0.14800000000000008,Quick Attack,Quick Attack,True
4WE_PAIR_001_V04__PLAYER,R2_REMOVE_SIGNATURE_AND_COMPATIBILITY,R3_STATE_CENTRIC_POLICY,0.07000000000000006,0.02400000000000001,0.14400000000000007,Quick Attack,Quick Attack,True
4WE_PAIR_008_V04__PLAYER,R2_REMOVE_SIGNATURE_AND_COMPATIBILITY,R3_STATE_CENTRIC_POLICY,0.07000000000000006,0.02400000000000001,0.14400000000000007,Quick Attack,Quick Attack,True
4WE_PAIR_013_V04__PLAYER,R2_REMOVE_SIGNATURE_AND_COMPATIBILITY,R3_STATE_CENTRIC_POLICY,0.07000000000000006,0.02400000000000001,0.14400000000000007,Quick Attack,Quick Attack,True
4WE_PAIR_018_V04__PLAYER,R2_REMOVE_SIGNATURE_AND_COMPATIBILITY,R3_STATE_CENTRIC_POLICY,0.07000000000000006,0.02400000000000001,0.14400000000000007,Quick Attack,Quick Attack,True
4WE_PAIR_004_V02__OPPONENT,R2_REMOVE_SIGNATURE_AND_COMPATIBILITY,R3_STATE_CENTRIC_POLICY,0.07,0.023333333333333327,0.13999999999999996,Quick Attack,Quick Attack,True
4WE_PAIR_004_V03__OPPONENT,R2_REMOVE_SIGNATURE_AND_COMPATIBILITY,R3_STATE_CENTRIC_POLICY,0.07,0.023333333333333327,0.13999999999999996,Quick Attack,Quick Attack,True
4WE_PAIR_013_V02__OPPONENT,R2_REMOVE_SIGNATURE_AND_COMPATIBILITY,R3_STATE_CENTRIC_POLICY,0.07,0.023333333333333327,0.13999999999999996,Quick Attack,Quick Attack,True
4WE_PAIR_013_V02__PLAYER,R2_REMOVE_SIGNATURE_AND_COMPATIBILITY,R3_STATE_CENTRIC_POLICY,0.07,0.023333333333333327,0.13999999999999996,Quick Attack,Quick Attack,True
4WE_PAIR_014_V02__OPPONENT,R2_REMOVE_SIGNATURE_AND_COMPATIBILITY,R3_STATE_CENTRIC_POLICY,0.07,0.023333333333333327,0.13999999999999996,Quick Attack,Quick Attack,True
4WE_PAIR_014_V02__PLAYER,R2_REMOVE_SIGNATURE_AND_COMPATIBILITY,R3_STATE_CENTRIC_POLICY,0.07,0.023333333333333327,0.13999999999999996,Quick Attack,Quick Attack,True
4WE_PAIR_018_V02__OPPONENT,R2_REMOVE_SIGNATURE_AND_COMPATIBILITY,R3_STATE_CENTRIC_POLICY,0.07,0.023333333333333327,0.13999999999999996,Quick Attack,Quick Attack,True
4WE_PAIR_018_V02__PLAYER,R2_REMOVE_SIGNATURE_AND_COMPATIBILITY,R3_STATE_CENTRIC_POLICY,0.07,0.023333333333333327,0.13999999999999996,Quick Attack,Quick Attack,True
4WE_PAIR_019_V02__OPPONENT,R2_REMOVE_SIGNATURE_AND_COMPATIBILITY,R3_STATE_CENTRIC_POLICY,0.07,0.023333333333333327,0.13999999999999996,Quick Attack,Quick Attack,True
4WE_PAIR_019_V02__PLAYER,R2_REMOVE_SIGNATURE_AND_COMPATIBILITY,R3_STATE_CENTRIC_POLICY,0.07,0.023333333333333327,0.13999999999999996,Quick Attack,Quick Attack,True
4WE_PAIR_001_V02__PLAYER,R2_REMOVE_SIGNATURE_AND_COMPATIBILITY,R3_STATE_CENTRIC_POLICY,0.06999999999999995,0.023333333333333327,0.13999999999999996,Quick Attack,Quick Attack,True
4WE_PAIR_002_V02__PLAYER,R2_REMOVE_SIGNATURE_AND_COMPATIBILITY,R3_STATE_CENTRIC_POLICY,0.06999999999999995,0.023333333333333327,0.13999999999999996,Quick Attack,Quick Attack,True
4WE_PAIR_003_V03__PLAYER,R2_REMOVE_SIGNATURE_AND_COMPATIBILITY,R3_STATE_CENTRIC_POLICY,0.06999999999999995,0.023333333333333327,0.13999999999999996,Quick Attack,Quick Attack,True
4WE_PAIR_008_V02__PLAYER,R2_REMOVE_SIGNATURE_AND_COMPATIBILITY,R3_STATE_CENTRIC_POLICY,0.06999999999999995,0.023333333333333327,0.13999999999999996,Quick Attack,Quick Attack,True
4WE_PAIR_009_V02__PLAYER,R2_REMOVE_SIGNATURE_AND_COMPATIBILITY,R3_STATE_CENTRIC_POLICY,0.06999999999999995,0.023333333333333327,0.13999999999999996,Quick Attack,Quick Attack,True
4WE_PAIR_010_V03__PLAYER,R2_REMOVE_SIGNATURE_AND_COMPATIBILITY,R3_STATE_CENTRIC_POLICY,0.06999999999999995,0.023333333333333327,0.13999999999999996,Quick Attack,Quick Attack,True
4WE_PAIR_002_V01__PLAYER,R1_REMOVE_LEGAL_SIGNATURE,R3_STATE_CENTRIC_POLICY,0.06800000000000006,0.02400000000000001,0.14400000000000007,Quick Attack,Quick Attack,True
4WE_PAIR_007_V01__OPPONENT,R1_REMOVE_LEGAL_SIGNATURE,R3_STATE_CENTRIC_POLICY,0.06800000000000006,0.02400000000000001,0.14400000000000007,Quick Attack,Quick Attack,True
4WE_PAIR_007_V04__OPPONENT,R1_REMOVE_LEGAL_SIGNATURE,R3_STATE_CENTRIC_POLICY,0.06800000000000006,0.02400000000000001,0.14400000000000007,Quick Attack,Quick Attack,True
4WE_PAIR_009_V01__PLAYER,R1_REMOVE_LEGAL_SIGNATURE,R3_STATE_CENTRIC_POLICY,0.06800000000000006,0.02400000000000001,0.14400000000000007,Quick Attack,Quick Attack,True
4WE_PAIR_017_V01__OPPONENT,R1_REMOVE_LEGAL_SIGNATURE,R3_STATE_CENTRIC_POLICY,0.06800000000000006,0.02400000000000001,0.14400000000000007,Quick Attack,Quick Attack,True
4WE_PAIR_017_V01__PLAYER,R1_REMOVE_LEGAL_SIGNATURE,R3_STATE_CENTRIC_POLICY,0.06800000000000006,0.02400000000000001,0.14400000000000007,Quick Attack,Quick Attack,True
4WE_PAIR_017_V04__OPPONENT,R1_REMOVE_LEGAL_SIGNATURE,R3_STATE_CENTRIC_POLICY,0.06800000000000006,0.02400000000000001,0.14400000000000007,Quick Attack,Quick Attack,True
4WE_PAIR_002_V01__PLAYER,R2_REMOVE_SIGNATURE_AND_COMPATIBILITY,R3_STATE_CENTRIC_POLICY,0.06800000000000006,0.023333333333333345,0.14000000000000007,Quick Attack,Quick Attack,True
4WE_PAIR_003_V01__PLAYER,R2_REMOVE_SIGNATURE_AND_COMPATIBILITY,R3_STATE_CENTRIC_POLICY,0.06800000000000006,0.023333333333333345,0.14000000000000007,Quick Attack,Quick Attack,True
4WE_PAIR_003_V04__PLAYER,R2_REMOVE_SIGNATURE_AND_COMPATIBILITY,R3_STATE_CENTRIC_POLICY,0.06800000000000006,0.023333333333333345,0.14000000000000007,Quick Attack,Quick Attack,True
4WE_PAIR_007_V04__PLAYER,R2_REMOVE_SIGNATURE_AND_COMPATIBILITY,R3_STATE_CENTRIC_POLICY,0.06800000000000006,0.023333333333333345,0.14000000000000007,Quick Attack,Quick Attack,True
4WE_PAIR_009_V01__PLAYER,R2_REMOVE_SIGNATURE_AND_COMPATIBILITY,R3_STATE_CENTRIC_POLICY,0.06800000000000006,0.023333333333333345,0.14000000000000007,Quick Attack,Quick Attack,True
4WE_PAIR_010_V01__PLAYER,R2_REMOVE_SIGNATURE_AND_COMPATIBILITY,R3_STATE_CENTRIC_POLICY,0.06800000000000006,0.023333333333333345,0.14000000000000007,Quick Attack,Quick Attack,True
4WE_PAIR_010_V04__PLAYER,R2_REMOVE_SIGNATURE_AND_COMPATIBILITY,R3_STATE_CENTRIC_POLICY,0.06800000000000006,0.023333333333333345,0.14000000000000007,Quick Attack,Quick Attack,True
4WE_PAIR_017_V04__PLAYER,R2_REMOVE_SIGNATURE_AND_COMPATIBILITY,R3_STATE_CENTRIC_POLICY,0.06800000000000006,0.02333333333333334,0.14000000000000004,Quick Attack,Quick Attack,True
4WE_PAIR_016_V03__OPPONENT,R0_CURRENT_BASELINE,R2_REMOVE_SIGNATURE_AND_COMPATIBILITY,0.06800000000000002,0.02266666666666668,0.13600000000000007,Quick Attack,Quick Attack,True
4WE_PAIR_004_V02__PLAYER,R2_REMOVE_SIGNATURE_AND_COMPATIBILITY,R3_STATE_CENTRIC_POLICY,0.06799999999999995,0.022666666666666658,0.13599999999999995,Quick Attack,Quick Attack,True
4WE_PAIR_002_V01__OPPONENT,R1_REMOVE_LEGAL_SIGNATURE,R3_STATE_CENTRIC_POLICY,0.06600000000000006,0.023333333333333345,0.14000000000000007,Quick Attack,Quick Attack,True
4WE_PAIR_002_V04__OPPONENT,R1_REMOVE_LEGAL_SIGNATURE,R3_STATE_CENTRIC_POLICY,0.06600000000000006,0.023333333333333345,0.14000000000000007,Quick Attack,Quick Attack,True
4WE_PAIR_009_V01__OPPONENT,R1_REMOVE_LEGAL_SIGNATURE,R3_STATE_CENTRIC_POLICY,0.06600000000000006,0.023333333333333345,0.14000000000000007,Quick Attack,Quick Attack,True
4WE_PAIR_009_V04__OPPONENT,R1_REMOVE_LEGAL_SIGNATURE,R3_STATE_CENTRIC_POLICY,0.06600000000000006,0.023333333333333345,0.14000000000000007,Quick Attack,Quick Attack,True
4WE_PAIR_014_V01__OPPONENT,R1_REMOVE_LEGAL_SIGNATURE,R3_STATE_CENTRIC_POLICY,0.06600000000000006,0.023333333333333345,0.14000000000000007,Quick Attack,Quick Attack,True
4WE_PAIR_014_V01__PLAYER,R1_REMOVE_LEGAL_SIGNATURE,R3_STATE_CENTRIC_POLICY,0.06600000000000006,0.023333333333333345,0.14000000000000007,Quick Attack,Quick Attack,True
4WE_PAIR_014_V04__OPPONENT,R1_REMOVE_LEGAL_SIGNATURE,R3_STATE_CENTRIC_POLICY,0.06600000000000006,0.023333333333333345,0.14000000000000007,Quick Attack,Quick Attack,True
4WE_PAIR_019_V01__OPPONENT,R1_REMOVE_LEGAL_SIGNATURE,R3_STATE_CENTRIC_POLICY,0.06600000000000006,0.023333333333333345,0.14000000000000007,Quick Attack,Quick Attack,True
4WE_PAIR_019_V01__PLAYER,R1_REMOVE_LEGAL_SIGNATURE,R3_STATE_CENTRIC_POLICY,0.06600000000000006,0.023333333333333345,0.14000000000000007,Quick Attack,Quick Attack,True
4WE_PAIR_019_V04__OPPONENT,R1_REMOVE_LEGAL_SIGNATURE,R3_STATE_CENTRIC_POLICY,0.06600000000000006,0.023333333333333345,0.14000000000000007,Quick Attack,Quick Attack,True
4WE_PAIR_001_V01__PLAYER,R2_REMOVE_SIGNATURE_AND_COMPATIBILITY,R3_STATE_CENTRIC_POLICY,0.06600000000000006,0.02266666666666668,0.13600000000000007,Quick Attack,Quick Attack,True
4WE_PAIR_004_V01__PLAYER,R2_REMOVE_SIGNATURE_AND_COMPATIBILITY,R3_STATE_CENTRIC_POLICY,0.06600000000000006,0.02266666666666668,0.13600000000000007,Quick Attack,Quick Attack,True
4WE_PAIR_004_V04__PLAYER,R2_REMOVE_SIGNATURE_AND_COMPATIBILITY,R3_STATE_CENTRIC_POLICY,0.06600000000000006,0.02266666666666668,0.13600000000000007,Quick Attack,Quick Attack,True
4WE_PAIR_007_V01__PLAYER,R2_REMOVE_SIGNATURE_AND_COMPATIBILITY,R3_STATE_CENTRIC_POLICY,0.06600000000000006,0.02266666666666668,0.13600000000000007,Quick Attack,Quick Attack,True
4WE_PAIR_008_V01__PLAYER,R2_REMOVE_SIGNATURE_AND_COMPATIBILITY,R3_STATE_CENTRIC_POLICY,0.06600000000000006,0.02266666666666668,0.13600000000000007,Quick Attack,Quick Attack,True
4WE_PAIR_014_V01__PLAYER,R2_REMOVE_SIGNATURE_AND_COMPATIBILITY,R3_STATE_CENTRIC_POLICY,0.06600000000000006,0.02266666666666668,0.13600000000000007,Quick Attack,Quick Attack,True
4WE_PAIR_019_V01__PLAYER,R2_REMOVE_SIGNATURE_AND_COMPATIBILITY,R3_STATE_CENTRIC_POLICY,0.06600000000000006,0.02266666666666668,0.13600000000000007,Quick Attack,Quick Attack,True
4WE_PAIR_015_V03__OPPONENT,R0_CURRENT_BASELINE,R2_REMOVE_SIGNATURE_AND_COMPATIBILITY,0.06600000000000002,0.02200000000000001,0.13200000000000006,Quick Attack,Quick Attack,True
4WE_PAIR_016_V03__PLAYER,R0_CURRENT_BASELINE,R2_REMOVE_SIGNATURE_AND_COMPATIBILITY,0.06600000000000002,0.02200000000000001,0.13200000000000006,Quick Attack,Quick Attack,True
4WE_PAIR_021_V03__OPPONENT,R0_CURRENT_BASELINE,R2_REMOVE_SIGNATURE_AND_COMPATIBILITY,0.06600000000000002,0.02200000000000001,0.13200000000000006,Quick Attack,Quick Attack,True
4WE_PAIR_004_V03__PLAYER,R2_REMOVE_SIGNATURE_AND_COMPATIBILITY,R3_STATE_CENTRIC_POLICY,0.06599999999999995,0.021999999999999992,0.13199999999999995,Quick Attack,Quick Attack,True
4WE_PAIR_001_V01__PLAYER,R1_REMOVE_LEGAL_SIGNATURE,R3_STATE_CENTRIC_POLICY,0.06400000000000006,0.02266666666666668,0.13600000000000007,Quick Attack,Quick Attack,True
4WE_PAIR_008_V01__PLAYER,R1_REMOVE_LEGAL_SIGNATURE,R3_STATE_CENTRIC_POLICY,0.06400000000000006,0.02266666666666668,0.13600000000000007,Quick Attack,Quick Attack,True
4WE_PAIR_002_V01__OPPONENT,R2_REMOVE_SIGNATURE_AND_COMPATIBILITY,R3_STATE_CENTRIC_POLICY,0.06400000000000006,0.02200000000000001,0.13200000000000006,Quick Attack,Quick Attack,True
4WE_PAIR_002_V04__OPPONENT,R2_REMOVE_SIGNATURE_AND_COMPATIBILITY,R3_STATE_CENTRIC_POLICY,0.06400000000000006,0.02200000000000001,0.13200000000000006,Quick Attack,Quick Attack,True
4WE_PAIR_003_V01__OPPONENT,R2_REMOVE_SIGNATURE_AND_COMPATIBILITY,R3_STATE_CENTRIC_POLICY,0.06400000000000006,0.02200000000000001,0.13200000000000006,Quick Attack,Quick Attack,True
4WE_PAIR_003_V04__OPPONENT,R2_REMOVE_SIGNATURE_AND_COMPATIBILITY,R3_STATE_CENTRIC_POLICY,0.06400000000000006,0.02200000000000001,0.13200000000000006,Quick Attack,Quick Attack,True
4WE_PAIR_009_V01__OPPONENT,R2_REMOVE_SIGNATURE_AND_COMPATIBILITY,R3_STATE_CENTRIC_POLICY,0.06400000000000006,0.02200000000000001,0.13200000000000006,Quick Attack,Quick Attack,True
4WE_PAIR_009_V04__OPPONENT,R2_REMOVE_SIGNATURE_AND_COMPATIBILITY,R3_STATE_CENTRIC_POLICY,0.06400000000000006,0.02200000000000001,0.13200000000000006,Quick Attack,Quick Attack,True
4WE_PAIR_010_V01__OPPONENT,R2_REMOVE_SIGNATURE_AND_COMPATIBILITY,R3_STATE_CENTRIC_POLICY,0.06400000000000006,0.02200000000000001,0.13200000000000006,Quick Attack,Quick Attack,True
4WE_PAIR_010_V04__OPPONENT,R2_REMOVE_SIGNATURE_AND_COMPATIBILITY,R3_STATE_CENTRIC_POLICY,0.06400000000000006,0.02200000000000001,0.13200000000000006,Quick Attack,Quick Attack,True
4WE_PAIR_013_V01__PLAYER,R2_REMOVE_SIGNATURE_AND_COMPATIBILITY,R3_STATE_CENTRIC_POLICY,0.06400000000000006,0.02200000000000001,0.13200000000000006,Quick Attack,Quick Attack,True
4WE_PAIR_014_V01__OPPONENT,R2_REMOVE_SIGNATURE_AND_COMPATIBILITY,R3_STATE_CENTRIC_POLICY,0.06400000000000006,0.02200000000000001,0.13200000000000006,Quick Attack,Quick Attack,True
4WE_PAIR_014_V04__OPPONENT,R2_REMOVE_SIGNATURE_AND_COMPATIBILITY,R3_STATE_CENTRIC_POLICY,0.06400000000000006,0.02200000000000001,0.13200000000000006,Quick Attack,Quick Attack,True
4WE_PAIR_017_V01__PLAYER,R2_REMOVE_SIGNATURE_AND_COMPATIBILITY,R3_STATE_CENTRIC_POLICY,0.06400000000000006,0.02200000000000001,0.13200000000000006,Quick Attack,Quick Attack,True
4WE_PAIR_018_V01__PLAYER,R2_REMOVE_SIGNATURE_AND_COMPATIBILITY,R3_STATE_CENTRIC_POLICY,0.06400000000000006,0.02200000000000001,0.13200000000000006,Quick Attack,Quick Attack,True
4WE_PAIR_019_V01__OPPONENT,R2_REMOVE_SIGNATURE_AND_COMPATIBILITY,R3_STATE_CENTRIC_POLICY,0.06400000000000006,0.02200000000000001,0.13200000000000006,Quick Attack,Quick Attack,True
4WE_PAIR_019_V04__OPPONENT,R2_REMOVE_SIGNATURE_AND_COMPATIBILITY,R3_STATE_CENTRIC_POLICY,0.06400000000000006,0.02200000000000001,0.13200000000000006,Quick Attack,Quick Attack,True
4WE_PAIR_020_V03__PLAYER,R0_CURRENT_BASELINE,R2_REMOVE_SIGNATURE_AND_COMPATIBILITY,0.06400000000000006,0.021333333333333343,0.12800000000000006,Quick Attack,Quick Attack,True
4WE_PAIR_015_V03__PLAYER,R0_CURRENT_BASELINE,R2_REMOVE_SIGNATURE_AND_COMPATIBILITY,0.06400000000000002,0.021333333333333343,0.12800000000000006,Quick Attack,Quick Attack,True
4WE_PAIR_016_V02__OPPONENT,R0_CURRENT_BASELINE,R2_REMOVE_SIGNATURE_AND_COMPATIBILITY,0.06400000000000002,0.021333333333333343,0.12800000000000006,Quick Attack,Quick Attack,True
4WE_PAIR_021_V03__PLAYER,R0_CURRENT_BASELINE,R2_REMOVE_SIGNATURE_AND_COMPATIBILITY,0.06400000000000002,0.021333333333333343,0.12800000000000006,Quick Attack,Quick Attack,True
4WE_PAIR_001_V01__OPPONENT,R1_REMOVE_LEGAL_SIGNATURE,R3_STATE_CENTRIC_POLICY,0.062000000000000055,0.02200000000000001,0.13200000000000006,Quick Attack,Quick Attack,True
4WE_PAIR_001_V04__OPPONENT,R1_REMOVE_LEGAL_SIGNATURE,R3_STATE_CENTRIC_POLICY,0.062000000000000055,0.02200000000000001,0.13200000000000006,Quick Attack,Quick Attack,True
4WE_PAIR_008_V01__OPPONENT,R1_REMOVE_LEGAL_SIGNATURE,R3_STATE_CENTRIC_POLICY,0.062000000000000055,0.02200000000000001,0.13200000000000006,Quick Attack,Quick Attack,True
4WE_PAIR_008_V04__OPPONENT,R1_REMOVE_LEGAL_SIGNATURE,R3_STATE_CENTRIC_POLICY,0.062000000000000055,0.02200000000000001,0.13200000000000006,Quick Attack,Quick Attack,True
4WE_PAIR_013_V01__OPPONENT,R1_REMOVE_LEGAL_SIGNATURE,R3_STATE_CENTRIC_POLICY,0.062000000000000055,0.02200000000000001,0.13200000000000006,Quick Attack,Quick Attack,True
4WE_PAIR_013_V01__PLAYER,R1_REMOVE_LEGAL_SIGNATURE,R3_STATE_CENTRIC_POLICY,0.062000000000000055,0.02200000000000001,0.13200000000000006,Quick Attack,Quick Attack,True
4WE_PAIR_013_V04__OPPONENT,R1_REMOVE_LEGAL_SIGNATURE,R3_STATE_CENTRIC_POLICY,0.062000000000000055,0.02200000000000001,0.13200000000000006,Quick Attack,Quick Attack,True
4WE_PAIR_018_V01__OPPONENT,R1_REMOVE_LEGAL_SIGNATURE,R3_STATE_CENTRIC_POLICY,0.062000000000000055,0.02200000000000001,0.13200000000000006,Quick Attack,Quick Attack,True
4WE_PAIR_018_V01__PLAYER,R1_REMOVE_LEGAL_SIGNATURE,R3_STATE_CENTRIC_POLICY,0.062000000000000055,0.02200000000000001,0.13200000000000006,Quick Attack,Quick Attack,True
4WE_PAIR_018_V04__OPPONENT,R1_REMOVE_LEGAL_SIGNATURE,R3_STATE_CENTRIC_POLICY,0.062000000000000055,0.02200000000000001,0.13200000000000006,Quick Attack,Quick Attack,True
4WE_PAIR_001_V01__OPPONENT,R2_REMOVE_SIGNATURE_AND_COMPATIBILITY,R3_STATE_CENTRIC_POLICY,0.062000000000000055,0.021333333333333343,0.12800000000000006,Quick Attack,Quick Attack,True
4WE_PAIR_001_V04__OPPONENT,R2_REMOVE_SIGNATURE_AND_COMPATIBILITY,R3_STATE_CENTRIC_POLICY,0.062000000000000055,0.021333333333333343,0.12800000000000006,Quick Attack,Quick Attack,True
4WE_PAIR_004_V01__OPPONENT,R2_REMOVE_SIGNATURE_AND_COMPATIBILITY,R3_STATE_CENTRIC_POLICY,0.062000000000000055,0.021333333333333343,0.12800000000000006,Quick Attack,Quick Attack,True
4WE_PAIR_004_V04__OPPONENT,R2_REMOVE_SIGNATURE_AND_COMPATIBILITY,R3_STATE_CENTRIC_POLICY,0.062000000000000055,0.021333333333333343,0.12800000000000006,Quick Attack,Quick Attack,True
4WE_PAIR_007_V01__OPPONENT,R2_REMOVE_SIGNATURE_AND_COMPATIBILITY,R3_STATE_CENTRIC_POLICY,0.062000000000000055,0.021333333333333343,0.12800000000000006,Quick Attack,Quick Attack,True
4WE_PAIR_007_V04__OPPONENT,R2_REMOVE_SIGNATURE_AND_COMPATIBILITY,R3_STATE_CENTRIC_POLICY,0.062000000000000055,0.021333333333333343,0.12800000000000006,Quick Attack,Quick Attack,True
4WE_PAIR_008_V01__OPPONENT,R2_REMOVE_SIGNATURE_AND_COMPATIBILITY,R3_STATE_CENTRIC_POLICY,0.062000000000000055,0.021333333333333343,0.12800000000000006,Quick Attack,Quick Attack,True
4WE_PAIR_008_V04__OPPONENT,R2_REMOVE_SIGNATURE_AND_COMPATIBILITY,R3_STATE_CENTRIC_POLICY,0.062000000000000055,0.021333333333333343,0.12800000000000006,Quick Attack,Quick Attack,True
4WE_PAIR_013_V01__OPPONENT,R2_REMOVE_SIGNATURE_AND_COMPATIBILITY,R3_STATE_CENTRIC_POLICY,0.062000000000000055,0.021333333333333343,0.12800000000000006,Quick Attack,Quick Attack,True
4WE_PAIR_013_V04__OPPONENT,R2_REMOVE_SIGNATURE_AND_COMPATIBILITY,R3_STATE_CENTRIC_POLICY,0.062000000000000055,0.021333333333333343,0.12800000000000006,Quick Attack,Quick Attack,True
4WE_PAIR_017_V01__OPPONENT,R2_REMOVE_SIGNATURE_AND_COMPATIBILITY,R3_STATE_CENTRIC_POLICY,0.062000000000000055,0.021333333333333343,0.12800000000000006,Quick Attack,Quick Attack,True
4WE_PAIR_017_V04__OPPONENT,R2_REMOVE_SIGNATURE_AND_COMPATIBILITY,R3_STATE_CENTRIC_POLICY,0.062000000000000055,0.021333333333333343,0.12800000000000006,Quick Attack,Quick Attack,True
4WE_PAIR_018_V01__OPPONENT,R2_REMOVE_SIGNATURE_AND_COMPATIBILITY,R3_STATE_CENTRIC_POLICY,0.062000000000000055,0.021333333333333343,0.12800000000000006,Quick Attack,Quick Attack,True
4WE_PAIR_018_V04__OPPONENT,R2_REMOVE_SIGNATURE_AND_COMPATIBILITY,R3_STATE_CENTRIC_POLICY,0.062000000000000055,0.021333333333333343,0.12800000000000006,Quick Attack,Quick Attack,True
4WE_PAIR_011_V03__PLAYER,R0_CURRENT_BASELINE,R2_REMOVE_SIGNATURE_AND_COMPATIBILITY,0.062000000000000055,0.020666666666666677,0.12400000000000005,Quick Attack,Quick Attack,True
4WE_PAIR_022_V03__OPPONENT,R0_CURRENT_BASELINE,R2_REMOVE_SIGNATURE_AND_COMPATIBILITY,0.062000000000000055,0.020666666666666677,0.12400000000000007,Quick Attack,Quick Attack,True
4WE_PAIR_005_V03__OPPONENT,R0_CURRENT_BASELINE,R2_REMOVE_SIGNATURE_AND_COMPATIBILITY,0.06200000000000001,0.020666666666666677,0.12400000000000005,Quick Attack,Quick Attack,True
4WE_PAIR_005_V03__PLAYER,R0_CURRENT_BASELINE,R2_REMOVE_SIGNATURE_AND_COMPATIBILITY,0.06200000000000001,0.020666666666666677,0.12400000000000007,Quick Attack,Quick Attack,True
4WE_PAIR_006_V03__OPPONENT,R0_CURRENT_BASELINE,R2_REMOVE_SIGNATURE_AND_COMPATIBILITY,0.06200000000000001,0.020666666666666677,0.12400000000000005,Quick Attack,Quick Attack,True
4WE_PAIR_006_V03__PLAYER,R0_CURRENT_BASELINE,R2_REMOVE_SIGNATURE_AND_COMPATIBILITY,0.06200000000000001,0.020666666666666677,0.12400000000000007,Quick Attack,Quick Attack,True
4WE_PAIR_012_V03__OPPONENT,R0_CURRENT_BASELINE,R2_REMOVE_SIGNATURE_AND_COMPATIBILITY,0.06200000000000001,0.020666666666666677,0.12400000000000005,Quick Attack,Quick Attack,True
4WE_PAIR_012_V03__PLAYER,R0_CURRENT_BASELINE,R2_REMOVE_SIGNATURE_AND_COMPATIBILITY,0.06200000000000001,0.020666666666666677,0.12400000000000007,Quick Attack,Quick Attack,True
4WE_PAIR_015_V02__OPPONENT,R0_CURRENT_BASELINE,R2_REMOVE_SIGNATURE_AND_COMPATIBILITY,0.06200000000000001,0.020666666666666677,0.12400000000000005,Quick Attack,Quick Attack,True
4WE_PAIR_021_V02__OPPONENT,R0_CURRENT_BASELINE,R2_REMOVE_SIGNATURE_AND_COMPATIBILITY,0.06200000000000001,0.020666666666666677,0.12400000000000005,Quick Attack,Quick Attack,True
4WE_PAIR_022_V03__PLAYER,R0_CURRENT_BASELINE,R2_REMOVE_SIGNATURE_AND_COMPATIBILITY,0.06000000000000005,0.02000000000000001,0.12000000000000006,Quick Attack,Quick Attack,True
4WE_PAIR_011_V02__PLAYER,R0_CURRENT_BASELINE,R2_REMOVE_SIGNATURE_AND_COMPATIBILITY,0.06000000000000005,0.020000000000000007,0.12000000000000005,Quick Attack,Quick Attack,True
4WE_PAIR_005_V02__PLAYER,R0_CURRENT_BASELINE,R2_REMOVE_SIGNATURE_AND_COMPATIBILITY,0.06000000000000001,0.02000000000000001,0.12000000000000006,Quick Attack,Quick Attack,True
4WE_PAIR_006_V02__PLAYER,R0_CURRENT_BASELINE,R2_REMOVE_SIGNATURE_AND_COMPATIBILITY,0.06000000000000001,0.02000000000000001,0.12000000000000006,Quick Attack,Quick Attack,True
4WE_PAIR_012_V02__PLAYER,R0_CURRENT_BASELINE,R2_REMOVE_SIGNATURE_AND_COMPATIBILITY,0.06000000000000001,0.02000000000000001,0.12000000000000006,Quick Attack,Quick Attack,True
4WE_PAIR_016_V02__PLAYER,R0_CURRENT_BASELINE,R2_REMOVE_SIGNATURE_AND_COMPATIBILITY,0.06000000000000001,0.02000000000000001,0.12000000000000006,Quick Attack,Quick Attack,True
4WE_PAIR_015_V03__OPPONENT,R2_REMOVE_SIGNATURE_AND_COMPATIBILITY,R3_STATE_CENTRIC_POLICY,0.06,0.01999999999999999,0.11999999999999994,Quick Attack,Quick Attack,True
4WE_PAIR_021_V03__OPPONENT,R2_REMOVE_SIGNATURE_AND_COMPATIBILITY,R3_STATE_CENTRIC_POLICY,0.06,0.01999999999999999,0.11999999999999994,Quick Attack,Quick Attack,True
4WE_PAIR_020_V03__OPPONENT,R2_REMOVE_SIGNATURE_AND_COMPATIBILITY,R3_STATE_CENTRIC_POLICY,0.05999999999999994,0.01999999999999999,0.11999999999999994,Quick Attack,Quick Attack,True
4WE_PAIR_020_V03__PLAYER,R2_REMOVE_SIGNATURE_AND_COMPATIBILITY,R3_STATE_CENTRIC_POLICY,0.05999999999999994,0.01999999999999999,0.11999999999999994,Quick Attack,Quick Attack,True
4WE_PAIR_020_V03__OPPONENT,R0_CURRENT_BASELINE,R2_REMOVE_SIGNATURE_AND_COMPATIBILITY,0.05800000000000005,0.019333333333333345,0.11600000000000006,Quick Attack,Quick Attack,True
4WE_PAIR_023_V03__OPPONENT,R0_CURRENT_BASELINE,R2_REMOVE_SIGNATURE_AND_COMPATIBILITY,0.05800000000000005,0.019333333333333345,0.11600000000000006,Quick Attack,Quick Attack,True
4WE_PAIR_020_V02__PLAYER,R0_CURRENT_BASELINE,R2_REMOVE_SIGNATURE_AND_COMPATIBILITY,0.05800000000000005,0.01933333333333334,0.11600000000000005,Quick Attack,Quick Attack,True
4WE_PAIR_022_V02__OPPONENT,R0_CURRENT_BASELINE,R2_REMOVE_SIGNATURE_AND_COMPATIBILITY,0.05800000000000005,0.01933333333333334,0.11600000000000005,Quick Attack,Quick Attack,True
4WE_PAIR_015_V02__PLAYER,R0_CURRENT_BASELINE,R2_REMOVE_SIGNATURE_AND_COMPATIBILITY,0.05800000000000001,0.019333333333333345,0.11600000000000006,Quick Attack,Quick Attack,True
4WE_PAIR_021_V02__PLAYER,R0_CURRENT_BASELINE,R2_REMOVE_SIGNATURE_AND_COMPATIBILITY,0.05800000000000001,0.019333333333333345,0.11600000000000006,Quick Attack,Quick Attack,True
4WE_PAIR_005_V02__OPPONENT,R0_CURRENT_BASELINE,R2_REMOVE_SIGNATURE_AND_COMPATIBILITY,0.05800000000000001,0.01933333333333334,0.11600000000000005,Quick Attack,Quick Attack,True
4WE_PAIR_006_V02__OPPONENT,R0_CURRENT_BASELINE,R2_REMOVE_SIGNATURE_AND_COMPATIBILITY,0.05800000000000001,0.01933333333333334,0.11600000000000005,Quick Attack,Quick Attack,True
4WE_PAIR_012_V02__OPPONENT,R0_CURRENT_BASELINE,R2_REMOVE_SIGNATURE_AND_COMPATIBILITY,0.05800000000000001,0.01933333333333334,0.11600000000000005,Quick Attack,Quick Attack,True
4WE_PAIR_005_V03__OPPONENT,R2_REMOVE_SIGNATURE_AND_COMPATIBILITY,R3_STATE_CENTRIC_POLICY,0.057999999999999996,0.019333333333333324,0.11599999999999994,Quick Attack,Quick Attack,True
4WE_PAIR_006_V03__OPPONENT,R2_REMOVE_SIGNATURE_AND_COMPATIBILITY,R3_STATE_CENTRIC_POLICY,0.057999999999999996,0.019333333333333324,0.11599999999999994,Quick Attack,Quick Attack,True
4WE_PAIR_012_V03__OPPONENT,R2_REMOVE_SIGNATURE_AND_COMPATIBILITY,R3_STATE_CENTRIC_POLICY,0.057999999999999996,0.019333333333333324,0.11599999999999994,Quick Attack,Quick Attack,True
4WE_PAIR_015_V03__PLAYER,R2_REMOVE_SIGNATURE_AND_COMPATIBILITY,R3_STATE_CENTRIC_POLICY,0.057999999999999996,0.019333333333333324,0.11599999999999994,Quick Attack,Quick Attack,True
4WE_PAIR_016_V03__OPPONENT,R2_REMOVE_SIGNATURE_AND_COMPATIBILITY,R3_STATE_CENTRIC_POLICY,0.057999999999999996,0.019333333333333324,0.11599999999999994,Quick Attack,Quick Attack,True
4WE_PAIR_016_V03__PLAYER,R2_REMOVE_SIGNATURE_AND_COMPATIBILITY,R3_STATE_CENTRIC_POLICY,0.057999999999999996,0.019333333333333324,0.11599999999999994,Quick Attack,Quick Attack,True
4WE_PAIR_021_V03__PLAYER,R2_REMOVE_SIGNATURE_AND_COMPATIBILITY,R3_STATE_CENTRIC_POLICY,0.057999999999999996,0.019333333333333324,0.11599999999999994,Quick Attack,Quick Attack,True
4WE_PAIR_011_V03__OPPONENT,R2_REMOVE_SIGNATURE_AND_COMPATIBILITY,R3_STATE_CENTRIC_POLICY,0.05799999999999994,0.019333333333333324,0.11599999999999994,Quick Attack,Quick Attack,True
4WE_PAIR_020_V02__OPPONENT,R2_REMOVE_SIGNATURE_AND_COMPATIBILITY,R3_STATE_CENTRIC_POLICY,0.05799999999999994,0.019333333333333324,0.11599999999999994,Quick Attack,Quick Attack,True
4WE_PAIR_023_V03__PLAYER,R0_CURRENT_BASELINE,R2_REMOVE_SIGNATURE_AND_COMPATIBILITY,0.05600000000000005,0.018666666666666675,0.11200000000000006,Quick Attack,Quick Attack,True
4WE_PAIR_015_V02__OPPONENT,R2_REMOVE_SIGNATURE_AND_COMPATIBILITY,R3_STATE_CENTRIC_POLICY,0.055999999999999994,0.018666666666666654,0.11199999999999993,Quick Attack,Quick Attack,True
4WE_PAIR_021_V02__OPPONENT,R2_REMOVE_SIGNATURE_AND_COMPATIBILITY,R3_STATE_CENTRIC_POLICY,0.055999999999999994,0.018666666666666654,0.11199999999999993,Quick Attack,Quick Attack,True
4WE_PAIR_011_V02__OPPONENT,R2_REMOVE_SIGNATURE_AND_COMPATIBILITY,R3_STATE_CENTRIC_POLICY,0.05599999999999994,0.018666666666666654,0.11199999999999993,Quick Attack,Quick Attack,True
4WE_PAIR_011_V03__OPPONENT,R0_CURRENT_BASELINE,R2_REMOVE_SIGNATURE_AND_COMPATIBILITY,0.05400000000000005,0.01800000000000001,0.10800000000000005,Quick Attack,Quick Attack,True
4WE_PAIR_020_V02__OPPONENT,R0_CURRENT_BASELINE,R2_REMOVE_SIGNATURE_AND_COMPATIBILITY,0.05400000000000005,0.01800000000000001,0.10800000000000005,Quick Attack,Quick Attack,True
4WE_PAIR_022_V02__PLAYER,R0_CURRENT_BASELINE,R2_REMOVE_SIGNATURE_AND_COMPATIBILITY,0.05400000000000005,0.018000000000000006,0.10800000000000004,Quick Attack,Quick Attack,True
4WE_PAIR_023_V02__OPPONENT,R0_CURRENT_BASELINE,R2_REMOVE_SIGNATURE_AND_COMPATIBILITY,0.05400000000000005,0.018000000000000006,0.10800000000000004,Quick Attack,Quick Attack,True
4WE_PAIR_023_V02__PLAYER,R0_CURRENT_BASELINE,R2_REMOVE_SIGNATURE_AND_COMPATIBILITY,0.05400000000000005,0.018000000000000006,0.10800000000000004,Quick Attack,Quick Attack,True
4WE_PAIR_006_V02__OPPONENT,R2_REMOVE_SIGNATURE_AND_COMPATIBILITY,R3_STATE_CENTRIC_POLICY,0.05400000000000005,0.018000000000000006,0.10800000000000004,Quick Attack,Quick Attack,True
4WE_PAIR_005_V02__OPPONENT,R2_REMOVE_SIGNATURE_AND_COMPATIBILITY,R3_STATE_CENTRIC_POLICY,0.05399999999999999,0.017999999999999988,0.10799999999999993,Quick Attack,Quick Attack,True
4WE_PAIR_006_V03__PLAYER,R2_REMOVE_SIGNATURE_AND_COMPATIBILITY,R3_STATE_CENTRIC_POLICY,0.05399999999999999,0.017999999999999988,0.10799999999999993,Quick Attack,Quick Attack,True
4WE_PAIR_012_V02__OPPONENT,R2_REMOVE_SIGNATURE_AND_COMPATIBILITY,R3_STATE_CENTRIC_POLICY,0.05399999999999999,0.017999999999999988,0.10799999999999993,Quick Attack,Quick Attack,True
4WE_PAIR_016_V02__OPPONENT,R2_REMOVE_SIGNATURE_AND_COMPATIBILITY,R3_STATE_CENTRIC_POLICY,0.05399999999999999,0.017999999999999988,0.10799999999999993,Quick Attack,Quick Attack,True
4WE_PAIR_011_V03__PLAYER,R2_REMOVE_SIGNATURE_AND_COMPATIBILITY,R3_STATE_CENTRIC_POLICY,0.05399999999999994,0.017999999999999988,0.10799999999999993,Quick Attack,Quick Attack,True
4WE_PAIR_020_V02__PLAYER,R2_REMOVE_SIGNATURE_AND_COMPATIBILITY,R3_STATE_CENTRIC_POLICY,0.05399999999999994,0.017999999999999988,0.10799999999999993,Quick Attack,Quick Attack,True
4WE_PAIR_022_V03__PLAYER,R2_REMOVE_SIGNATURE_AND_COMPATIBILITY,R3_STATE_CENTRIC_POLICY,0.05399999999999994,0.017999999999999988,0.10799999999999993,Quick Attack,Quick Attack,True
4WE_PAIR_003_V03__OPPONENT,R1_REMOVE_LEGAL_SIGNATURE,R3_STATE_CENTRIC_POLICY,0.052000000000000046,0.018000000000000006,0.10800000000000004,Quick Attack,Quick Attack,True
4WE_PAIR_007_V03__PLAYER,R1_REMOVE_LEGAL_SIGNATURE,R3_STATE_CENTRIC_POLICY,0.052000000000000046,0.018000000000000006,0.10800000000000004,Quick Attack,Quick Attack,True
4WE_PAIR_010_V03__OPPONENT,R1_REMOVE_LEGAL_SIGNATURE,R3_STATE_CENTRIC_POLICY,0.052000000000000046,0.018000000000000006,0.10800000000000004,Quick Attack,Quick Attack,True
4WE_PAIR_017_V03__PLAYER,R1_REMOVE_LEGAL_SIGNATURE,R3_STATE_CENTRIC_POLICY,0.052000000000000046,0.018000000000000006,0.10800000000000004,Quick Attack,Quick Attack,True
4WE_PAIR_011_V02__OPPONENT,R1_REMOVE_LEGAL_SIGNATURE,R2_REMOVE_SIGNATURE_AND_COMPATIBILITY,0.05199999999999999,0.01733333333333334,0.10400000000000004,Quick Attack,Quick Attack,True
4WE_PAIR_020_V02__OPPONENT,R1_REMOVE_LEGAL_SIGNATURE,R2_REMOVE_SIGNATURE_AND_COMPATIBILITY,0.05199999999999999,0.017333333333333322,0.10399999999999993,Quick Attack,Quick Attack,True
4WE_PAIR_005_V03__PLAYER,R2_REMOVE_SIGNATURE_AND_COMPATIBILITY,R3_STATE_CENTRIC_POLICY,0.05199999999999999,0.017333333333333322,0.10399999999999993,Quick Attack,Quick Attack,True
4WE_PAIR_012_V03__PLAYER,R2_REMOVE_SIGNATURE_AND_COMPATIBILITY,R3_STATE_CENTRIC_POLICY,0.05199999999999999,0.017333333333333322,0.10399999999999993,Quick Attack,Quick Attack,True
4WE_PAIR_022_V03__OPPONENT,R2_REMOVE_SIGNATURE_AND_COMPATIBILITY,R3_STATE_CENTRIC_POLICY,0.051999999999999935,0.017333333333333322,0.10399999999999993,Quick Attack,Quick Attack,True
4WE_PAIR_023_V03__PLAYER,R2_REMOVE_SIGNATURE_AND_COMPATIBILITY,R3_STATE_CENTRIC_POLICY,0.051999999999999935,0.017333333333333322,0.10399999999999993,Quick Attack,Quick Attack,True
4WE_PAIR_002_V03__PLAYER,R1_REMOVE_LEGAL_SIGNATURE,R3_STATE_CENTRIC_POLICY,0.050000000000000044,0.017333333333333343,0.10400000000000006,Quick Attack,Quick Attack,True
4WE_PAIR_009_V03__PLAYER,R1_REMOVE_LEGAL_SIGNATURE,R3_STATE_CENTRIC_POLICY,0.050000000000000044,0.017333333333333343,0.10400000000000006,Quick Attack,Quick Attack,True
4WE_PAIR_014_V03__PLAYER,R1_REMOVE_LEGAL_SIGNATURE,R3_STATE_CENTRIC_POLICY,0.050000000000000044,0.017333333333333343,0.10400000000000006,Quick Attack,Quick Attack,True
4WE_PAIR_019_V03__PLAYER,R1_REMOVE_LEGAL_SIGNATURE,R3_STATE_CENTRIC_POLICY,0.050000000000000044,0.017333333333333343,0.10400000000000006,Quick Attack,Quick Attack,True
4WE_PAIR_003_V03__PLAYER,R1_REMOVE_LEGAL_SIGNATURE,R3_STATE_CENTRIC_POLICY,0.050000000000000044,0.01733333333333334,0.10400000000000004,Quick Attack,Quick Attack,True
4WE_PAIR_004_V03__OPPONENT,R1_REMOVE_LEGAL_SIGNATURE,R3_STATE_CENTRIC_POLICY,0.050000000000000044,0.01733333333333334,0.10400000000000004,Quick Attack,Quick Attack,True
4WE_PAIR_007_V03__OPPONENT,R1_REMOVE_LEGAL_SIGNATURE,R3_STATE_CENTRIC_POLICY,0.050000000000000044,0.01733333333333334,0.10400000000000004,Quick Attack,Quick Attack,True
4WE_PAIR_010_V03__PLAYER,R1_REMOVE_LEGAL_SIGNATURE,R3_STATE_CENTRIC_POLICY,0.050000000000000044,0.01733333333333334,0.10400000000000004,Quick Attack,Quick Attack,True
4WE_PAIR_017_V03__OPPONENT,R1_REMOVE_LEGAL_SIGNATURE,R3_STATE_CENTRIC_POLICY,0.050000000000000044,0.01733333333333334,0.10400000000000004,Quick Attack,Quick Attack,True
4WE_PAIR_011_V02__OPPONENT,R0_CURRENT_BASELINE,R2_REMOVE_SIGNATURE_AND_COMPATIBILITY,0.050000000000000044,0.016666666666666673,0.10000000000000005,Quick Attack,Quick Attack,True
4WE_PAIR_020_V04__PLAYER,R0_CURRENT_BASELINE,R3_STATE_CENTRIC_POLICY,0.050000000000000044,0.016666666666666673,0.10000000000000005,Quick Attack,Quick Attack,True
4WE_PAIR_015_V02__PLAYER,R2_REMOVE_SIGNATURE_AND_COMPATIBILITY,R3_STATE_CENTRIC_POLICY,0.050000000000000044,0.016666666666666673,0.10000000000000003,Quick Attack,Quick Attack,True
4WE_PAIR_016_V02__PLAYER,R2_REMOVE_SIGNATURE_AND_COMPATIBILITY,R3_STATE_CENTRIC_POLICY,0.050000000000000044,0.016666666666666673,0.10000000000000003,Quick Attack,Quick Attack,True
4WE_PAIR_021_V02__PLAYER,R2_REMOVE_SIGNATURE_AND_COMPATIBILITY,R3_STATE_CENTRIC_POLICY,0.050000000000000044,0.016666666666666673,0.10000000000000003,Quick Attack,Quick Attack,True
4WE_PAIR_001_V04__OPPONENT,R0_CURRENT_BASELINE,R2_REMOVE_SIGNATURE_AND_COMPATIBILITY,0.05,0.017999999999999988,0.10799999999999993,Quick Attack,Quick Attack,True
4WE_PAIR_002_V04__OPPONENT,R0_CURRENT_BASELINE,R2_REMOVE_SIGNATURE_AND_COMPATIBILITY,0.05,0.017999999999999988,0.10799999999999993,Quick Attack,Quick Attack,True
4WE_PAIR_004_V04__OPPONENT,R0_CURRENT_BASELINE,R2_REMOVE_SIGNATURE_AND_COMPATIBILITY,0.05,0.017999999999999988,0.10799999999999993,Quick Attack,Quick Attack,True
4WE_PAIR_008_V04__OPPONENT,R0_CURRENT_BASELINE,R2_REMOVE_SIGNATURE_AND_COMPATIBILITY,0.05,0.017999999999999988,0.10799999999999993,Quick Attack,Quick Attack,True
4WE_PAIR_009_V04__OPPONENT,R0_CURRENT_BASELINE,R2_REMOVE_SIGNATURE_AND_COMPATIBILITY,0.05,0.017999999999999988,0.10799999999999993,Quick Attack,Quick Attack,True
4WE_PAIR_013_V04__OPPONENT,R0_CURRENT_BASELINE,R2_REMOVE_SIGNATURE_AND_COMPATIBILITY,0.05,0.017999999999999988,0.10799999999999993,Quick Attack,Quick Attack,True
4WE_PAIR_014_V04__OPPONENT,R0_CURRENT_BASELINE,R2_REMOVE_SIGNATURE_AND_COMPATIBILITY,0.05,0.017999999999999988,0.10799999999999993,Quick Attack,Quick Attack,True
4WE_PAIR_018_V04__OPPONENT,R0_CURRENT_BASELINE,R2_REMOVE_SIGNATURE_AND_COMPATIBILITY,0.05,0.017999999999999988,0.10799999999999993,Quick Attack,Quick Attack,True
4WE_PAIR_019_V04__OPPONENT,R0_CURRENT_BASELINE,R2_REMOVE_SIGNATURE_AND_COMPATIBILITY,0.05,0.017999999999999988,0.10799999999999993,Quick Attack,Quick Attack,True
4WE_PAIR_001_V01__OPPONENT,R0_CURRENT_BASELINE,R2_REMOVE_SIGNATURE_AND_COMPATIBILITY,0.05,0.017333333333333322,0.10399999999999993,Quick Attack,Quick Attack,True
4WE_PAIR_001_V04__PLAYER,R0_CURRENT_BASELINE,R2_REMOVE_SIGNATURE_AND_COMPATIBILITY,0.05,0.017333333333333322,0.10399999999999993,Quick Attack,Quick Attack,True
4WE_PAIR_002_V01__OPPONENT,R0_CURRENT_BASELINE,R2_REMOVE_SIGNATURE_AND_COMPATIBILITY,0.05,0.017333333333333322,0.10399999999999993,Quick Attack,Quick Attack,True
4WE_PAIR_002_V04__PLAYER,R0_CURRENT_BASELINE,R2_REMOVE_SIGNATURE_AND_COMPATIBILITY,0.05,0.017333333333333322,0.10399999999999993,Quick Attack,Quick Attack,True
4WE_PAIR_004_V01__OPPONENT,R0_CURRENT_BASELINE,R2_REMOVE_SIGNATURE_AND_COMPATIBILITY,0.05,0.017333333333333322,0.10399999999999993,Quick Attack,Quick Attack,True
4WE_PAIR_004_V04__PLAYER,R0_CURRENT_BASELINE,R2_REMOVE_SIGNATURE_AND_COMPATIBILITY,0.05,0.017333333333333322,0.10399999999999993,Quick Attack,Quick Attack,True
4WE_PAIR_008_V01__OPPONENT,R0_CURRENT_BASELINE,R2_REMOVE_SIGNATURE_AND_COMPATIBILITY,0.05,0.017333333333333322,0.10399999999999993,Quick Attack,Quick Attack,True
4WE_PAIR_008_V04__PLAYER,R0_CURRENT_BASELINE,R2_REMOVE_SIGNATURE_AND_COMPATIBILITY,0.05,0.017333333333333322,0.10399999999999993,Quick Attack,Quick Attack,True
4WE_PAIR_009_V01__OPPONENT,R0_CURRENT_BASELINE,R2_REMOVE_SIGNATURE_AND_COMPATIBILITY,0.05,0.017333333333333322,0.10399999999999993,Quick Attack,Quick Attack,True
4WE_PAIR_009_V04__PLAYER,R0_CURRENT_BASELINE,R2_REMOVE_SIGNATURE_AND_COMPATIBILITY,0.05,0.017333333333333322,0.10399999999999993,Quick Attack,Quick Attack,True
4WE_PAIR_013_V01__OPPONENT,R0_CURRENT_BASELINE,R2_REMOVE_SIGNATURE_AND_COMPATIBILITY,0.05,0.017333333333333322,0.10399999999999993,Quick Attack,Quick Attack,True
4WE_PAIR_014_V01__OPPONENT,R0_CURRENT_BASELINE,R2_REMOVE_SIGNATURE_AND_COMPATIBILITY,0.05,0.017333333333333322,0.10399999999999993,Quick Attack,Quick Attack,True
4WE_PAIR_018_V01__OPPONENT,R0_CURRENT_BASELINE,R2_REMOVE_SIGNATURE_AND_COMPATIBILITY,0.05,0.017333333333333322,0.10399999999999993,Quick Attack,Quick Attack,True
4WE_PAIR_019_V01__OPPONENT,R0_CURRENT_BASELINE,R2_REMOVE_SIGNATURE_AND_COMPATIBILITY,0.05,0.017333333333333322,0.10399999999999993,Quick Attack,Quick Attack,True
4WE_PAIR_023_V02__OPPONENT,R1_REMOVE_LEGAL_SIGNATURE,R2_REMOVE_SIGNATURE_AND_COMPATIBILITY,0.04999999999999999,0.016666666666666673,0.10000000000000003,Quick Attack,Quick Attack,True
4WE_PAIR_011_V03__OPPONENT,R1_REMOVE_LEGAL_SIGNATURE,R2_REMOVE_SIGNATURE_AND_COMPATIBILITY,0.04999999999999999,0.016666666666666653,0.09999999999999992,Quick Attack,Quick Attack,True
4WE_PAIR_020_V03__OPPONENT,R1_REMOVE_LEGAL_SIGNATURE,R2_REMOVE_SIGNATURE_AND_COMPATIBILITY,0.04999999999999999,0.016666666666666653,0.09999999999999992,Quick Attack,Quick Attack,True
4WE_PAIR_011_V02__PLAYER,R2_REMOVE_SIGNATURE_AND_COMPATIBILITY,R3_STATE_CENTRIC_POLICY,0.04999999999999993,0.016666666666666653,0.09999999999999992,Quick Attack,Quick Attack,True
4WE_PAIR_023_V03__OPPONENT,R2_REMOVE_SIGNATURE_AND_COMPATIBILITY,R3_STATE_CENTRIC_POLICY,0.04999999999999993,0.016666666666666653,0.09999999999999992,Quick Attack,Quick Attack,True
4WE_PAIR_001_V03__PLAYER,R1_REMOVE_LEGAL_SIGNATURE,R3_STATE_CENTRIC_POLICY,0.04800000000000004,0.016666666666666677,0.10000000000000006,Quick Attack,Quick Attack,True
4WE_PAIR_002_V03__OPPONENT,R1_REMOVE_LEGAL_SIGNATURE,R3_STATE_CENTRIC_POLICY,0.04800000000000004,0.016666666666666677,0.10000000000000006,Quick Attack,Quick Attack,True
4WE_PAIR_003_V02__OPPONENT,R1_REMOVE_LEGAL_SIGNATURE,R3_STATE_CENTRIC_POLICY,0.04800000000000004,0.016666666666666677,0.10000000000000006,Quick Attack,Quick Attack,True
4WE_PAIR_003_V02__PLAYER,R1_REMOVE_LEGAL_SIGNATURE,R3_STATE_CENTRIC_POLICY,0.04800000000000004,0.016666666666666677,0.10000000000000006,Quick Attack,Quick Attack,True
4WE_PAIR_008_V03__PLAYER,R1_REMOVE_LEGAL_SIGNATURE,R3_STATE_CENTRIC_POLICY,0.04800000000000004,0.016666666666666677,0.10000000000000006,Quick Attack,Quick Attack,True
4WE_PAIR_009_V03__OPPONENT,R1_REMOVE_LEGAL_SIGNATURE,R3_STATE_CENTRIC_POLICY,0.04800000000000004,0.016666666666666677,0.10000000000000006,Quick Attack,Quick Attack,True
4WE_PAIR_010_V02__OPPONENT,R1_REMOVE_LEGAL_SIGNATURE,R3_STATE_CENTRIC_POLICY,0.04800000000000004,0.016666666666666677,0.10000000000000006,Quick Attack,Quick Attack,True
4WE_PAIR_010_V02__PLAYER,R1_REMOVE_LEGAL_SIGNATURE,R3_STATE_CENTRIC_POLICY,0.04800000000000004,0.016666666666666677,0.10000000000000006,Quick Attack,Quick Attack,True
4WE_PAIR_013_V03__PLAYER,R1_REMOVE_LEGAL_SIGNATURE,R3_STATE_CENTRIC_POLICY,0.04800000000000004,0.016666666666666677,0.10000000000000006,Quick Attack,Quick Attack,True
4WE_PAIR_014_V03__OPPONENT,R1_REMOVE_LEGAL_SIGNATURE,R3_STATE_CENTRIC_POLICY,0.04800000000000004,0.016666666666666677,0.10000000000000006,Quick Attack,Quick Attack,True
4WE_PAIR_018_V03__PLAYER,R1_REMOVE_LEGAL_SIGNATURE,R3_STATE_CENTRIC_POLICY,0.04800000000000004,0.016666666666666677,0.10000000000000006,Quick Attack,Quick Attack,True
4WE_PAIR_019_V03__OPPONENT,R1_REMOVE_LEGAL_SIGNATURE,R3_STATE_CENTRIC_POLICY,0.04800000000000004,0.016666666666666677,0.10000000000000006,Quick Attack,Quick Attack,True
4WE_PAIR_004_V03__PLAYER,R1_REMOVE_LEGAL_SIGNATURE,R3_STATE_CENTRIC_POLICY,0.04800000000000004,0.016666666666666673,0.10000000000000003,Quick Attack,Quick Attack,True
4WE_PAIR_007_V02__OPPONENT,R1_REMOVE_LEGAL_SIGNATURE,R3_STATE_CENTRIC_POLICY,0.04800000000000004,0.016666666666666673,0.10000000000000003,Quick Attack,Quick Attack,True
4WE_PAIR_007_V02__PLAYER,R1_REMOVE_LEGAL_SIGNATURE,R3_STATE_CENTRIC_POLICY,0.04800000000000004,0.016666666666666673,0.10000000000000003,Quick Attack,Quick Attack,True
4WE_PAIR_017_V02__OPPONENT,R1_REMOVE_LEGAL_SIGNATURE,R3_STATE_CENTRIC_POLICY,0.04800000000000004,0.016666666666666673,0.10000000000000003,Quick Attack,Quick Attack,True
4WE_PAIR_017_V02__PLAYER,R1_REMOVE_LEGAL_SIGNATURE,R3_STATE_CENTRIC_POLICY,0.04800000000000004,0.016666666666666673,0.10000000000000003,Quick Attack,Quick Attack,True
4WE_PAIR_022_V02__PLAYER,R2_REMOVE_SIGNATURE_AND_COMPATIBILITY,R3_STATE_CENTRIC_POLICY,0.04800000000000004,0.01600000000000001,0.09600000000000006,Quick Attack,Quick Attack,True
4WE_PAIR_023_V02__OPPONENT,R2_REMOVE_SIGNATURE_AND_COMPATIBILITY,R3_STATE_CENTRIC_POLICY,0.04800000000000004,0.01600000000000001,0.09600000000000006,Quick Attack,Quick Attack,True
4WE_PAIR_023_V02__PLAYER,R2_REMOVE_SIGNATURE_AND_COMPATIBILITY,R3_STATE_CENTRIC_POLICY,0.04800000000000004,0.01600000000000001,0.09600000000000006,Quick Attack,Quick Attack,True
4WE_PAIR_005_V02__OPPONENT,R1_REMOVE_LEGAL_SIGNATURE,R2_REMOVE_SIGNATURE_AND_COMPATIBILITY,0.04800000000000004,0.016000000000000004,0.09600000000000003,Quick Attack,Quick Attack,True
4WE_PAIR_005_V03__OPPONENT,R1_REMOVE_LEGAL_SIGNATURE,R2_REMOVE_SIGNATURE_AND_COMPATIBILITY,0.04800000000000004,0.016000000000000004,0.09600000000000003,Quick Attack,Quick Attack,True
4WE_PAIR_006_V02__OPPONENT,R1_REMOVE_LEGAL_SIGNATURE,R2_REMOVE_SIGNATURE_AND_COMPATIBILITY,0.04800000000000004,0.016000000000000004,0.09600000000000003,Quick Attack,Quick Attack,True
4WE_PAIR_006_V03__OPPONENT,R1_REMOVE_LEGAL_SIGNATURE,R2_REMOVE_SIGNATURE_AND_COMPATIBILITY,0.04800000000000004,0.016000000000000004,0.09600000000000003,Quick Attack,Quick Attack,True
4WE_PAIR_012_V02__OPPONENT,R1_REMOVE_LEGAL_SIGNATURE,R2_REMOVE_SIGNATURE_AND_COMPATIBILITY,0.04800000000000004,0.016000000000000004,0.09600000000000003,Quick Attack,Quick Attack,True
4WE_PAIR_012_V03__OPPONENT,R1_REMOVE_LEGAL_SIGNATURE,R2_REMOVE_SIGNATURE_AND_COMPATIBILITY,0.04800000000000004,0.016000000000000004,0.09600000000000003,Quick Attack,Quick Attack,True
4WE_PAIR_015_V02__OPPONENT,R1_REMOVE_LEGAL_SIGNATURE,R2_REMOVE_SIGNATURE_AND_COMPATIBILITY,0.04800000000000004,0.016000000000000004,0.09600000000000003,Quick Attack,Quick Attack,True
4WE_PAIR_021_V02__OPPONENT,R1_REMOVE_LEGAL_SIGNATURE,R2_REMOVE_SIGNATURE_AND_COMPATIBILITY,0.04800000000000004,0.016000000000000004,0.09600000000000003,Quick Attack,Quick Attack,True
4WE_PAIR_006_V02__PLAYER,R2_REMOVE_SIGNATURE_AND_COMPATIBILITY,R3_STATE_CENTRIC_POLICY,0.04800000000000004,0.016000000000000004,0.09600000000000003,Quick Attack,Quick Attack,True
4WE_PAIR_003_V04__OPPONENT,R0_CURRENT_BASELINE,R2_REMOVE_SIGNATURE_AND_COMPATIBILITY,0.048,0.017333333333333322,0.10399999999999993,Quick Attack,Quick Attack,True
4WE_PAIR_010_V04__OPPONENT,R0_CURRENT_BASELINE,R2_REMOVE_SIGNATURE_AND_COMPATIBILITY,0.048,0.017333333333333322,0.10399999999999993,Quick Attack,Quick Attack,True
4WE_PAIR_001_V01__PLAYER,R0_CURRENT_BASELINE,R2_REMOVE_SIGNATURE_AND_COMPATIBILITY,0.048,0.016666666666666653,0.09999999999999992,Quick Attack,Quick Attack,True
4WE_PAIR_002_V01__PLAYER,R0_CURRENT_BASELINE,R2_REMOVE_SIGNATURE_AND_COMPATIBILITY,0.048,0.016666666666666653,0.09999999999999992,Quick Attack,Quick Attack,True
4WE_PAIR_003_V01__OPPONENT,R0_CURRENT_BASELINE,R2_REMOVE_SIGNATURE_AND_COMPATIBILITY,0.048,0.016666666666666653,0.09999999999999992,Quick Attack,Quick Attack,True
4WE_PAIR_003_V04__PLAYER,R0_CURRENT_BASELINE,R2_REMOVE_SIGNATURE_AND_COMPATIBILITY,0.048,0.016666666666666653,0.09999999999999992,Quick Attack,Quick Attack,True
4WE_PAIR_004_V01__PLAYER,R0_CURRENT_BASELINE,R2_REMOVE_SIGNATURE_AND_COMPATIBILITY,0.048,0.016666666666666653,0.09999999999999992,Quick Attack,Quick Attack,True
4WE_PAIR_008_V01__PLAYER,R0_CURRENT_BASELINE,R2_REMOVE_SIGNATURE_AND_COMPATIBILITY,0.048,0.016666666666666653,0.09999999999999992,Quick Attack,Quick Attack,True
4WE_PAIR_009_V01__PLAYER,R0_CURRENT_BASELINE,R2_REMOVE_SIGNATURE_AND_COMPATIBILITY,0.048,0.016666666666666653,0.09999999999999992,Quick Attack,Quick Attack,True
4WE_PAIR_010_V01__OPPONENT,R0_CURRENT_BASELINE,R2_REMOVE_SIGNATURE_AND_COMPATIBILITY,0.048,0.016666666666666653,0.09999999999999992,Quick Attack,Quick Attack,True
4WE_PAIR_010_V04__PLAYER,R0_CURRENT_BASELINE,R2_REMOVE_SIGNATURE_AND_COMPATIBILITY,0.048,0.016666666666666653,0.09999999999999992,Quick Attack,Quick Attack,True
4WE_PAIR_013_V01__PLAYER,R0_CURRENT_BASELINE,R2_REMOVE_SIGNATURE_AND_COMPATIBILITY,0.048,0.016666666666666653,0.09999999999999992,Quick Attack,Quick Attack,True
4WE_PAIR_013_V04__PLAYER,R0_CURRENT_BASELINE,R2_REMOVE_SIGNATURE_AND_COMPATIBILITY,0.048,0.016666666666666653,0.09999999999999992,Quick Attack,Quick Attack,True
4WE_PAIR_014_V01__PLAYER,R0_CURRENT_BASELINE,R2_REMOVE_SIGNATURE_AND_COMPATIBILITY,0.048,0.016666666666666653,0.09999999999999992,Quick Attack,Quick Attack,True
4WE_PAIR_014_V04__PLAYER,R0_CURRENT_BASELINE,R2_REMOVE_SIGNATURE_AND_COMPATIBILITY,0.048,0.016666666666666653,0.09999999999999992,Quick Attack,Quick Attack,True
4WE_PAIR_018_V01__PLAYER,R0_CURRENT_BASELINE,R2_REMOVE_SIGNATURE_AND_COMPATIBILITY,0.048,0.016666666666666653,0.09999999999999992,Quick Attack,Quick Attack,True
4WE_PAIR_018_V04__PLAYER,R0_CURRENT_BASELINE,R2_REMOVE_SIGNATURE_AND_COMPATIBILITY,0.048,0.016666666666666653,0.09999999999999992,Quick Attack,Quick Attack,True
4WE_PAIR_019_V01__PLAYER,R0_CURRENT_BASELINE,R2_REMOVE_SIGNATURE_AND_COMPATIBILITY,0.048,0.016666666666666653,0.09999999999999992,Quick Attack,Quick Attack,True
4WE_PAIR_019_V04__PLAYER,R0_CURRENT_BASELINE,R2_REMOVE_SIGNATURE_AND_COMPATIBILITY,0.048,0.016666666666666653,0.09999999999999992,Quick Attack,Quick Attack,True
4WE_PAIR_020_V02__PLAYER,R1_REMOVE_LEGAL_SIGNATURE,R2_REMOVE_SIGNATURE_AND_COMPATIBILITY,0.04799999999999999,0.016000000000000004,0.09600000000000003,Quick Attack,Quick Attack,True
4WE_PAIR_023_V03__OPPONENT,R1_REMOVE_LEGAL_SIGNATURE,R2_REMOVE_SIGNATURE_AND_COMPATIBILITY,0.04799999999999999,0.016000000000000004,0.09600000000000003,Quick Attack,Quick Attack,True
4WE_PAIR_023_V03__PLAYER,R1_REMOVE_LEGAL_SIGNATURE,R2_REMOVE_SIGNATURE_AND_COMPATIBILITY,0.04799999999999999,0.016000000000000004,0.09600000000000003,Quick Attack,Quick Attack,True
4WE_PAIR_015_V03__OPPONENT,R1_REMOVE_LEGAL_SIGNATURE,R2_REMOVE_SIGNATURE_AND_COMPATIBILITY,0.04799999999999999,0.015999999999999986,0.09599999999999992,Quick Attack,Quick Attack,True
4WE_PAIR_021_V03__OPPONENT,R1_REMOVE_LEGAL_SIGNATURE,R2_REMOVE_SIGNATURE_AND_COMPATIBILITY,0.04799999999999999,0.015999999999999986,0.09599999999999992,Quick Attack,Quick Attack,True
4WE_PAIR_007_V01__OPPONENT,R0_CURRENT_BASELINE,R2_REMOVE_SIGNATURE_AND_COMPATIBILITY,0.04799999999999993,0.017999999999999988,0.10799999999999993,Quick Attack,Quick Attack,True
4WE_PAIR_007_V04__OPPONENT,R0_CURRENT_BASELINE,R2_REMOVE_SIGNATURE_AND_COMPATIBILITY,0.04799999999999993,0.017999999999999988,0.10799999999999993,Quick Attack,Quick Attack,True
4WE_PAIR_007_V04__PLAYER,R0_CURRENT_BASELINE,R2_REMOVE_SIGNATURE_AND_COMPATIBILITY,0.04799999999999993,0.017999999999999988,0.10799999999999993,Quick Attack,Quick Attack,True
4WE_PAIR_017_V01__OPPONENT,R0_CURRENT_BASELINE,R2_REMOVE_SIGNATURE_AND_COMPATIBILITY,0.04799999999999993,0.017999999999999988,0.10799999999999993,Quick Attack,Quick Attack,True
4WE_PAIR_017_V04__OPPONENT,R0_CURRENT_BASELINE,R2_REMOVE_SIGNATURE_AND_COMPATIBILITY,0.04799999999999993,0.017999999999999988,0.10799999999999993,Quick Attack,Quick Attack,True
4WE_PAIR_022_V02__OPPONENT,R2_REMOVE_SIGNATURE_AND_COMPATIBILITY,R3_STATE_CENTRIC_POLICY,0.04799999999999993,0.01599999999999999,0.09599999999999995,Quick Attack,Quick Attack,True
4WE_PAIR_001_V03__OPPONENT,R1_REMOVE_LEGAL_SIGNATURE,R3_STATE_CENTRIC_POLICY,0.04600000000000004,0.01600000000000001,0.09600000000000006,Quick Attack,Quick Attack,True
4WE_PAIR_002_V02__OPPONENT,R1_REMOVE_LEGAL_SIGNATURE,R3_STATE_CENTRIC_POLICY,0.04600000000000004,0.01600000000000001,0.09600000000000006,Quick Attack,Quick Attack,True
4WE_PAIR_002_V02__PLAYER,R1_REMOVE_LEGAL_SIGNATURE,R3_STATE_CENTRIC_POLICY,0.04600000000000004,0.01600000000000001,0.09600000000000006,Quick Attack,Quick Attack,True
4WE_PAIR_008_V03__OPPONENT,R1_REMOVE_LEGAL_SIGNATURE,R3_STATE_CENTRIC_POLICY,0.04600000000000004,0.01600000000000001,0.09600000000000006,Quick Attack,Quick Attack,True
4WE_PAIR_009_V02__OPPONENT,R1_REMOVE_LEGAL_SIGNATURE,R3_STATE_CENTRIC_POLICY,0.04600000000000004,0.01600000000000001,0.09600000000000006,Quick Attack,Quick Attack,True
4WE_PAIR_009_V02__PLAYER,R1_REMOVE_LEGAL_SIGNATURE,R3_STATE_CENTRIC_POLICY,0.04600000000000004,0.01600000000000001,0.09600000000000006,Quick Attack,Quick Attack,True
4WE_PAIR_013_V03__OPPONENT,R1_REMOVE_LEGAL_SIGNATURE,R3_STATE_CENTRIC_POLICY,0.04600000000000004,0.01600000000000001,0.09600000000000006,Quick Attack,Quick Attack,True
4WE_PAIR_014_V02__OPPONENT,R1_REMOVE_LEGAL_SIGNATURE,R3_STATE_CENTRIC_POLICY,0.04600000000000004,0.01600000000000001,0.09600000000000006,Quick Attack,Quick Attack,True
4WE_PAIR_014_V02__PLAYER,R1_REMOVE_LEGAL_SIGNATURE,R3_STATE_CENTRIC_POLICY,0.04600000000000004,0.01600000000000001,0.09600000000000006,Quick Attack,Quick Attack,True
4WE_PAIR_018_V03__OPPONENT,R1_REMOVE_LEGAL_SIGNATURE,R3_STATE_CENTRIC_POLICY,0.04600000000000004,0.01600000000000001,0.09600000000000006,Quick Attack,Quick Attack,True
4WE_PAIR_019_V02__OPPONENT,R1_REMOVE_LEGAL_SIGNATURE,R3_STATE_CENTRIC_POLICY,0.04600000000000004,0.01600000000000001,0.09600000000000006,Quick Attack,Quick Attack,True
4WE_PAIR_019_V02__PLAYER,R1_REMOVE_LEGAL_SIGNATURE,R3_STATE_CENTRIC_POLICY,0.04600000000000004,0.01600000000000001,0.09600000000000006,Quick Attack,Quick Attack,True
4WE_PAIR_004_V02__OPPONENT,R1_REMOVE_LEGAL_SIGNATURE,R3_STATE_CENTRIC_POLICY,0.04600000000000004,0.016000000000000004,0.09600000000000003,Quick Attack,Quick Attack,True
4WE_PAIR_004_V02__PLAYER,R1_REMOVE_LEGAL_SIGNATURE,R3_STATE_CENTRIC_POLICY,0.04600000000000004,0.016000000000000004,0.09600000000000003,Quick Attack,Quick Attack,True
4WE_PAIR_011_V01__PLAYER,R0_CURRENT_BASELINE,R3_STATE_CENTRIC_POLICY,0.04600000000000004,0.01533333333333334,0.09200000000000004,Quick Attack,Quick Attack,True
4WE_PAIR_020_V01__PLAYER,R0_CURRENT_BASELINE,R3_STATE_CENTRIC_POLICY,0.04600000000000004,0.01533333333333334,0.09200000000000004,Quick Attack,Quick Attack,True
4WE_PAIR_016_V02__OPPONENT,R1_REMOVE_LEGAL_SIGNATURE,R2_REMOVE_SIGNATURE_AND_COMPATIBILITY,0.04600000000000004,0.015333333333333338,0.09200000000000003,Quick Attack,Quick Attack,True
4WE_PAIR_016_V03__OPPONENT,R1_REMOVE_LEGAL_SIGNATURE,R2_REMOVE_SIGNATURE_AND_COMPATIBILITY,0.04600000000000004,0.015333333333333338,0.09200000000000003,Quick Attack,Quick Attack,True
4WE_PAIR_005_V02__PLAYER,R2_REMOVE_SIGNATURE_AND_COMPATIBILITY,R3_STATE_CENTRIC_POLICY,0.04600000000000004,0.015333333333333338,0.09200000000000003,Quick Attack,Quick Attack,True
4WE_PAIR_012_V02__PLAYER,R2_REMOVE_SIGNATURE_AND_COMPATIBILITY,R3_STATE_CENTRIC_POLICY,0.04600000000000004,0.015333333333333338,0.09200000000000003,Quick Attack,Quick Attack,True
4WE_PAIR_022_V02__PLAYER,R1_REMOVE_LEGAL_SIGNATURE,R2_REMOVE_SIGNATURE_AND_COMPATIBILITY,0.04600000000000001,0.015333333333333343,0.09200000000000005,Quick Attack,Quick Attack,True
4WE_PAIR_023_V02__PLAYER,R1_REMOVE_LEGAL_SIGNATURE,R2_REMOVE_SIGNATURE_AND_COMPATIBILITY,0.04600000000000001,0.015333333333333343,0.09200000000000005,Quick Attack,Quick Attack,True
4WE_PAIR_002_V04__OPPONENT,R0_CURRENT_BASELINE,R1_REMOVE_LEGAL_SIGNATURE,0.046,0.016666666666666653,0.09999999999999992,Quick Attack,Quick Attack,True
4WE_PAIR_009_V04__OPPONENT,R0_CURRENT_BASELINE,R1_REMOVE_LEGAL_SIGNATURE,0.046,0.016666666666666653,0.09999999999999992,Quick Attack,Quick Attack,True
4WE_PAIR_014_V04__OPPONENT,R0_CURRENT_BASELINE,R1_REMOVE_LEGAL_SIGNATURE,0.046,0.016666666666666653,0.09999999999999992,Quick Attack,Quick Attack,True
4WE_PAIR_019_V04__OPPONENT,R0_CURRENT_BASELINE,R1_REMOVE_LEGAL_SIGNATURE,0.046,0.016666666666666653,0.09999999999999992,Quick Attack,Quick Attack,True
4WE_PAIR_002_V01__OPPONENT,R0_CURRENT_BASELINE,R1_REMOVE_LEGAL_SIGNATURE,0.046,0.015999999999999986,0.09599999999999992,Quick Attack,Quick Attack,True
4WE_PAIR_002_V01__PLAYER,R0_CURRENT_BASELINE,R1_REMOVE_LEGAL_SIGNATURE,0.046,0.015999999999999986,0.09599999999999992,Quick Attack,Quick Attack,True
4WE_PAIR_009_V01__OPPONENT,R0_CURRENT_BASELINE,R1_REMOVE_LEGAL_SIGNATURE,0.046,0.015999999999999986,0.09599999999999992,Quick Attack,Quick Attack,True
4WE_PAIR_009_V01__PLAYER,R0_CURRENT_BASELINE,R1_REMOVE_LEGAL_SIGNATURE,0.046,0.015999999999999986,0.09599999999999992,Quick Attack,Quick Attack,True
4WE_PAIR_014_V01__OPPONENT,R0_CURRENT_BASELINE,R1_REMOVE_LEGAL_SIGNATURE,0.046,0.015999999999999986,0.09599999999999992,Quick Attack,Quick Attack,True
4WE_PAIR_014_V01__PLAYER,R0_CURRENT_BASELINE,R1_REMOVE_LEGAL_SIGNATURE,0.046,0.015999999999999986,0.09599999999999992,Quick Attack,Quick Attack,True
4WE_PAIR_019_V01__OPPONENT,R0_CURRENT_BASELINE,R1_REMOVE_LEGAL_SIGNATURE,0.046,0.015999999999999986,0.09599999999999992,Quick Attack,Quick Attack,True
4WE_PAIR_019_V01__PLAYER,R0_CURRENT_BASELINE,R1_REMOVE_LEGAL_SIGNATURE,0.046,0.015999999999999986,0.09599999999999992,Quick Attack,Quick Attack,True
4WE_PAIR_003_V01__PLAYER,R0_CURRENT_BASELINE,R2_REMOVE_SIGNATURE_AND_COMPATIBILITY,0.046,0.015999999999999986,0.09599999999999992,Quick Attack,Quick Attack,True
4WE_PAIR_010_V01__PLAYER,R0_CURRENT_BASELINE,R2_REMOVE_SIGNATURE_AND_COMPATIBILITY,0.046,0.015999999999999986,0.09599999999999992,Quick Attack,Quick Attack,True
4WE_PAIR_020_V03__PLAYER,R1_REMOVE_LEGAL_SIGNATURE,R2_REMOVE_SIGNATURE_AND_COMPATIBILITY,0.045999999999999985,0.015333333333333338,0.09200000000000003,Quick Attack,Quick Attack,True
4WE_PAIR_022_V02__OPPONENT,R1_REMOVE_LEGAL_SIGNATURE,R2_REMOVE_SIGNATURE_AND_COMPATIBILITY,0.045999999999999985,0.015333333333333338,0.09200000000000003,Quick Attack,Quick Attack,True
4WE_PAIR_007_V01__PLAYER,R0_CURRENT_BASELINE,R2_REMOVE_SIGNATURE_AND_COMPATIBILITY,0.04599999999999993,0.017333333333333322,0.10399999999999994,Quick Attack,Quick Attack,True
4WE_PAIR_017_V01__PLAYER,R0_CURRENT_BASELINE,R2_REMOVE_SIGNATURE_AND_COMPATIBILITY,0.04599999999999993,0.017333333333333322,0.10399999999999994,Quick Attack,Quick Attack,True
4WE_PAIR_017_V04__PLAYER,R0_CURRENT_BASELINE,R2_REMOVE_SIGNATURE_AND_COMPATIBILITY,0.04599999999999993,0.017333333333333322,0.10399999999999994,Quick Attack,Quick Attack,True
4WE_PAIR_001_V02__OPPONENT,R1_REMOVE_LEGAL_SIGNATURE,R3_STATE_CENTRIC_POLICY,0.04400000000000004,0.015333333333333343,0.09200000000000005,Quick Attack,Quick Attack,True
4WE_PAIR_001_V02__PLAYER,R1_REMOVE_LEGAL_SIGNATURE,R3_STATE_CENTRIC_POLICY,0.04400000000000004,0.015333333333333343,0.09200000000000005,Quick Attack,Quick Attack,True
4WE_PAIR_008_V02__OPPONENT,R1_REMOVE_LEGAL_SIGNATURE,R3_STATE_CENTRIC_POLICY,0.04400000000000004,0.015333333333333343,0.09200000000000005,Quick Attack,Quick Attack,True
4WE_PAIR_008_V02__PLAYER,R1_REMOVE_LEGAL_SIGNATURE,R3_STATE_CENTRIC_POLICY,0.04400000000000004,0.015333333333333343,0.09200000000000005,Quick Attack,Quick Attack,True
4WE_PAIR_013_V02__OPPONENT,R1_REMOVE_LEGAL_SIGNATURE,R3_STATE_CENTRIC_POLICY,0.04400000000000004,0.015333333333333343,0.09200000000000005,Quick Attack,Quick Attack,True
4WE_PAIR_013_V02__PLAYER,R1_REMOVE_LEGAL_SIGNATURE,R3_STATE_CENTRIC_POLICY,0.04400000000000004,0.015333333333333343,0.09200000000000005,Quick Attack,Quick Attack,True
4WE_PAIR_018_V02__OPPONENT,R1_REMOVE_LEGAL_SIGNATURE,R3_STATE_CENTRIC_POLICY,0.04400000000000004,0.015333333333333343,0.09200000000000005,Quick Attack,Quick Attack,True
4WE_PAIR_018_V02__PLAYER,R1_REMOVE_LEGAL_SIGNATURE,R3_STATE_CENTRIC_POLICY,0.04400000000000004,0.015333333333333343,0.09200000000000005,Quick Attack,Quick Attack,True
4WE_PAIR_020_V01__OPPONENT,R0_CURRENT_BASELINE,R3_STATE_CENTRIC_POLICY,0.04400000000000004,0.014666666666666675,0.08800000000000005,Quick Attack,Quick Attack,True
4WE_PAIR_011_V04__PLAYER,R0_CURRENT_BASELINE,R3_STATE_CENTRIC_POLICY,0.04400000000000004,0.014666666666666673,0.08800000000000004,Quick Attack,Quick Attack,True
4WE_PAIR_022_V04__PLAYER,R0_CURRENT_BASELINE,R3_STATE_CENTRIC_POLICY,0.04400000000000004,0.014666666666666673,0.08800000000000004,Quick Attack,Quick Attack,True
4WE_PAIR_015_V02__PLAYER,R1_REMOVE_LEGAL_SIGNATURE,R2_REMOVE_SIGNATURE_AND_COMPATIBILITY,0.04400000000000004,0.01466666666666667,0.08800000000000002,Quick Attack,Quick Attack,True
4WE_PAIR_015_V03__PLAYER,R1_REMOVE_LEGAL_SIGNATURE,R2_REMOVE_SIGNATURE_AND_COMPATIBILITY,0.04400000000000004,0.01466666666666667,0.08800000000000002,Quick Attack,Quick Attack,True
4WE_PAIR_021_V02__PLAYER,R1_REMOVE_LEGAL_SIGNATURE,R2_REMOVE_SIGNATURE_AND_COMPATIBILITY,0.04400000000000004,0.01466666666666667,0.08800000000000002,Quick Attack,Quick Attack,True
4WE_PAIR_021_V03__PLAYER,R1_REMOVE_LEGAL_SIGNATURE,R2_REMOVE_SIGNATURE_AND_COMPATIBILITY,0.04400000000000004,0.01466666666666667,0.08800000000000002,Quick Attack,Quick Attack,True
4WE_PAIR_001_V04__OPPONENT,R0_CURRENT_BASELINE,R1_REMOVE_LEGAL_SIGNATURE,0.044,0.015999999999999986,0.09599999999999992,Quick Attack,Quick Attack,True
4WE_PAIR_007_V01__OPPONENT,R0_CURRENT_BASELINE,R1_REMOVE_LEGAL_SIGNATURE,0.044,0.015999999999999986,0.09599999999999992,Quick Attack,Quick Attack,True
4WE_PAIR_007_V01__PLAYER,R0_CURRENT_BASELINE,R1_REMOVE_LEGAL_SIGNATURE,0.044,0.015999999999999986,0.09599999999999992,Quick Attack,Quick Attack,True
4WE_PAIR_007_V04__OPPONENT,R0_CURRENT_BASELINE,R1_REMOVE_LEGAL_SIGNATURE,0.044,0.015999999999999986,0.09599999999999992,Quick Attack,Quick Attack,True
4WE_PAIR_008_V04__OPPONENT,R0_CURRENT_BASELINE,R1_REMOVE_LEGAL_SIGNATURE,0.044,0.015999999999999986,0.09599999999999992,Quick Attack,Quick Attack,True
4WE_PAIR_013_V04__OPPONENT,R0_CURRENT_BASELINE,R1_REMOVE_LEGAL_SIGNATURE,0.044,0.015999999999999986,0.09599999999999992,Quick Attack,Quick Attack,True
4WE_PAIR_017_V01__OPPONENT,R0_CURRENT_BASELINE,R1_REMOVE_LEGAL_SIGNATURE,0.044,0.015999999999999986,0.09599999999999992,Quick Attack,Quick Attack,True
4WE_PAIR_017_V01__PLAYER,R0_CURRENT_BASELINE,R1_REMOVE_LEGAL_SIGNATURE,0.044,0.015999999999999986,0.09599999999999992,Quick Attack,Quick Attack,True
4WE_PAIR_017_V04__OPPONENT,R0_CURRENT_BASELINE,R1_REMOVE_LEGAL_SIGNATURE,0.044,0.015999999999999986,0.09599999999999992,Quick Attack,Quick Attack,True
4WE_PAIR_018_V04__OPPONENT,R0_CURRENT_BASELINE,R1_REMOVE_LEGAL_SIGNATURE,0.044,0.015999999999999986,0.09599999999999992,Quick Attack,Quick Attack,True
4WE_PAIR_001_V01__OPPONENT,R0_CURRENT_BASELINE,R1_REMOVE_LEGAL_SIGNATURE,0.044,0.015333333333333319,0.09199999999999992,Quick Attack,Quick Attack,True
4WE_PAIR_001_V01__PLAYER,R0_CURRENT_BASELINE,R1_REMOVE_LEGAL_SIGNATURE,0.044,0.015333333333333319,0.09199999999999992,Quick Attack,Quick Attack,True
4WE_PAIR_002_V04__PLAYER,R0_CURRENT_BASELINE,R1_REMOVE_LEGAL_SIGNATURE,0.044,0.015333333333333319,0.09199999999999992,Quick Attack,Quick Attack,True
4WE_PAIR_008_V01__OPPONENT,R0_CURRENT_BASELINE,R1_REMOVE_LEGAL_SIGNATURE,0.044,0.015333333333333319,0.09199999999999992,Quick Attack,Quick Attack,True
4WE_PAIR_008_V01__PLAYER,R0_CURRENT_BASELINE,R1_REMOVE_LEGAL_SIGNATURE,0.044,0.015333333333333319,0.09199999999999992,Quick Attack,Quick Attack,True
4WE_PAIR_009_V04__PLAYER,R0_CURRENT_BASELINE,R1_REMOVE_LEGAL_SIGNATURE,0.044,0.015333333333333319,0.09199999999999992,Quick Attack,Quick Attack,True
4WE_PAIR_013_V01__OPPONENT,R0_CURRENT_BASELINE,R1_REMOVE_LEGAL_SIGNATURE,0.044,0.015333333333333319,0.09199999999999992,Quick Attack,Quick Attack,True
4WE_PAIR_013_V01__PLAYER,R0_CURRENT_BASELINE,R1_REMOVE_LEGAL_SIGNATURE,0.044,0.015333333333333319,0.09199999999999992,Quick Attack,Quick Attack,True
4WE_PAIR_014_V04__PLAYER,R0_CURRENT_BASELINE,R1_REMOVE_LEGAL_SIGNATURE,0.044,0.015333333333333319,0.09199999999999992,Quick Attack,Quick Attack,True
4WE_PAIR_018_V01__OPPONENT,R0_CURRENT_BASELINE,R1_REMOVE_LEGAL_SIGNATURE,0.044,0.015333333333333319,0.09199999999999992,Quick Attack,Quick Attack,True
4WE_PAIR_018_V01__PLAYER,R0_CURRENT_BASELINE,R1_REMOVE_LEGAL_SIGNATURE,0.044,0.015333333333333319,0.09199999999999992,Quick Attack,Quick Attack,True
4WE_PAIR_019_V04__PLAYER,R0_CURRENT_BASELINE,R1_REMOVE_LEGAL_SIGNATURE,0.044,0.015333333333333319,0.09199999999999992,Quick Attack,Quick Attack,True
4WE_PAIR_011_V03__PLAYER,R1_REMOVE_LEGAL_SIGNATURE,R2_REMOVE_SIGNATURE_AND_COMPATIBILITY,0.043999999999999984,0.01466666666666667,0.08800000000000002,Quick Attack,Quick Attack,True
4WE_PAIR_022_V03__OPPONENT,R1_REMOVE_LEGAL_SIGNATURE,R2_REMOVE_SIGNATURE_AND_COMPATIBILITY,0.043999999999999984,0.01466666666666667,0.08800000000000002,Quick Attack,Quick Attack,True
4WE_PAIR_022_V03__PLAYER,R1_REMOVE_LEGAL_SIGNATURE,R2_REMOVE_SIGNATURE_AND_COMPATIBILITY,0.043999999999999984,0.01466666666666667,0.08800000000000002,Quick Attack,Quick Attack,True
4WE_PAIR_020_V04__OPPONENT,R0_CURRENT_BASELINE,R3_STATE_CENTRIC_POLICY,0.04200000000000004,0.014000000000000007,0.08400000000000005,Quick Attack,Quick Attack,True
4WE_PAIR_005_V03__PLAYER,R1_REMOVE_LEGAL_SIGNATURE,R2_REMOVE_SIGNATURE_AND_COMPATIBILITY,0.04200000000000004,0.014000000000000004,0.08400000000000002,Quick Attack,Quick Attack,True
4WE_PAIR_006_V03__PLAYER,R1_REMOVE_LEGAL_SIGNATURE,R2_REMOVE_SIGNATURE_AND_COMPATIBILITY,0.04200000000000004,0.014000000000000004,0.08400000000000002,Quick Attack,Quick Attack,True
4WE_PAIR_012_V03__PLAYER,R1_REMOVE_LEGAL_SIGNATURE,R2_REMOVE_SIGNATURE_AND_COMPATIBILITY,0.04200000000000004,0.014000000000000004,0.08400000000000002,Quick Attack,Quick Attack,True
4WE_PAIR_016_V02__PLAYER,R1_REMOVE_LEGAL_SIGNATURE,R2_REMOVE_SIGNATURE_AND_COMPATIBILITY,0.04200000000000004,0.014000000000000004,0.08400000000000002,Quick Attack,Quick Attack,True
4WE_PAIR_016_V03__PLAYER,R1_REMOVE_LEGAL_SIGNATURE,R2_REMOVE_SIGNATURE_AND_COMPATIBILITY,0.04200000000000004,0.014000000000000004,0.08400000000000002,Quick Attack,Quick Attack,True
4WE_PAIR_007_V04__PLAYER,R0_CURRENT_BASELINE,R1_REMOVE_LEGAL_SIGNATURE,0.04200000000000001,0.015333333333333324,0.09199999999999994,Quick Attack,Quick Attack,True
4WE_PAIR_017_V04__PLAYER,R0_CURRENT_BASELINE,R1_REMOVE_LEGAL_SIGNATURE,0.04200000000000001,0.015333333333333324,0.09199999999999994,Quick Attack,Quick Attack,True
4WE_PAIR_011_V02__PLAYER,R1_REMOVE_LEGAL_SIGNATURE,R2_REMOVE_SIGNATURE_AND_COMPATIBILITY,0.04200000000000001,0.014000000000000007,0.08400000000000005,Quick Attack,Quick Attack,True
4WE_PAIR_001_V04__PLAYER,R0_CURRENT_BASELINE,R1_REMOVE_LEGAL_SIGNATURE,0.041999999999999996,0.014666666666666653,0.08799999999999991,Quick Attack,Quick Attack,True
4WE_PAIR_008_V04__PLAYER,R0_CURRENT_BASELINE,R1_REMOVE_LEGAL_SIGNATURE,0.041999999999999996,0.014666666666666653,0.08799999999999991,Quick Attack,Quick Attack,True
4WE_PAIR_013_V04__PLAYER,R0_CURRENT_BASELINE,R1_REMOVE_LEGAL_SIGNATURE,0.041999999999999996,0.014666666666666653,0.08799999999999991,Quick Attack,Quick Attack,True
4WE_PAIR_018_V04__PLAYER,R0_CURRENT_BASELINE,R1_REMOVE_LEGAL_SIGNATURE,0.041999999999999996,0.014666666666666653,0.08799999999999991,Quick Attack,Quick Attack,True
4WE_PAIR_011_V01__OPPONENT,R0_CURRENT_BASELINE,R3_STATE_CENTRIC_POLICY,0.040000000000000036,0.013333333333333341,0.08000000000000004,Quick Attack,Quick Attack,True
4WE_PAIR_022_V01__PLAYER,R0_CURRENT_BASELINE,R3_STATE_CENTRIC_POLICY,0.040000000000000036,0.013333333333333341,0.08000000000000004,Quick Attack,Quick Attack,True
4WE_PAIR_023_V01__PLAYER,R0_CURRENT_BASELINE,R3_STATE_CENTRIC_POLICY,0.040000000000000036,0.013333333333333341,0.08000000000000004,Quick Attack,Quick Attack,True
4WE_PAIR_015_V04__PLAYER,R0_CURRENT_BASELINE,R3_STATE_CENTRIC_POLICY,0.040000000000000036,0.013333333333333338,0.08000000000000003,Quick Attack,Quick Attack,True
4WE_PAIR_016_V04__PLAYER,R0_CURRENT_BASELINE,R3_STATE_CENTRIC_POLICY,0.040000000000000036,0.013333333333333338,0.08000000000000003,Quick Attack,Quick Attack,True
4WE_PAIR_021_V04__PLAYER,R0_CURRENT_BASELINE,R3_STATE_CENTRIC_POLICY,0.040000000000000036,0.013333333333333338,0.08000000000000003,Quick Attack,Quick Attack,True
4WE_PAIR_003_V04__OPPONENT,R0_CURRENT_BASELINE,R1_REMOVE_LEGAL_SIGNATURE,0.04000000000000001,0.014666666666666654,0.08799999999999993,Quick Attack,Quick Attack,True
4WE_PAIR_010_V04__OPPONENT,R0_CURRENT_BASELINE,R1_REMOVE_LEGAL_SIGNATURE,0.04000000000000001,0.014666666666666654,0.08799999999999993,Quick Attack,Quick Attack,True
4WE_PAIR_003_V01__OPPONENT,R0_CURRENT_BASELINE,R1_REMOVE_LEGAL_SIGNATURE,0.04000000000000001,0.013999999999999986,0.08399999999999992,Quick Attack,Quick Attack,True
4WE_PAIR_003_V01__PLAYER,R0_CURRENT_BASELINE,R1_REMOVE_LEGAL_SIGNATURE,0.04000000000000001,0.013999999999999986,0.08399999999999992,Quick Attack,Quick Attack,True
4WE_PAIR_010_V01__OPPONENT,R0_CURRENT_BASELINE,R1_REMOVE_LEGAL_SIGNATURE,0.04000000000000001,0.013999999999999986,0.08399999999999992,Quick Attack,Quick Attack,True
4WE_PAIR_010_V01__PLAYER,R0_CURRENT_BASELINE,R1_REMOVE_LEGAL_SIGNATURE,0.04000000000000001,0.013999999999999986,0.08399999999999992,Quick Attack,Quick Attack,True
4WE_PAIR_011_V04__OPPONENT,R0_CURRENT_BASELINE,R3_STATE_CENTRIC_POLICY,0.038000000000000034,0.012666666666666673,0.07600000000000004,Quick Attack,Quick Attack,True
4WE_PAIR_023_V04__PLAYER,R0_CURRENT_BASELINE,R3_STATE_CENTRIC_POLICY,0.038000000000000034,0.012666666666666673,0.07600000000000004,Quick Attack,Quick Attack,True
4WE_PAIR_005_V02__PLAYER,R1_REMOVE_LEGAL_SIGNATURE,R2_REMOVE_SIGNATURE_AND_COMPATIBILITY,0.038000000000000034,0.012666666666666668,0.07600000000000001,Quick Attack,Quick Attack,True
4WE_PAIR_006_V02__PLAYER,R1_REMOVE_LEGAL_SIGNATURE,R2_REMOVE_SIGNATURE_AND_COMPATIBILITY,0.038000000000000034,0.012666666666666668,0.07600000000000001,Quick Attack,Quick Attack,True
4WE_PAIR_012_V02__PLAYER,R1_REMOVE_LEGAL_SIGNATURE,R2_REMOVE_SIGNATURE_AND_COMPATIBILITY,0.038000000000000034,0.012666666666666668,0.07600000000000001,Quick Attack,Quick Attack,True
4WE_PAIR_004_V04__OPPONENT,R0_CURRENT_BASELINE,R1_REMOVE_LEGAL_SIGNATURE,0.038000000000000006,0.013999999999999986,0.08399999999999992,Quick Attack,Quick Attack,True
4WE_PAIR_003_V04__PLAYER,R0_CURRENT_BASELINE,R1_REMOVE_LEGAL_SIGNATURE,0.038000000000000006,0.01333333333333332,0.07999999999999992,Quick Attack,Quick Attack,True
4WE_PAIR_004_V01__OPPONENT,R0_CURRENT_BASELINE,R1_REMOVE_LEGAL_SIGNATURE,0.038000000000000006,0.01333333333333332,0.07999999999999992,Quick Attack,Quick Attack,True
4WE_PAIR_004_V01__PLAYER,R0_CURRENT_BASELINE,R1_REMOVE_LEGAL_SIGNATURE,0.038000000000000006,0.01333333333333332,0.07999999999999992,Quick Attack,Quick Attack,True
4WE_PAIR_010_V04__PLAYER,R0_CURRENT_BASELINE,R1_REMOVE_LEGAL_SIGNATURE,0.038000000000000006,0.01333333333333332,0.07999999999999992,Quick Attack,Quick Attack,True
4WE_PAIR_004_V04__PLAYER,R0_CURRENT_BASELINE,R1_REMOVE_LEGAL_SIGNATURE,0.036000000000000004,0.012666666666666652,0.07599999999999991,Quick Attack,Quick Attack,True
4WE_PAIR_005_V01__PLAYER,R0_CURRENT_BASELINE,R3_STATE_CENTRIC_POLICY,0.03400000000000003,0.01133333333333334,0.06800000000000003,Quick Attack,Quick Attack,True
4WE_PAIR_005_V04__PLAYER,R0_CURRENT_BASELINE,R3_STATE_CENTRIC_POLICY,0.03400000000000003,0.01133333333333334,0.06800000000000003,Quick Attack,Quick Attack,True
4WE_PAIR_006_V01__PLAYER,R0_CURRENT_BASELINE,R3_STATE_CENTRIC_POLICY,0.03400000000000003,0.01133333333333334,0.06800000000000003,Quick Attack,Quick Attack,True
4WE_PAIR_006_V04__PLAYER,R0_CURRENT_BASELINE,R3_STATE_CENTRIC_POLICY,0.03400000000000003,0.01133333333333334,0.06800000000000003,Quick Attack,Quick Attack,True
4WE_PAIR_012_V01__PLAYER,R0_CURRENT_BASELINE,R3_STATE_CENTRIC_POLICY,0.03400000000000003,0.01133333333333334,0.06800000000000003,Quick Attack,Quick Attack,True
4WE_PAIR_012_V04__PLAYER,R0_CURRENT_BASELINE,R3_STATE_CENTRIC_POLICY,0.03400000000000003,0.01133333333333334,0.06800000000000003,Quick Attack,Quick Attack,True
4WE_PAIR_015_V01__PLAYER,R0_CURRENT_BASELINE,R3_STATE_CENTRIC_POLICY,0.03400000000000003,0.01133333333333334,0.06800000000000003,Quick Attack,Quick Attack,True
4WE_PAIR_016_V01__PLAYER,R0_CURRENT_BASELINE,R3_STATE_CENTRIC_POLICY,0.03400000000000003,0.01133333333333334,0.06800000000000003,Quick Attack,Quick Attack,True
4WE_PAIR_021_V01__PLAYER,R0_CURRENT_BASELINE,R3_STATE_CENTRIC_POLICY,0.03400000000000003,0.01133333333333334,0.06800000000000003,Quick Attack,Quick Attack,True
4WE_PAIR_022_V01__OPPONENT,R0_CURRENT_BASELINE,R3_STATE_CENTRIC_POLICY,0.03400000000000003,0.01133333333333334,0.06800000000000003,Quick Attack,Quick Attack,True
4WE_PAIR_022_V04__OPPONENT,R0_CURRENT_BASELINE,R3_STATE_CENTRIC_POLICY,0.03400000000000003,0.01133333333333334,0.06800000000000003,Quick Attack,Quick Attack,True
4WE_PAIR_023_V01__OPPONENT,R0_CURRENT_BASELINE,R3_STATE_CENTRIC_POLICY,0.03400000000000003,0.01133333333333334,0.06800000000000003,Quick Attack,Quick Attack,True
4WE_PAIR_007_V02__OPPONENT,R1_REMOVE_LEGAL_SIGNATURE,R2_REMOVE_SIGNATURE_AND_COMPATIBILITY,0.034,0.011999999999999988,0.07199999999999993,Quick Attack,Quick Attack,True
4WE_PAIR_015_V01__OPPONENT,R0_CURRENT_BASELINE,R3_STATE_CENTRIC_POLICY,0.03200000000000003,0.010666666666666672,0.06400000000000003,Quick Attack,Quick Attack,True
4WE_PAIR_016_V01__OPPONENT,R0_CURRENT_BASELINE,R3_STATE_CENTRIC_POLICY,0.03200000000000003,0.010666666666666672,0.06400000000000003,Quick Attack,Quick Attack,True
4WE_PAIR_021_V01__OPPONENT,R0_CURRENT_BASELINE,R3_STATE_CENTRIC_POLICY,0.03200000000000003,0.010666666666666672,0.06400000000000003,Quick Attack,Quick Attack,True
4WE_PAIR_023_V04__OPPONENT,R0_CURRENT_BASELINE,R3_STATE_CENTRIC_POLICY,0.03200000000000003,0.010666666666666672,0.06400000000000003,Quick Attack,Quick Attack,True
4WE_PAIR_007_V02__PLAYER,R1_REMOVE_LEGAL_SIGNATURE,R2_REMOVE_SIGNATURE_AND_COMPATIBILITY,0.032,0.01133333333333334,0.06800000000000003,Quick Attack,Quick Attack,True
4WE_PAIR_007_V03__OPPONENT,R1_REMOVE_LEGAL_SIGNATURE,R2_REMOVE_SIGNATURE_AND_COMPATIBILITY,0.032,0.01133333333333334,0.06800000000000003,Quick Attack,Quick Attack,True
4WE_PAIR_017_V02__OPPONENT,R1_REMOVE_LEGAL_SIGNATURE,R2_REMOVE_SIGNATURE_AND_COMPATIBILITY,0.032,0.01133333333333334,0.06800000000000003,Quick Attack,Quick Attack,True
4WE_PAIR_017_V02__PLAYER,R1_REMOVE_LEGAL_SIGNATURE,R2_REMOVE_SIGNATURE_AND_COMPATIBILITY,0.032,0.01133333333333334,0.06800000000000003,Quick Attack,Quick Attack,True
4WE_PAIR_020_V04__PLAYER,R0_CURRENT_BASELINE,R1_REMOVE_LEGAL_SIGNATURE,0.030000000000000027,0.010000000000000004,0.060000000000000026,Quick Attack,Quick Attack,True
4WE_PAIR_020_V04__PLAYER,R0_CURRENT_BASELINE,R2_REMOVE_SIGNATURE_AND_COMPATIBILITY,0.030000000000000027,0.010000000000000004,0.060000000000000026,Quick Attack,Quick Attack,True
4WE_PAIR_022_V04__PLAYER,R0_CURRENT_BASELINE,R2_REMOVE_SIGNATURE_AND_COMPATIBILITY,0.030000000000000027,0.010000000000000004,0.060000000000000026,Quick Attack,Quick Attack,True
4WE_PAIR_015_V04__OPPONENT,R0_CURRENT_BASELINE,R3_STATE_CENTRIC_POLICY,0.030000000000000027,0.010000000000000004,0.060000000000000026,Quick Attack,Quick Attack,True
4WE_PAIR_016_V04__OPPONENT,R0_CURRENT_BASELINE,R3_STATE_CENTRIC_POLICY,0.030000000000000027,0.010000000000000004,0.060000000000000026,Quick Attack,Quick Attack,True
4WE_PAIR_021_V04__OPPONENT,R0_CURRENT_BASELINE,R3_STATE_CENTRIC_POLICY,0.030000000000000027,0.010000000000000004,0.060000000000000026,Quick Attack,Quick Attack,True
4WE_PAIR_007_V03__PLAYER,R1_REMOVE_LEGAL_SIGNATURE,R2_REMOVE_SIGNATURE_AND_COMPATIBILITY,0.03,0.01066666666666667,0.06400000000000002,Quick Attack,Quick Attack,True
4WE_PAIR_017_V03__OPPONENT,R1_REMOVE_LEGAL_SIGNATURE,R2_REMOVE_SIGNATURE_AND_COMPATIBILITY,0.03,0.01066666666666667,0.06400000000000002,Quick Attack,Quick Attack,True
4WE_PAIR_017_V03__PLAYER,R1_REMOVE_LEGAL_SIGNATURE,R2_REMOVE_SIGNATURE_AND_COMPATIBILITY,0.03,0.01066666666666667,0.06400000000000002,Quick Attack,Quick Attack,True
4WE_PAIR_020_V01__PLAYER,R0_CURRENT_BASELINE,R1_REMOVE_LEGAL_SIGNATURE,0.028000000000000025,0.009333333333333338,0.05600000000000003,Quick Attack,Quick Attack,True
4WE_PAIR_011_V04__PLAYER,R0_CURRENT_BASELINE,R2_REMOVE_SIGNATURE_AND_COMPATIBILITY,0.028000000000000025,0.009333333333333338,0.05600000000000002,Quick Attack,Quick Attack,True
4WE_PAIR_005_V01__OPPONENT,R0_CURRENT_BASELINE,R3_STATE_CENTRIC_POLICY,0.028000000000000025,0.009333333333333338,0.05600000000000002,Quick Attack,Quick Attack,True
4WE_PAIR_006_V01__OPPONENT,R0_CURRENT_BASELINE,R3_STATE_CENTRIC_POLICY,0.028000000000000025,0.009333333333333338,0.05600000000000002,Quick Attack,Quick Attack,True
4WE_PAIR_012_V01__OPPONENT,R0_CURRENT_BASELINE,R3_STATE_CENTRIC_POLICY,0.028000000000000025,0.009333333333333338,0.05600000000000002,Quick Attack,Quick Attack,True
4WE_PAIR_001_V02__OPPONENT,R1_REMOVE_LEGAL_SIGNATURE,R2_REMOVE_SIGNATURE_AND_COMPATIBILITY,0.027999999999999997,0.009999999999999986,0.059999999999999915,Quick Attack,Quick Attack,True
4WE_PAIR_001_V03__OPPONENT,R1_REMOVE_LEGAL_SIGNATURE,R2_REMOVE_SIGNATURE_AND_COMPATIBILITY,0.027999999999999997,0.009999999999999986,0.059999999999999915,Quick Attack,Quick Attack,True
4WE_PAIR_008_V02__OPPONENT,R1_REMOVE_LEGAL_SIGNATURE,R2_REMOVE_SIGNATURE_AND_COMPATIBILITY,0.027999999999999997,0.009999999999999986,0.059999999999999915,Quick Attack,Quick Attack,True
4WE_PAIR_008_V03__OPPONENT,R1_REMOVE_LEGAL_SIGNATURE,R2_REMOVE_SIGNATURE_AND_COMPATIBILITY,0.027999999999999997,0.009999999999999986,0.059999999999999915,Quick Attack,Quick Attack,True
4WE_PAIR_011_V04__PLAYER,R0_CURRENT_BASELINE,R1_REMOVE_LEGAL_SIGNATURE,0.026000000000000023,0.008666666666666671,0.052000000000000025,Quick Attack,Quick Attack,True
4WE_PAIR_011_V01__PLAYER,R0_CURRENT_BASELINE,R2_REMOVE_SIGNATURE_AND_COMPATIBILITY,0.026000000000000023,0.008666666666666671,0.052000000000000025,Quick Attack,Quick Attack,True
4WE_PAIR_020_V01__PLAYER,R0_CURRENT_BASELINE,R2_REMOVE_SIGNATURE_AND_COMPATIBILITY,0.026000000000000023,0.008666666666666671,0.052000000000000025,Quick Attack,Quick Attack,True
4WE_PAIR_022_V01__OPPONENT,R0_CURRENT_BASELINE,R2_REMOVE_SIGNATURE_AND_COMPATIBILITY,0.026000000000000023,0.008666666666666671,0.052000000000000025,Quick Attack,Quick Attack,True
4WE_PAIR_022_V04__OPPONENT,R0_CURRENT_BASELINE,R2_REMOVE_SIGNATURE_AND_COMPATIBILITY,0.026000000000000023,0.008666666666666671,0.052000000000000025,Quick Attack,Quick Attack,True
4WE_PAIR_023_V01__OPPONENT,R0_CURRENT_BASELINE,R2_REMOVE_SIGNATURE_AND_COMPATIBILITY,0.026000000000000023,0.008666666666666671,0.052000000000000025,Quick Attack,Quick Attack,True
4WE_PAIR_023_V04__OPPONENT,R0_CURRENT_BASELINE,R2_REMOVE_SIGNATURE_AND_COMPATIBILITY,0.026000000000000023,0.008666666666666671,0.052000000000000025,Quick Attack,Quick Attack,True
4WE_PAIR_023_V04__PLAYER,R0_CURRENT_BASELINE,R2_REMOVE_SIGNATURE_AND_COMPATIBILITY,0.026000000000000023,0.008666666666666671,0.052000000000000025,Quick Attack,Quick Attack,True
4WE_PAIR_006_V04__OPPONENT,R0_CURRENT_BASELINE,R3_STATE_CENTRIC_POLICY,0.026000000000000023,0.008666666666666671,0.052000000000000025,Quick Attack,Quick Attack,True
4WE_PAIR_015_V04__PLAYER,R0_CURRENT_BASELINE,R1_REMOVE_LEGAL_SIGNATURE,0.026000000000000023,0.00866666666666667,0.05200000000000002,Quick Attack,Quick Attack,True
4WE_PAIR_021_V04__PLAYER,R0_CURRENT_BASELINE,R1_REMOVE_LEGAL_SIGNATURE,0.026000000000000023,0.00866666666666667,0.05200000000000002,Quick Attack,Quick Attack,True
4WE_PAIR_005_V04__OPPONENT,R0_CURRENT_BASELINE,R3_STATE_CENTRIC_POLICY,0.026000000000000023,0.00866666666666667,0.05200000000000002,Quick Attack,Quick Attack,True
4WE_PAIR_012_V04__OPPONENT,R0_CURRENT_BASELINE,R3_STATE_CENTRIC_POLICY,0.026000000000000023,0.00866666666666667,0.05200000000000002,Quick Attack,Quick Attack,True
4WE_PAIR_001_V02__PLAYER,R1_REMOVE_LEGAL_SIGNATURE,R2_REMOVE_SIGNATURE_AND_COMPATIBILITY,0.025999999999999995,0.009333333333333318,0.05599999999999991,Quick Attack,Quick Attack,True
4WE_PAIR_001_V03__PLAYER,R1_REMOVE_LEGAL_SIGNATURE,R2_REMOVE_SIGNATURE_AND_COMPATIBILITY,0.025999999999999995,0.009333333333333318,0.05599999999999991,Quick Attack,Quick Attack,True
4WE_PAIR_002_V02__OPPONENT,R1_REMOVE_LEGAL_SIGNATURE,R2_REMOVE_SIGNATURE_AND_COMPATIBILITY,0.025999999999999995,0.009333333333333318,0.05599999999999991,Quick Attack,Quick Attack,True
4WE_PAIR_002_V03__OPPONENT,R1_REMOVE_LEGAL_SIGNATURE,R2_REMOVE_SIGNATURE_AND_COMPATIBILITY,0.025999999999999995,0.009333333333333318,0.05599999999999991,Quick Attack,Quick Attack,True
4WE_PAIR_003_V02__OPPONENT,R1_REMOVE_LEGAL_SIGNATURE,R2_REMOVE_SIGNATURE_AND_COMPATIBILITY,0.025999999999999995,0.009333333333333318,0.05599999999999991,Quick Attack,Quick Attack,True
4WE_PAIR_008_V02__PLAYER,R1_REMOVE_LEGAL_SIGNATURE,R2_REMOVE_SIGNATURE_AND_COMPATIBILITY,0.025999999999999995,0.009333333333333318,0.05599999999999991,Quick Attack,Quick Attack,True
4WE_PAIR_008_V03__PLAYER,R1_REMOVE_LEGAL_SIGNATURE,R2_REMOVE_SIGNATURE_AND_COMPATIBILITY,0.025999999999999995,0.009333333333333318,0.05599999999999991,Quick Attack,Quick Attack,True
4WE_PAIR_009_V02__OPPONENT,R1_REMOVE_LEGAL_SIGNATURE,R2_REMOVE_SIGNATURE_AND_COMPATIBILITY,0.025999999999999995,0.009333333333333318,0.05599999999999991,Quick Attack,Quick Attack,True
4WE_PAIR_009_V03__OPPONENT,R1_REMOVE_LEGAL_SIGNATURE,R2_REMOVE_SIGNATURE_AND_COMPATIBILITY,0.025999999999999995,0.009333333333333318,0.05599999999999991,Quick Attack,Quick Attack,True
4WE_PAIR_010_V02__OPPONENT,R1_REMOVE_LEGAL_SIGNATURE,R2_REMOVE_SIGNATURE_AND_COMPATIBILITY,0.025999999999999995,0.009333333333333318,0.05599999999999991,Quick Attack,Quick Attack,True
4WE_PAIR_013_V02__OPPONENT,R1_REMOVE_LEGAL_SIGNATURE,R2_REMOVE_SIGNATURE_AND_COMPATIBILITY,0.025999999999999995,0.009333333333333318,0.05599999999999991,Quick Attack,Quick Attack,True
4WE_PAIR_013_V02__PLAYER,R1_REMOVE_LEGAL_SIGNATURE,R2_REMOVE_SIGNATURE_AND_COMPATIBILITY,0.025999999999999995,0.009333333333333318,0.05599999999999991,Quick Attack,Quick Attack,True
4WE_PAIR_013_V03__OPPONENT,R1_REMOVE_LEGAL_SIGNATURE,R2_REMOVE_SIGNATURE_AND_COMPATIBILITY,0.025999999999999995,0.009333333333333318,0.05599999999999991,Quick Attack,Quick Attack,True
4WE_PAIR_013_V03__PLAYER,R1_REMOVE_LEGAL_SIGNATURE,R2_REMOVE_SIGNATURE_AND_COMPATIBILITY,0.025999999999999995,0.009333333333333318,0.05599999999999991,Quick Attack,Quick Attack,True
4WE_PAIR_018_V02__OPPONENT,R1_REMOVE_LEGAL_SIGNATURE,R2_REMOVE_SIGNATURE_AND_COMPATIBILITY,0.025999999999999995,0.009333333333333318,0.05599999999999991,Quick Attack,Quick Attack,True
4WE_PAIR_018_V02__PLAYER,R1_REMOVE_LEGAL_SIGNATURE,R2_REMOVE_SIGNATURE_AND_COMPATIBILITY,0.025999999999999995,0.009333333333333318,0.05599999999999991,Quick Attack,Quick Attack,True
4WE_PAIR_018_V03__OPPONENT,R1_REMOVE_LEGAL_SIGNATURE,R2_REMOVE_SIGNATURE_AND_COMPATIBILITY,0.025999999999999995,0.009333333333333318,0.05599999999999991,Quick Attack,Quick Attack,True
4WE_PAIR_018_V03__PLAYER,R1_REMOVE_LEGAL_SIGNATURE,R2_REMOVE_SIGNATURE_AND_COMPATIBILITY,0.025999999999999995,0.009333333333333318,0.05599999999999991,Quick Attack,Quick Attack,True
4WE_PAIR_004_V02__OPPONENT,R1_REMOVE_LEGAL_SIGNATURE,R2_REMOVE_SIGNATURE_AND_COMPATIBILITY,0.02400000000000002,0.008666666666666656,0.051999999999999935,Quick Attack,Quick Attack,True
4WE_PAIR_011_V01__PLAYER,R0_CURRENT_BASELINE,R1_REMOVE_LEGAL_SIGNATURE,0.02400000000000002,0.008000000000000004,0.04800000000000002,Quick Attack,Quick Attack,True
4WE_PAIR_015_V01__PLAYER,R0_CURRENT_BASELINE,R1_REMOVE_LEGAL_SIGNATURE,0.02400000000000002,0.008000000000000004,0.04800000000000002,Quick Attack,Quick Attack,True
4WE_PAIR_016_V04__PLAYER,R0_CURRENT_BASELINE,R1_REMOVE_LEGAL_SIGNATURE,0.02400000000000002,0.008000000000000004,0.04800000000000002,Quick Attack,Quick Attack,True
4WE_PAIR_020_V01__OPPONENT,R0_CURRENT_BASELINE,R1_REMOVE_LEGAL_SIGNATURE,0.02400000000000002,0.008000000000000004,0.04800000000000002,Quick Attack,Quick Attack,True
4WE_PAIR_020_V04__OPPONENT,R0_CURRENT_BASELINE,R1_REMOVE_LEGAL_SIGNATURE,0.02400000000000002,0.008000000000000004,0.04800000000000002,Quick Attack,Quick Attack,True
4WE_PAIR_021_V01__PLAYER,R0_CURRENT_BASELINE,R1_REMOVE_LEGAL_SIGNATURE,0.02400000000000002,0.008000000000000004,0.04800000000000002,Quick Attack,Quick Attack,True
4WE_PAIR_022_V04__PLAYER,R0_CURRENT_BASELINE,R1_REMOVE_LEGAL_SIGNATURE,0.02400000000000002,0.008000000000000004,0.04800000000000002,Quick Attack,Quick Attack,True
4WE_PAIR_023_V04__PLAYER,R0_CURRENT_BASELINE,R1_REMOVE_LEGAL_SIGNATURE,0.02400000000000002,0.008000000000000004,0.04800000000000002,Quick Attack,Quick Attack,True
4WE_PAIR_022_V01__PLAYER,R0_CURRENT_BASELINE,R2_REMOVE_SIGNATURE_AND_COMPATIBILITY,0.02400000000000002,0.008000000000000004,0.04800000000000002,Quick Attack,Quick Attack,True
4WE_PAIR_023_V01__PLAYER,R0_CURRENT_BASELINE,R2_REMOVE_SIGNATURE_AND_COMPATIBILITY,0.02400000000000002,0.008000000000000004,0.04800000000000002,Quick Attack,Quick Attack,True
4WE_PAIR_020_V01__OPPONENT,R2_REMOVE_SIGNATURE_AND_COMPATIBILITY,R3_STATE_CENTRIC_POLICY,0.02400000000000002,0.008000000000000004,0.04800000000000002,Quick Attack,Quick Attack,True
4WE_PAIR_016_V01__OPPONENT,R0_CURRENT_BASELINE,R1_REMOVE_LEGAL_SIGNATURE,0.024,0.008000000000000002,0.048000000000000015,Quick Attack,Quick Attack,True
4WE_PAIR_016_V04__OPPONENT,R0_CURRENT_BASELINE,R1_REMOVE_LEGAL_SIGNATURE,0.024,0.008000000000000002,0.048000000000000015,Quick Attack,Quick Attack,True
4WE_PAIR_002_V02__PLAYER,R1_REMOVE_LEGAL_SIGNATURE,R2_REMOVE_SIGNATURE_AND_COMPATIBILITY,0.023999999999999994,0.00866666666666665,0.05199999999999991,Quick Attack,Quick Attack,True
4WE_PAIR_002_V03__PLAYER,R1_REMOVE_LEGAL_SIGNATURE,R2_REMOVE_SIGNATURE_AND_COMPATIBILITY,0.023999999999999994,0.00866666666666665,0.05199999999999991,Quick Attack,Quick Attack,True
4WE_PAIR_003_V02__PLAYER,R1_REMOVE_LEGAL_SIGNATURE,R2_REMOVE_SIGNATURE_AND_COMPATIBILITY,0.023999999999999994,0.00866666666666665,0.05199999999999991,Quick Attack,Quick Attack,True
4WE_PAIR_009_V02__PLAYER,R1_REMOVE_LEGAL_SIGNATURE,R2_REMOVE_SIGNATURE_AND_COMPATIBILITY,0.023999999999999994,0.00866666666666665,0.05199999999999991,Quick Attack,Quick Attack,True
4WE_PAIR_009_V03__PLAYER,R1_REMOVE_LEGAL_SIGNATURE,R2_REMOVE_SIGNATURE_AND_COMPATIBILITY,0.023999999999999994,0.00866666666666665,0.05199999999999991,Quick Attack,Quick Attack,True
4WE_PAIR_010_V02__PLAYER,R1_REMOVE_LEGAL_SIGNATURE,R2_REMOVE_SIGNATURE_AND_COMPATIBILITY,0.023999999999999994,0.00866666666666665,0.05199999999999991,Quick Attack,Quick Attack,True
4WE_PAIR_014_V02__OPPONENT,R1_REMOVE_LEGAL_SIGNATURE,R2_REMOVE_SIGNATURE_AND_COMPATIBILITY,0.023999999999999994,0.00866666666666665,0.05199999999999991,Quick Attack,Quick Attack,True
4WE_PAIR_014_V02__PLAYER,R1_REMOVE_LEGAL_SIGNATURE,R2_REMOVE_SIGNATURE_AND_COMPATIBILITY,0.023999999999999994,0.00866666666666665,0.05199999999999991,Quick Attack,Quick Attack,True
4WE_PAIR_014_V03__OPPONENT,R1_REMOVE_LEGAL_SIGNATURE,R2_REMOVE_SIGNATURE_AND_COMPATIBILITY,0.023999999999999994,0.00866666666666665,0.05199999999999991,Quick Attack,Quick Attack,True
4WE_PAIR_014_V03__PLAYER,R1_REMOVE_LEGAL_SIGNATURE,R2_REMOVE_SIGNATURE_AND_COMPATIBILITY,0.023999999999999994,0.00866666666666665,0.05199999999999991,Quick Attack,Quick Attack,True
4WE_PAIR_019_V02__OPPONENT,R1_REMOVE_LEGAL_SIGNATURE,R2_REMOVE_SIGNATURE_AND_COMPATIBILITY,0.023999999999999994,0.00866666666666665,0.05199999999999991,Quick Attack,Quick Attack,True
4WE_PAIR_019_V02__PLAYER,R1_REMOVE_LEGAL_SIGNATURE,R2_REMOVE_SIGNATURE_AND_COMPATIBILITY,0.023999999999999994,0.00866666666666665,0.05199999999999991,Quick Attack,Quick Attack,True
4WE_PAIR_019_V03__OPPONENT,R1_REMOVE_LEGAL_SIGNATURE,R2_REMOVE_SIGNATURE_AND_COMPATIBILITY,0.023999999999999994,0.00866666666666665,0.05199999999999991,Quick Attack,Quick Attack,True
4WE_PAIR_019_V03__PLAYER,R1_REMOVE_LEGAL_SIGNATURE,R2_REMOVE_SIGNATURE_AND_COMPATIBILITY,0.023999999999999994,0.00866666666666665,0.05199999999999991,Quick Attack,Quick Attack,True
4WE_PAIR_003_V03__OPPONENT,R1_REMOVE_LEGAL_SIGNATURE,R2_REMOVE_SIGNATURE_AND_COMPATIBILITY,0.02200000000000002,0.007999999999999988,0.04799999999999993,Quick Attack,Quick Attack,True
4WE_PAIR_004_V02__PLAYER,R1_REMOVE_LEGAL_SIGNATURE,R2_REMOVE_SIGNATURE_AND_COMPATIBILITY,0.02200000000000002,0.007999999999999988,0.04799999999999993,Quick Attack,Quick Attack,True
4WE_PAIR_010_V03__OPPONENT,R1_REMOVE_LEGAL_SIGNATURE,R2_REMOVE_SIGNATURE_AND_COMPATIBILITY,0.02200000000000002,0.007999999999999988,0.04799999999999993,Quick Attack,Quick Attack,True
4WE_PAIR_016_V01__OPPONENT,R2_REMOVE_SIGNATURE_AND_COMPATIBILITY,R3_STATE_CENTRIC_POLICY,0.02200000000000002,0.0073333333333333375,0.044000000000000025,Quick Attack,Quick Attack,True
4WE_PAIR_005_V04__PLAYER,R0_CURRENT_BASELINE,R1_REMOVE_LEGAL_SIGNATURE,0.02200000000000002,0.007333333333333337,0.04400000000000002,Quick Attack,Quick Attack,True
4WE_PAIR_012_V04__PLAYER,R0_CURRENT_BASELINE,R1_REMOVE_LEGAL_SIGNATURE,0.02200000000000002,0.007333333333333337,0.04400000000000002,Quick Attack,Quick Attack,True
4WE_PAIR_016_V01__PLAYER,R0_CURRENT_BASELINE,R1_REMOVE_LEGAL_SIGNATURE,0.02200000000000002,0.007333333333333337,0.04400000000000002,Quick Attack,Quick Attack,True
4WE_PAIR_022_V01__OPPONENT,R0_CURRENT_BASELINE,R1_REMOVE_LEGAL_SIGNATURE,0.02200000000000002,0.007333333333333337,0.04400000000000002,Quick Attack,Quick Attack,True
4WE_PAIR_022_V01__PLAYER,R0_CURRENT_BASELINE,R1_REMOVE_LEGAL_SIGNATURE,0.02200000000000002,0.007333333333333337,0.04400000000000002,Quick Attack,Quick Attack,True
4WE_PAIR_022_V04__OPPONENT,R0_CURRENT_BASELINE,R1_REMOVE_LEGAL_SIGNATURE,0.02200000000000002,0.007333333333333337,0.04400000000000002,Quick Attack,Quick Attack,True
4WE_PAIR_023_V01__OPPONENT,R0_CURRENT_BASELINE,R1_REMOVE_LEGAL_SIGNATURE,0.02200000000000002,0.007333333333333337,0.04400000000000002,Quick Attack,Quick Attack,True
4WE_PAIR_023_V01__PLAYER,R0_CURRENT_BASELINE,R1_REMOVE_LEGAL_SIGNATURE,0.02200000000000002,0.007333333333333337,0.04400000000000002,Quick Attack,Quick Attack,True
4WE_PAIR_023_V04__OPPONENT,R0_CURRENT_BASELINE,R1_REMOVE_LEGAL_SIGNATURE,0.02200000000000002,0.007333333333333337,0.04400000000000002,Quick Attack,Quick Attack,True
4WE_PAIR_011_V01__PLAYER,R1_REMOVE_LEGAL_SIGNATURE,R3_STATE_CENTRIC_POLICY,0.02200000000000002,0.007333333333333337,0.04400000000000002,Quick Attack,Quick Attack,True
4WE_PAIR_015_V01__OPPONENT,R2_REMOVE_SIGNATURE_AND_COMPATIBILITY,R3_STATE_CENTRIC_POLICY,0.02200000000000002,0.007333333333333337,0.04400000000000002,Quick Attack,Quick Attack,True
4WE_PAIR_020_V04__OPPONENT,R2_REMOVE_SIGNATURE_AND_COMPATIBILITY,R3_STATE_CENTRIC_POLICY,0.02200000000000002,0.007333333333333337,0.04400000000000002,Quick Attack,Quick Attack,True
4WE_PAIR_021_V01__OPPONENT,R2_REMOVE_SIGNATURE_AND_COMPATIBILITY,R3_STATE_CENTRIC_POLICY,0.02200000000000002,0.007333333333333337,0.04400000000000002,Quick Attack,Quick Attack,True
4WE_PAIR_015_V01__OPPONENT,R0_CURRENT_BASELINE,R1_REMOVE_LEGAL_SIGNATURE,0.022,0.007333333333333337,0.04400000000000002,Quick Attack,Quick Attack,True
4WE_PAIR_015_V04__OPPONENT,R0_CURRENT_BASELINE,R1_REMOVE_LEGAL_SIGNATURE,0.022,0.007333333333333337,0.04400000000000002,Quick Attack,Quick Attack,True
4WE_PAIR_021_V01__OPPONENT,R0_CURRENT_BASELINE,R1_REMOVE_LEGAL_SIGNATURE,0.022,0.007333333333333337,0.04400000000000002,Quick Attack,Quick Attack,True
4WE_PAIR_021_V04__OPPONENT,R0_CURRENT_BASELINE,R1_REMOVE_LEGAL_SIGNATURE,0.022,0.007333333333333337,0.04400000000000002,Quick Attack,Quick Attack,True
4WE_PAIR_003_V03__PLAYER,R1_REMOVE_LEGAL_SIGNATURE,R2_REMOVE_SIGNATURE_AND_COMPATIBILITY,0.020000000000000018,0.007333333333333321,0.04399999999999993,Quick Attack,Quick Attack,True
4WE_PAIR_004_V03__OPPONENT,R1_REMOVE_LEGAL_SIGNATURE,R2_REMOVE_SIGNATURE_AND_COMPATIBILITY,0.020000000000000018,0.007333333333333321,0.04399999999999993,Quick Attack,Quick Attack,True
4WE_PAIR_010_V03__PLAYER,R1_REMOVE_LEGAL_SIGNATURE,R2_REMOVE_SIGNATURE_AND_COMPATIBILITY,0.020000000000000018,0.007333333333333321,0.04399999999999993,Quick Attack,Quick Attack,True
4WE_PAIR_005_V01__PLAYER,R0_CURRENT_BASELINE,R1_REMOVE_LEGAL_SIGNATURE,0.020000000000000018,0.0066666666666666706,0.04000000000000002,Quick Attack,Quick Attack,True
4WE_PAIR_012_V01__PLAYER,R0_CURRENT_BASELINE,R1_REMOVE_LEGAL_SIGNATURE,0.020000000000000018,0.0066666666666666706,0.04000000000000002,Quick Attack,Quick Attack,True
4WE_PAIR_011_V01__OPPONENT,R0_CURRENT_BASELINE,R2_REMOVE_SIGNATURE_AND_COMPATIBILITY,0.020000000000000018,0.0066666666666666706,0.04000000000000002,Quick Attack,Quick Attack,True
4WE_PAIR_011_V04__OPPONENT,R0_CURRENT_BASELINE,R2_REMOVE_SIGNATURE_AND_COMPATIBILITY,0.020000000000000018,0.0066666666666666706,0.04000000000000002,Quick Attack,Quick Attack,True
4WE_PAIR_016_V04__PLAYER,R0_CURRENT_BASELINE,R2_REMOVE_SIGNATURE_AND_COMPATIBILITY,0.020000000000000018,0.0066666666666666706,0.04000000000000002,Quick Attack,Quick Attack,True
4WE_PAIR_020_V01__OPPONENT,R0_CURRENT_BASELINE,R2_REMOVE_SIGNATURE_AND_COMPATIBILITY,0.020000000000000018,0.0066666666666666706,0.04000000000000002,Quick Attack,Quick Attack,True
4WE_PAIR_020_V04__OPPONENT,R0_CURRENT_BASELINE,R2_REMOVE_SIGNATURE_AND_COMPATIBILITY,0.020000000000000018,0.0066666666666666706,0.04000000000000002,Quick Attack,Quick Attack,True
4WE_PAIR_011_V01__OPPONENT,R1_REMOVE_LEGAL_SIGNATURE,R3_STATE_CENTRIC_POLICY,0.020000000000000018,0.0066666666666666706,0.04000000000000002,Quick Attack,Quick Attack,True
4WE_PAIR_020_V01__OPPONENT,R1_REMOVE_LEGAL_SIGNATURE,R3_STATE_CENTRIC_POLICY,0.020000000000000018,0.0066666666666666706,0.04000000000000002,Quick Attack,Quick Attack,True
4WE_PAIR_020_V04__PLAYER,R1_REMOVE_LEGAL_SIGNATURE,R3_STATE_CENTRIC_POLICY,0.020000000000000018,0.0066666666666666706,0.04000000000000002,Quick Attack,Quick Attack,True
4WE_PAIR_022_V04__PLAYER,R1_REMOVE_LEGAL_SIGNATURE,R3_STATE_CENTRIC_POLICY,0.020000000000000018,0.0066666666666666706,0.04000000000000002,Quick Attack,Quick Attack,True
4WE_PAIR_006_V01__PLAYER,R2_REMOVE_SIGNATURE_AND_COMPATIBILITY,R3_STATE_CENTRIC_POLICY,0.020000000000000018,0.0066666666666666706,0.04000000000000002,Quick Attack,Quick Attack,True
4WE_PAIR_015_V04__OPPONENT,R2_REMOVE_SIGNATURE_AND_COMPATIBILITY,R3_STATE_CENTRIC_POLICY,0.020000000000000018,0.0066666666666666706,0.04000000000000002,Quick Attack,Quick Attack,True
4WE_PAIR_015_V04__PLAYER,R2_REMOVE_SIGNATURE_AND_COMPATIBILITY,R3_STATE_CENTRIC_POLICY,0.020000000000000018,0.0066666666666666706,0.04000000000000002,Quick Attack,Quick Attack,True
4WE_PAIR_016_V04__OPPONENT,R2_REMOVE_SIGNATURE_AND_COMPATIBILITY,R3_STATE_CENTRIC_POLICY,0.020000000000000018,0.0066666666666666706,0.04000000000000002,Quick Attack,Quick Attack,True
4WE_PAIR_020_V04__PLAYER,R2_REMOVE_SIGNATURE_AND_COMPATIBILITY,R3_STATE_CENTRIC_POLICY,0.020000000000000018,0.0066666666666666706,0.04000000000000002,Quick Attack,Quick Attack,True
4WE_PAIR_021_V04__OPPONENT,R2_REMOVE_SIGNATURE_AND_COMPATIBILITY,R3_STATE_CENTRIC_POLICY,0.020000000000000018,0.0066666666666666706,0.04000000000000002,Quick Attack,Quick Attack,True
4WE_PAIR_021_V04__PLAYER,R2_REMOVE_SIGNATURE_AND_COMPATIBILITY,R3_STATE_CENTRIC_POLICY,0.020000000000000018,0.0066666666666666706,0.04000000000000002,Quick Attack,Quick Attack,True
4WE_PAIR_006_V04__PLAYER,R0_CURRENT_BASELINE,R1_REMOVE_LEGAL_SIGNATURE,0.020000000000000018,0.006666666666666669,0.040000000000000015,Quick Attack,Quick Attack,True
4WE_PAIR_011_V01__OPPONENT,R0_CURRENT_BASELINE,R1_REMOVE_LEGAL_SIGNATURE,0.020000000000000018,0.006666666666666669,0.040000000000000015,Quick Attack,Quick Attack,True
4WE_PAIR_011_V04__OPPONENT,R0_CURRENT_BASELINE,R1_REMOVE_LEGAL_SIGNATURE,0.020000000000000018,0.006666666666666669,0.040000000000000015,Quick Attack,Quick Attack,True
4WE_PAIR_015_V04__PLAYER,R0_CURRENT_BASELINE,R2_REMOVE_SIGNATURE_AND_COMPATIBILITY,0.020000000000000018,0.006666666666666669,0.040000000000000015,Quick Attack,Quick Attack,True
4WE_PAIR_021_V04__PLAYER,R0_CURRENT_BASELINE,R2_REMOVE_SIGNATURE_AND_COMPATIBILITY,0.020000000000000018,0.006666666666666669,0.040000000000000015,Quick Attack,Quick Attack,True
4WE_PAIR_006_V01__OPPONENT,R2_REMOVE_SIGNATURE_AND_COMPATIBILITY,R3_STATE_CENTRIC_POLICY,0.020000000000000018,0.006666666666666669,0.040000000000000015,Quick Attack,Quick Attack,True
4WE_PAIR_011_V01__OPPONENT,R2_REMOVE_SIGNATURE_AND_COMPATIBILITY,R3_STATE_CENTRIC_POLICY,0.020000000000000018,0.006666666666666669,0.040000000000000015,Quick Attack,Quick Attack,True
4WE_PAIR_011_V01__PLAYER,R2_REMOVE_SIGNATURE_AND_COMPATIBILITY,R3_STATE_CENTRIC_POLICY,0.020000000000000018,0.006666666666666669,0.040000000000000015,Quick Attack,Quick Attack,True
4WE_PAIR_016_V04__PLAYER,R2_REMOVE_SIGNATURE_AND_COMPATIBILITY,R3_STATE_CENTRIC_POLICY,0.020000000000000018,0.006666666666666669,0.040000000000000015,Quick Attack,Quick Attack,True
4WE_PAIR_020_V01__PLAYER,R2_REMOVE_SIGNATURE_AND_COMPATIBILITY,R3_STATE_CENTRIC_POLICY,0.020000000000000018,0.006666666666666669,0.040000000000000015,Quick Attack,Quick Attack,True
4WE_PAIR_006_V01__OPPONENT,R0_CURRENT_BASELINE,R1_REMOVE_LEGAL_SIGNATURE,0.019999999999999997,0.006666666666666668,0.04000000000000001,Quick Attack,Quick Attack,True
4WE_PAIR_006_V04__OPPONENT,R0_CURRENT_BASELINE,R1_REMOVE_LEGAL_SIGNATURE,0.019999999999999997,0.006666666666666668,0.04000000000000001,Quick Attack,Quick Attack,True
4WE_PAIR_004_V03__PLAYER,R1_REMOVE_LEGAL_SIGNATURE,R2_REMOVE_SIGNATURE_AND_COMPATIBILITY,0.018000000000000016,0.006666666666666654,0.039999999999999925,Quick Attack,Quick Attack,True
4WE_PAIR_006_V01__PLAYER,R0_CURRENT_BASELINE,R1_REMOVE_LEGAL_SIGNATURE,0.018000000000000016,0.006000000000000003,0.03600000000000002,Quick Attack,Quick Attack,True
4WE_PAIR_005_V04__PLAYER,R0_CURRENT_BASELINE,R2_REMOVE_SIGNATURE_AND_COMPATIBILITY,0.018000000000000016,0.006000000000000003,0.03600000000000002,Quick Attack,Quick Attack,True
4WE_PAIR_012_V04__PLAYER,R0_CURRENT_BASELINE,R2_REMOVE_SIGNATURE_AND_COMPATIBILITY,0.018000000000000016,0.006000000000000003,0.03600000000000002,Quick Attack,Quick Attack,True
4WE_PAIR_011_V04__OPPONENT,R1_REMOVE_LEGAL_SIGNATURE,R3_STATE_CENTRIC_POLICY,0.018000000000000016,0.006000000000000003,0.03600000000000002,Quick Attack,Quick Attack,True
4WE_PAIR_011_V04__PLAYER,R1_REMOVE_LEGAL_SIGNATURE,R3_STATE_CENTRIC_POLICY,0.018000000000000016,0.006000000000000003,0.03600000000000002,Quick Attack,Quick Attack,True
4WE_PAIR_020_V04__OPPONENT,R1_REMOVE_LEGAL_SIGNATURE,R3_STATE_CENTRIC_POLICY,0.018000000000000016,0.006000000000000003,0.03600000000000002,Quick Attack,Quick Attack,True
4WE_PAIR_022_V01__PLAYER,R1_REMOVE_LEGAL_SIGNATURE,R3_STATE_CENTRIC_POLICY,0.018000000000000016,0.006000000000000003,0.03600000000000002,Quick Attack,Quick Attack,True
4WE_PAIR_023_V01__PLAYER,R1_REMOVE_LEGAL_SIGNATURE,R3_STATE_CENTRIC_POLICY,0.018000000000000016,0.006000000000000003,0.03600000000000002,Quick Attack,Quick Attack,True
4WE_PAIR_005_V01__OPPONENT,R2_REMOVE_SIGNATURE_AND_COMPATIBILITY,R3_STATE_CENTRIC_POLICY,0.018000000000000016,0.006000000000000003,0.03600000000000002,Quick Attack,Quick Attack,True
4WE_PAIR_005_V01__PLAYER,R2_REMOVE_SIGNATURE_AND_COMPATIBILITY,R3_STATE_CENTRIC_POLICY,0.018000000000000016,0.006000000000000003,0.03600000000000002,Quick Attack,Quick Attack,True
4WE_PAIR_006_V04__OPPONENT,R2_REMOVE_SIGNATURE_AND_COMPATIBILITY,R3_STATE_CENTRIC_POLICY,0.018000000000000016,0.006000000000000003,0.03600000000000002,Quick Attack,Quick Attack,True
4WE_PAIR_006_V04__PLAYER,R2_REMOVE_SIGNATURE_AND_COMPATIBILITY,R3_STATE_CENTRIC_POLICY,0.018000000000000016,0.006000000000000003,0.03600000000000002,Quick Attack,Quick Attack,True
4WE_PAIR_011_V04__OPPONENT,R2_REMOVE_SIGNATURE_AND_COMPATIBILITY,R3_STATE_CENTRIC_POLICY,0.018000000000000016,0.006000000000000003,0.03600000000000002,Quick Attack,Quick Attack,True
4WE_PAIR_012_V01__OPPONENT,R2_REMOVE_SIGNATURE_AND_COMPATIBILITY,R3_STATE_CENTRIC_POLICY,0.018000000000000016,0.006000000000000003,0.03600000000000002,Quick Attack,Quick Attack,True
4WE_PAIR_012_V01__PLAYER,R2_REMOVE_SIGNATURE_AND_COMPATIBILITY,R3_STATE_CENTRIC_POLICY,0.018000000000000016,0.006000000000000003,0.03600000000000002,Quick Attack,Quick Attack,True
4WE_PAIR_015_V01__PLAYER,R2_REMOVE_SIGNATURE_AND_COMPATIBILITY,R3_STATE_CENTRIC_POLICY,0.018000000000000016,0.006000000000000003,0.03600000000000002,Quick Attack,Quick Attack,True
4WE_PAIR_016_V01__PLAYER,R2_REMOVE_SIGNATURE_AND_COMPATIBILITY,R3_STATE_CENTRIC_POLICY,0.018000000000000016,0.006000000000000003,0.03600000000000002,Quick Attack,Quick Attack,True
4WE_PAIR_021_V01__PLAYER,R2_REMOVE_SIGNATURE_AND_COMPATIBILITY,R3_STATE_CENTRIC_POLICY,0.018000000000000016,0.006000000000000003,0.03600000000000002,Quick Attack,Quick Attack,True
4WE_PAIR_020_V01__PLAYER,R1_REMOVE_LEGAL_SIGNATURE,R3_STATE_CENTRIC_POLICY,0.018000000000000016,0.006000000000000002,0.03600000000000001,Quick Attack,Quick Attack,True
4WE_PAIR_005_V01__OPPONENT,R0_CURRENT_BASELINE,R1_REMOVE_LEGAL_SIGNATURE,0.018,0.006000000000000002,0.03600000000000001,Quick Attack,Quick Attack,True
4WE_PAIR_005_V04__OPPONENT,R0_CURRENT_BASELINE,R1_REMOVE_LEGAL_SIGNATURE,0.018,0.006000000000000002,0.03600000000000001,Quick Attack,Quick Attack,True
4WE_PAIR_012_V01__OPPONENT,R0_CURRENT_BASELINE,R1_REMOVE_LEGAL_SIGNATURE,0.018,0.006000000000000002,0.03600000000000001,Quick Attack,Quick Attack,True
4WE_PAIR_012_V04__OPPONENT,R0_CURRENT_BASELINE,R1_REMOVE_LEGAL_SIGNATURE,0.018,0.006000000000000002,0.03600000000000001,Quick Attack,Quick Attack,True
4WE_PAIR_020_V03__PLAYER,R1_REMOVE_LEGAL_SIGNATURE,R3_STATE_CENTRIC_POLICY,0.017999999999999905,0.005999999999999985,0.035999999999999914,Quick Attack,Quick Attack,True
4WE_PAIR_005_V01__PLAYER,R0_CURRENT_BASELINE,R2_REMOVE_SIGNATURE_AND_COMPATIBILITY,0.016000000000000014,0.005333333333333336,0.032000000000000015,Quick Attack,Quick Attack,True
4WE_PAIR_006_V04__PLAYER,R0_CURRENT_BASELINE,R2_REMOVE_SIGNATURE_AND_COMPATIBILITY,0.016000000000000014,0.005333333333333336,0.032000000000000015,Quick Attack,Quick Attack,True
4WE_PAIR_012_V01__PLAYER,R0_CURRENT_BASELINE,R2_REMOVE_SIGNATURE_AND_COMPATIBILITY,0.016000000000000014,0.005333333333333336,0.032000000000000015,Quick Attack,Quick Attack,True
4WE_PAIR_015_V01__PLAYER,R0_CURRENT_BASELINE,R2_REMOVE_SIGNATURE_AND_COMPATIBILITY,0.016000000000000014,0.005333333333333336,0.032000000000000015,Quick Attack,Quick Attack,True
4WE_PAIR_016_V01__PLAYER,R0_CURRENT_BASELINE,R2_REMOVE_SIGNATURE_AND_COMPATIBILITY,0.016000000000000014,0.005333333333333336,0.032000000000000015,Quick Attack,Quick Attack,True
4WE_PAIR_021_V01__PLAYER,R0_CURRENT_BASELINE,R2_REMOVE_SIGNATURE_AND_COMPATIBILITY,0.016000000000000014,0.005333333333333336,0.032000000000000015,Quick Attack,Quick Attack,True
4WE_PAIR_006_V01__PLAYER,R1_REMOVE_LEGAL_SIGNATURE,R3_STATE_CENTRIC_POLICY,0.016000000000000014,0.005333333333333336,0.032000000000000015,Quick Attack,Quick Attack,True
4WE_PAIR_016_V04__PLAYER,R1_REMOVE_LEGAL_SIGNATURE,R3_STATE_CENTRIC_POLICY,0.016000000000000014,0.005333333333333336,0.032000000000000015,Quick Attack,Quick Attack,True
4WE_PAIR_005_V04__OPPONENT,R2_REMOVE_SIGNATURE_AND_COMPATIBILITY,R3_STATE_CENTRIC_POLICY,0.016000000000000014,0.005333333333333336,0.032000000000000015,Quick Attack,Quick Attack,True
4WE_PAIR_005_V04__PLAYER,R2_REMOVE_SIGNATURE_AND_COMPATIBILITY,R3_STATE_CENTRIC_POLICY,0.016000000000000014,0.005333333333333336,0.032000000000000015,Quick Attack,Quick Attack,True
4WE_PAIR_011_V04__PLAYER,R2_REMOVE_SIGNATURE_AND_COMPATIBILITY,R3_STATE_CENTRIC_POLICY,0.016000000000000014,0.005333333333333336,0.032000000000000015,Quick Attack,Quick Attack,True
4WE_PAIR_012_V04__OPPONENT,R2_REMOVE_SIGNATURE_AND_COMPATIBILITY,R3_STATE_CENTRIC_POLICY,0.016000000000000014,0.005333333333333336,0.032000000000000015,Quick Attack,Quick Attack,True
4WE_PAIR_012_V04__PLAYER,R2_REMOVE_SIGNATURE_AND_COMPATIBILITY,R3_STATE_CENTRIC_POLICY,0.016000000000000014,0.005333333333333336,0.032000000000000015,Quick Attack,Quick Attack,True
4WE_PAIR_022_V01__PLAYER,R2_REMOVE_SIGNATURE_AND_COMPATIBILITY,R3_STATE_CENTRIC_POLICY,0.016000000000000014,0.005333333333333336,0.032000000000000015,Quick Attack,Quick Attack,True
4WE_PAIR_023_V01__PLAYER,R2_REMOVE_SIGNATURE_AND_COMPATIBILITY,R3_STATE_CENTRIC_POLICY,0.016000000000000014,0.005333333333333336,0.032000000000000015,Quick Attack,Quick Attack,True
4WE_PAIR_016_V03__PLAYER,R1_REMOVE_LEGAL_SIGNATURE,R3_STATE_CENTRIC_POLICY,0.016000000000000014,0.005333333333333319,0.03199999999999992,Quick Attack,Quick Attack,True
4WE_PAIR_015_V04__PLAYER,R1_REMOVE_LEGAL_SIGNATURE,R3_STATE_CENTRIC_POLICY,0.016,0.005333333333333336,0.032000000000000015,Quick Attack,Quick Attack,True
4WE_PAIR_021_V04__PLAYER,R1_REMOVE_LEGAL_SIGNATURE,R3_STATE_CENTRIC_POLICY,0.016,0.005333333333333336,0.032000000000000015,Quick Attack,Quick Attack,True
4WE_PAIR_005_V01__OPPONENT,R0_CURRENT_BASELINE,R2_REMOVE_SIGNATURE_AND_COMPATIBILITY,0.016,0.005333333333333335,0.03200000000000001,Quick Attack,Quick Attack,True
4WE_PAIR_005_V04__OPPONENT,R0_CURRENT_BASELINE,R2_REMOVE_SIGNATURE_AND_COMPATIBILITY,0.016,0.005333333333333335,0.03200000000000001,Quick Attack,Quick Attack,True
4WE_PAIR_012_V01__OPPONENT,R0_CURRENT_BASELINE,R2_REMOVE_SIGNATURE_AND_COMPATIBILITY,0.016,0.005333333333333335,0.03200000000000001,Quick Attack,Quick Attack,True
4WE_PAIR_012_V04__OPPONENT,R0_CURRENT_BASELINE,R2_REMOVE_SIGNATURE_AND_COMPATIBILITY,0.016,0.005333333333333335,0.03200000000000001,Quick Attack,Quick Attack,True
4WE_PAIR_015_V01__OPPONENT,R0_CURRENT_BASELINE,R2_REMOVE_SIGNATURE_AND_COMPATIBILITY,0.016,0.005333333333333335,0.03200000000000001,Quick Attack,Quick Attack,True
4WE_PAIR_015_V04__OPPONENT,R0_CURRENT_BASELINE,R2_REMOVE_SIGNATURE_AND_COMPATIBILITY,0.016,0.005333333333333335,0.03200000000000001,Quick Attack,Quick Attack,True
4WE_PAIR_016_V01__OPPONENT,R0_CURRENT_BASELINE,R2_REMOVE_SIGNATURE_AND_COMPATIBILITY,0.016,0.005333333333333335,0.03200000000000001,Quick Attack,Quick Attack,True
4WE_PAIR_016_V04__OPPONENT,R0_CURRENT_BASELINE,R2_REMOVE_SIGNATURE_AND_COMPATIBILITY,0.016,0.005333333333333335,0.03200000000000001,Quick Attack,Quick Attack,True
4WE_PAIR_021_V01__OPPONENT,R0_CURRENT_BASELINE,R2_REMOVE_SIGNATURE_AND_COMPATIBILITY,0.016,0.005333333333333335,0.03200000000000001,Quick Attack,Quick Attack,True
4WE_PAIR_021_V04__OPPONENT,R0_CURRENT_BASELINE,R2_REMOVE_SIGNATURE_AND_COMPATIBILITY,0.016,0.005333333333333335,0.03200000000000001,Quick Attack,Quick Attack,True
4WE_PAIR_005_V01__PLAYER,R1_REMOVE_LEGAL_SIGNATURE,R3_STATE_CENTRIC_POLICY,0.014000000000000012,0.005333333333333336,0.032000000000000015,Quick Attack,Quick Attack,True
4WE_PAIR_012_V01__PLAYER,R1_REMOVE_LEGAL_SIGNATURE,R3_STATE_CENTRIC_POLICY,0.014000000000000012,0.005333333333333336,0.032000000000000015,Quick Attack,Quick Attack,True
4WE_PAIR_016_V01__OPPONENT,R1_REMOVE_LEGAL_SIGNATURE,R3_STATE_CENTRIC_POLICY,0.014000000000000012,0.00466666666666667,0.028000000000000018,Quick Attack,Quick Attack,True
4WE_PAIR_020_V03__OPPONENT,R1_REMOVE_LEGAL_SIGNATURE,R3_STATE_CENTRIC_POLICY,0.014000000000000012,0.00466666666666667,0.028000000000000018,Quick Attack,Quick Attack,True
4WE_PAIR_006_V01__PLAYER,R0_CURRENT_BASELINE,R2_REMOVE_SIGNATURE_AND_COMPATIBILITY,0.014000000000000012,0.004666666666666669,0.02800000000000001,Quick Attack,Quick Attack,True
4WE_PAIR_006_V01__OPPONENT,R1_REMOVE_LEGAL_SIGNATURE,R3_STATE_CENTRIC_POLICY,0.014000000000000012,0.004666666666666669,0.02800000000000001,Quick Attack,Quick Attack,True
4WE_PAIR_006_V04__PLAYER,R1_REMOVE_LEGAL_SIGNATURE,R3_STATE_CENTRIC_POLICY,0.014000000000000012,0.004666666666666669,0.028000000000000014,Quick Attack,Quick Attack,True
4WE_PAIR_023_V04__PLAYER,R1_REMOVE_LEGAL_SIGNATURE,R3_STATE_CENTRIC_POLICY,0.014000000000000012,0.004666666666666669,0.028000000000000014,Quick Attack,Quick Attack,True
4WE_PAIR_022_V04__PLAYER,R2_REMOVE_SIGNATURE_AND_COMPATIBILITY,R3_STATE_CENTRIC_POLICY,0.014000000000000012,0.004666666666666669,0.02800000000000001,Quick Attack,Quick Attack,True
4WE_PAIR_015_V03__PLAYER,R1_REMOVE_LEGAL_SIGNATURE,R3_STATE_CENTRIC_POLICY,0.014000000000000012,0.004666666666666652,0.027999999999999914,Quick Attack,Quick Attack,True
4WE_PAIR_021_V03__PLAYER,R1_REMOVE_LEGAL_SIGNATURE,R3_STATE_CENTRIC_POLICY,0.014000000000000012,0.004666666666666652,0.027999999999999914,Quick Attack,Quick Attack,True
4WE_PAIR_006_V01__OPPONENT,R0_CURRENT_BASELINE,R2_REMOVE_SIGNATURE_AND_COMPATIBILITY,0.014,0.004666666666666668,0.028000000000000008,Quick Attack,Quick Attack,True
4WE_PAIR_006_V04__OPPONENT,R0_CURRENT_BASELINE,R2_REMOVE_SIGNATURE_AND_COMPATIBILITY,0.014,0.004666666666666668,0.028000000000000008,Quick Attack,Quick Attack,True
4WE_PAIR_004_V04__PLAYER,R1_REMOVE_LEGAL_SIGNATURE,R2_REMOVE_SIGNATURE_AND_COMPATIBILITY,0.013999999999999999,0.005333333333333336,0.032000000000000015,Quick Attack,Quick Attack,True
4WE_PAIR_011_V03__PLAYER,R1_REMOVE_LEGAL_SIGNATURE,R3_STATE_CENTRIC_POLICY,0.013999999999999901,0.0046666666666666514,0.027999999999999907,Quick Attack,Quick Attack,True
4WE_PAIR_005_V04__PLAYER,R1_REMOVE_LEGAL_SIGNATURE,R3_STATE_CENTRIC_POLICY,0.01200000000000001,0.004666666666666669,0.02800000000000001,Quick Attack,Quick Attack,True
4WE_PAIR_012_V04__PLAYER,R1_REMOVE_LEGAL_SIGNATURE,R3_STATE_CENTRIC_POLICY,0.01200000000000001,0.004666666666666669,0.02800000000000001,Quick Attack,Quick Attack,True
4WE_PAIR_015_V03__OPPONENT,R1_REMOVE_LEGAL_SIGNATURE,R3_STATE_CENTRIC_POLICY,0.01200000000000001,0.0040000000000000036,0.02400000000000002,Quick Attack,Quick Attack,True
4WE_PAIR_021_V03__OPPONENT,R1_REMOVE_LEGAL_SIGNATURE,R3_STATE_CENTRIC_POLICY,0.01200000000000001,0.0040000000000000036,0.02400000000000002,Quick Attack,Quick Attack,True
4WE_PAIR_005_V01__OPPONENT,R1_REMOVE_LEGAL_SIGNATURE,R3_STATE_CENTRIC_POLICY,0.01200000000000001,0.004000000000000003,0.024000000000000014,Quick Attack,Quick Attack,True
4WE_PAIR_006_V04__OPPONENT,R1_REMOVE_LEGAL_SIGNATURE,R3_STATE_CENTRIC_POLICY,0.01200000000000001,0.004000000000000003,0.024000000000000014,Quick Attack,Quick Attack,True
4WE_PAIR_011_V03__OPPONENT,R1_REMOVE_LEGAL_SIGNATURE,R3_STATE_CENTRIC_POLICY,0.01200000000000001,0.004000000000000003,0.024000000000000014,Quick Attack,Quick Attack,True
4WE_PAIR_012_V01__OPPONENT,R1_REMOVE_LEGAL_SIGNATURE,R3_STATE_CENTRIC_POLICY,0.01200000000000001,0.004000000000000003,0.024000000000000014,Quick Attack,Quick Attack,True
4WE_PAIR_016_V04__OPPONENT,R1_REMOVE_LEGAL_SIGNATURE,R3_STATE_CENTRIC_POLICY,0.01200000000000001,0.004000000000000003,0.024000000000000014,Quick Attack,Quick Attack,True
4WE_PAIR_023_V04__PLAYER,R2_REMOVE_SIGNATURE_AND_COMPATIBILITY,R3_STATE_CENTRIC_POLICY,0.01200000000000001,0.004000000000000002,0.02400000000000001,Quick Attack,Quick Attack,True
4WE_PAIR_015_V01__OPPONENT,R1_REMOVE_LEGAL_SIGNATURE,R3_STATE_CENTRIC_POLICY,0.01200000000000001,0.004000000000000001,0.024000000000000007,Quick Attack,Quick Attack,True
4WE_PAIR_016_V01__PLAYER,R1_REMOVE_LEGAL_SIGNATURE,R3_STATE_CENTRIC_POLICY,0.01200000000000001,0.004000000000000001,0.024000000000000007,Quick Attack,Quick Attack,True
4WE_PAIR_021_V01__OPPONENT,R1_REMOVE_LEGAL_SIGNATURE,R3_STATE_CENTRIC_POLICY,0.01200000000000001,0.004000000000000001,0.024000000000000007,Quick Attack,Quick Attack,True
4WE_PAIR_022_V01__OPPONENT,R1_REMOVE_LEGAL_SIGNATURE,R3_STATE_CENTRIC_POLICY,0.01200000000000001,0.004000000000000001,0.024000000000000007,Quick Attack,Quick Attack,True
4WE_PAIR_022_V04__OPPONENT,R1_REMOVE_LEGAL_SIGNATURE,R3_STATE_CENTRIC_POLICY,0.01200000000000001,0.004000000000000001,0.024000000000000007,Quick Attack,Quick Attack,True
4WE_PAIR_023_V01__OPPONENT,R1_REMOVE_LEGAL_SIGNATURE,R3_STATE_CENTRIC_POLICY,0.01200000000000001,0.004000000000000001,0.024000000000000007,Quick Attack,Quick Attack,True
4WE_PAIR_006_V03__PLAYER,R1_REMOVE_LEGAL_SIGNATURE,R3_STATE_CENTRIC_POLICY,0.01200000000000001,0.003999999999999985,0.02399999999999991,Quick Attack,Quick Attack,True
4WE_PAIR_016_V03__OPPONENT,R1_REMOVE_LEGAL_SIGNATURE,R3_STATE_CENTRIC_POLICY,0.01200000000000001,0.003999999999999985,0.02399999999999991,Quick Attack,Quick Attack,True
4WE_PAIR_015_V01__PLAYER,R1_REMOVE_LEGAL_SIGNATURE,R3_STATE_CENTRIC_POLICY,0.012,0.004000000000000001,0.024000000000000007,Quick Attack,Quick Attack,True
4WE_PAIR_021_V01__PLAYER,R1_REMOVE_LEGAL_SIGNATURE,R3_STATE_CENTRIC_POLICY,0.012,0.004000000000000001,0.024000000000000007,Quick Attack,Quick Attack,True
4WE_PAIR_004_V01__OPPONENT,R1_REMOVE_LEGAL_SIGNATURE,R2_REMOVE_SIGNATURE_AND_COMPATIBILITY,0.011999999999999997,0.004666666666666667,0.028000000000000004,Quick Attack,Quick Attack,True
4WE_PAIR_004_V04__OPPONENT,R1_REMOVE_LEGAL_SIGNATURE,R2_REMOVE_SIGNATURE_AND_COMPATIBILITY,0.011999999999999997,0.004666666666666667,0.028000000000000004,Quick Attack,Quick Attack,True
4WE_PAIR_022_V03__PLAYER,R1_REMOVE_LEGAL_SIGNATURE,R3_STATE_CENTRIC_POLICY,0.0119999999999999,0.003999999999999984,0.023999999999999903,Quick Attack,Quick Attack,True
4WE_PAIR_011_V02__PLAYER,R1_REMOVE_LEGAL_SIGNATURE,R3_STATE_CENTRIC_POLICY,0.0119999999999999,0.003999999999999979,0.023999999999999876,Quick Attack,Quick Attack,True
4WE_PAIR_006_V02__PLAYER,R1_REMOVE_LEGAL_SIGNATURE,R3_STATE_CENTRIC_POLICY,0.010000000000000009,0.003333333333333336,0.020000000000000018,Quick Attack,Quick Attack,True
4WE_PAIR_005_V04__OPPONENT,R1_REMOVE_LEGAL_SIGNATURE,R3_STATE_CENTRIC_POLICY,0.010000000000000009,0.0033333333333333353,0.02000000000000001,Quick Attack,Quick Attack,True
4WE_PAIR_012_V04__OPPONENT,R1_REMOVE_LEGAL_SIGNATURE,R3_STATE_CENTRIC_POLICY,0.010000000000000009,0.0033333333333333353,0.02000000000000001,Quick Attack,Quick Attack,True
4WE_PAIR_015_V04__OPPONENT,R1_REMOVE_LEGAL_SIGNATURE,R3_STATE_CENTRIC_POLICY,0.010000000000000009,0.0033333333333333353,0.02000000000000001,Quick Attack,Quick Attack,True
4WE_PAIR_020_V02__OPPONENT,R1_REMOVE_LEGAL_SIGNATURE,R3_STATE_CENTRIC_POLICY,0.010000000000000009,0.0033333333333333353,0.02000000000000001,Quick Attack,Quick Attack,True
4WE_PAIR_021_V04__OPPONENT,R1_REMOVE_LEGAL_SIGNATURE,R3_STATE_CENTRIC_POLICY,0.010000000000000009,0.0033333333333333353,0.02000000000000001,Quick Attack,Quick Attack,True
4WE_PAIR_023_V04__OPPONENT,R1_REMOVE_LEGAL_SIGNATURE,R3_STATE_CENTRIC_POLICY,0.010000000000000009,0.0033333333333333353,0.02000000000000001,Quick Attack,Quick Attack,True
4WE_PAIR_015_V01__OPPONENT,R1_REMOVE_LEGAL_SIGNATURE,R2_REMOVE_SIGNATURE_AND_COMPATIBILITY,0.010000000000000009,0.0033333333333333344,0.020000000000000007,Quick Attack,Quick Attack,True
4WE_PAIR_015_V04__OPPONENT,R1_REMOVE_LEGAL_SIGNATURE,R2_REMOVE_SIGNATURE_AND_COMPATIBILITY,0.010000000000000009,0.0033333333333333344,0.020000000000000007,Quick Attack,Quick Attack,True
4WE_PAIR_021_V01__OPPONENT,R1_REMOVE_LEGAL_SIGNATURE,R2_REMOVE_SIGNATURE_AND_COMPATIBILITY,0.010000000000000009,0.0033333333333333344,0.020000000000000007,Quick Attack,Quick Attack,True
4WE_PAIR_021_V04__OPPONENT,R1_REMOVE_LEGAL_SIGNATURE,R2_REMOVE_SIGNATURE_AND_COMPATIBILITY,0.010000000000000009,0.0033333333333333344,0.020000000000000007,Quick Attack,Quick Attack,True
4WE_PAIR_005_V03__OPPONENT,R1_REMOVE_LEGAL_SIGNATURE,R3_STATE_CENTRIC_POLICY,0.010000000000000009,0.003333333333333318,0.019999999999999907,Quick Attack,Quick Attack,True
4WE_PAIR_005_V03__PLAYER,R1_REMOVE_LEGAL_SIGNATURE,R3_STATE_CENTRIC_POLICY,0.010000000000000009,0.003333333333333318,0.019999999999999907,Quick Attack,Quick Attack,True
4WE_PAIR_006_V03__OPPONENT,R1_REMOVE_LEGAL_SIGNATURE,R3_STATE_CENTRIC_POLICY,0.010000000000000009,0.003333333333333318,0.019999999999999907,Quick Attack,Quick Attack,True
4WE_PAIR_012_V03__OPPONENT,R1_REMOVE_LEGAL_SIGNATURE,R3_STATE_CENTRIC_POLICY,0.010000000000000009,0.003333333333333318,0.019999999999999907,Quick Attack,Quick Attack,True
4WE_PAIR_012_V03__PLAYER,R1_REMOVE_LEGAL_SIGNATURE,R3_STATE_CENTRIC_POLICY,0.010000000000000009,0.003333333333333318,0.019999999999999907,Quick Attack,Quick Attack,True
4WE_PAIR_020_V01__OPPONENT,R1_REMOVE_LEGAL_SIGNATURE,R2_REMOVE_SIGNATURE_AND_COMPATIBILITY,0.009999999999999998,0.003333333333333334,0.020000000000000004,Quick Attack,Quick Attack,True
4WE_PAIR_020_V04__OPPONENT,R1_REMOVE_LEGAL_SIGNATURE,R2_REMOVE_SIGNATURE_AND_COMPATIBILITY,0.009999999999999998,0.003333333333333334,0.020000000000000004,Quick Attack,Quick Attack,True
4WE_PAIR_003_V04__PLAYER,R1_REMOVE_LEGAL_SIGNATURE,R2_REMOVE_SIGNATURE_AND_COMPATIBILITY,0.009999999999999995,0.004,0.024,Quick Attack,Quick Attack,True
4WE_PAIR_004_V01__PLAYER,R1_REMOVE_LEGAL_SIGNATURE,R2_REMOVE_SIGNATURE_AND_COMPATIBILITY,0.009999999999999995,0.004,0.024,Quick Attack,Quick Attack,True
4WE_PAIR_010_V04__PLAYER,R1_REMOVE_LEGAL_SIGNATURE,R2_REMOVE_SIGNATURE_AND_COMPATIBILITY,0.009999999999999995,0.004,0.024,Quick Attack,Quick Attack,True
4WE_PAIR_020_V02__PLAYER,R1_REMOVE_LEGAL_SIGNATURE,R3_STATE_CENTRIC_POLICY,0.009999999999999898,0.0033333333333333166,0.0199999999999999,Quick Attack,Quick Attack,True
4WE_PAIR_022_V03__OPPONENT,R1_REMOVE_LEGAL_SIGNATURE,R3_STATE_CENTRIC_POLICY,0.009999999999999898,0.0033333333333333166,0.0199999999999999,Quick Attack,Quick Attack,True
4WE_PAIR_001_V04__PLAYER,R1_REMOVE_LEGAL_SIGNATURE,R2_REMOVE_SIGNATURE_AND_COMPATIBILITY,0.008000000000000007,0.0033333333333333353,0.02000000000000001,Quick Attack,Quick Attack,True
4WE_PAIR_008_V04__PLAYER,R1_REMOVE_LEGAL_SIGNATURE,R2_REMOVE_SIGNATURE_AND_COMPATIBILITY,0.008000000000000007,0.0033333333333333353,0.02000000000000001,Quick Attack,Quick Attack,True
4WE_PAIR_007_V04__PLAYER,R1_REMOVE_LEGAL_SIGNATURE,R2_REMOVE_SIGNATURE_AND_COMPATIBILITY,0.008000000000000007,0.0033333333333333327,0.019999999999999997,Quick Attack,Quick Attack,True
4WE_PAIR_005_V02__PLAYER,R1_REMOVE_LEGAL_SIGNATURE,R3_STATE_CENTRIC_POLICY,0.008000000000000007,0.002666666666666669,0.016000000000000014,Quick Attack,Quick Attack,True
4WE_PAIR_012_V02__PLAYER,R1_REMOVE_LEGAL_SIGNATURE,R3_STATE_CENTRIC_POLICY,0.008000000000000007,0.002666666666666669,0.016000000000000014,Quick Attack,Quick Attack,True
4WE_PAIR_016_V02__PLAYER,R1_REMOVE_LEGAL_SIGNATURE,R3_STATE_CENTRIC_POLICY,0.008000000000000007,0.002666666666666669,0.016000000000000014,Quick Attack,Quick Attack,True
4WE_PAIR_015_V01__PLAYER,R1_REMOVE_LEGAL_SIGNATURE,R2_REMOVE_SIGNATURE_AND_COMPATIBILITY,0.008000000000000007,0.002666666666666668,0.016000000000000007,Quick Attack,Quick Attack,True
4WE_PAIR_016_V01__OPPONENT,R1_REMOVE_LEGAL_SIGNATURE,R2_REMOVE_SIGNATURE_AND_COMPATIBILITY,0.008000000000000007,0.002666666666666668,0.016000000000000007,Quick Attack,Quick Attack,True
4WE_PAIR_016_V04__OPPONENT,R1_REMOVE_LEGAL_SIGNATURE,R2_REMOVE_SIGNATURE_AND_COMPATIBILITY,0.008000000000000007,0.002666666666666668,0.016000000000000007,Quick Attack,Quick Attack,True
4WE_PAIR_021_V01__PLAYER,R1_REMOVE_LEGAL_SIGNATURE,R2_REMOVE_SIGNATURE_AND_COMPATIBILITY,0.008000000000000007,0.002666666666666668,0.016000000000000007,Quick Attack,Quick Attack,True
4WE_PAIR_022_V01__OPPONENT,R2_REMOVE_SIGNATURE_AND_COMPATIBILITY,R3_STATE_CENTRIC_POLICY,0.008000000000000007,0.002666666666666668,0.016000000000000007,Quick Attack,Quick Attack,True
4WE_PAIR_022_V04__OPPONENT,R2_REMOVE_SIGNATURE_AND_COMPATIBILITY,R3_STATE_CENTRIC_POLICY,0.008000000000000007,0.002666666666666668,0.016000000000000007,Quick Attack,Quick Attack,True
4WE_PAIR_023_V01__OPPONENT,R2_REMOVE_SIGNATURE_AND_COMPATIBILITY,R3_STATE_CENTRIC_POLICY,0.008000000000000007,0.002666666666666668,0.016000000000000007,Quick Attack,Quick Attack,True
4WE_PAIR_015_V02__OPPONENT,R1_REMOVE_LEGAL_SIGNATURE,R3_STATE_CENTRIC_POLICY,0.008000000000000007,0.0026666666666666505,0.015999999999999903,Quick Attack,Quick Attack,True
4WE_PAIR_016_V02__OPPONENT,R1_REMOVE_LEGAL_SIGNATURE,R3_STATE_CENTRIC_POLICY,0.008000000000000007,0.0026666666666666505,0.015999999999999903,Quick Attack,Quick Attack,True
4WE_PAIR_021_V02__OPPONENT,R1_REMOVE_LEGAL_SIGNATURE,R3_STATE_CENTRIC_POLICY,0.008000000000000007,0.0026666666666666505,0.015999999999999903,Quick Attack,Quick Attack,True
4WE_PAIR_022_V02__PLAYER,R1_REMOVE_LEGAL_SIGNATURE,R3_STATE_CENTRIC_POLICY,0.007999999999999998,0.002666666666666668,0.016000000000000007,Quick Attack,Quick Attack,True
4WE_PAIR_023_V02__PLAYER,R1_REMOVE_LEGAL_SIGNATURE,R3_STATE_CENTRIC_POLICY,0.007999999999999998,0.002666666666666668,0.016000000000000007,Quick Attack,Quick Attack,True
4WE_PAIR_023_V02__OPPONENT,R1_REMOVE_LEGAL_SIGNATURE,R3_STATE_CENTRIC_POLICY,0.007999999999999998,0.002666666666666663,0.01599999999999998,Quick Attack,Quick Attack,True
4WE_PAIR_011_V02__OPPONENT,R1_REMOVE_LEGAL_SIGNATURE,R3_STATE_CENTRIC_POLICY,0.007999999999999998,0.0026666666666666492,0.015999999999999896,Quick Attack,Quick Attack,True
4WE_PAIR_023_V03__OPPONENT,R1_REMOVE_LEGAL_SIGNATURE,R3_STATE_CENTRIC_POLICY,0.007999999999999998,0.0026666666666666492,0.015999999999999896,Quick Attack,Quick Attack,True
4WE_PAIR_023_V03__PLAYER,R1_REMOVE_LEGAL_SIGNATURE,R3_STATE_CENTRIC_POLICY,0.007999999999999998,0.0026666666666666492,0.015999999999999896,Quick Attack,Quick Attack,True
4WE_PAIR_022_V02__OPPONENT,R1_REMOVE_LEGAL_SIGNATURE,R3_STATE_CENTRIC_POLICY,0.007999999999999998,0.002666666666666645,0.01599999999999987,Quick Attack,Quick Attack,True
4WE_PAIR_003_V01__OPPONENT,R1_REMOVE_LEGAL_SIGNATURE,R2_REMOVE_SIGNATURE_AND_COMPATIBILITY,0.007999999999999993,0.0033333333333333327,0.019999999999999997,Quick Attack,Quick Attack,True
4WE_PAIR_003_V04__OPPONENT,R1_REMOVE_LEGAL_SIGNATURE,R2_REMOVE_SIGNATURE_AND_COMPATIBILITY,0.007999999999999993,0.0033333333333333327,0.019999999999999997,Quick Attack,Quick Attack,True
4WE_PAIR_010_V01__OPPONENT,R1_REMOVE_LEGAL_SIGNATURE,R2_REMOVE_SIGNATURE_AND_COMPATIBILITY,0.007999999999999993,0.0033333333333333327,0.019999999999999997,Quick Attack,Quick Attack,True
4WE_PAIR_010_V04__OPPONENT,R1_REMOVE_LEGAL_SIGNATURE,R2_REMOVE_SIGNATURE_AND_COMPATIBILITY,0.007999999999999993,0.0033333333333333327,0.019999999999999997,Quick Attack,Quick Attack,True
4WE_PAIR_001_V01__OPPONENT,R1_REMOVE_LEGAL_SIGNATURE,R2_REMOVE_SIGNATURE_AND_COMPATIBILITY,0.006000000000000005,0.002666666666666668,0.016000000000000007,Quick Attack,Quick Attack,True
4WE_PAIR_001_V04__OPPONENT,R1_REMOVE_LEGAL_SIGNATURE,R2_REMOVE_SIGNATURE_AND_COMPATIBILITY,0.006000000000000005,0.002666666666666668,0.016000000000000007,Quick Attack,Quick Attack,True
4WE_PAIR_002_V04__PLAYER,R1_REMOVE_LEGAL_SIGNATURE,R2_REMOVE_SIGNATURE_AND_COMPATIBILITY,0.006000000000000005,0.002666666666666668,0.016000000000000007,Quick Attack,Quick Attack,True
4WE_PAIR_008_V01__OPPONENT,R1_REMOVE_LEGAL_SIGNATURE,R2_REMOVE_SIGNATURE_AND_COMPATIBILITY,0.006000000000000005,0.002666666666666668,0.016000000000000007,Quick Attack,Quick Attack,True
4WE_PAIR_008_V04__OPPONENT,R1_REMOVE_LEGAL_SIGNATURE,R2_REMOVE_SIGNATURE_AND_COMPATIBILITY,0.006000000000000005,0.002666666666666668,0.016000000000000007,Quick Attack,Quick Attack,True
4WE_PAIR_009_V04__PLAYER,R1_REMOVE_LEGAL_SIGNATURE,R2_REMOVE_SIGNATURE_AND_COMPATIBILITY,0.006000000000000005,0.002666666666666668,0.016000000000000007,Quick Attack,Quick Attack,True
4WE_PAIR_013_V01__OPPONENT,R1_REMOVE_LEGAL_SIGNATURE,R2_REMOVE_SIGNATURE_AND_COMPATIBILITY,0.006000000000000005,0.002666666666666668,0.016000000000000007,Quick Attack,Quick Attack,True
4WE_PAIR_013_V04__OPPONENT,R1_REMOVE_LEGAL_SIGNATURE,R2_REMOVE_SIGNATURE_AND_COMPATIBILITY,0.006000000000000005,0.002666666666666668,0.016000000000000007,Quick Attack,Quick Attack,True
4WE_PAIR_013_V04__PLAYER,R1_REMOVE_LEGAL_SIGNATURE,R2_REMOVE_SIGNATURE_AND_COMPATIBILITY,0.006000000000000005,0.002666666666666668,0.016000000000000007,Quick Attack,Quick Attack,True
4WE_PAIR_018_V01__OPPONENT,R1_REMOVE_LEGAL_SIGNATURE,R2_REMOVE_SIGNATURE_AND_COMPATIBILITY,0.006000000000000005,0.002666666666666668,0.016000000000000007,Quick Attack,Quick Attack,True
4WE_PAIR_018_V04__OPPONENT,R1_REMOVE_LEGAL_SIGNATURE,R2_REMOVE_SIGNATURE_AND_COMPATIBILITY,0.006000000000000005,0.002666666666666668,0.016000000000000007,Quick Attack,Quick Attack,True
4WE_PAIR_018_V04__PLAYER,R1_REMOVE_LEGAL_SIGNATURE,R2_REMOVE_SIGNATURE_AND_COMPATIBILITY,0.006000000000000005,0.002666666666666668,0.016000000000000007,Quick Attack,Quick Attack,True
4WE_PAIR_007_V01__OPPONENT,R1_REMOVE_LEGAL_SIGNATURE,R2_REMOVE_SIGNATURE_AND_COMPATIBILITY,0.006000000000000005,0.0026666666666666674,0.016000000000000004,Quick Attack,Quick Attack,True
4WE_PAIR_007_V04__OPPONENT,R1_REMOVE_LEGAL_SIGNATURE,R2_REMOVE_SIGNATURE_AND_COMPATIBILITY,0.006000000000000005,0.0026666666666666674,0.016000000000000004,Quick Attack,Quick Attack,True
4WE_PAIR_017_V01__OPPONENT,R1_REMOVE_LEGAL_SIGNATURE,R2_REMOVE_SIGNATURE_AND_COMPATIBILITY,0.006000000000000005,0.0026666666666666674,0.016000000000000004,Quick Attack,Quick Attack,True
4WE_PAIR_017_V04__OPPONENT,R1_REMOVE_LEGAL_SIGNATURE,R2_REMOVE_SIGNATURE_AND_COMPATIBILITY,0.006000000000000005,0.0026666666666666674,0.016000000000000004,Quick Attack,Quick Attack,True
4WE_PAIR_017_V04__PLAYER,R1_REMOVE_LEGAL_SIGNATURE,R2_REMOVE_SIGNATURE_AND_COMPATIBILITY,0.006000000000000005,0.0026666666666666674,0.016000000000000004,Quick Attack,Quick Attack,True
4WE_PAIR_006_V02__OPPONENT,R1_REMOVE_LEGAL_SIGNATURE,R3_STATE_CENTRIC_POLICY,0.006000000000000005,0.0020000000000000018,0.01200000000000001,Quick Attack,Quick Attack,True
4WE_PAIR_015_V02__PLAYER,R1_REMOVE_LEGAL_SIGNATURE,R3_STATE_CENTRIC_POLICY,0.006000000000000005,0.0020000000000000018,0.01200000000000001,Quick Attack,Quick Attack,True
4WE_PAIR_021_V02__PLAYER,R1_REMOVE_LEGAL_SIGNATURE,R3_STATE_CENTRIC_POLICY,0.006000000000000005,0.0020000000000000018,0.01200000000000001,Quick Attack,Quick Attack,True
4WE_PAIR_022_V04__PLAYER,R1_REMOVE_LEGAL_SIGNATURE,R2_REMOVE_SIGNATURE_AND_COMPATIBILITY,0.006000000000000005,0.0020000000000000013,0.012000000000000007,Quick Attack,Quick Attack,True
4WE_PAIR_015_V04__PLAYER,R1_REMOVE_LEGAL_SIGNATURE,R2_REMOVE_SIGNATURE_AND_COMPATIBILITY,0.006000000000000005,0.002000000000000001,0.012000000000000005,Quick Attack,Quick Attack,True
4WE_PAIR_016_V01__PLAYER,R1_REMOVE_LEGAL_SIGNATURE,R2_REMOVE_SIGNATURE_AND_COMPATIBILITY,0.006000000000000005,0.002000000000000001,0.012000000000000005,Quick Attack,Quick Attack,True
4WE_PAIR_021_V04__PLAYER,R1_REMOVE_LEGAL_SIGNATURE,R2_REMOVE_SIGNATURE_AND_COMPATIBILITY,0.006000000000000005,0.002000000000000001,0.012000000000000005,Quick Attack,Quick Attack,True
4WE_PAIR_023_V04__OPPONENT,R2_REMOVE_SIGNATURE_AND_COMPATIBILITY,R3_STATE_CENTRIC_POLICY,0.006000000000000005,0.002000000000000001,0.012000000000000005,Quick Attack,Quick Attack,True
4WE_PAIR_005_V01__OPPONENT,R1_REMOVE_LEGAL_SIGNATURE,R2_REMOVE_SIGNATURE_AND_COMPATIBILITY,0.006000000000000005,0.0020000000000000005,0.012000000000000004,Quick Attack,Quick Attack,True
4WE_PAIR_005_V04__OPPONENT,R1_REMOVE_LEGAL_SIGNATURE,R2_REMOVE_SIGNATURE_AND_COMPATIBILITY,0.006000000000000005,0.0020000000000000005,0.012000000000000004,Quick Attack,Quick Attack,True
4WE_PAIR_006_V01__OPPONENT,R1_REMOVE_LEGAL_SIGNATURE,R2_REMOVE_SIGNATURE_AND_COMPATIBILITY,0.006000000000000005,0.0020000000000000005,0.012000000000000004,Quick Attack,Quick Attack,True
4WE_PAIR_006_V04__OPPONENT,R1_REMOVE_LEGAL_SIGNATURE,R2_REMOVE_SIGNATURE_AND_COMPATIBILITY,0.006000000000000005,0.0020000000000000005,0.012000000000000004,Quick Attack,Quick Attack,True
4WE_PAIR_012_V01__OPPONENT,R1_REMOVE_LEGAL_SIGNATURE,R2_REMOVE_SIGNATURE_AND_COMPATIBILITY,0.006000000000000005,0.0020000000000000005,0.012000000000000004,Quick Attack,Quick Attack,True
4WE_PAIR_012_V04__OPPONENT,R1_REMOVE_LEGAL_SIGNATURE,R2_REMOVE_SIGNATURE_AND_COMPATIBILITY,0.006000000000000005,0.0020000000000000005,0.012000000000000004,Quick Attack,Quick Attack,True
4WE_PAIR_005_V02__OPPONENT,R1_REMOVE_LEGAL_SIGNATURE,R3_STATE_CENTRIC_POLICY,0.006000000000000005,0.001999999999999983,0.0119999999999999,Quick Attack,Quick Attack,True
4WE_PAIR_012_V02__OPPONENT,R1_REMOVE_LEGAL_SIGNATURE,R3_STATE_CENTRIC_POLICY,0.006000000000000005,0.001999999999999983,0.0119999999999999,Quick Attack,Quick Attack,True
4WE_PAIR_001_V01__PLAYER,R1_REMOVE_LEGAL_SIGNATURE,R2_REMOVE_SIGNATURE_AND_COMPATIBILITY,0.006,0.002666666666666668,0.016000000000000007,Quick Attack,Quick Attack,True
4WE_PAIR_008_V01__PLAYER,R1_REMOVE_LEGAL_SIGNATURE,R2_REMOVE_SIGNATURE_AND_COMPATIBILITY,0.006,0.002666666666666668,0.016000000000000007,Quick Attack,Quick Attack,True
4WE_PAIR_013_V01__PLAYER,R1_REMOVE_LEGAL_SIGNATURE,R2_REMOVE_SIGNATURE_AND_COMPATIBILITY,0.006,0.002666666666666668,0.016000000000000007,Quick Attack,Quick Attack,True
4WE_PAIR_018_V01__PLAYER,R1_REMOVE_LEGAL_SIGNATURE,R2_REMOVE_SIGNATURE_AND_COMPATIBILITY,0.006,0.002666666666666668,0.016000000000000007,Quick Attack,Quick Attack,True
4WE_PAIR_005_V04__PLAYER,R1_REMOVE_LEGAL_SIGNATURE,R2_REMOVE_SIGNATURE_AND_COMPATIBILITY,0.006,0.002000000000000001,0.012000000000000005,Quick Attack,Quick Attack,True
4WE_PAIR_012_V04__PLAYER,R1_REMOVE_LEGAL_SIGNATURE,R2_REMOVE_SIGNATURE_AND_COMPATIBILITY,0.006,0.002000000000000001,0.012000000000000005,Quick Attack,Quick Attack,True
4WE_PAIR_005_V01__PLAYER,R1_REMOVE_LEGAL_SIGNATURE,R2_REMOVE_SIGNATURE_AND_COMPATIBILITY,0.006,0.0020000000000000005,0.012000000000000002,Quick Attack,Quick Attack,True
4WE_PAIR_012_V01__PLAYER,R1_REMOVE_LEGAL_SIGNATURE,R2_REMOVE_SIGNATURE_AND_COMPATIBILITY,0.006,0.0020000000000000005,0.012000000000000002,Quick Attack,Quick Attack,True
4WE_PAIR_020_V01__PLAYER,R1_REMOVE_LEGAL_SIGNATURE,R2_REMOVE_SIGNATURE_AND_COMPATIBILITY,0.006,0.0020000000000000005,0.012000000000000002,Quick Attack,Quick Attack,True
4WE_PAIR_011_V01__OPPONENT,R1_REMOVE_LEGAL_SIGNATURE,R2_REMOVE_SIGNATURE_AND_COMPATIBILITY,0.006,0.0019999999999999996,0.011999999999999999,Quick Attack,Quick Attack,True
4WE_PAIR_011_V04__OPPONENT,R1_REMOVE_LEGAL_SIGNATURE,R2_REMOVE_SIGNATURE_AND_COMPATIBILITY,0.006,0.0019999999999999996,0.011999999999999999,Quick Attack,Quick Attack,True
4WE_PAIR_007_V01__PLAYER,R1_REMOVE_LEGAL_SIGNATURE,R2_REMOVE_SIGNATURE_AND_COMPATIBILITY,0.005999999999999998,0.002666666666666665,0.01599999999999999,Quick Attack,Quick Attack,True
4WE_PAIR_017_V01__PLAYER,R1_REMOVE_LEGAL_SIGNATURE,R2_REMOVE_SIGNATURE_AND_COMPATIBILITY,0.005999999999999998,0.002666666666666665,0.01599999999999999,Quick Attack,Quick Attack,True
4WE_PAIR_003_V01__PLAYER,R1_REMOVE_LEGAL_SIGNATURE,R2_REMOVE_SIGNATURE_AND_COMPATIBILITY,0.0059999999999999915,0.0026666666666666657,0.015999999999999993,Quick Attack,Quick Attack,True
4WE_PAIR_010_V01__PLAYER,R1_REMOVE_LEGAL_SIGNATURE,R2_REMOVE_SIGNATURE_AND_COMPATIBILITY,0.0059999999999999915,0.0026666666666666657,0.015999999999999993,Quick Attack,Quick Attack,True
4WE_PAIR_002_V01__OPPONENT,R1_REMOVE_LEGAL_SIGNATURE,R2_REMOVE_SIGNATURE_AND_COMPATIBILITY,0.0040000000000000036,0.002000000000000001,0.012000000000000005,Quick Attack,Quick Attack,True
4WE_PAIR_002_V04__OPPONENT,R1_REMOVE_LEGAL_SIGNATURE,R2_REMOVE_SIGNATURE_AND_COMPATIBILITY,0.0040000000000000036,0.002000000000000001,0.012000000000000005,Quick Attack,Quick Attack,True
4WE_PAIR_009_V01__OPPONENT,R1_REMOVE_LEGAL_SIGNATURE,R2_REMOVE_SIGNATURE_AND_COMPATIBILITY,0.0040000000000000036,0.002000000000000001,0.012000000000000005,Quick Attack,Quick Attack,True
4WE_PAIR_009_V04__OPPONENT,R1_REMOVE_LEGAL_SIGNATURE,R2_REMOVE_SIGNATURE_AND_COMPATIBILITY,0.0040000000000000036,0.002000000000000001,0.012000000000000005,Quick Attack,Quick Attack,True
4WE_PAIR_014_V01__OPPONENT,R1_REMOVE_LEGAL_SIGNATURE,R2_REMOVE_SIGNATURE_AND_COMPATIBILITY,0.0040000000000000036,0.002000000000000001,0.012000000000000005,Quick Attack,Quick Attack,True
4WE_PAIR_014_V04__OPPONENT,R1_REMOVE_LEGAL_SIGNATURE,R2_REMOVE_SIGNATURE_AND_COMPATIBILITY,0.0040000000000000036,0.002000000000000001,0.012000000000000005,Quick Attack,Quick Attack,True
4WE_PAIR_014_V04__PLAYER,R1_REMOVE_LEGAL_SIGNATURE,R2_REMOVE_SIGNATURE_AND_COMPATIBILITY,0.0040000000000000036,0.002000000000000001,0.012000000000000005,Quick Attack,Quick Attack,True
4WE_PAIR_019_V01__OPPONENT,R1_REMOVE_LEGAL_SIGNATURE,R2_REMOVE_SIGNATURE_AND_COMPATIBILITY,0.0040000000000000036,0.002000000000000001,0.012000000000000005,Quick Attack,Quick Attack,True
4WE_PAIR_019_V04__OPPONENT,R1_REMOVE_LEGAL_SIGNATURE,R2_REMOVE_SIGNATURE_AND_COMPATIBILITY,0.0040000000000000036,0.002000000000000001,0.012000000000000005,Quick Attack,Quick Attack,True
4WE_PAIR_019_V04__PLAYER,R1_REMOVE_LEGAL_SIGNATURE,R2_REMOVE_SIGNATURE_AND_COMPATIBILITY,0.0040000000000000036,0.002000000000000001,0.012000000000000005,Quick Attack,Quick Attack,True
4WE_PAIR_006_V01__PLAYER,R1_REMOVE_LEGAL_SIGNATURE,R2_REMOVE_SIGNATURE_AND_COMPATIBILITY,0.0040000000000000036,0.001333333333333334,0.008000000000000004,Quick Attack,Quick Attack,True
4WE_PAIR_022_V01__OPPONENT,R1_REMOVE_LEGAL_SIGNATURE,R2_REMOVE_SIGNATURE_AND_COMPATIBILITY,0.0040000000000000036,0.001333333333333334,0.008000000000000004,Quick Attack,Quick Attack,True
4WE_PAIR_022_V04__OPPONENT,R1_REMOVE_LEGAL_SIGNATURE,R2_REMOVE_SIGNATURE_AND_COMPATIBILITY,0.0040000000000000036,0.001333333333333334,0.008000000000000004,Quick Attack,Quick Attack,True
4WE_PAIR_023_V01__OPPONENT,R1_REMOVE_LEGAL_SIGNATURE,R2_REMOVE_SIGNATURE_AND_COMPATIBILITY,0.0040000000000000036,0.001333333333333334,0.008000000000000004,Quick Attack,Quick Attack,True
4WE_PAIR_023_V04__OPPONENT,R1_REMOVE_LEGAL_SIGNATURE,R2_REMOVE_SIGNATURE_AND_COMPATIBILITY,0.0040000000000000036,0.001333333333333334,0.008000000000000004,Quick Attack,Quick Attack,True
4WE_PAIR_006_V04__PLAYER,R1_REMOVE_LEGAL_SIGNATURE,R2_REMOVE_SIGNATURE_AND_COMPATIBILITY,0.0040000000000000036,0.0013333333333333337,0.008000000000000002,Quick Attack,Quick Attack,True
4WE_PAIR_016_V04__PLAYER,R1_REMOVE_LEGAL_SIGNATURE,R2_REMOVE_SIGNATURE_AND_COMPATIBILITY,0.0040000000000000036,0.0013333333333333337,0.008000000000000002,Quick Attack,Quick Attack,True
4WE_PAIR_011_V01__PLAYER,R1_REMOVE_LEGAL_SIGNATURE,R2_REMOVE_SIGNATURE_AND_COMPATIBILITY,0.004,0.0013333333333333337,0.008000000000000002,Quick Attack,Quick Attack,True
4WE_PAIR_022_V01__PLAYER,R1_REMOVE_LEGAL_SIGNATURE,R2_REMOVE_SIGNATURE_AND_COMPATIBILITY,0.004,0.0013333333333333337,0.008000000000000002,Quick Attack,Quick Attack,True
4WE_PAIR_023_V01__PLAYER,R1_REMOVE_LEGAL_SIGNATURE,R2_REMOVE_SIGNATURE_AND_COMPATIBILITY,0.004,0.0013333333333333337,0.008000000000000002,Quick Attack,Quick Attack,True
4WE_PAIR_011_V04__PLAYER,R1_REMOVE_LEGAL_SIGNATURE,R2_REMOVE_SIGNATURE_AND_COMPATIBILITY,0.004,0.0013333333333333333,0.008,Quick Attack,Quick Attack,True
4WE_PAIR_020_V04__PLAYER,R1_REMOVE_LEGAL_SIGNATURE,R2_REMOVE_SIGNATURE_AND_COMPATIBILITY,0.004,0.0013333333333333333,0.008,Quick Attack,Quick Attack,True
4WE_PAIR_023_V04__PLAYER,R1_REMOVE_LEGAL_SIGNATURE,R2_REMOVE_SIGNATURE_AND_COMPATIBILITY,0.004,0.0013333333333333333,0.008,Quick Attack,Quick Attack,True
4WE_PAIR_002_V01__PLAYER,R1_REMOVE_LEGAL_SIGNATURE,R2_REMOVE_SIGNATURE_AND_COMPATIBILITY,0.0020000000000000018,0.0013333333333333337,0.008000000000000002,Quick Attack,Quick Attack,True
4WE_PAIR_009_V01__PLAYER,R1_REMOVE_LEGAL_SIGNATURE,R2_REMOVE_SIGNATURE_AND_COMPATIBILITY,0.0020000000000000018,0.0013333333333333337,0.008000000000000002,Quick Attack,Quick Attack,True
4WE_PAIR_014_V01__PLAYER,R1_REMOVE_LEGAL_SIGNATURE,R2_REMOVE_SIGNATURE_AND_COMPATIBILITY,0.0020000000000000018,0.0013333333333333337,0.008000000000000002,Quick Attack,Quick Attack,True
4WE_PAIR_019_V01__PLAYER,R1_REMOVE_LEGAL_SIGNATURE,R2_REMOVE_SIGNATURE_AND_COMPATIBILITY,0.0020000000000000018,0.0013333333333333337,0.008000000000000002,Quick Attack,Quick Attack,True
