comparison_case_id,strategy_a,strategy_b,maximum_case_difference,mean_case_difference,l1_case_difference,prediction_a,prediction_b,predictions_match,maximum_probability_difference,mean_probability_difference,l1_probability_difference,global_rank
4WE_PAIR_014_V03__PLAYER,R0_CURRENT_BASELINE,R3_STATE_CENTRIC_POLICY,0.168,0.05666666666666667,0.34,Quick Attack,Quick Attack,True,0.168,0.05666666666666667,0.34,1
4WE_PAIR_019_V03__PLAYER,R0_CURRENT_BASELINE,R3_STATE_CENTRIC_POLICY,0.168,0.05666666666666667,0.34,Quick Attack,Quick Attack,True,0.168,0.05666666666666667,0.34,2
4WE_PAIR_002_V03__OPPONENT,R0_CURRENT_BASELINE,R3_STATE_CENTRIC_POLICY,0.166,0.056,0.336,Quick Attack,Quick Attack,True,0.166,0.056,0.336,3
4WE_PAIR_009_V03__OPPONENT,R0_CURRENT_BASELINE,R3_STATE_CENTRIC_POLICY,0.166,0.056,0.336,Quick Attack,Quick Attack,True,0.166,0.056,0.336,4
4WE_PAIR_013_V03__PLAYER,R0_CURRENT_BASELINE,R3_STATE_CENTRIC_POLICY,0.166,0.056,0.336,Quick Attack,Quick Attack,True,0.166,0.056,0.336,5
4WE_PAIR_014_V03__OPPONENT,R0_CURRENT_BASELINE,R3_STATE_CENTRIC_POLICY,0.166,0.056,0.336,Quick Attack,Quick Attack,True,0.166,0.056,0.336,6
4WE_PAIR_018_V03__PLAYER,R0_CURRENT_BASELINE,R3_STATE_CENTRIC_POLICY,0.166,0.056,0.336,Quick Attack,Quick Attack,True,0.166,0.056,0.336,7
4WE_PAIR_019_V03__OPPONENT,R0_CURRENT_BASELINE,R3_STATE_CENTRIC_POLICY,0.166,0.056,0.336,Quick Attack,Quick Attack,True,0.166,0.056,0.336,8
4WE_PAIR_002_V03__PLAYER,R0_CURRENT_BASELINE,R3_STATE_CENTRIC_POLICY,0.164,0.056,0.336,Quick Attack,Quick Attack,True,0.164,0.056,0.336,9
4WE_PAIR_009_V03__PLAYER,R0_CURRENT_BASELINE,R3_STATE_CENTRIC_POLICY,0.164,0.056,0.336,Quick Attack,Quick Attack,True,0.164,0.056,0.336,10
4WE_PAIR_001_V03__OPPONENT,R0_CURRENT_BASELINE,R3_STATE_CENTRIC_POLICY,0.164,0.05533333333333334,0.332,Quick Attack,Quick Attack,True,0.164,0.05533333333333334,0.332,11
4WE_PAIR_003_V03__OPPONENT,R0_CURRENT_BASELINE,R3_STATE_CENTRIC_POLICY,0.164,0.05533333333333334,0.332,Quick Attack,Quick Attack,True,0.164,0.05533333333333334,0.332,12
4WE_PAIR_008_V03__OPPONENT,R0_CURRENT_BASELINE,R3_STATE_CENTRIC_POLICY,0.164,0.05533333333333334,0.332,Quick Attack,Quick Attack,True,0.164,0.05533333333333334,0.332,13
4WE_PAIR_010_V03__OPPONENT,R0_CURRENT_BASELINE,R3_STATE_CENTRIC_POLICY,0.164,0.05533333333333334,0.332,Quick Attack,Quick Attack,True,0.164,0.05533333333333334,0.332,14
4WE_PAIR_013_V03__OPPONENT,R0_CURRENT_BASELINE,R3_STATE_CENTRIC_POLICY,0.164,0.05533333333333334,0.332,Quick Attack,Quick Attack,True,0.164,0.05533333333333334,0.332,15
4WE_PAIR_018_V03__OPPONENT,R0_CURRENT_BASELINE,R3_STATE_CENTRIC_POLICY,0.164,0.05533333333333334,0.332,Quick Attack,Quick Attack,True,0.164,0.05533333333333334,0.332,16
4WE_PAIR_001_V03__PLAYER,R0_CURRENT_BASELINE,R3_STATE_CENTRIC_POLICY,0.162,0.05533333333333334,0.332,Quick Attack,Quick Attack,True,0.162,0.05533333333333334,0.332,17
4WE_PAIR_008_V03__PLAYER,R0_CURRENT_BASELINE,R3_STATE_CENTRIC_POLICY,0.162,0.05533333333333334,0.332,Quick Attack,Quick Attack,True,0.162,0.05533333333333334,0.332,18
4WE_PAIR_002_V02__OPPONENT,R0_CURRENT_BASELINE,R3_STATE_CENTRIC_POLICY,0.162,0.05466666666666667,0.328,Quick Attack,Quick Attack,True,0.162,0.05466666666666667,0.328,19
4WE_PAIR_003_V02__OPPONENT,R0_CURRENT_BASELINE,R3_STATE_CENTRIC_POLICY,0.162,0.05466666666666667,0.328,Quick Attack,Quick Attack,True,0.162,0.05466666666666667,0.328,20
4WE_PAIR_004_V03__OPPONENT,R0_CURRENT_BASELINE,R3_STATE_CENTRIC_POLICY,0.162,0.05466666666666667,0.328,Quick Attack,Quick Attack,True,0.162,0.05466666666666667,0.328,21
4WE_PAIR_009_V02__OPPONENT,R0_CURRENT_BASELINE,R3_STATE_CENTRIC_POLICY,0.162,0.05466666666666667,0.328,Quick Attack,Quick Attack,True,0.162,0.05466666666666667,0.328,22
4WE_PAIR_010_V02__OPPONENT,R0_CURRENT_BASELINE,R3_STATE_CENTRIC_POLICY,0.162,0.05466666666666667,0.328,Quick Attack,Quick Attack,True,0.162,0.05466666666666667,0.328,23
4WE_PAIR_014_V02__OPPONENT,R0_CURRENT_BASELINE,R3_STATE_CENTRIC_POLICY,0.162,0.05466666666666667,0.328,Quick Attack,Quick Attack,True,0.162,0.05466666666666667,0.328,24
4WE_PAIR_014_V02__PLAYER,R0_CURRENT_BASELINE,R3_STATE_CENTRIC_POLICY,0.162,0.05466666666666667,0.328,Quick Attack,Quick Attack,True,0.162,0.05466666666666667,0.328,25
4WE_PAIR_019_V02__OPPONENT,R0_CURRENT_BASELINE,R3_STATE_CENTRIC_POLICY,0.162,0.05466666666666667,0.328,Quick Attack,Quick Attack,True,0.162,0.05466666666666667,0.328,26
4WE_PAIR_019_V02__PLAYER,R0_CURRENT_BASELINE,R3_STATE_CENTRIC_POLICY,0.162,0.05466666666666667,0.328,Quick Attack,Quick Attack,True,0.162,0.05466666666666667,0.328,27
4WE_PAIR_001_V02__OPPONENT,R0_CURRENT_BASELINE,R3_STATE_CENTRIC_POLICY,0.16,0.054,0.324,Quick Attack,Quick Attack,True,0.16,0.054,0.324,28
4WE_PAIR_004_V02__OPPONENT,R0_CURRENT_BASELINE,R3_STATE_CENTRIC_POLICY,0.16,0.054,0.324,Quick Attack,Quick Attack,True,0.16,0.054,0.324,29
4WE_PAIR_008_V02__OPPONENT,R0_CURRENT_BASELINE,R3_STATE_CENTRIC_POLICY,0.16,0.054,0.324,Quick Attack,Quick Attack,True,0.16,0.054,0.324,30
4WE_PAIR_013_V02__OPPONENT,R0_CURRENT_BASELINE,R3_STATE_CENTRIC_POLICY,0.16,0.054,0.324,Quick Attack,Quick Attack,True,0.16,0.054,0.324,31
4WE_PAIR_013_V02__PLAYER,R0_CURRENT_BASELINE,R3_STATE_CENTRIC_POLICY,0.16,0.054,0.324,Quick Attack,Quick Attack,True,0.16,0.054,0.324,32
4WE_PAIR_018_V02__OPPONENT,R0_CURRENT_BASELINE,R3_STATE_CENTRIC_POLICY,0.16,0.054,0.324,Quick Attack,Quick Attack,True,0.16,0.054,0.324,33
4WE_PAIR_018_V02__PLAYER,R0_CURRENT_BASELINE,R3_STATE_CENTRIC_POLICY,0.16,0.054,0.324,Quick Attack,Quick Attack,True,0.16,0.054,0.324,34
4WE_PAIR_002_V02__PLAYER,R0_CURRENT_BASELINE,R3_STATE_CENTRIC_POLICY,0.158,0.054,0.324,Quick Attack,Quick Attack,True,0.158,0.054,0.324,35
4WE_PAIR_003_V02__PLAYER,R0_CURRENT_BASELINE,R3_STATE_CENTRIC_POLICY,0.158,0.054,0.324,Quick Attack,Quick Attack,True,0.158,0.054,0.324,36
4WE_PAIR_003_V03__PLAYER,R0_CURRENT_BASELINE,R3_STATE_CENTRIC_POLICY,0.158,0.054,0.324,Quick Attack,Quick Attack,True,0.158,0.054,0.324,37
4WE_PAIR_009_V02__PLAYER,R0_CURRENT_BASELINE,R3_STATE_CENTRIC_POLICY,0.158,0.054,0.324,Quick Attack,Quick Attack,True,0.158,0.054,0.324,38
4WE_PAIR_010_V02__PLAYER,R0_CURRENT_BASELINE,R3_STATE_CENTRIC_POLICY,0.158,0.054,0.324,Quick Attack,Quick Attack,True,0.158,0.054,0.324,39
4WE_PAIR_010_V03__PLAYER,R0_CURRENT_BASELINE,R3_STATE_CENTRIC_POLICY,0.158,0.054,0.324,Quick Attack,Quick Attack,True,0.158,0.054,0.324,40
4WE_PAIR_001_V02__PLAYER,R0_CURRENT_BASELINE,R3_STATE_CENTRIC_POLICY,0.156,0.05333333333333334,0.32,Quick Attack,Quick Attack,True,0.156,0.05333333333333334,0.32,41
4WE_PAIR_004_V02__PLAYER,R0_CURRENT_BASELINE,R3_STATE_CENTRIC_POLICY,0.156,0.05333333333333334,0.32,Quick Attack,Quick Attack,True,0.156,0.05333333333333334,0.32,42
4WE_PAIR_004_V03__PLAYER,R0_CURRENT_BASELINE,R3_STATE_CENTRIC_POLICY,0.156,0.05333333333333334,0.32,Quick Attack,Quick Attack,True,0.156,0.05333333333333334,0.32,43
4WE_PAIR_008_V02__PLAYER,R0_CURRENT_BASELINE,R3_STATE_CENTRIC_POLICY,0.156,0.05333333333333334,0.32,Quick Attack,Quick Attack,True,0.156,0.05333333333333334,0.32,44
4WE_PAIR_007_V03__PLAYER,R0_CURRENT_BASELINE,R3_STATE_CENTRIC_POLICY,0.15000000000000002,0.05200000000000001,0.31200000000000006,Quick Attack,Quick Attack,True,0.15000000000000002,0.05200000000000001,0.31200000000000006,45
4WE_PAIR_017_V03__PLAYER,R0_CURRENT_BASELINE,R3_STATE_CENTRIC_POLICY,0.15000000000000002,0.05200000000000001,0.31200000000000006,Quick Attack,Quick Attack,True,0.15000000000000002,0.05200000000000001,0.31200000000000006,46
4WE_PAIR_007_V03__OPPONENT,R0_CURRENT_BASELINE,R3_STATE_CENTRIC_POLICY,0.14800000000000002,0.05133333333333334,0.30800000000000005,Quick Attack,Quick Attack,True,0.14800000000000002,0.05133333333333334,0.30800000000000005,47
4WE_PAIR_017_V03__OPPONENT,R0_CURRENT_BASELINE,R3_STATE_CENTRIC_POLICY,0.14800000000000002,0.05133333333333334,0.30800000000000005,Quick Attack,Quick Attack,True,0.14800000000000002,0.05133333333333334,0.30800000000000005,48
4WE_PAIR_007_V02__OPPONENT,R0_CURRENT_BASELINE,R3_STATE_CENTRIC_POLICY,0.14600000000000002,0.05133333333333334,0.30800000000000005,Quick Attack,Quick Attack,True,0.14600000000000002,0.05133333333333334,0.30800000000000005,49
4WE_PAIR_017_V02__OPPONENT,R0_CURRENT_BASELINE,R3_STATE_CENTRIC_POLICY,0.14600000000000002,0.05133333333333334,0.30800000000000005,Quick Attack,Quick Attack,True,0.14600000000000002,0.05133333333333334,0.30800000000000005,50
4WE_PAIR_007_V02__PLAYER,R0_CURRENT_BASELINE,R3_STATE_CENTRIC_POLICY,0.14600000000000002,0.05066666666666667,0.30400000000000005,Quick Attack,Quick Attack,True,0.14600000000000002,0.05066666666666667,0.30400000000000005,51
4WE_PAIR_017_V02__PLAYER,R0_CURRENT_BASELINE,R3_STATE_CENTRIC_POLICY,0.14600000000000002,0.05066666666666667,0.30400000000000005,Quick Attack,Quick Attack,True,0.14600000000000002,0.05066666666666667,0.30400000000000005,52
4WE_PAIR_015_V03__OPPONENT,R0_CURRENT_BASELINE,R3_STATE_CENTRIC_POLICY,0.126,0.042,0.252,Quick Attack,Quick Attack,True,0.126,0.042,0.252,53
4WE_PAIR_016_V03__OPPONENT,R0_CURRENT_BASELINE,R3_STATE_CENTRIC_POLICY,0.126,0.042,0.252,Quick Attack,Quick Attack,True,0.126,0.042,0.252,54
4WE_PAIR_021_V03__OPPONENT,R0_CURRENT_BASELINE,R3_STATE_CENTRIC_POLICY,0.126,0.042,0.252,Quick Attack,Quick Attack,True,0.126,0.042,0.252,55
4WE_PAIR_016_V03__PLAYER,R0_CURRENT_BASELINE,R3_STATE_CENTRIC_POLICY,0.12400000000000001,0.04133333333333333,0.248,Quick Attack,Quick Attack,True,0.12400000000000001,0.04133333333333333,0.248,56
4WE_PAIR_020_V03__PLAYER,R0_CURRENT_BASELINE,R3_STATE_CENTRIC_POLICY,0.124,0.04133333333333333,0.248,Quick Attack,Quick Attack,True,0.124,0.04133333333333333,0.248,57
4WE_PAIR_015_V03__PLAYER,R0_CURRENT_BASELINE,R3_STATE_CENTRIC_POLICY,0.12200000000000001,0.04066666666666666,0.244,Quick Attack,Quick Attack,True,0.12200000000000001,0.04066666666666666,0.244,58
4WE_PAIR_021_V03__PLAYER,R0_CURRENT_BASELINE,R3_STATE_CENTRIC_POLICY,0.12200000000000001,0.04066666666666666,0.244,Quick Attack,Quick Attack,True,0.12200000000000001,0.04066666666666666,0.244,59
4WE_PAIR_005_V03__OPPONENT,R0_CURRENT_BASELINE,R3_STATE_CENTRIC_POLICY,0.12000000000000001,0.04,0.24,Quick Attack,Quick Attack,True,0.12000000000000001,0.04,0.24,60
4WE_PAIR_006_V03__OPPONENT,R0_CURRENT_BASELINE,R3_STATE_CENTRIC_POLICY,0.12000000000000001,0.04,0.24,Quick Attack,Quick Attack,True,0.12000000000000001,0.04,0.24,61
4WE_PAIR_012_V03__OPPONENT,R0_CURRENT_BASELINE,R3_STATE_CENTRIC_POLICY,0.12000000000000001,0.04,0.24,Quick Attack,Quick Attack,True,0.12000000000000001,0.04,0.24,62
4WE_PAIR_015_V02__OPPONENT,R0_CURRENT_BASELINE,R3_STATE_CENTRIC_POLICY,0.11800000000000001,0.03933333333333333,0.236,Quick Attack,Quick Attack,True,0.11800000000000001,0.03933333333333333,0.236,63
4WE_PAIR_016_V02__OPPONENT,R0_CURRENT_BASELINE,R3_STATE_CENTRIC_POLICY,0.11800000000000001,0.03933333333333333,0.236,Quick Attack,Quick Attack,True,0.11800000000000001,0.03933333333333333,0.236,64
4WE_PAIR_021_V02__OPPONENT,R0_CURRENT_BASELINE,R3_STATE_CENTRIC_POLICY,0.11800000000000001,0.03933333333333333,0.236,Quick Attack,Quick Attack,True,0.11800000000000001,0.03933333333333333,0.236,65
4WE_PAIR_001_V03__OPPONENT,R0_CURRENT_BASELINE,R1_REMOVE_LEGAL_SIGNATURE,0.118,0.039999999999999994,0.23999999999999996,Quick Attack,Quick Attack,True,0.118,0.039999999999999994,0.23999999999999996,66
4WE_PAIR_001_V03__PLAYER,R0_CURRENT_BASELINE,R1_REMOVE_LEGAL_SIGNATURE,0.118,0.039999999999999994,0.23999999999999996,Quick Attack,Quick Attack,True,0.118,0.039999999999999994,0.23999999999999996,67
4WE_PAIR_002_V03__OPPONENT,R0_CURRENT_BASELINE,R1_REMOVE_LEGAL_SIGNATURE,0.118,0.039999999999999994,0.23999999999999996,Quick Attack,Quick Attack,True,0.118,0.039999999999999994,0.23999999999999996,68
4WE_PAIR_002_V03__PLAYER,R0_CURRENT_BASELINE,R1_REMOVE_LEGAL_SIGNATURE,0.118,0.039999999999999994,0.23999999999999996,Quick Attack,Quick Attack,True,0.118,0.039999999999999994,0.23999999999999996,69
4WE_PAIR_008_V03__OPPONENT,R0_CURRENT_BASELINE,R1_REMOVE_LEGAL_SIGNATURE,0.118,0.039999999999999994,0.23999999999999996,Quick Attack,Quick Attack,True,0.118,0.039999999999999994,0.23999999999999996,70
4WE_PAIR_008_V03__PLAYER,R0_CURRENT_BASELINE,R1_REMOVE_LEGAL_SIGNATURE,0.118,0.039999999999999994,0.23999999999999996,Quick Attack,Quick Attack,True,0.118,0.039999999999999994,0.23999999999999996,71
4WE_PAIR_009_V03__OPPONENT,R0_CURRENT_BASELINE,R1_REMOVE_LEGAL_SIGNATURE,0.118,0.039999999999999994,0.23999999999999996,Quick Attack,Quick Attack,True,0.118,0.039999999999999994,0.23999999999999996,72
4WE_PAIR_009_V03__PLAYER,R0_CURRENT_BASELINE,R1_REMOVE_LEGAL_SIGNATURE,0.118,0.039999999999999994,0.23999999999999996,Quick Attack,Quick Attack,True,0.118,0.039999999999999994,0.23999999999999996,73
4WE_PAIR_013_V03__OPPONENT,R0_CURRENT_BASELINE,R1_REMOVE_LEGAL_SIGNATURE,0.118,0.039999999999999994,0.23999999999999996,Quick Attack,Quick Attack,True,0.118,0.039999999999999994,0.23999999999999996,74
4WE_PAIR_013_V03__PLAYER,R0_CURRENT_BASELINE,R1_REMOVE_LEGAL_SIGNATURE,0.118,0.039999999999999994,0.23999999999999996,Quick Attack,Quick Attack,True,0.118,0.039999999999999994,0.23999999999999996,75
4WE_PAIR_014_V03__OPPONENT,R0_CURRENT_BASELINE,R1_REMOVE_LEGAL_SIGNATURE,0.118,0.039999999999999994,0.23999999999999996,Quick Attack,Quick Attack,True,0.118,0.039999999999999994,0.23999999999999996,76
4WE_PAIR_014_V03__PLAYER,R0_CURRENT_BASELINE,R1_REMOVE_LEGAL_SIGNATURE,0.118,0.039999999999999994,0.23999999999999996,Quick Attack,Quick Attack,True,0.118,0.039999999999999994,0.23999999999999996,77
4WE_PAIR_018_V03__OPPONENT,R0_CURRENT_BASELINE,R1_REMOVE_LEGAL_SIGNATURE,0.118,0.039999999999999994,0.23999999999999996,Quick Attack,Quick Attack,True,0.118,0.039999999999999994,0.23999999999999996,78
4WE_PAIR_018_V03__PLAYER,R0_CURRENT_BASELINE,R1_REMOVE_LEGAL_SIGNATURE,0.118,0.039999999999999994,0.23999999999999996,Quick Attack,Quick Attack,True,0.118,0.039999999999999994,0.23999999999999996,79
4WE_PAIR_019_V03__OPPONENT,R0_CURRENT_BASELINE,R1_REMOVE_LEGAL_SIGNATURE,0.118,0.039999999999999994,0.23999999999999996,Quick Attack,Quick Attack,True,0.118,0.039999999999999994,0.23999999999999996,80
4WE_PAIR_019_V03__PLAYER,R0_CURRENT_BASELINE,R1_REMOVE_LEGAL_SIGNATURE,0.118,0.039999999999999994,0.23999999999999996,Quick Attack,Quick Attack,True,0.118,0.039999999999999994,0.23999999999999996,81
4WE_PAIR_020_V03__OPPONENT,R0_CURRENT_BASELINE,R3_STATE_CENTRIC_POLICY,0.118,0.03933333333333333,0.236,Quick Attack,Quick Attack,True,0.118,0.03933333333333333,0.236,82
4WE_PAIR_006_V03__PLAYER,R0_CURRENT_BASELINE,R3_STATE_CENTRIC_POLICY,0.116,0.03866666666666666,0.23199999999999998,Quick Attack,Quick Attack,True,0.116,0.03866666666666666,0.23199999999999998,83
4WE_PAIR_007_V04__PLAYER,R0_CURRENT_BASELINE,R3_STATE_CENTRIC_POLICY,0.11599999999999999,0.04133333333333333,0.248,Quick Attack,Quick Attack,True,0.11599999999999999,0.04133333333333333,0.248,84
4WE_PAIR_001_V02__PLAYER,R0_CURRENT_BASELINE,R1_REMOVE_LEGAL_SIGNATURE,0.11599999999999999,0.039333333333333324,0.23599999999999996,Quick Attack,Quick Attack,True,0.11599999999999999,0.039333333333333324,0.23599999999999996,85
4WE_PAIR_002_V02__PLAYER,R0_CURRENT_BASELINE,R1_REMOVE_LEGAL_SIGNATURE,0.11599999999999999,0.039333333333333324,0.23599999999999996,Quick Attack,Quick Attack,True,0.11599999999999999,0.039333333333333324,0.23599999999999996,86
4WE_PAIR_008_V02__PLAYER,R0_CURRENT_BASELINE,R1_REMOVE_LEGAL_SIGNATURE,0.11599999999999999,0.039333333333333324,0.23599999999999996,Quick Attack,Quick Attack,True,0.11599999999999999,0.039333333333333324,0.23599999999999996,87
4WE_PAIR_009_V02__PLAYER,R0_CURRENT_BASELINE,R1_REMOVE_LEGAL_SIGNATURE,0.11599999999999999,0.039333333333333324,0.23599999999999996,Quick Attack,Quick Attack,True,0.11599999999999999,0.039333333333333324,0.23599999999999996,88
4WE_PAIR_013_V02__PLAYER,R0_CURRENT_BASELINE,R1_REMOVE_LEGAL_SIGNATURE,0.11599999999999999,0.039333333333333324,0.23599999999999996,Quick Attack,Quick Attack,True,0.11599999999999999,0.039333333333333324,0.23599999999999996,89
4WE_PAIR_014_V02__PLAYER,R0_CURRENT_BASELINE,R1_REMOVE_LEGAL_SIGNATURE,0.11599999999999999,0.039333333333333324,0.23599999999999996,Quick Attack,Quick Attack,True,0.11599999999999999,0.039333333333333324,0.23599999999999996,90
4WE_PAIR_018_V02__PLAYER,R0_CURRENT_BASELINE,R1_REMOVE_LEGAL_SIGNATURE,0.11599999999999999,0.039333333333333324,0.23599999999999996,Quick Attack,Quick Attack,True,0.11599999999999999,0.039333333333333324,0.23599999999999996,91
4WE_PAIR_019_V02__PLAYER,R0_CURRENT_BASELINE,R1_REMOVE_LEGAL_SIGNATURE,0.11599999999999999,0.039333333333333324,0.23599999999999996,Quick Attack,Quick Attack,True,0.11599999999999999,0.039333333333333324,0.23599999999999996,92
4WE_PAIR_001_V02__OPPONENT,R0_CURRENT_BASELINE,R1_REMOVE_LEGAL_SIGNATURE,0.11599999999999999,0.03866666666666666,0.23199999999999998,Quick Attack,Quick Attack,True,0.11599999999999999,0.03866666666666666,0.23199999999999998,93
4WE_PAIR_002_V02__OPPONENT,R0_CURRENT_BASELINE,R1_REMOVE_LEGAL_SIGNATURE,0.11599999999999999,0.03866666666666666,0.23199999999999998,Quick Attack,Quick Attack,True,0.11599999999999999,0.03866666666666666,0.23199999999999998,94
4WE_PAIR_008_V02__OPPONENT,R0_CURRENT_BASELINE,R1_REMOVE_LEGAL_SIGNATURE,0.11599999999999999,0.03866666666666666,0.23199999999999998,Quick Attack,Quick Attack,True,0.11599999999999999,0.03866666666666666,0.23199999999999998,95
4WE_PAIR_009_V02__OPPONENT,R0_CURRENT_BASELINE,R1_REMOVE_LEGAL_SIGNATURE,0.11599999999999999,0.03866666666666666,0.23199999999999998,Quick Attack,Quick Attack,True,0.11599999999999999,0.03866666666666666,0.23199999999999998,96
4WE_PAIR_013_V02__OPPONENT,R0_CURRENT_BASELINE,R1_REMOVE_LEGAL_SIGNATURE,0.11599999999999999,0.03866666666666666,0.23199999999999998,Quick Attack,Quick Attack,True,0.11599999999999999,0.03866666666666666,0.23199999999999998,97
4WE_PAIR_014_V02__OPPONENT,R0_CURRENT_BASELINE,R1_REMOVE_LEGAL_SIGNATURE,0.11599999999999999,0.03866666666666666,0.23199999999999998,Quick Attack,Quick Attack,True,0.11599999999999999,0.03866666666666666,0.23199999999999998,98
4WE_PAIR_018_V02__OPPONENT,R0_CURRENT_BASELINE,R1_REMOVE_LEGAL_SIGNATURE,0.11599999999999999,0.03866666666666666,0.23199999999999998,Quick Attack,Quick Attack,True,0.11599999999999999,0.03866666666666666,0.23199999999999998,99
4WE_PAIR_019_V02__OPPONENT,R0_CURRENT_BASELINE,R1_REMOVE_LEGAL_SIGNATURE,0.11599999999999999,0.03866666666666666,0.23199999999999998,Quick Attack,Quick Attack,True,0.11599999999999999,0.03866666666666666,0.23199999999999998,100
4WE_PAIR_011_V03__PLAYER,R0_CURRENT_BASELINE,R3_STATE_CENTRIC_POLICY,0.11599999999999999,0.03866666666666666,0.23199999999999998,Quick Attack,Quick Attack,True,0.11599999999999999,0.03866666666666666,0.23199999999999998,101
4WE_PAIR_007_V03__OPPONENT,R0_CURRENT_BASELINE,R1_REMOVE_LEGAL_SIGNATURE,0.11400000000000002,0.03866666666666667,0.232,Quick Attack,Quick Attack,True,0.11400000000000002,0.03866666666666667,0.232,102
4WE_PAIR_007_V03__PLAYER,R0_CURRENT_BASELINE,R1_REMOVE_LEGAL_SIGNATURE,0.11400000000000002,0.03866666666666667,0.232,Quick Attack,Quick Attack,True,0.11400000000000002,0.03866666666666667,0.232,103
4WE_PAIR_017_V03__OPPONENT,R0_CURRENT_BASELINE,R1_REMOVE_LEGAL_SIGNATURE,0.11400000000000002,0.03866666666666667,0.232,Quick Attack,Quick Attack,True,0.11400000000000002,0.03866666666666667,0.232,104
4WE_PAIR_017_V03__PLAYER,R0_CURRENT_BASELINE,R1_REMOVE_LEGAL_SIGNATURE,0.11400000000000002,0.03866666666666667,0.232,Quick Attack,Quick Attack,True,0.11400000000000002,0.03866666666666667,0.232,105
4WE_PAIR_004_V02__PLAYER,R0_CURRENT_BASELINE,R1_REMOVE_LEGAL_SIGNATURE,0.11400000000000002,0.03866666666666666,0.23199999999999998,Quick Attack,Quick Attack,True,0.11400000000000002,0.03866666666666666,0.23199999999999998,106
4WE_PAIR_004_V02__OPPONENT,R0_CURRENT_BASELINE,R1_REMOVE_LEGAL_SIGNATURE,0.11400000000000002,0.038,0.22799999999999998,Quick Attack,Quick Attack,True,0.11400000000000002,0.038,0.22799999999999998,107
4WE_PAIR_016_V03__OPPONENT,R0_CURRENT_BASELINE,R1_REMOVE_LEGAL_SIGNATURE,0.114,0.03800000000000001,0.2280000000000001,Quick Attack,Quick Attack,True,0.114,0.03800000000000001,0.2280000000000001,108
4WE_PAIR_015_V03__OPPONENT,R0_CURRENT_BASELINE,R1_REMOVE_LEGAL_SIGNATURE,0.114,0.038,0.22799999999999998,Quick Attack,Quick Attack,True,0.114,0.038,0.22799999999999998,109
4WE_PAIR_021_V03__OPPONENT,R0_CURRENT_BASELINE,R1_REMOVE_LEGAL_SIGNATURE,0.114,0.038,0.22799999999999998,Quick Attack,Quick Attack,True,0.114,0.038,0.22799999999999998,110
4WE_PAIR_005_V03__PLAYER,R0_CURRENT_BASELINE,R3_STATE_CENTRIC_POLICY,0.114,0.038,0.22799999999999998,Quick Attack,Quick Attack,True,0.114,0.038,0.22799999999999998,111
4WE_PAIR_012_V03__PLAYER,R0_CURRENT_BASELINE,R3_STATE_CENTRIC_POLICY,0.114,0.038,0.22799999999999998,Quick Attack,Quick Attack,True,0.114,0.038,0.22799999999999998,112
4WE_PAIR_017_V04__PLAYER,R0_CURRENT_BASELINE,R3_STATE_CENTRIC_POLICY,0.11399999999999999,0.04066666666666666,0.244,Quick Attack,Quick Attack,True,0.11399999999999999,0.04066666666666666,0.244,113
4WE_PAIR_003_V02__PLAYER,R0_CURRENT_BASELINE,R1_REMOVE_LEGAL_SIGNATURE,0.11399999999999999,0.03866666666666666,0.23199999999999996,Quick Attack,Quick Attack,True,0.11399999999999999,0.03866666666666666,0.23199999999999996,114
4WE_PAIR_010_V02__PLAYER,R0_CURRENT_BASELINE,R1_REMOVE_LEGAL_SIGNATURE,0.11399999999999999,0.03866666666666666,0.23199999999999996,Quick Attack,Quick Attack,True,0.11399999999999999,0.03866666666666666,0.23199999999999996,115
4WE_PAIR_003_V02__OPPONENT,R0_CURRENT_BASELINE,R1_REMOVE_LEGAL_SIGNATURE,0.11399999999999999,0.038,0.22799999999999998,Quick Attack,Quick Attack,True,0.11399999999999999,0.038,0.22799999999999998,116
4WE_PAIR_010_V02__OPPONENT,R0_CURRENT_BASELINE,R1_REMOVE_LEGAL_SIGNATURE,0.11399999999999999,0.038,0.22799999999999998,Quick Attack,Quick Attack,True,0.11399999999999999,0.038,0.22799999999999998,117
4WE_PAIR_022_V03__OPPONENT,R0_CURRENT_BASELINE,R3_STATE_CENTRIC_POLICY,0.11399999999999999,0.038,0.22799999999999998,Quick Attack,Quick Attack,True,0.11399999999999999,0.038,0.22799999999999998,118
4WE_PAIR_022_V03__PLAYER,R0_CURRENT_BASELINE,R3_STATE_CENTRIC_POLICY,0.11399999999999999,0.038,0.22799999999999998,Quick Attack,Quick Attack,True,0.11399999999999999,0.038,0.22799999999999998,119
4WE_PAIR_007_V02__PLAYER,R0_CURRENT_BASELINE,R1_REMOVE_LEGAL_SIGNATURE,0.11200000000000002,0.038,0.228,Quick Attack,Quick Attack,True,0.11200000000000002,0.038,0.228,120
4WE_PAIR_017_V02__PLAYER,R0_CURRENT_BASELINE,R1_REMOVE_LEGAL_SIGNATURE,0.11200000000000002,0.038,0.228,Quick Attack,Quick Attack,True,0.11200000000000002,0.038,0.228,121
4WE_PAIR_003_V03__OPPONENT,R0_CURRENT_BASELINE,R1_REMOVE_LEGAL_SIGNATURE,0.11200000000000002,0.038,0.22799999999999998,Quick Attack,Quick Attack,True,0.11200000000000002,0.038,0.22799999999999998,122
4WE_PAIR_003_V03__PLAYER,R0_CURRENT_BASELINE,R1_REMOVE_LEGAL_SIGNATURE,0.11200000000000002,0.038,0.22799999999999998,Quick Attack,Quick Attack,True,0.11200000000000002,0.038,0.22799999999999998,123
4WE_PAIR_004_V03__OPPONENT,R0_CURRENT_BASELINE,R1_REMOVE_LEGAL_SIGNATURE,0.11200000000000002,0.038,0.22799999999999998,Quick Attack,Quick Attack,True,0.11200000000000002,0.038,0.22799999999999998,124
4WE_PAIR_004_V03__PLAYER,R0_CURRENT_BASELINE,R1_REMOVE_LEGAL_SIGNATURE,0.11200000000000002,0.038,0.22799999999999998,Quick Attack,Quick Attack,True,0.11200000000000002,0.038,0.22799999999999998,125
4WE_PAIR_010_V03__OPPONENT,R0_CURRENT_BASELINE,R1_REMOVE_LEGAL_SIGNATURE,0.11200000000000002,0.038,0.22799999999999998,Quick Attack,Quick Attack,True,0.11200000000000002,0.038,0.22799999999999998,126
4WE_PAIR_010_V03__PLAYER,R0_CURRENT_BASELINE,R1_REMOVE_LEGAL_SIGNATURE,0.11200000000000002,0.038,0.22799999999999998,Quick Attack,Quick Attack,True,0.11200000000000002,0.038,0.22799999999999998,127
4WE_PAIR_007_V02__OPPONENT,R0_CURRENT_BASELINE,R1_REMOVE_LEGAL_SIGNATURE,0.11200000000000002,0.037333333333333336,0.224,Quick Attack,Quick Attack,True,0.11200000000000002,0.037333333333333336,0.224,128
4WE_PAIR_017_V02__OPPONENT,R0_CURRENT_BASELINE,R1_REMOVE_LEGAL_SIGNATURE,0.11200000000000002,0.037333333333333336,0.224,Quick Attack,Quick Attack,True,0.11200000000000002,0.037333333333333336,0.224,129
4WE_PAIR_006_V02__OPPONENT,R0_CURRENT_BASELINE,R3_STATE_CENTRIC_POLICY,0.112,0.03733333333333335,0.2240000000000001,Quick Attack,Quick Attack,True,0.112,0.03733333333333335,0.2240000000000001,130
4WE_PAIR_005_V02__OPPONENT,R0_CURRENT_BASELINE,R3_STATE_CENTRIC_POLICY,0.112,0.03733333333333333,0.22399999999999998,Quick Attack,Quick Attack,True,0.112,0.03733333333333333,0.22399999999999998,131
4WE_PAIR_012_V02__OPPONENT,R0_CURRENT_BASELINE,R3_STATE_CENTRIC_POLICY,0.112,0.03733333333333333,0.22399999999999998,Quick Attack,Quick Attack,True,0.112,0.03733333333333333,0.22399999999999998,132
4WE_PAIR_007_V01__PLAYER,R0_CURRENT_BASELINE,R3_STATE_CENTRIC_POLICY,0.11199999999999999,0.04,0.24,Quick Attack,Quick Attack,True,0.11199999999999999,0.04,0.24,133
4WE_PAIR_011_V03__OPPONENT,R0_CURRENT_BASELINE,R3_STATE_CENTRIC_POLICY,0.11199999999999999,0.03733333333333333,0.22399999999999998,Quick Attack,Quick Attack,True,0.11199999999999999,0.03733333333333333,0.22399999999999998,134
4WE_PAIR_020_V02__OPPONENT,R0_CURRENT_BASELINE,R3_STATE_CENTRIC_POLICY,0.11199999999999999,0.03733333333333333,0.22399999999999998,Quick Attack,Quick Attack,True,0.11199999999999999,0.03733333333333333,0.22399999999999998,135
4WE_PAIR_020_V02__PLAYER,R0_CURRENT_BASELINE,R3_STATE_CENTRIC_POLICY,0.11199999999999999,0.03733333333333333,0.22399999999999998,Quick Attack,Quick Attack,True,0.11199999999999999,0.03733333333333333,0.22399999999999998,136
4WE_PAIR_005_V03__OPPONENT,R0_CURRENT_BASELINE,R1_REMOVE_LEGAL_SIGNATURE,0.11,0.03666666666666668,0.22000000000000008,Quick Attack,Quick Attack,True,0.11,0.03666666666666668,0.22000000000000008,137
4WE_PAIR_006_V03__OPPONENT,R0_CURRENT_BASELINE,R1_REMOVE_LEGAL_SIGNATURE,0.11,0.03666666666666668,0.22000000000000008,Quick Attack,Quick Attack,True,0.11,0.03666666666666668,0.22000000000000008,138
4WE_PAIR_012_V03__OPPONENT,R0_CURRENT_BASELINE,R1_REMOVE_LEGAL_SIGNATURE,0.11,0.03666666666666668,0.22000000000000008,Quick Attack,Quick Attack,True,0.11,0.03666666666666668,0.22000000000000008,139
4WE_PAIR_015_V02__OPPONENT,R0_CURRENT_BASELINE,R1_REMOVE_LEGAL_SIGNATURE,0.11,0.03666666666666668,0.22000000000000008,Quick Attack,Quick Attack,True,0.11,0.03666666666666668,0.22000000000000008,140
4WE_PAIR_016_V02__OPPONENT,R0_CURRENT_BASELINE,R1_REMOVE_LEGAL_SIGNATURE,0.11,0.03666666666666668,0.22000000000000008,Quick Attack,Quick Attack,True,0.11,0.03666666666666668,0.22000000000000008,141
4WE_PAIR_021_V02__OPPONENT,R0_CURRENT_BASELINE,R1_REMOVE_LEGAL_SIGNATURE,0.11,0.03666666666666668,0.22000000000000008,Quick Attack,Quick Attack,True,0.11,0.03666666666666668,0.22000000000000008,142
4WE_PAIR_016_V02__PLAYER,R0_CURRENT_BASELINE,R3_STATE_CENTRIC_POLICY,0.11,0.03666666666666668,0.22000000000000008,Quick Attack,Quick Attack,True,0.11,0.03666666666666668,0.22000000000000008,143
4WE_PAIR_007_V01__OPPONENT,R0_CURRENT_BASELINE,R3_STATE_CENTRIC_POLICY,0.10999999999999999,0.03933333333333334,0.23600000000000002,Quick Attack,Quick Attack,True,0.10999999999999999,0.03933333333333334,0.23600000000000002,144
4WE_PAIR_017_V01__OPPONENT,R0_CURRENT_BASELINE,R3_STATE_CENTRIC_POLICY,0.10999999999999999,0.03933333333333334,0.23600000000000002,Quick Attack,Quick Attack,True,0.10999999999999999,0.03933333333333334,0.23600000000000002,145
4WE_PAIR_017_V01__PLAYER,R0_CURRENT_BASELINE,R3_STATE_CENTRIC_POLICY,0.10999999999999999,0.03933333333333334,0.23600000000000002,Quick Attack,Quick Attack,True,0.10999999999999999,0.03933333333333334,0.23600000000000002,146
4WE_PAIR_002_V04__PLAYER,R0_CURRENT_BASELINE,R3_STATE_CENTRIC_POLICY,0.10999999999999999,0.03933333333333333,0.236,Quick Attack,Quick Attack,True,0.10999999999999999,0.03933333333333333,0.236,147
4WE_PAIR_009_V04__PLAYER,R0_CURRENT_BASELINE,R3_STATE_CENTRIC_POLICY,0.10999999999999999,0.03933333333333333,0.236,Quick Attack,Quick Attack,True,0.10999999999999999,0.03933333333333333,0.236,148
4WE_PAIR_007_V04__OPPONENT,R0_CURRENT_BASELINE,R3_STATE_CENTRIC_POLICY,0.10999999999999999,0.03866666666666667,0.232,Quick Attack,Quick Attack,True,0.10999999999999999,0.03866666666666667,0.232,149
4WE_PAIR_017_V04__OPPONENT,R0_CURRENT_BASELINE,R3_STATE_CENTRIC_POLICY,0.10999999999999999,0.03866666666666667,0.232,Quick Attack,Quick Attack,True,0.10999999999999999,0.03866666666666667,0.232,150
4WE_PAIR_011_V02__PLAYER,R0_CURRENT_BASELINE,R3_STATE_CENTRIC_POLICY,0.10999999999999999,0.03666666666666666,0.21999999999999997,Quick Attack,Quick Attack,True,0.10999999999999999,0.03666666666666666,0.21999999999999997,151
4WE_PAIR_015_V03__PLAYER,R0_CURRENT_BASELINE,R1_REMOVE_LEGAL_SIGNATURE,0.108,0.03600000000000001,0.21600000000000008,Quick Attack,Quick Attack,True,0.108,0.03600000000000001,0.21600000000000008,152
4WE_PAIR_016_V03__PLAYER,R0_CURRENT_BASELINE,R1_REMOVE_LEGAL_SIGNATURE,0.108,0.03600000000000001,0.21600000000000008,Quick Attack,Quick Attack,True,0.108,0.03600000000000001,0.21600000000000008,153
4WE_PAIR_021_V03__PLAYER,R0_CURRENT_BASELINE,R1_REMOVE_LEGAL_SIGNATURE,0.108,0.03600000000000001,0.21600000000000008,Quick Attack,Quick Attack,True,0.108,0.03600000000000001,0.21600000000000008,154
4WE_PAIR_006_V02__PLAYER,R0_CURRENT_BASELINE,R3_STATE_CENTRIC_POLICY,0.108,0.03600000000000001,0.21600000000000008,Quick Attack,Quick Attack,True,0.108,0.03600000000000001,0.21600000000000008,155
4WE_PAIR_015_V02__PLAYER,R0_CURRENT_BASELINE,R3_STATE_CENTRIC_POLICY,0.108,0.03600000000000001,0.21600000000000008,Quick Attack,Quick Attack,True,0.108,0.03600000000000001,0.21600000000000008,156
4WE_PAIR_021_V02__PLAYER,R0_CURRENT_BASELINE,R3_STATE_CENTRIC_POLICY,0.108,0.03600000000000001,0.21600000000000008,Quick Attack,Quick Attack,True,0.108,0.03600000000000001,0.21600000000000008,157
4WE_PAIR_020_V03__OPPONENT,R0_CURRENT_BASELINE,R1_REMOVE_LEGAL_SIGNATURE,0.108,0.036,0.21599999999999997,Quick Attack,Quick Attack,True,0.108,0.036,0.21599999999999997,158
4WE_PAIR_001_V04__PLAYER,R0_CURRENT_BASELINE,R3_STATE_CENTRIC_POLICY,0.10799999999999998,0.03866666666666666,0.23199999999999998,Quick Attack,Quick Attack,True,0.10799999999999998,0.03866666666666666,0.23199999999999998,159
4WE_PAIR_008_V04__PLAYER,R0_CURRENT_BASELINE,R3_STATE_CENTRIC_POLICY,0.10799999999999998,0.03866666666666666,0.23199999999999998,Quick Attack,Quick Attack,True,0.10799999999999998,0.03866666666666666,0.23199999999999998,160
4WE_PAIR_014_V04__PLAYER,R0_CURRENT_BASELINE,R3_STATE_CENTRIC_POLICY,0.10799999999999998,0.03866666666666666,0.23199999999999998,Quick Attack,Quick Attack,True,0.10799999999999998,0.03866666666666666,0.23199999999999998,161
4WE_PAIR_019_V04__PLAYER,R0_CURRENT_BASELINE,R3_STATE_CENTRIC_POLICY,0.10799999999999998,0.03866666666666666,0.23199999999999998,Quick Attack,Quick Attack,True,0.10799999999999998,0.03866666666666666,0.23199999999999998,162
4WE_PAIR_023_V03__OPPONENT,R0_CURRENT_BASELINE,R3_STATE_CENTRIC_POLICY,0.10799999999999998,0.036,0.21599999999999997,Quick Attack,Quick Attack,True,0.10799999999999998,0.036,0.21599999999999997,163
4WE_PAIR_023_V03__PLAYER,R0_CURRENT_BASELINE,R3_STATE_CENTRIC_POLICY,0.10799999999999998,0.036,0.21599999999999997,Quick Attack,Quick Attack,True,0.10799999999999998,0.036,0.21599999999999997,164
4WE_PAIR_020_V03__PLAYER,R0_CURRENT_BASELINE,R1_REMOVE_LEGAL_SIGNATURE,0.1060000000000001,0.03533333333333335,0.21200000000000008,Quick Attack,Quick Attack,True,0.1060000000000001,0.03533333333333335,0.21200000000000008,165
4WE_PAIR_005_V02__OPPONENT,R0_CURRENT_BASELINE,R1_REMOVE_LEGAL_SIGNATURE,0.106,0.03533333333333335,0.21200000000000008,Quick Attack,Quick Attack,True,0.106,0.03533333333333335,0.21200000000000008,166
4WE_PAIR_006_V02__OPPONENT,R0_CURRENT_BASELINE,R1_REMOVE_LEGAL_SIGNATURE,0.106,0.03533333333333335,0.21200000000000008,Quick Attack,Quick Attack,True,0.106,0.03533333333333335,0.21200000000000008,167
4WE_PAIR_012_V02__OPPONENT,R0_CURRENT_BASELINE,R1_REMOVE_LEGAL_SIGNATURE,0.106,0.03533333333333335,0.21200000000000008,Quick Attack,Quick Attack,True,0.106,0.03533333333333335,0.21200000000000008,168
4WE_PAIR_005_V02__PLAYER,R0_CURRENT_BASELINE,R3_STATE_CENTRIC_POLICY,0.106,0.03533333333333335,0.21200000000000008,Quick Attack,Quick Attack,True,0.106,0.03533333333333335,0.21200000000000008,169
4WE_PAIR_012_V02__PLAYER,R0_CURRENT_BASELINE,R3_STATE_CENTRIC_POLICY,0.106,0.03533333333333335,0.21200000000000008,Quick Attack,Quick Attack,True,0.106,0.03533333333333335,0.21200000000000008,170
4WE_PAIR_013_V04__PLAYER,R0_CURRENT_BASELINE,R3_STATE_CENTRIC_POLICY,0.10599999999999998,0.038,0.22799999999999998,Quick Attack,Quick Attack,True,0.10599999999999998,0.038,0.22799999999999998,171
4WE_PAIR_018_V04__PLAYER,R0_CURRENT_BASELINE,R3_STATE_CENTRIC_POLICY,0.10599999999999998,0.038,0.22799999999999998,Quick Attack,Quick Attack,True,0.10599999999999998,0.038,0.22799999999999998,172
4WE_PAIR_022_V02__OPPONENT,R0_CURRENT_BASELINE,R3_STATE_CENTRIC_POLICY,0.10599999999999998,0.035333333333333335,0.212,Quick Attack,Quick Attack,True,0.10599999999999998,0.035333333333333335,0.212,173
4WE_PAIR_011_V02__OPPONENT,R0_CURRENT_BASELINE,R3_STATE_CENTRIC_POLICY,0.10599999999999998,0.03533333333333333,0.21199999999999997,Quick Attack,Quick Attack,True,0.10599999999999998,0.03533333333333333,0.21199999999999997,174
4WE_PAIR_022_V03__OPPONENT,R0_CURRENT_BASELINE,R1_REMOVE_LEGAL_SIGNATURE,0.10400000000000009,0.03466666666666668,0.20800000000000007,Quick Attack,Quick Attack,True,0.10400000000000009,0.03466666666666668,0.20800000000000007,175
4WE_PAIR_023_V03__OPPONENT,R0_CURRENT_BASELINE,R1_REMOVE_LEGAL_SIGNATURE,0.10400000000000009,0.03466666666666668,0.20800000000000007,Quick Attack,Quick Attack,True,0.10400000000000009,0.03466666666666668,0.20800000000000007,176
4WE_PAIR_005_V03__PLAYER,R0_CURRENT_BASELINE,R1_REMOVE_LEGAL_SIGNATURE,0.104,0.03466666666666668,0.20800000000000007,Quick Attack,Quick Attack,True,0.104,0.03466666666666668,0.20800000000000007,177
4WE_PAIR_006_V03__PLAYER,R0_CURRENT_BASELINE,R1_REMOVE_LEGAL_SIGNATURE,0.104,0.03466666666666668,0.20800000000000007,Quick Attack,Quick Attack,True,0.104,0.03466666666666668,0.20800000000000007,178
4WE_PAIR_012_V03__PLAYER,R0_CURRENT_BASELINE,R1_REMOVE_LEGAL_SIGNATURE,0.104,0.03466666666666668,0.20800000000000007,Quick Attack,Quick Attack,True,0.104,0.03466666666666668,0.20800000000000007,179
4WE_PAIR_011_V03__OPPONENT,R0_CURRENT_BASELINE,R1_REMOVE_LEGAL_SIGNATURE,0.104,0.03466666666666666,0.20799999999999996,Quick Attack,Quick Attack,True,0.104,0.03466666666666666,0.20799999999999996,180
4WE_PAIR_020_V02__OPPONENT,R0_CURRENT_BASELINE,R1_REMOVE_LEGAL_SIGNATURE,0.104,0.03466666666666666,0.20799999999999996,Quick Attack,Quick Attack,True,0.104,0.03466666666666666,0.20799999999999996,181
4WE_PAIR_002_V01__PLAYER,R0_CURRENT_BASELINE,R3_STATE_CENTRIC_POLICY,0.10399999999999998,0.03733333333333333,0.22399999999999998,Quick Attack,Quick Attack,True,0.10399999999999998,0.03733333333333333,0.22399999999999998,182
4WE_PAIR_003_V04__PLAYER,R0_CURRENT_BASELINE,R3_STATE_CENTRIC_POLICY,0.10399999999999998,0.03733333333333333,0.22399999999999998,Quick Attack,Quick Attack,True,0.10399999999999998,0.03733333333333333,0.22399999999999998,183
4WE_PAIR_004_V04__PLAYER,R0_CURRENT_BASELINE,R3_STATE_CENTRIC_POLICY,0.10399999999999998,0.03733333333333333,0.22399999999999998,Quick Attack,Quick Attack,True,0.10399999999999998,0.03733333333333333,0.22399999999999998,184
4WE_PAIR_009_V01__PLAYER,R0_CURRENT_BASELINE,R3_STATE_CENTRIC_POLICY,0.10399999999999998,0.03733333333333333,0.22399999999999998,Quick Attack,Quick Attack,True,0.10399999999999998,0.03733333333333333,0.22399999999999998,185
4WE_PAIR_010_V04__PLAYER,R0_CURRENT_BASELINE,R3_STATE_CENTRIC_POLICY,0.10399999999999998,0.03733333333333333,0.22399999999999998,Quick Attack,Quick Attack,True,0.10399999999999998,0.03733333333333333,0.22399999999999998,186
4WE_PAIR_022_V02__PLAYER,R0_CURRENT_BASELINE,R3_STATE_CENTRIC_POLICY,0.10200000000000009,0.034000000000000016,0.2040000000000001,Quick Attack,Quick Attack,True,0.10200000000000009,0.034000000000000016,0.2040000000000001,187
4WE_PAIR_023_V02__OPPONENT,R0_CURRENT_BASELINE,R3_STATE_CENTRIC_POLICY,0.10200000000000009,0.034000000000000016,0.2040000000000001,Quick Attack,Quick Attack,True,0.10200000000000009,0.034000000000000016,0.2040000000000001,188
4WE_PAIR_023_V02__PLAYER,R0_CURRENT_BASELINE,R3_STATE_CENTRIC_POLICY,0.10200000000000009,0.034000000000000016,0.2040000000000001,Quick Attack,Quick Attack,True,0.10200000000000009,0.034000000000000016,0.2040000000000001,189
4WE_PAIR_011_V03__PLAYER,R0_CURRENT_BASELINE,R1_REMOVE_LEGAL_SIGNATURE,0.10200000000000009,0.03400000000000001,0.20400000000000007,Quick Attack,Quick Attack,True,0.10200000000000009,0.03400000000000001,0.20400000000000007,190
4WE_PAIR_020_V02__PLAYER,R0_CURRENT_BASELINE,R1_REMOVE_LEGAL_SIGNATURE,0.10200000000000009,0.03400000000000001,0.20400000000000007,Quick Attack,Quick Attack,True,0.10200000000000009,0.03400000000000001,0.20400000000000007,191
4WE_PAIR_022_V02__OPPONENT,R0_CURRENT_BASELINE,R1_REMOVE_LEGAL_SIGNATURE,0.10200000000000009,0.03400000000000001,0.20400000000000007,Quick Attack,Quick Attack,True,0.10200000000000009,0.03400000000000001,0.20400000000000007,192
4WE_PAIR_022_V03__PLAYER,R0_CURRENT_BASELINE,R1_REMOVE_LEGAL_SIGNATURE,0.10200000000000009,0.03400000000000001,0.20400000000000007,Quick Attack,Quick Attack,True,0.10200000000000009,0.03400000000000001,0.20400000000000007,193
4WE_PAIR_023_V02__OPPONENT,R0_CURRENT_BASELINE,R1_REMOVE_LEGAL_SIGNATURE,0.10200000000000009,0.03400000000000001,0.20400000000000007,Quick Attack,Quick Attack,True,0.10200000000000009,0.03400000000000001,0.20400000000000007,194
4WE_PAIR_023_V03__PLAYER,R0_CURRENT_BASELINE,R1_REMOVE_LEGAL_SIGNATURE,0.10200000000000009,0.03400000000000001,0.20400000000000007,Quick Attack,Quick Attack,True,0.10200000000000009,0.03400000000000001,0.20400000000000007,195
4WE_PAIR_015_V02__PLAYER,R0_CURRENT_BASELINE,R1_REMOVE_LEGAL_SIGNATURE,0.102,0.03400000000000001,0.20400000000000007,Quick Attack,Quick Attack,True,0.102,0.03400000000000001,0.20400000000000007,196
4WE_PAIR_016_V02__PLAYER,R0_CURRENT_BASELINE,R1_REMOVE_LEGAL_SIGNATURE,0.102,0.03400000000000001,0.20400000000000007,Quick Attack,Quick Attack,True,0.102,0.03400000000000001,0.20400000000000007,197
4WE_PAIR_021_V02__PLAYER,R0_CURRENT_BASELINE,R1_REMOVE_LEGAL_SIGNATURE,0.102,0.03400000000000001,0.20400000000000007,Quick Attack,Quick Attack,True,0.102,0.03400000000000001,0.20400000000000007,198
4WE_PAIR_001_V01__PLAYER,R0_CURRENT_BASELINE,R3_STATE_CENTRIC_POLICY,0.10199999999999998,0.03666666666666666,0.21999999999999997,Quick Attack,Quick Attack,True,0.10199999999999998,0.03666666666666666,0.21999999999999997,199
4WE_PAIR_002_V01__OPPONENT,R0_CURRENT_BASELINE,R3_STATE_CENTRIC_POLICY,0.10199999999999998,0.03666666666666666,0.21999999999999997,Quick Attack,Quick Attack,True,0.10199999999999998,0.03666666666666666,0.21999999999999997,200
4WE_PAIR_003_V01__PLAYER,R0_CURRENT_BASELINE,R3_STATE_CENTRIC_POLICY,0.10199999999999998,0.03666666666666666,0.21999999999999997,Quick Attack,Quick Attack,True,0.10199999999999998,0.03666666666666666,0.21999999999999997,201
4WE_PAIR_004_V01__PLAYER,R0_CURRENT_BASELINE,R3_STATE_CENTRIC_POLICY,0.10199999999999998,0.03666666666666666,0.21999999999999997,Quick Attack,Quick Attack,True,0.10199999999999998,0.03666666666666666,0.21999999999999997,202
4WE_PAIR_008_V01__PLAYER,R0_CURRENT_BASELINE,R3_STATE_CENTRIC_POLICY,0.10199999999999998,0.03666666666666666,0.21999999999999997,Quick Attack,Quick Attack,True,0.10199999999999998,0.03666666666666666,0.21999999999999997,203
4WE_PAIR_009_V01__OPPONENT,R0_CURRENT_BASELINE,R3_STATE_CENTRIC_POLICY,0.10199999999999998,0.03666666666666666,0.21999999999999997,Quick Attack,Quick Attack,True,0.10199999999999998,0.03666666666666666,0.21999999999999997,204
4WE_PAIR_010_V01__PLAYER,R0_CURRENT_BASELINE,R3_STATE_CENTRIC_POLICY,0.10199999999999998,0.03666666666666666,0.21999999999999997,Quick Attack,Quick Attack,True,0.10199999999999998,0.03666666666666666,0.21999999999999997,205
4WE_PAIR_014_V01__OPPONENT,R0_CURRENT_BASELINE,R3_STATE_CENTRIC_POLICY,0.10199999999999998,0.03666666666666666,0.21999999999999997,Quick Attack,Quick Attack,True,0.10199999999999998,0.03666666666666666,0.21999999999999997,206
4WE_PAIR_014_V01__PLAYER,R0_CURRENT_BASELINE,R3_STATE_CENTRIC_POLICY,0.10199999999999998,0.03666666666666666,0.21999999999999997,Quick Attack,Quick Attack,True,0.10199999999999998,0.03666666666666666,0.21999999999999997,207
4WE_PAIR_019_V01__OPPONENT,R0_CURRENT_BASELINE,R3_STATE_CENTRIC_POLICY,0.10199999999999998,0.03666666666666666,0.21999999999999997,Quick Attack,Quick Attack,True,0.10199999999999998,0.03666666666666666,0.21999999999999997,208
4WE_PAIR_019_V01__PLAYER,R0_CURRENT_BASELINE,R3_STATE_CENTRIC_POLICY,0.10199999999999998,0.03666666666666666,0.21999999999999997,Quick Attack,Quick Attack,True,0.10199999999999998,0.03666666666666666,0.21999999999999997,209
4WE_PAIR_002_V04__OPPONENT,R0_CURRENT_BASELINE,R3_STATE_CENTRIC_POLICY,0.10199999999999998,0.036,0.21599999999999997,Quick Attack,Quick Attack,True,0.10199999999999998,0.036,0.21599999999999997,210
4WE_PAIR_009_V04__OPPONENT,R0_CURRENT_BASELINE,R3_STATE_CENTRIC_POLICY,0.10199999999999998,0.036,0.21599999999999997,Quick Attack,Quick Attack,True,0.10199999999999998,0.036,0.21599999999999997,211
4WE_PAIR_014_V04__OPPONENT,R0_CURRENT_BASELINE,R3_STATE_CENTRIC_POLICY,0.10199999999999998,0.036,0.21599999999999997,Quick Attack,Quick Attack,True,0.10199999999999998,0.036,0.21599999999999997,212
4WE_PAIR_019_V04__OPPONENT,R0_CURRENT_BASELINE,R3_STATE_CENTRIC_POLICY,0.10199999999999998,0.036,0.21599999999999997,Quick Attack,Quick Attack,True,0.10199999999999998,0.036,0.21599999999999997,213
4WE_PAIR_011_V02__OPPONENT,R0_CURRENT_BASELINE,R1_REMOVE_LEGAL_SIGNATURE,0.09999999999999999,0.03333333333333335,0.20000000000000007,Quick Attack,Quick Attack,True,0.09999999999999999,0.03333333333333335,0.20000000000000007,214
4WE_PAIR_001_V01__OPPONENT,R0_CURRENT_BASELINE,R3_STATE_CENTRIC_POLICY,0.09999999999999998,0.036,0.21599999999999997,Quick Attack,Quick Attack,True,0.09999999999999998,0.036,0.21599999999999997,215
4WE_PAIR_003_V01__OPPONENT,R0_CURRENT_BASELINE,R3_STATE_CENTRIC_POLICY,0.09999999999999998,0.036,0.21599999999999997,Quick Attack,Quick Attack,True,0.09999999999999998,0.036,0.21599999999999997,216
4WE_PAIR_004_V01__OPPONENT,R0_CURRENT_BASELINE,R3_STATE_CENTRIC_POLICY,0.09999999999999998,0.036,0.21599999999999997,Quick Attack,Quick Attack,True,0.09999999999999998,0.036,0.21599999999999997,217
4WE_PAIR_008_V01__OPPONENT,R0_CURRENT_BASELINE,R3_STATE_CENTRIC_POLICY,0.09999999999999998,0.036,0.21599999999999997,Quick Attack,Quick Attack,True,0.09999999999999998,0.036,0.21599999999999997,218
4WE_PAIR_010_V01__OPPONENT,R0_CURRENT_BASELINE,R3_STATE_CENTRIC_POLICY,0.09999999999999998,0.036,0.21599999999999997,Quick Attack,Quick Attack,True,0.09999999999999998,0.036,0.21599999999999997,219
4WE_PAIR_013_V01__OPPONENT,R0_CURRENT_BASELINE,R3_STATE_CENTRIC_POLICY,0.09999999999999998,0.036,0.21599999999999997,Quick Attack,Quick Attack,True,0.09999999999999998,0.036,0.21599999999999997,220
4WE_PAIR_013_V01__PLAYER,R0_CURRENT_BASELINE,R3_STATE_CENTRIC_POLICY,0.09999999999999998,0.036,0.21599999999999997,Quick Attack,Quick Attack,True,0.09999999999999998,0.036,0.21599999999999997,221
4WE_PAIR_018_V01__OPPONENT,R0_CURRENT_BASELINE,R3_STATE_CENTRIC_POLICY,0.09999999999999998,0.036,0.21599999999999997,Quick Attack,Quick Attack,True,0.09999999999999998,0.036,0.21599999999999997,222
4WE_PAIR_018_V01__PLAYER,R0_CURRENT_BASELINE,R3_STATE_CENTRIC_POLICY,0.09999999999999998,0.036,0.21599999999999997,Quick Attack,Quick Attack,True,0.09999999999999998,0.036,0.21599999999999997,223
4WE_PAIR_001_V04__OPPONENT,R0_CURRENT_BASELINE,R3_STATE_CENTRIC_POLICY,0.09999999999999998,0.03533333333333333,0.21199999999999997,Quick Attack,Quick Attack,True,0.09999999999999998,0.03533333333333333,0.21199999999999997,224
4WE_PAIR_003_V04__OPPONENT,R0_CURRENT_BASELINE,R3_STATE_CENTRIC_POLICY,0.09999999999999998,0.03533333333333333,0.21199999999999997,Quick Attack,Quick Attack,True,0.09999999999999998,0.03533333333333333,0.21199999999999997,225
4WE_PAIR_004_V04__OPPONENT,R0_CURRENT_BASELINE,R3_STATE_CENTRIC_POLICY,0.09999999999999998,0.03533333333333333,0.21199999999999997,Quick Attack,Quick Attack,True,0.09999999999999998,0.03533333333333333,0.21199999999999997,226
4WE_PAIR_008_V04__OPPONENT,R0_CURRENT_BASELINE,R3_STATE_CENTRIC_POLICY,0.09999999999999998,0.03533333333333333,0.21199999999999997,Quick Attack,Quick Attack,True,0.09999999999999998,0.03533333333333333,0.21199999999999997,227
4WE_PAIR_010_V04__OPPONENT,R0_CURRENT_BASELINE,R3_STATE_CENTRIC_POLICY,0.09999999999999998,0.03533333333333333,0.21199999999999997,Quick Attack,Quick Attack,True,0.09999999999999998,0.03533333333333333,0.21199999999999997,228
4WE_PAIR_013_V04__OPPONENT,R0_CURRENT_BASELINE,R3_STATE_CENTRIC_POLICY,0.09999999999999998,0.03533333333333333,0.21199999999999997,Quick Attack,Quick Attack,True,0.09999999999999998,0.03533333333333333,0.21199999999999997,229
4WE_PAIR_018_V04__OPPONENT,R0_CURRENT_BASELINE,R3_STATE_CENTRIC_POLICY,0.09999999999999998,0.03533333333333333,0.21199999999999997,Quick Attack,Quick Attack,True,0.09999999999999998,0.03533333333333333,0.21199999999999997,230
4WE_PAIR_011_V02__PLAYER,R0_CURRENT_BASELINE,R1_REMOVE_LEGAL_SIGNATURE,0.09800000000000009,0.032666666666666684,0.19600000000000012,Quick Attack,Quick Attack,True,0.09800000000000009,0.032666666666666684,0.19600000000000012,231
4WE_PAIR_022_V02__PLAYER,R0_CURRENT_BASELINE,R1_REMOVE_LEGAL_SIGNATURE,0.09800000000000009,0.032666666666666684,0.19600000000000012,Quick Attack,Quick Attack,True,0.09800000000000009,0.032666666666666684,0.19600000000000012,232
4WE_PAIR_023_V02__PLAYER,R0_CURRENT_BASELINE,R1_REMOVE_LEGAL_SIGNATURE,0.09800000000000009,0.032666666666666684,0.19600000000000012,Quick Attack,Quick Attack,True,0.09800000000000009,0.032666666666666684,0.19600000000000012,233
4WE_PAIR_005_V02__PLAYER,R0_CURRENT_BASELINE,R1_REMOVE_LEGAL_SIGNATURE,0.09799999999999999,0.03266666666666668,0.19600000000000006,Quick Attack,Quick Attack,True,0.09799999999999999,0.03266666666666668,0.19600000000000006,234
4WE_PAIR_006_V02__PLAYER,R0_CURRENT_BASELINE,R1_REMOVE_LEGAL_SIGNATURE,0.09799999999999999,0.03266666666666668,0.19600000000000006,Quick Attack,Quick Attack,True,0.09799999999999999,0.03266666666666668,0.19600000000000006,235
4WE_PAIR_012_V02__PLAYER,R0_CURRENT_BASELINE,R1_REMOVE_LEGAL_SIGNATURE,0.09799999999999999,0.03266666666666668,0.19600000000000006,Quick Attack,Quick Attack,True,0.09799999999999999,0.03266666666666668,0.19600000000000006,236
4WE_PAIR_002_V03__PLAYER,R0_CURRENT_BASELINE,R2_REMOVE_SIGNATURE_AND_COMPATIBILITY,0.094,0.03200000000000001,0.19200000000000006,Quick Attack,Quick Attack,True,0.094,0.03200000000000001,0.19200000000000006,237
4WE_PAIR_004_V03__PLAYER,R0_CURRENT_BASELINE,R2_REMOVE_SIGNATURE_AND_COMPATIBILITY,0.094,0.03200000000000001,0.19200000000000006,Quick Attack,Quick Attack,True,0.094,0.03200000000000001,0.19200000000000006,238
4WE_PAIR_009_V03__PLAYER,R0_CURRENT_BASELINE,R2_REMOVE_SIGNATURE_AND_COMPATIBILITY,0.094,0.03200000000000001,0.19200000000000006,Quick Attack,Quick Attack,True,0.094,0.03200000000000001,0.19200000000000006,239
4WE_PAIR_014_V03__OPPONENT,R0_CURRENT_BASELINE,R2_REMOVE_SIGNATURE_AND_COMPATIBILITY,0.094,0.03200000000000001,0.19200000000000006,Quick Attack,Quick Attack,True,0.094,0.03200000000000001,0.19200000000000006,240
4WE_PAIR_014_V03__PLAYER,R0_CURRENT_BASELINE,R2_REMOVE_SIGNATURE_AND_COMPATIBILITY,0.094,0.03200000000000001,0.19200000000000006,Quick Attack,Quick Attack,True,0.094,0.03200000000000001,0.19200000000000006,241
4WE_PAIR_019_V03__OPPONENT,R0_CURRENT_BASELINE,R2_REMOVE_SIGNATURE_AND_COMPATIBILITY,0.094,0.03200000000000001,0.19200000000000006,Quick Attack,Quick Attack,True,0.094,0.03200000000000001,0.19200000000000006,242
4WE_PAIR_019_V03__PLAYER,R0_CURRENT_BASELINE,R2_REMOVE_SIGNATURE_AND_COMPATIBILITY,0.094,0.03200000000000001,0.19200000000000006,Quick Attack,Quick Attack,True,0.094,0.03200000000000001,0.19200000000000006,243
4WE_PAIR_001_V03__PLAYER,R0_CURRENT_BASELINE,R2_REMOVE_SIGNATURE_AND_COMPATIBILITY,0.092,0.031333333333333345,0.18800000000000006,Quick Attack,Quick Attack,True,0.092,0.031333333333333345,0.18800000000000006,244
4WE_PAIR_002_V02__PLAYER,R0_CURRENT_BASELINE,R2_REMOVE_SIGNATURE_AND_COMPATIBILITY,0.092,0.031333333333333345,0.18800000000000006,Quick Attack,Quick Attack,True,0.092,0.031333333333333345,0.18800000000000006,245
4WE_PAIR_002_V03__OPPONENT,R0_CURRENT_BASELINE,R2_REMOVE_SIGNATURE_AND_COMPATIBILITY,0.092,0.031333333333333345,0.18800000000000006,Quick Attack,Quick Attack,True,0.092,0.031333333333333345,0.18800000000000006,246
4WE_PAIR_003_V03__PLAYER,R0_CURRENT_BASELINE,R2_REMOVE_SIGNATURE_AND_COMPATIBILITY,0.092,0.031333333333333345,0.18800000000000006,Quick Attack,Quick Attack,True,0.092,0.031333333333333345,0.18800000000000006,247
4WE_PAIR_004_V02__PLAYER,R0_CURRENT_BASELINE,R2_REMOVE_SIGNATURE_AND_COMPATIBILITY,0.092,0.031333333333333345,0.18800000000000006,Quick Attack,Quick Attack,True,0.092,0.031333333333333345,0.18800000000000006,248
4WE_PAIR_004_V03__OPPONENT,R0_CURRENT_BASELINE,R2_REMOVE_SIGNATURE_AND_COMPATIBILITY,0.092,0.031333333333333345,0.18800000000000006,Quick Attack,Quick Attack,True,0.092,0.031333333333333345,0.18800000000000006,249
4WE_PAIR_008_V03__PLAYER,R0_CURRENT_BASELINE,R2_REMOVE_SIGNATURE_AND_COMPATIBILITY,0.092,0.031333333333333345,0.18800000000000006,Quick Attack,Quick Attack,True,0.092,0.031333333333333345,0.18800000000000006,250
4WE_PAIR_009_V02__PLAYER,R0_CURRENT_BASELINE,R2_REMOVE_SIGNATURE_AND_COMPATIBILITY,0.092,0.031333333333333345,0.18800000000000006,Quick Attack,Quick Attack,True,0.092,0.031333333333333345,0.18800000000000006,251
4WE_PAIR_009_V03__OPPONENT,R0_CURRENT_BASELINE,R2_REMOVE_SIGNATURE_AND_COMPATIBILITY,0.092,0.031333333333333345,0.18800000000000006,Quick Attack,Quick Attack,True,0.092,0.031333333333333345,0.18800000000000006,252
4WE_PAIR_010_V03__PLAYER,R0_CURRENT_BASELINE,R2_REMOVE_SIGNATURE_AND_COMPATIBILITY,0.092,0.031333333333333345,0.18800000000000006,Quick Attack,Quick Attack,True,0.092,0.031333333333333345,0.18800000000000006,253
4WE_PAIR_013_V03__OPPONENT,R0_CURRENT_BASELINE,R2_REMOVE_SIGNATURE_AND_COMPATIBILITY,0.092,0.031333333333333345,0.18800000000000006,Quick Attack,Quick Attack,True,0.092,0.031333333333333345,0.18800000000000006,254
4WE_PAIR_013_V03__PLAYER,R0_CURRENT_BASELINE,R2_REMOVE_SIGNATURE_AND_COMPATIBILITY,0.092,0.031333333333333345,0.18800000000000006,Quick Attack,Quick Attack,True,0.092,0.031333333333333345,0.18800000000000006,255
4WE_PAIR_014_V02__OPPONENT,R0_CURRENT_BASELINE,R2_REMOVE_SIGNATURE_AND_COMPATIBILITY,0.092,0.031333333333333345,0.18800000000000006,Quick Attack,Quick Attack,True,0.092,0.031333333333333345,0.18800000000000006,256
4WE_PAIR_014_V02__PLAYER,R0_CURRENT_BASELINE,R2_REMOVE_SIGNATURE_AND_COMPATIBILITY,0.092,0.031333333333333345,0.18800000000000006,Quick Attack,Quick Attack,True,0.092,0.031333333333333345,0.18800000000000006,257
4WE_PAIR_018_V03__OPPONENT,R0_CURRENT_BASELINE,R2_REMOVE_SIGNATURE_AND_COMPATIBILITY,0.092,0.031333333333333345,0.18800000000000006,Quick Attack,Quick Attack,True,0.092,0.031333333333333345,0.18800000000000006,258
4WE_PAIR_018_V03__PLAYER,R0_CURRENT_BASELINE,R2_REMOVE_SIGNATURE_AND_COMPATIBILITY,0.092,0.031333333333333345,0.18800000000000006,Quick Attack,Quick Attack,True,0.092,0.031333333333333345,0.18800000000000006,259
4WE_PAIR_019_V02__OPPONENT,R0_CURRENT_BASELINE,R2_REMOVE_SIGNATURE_AND_COMPATIBILITY,0.092,0.031333333333333345,0.18800000000000006,Quick Attack,Quick Attack,True,0.092,0.031333333333333345,0.18800000000000006,260
4WE_PAIR_019_V02__PLAYER,R0_CURRENT_BASELINE,R2_REMOVE_SIGNATURE_AND_COMPATIBILITY,0.092,0.031333333333333345,0.18800000000000006,Quick Attack,Quick Attack,True,0.092,0.031333333333333345,0.18800000000000006,261
4WE_PAIR_001_V02__PLAYER,R0_CURRENT_BASELINE,R2_REMOVE_SIGNATURE_AND_COMPATIBILITY,0.09,0.030666666666666675,0.18400000000000005,Quick Attack,Quick Attack,True,0.09,0.030666666666666675,0.18400000000000005,262
4WE_PAIR_001_V03__OPPONENT,R0_CURRENT_BASELINE,R2_REMOVE_SIGNATURE_AND_COMPATIBILITY,0.09,0.030666666666666675,0.18400000000000005,Quick Attack,Quick Attack,True,0.09,0.030666666666666675,0.18400000000000005,263
4WE_PAIR_002_V02__OPPONENT,R0_CURRENT_BASELINE,R2_REMOVE_SIGNATURE_AND_COMPATIBILITY,0.09,0.030666666666666675,0.18400000000000005,Quick Attack,Quick Attack,True,0.09,0.030666666666666675,0.18400000000000005,264
4WE_PAIR_003_V02__PLAYER,R0_CURRENT_BASELINE,R2_REMOVE_SIGNATURE_AND_COMPATIBILITY,0.09,0.030666666666666675,0.18400000000000005,Quick Attack,Quick Attack,True,0.09,0.030666666666666675,0.18400000000000005,265
4WE_PAIR_003_V03__OPPONENT,R0_CURRENT_BASELINE,R2_REMOVE_SIGNATURE_AND_COMPATIBILITY,0.09,0.030666666666666675,0.18400000000000005,Quick Attack,Quick Attack,True,0.09,0.030666666666666675,0.18400000000000005,266
4WE_PAIR_004_V02__OPPONENT,R0_CURRENT_BASELINE,R2_REMOVE_SIGNATURE_AND_COMPATIBILITY,0.09,0.030666666666666675,0.18400000000000005,Quick Attack,Quick Attack,True,0.09,0.030666666666666675,0.18400000000000005,267
4WE_PAIR_008_V02__PLAYER,R0_CURRENT_BASELINE,R2_REMOVE_SIGNATURE_AND_COMPATIBILITY,0.09,0.030666666666666675,0.18400000000000005,Quick Attack,Quick Attack,True,0.09,0.030666666666666675,0.18400000000000005,268
4WE_PAIR_008_V03__OPPONENT,R0_CURRENT_BASELINE,R2_REMOVE_SIGNATURE_AND_COMPATIBILITY,0.09,0.030666666666666675,0.18400000000000005,Quick Attack,Quick Attack,True,0.09,0.030666666666666675,0.18400000000000005,269
4WE_PAIR_009_V02__OPPONENT,R0_CURRENT_BASELINE,R2_REMOVE_SIGNATURE_AND_COMPATIBILITY,0.09,0.030666666666666675,0.18400000000000005,Quick Attack,Quick Attack,True,0.09,0.030666666666666675,0.18400000000000005,270
4WE_PAIR_010_V02__PLAYER,R0_CURRENT_BASELINE,R2_REMOVE_SIGNATURE_AND_COMPATIBILITY,0.09,0.030666666666666675,0.18400000000000005,Quick Attack,Quick Attack,True,0.09,0.030666666666666675,0.18400000000000005,271
4WE_PAIR_010_V03__OPPONENT,R0_CURRENT_BASELINE,R2_REMOVE_SIGNATURE_AND_COMPATIBILITY,0.09,0.030666666666666675,0.18400000000000005,Quick Attack,Quick Attack,True,0.09,0.030666666666666675,0.18400000000000005,272
4WE_PAIR_013_V02__OPPONENT,R0_CURRENT_BASELINE,R2_REMOVE_SIGNATURE_AND_COMPATIBILITY,0.09,0.030666666666666675,0.18400000000000005,Quick Attack,Quick Attack,True,0.09,0.030666666666666675,0.18400000000000005,273
4WE_PAIR_013_V02__PLAYER,R0_CURRENT_BASELINE,R2_REMOVE_SIGNATURE_AND_COMPATIBILITY,0.09,0.030666666666666675,0.18400000000000005,Quick Attack,Quick Attack,True,0.09,0.030666666666666675,0.18400000000000005,274
4WE_PAIR_018_V02__OPPONENT,R0_CURRENT_BASELINE,R2_REMOVE_SIGNATURE_AND_COMPATIBILITY,0.09,0.030666666666666675,0.18400000000000005,Quick Attack,Quick Attack,True,0.09,0.030666666666666675,0.18400000000000005,275
4WE_PAIR_018_V02__PLAYER,R0_CURRENT_BASELINE,R2_REMOVE_SIGNATURE_AND_COMPATIBILITY,0.09,0.030666666666666675,0.18400000000000005,Quick Attack,Quick Attack,True,0.09,0.030666666666666675,0.18400000000000005,276
4WE_PAIR_001_V02__OPPONENT,R0_CURRENT_BASELINE,R2_REMOVE_SIGNATURE_AND_COMPATIBILITY,0.088,0.03000000000000001,0.18000000000000005,Quick Attack,Quick Attack,True,0.088,0.03000000000000001,0.18000000000000005,277
4WE_PAIR_003_V02__OPPONENT,R0_CURRENT_BASELINE,R2_REMOVE_SIGNATURE_AND_COMPATIBILITY,0.088,0.03000000000000001,0.18000000000000005,Quick Attack,Quick Attack,True,0.088,0.03000000000000001,0.18000000000000005,278
4WE_PAIR_008_V02__OPPONENT,R0_CURRENT_BASELINE,R2_REMOVE_SIGNATURE_AND_COMPATIBILITY,0.088,0.03000000000000001,0.18000000000000005,Quick Attack,Quick Attack,True,0.088,0.03000000000000001,0.18000000000000005,279
4WE_PAIR_010_V02__OPPONENT,R0_CURRENT_BASELINE,R2_REMOVE_SIGNATURE_AND_COMPATIBILITY,0.088,0.03000000000000001,0.18000000000000005,Quick Attack,Quick Attack,True,0.088,0.03000000000000001,0.18000000000000005,280
4WE_PAIR_007_V03__PLAYER,R0_CURRENT_BASELINE,R2_REMOVE_SIGNATURE_AND_COMPATIBILITY,0.08400000000000002,0.028666666666666663,0.172,Quick Attack,Quick Attack,True,0.08400000000000002,0.028666666666666663,0.172,281
4WE_PAIR_017_V03__OPPONENT,R0_CURRENT_BASELINE,R2_REMOVE_SIGNATURE_AND_COMPATIBILITY,0.08400000000000002,0.028666666666666663,0.172,Quick Attack,Quick Attack,True,0.08400000000000002,0.028666666666666663,0.172,282
4WE_PAIR_017_V03__PLAYER,R0_CURRENT_BASELINE,R2_REMOVE_SIGNATURE_AND_COMPATIBILITY,0.08400000000000002,0.028666666666666663,0.172,Quick Attack,Quick Attack,True,0.08400000000000002,0.028666666666666663,0.172,283
4WE_PAIR_007_V03__OPPONENT,R0_CURRENT_BASELINE,R2_REMOVE_SIGNATURE_AND_COMPATIBILITY,0.08200000000000002,0.027999999999999997,0.16799999999999998,Quick Attack,Quick Attack,True,0.08200000000000002,0.027999999999999997,0.16799999999999998,284
4WE_PAIR_007_V02__PLAYER,R0_CURRENT_BASELINE,R2_REMOVE_SIGNATURE_AND_COMPATIBILITY,0.08000000000000002,0.02733333333333333,0.16399999999999998,Quick Attack,Quick Attack,True,0.08000000000000002,0.02733333333333333,0.16399999999999998,285
4WE_PAIR_017_V02__OPPONENT,R0_CURRENT_BASELINE,R2_REMOVE_SIGNATURE_AND_COMPATIBILITY,0.08000000000000002,0.02733333333333333,0.16399999999999998,Quick Attack,Quick Attack,True,0.08000000000000002,0.02733333333333333,0.16399999999999998,286
4WE_PAIR_017_V02__PLAYER,R0_CURRENT_BASELINE,R2_REMOVE_SIGNATURE_AND_COMPATIBILITY,0.08000000000000002,0.02733333333333333,0.16399999999999998,Quick Attack,Quick Attack,True,0.08000000000000002,0.02733333333333333,0.16399999999999998,287
4WE_PAIR_004_V04__PLAYER,R1_REMOVE_LEGAL_SIGNATURE,R3_STATE_CENTRIC_POLICY,0.07800000000000007,0.027333333333333345,0.16400000000000006,Quick Attack,Quick Attack,True,0.07800000000000007,0.027333333333333345,0.16400000000000006,288
4WE_PAIR_007_V02__OPPONENT,R0_CURRENT_BASELINE,R2_REMOVE_SIGNATURE_AND_COMPATIBILITY,0.07800000000000001,0.026666666666666682,0.1600000000000001,Quick Attack,Quick Attack,True,0.07800000000000001,0.026666666666666682,0.1600000000000001,289
4WE_PAIR_002_V04__PLAYER,R1_REMOVE_LEGAL_SIGNATURE,R3_STATE_CENTRIC_POLICY,0.07600000000000007,0.026666666666666682,0.1600000000000001,Quick Attack,Quick Attack,True,0.07600000000000007,0.026666666666666682,0.1600000000000001,290
4WE_PAIR_009_V04__PLAYER,R1_REMOVE_LEGAL_SIGNATURE,R3_STATE_CENTRIC_POLICY,0.07600000000000007,0.026666666666666682,0.1600000000000001,Quick Attack,Quick Attack,True,0.07600000000000007,0.026666666666666682,0.1600000000000001,291
4WE_PAIR_003_V04__PLAYER,R1_REMOVE_LEGAL_SIGNATURE,R3_STATE_CENTRIC_POLICY,0.07600000000000007,0.026666666666666675,0.16000000000000006,Quick Attack,Quick Attack,True,0.07600000000000007,0.026666666666666675,0.16000000000000006,292
4WE_PAIR_007_V04__PLAYER,R1_REMOVE_LEGAL_SIGNATURE,R3_STATE_CENTRIC_POLICY,0.07600000000000007,0.026666666666666675,0.16000000000000006,Quick Attack,Quick Attack,True,0.07600000000000007,0.026666666666666675,0.16000000000000006,293
4WE_PAIR_010_V04__PLAYER,R1_REMOVE_LEGAL_SIGNATURE,R3_STATE_CENTRIC_POLICY,0.07600000000000007,0.026666666666666675,0.16000000000000006,Quick Attack,Quick Attack,True,0.07600000000000007,0.026666666666666675,0.16000000000000006,294
4WE_PAIR_007_V03__OPPONENT,R2_REMOVE_SIGNATURE_AND_COMPATIBILITY,R3_STATE_CENTRIC_POLICY,0.07600000000000007,0.026000000000000013,0.15600000000000008,Quick Attack,Quick Attack,True,0.07600000000000007,0.026000000000000013,0.15600000000000008,295
4WE_PAIR_017_V03__PLAYER,R2_REMOVE_SIGNATURE_AND_COMPATIBILITY,R3_STATE_CENTRIC_POLICY,0.07600000000000007,0.026000000000000013,0.15600000000000008,Quick Attack,Quick Attack,True,0.07600000000000007,0.026000000000000013,0.15600000000000008,296
4WE_PAIR_007_V03__PLAYER,R2_REMOVE_SIGNATURE_AND_COMPATIBILITY,R3_STATE_CENTRIC_POLICY,0.07600000000000007,0.025333333333333347,0.15200000000000008,Quick Attack,Quick Attack,True,0.07600000000000007,0.025333333333333347,0.15200000000000008,297
4WE_PAIR_007_V02__OPPONENT,R2_REMOVE_SIGNATURE_AND_COMPATIBILITY,R3_STATE_CENTRIC_POLICY,0.07599999999999996,0.025999999999999995,0.15599999999999997,Quick Attack,Quick Attack,True,0.07599999999999996,0.025999999999999995,0.15599999999999997,298
4WE_PAIR_004_V01__PLAYER,R1_REMOVE_LEGAL_SIGNATURE,R3_STATE_CENTRIC_POLICY,0.07400000000000007,0.026000000000000013,0.15600000000000008,Quick Attack,Quick Attack,True,0.07400000000000007,0.026000000000000013,0.15600000000000008,299
4WE_PAIR_014_V04__PLAYER,R1_REMOVE_LEGAL_SIGNATURE,R3_STATE_CENTRIC_POLICY,0.07400000000000007,0.026000000000000013,0.15600000000000008,Quick Attack,Quick Attack,True,0.07400000000000007,0.026000000000000013,0.15600000000000008,300
4WE_PAIR_019_V04__PLAYER,R1_REMOVE_LEGAL_SIGNATURE,R3_STATE_CENTRIC_POLICY,0.07400000000000007,0.026000000000000013,0.15600000000000008,Quick Attack,Quick Attack,True,0.07400000000000007,0.026000000000000013,0.15600000000000008,301
4WE_PAIR_017_V04__PLAYER,R1_REMOVE_LEGAL_SIGNATURE,R3_STATE_CENTRIC_POLICY,0.07400000000000007,0.02600000000000001,0.15600000000000006,Quick Attack,Quick Attack,True,0.07400000000000007,0.02600000000000001,0.15600000000000006,302
4WE_PAIR_017_V02__OPPONENT,R2_REMOVE_SIGNATURE_AND_COMPATIBILITY,R3_STATE_CENTRIC_POLICY,0.07400000000000007,0.025333333333333347,0.15200000000000008,Quick Attack,Quick Attack,True,0.07400000000000007,0.025333333333333347,0.15200000000000008,303
4WE_PAIR_017_V02__PLAYER,R2_REMOVE_SIGNATURE_AND_COMPATIBILITY,R3_STATE_CENTRIC_POLICY,0.07400000000000007,0.025333333333333347,0.15200000000000008,Quick Attack,Quick Attack,True,0.07400000000000007,0.025333333333333347,0.15200000000000008,304
4WE_PAIR_017_V03__OPPONENT,R2_REMOVE_SIGNATURE_AND_COMPATIBILITY,R3_STATE_CENTRIC_POLICY,0.07400000000000007,0.025333333333333347,0.15200000000000008,Quick Attack,Quick Attack,True,0.07400000000000007,0.025333333333333347,0.15200000000000008,305
4WE_PAIR_007_V02__PLAYER,R2_REMOVE_SIGNATURE_AND_COMPATIBILITY,R3_STATE_CENTRIC_POLICY,0.07400000000000007,0.02466666666666668,0.14800000000000008,Quick Attack,Quick Attack,True,0.07400000000000007,0.02466666666666668,0.14800000000000008,306
4WE_PAIR_001_V03__OPPONENT,R2_REMOVE_SIGNATURE_AND_COMPATIBILITY,R3_STATE_CENTRIC_POLICY,0.07400000000000001,0.02466666666666666,0.14799999999999996,Quick Attack,Quick Attack,True,0.07400000000000001,0.02466666666666666,0.14799999999999996,307
4WE_PAIR_002_V03__OPPONENT,R2_REMOVE_SIGNATURE_AND_COMPATIBILITY,R3_STATE_CENTRIC_POLICY,0.07400000000000001,0.02466666666666666,0.14799999999999996,Quick Attack,Quick Attack,True,0.07400000000000001,0.02466666666666666,0.14799999999999996,308
4WE_PAIR_003_V02__OPPONENT,R2_REMOVE_SIGNATURE_AND_COMPATIBILITY,R3_STATE_CENTRIC_POLICY,0.07400000000000001,0.02466666666666666,0.14799999999999996,Quick Attack,Quick Attack,True,0.07400000000000001,0.02466666666666666,0.14799999999999996,309
4WE_PAIR_003_V03__OPPONENT,R2_REMOVE_SIGNATURE_AND_COMPATIBILITY,R3_STATE_CENTRIC_POLICY,0.07400000000000001,0.02466666666666666,0.14799999999999996,Quick Attack,Quick Attack,True,0.07400000000000001,0.02466666666666666,0.14799999999999996,310
4WE_PAIR_008_V03__OPPONENT,R2_REMOVE_SIGNATURE_AND_COMPATIBILITY,R3_STATE_CENTRIC_POLICY,0.07400000000000001,0.02466666666666666,0.14799999999999996,Quick Attack,Quick Attack,True,0.07400000000000001,0.02466666666666666,0.14799999999999996,311
4WE_PAIR_009_V03__OPPONENT,R2_REMOVE_SIGNATURE_AND_COMPATIBILITY,R3_STATE_CENTRIC_POLICY,0.07400000000000001,0.02466666666666666,0.14799999999999996,Quick Attack,Quick Attack,True,0.07400000000000001,0.02466666666666666,0.14799999999999996,312
4WE_PAIR_010_V02__OPPONENT,R2_REMOVE_SIGNATURE_AND_COMPATIBILITY,R3_STATE_CENTRIC_POLICY,0.07400000000000001,0.02466666666666666,0.14799999999999996,Quick Attack,Quick Attack,True,0.07400000000000001,0.02466666666666666,0.14799999999999996,313
4WE_PAIR_010_V03__OPPONENT,R2_REMOVE_SIGNATURE_AND_COMPATIBILITY,R3_STATE_CENTRIC_POLICY,0.07400000000000001,0.02466666666666666,0.14799999999999996,Quick Attack,Quick Attack,True,0.07400000000000001,0.02466666666666666,0.14799999999999996,314
4WE_PAIR_013_V03__PLAYER,R2_REMOVE_SIGNATURE_AND_COMPATIBILITY,R3_STATE_CENTRIC_POLICY,0.07400000000000001,0.02466666666666666,0.14799999999999996,Quick Attack,Quick Attack,True,0.07400000000000001,0.02466666666666666,0.14799999999999996,315
4WE_PAIR_014_V03__PLAYER,R2_REMOVE_SIGNATURE_AND_COMPATIBILITY,R3_STATE_CENTRIC_POLICY,0.07400000000000001,0.02466666666666666,0.14799999999999996,Quick Attack,Quick Attack,True,0.07400000000000001,0.02466666666666666,0.14799999999999996,316
4WE_PAIR_018_V03__PLAYER,R2_REMOVE_SIGNATURE_AND_COMPATIBILITY,R3_STATE_CENTRIC_POLICY,0.07400000000000001,0.02466666666666666,0.14799999999999996,Quick Attack,Quick Attack,True,0.07400000000000001,0.02466666666666666,0.14799999999999996,317
4WE_PAIR_019_V03__PLAYER,R2_REMOVE_SIGNATURE_AND_COMPATIBILITY,R3_STATE_CENTRIC_POLICY,0.07400000000000001,0.02466666666666666,0.14799999999999996,Quick Attack,Quick Attack,True,0.07400000000000001,0.02466666666666666,0.14799999999999996,318
4WE_PAIR_001_V03__PLAYER,R2_REMOVE_SIGNATURE_AND_COMPATIBILITY,R3_STATE_CENTRIC_POLICY,0.07399999999999995,0.02466666666666666,0.14799999999999996,Quick Attack,Quick Attack,True,0.07399999999999995,0.02466666666666666,0.14799999999999996,319
4WE_PAIR_002_V03__PLAYER,R2_REMOVE_SIGNATURE_AND_COMPATIBILITY,R3_STATE_CENTRIC_POLICY,0.07399999999999995,0.02466666666666666,0.14799999999999996,Quick Attack,Quick Attack,True,0.07399999999999995,0.02466666666666666,0.14799999999999996,320
4WE_PAIR_008_V03__PLAYER,R2_REMOVE_SIGNATURE_AND_COMPATIBILITY,R3_STATE_CENTRIC_POLICY,0.07399999999999995,0.02466666666666666,0.14799999999999996,Quick Attack,Quick Attack,True,0.07399999999999995,0.02466666666666666,0.14799999999999996,321
4WE_PAIR_009_V03__PLAYER,R2_REMOVE_SIGNATURE_AND_COMPATIBILITY,R3_STATE_CENTRIC_POLICY,0.07399999999999995,0.02466666666666666,0.14799999999999996,Quick Attack,Quick Attack,True,0.07399999999999995,0.02466666666666666,0.14799999999999996,322
4WE_PAIR_001_V04__PLAYER,R1_REMOVE_LEGAL_SIGNATURE,R3_STATE_CENTRIC_POLICY,0.07200000000000006,0.025333333333333347,0.15200000000000008,Quick Attack,Quick Attack,True,0.07200000000000006,0.025333333333333347,0.15200000000000008,323
4WE_PAIR_003_V01__PLAYER,R1_REMOVE_LEGAL_SIGNATURE,R3_STATE_CENTRIC_POLICY,0.07200000000000006,0.025333333333333347,0.15200000000000008,Quick Attack,Quick Attack,True,0.07200000000000006,0.025333333333333347,0.15200000000000008,324
4WE_PAIR_004_V01__OPPONENT,R1_REMOVE_LEGAL_SIGNATURE,R3_STATE_CENTRIC_POLICY,0.07200000000000006,0.025333333333333347,0.15200000000000008,Quick Attack,Quick Attack,True,0.07200000000000006,0.025333333333333347,0.15200000000000008,325
4WE_PAIR_004_V04__OPPONENT,R1_REMOVE_LEGAL_SIGNATURE,R3_STATE_CENTRIC_POLICY,0.07200000000000006,0.025333333333333347,0.15200000000000008,Quick Attack,Quick Attack,True,0.07200000000000006,0.025333333333333347,0.15200000000000008,326
4WE_PAIR_008_V04__PLAYER,R1_REMOVE_LEGAL_SIGNATURE,R3_STATE_CENTRIC_POLICY,0.07200000000000006,0.025333333333333347,0.15200000000000008,Quick Attack,Quick Attack,True,0.07200000000000006,0.025333333333333347,0.15200000000000008,327
4WE_PAIR_010_V01__PLAYER,R1_REMOVE_LEGAL_SIGNATURE,R3_STATE_CENTRIC_POLICY,0.07200000000000006,0.025333333333333347,0.15200000000000008,Quick Attack,Quick Attack,True,0.07200000000000006,0.025333333333333347,0.15200000000000008,328
4WE_PAIR_002_V04__PLAYER,R2_REMOVE_SIGNATURE_AND_COMPATIBILITY,R3_STATE_CENTRIC_POLICY,0.07200000000000006,0.02466666666666668,0.14800000000000008,Quick Attack,Quick Attack,True,0.07200000000000006,0.02466666666666668,0.14800000000000008,329
4WE_PAIR_009_V04__PLAYER,R2_REMOVE_SIGNATURE_AND_COMPATIBILITY,R3_STATE_CENTRIC_POLICY,0.07200000000000006,0.02466666666666668,0.14800000000000008,Quick Attack,Quick Attack,True,0.07200000000000006,0.02466666666666668,0.14800000000000008,330
4WE_PAIR_014_V04__PLAYER,R2_REMOVE_SIGNATURE_AND_COMPATIBILITY,R3_STATE_CENTRIC_POLICY,0.07200000000000006,0.02466666666666668,0.14800000000000008,Quick Attack,Quick Attack,True,0.07200000000000006,0.02466666666666668,0.14800000000000008,331
4WE_PAIR_019_V04__PLAYER,R2_REMOVE_SIGNATURE_AND_COMPATIBILITY,R3_STATE_CENTRIC_POLICY,0.07200000000000006,0.02466666666666668,0.14800000000000008,Quick Attack,Quick Attack,True,0.07200000000000006,0.02466666666666668,0.14800000000000008,332
4WE_PAIR_001_V02__OPPONENT,R2_REMOVE_SIGNATURE_AND_COMPATIBILITY,R3_STATE_CENTRIC_POLICY,0.07200000000000001,0.023999999999999994,0.14399999999999996,Quick Attack,Quick Attack,True,0.07200000000000001,0.023999999999999994,0.14399999999999996,333
4WE_PAIR_002_V02__OPPONENT,R2_REMOVE_SIGNATURE_AND_COMPATIBILITY,R3_STATE_CENTRIC_POLICY,0.07200000000000001,0.023999999999999994,0.14399999999999996,Quick Attack,Quick Attack,True,0.07200000000000001,0.023999999999999994,0.14399999999999996,334
4WE_PAIR_008_V02__OPPONENT,R2_REMOVE_SIGNATURE_AND_COMPATIBILITY,R3_STATE_CENTRIC_POLICY,0.07200000000000001,0.023999999999999994,0.14399999999999996,Quick Attack,Quick Attack,True,0.07200000000000001,0.023999999999999994,0.14399999999999996,335
4WE_PAIR_009_V02__OPPONENT,R2_REMOVE_SIGNATURE_AND_COMPATIBILITY,R3_STATE_CENTRIC_POLICY,0.07200000000000001,0.023999999999999994,0.14399999999999996,Quick Attack,Quick Attack,True,0.07200000000000001,0.023999999999999994,0.14399999999999996,336
4WE_PAIR_013_V03__OPPONENT,R2_REMOVE_SIGNATURE_AND_COMPATIBILITY,R3_STATE_CENTRIC_POLICY,0.07200000000000001,0.023999999999999994,0.14399999999999996,Quick Attack,Quick Attack,True,0.07200000000000001,0.023999999999999994,0.14399999999999996,337
4WE_PAIR_014_V03__OPPONENT,R2_REMOVE_SIGNATURE_AND_COMPATIBILITY,R3_STATE_CENTRIC_POLICY,0.07200000000000001,0.023999999999999994,0.14399999999999996,Quick Attack,Quick Attack,True,0.07200000000000001,0.023999999999999994,0.14399999999999996,338
4WE_PAIR_018_V03__OPPONENT,R2_REMOVE_SIGNATURE_AND_COMPATIBILITY,R3_STATE_CENTRIC_POLICY,0.07200000000000001,0.023999999999999994,0.14399999999999996,Quick Attack,Quick Attack,True,0.07200000000000001,0.023999999999999994,0.14399999999999996,339
4WE_PAIR_019_V03__OPPONENT,R2_REMOVE_SIGNATURE_AND_COMPATIBILITY,R3_STATE_CENTRIC_POLICY,0.07200000000000001,0.023999999999999994,0.14399999999999996,Quick Attack,Quick Attack,True,0.07200000000000001,0.023999999999999994,0.14399999999999996,340
4WE_PAIR_003_V02__PLAYER,R2_REMOVE_SIGNATURE_AND_COMPATIBILITY,R3_STATE_CENTRIC_POLICY,0.07199999999999995,0.023999999999999994,0.14399999999999996,Quick Attack,Quick Attack,True,0.07199999999999995,0.023999999999999994,0.14399999999999996,341
4WE_PAIR_010_V02__PLAYER,R2_REMOVE_SIGNATURE_AND_COMPATIBILITY,R3_STATE_CENTRIC_POLICY,0.07199999999999995,0.023999999999999994,0.14399999999999996,Quick Attack,Quick Attack,True,0.07199999999999995,0.023999999999999994,0.14399999999999996,342
4WE_PAIR_003_V01__OPPONENT,R1_REMOVE_LEGAL_SIGNATURE,R3_STATE_CENTRIC_POLICY,0.07000000000000006,0.02466666666666668,0.14800000000000008,Quick Attack,Quick Attack,True,0.07000000000000006,0.02466666666666668,0.14800000000000008,343
4WE_PAIR_003_V04__OPPONENT,R1_REMOVE_LEGAL_SIGNATURE,R3_STATE_CENTRIC_POLICY,0.07000000000000006,0.02466666666666668,0.14800000000000008,Quick Attack,Quick Attack,True,0.07000000000000006,0.02466666666666668,0.14800000000000008,344
4WE_PAIR_007_V01__PLAYER,R1_REMOVE_LEGAL_SIGNATURE,R3_STATE_CENTRIC_POLICY,0.07000000000000006,0.02466666666666668,0.14800000000000008,Quick Attack,Quick Attack,True,0.07000000000000006,0.02466666666666668,0.14800000000000008,345
4WE_PAIR_010_V01__OPPONENT,R1_REMOVE_LEGAL_SIGNATURE,R3_STATE_CENTRIC_POLICY,0.07000000000000006,0.02466666666666668,0.14800000000000008,Quick Attack,Quick Attack,True,0.07000000000000006,0.02466666666666668,0.14800000000000008,346
4WE_PAIR_010_V04__OPPONENT,R1_REMOVE_LEGAL_SIGNATURE,R3_STATE_CENTRIC_POLICY,0.07000000000000006,0.02466666666666668,0.14800000000000008,Quick Attack,Quick Attack,True,0.07000000000000006,0.02466666666666668,0.14800000000000008,347
4WE_PAIR_013_V04__PLAYER,R1_REMOVE_LEGAL_SIGNATURE,R3_STATE_CENTRIC_POLICY,0.07000000000000006,0.02466666666666668,0.14800000000000008,Quick Attack,Quick Attack,True,0.07000000000000006,0.02466666666666668,0.14800000000000008,348
4WE_PAIR_018_V04__PLAYER,R1_REMOVE_LEGAL_SIGNATURE,R3_STATE_CENTRIC_POLICY,0.07000000000000006,0.02466666666666668,0.14800000000000008,Quick Attack,Quick Attack,True,0.07000000000000006,0.02466666666666668,0.14800000000000008,349
4WE_PAIR_001_V04__PLAYER,R2_REMOVE_SIGNATURE_AND_COMPATIBILITY,R3_STATE_CENTRIC_POLICY,0.07000000000000006,0.02400000000000001,0.14400000000000007,Quick Attack,Quick Attack,True,0.07000000000000006,0.02400000000000001,0.14400000000000007,350
4WE_PAIR_008_V04__PLAYER,R2_REMOVE_SIGNATURE_AND_COMPATIBILITY,R3_STATE_CENTRIC_POLICY,0.07000000000000006,0.02400000000000001,0.14400000000000007,Quick Attack,Quick Attack,True,0.07000000000000006,0.02400000000000001,0.14400000000000007,351
4WE_PAIR_013_V04__PLAYER,R2_REMOVE_SIGNATURE_AND_COMPATIBILITY,R3_STATE_CENTRIC_POLICY,0.07000000000000006,0.02400000000000001,0.14400000000000007,Quick Attack,Quick Attack,True,0.07000000000000006,0.02400000000000001,0.14400000000000007,352
4WE_PAIR_018_V04__PLAYER,R2_REMOVE_SIGNATURE_AND_COMPATIBILITY,R3_STATE_CENTRIC_POLICY,0.07000000000000006,0.02400000000000001,0.14400000000000007,Quick Attack,Quick Attack,True,0.07000000000000006,0.02400000000000001,0.14400000000000007,353
4WE_PAIR_004_V02__OPPONENT,R2_REMOVE_SIGNATURE_AND_COMPATIBILITY,R3_STATE_CENTRIC_POLICY,0.07,0.023333333333333327,0.13999999999999996,Quick Attack,Quick Attack,True,0.07,0.023333333333333327,0.13999999999999996,354
4WE_PAIR_004_V03__OPPONENT,R2_REMOVE_SIGNATURE_AND_COMPATIBILITY,R3_STATE_CENTRIC_POLICY,0.07,0.023333333333333327,0.13999999999999996,Quick Attack,Quick Attack,True,0.07,0.023333333333333327,0.13999999999999996,355
4WE_PAIR_013_V02__OPPONENT,R2_REMOVE_SIGNATURE_AND_COMPATIBILITY,R3_STATE_CENTRIC_POLICY,0.07,0.023333333333333327,0.13999999999999996,Quick Attack,Quick Attack,True,0.07,0.023333333333333327,0.13999999999999996,356
4WE_PAIR_013_V02__PLAYER,R2_REMOVE_SIGNATURE_AND_COMPATIBILITY,R3_STATE_CENTRIC_POLICY,0.07,0.023333333333333327,0.13999999999999996,Quick Attack,Quick Attack,True,0.07,0.023333333333333327,0.13999999999999996,357
4WE_PAIR_014_V02__OPPONENT,R2_REMOVE_SIGNATURE_AND_COMPATIBILITY,R3_STATE_CENTRIC_POLICY,0.07,0.023333333333333327,0.13999999999999996,Quick Attack,Quick Attack,True,0.07,0.023333333333333327,0.13999999999999996,358
4WE_PAIR_014_V02__PLAYER,R2_REMOVE_SIGNATURE_AND_COMPATIBILITY,R3_STATE_CENTRIC_POLICY,0.07,0.023333333333333327,0.13999999999999996,Quick Attack,Quick Attack,True,0.07,0.023333333333333327,0.13999999999999996,359
4WE_PAIR_018_V02__OPPONENT,R2_REMOVE_SIGNATURE_AND_COMPATIBILITY,R3_STATE_CENTRIC_POLICY,0.07,0.023333333333333327,0.13999999999999996,Quick Attack,Quick Attack,True,0.07,0.023333333333333327,0.13999999999999996,360
4WE_PAIR_018_V02__PLAYER,R2_REMOVE_SIGNATURE_AND_COMPATIBILITY,R3_STATE_CENTRIC_POLICY,0.07,0.023333333333333327,0.13999999999999996,Quick Attack,Quick Attack,True,0.07,0.023333333333333327,0.13999999999999996,361
4WE_PAIR_019_V02__OPPONENT,R2_REMOVE_SIGNATURE_AND_COMPATIBILITY,R3_STATE_CENTRIC_POLICY,0.07,0.023333333333333327,0.13999999999999996,Quick Attack,Quick Attack,True,0.07,0.023333333333333327,0.13999999999999996,362
4WE_PAIR_019_V02__PLAYER,R2_REMOVE_SIGNATURE_AND_COMPATIBILITY,R3_STATE_CENTRIC_POLICY,0.07,0.023333333333333327,0.13999999999999996,Quick Attack,Quick Attack,True,0.07,0.023333333333333327,0.13999999999999996,363
4WE_PAIR_001_V02__PLAYER,R2_REMOVE_SIGNATURE_AND_COMPATIBILITY,R3_STATE_CENTRIC_POLICY,0.06999999999999995,0.023333333333333327,0.13999999999999996,Quick Attack,Quick Attack,True,0.06999999999999995,0.023333333333333327,0.13999999999999996,364
4WE_PAIR_002_V02__PLAYER,R2_REMOVE_SIGNATURE_AND_COMPATIBILITY,R3_STATE_CENTRIC_POLICY,0.06999999999999995,0.023333333333333327,0.13999999999999996,Quick Attack,Quick Attack,True,0.06999999999999995,0.023333333333333327,0.13999999999999996,365
4WE_PAIR_003_V03__PLAYER,R2_REMOVE_SIGNATURE_AND_COMPATIBILITY,R3_STATE_CENTRIC_POLICY,0.06999999999999995,0.023333333333333327,0.13999999999999996,Quick Attack,Quick Attack,True,0.06999999999999995,0.023333333333333327,0.13999999999999996,366
4WE_PAIR_008_V02__PLAYER,R2_REMOVE_SIGNATURE_AND_COMPATIBILITY,R3_STATE_CENTRIC_POLICY,0.06999999999999995,0.023333333333333327,0.13999999999999996,Quick Attack,Quick Attack,True,0.06999999999999995,0.023333333333333327,0.13999999999999996,367
4WE_PAIR_009_V02__PLAYER,R2_REMOVE_SIGNATURE_AND_COMPATIBILITY,R3_STATE_CENTRIC_POLICY,0.06999999999999995,0.023333333333333327,0.13999999999999996,Quick Attack,Quick Attack,True,0.06999999999999995,0.023333333333333327,0.13999999999999996,368
4WE_PAIR_010_V03__PLAYER,R2_REMOVE_SIGNATURE_AND_COMPATIBILITY,R3_STATE_CENTRIC_POLICY,0.06999999999999995,0.023333333333333327,0.13999999999999996,Quick Attack,Quick Attack,True,0.06999999999999995,0.023333333333333327,0.13999999999999996,369
4WE_PAIR_002_V01__PLAYER,R1_REMOVE_LEGAL_SIGNATURE,R3_STATE_CENTRIC_POLICY,0.06800000000000006,0.02400000000000001,0.14400000000000007,Quick Attack,Quick Attack,True,0.06800000000000006,0.02400000000000001,0.14400000000000007,370
4WE_PAIR_007_V01__OPPONENT,R1_REMOVE_LEGAL_SIGNATURE,R3_STATE_CENTRIC_POLICY,0.06800000000000006,0.02400000000000001,0.14400000000000007,Quick Attack,Quick Attack,True,0.06800000000000006,0.02400000000000001,0.14400000000000007,371
4WE_PAIR_007_V04__OPPONENT,R1_REMOVE_LEGAL_SIGNATURE,R3_STATE_CENTRIC_POLICY,0.06800000000000006,0.02400000000000001,0.14400000000000007,Quick Attack,Quick Attack,True,0.06800000000000006,0.02400000000000001,0.14400000000000007,372
4WE_PAIR_009_V01__PLAYER,R1_REMOVE_LEGAL_SIGNATURE,R3_STATE_CENTRIC_POLICY,0.06800000000000006,0.02400000000000001,0.14400000000000007,Quick Attack,Quick Attack,True,0.06800000000000006,0.02400000000000001,0.14400000000000007,373
4WE_PAIR_017_V01__OPPONENT,R1_REMOVE_LEGAL_SIGNATURE,R3_STATE_CENTRIC_POLICY,0.06800000000000006,0.02400000000000001,0.14400000000000007,Quick Attack,Quick Attack,True,0.06800000000000006,0.02400000000000001,0.14400000000000007,374
4WE_PAIR_017_V01__PLAYER,R1_REMOVE_LEGAL_SIGNATURE,R3_STATE_CENTRIC_POLICY,0.06800000000000006,0.02400000000000001,0.14400000000000007,Quick Attack,Quick Attack,True,0.06800000000000006,0.02400000000000001,0.14400000000000007,375
4WE_PAIR_017_V04__OPPONENT,R1_REMOVE_LEGAL_SIGNATURE,R3_STATE_CENTRIC_POLICY,0.06800000000000006,0.02400000000000001,0.14400000000000007,Quick Attack,Quick Attack,True,0.06800000000000006,0.02400000000000001,0.14400000000000007,376
4WE_PAIR_002_V01__PLAYER,R2_REMOVE_SIGNATURE_AND_COMPATIBILITY,R3_STATE_CENTRIC_POLICY,0.06800000000000006,0.023333333333333345,0.14000000000000007,Quick Attack,Quick Attack,True,0.06800000000000006,0.023333333333333345,0.14000000000000007,377
4WE_PAIR_003_V01__PLAYER,R2_REMOVE_SIGNATURE_AND_COMPATIBILITY,R3_STATE_CENTRIC_POLICY,0.06800000000000006,0.023333333333333345,0.14000000000000007,Quick Attack,Quick Attack,True,0.06800000000000006,0.023333333333333345,0.14000000000000007,378
4WE_PAIR_003_V04__PLAYER,R2_REMOVE_SIGNATURE_AND_COMPATIBILITY,R3_STATE_CENTRIC_POLICY,0.06800000000000006,0.023333333333333345,0.14000000000000007,Quick Attack,Quick Attack,True,0.06800000000000006,0.023333333333333345,0.14000000000000007,379
4WE_PAIR_007_V04__PLAYER,R2_REMOVE_SIGNATURE_AND_COMPATIBILITY,R3_STATE_CENTRIC_POLICY,0.06800000000000006,0.023333333333333345,0.14000000000000007,Quick Attack,Quick Attack,True,0.06800000000000006,0.023333333333333345,0.14000000000000007,380
4WE_PAIR_009_V01__PLAYER,R2_REMOVE_SIGNATURE_AND_COMPATIBILITY,R3_STATE_CENTRIC_POLICY,0.06800000000000006,0.023333333333333345,0.14000000000000007,Quick Attack,Quick Attack,True,0.06800000000000006,0.023333333333333345,0.14000000000000007,381
4WE_PAIR_010_V01__PLAYER,R2_REMOVE_SIGNATURE_AND_COMPATIBILITY,R3_STATE_CENTRIC_POLICY,0.06800000000000006,0.023333333333333345,0.14000000000000007,Quick Attack,Quick Attack,True,0.06800000000000006,0.023333333333333345,0.14000000000000007,382
4WE_PAIR_010_V04__PLAYER,R2_REMOVE_SIGNATURE_AND_COMPATIBILITY,R3_STATE_CENTRIC_POLICY,0.06800000000000006,0.023333333333333345,0.14000000000000007,Quick Attack,Quick Attack,True,0.06800000000000006,0.023333333333333345,0.14000000000000007,383
4WE_PAIR_017_V04__PLAYER,R2_REMOVE_SIGNATURE_AND_COMPATIBILITY,R3_STATE_CENTRIC_POLICY,0.06800000000000006,0.02333333333333334,0.14000000000000004,Quick Attack,Quick Attack,True,0.06800000000000006,0.02333333333333334,0.14000000000000004,384
4WE_PAIR_016_V03__OPPONENT,R0_CURRENT_BASELINE,R2_REMOVE_SIGNATURE_AND_COMPATIBILITY,0.06800000000000002,0.02266666666666668,0.13600000000000007,Quick Attack,Quick Attack,True,0.06800000000000002,0.02266666666666668,0.13600000000000007,385
4WE_PAIR_004_V02__PLAYER,R2_REMOVE_SIGNATURE_AND_COMPATIBILITY,R3_STATE_CENTRIC_POLICY,0.06799999999999995,0.022666666666666658,0.13599999999999995,Quick Attack,Quick Attack,True,0.06799999999999995,0.022666666666666658,0.13599999999999995,386
4WE_PAIR_002_V01__OPPONENT,R1_REMOVE_LEGAL_SIGNATURE,R3_STATE_CENTRIC_POLICY,0.06600000000000006,0.023333333333333345,0.14000000000000007,Quick Attack,Quick Attack,True,0.06600000000000006,0.023333333333333345,0.14000000000000007,387
4WE_PAIR_002_V04__OPPONENT,R1_REMOVE_LEGAL_SIGNATURE,R3_STATE_CENTRIC_POLICY,0.06600000000000006,0.023333333333333345,0.14000000000000007,Quick Attack,Quick Attack,True,0.06600000000000006,0.023333333333333345,0.14000000000000007,388
4WE_PAIR_009_V01__OPPONENT,R1_REMOVE_LEGAL_SIGNATURE,R3_STATE_CENTRIC_POLICY,0.06600000000000006,0.023333333333333345,0.14000000000000007,Quick Attack,Quick Attack,True,0.06600000000000006,0.023333333333333345,0.14000000000000007,389
4WE_PAIR_009_V04__OPPONENT,R1_REMOVE_LEGAL_SIGNATURE,R3_STATE_CENTRIC_POLICY,0.06600000000000006,0.023333333333333345,0.14000000000000007,Quick Attack,Quick Attack,True,0.06600000000000006,0.023333333333333345,0.14000000000000007,390
4WE_PAIR_014_V01__OPPONENT,R1_REMOVE_LEGAL_SIGNATURE,R3_STATE_CENTRIC_POLICY,0.06600000000000006,0.023333333333333345,0.14000000000000007,Quick Attack,Quick Attack,True,0.06600000000000006,0.023333333333333345,0.14000000000000007,391
4WE_PAIR_014_V01__PLAYER,R1_REMOVE_LEGAL_SIGNATURE,R3_STATE_CENTRIC_POLICY,0.06600000000000006,0.023333333333333345,0.14000000000000007,Quick Attack,Quick Attack,True,0.06600000000000006,0.023333333333333345,0.14000000000000007,392
4WE_PAIR_014_V04__OPPONENT,R1_REMOVE_LEGAL_SIGNATURE,R3_STATE_CENTRIC_POLICY,0.06600000000000006,0.023333333333333345,0.14000000000000007,Quick Attack,Quick Attack,True,0.06600000000000006,0.023333333333333345,0.14000000000000007,393
4WE_PAIR_019_V01__OPPONENT,R1_REMOVE_LEGAL_SIGNATURE,R3_STATE_CENTRIC_POLICY,0.06600000000000006,0.023333333333333345,0.14000000000000007,Quick Attack,Quick Attack,True,0.06600000000000006,0.023333333333333345,0.14000000000000007,394
4WE_PAIR_019_V01__PLAYER,R1_REMOVE_LEGAL_SIGNATURE,R3_STATE_CENTRIC_POLICY,0.06600000000000006,0.023333333333333345,0.14000000000000007,Quick Attack,Quick Attack,True,0.06600000000000006,0.023333333333333345,0.14000000000000007,395
4WE_PAIR_019_V04__OPPONENT,R1_REMOVE_LEGAL_SIGNATURE,R3_STATE_CENTRIC_POLICY,0.06600000000000006,0.023333333333333345,0.14000000000000007,Quick Attack,Quick Attack,True,0.06600000000000006,0.023333333333333345,0.14000000000000007,396
4WE_PAIR_001_V01__PLAYER,R2_REMOVE_SIGNATURE_AND_COMPATIBILITY,R3_STATE_CENTRIC_POLICY,0.06600000000000006,0.02266666666666668,0.13600000000000007,Quick Attack,Quick Attack,True,0.06600000000000006,0.02266666666666668,0.13600000000000007,397
4WE_PAIR_004_V01__PLAYER,R2_REMOVE_SIGNATURE_AND_COMPATIBILITY,R3_STATE_CENTRIC_POLICY,0.06600000000000006,0.02266666666666668,0.13600000000000007,Quick Attack,Quick Attack,True,0.06600000000000006,0.02266666666666668,0.13600000000000007,398
4WE_PAIR_004_V04__PLAYER,R2_REMOVE_SIGNATURE_AND_COMPATIBILITY,R3_STATE_CENTRIC_POLICY,0.06600000000000006,0.02266666666666668,0.13600000000000007,Quick Attack,Quick Attack,True,0.06600000000000006,0.02266666666666668,0.13600000000000007,399
4WE_PAIR_007_V01__PLAYER,R2_REMOVE_SIGNATURE_AND_COMPATIBILITY,R3_STATE_CENTRIC_POLICY,0.06600000000000006,0.02266666666666668,0.13600000000000007,Quick Attack,Quick Attack,True,0.06600000000000006,0.02266666666666668,0.13600000000000007,400
4WE_PAIR_008_V01__PLAYER,R2_REMOVE_SIGNATURE_AND_COMPATIBILITY,R3_STATE_CENTRIC_POLICY,0.06600000000000006,0.02266666666666668,0.13600000000000007,Quick Attack,Quick Attack,True,0.06600000000000006,0.02266666666666668,0.13600000000000007,401
4WE_PAIR_014_V01__PLAYER,R2_REMOVE_SIGNATURE_AND_COMPATIBILITY,R3_STATE_CENTRIC_POLICY,0.06600000000000006,0.02266666666666668,0.13600000000000007,Quick Attack,Quick Attack,True,0.06600000000000006,0.02266666666666668,0.13600000000000007,402
4WE_PAIR_019_V01__PLAYER,R2_REMOVE_SIGNATURE_AND_COMPATIBILITY,R3_STATE_CENTRIC_POLICY,0.06600000000000006,0.02266666666666668,0.13600000000000007,Quick Attack,Quick Attack,True,0.06600000000000006,0.02266666666666668,0.13600000000000007,403
4WE_PAIR_015_V03__OPPONENT,R0_CURRENT_BASELINE,R2_REMOVE_SIGNATURE_AND_COMPATIBILITY,0.06600000000000002,0.02200000000000001,0.13200000000000006,Quick Attack,Quick Attack,True,0.06600000000000002,0.02200000000000001,0.13200000000000006,404
4WE_PAIR_016_V03__PLAYER,R0_CURRENT_BASELINE,R2_REMOVE_SIGNATURE_AND_COMPATIBILITY,0.06600000000000002,0.02200000000000001,0.13200000000000006,Quick Attack,Quick Attack,True,0.06600000000000002,0.02200000000000001,0.13200000000000006,405
4WE_PAIR_021_V03__OPPONENT,R0_CURRENT_BASELINE,R2_REMOVE_SIGNATURE_AND_COMPATIBILITY,0.06600000000000002,0.02200000000000001,0.13200000000000006,Quick Attack,Quick Attack,True,0.06600000000000002,0.02200000000000001,0.13200000000000006,406
4WE_PAIR_004_V03__PLAYER,R2_REMOVE_SIGNATURE_AND_COMPATIBILITY,R3_STATE_CENTRIC_POLICY,0.06599999999999995,0.021999999999999992,0.13199999999999995,Quick Attack,Quick Attack,True,0.06599999999999995,0.021999999999999992,0.13199999999999995,407
4WE_PAIR_001_V01__PLAYER,R1_REMOVE_LEGAL_SIGNATURE,R3_STATE_CENTRIC_POLICY,0.06400000000000006,0.02266666666666668,0.13600000000000007,Quick Attack,Quick Attack,True,0.06400000000000006,0.02266666666666668,0.13600000000000007,408
4WE_PAIR_008_V01__PLAYER,R1_REMOVE_LEGAL_SIGNATURE,R3_STATE_CENTRIC_POLICY,0.06400000000000006,0.02266666666666668,0.13600000000000007,Quick Attack,Quick Attack,True,0.06400000000000006,0.02266666666666668,0.13600000000000007,409
4WE_PAIR_002_V01__OPPONENT,R2_REMOVE_SIGNATURE_AND_COMPATIBILITY,R3_STATE_CENTRIC_POLICY,0.06400000000000006,0.02200000000000001,0.13200000000000006,Quick Attack,Quick Attack,True,0.06400000000000006,0.02200000000000001,0.13200000000000006,410
4WE_PAIR_002_V04__OPPONENT,R2_REMOVE_SIGNATURE_AND_COMPATIBILITY,R3_STATE_CENTRIC_POLICY,0.06400000000000006,0.02200000000000001,0.13200000000000006,Quick Attack,Quick Attack,True,0.06400000000000006,0.02200000000000001,0.13200000000000006,411
4WE_PAIR_003_V01__OPPONENT,R2_REMOVE_SIGNATURE_AND_COMPATIBILITY,R3_STATE_CENTRIC_POLICY,0.06400000000000006,0.02200000000000001,0.13200000000000006,Quick Attack,Quick Attack,True,0.06400000000000006,0.02200000000000001,0.13200000000000006,412
4WE_PAIR_003_V04__OPPONENT,R2_REMOVE_SIGNATURE_AND_COMPATIBILITY,R3_STATE_CENTRIC_POLICY,0.06400000000000006,0.02200000000000001,0.13200000000000006,Quick Attack,Quick Attack,True,0.06400000000000006,0.02200000000000001,0.13200000000000006,413
4WE_PAIR_009_V01__OPPONENT,R2_REMOVE_SIGNATURE_AND_COMPATIBILITY,R3_STATE_CENTRIC_POLICY,0.06400000000000006,0.02200000000000001,0.13200000000000006,Quick Attack,Quick Attack,True,0.06400000000000006,0.02200000000000001,0.13200000000000006,414
4WE_PAIR_009_V04__OPPONENT,R2_REMOVE_SIGNATURE_AND_COMPATIBILITY,R3_STATE_CENTRIC_POLICY,0.06400000000000006,0.02200000000000001,0.13200000000000006,Quick Attack,Quick Attack,True,0.06400000000000006,0.02200000000000001,0.13200000000000006,415
4WE_PAIR_010_V01__OPPONENT,R2_REMOVE_SIGNATURE_AND_COMPATIBILITY,R3_STATE_CENTRIC_POLICY,0.06400000000000006,0.02200000000000001,0.13200000000000006,Quick Attack,Quick Attack,True,0.06400000000000006,0.02200000000000001,0.13200000000000006,416
4WE_PAIR_010_V04__OPPONENT,R2_REMOVE_SIGNATURE_AND_COMPATIBILITY,R3_STATE_CENTRIC_POLICY,0.06400000000000006,0.02200000000000001,0.13200000000000006,Quick Attack,Quick Attack,True,0.06400000000000006,0.02200000000000001,0.13200000000000006,417
4WE_PAIR_013_V01__PLAYER,R2_REMOVE_SIGNATURE_AND_COMPATIBILITY,R3_STATE_CENTRIC_POLICY,0.06400000000000006,0.02200000000000001,0.13200000000000006,Quick Attack,Quick Attack,True,0.06400000000000006,0.02200000000000001,0.13200000000000006,418
4WE_PAIR_014_V01__OPPONENT,R2_REMOVE_SIGNATURE_AND_COMPATIBILITY,R3_STATE_CENTRIC_POLICY,0.06400000000000006,0.02200000000000001,0.13200000000000006,Quick Attack,Quick Attack,True,0.06400000000000006,0.02200000000000001,0.13200000000000006,419
4WE_PAIR_014_V04__OPPONENT,R2_REMOVE_SIGNATURE_AND_COMPATIBILITY,R3_STATE_CENTRIC_POLICY,0.06400000000000006,0.02200000000000001,0.13200000000000006,Quick Attack,Quick Attack,True,0.06400000000000006,0.02200000000000001,0.13200000000000006,420
4WE_PAIR_017_V01__PLAYER,R2_REMOVE_SIGNATURE_AND_COMPATIBILITY,R3_STATE_CENTRIC_POLICY,0.06400000000000006,0.02200000000000001,0.13200000000000006,Quick Attack,Quick Attack,True,0.06400000000000006,0.02200000000000001,0.13200000000000006,421
4WE_PAIR_018_V01__PLAYER,R2_REMOVE_SIGNATURE_AND_COMPATIBILITY,R3_STATE_CENTRIC_POLICY,0.06400000000000006,0.02200000000000001,0.13200000000000006,Quick Attack,Quick Attack,True,0.06400000000000006,0.02200000000000001,0.13200000000000006,422
4WE_PAIR_019_V01__OPPONENT,R2_REMOVE_SIGNATURE_AND_COMPATIBILITY,R3_STATE_CENTRIC_POLICY,0.06400000000000006,0.02200000000000001,0.13200000000000006,Quick Attack,Quick Attack,True,0.06400000000000006,0.02200000000000001,0.13200000000000006,423
4WE_PAIR_019_V04__OPPONENT,R2_REMOVE_SIGNATURE_AND_COMPATIBILITY,R3_STATE_CENTRIC_POLICY,0.06400000000000006,0.02200000000000001,0.13200000000000006,Quick Attack,Quick Attack,True,0.06400000000000006,0.02200000000000001,0.13200000000000006,424
4WE_PAIR_020_V03__PLAYER,R0_CURRENT_BASELINE,R2_REMOVE_SIGNATURE_AND_COMPATIBILITY,0.06400000000000006,0.021333333333333343,0.12800000000000006,Quick Attack,Quick Attack,True,0.06400000000000006,0.021333333333333343,0.12800000000000006,425
4WE_PAIR_015_V03__PLAYER,R0_CURRENT_BASELINE,R2_REMOVE_SIGNATURE_AND_COMPATIBILITY,0.06400000000000002,0.021333333333333343,0.12800000000000006,Quick Attack,Quick Attack,True,0.06400000000000002,0.021333333333333343,0.12800000000000006,426
4WE_PAIR_016_V02__OPPONENT,R0_CURRENT_BASELINE,R2_REMOVE_SIGNATURE_AND_COMPATIBILITY,0.06400000000000002,0.021333333333333343,0.12800000000000006,Quick Attack,Quick Attack,True,0.06400000000000002,0.021333333333333343,0.12800000000000006,427
4WE_PAIR_021_V03__PLAYER,R0_CURRENT_BASELINE,R2_REMOVE_SIGNATURE_AND_COMPATIBILITY,0.06400000000000002,0.021333333333333343,0.12800000000000006,Quick Attack,Quick Attack,True,0.06400000000000002,0.021333333333333343,0.12800000000000006,428
4WE_PAIR_001_V01__OPPONENT,R1_REMOVE_LEGAL_SIGNATURE,R3_STATE_CENTRIC_POLICY,0.062000000000000055,0.02200000000000001,0.13200000000000006,Quick Attack,Quick Attack,True,0.062000000000000055,0.02200000000000001,0.13200000000000006,429
4WE_PAIR_001_V04__OPPONENT,R1_REMOVE_LEGAL_SIGNATURE,R3_STATE_CENTRIC_POLICY,0.062000000000000055,0.02200000000000001,0.13200000000000006,Quick Attack,Quick Attack,True,0.062000000000000055,0.02200000000000001,0.13200000000000006,430
4WE_PAIR_008_V01__OPPONENT,R1_REMOVE_LEGAL_SIGNATURE,R3_STATE_CENTRIC_POLICY,0.062000000000000055,0.02200000000000001,0.13200000000000006,Quick Attack,Quick Attack,True,0.062000000000000055,0.02200000000000001,0.13200000000000006,431
4WE_PAIR_008_V04__OPPONENT,R1_REMOVE_LEGAL_SIGNATURE,R3_STATE_CENTRIC_POLICY,0.062000000000000055,0.02200000000000001,0.13200000000000006,Quick Attack,Quick Attack,True,0.062000000000000055,0.02200000000000001,0.13200000000000006,432
4WE_PAIR_013_V01__OPPONENT,R1_REMOVE_LEGAL_SIGNATURE,R3_STATE_CENTRIC_POLICY,0.062000000000000055,0.02200000000000001,0.13200000000000006,Quick Attack,Quick Attack,True,0.062000000000000055,0.02200000000000001,0.13200000000000006,433
4WE_PAIR_013_V01__PLAYER,R1_REMOVE_LEGAL_SIGNATURE,R3_STATE_CENTRIC_POLICY,0.062000000000000055,0.02200000000000001,0.13200000000000006,Quick Attack,Quick Attack,True,0.062000000000000055,0.02200000000000001,0.13200000000000006,434
4WE_PAIR_013_V04__OPPONENT,R1_REMOVE_LEGAL_SIGNATURE,R3_STATE_CENTRIC_POLICY,0.062000000000000055,0.02200000000000001,0.13200000000000006,Quick Attack,Quick Attack,True,0.062000000000000055,0.02200000000000001,0.13200000000000006,435
4WE_PAIR_018_V01__OPPONENT,R1_REMOVE_LEGAL_SIGNATURE,R3_STATE_CENTRIC_POLICY,0.062000000000000055,0.02200000000000001,0.13200000000000006,Quick Attack,Quick Attack,True,0.062000000000000055,0.02200000000000001,0.13200000000000006,436
4WE_PAIR_018_V01__PLAYER,R1_REMOVE_LEGAL_SIGNATURE,R3_STATE_CENTRIC_POLICY,0.062000000000000055,0.02200000000000001,0.13200000000000006,Quick Attack,Quick Attack,True,0.062000000000000055,0.02200000000000001,0.13200000000000006,437
4WE_PAIR_018_V04__OPPONENT,R1_REMOVE_LEGAL_SIGNATURE,R3_STATE_CENTRIC_POLICY,0.062000000000000055,0.02200000000000001,0.13200000000000006,Quick Attack,Quick Attack,True,0.062000000000000055,0.02200000000000001,0.13200000000000006,438
4WE_PAIR_001_V01__OPPONENT,R2_REMOVE_SIGNATURE_AND_COMPATIBILITY,R3_STATE_CENTRIC_POLICY,0.062000000000000055,0.021333333333333343,0.12800000000000006,Quick Attack,Quick Attack,True,0.062000000000000055,0.021333333333333343,0.12800000000000006,439
4WE_PAIR_001_V04__OPPONENT,R2_REMOVE_SIGNATURE_AND_COMPATIBILITY,R3_STATE_CENTRIC_POLICY,0.062000000000000055,0.021333333333333343,0.12800000000000006,Quick Attack,Quick Attack,True,0.062000000000000055,0.021333333333333343,0.12800000000000006,440
4WE_PAIR_004_V01__OPPONENT,R2_REMOVE_SIGNATURE_AND_COMPATIBILITY,R3_STATE_CENTRIC_POLICY,0.062000000000000055,0.021333333333333343,0.12800000000000006,Quick Attack,Quick Attack,True,0.062000000000000055,0.021333333333333343,0.12800000000000006,441
4WE_PAIR_004_V04__OPPONENT,R2_REMOVE_SIGNATURE_AND_COMPATIBILITY,R3_STATE_CENTRIC_POLICY,0.062000000000000055,0.021333333333333343,0.12800000000000006,Quick Attack,Quick Attack,True,0.062000000000000055,0.021333333333333343,0.12800000000000006,442
4WE_PAIR_007_V01__OPPONENT,R2_REMOVE_SIGNATURE_AND_COMPATIBILITY,R3_STATE_CENTRIC_POLICY,0.062000000000000055,0.021333333333333343,0.12800000000000006,Quick Attack,Quick Attack,True,0.062000000000000055,0.021333333333333343,0.12800000000000006,443
4WE_PAIR_007_V04__OPPONENT,R2_REMOVE_SIGNATURE_AND_COMPATIBILITY,R3_STATE_CENTRIC_POLICY,0.062000000000000055,0.021333333333333343,0.12800000000000006,Quick Attack,Quick Attack,True,0.062000000000000055,0.021333333333333343,0.12800000000000006,444
4WE_PAIR_008_V01__OPPONENT,R2_REMOVE_SIGNATURE_AND_COMPATIBILITY,R3_STATE_CENTRIC_POLICY,0.062000000000000055,0.021333333333333343,0.12800000000000006,Quick Attack,Quick Attack,True,0.062000000000000055,0.021333333333333343,0.12800000000000006,445
4WE_PAIR_008_V04__OPPONENT,R2_REMOVE_SIGNATURE_AND_COMPATIBILITY,R3_STATE_CENTRIC_POLICY,0.062000000000000055,0.021333333333333343,0.12800000000000006,Quick Attack,Quick Attack,True,0.062000000000000055,0.021333333333333343,0.12800000000000006,446
4WE_PAIR_013_V01__OPPONENT,R2_REMOVE_SIGNATURE_AND_COMPATIBILITY,R3_STATE_CENTRIC_POLICY,0.062000000000000055,0.021333333333333343,0.12800000000000006,Quick Attack,Quick Attack,True,0.062000000000000055,0.021333333333333343,0.12800000000000006,447
4WE_PAIR_013_V04__OPPONENT,R2_REMOVE_SIGNATURE_AND_COMPATIBILITY,R3_STATE_CENTRIC_POLICY,0.062000000000000055,0.021333333333333343,0.12800000000000006,Quick Attack,Quick Attack,True,0.062000000000000055,0.021333333333333343,0.12800000000000006,448
4WE_PAIR_017_V01__OPPONENT,R2_REMOVE_SIGNATURE_AND_COMPATIBILITY,R3_STATE_CENTRIC_POLICY,0.062000000000000055,0.021333333333333343,0.12800000000000006,Quick Attack,Quick Attack,True,0.062000000000000055,0.021333333333333343,0.12800000000000006,449
4WE_PAIR_017_V04__OPPONENT,R2_REMOVE_SIGNATURE_AND_COMPATIBILITY,R3_STATE_CENTRIC_POLICY,0.062000000000000055,0.021333333333333343,0.12800000000000006,Quick Attack,Quick Attack,True,0.062000000000000055,0.021333333333333343,0.12800000000000006,450
4WE_PAIR_018_V01__OPPONENT,R2_REMOVE_SIGNATURE_AND_COMPATIBILITY,R3_STATE_CENTRIC_POLICY,0.062000000000000055,0.021333333333333343,0.12800000000000006,Quick Attack,Quick Attack,True,0.062000000000000055,0.021333333333333343,0.12800000000000006,451
4WE_PAIR_018_V04__OPPONENT,R2_REMOVE_SIGNATURE_AND_COMPATIBILITY,R3_STATE_CENTRIC_POLICY,0.062000000000000055,0.021333333333333343,0.12800000000000006,Quick Attack,Quick Attack,True,0.062000000000000055,0.021333333333333343,0.12800000000000006,452
4WE_PAIR_022_V03__OPPONENT,R0_CURRENT_BASELINE,R2_REMOVE_SIGNATURE_AND_COMPATIBILITY,0.062000000000000055,0.020666666666666677,0.12400000000000007,Quick Attack,Quick Attack,True,0.062000000000000055,0.020666666666666677,0.12400000000000007,453
4WE_PAIR_011_V03__PLAYER,R0_CURRENT_BASELINE,R2_REMOVE_SIGNATURE_AND_COMPATIBILITY,0.062000000000000055,0.020666666666666677,0.12400000000000005,Quick Attack,Quick Attack,True,0.062000000000000055,0.020666666666666677,0.12400000000000005,454
4WE_PAIR_005_V03__PLAYER,R0_CURRENT_BASELINE,R2_REMOVE_SIGNATURE_AND_COMPATIBILITY,0.06200000000000001,0.020666666666666677,0.12400000000000007,Quick Attack,Quick Attack,True,0.06200000000000001,0.020666666666666677,0.12400000000000007,455
4WE_PAIR_006_V03__PLAYER,R0_CURRENT_BASELINE,R2_REMOVE_SIGNATURE_AND_COMPATIBILITY,0.06200000000000001,0.020666666666666677,0.12400000000000007,Quick Attack,Quick Attack,True,0.06200000000000001,0.020666666666666677,0.12400000000000007,456
4WE_PAIR_012_V03__PLAYER,R0_CURRENT_BASELINE,R2_REMOVE_SIGNATURE_AND_COMPATIBILITY,0.06200000000000001,0.020666666666666677,0.12400000000000007,Quick Attack,Quick Attack,True,0.06200000000000001,0.020666666666666677,0.12400000000000007,457
4WE_PAIR_005_V03__OPPONENT,R0_CURRENT_BASELINE,R2_REMOVE_SIGNATURE_AND_COMPATIBILITY,0.06200000000000001,0.020666666666666677,0.12400000000000005,Quick Attack,Quick Attack,True,0.06200000000000001,0.020666666666666677,0.12400000000000005,458
4WE_PAIR_006_V03__OPPONENT,R0_CURRENT_BASELINE,R2_REMOVE_SIGNATURE_AND_COMPATIBILITY,0.06200000000000001,0.020666666666666677,0.12400000000000005,Quick Attack,Quick Attack,True,0.06200000000000001,0.020666666666666677,0.12400000000000005,459
4WE_PAIR_012_V03__OPPONENT,R0_CURRENT_BASELINE,R2_REMOVE_SIGNATURE_AND_COMPATIBILITY,0.06200000000000001,0.020666666666666677,0.12400000000000005,Quick Attack,Quick Attack,True,0.06200000000000001,0.020666666666666677,0.12400000000000005,460
4WE_PAIR_015_V02__OPPONENT,R0_CURRENT_BASELINE,R2_REMOVE_SIGNATURE_AND_COMPATIBILITY,0.06200000000000001,0.020666666666666677,0.12400000000000005,Quick Attack,Quick Attack,True,0.06200000000000001,0.020666666666666677,0.12400000000000005,461
4WE_PAIR_021_V02__OPPONENT,R0_CURRENT_BASELINE,R2_REMOVE_SIGNATURE_AND_COMPATIBILITY,0.06200000000000001,0.020666666666666677,0.12400000000000005,Quick Attack,Quick Attack,True,0.06200000000000001,0.020666666666666677,0.12400000000000005,462
4WE_PAIR_022_V03__PLAYER,R0_CURRENT_BASELINE,R2_REMOVE_SIGNATURE_AND_COMPATIBILITY,0.06000000000000005,0.02000000000000001,0.12000000000000006,Quick Attack,Quick Attack,True,0.06000000000000005,0.02000000000000001,0.12000000000000006,463
4WE_PAIR_011_V02__PLAYER,R0_CURRENT_BASELINE,R2_REMOVE_SIGNATURE_AND_COMPATIBILITY,0.06000000000000005,0.020000000000000007,0.12000000000000005,Quick Attack,Quick Attack,True,0.06000000000000005,0.020000000000000007,0.12000000000000005,464
4WE_PAIR_005_V02__PLAYER,R0_CURRENT_BASELINE,R2_REMOVE_SIGNATURE_AND_COMPATIBILITY,0.06000000000000001,0.02000000000000001,0.12000000000000006,Quick Attack,Quick Attack,True,0.06000000000000001,0.02000000000000001,0.12000000000000006,465
4WE_PAIR_006_V02__PLAYER,R0_CURRENT_BASELINE,R2_REMOVE_SIGNATURE_AND_COMPATIBILITY,0.06000000000000001,0.02000000000000001,0.12000000000000006,Quick Attack,Quick Attack,True,0.06000000000000001,0.02000000000000001,0.12000000000000006,466
4WE_PAIR_012_V02__PLAYER,R0_CURRENT_BASELINE,R2_REMOVE_SIGNATURE_AND_COMPATIBILITY,0.06000000000000001,0.02000000000000001,0.12000000000000006,Quick Attack,Quick Attack,True,0.06000000000000001,0.02000000000000001,0.12000000000000006,467
4WE_PAIR_016_V02__PLAYER,R0_CURRENT_BASELINE,R2_REMOVE_SIGNATURE_AND_COMPATIBILITY,0.06000000000000001,0.02000000000000001,0.12000000000000006,Quick Attack,Quick Attack,True,0.06000000000000001,0.02000000000000001,0.12000000000000006,468
4WE_PAIR_015_V03__OPPONENT,R2_REMOVE_SIGNATURE_AND_COMPATIBILITY,R3_STATE_CENTRIC_POLICY,0.06,0.01999999999999999,0.11999999999999994,Quick Attack,Quick Attack,True,0.06,0.01999999999999999,0.11999999999999994,469
4WE_PAIR_021_V03__OPPONENT,R2_REMOVE_SIGNATURE_AND_COMPATIBILITY,R3_STATE_CENTRIC_POLICY,0.06,0.01999999999999999,0.11999999999999994,Quick Attack,Quick Attack,True,0.06,0.01999999999999999,0.11999999999999994,470
4WE_PAIR_020_V03__OPPONENT,R2_REMOVE_SIGNATURE_AND_COMPATIBILITY,R3_STATE_CENTRIC_POLICY,0.05999999999999994,0.01999999999999999,0.11999999999999994,Quick Attack,Quick Attack,True,0.05999999999999994,0.01999999999999999,0.11999999999999994,471
4WE_PAIR_020_V03__PLAYER,R2_REMOVE_SIGNATURE_AND_COMPATIBILITY,R3_STATE_CENTRIC_POLICY,0.05999999999999994,0.01999999999999999,0.11999999999999994,Quick Attack,Quick Attack,True,0.05999999999999994,0.01999999999999999,0.11999999999999994,472
4WE_PAIR_020_V03__OPPONENT,R0_CURRENT_BASELINE,R2_REMOVE_SIGNATURE_AND_COMPATIBILITY,0.05800000000000005,0.019333333333333345,0.11600000000000006,Quick Attack,Quick Attack,True,0.05800000000000005,0.019333333333333345,0.11600000000000006,473
4WE_PAIR_023_V03__OPPONENT,R0_CURRENT_BASELINE,R2_REMOVE_SIGNATURE_AND_COMPATIBILITY,0.05800000000000005,0.019333333333333345,0.11600000000000006,Quick Attack,Quick Attack,True,0.05800000000000005,0.019333333333333345,0.11600000000000006,474
4WE_PAIR_020_V02__PLAYER,R0_CURRENT_BASELINE,R2_REMOVE_SIGNATURE_AND_COMPATIBILITY,0.05800000000000005,0.01933333333333334,0.11600000000000005,Quick Attack,Quick Attack,True,0.05800000000000005,0.01933333333333334,0.11600000000000005,475
4WE_PAIR_022_V02__OPPONENT,R0_CURRENT_BASELINE,R2_REMOVE_SIGNATURE_AND_COMPATIBILITY,0.05800000000000005,0.01933333333333334,0.11600000000000005,Quick Attack,Quick Attack,True,0.05800000000000005,0.01933333333333334,0.11600000000000005,476
4WE_PAIR_015_V02__PLAYER,R0_CURRENT_BASELINE,R2_REMOVE_SIGNATURE_AND_COMPATIBILITY,0.05800000000000001,0.019333333333333345,0.11600000000000006,Quick Attack,Quick Attack,True,0.05800000000000001,0.019333333333333345,0.11600000000000006,477
4WE_PAIR_021_V02__PLAYER,R0_CURRENT_BASELINE,R2_REMOVE_SIGNATURE_AND_COMPATIBILITY,0.05800000000000001,0.019333333333333345,0.11600000000000006,Quick Attack,Quick Attack,True,0.05800000000000001,0.019333333333333345,0.11600000000000006,478
4WE_PAIR_005_V02__OPPONENT,R0_CURRENT_BASELINE,R2_REMOVE_SIGNATURE_AND_COMPATIBILITY,0.05800000000000001,0.01933333333333334,0.11600000000000005,Quick Attack,Quick Attack,True,0.05800000000000001,0.01933333333333334,0.11600000000000005,479
4WE_PAIR_006_V02__OPPONENT,R0_CURRENT_BASELINE,R2_REMOVE_SIGNATURE_AND_COMPATIBILITY,0.05800000000000001,0.01933333333333334,0.11600000000000005,Quick Attack,Quick Attack,True,0.05800000000000001,0.01933333333333334,0.11600000000000005,480
4WE_PAIR_012_V02__OPPONENT,R0_CURRENT_BASELINE,R2_REMOVE_SIGNATURE_AND_COMPATIBILITY,0.05800000000000001,0.01933333333333334,0.11600000000000005,Quick Attack,Quick Attack,True,0.05800000000000001,0.01933333333333334,0.11600000000000005,481
4WE_PAIR_005_V03__OPPONENT,R2_REMOVE_SIGNATURE_AND_COMPATIBILITY,R3_STATE_CENTRIC_POLICY,0.057999999999999996,0.019333333333333324,0.11599999999999994,Quick Attack,Quick Attack,True,0.057999999999999996,0.019333333333333324,0.11599999999999994,482
4WE_PAIR_006_V03__OPPONENT,R2_REMOVE_SIGNATURE_AND_COMPATIBILITY,R3_STATE_CENTRIC_POLICY,0.057999999999999996,0.019333333333333324,0.11599999999999994,Quick Attack,Quick Attack,True,0.057999999999999996,0.019333333333333324,0.11599999999999994,483
4WE_PAIR_012_V03__OPPONENT,R2_REMOVE_SIGNATURE_AND_COMPATIBILITY,R3_STATE_CENTRIC_POLICY,0.057999999999999996,0.019333333333333324,0.11599999999999994,Quick Attack,Quick Attack,True,0.057999999999999996,0.019333333333333324,0.11599999999999994,484
4WE_PAIR_015_V03__PLAYER,R2_REMOVE_SIGNATURE_AND_COMPATIBILITY,R3_STATE_CENTRIC_POLICY,0.057999999999999996,0.019333333333333324,0.11599999999999994,Quick Attack,Quick Attack,True,0.057999999999999996,0.019333333333333324,0.11599999999999994,485
4WE_PAIR_016_V03__OPPONENT,R2_REMOVE_SIGNATURE_AND_COMPATIBILITY,R3_STATE_CENTRIC_POLICY,0.057999999999999996,0.019333333333333324,0.11599999999999994,Quick Attack,Quick Attack,True,0.057999999999999996,0.019333333333333324,0.11599999999999994,486
4WE_PAIR_016_V03__PLAYER,R2_REMOVE_SIGNATURE_AND_COMPATIBILITY,R3_STATE_CENTRIC_POLICY,0.057999999999999996,0.019333333333333324,0.11599999999999994,Quick Attack,Quick Attack,True,0.057999999999999996,0.019333333333333324,0.11599999999999994,487
4WE_PAIR_021_V03__PLAYER,R2_REMOVE_SIGNATURE_AND_COMPATIBILITY,R3_STATE_CENTRIC_POLICY,0.057999999999999996,0.019333333333333324,0.11599999999999994,Quick Attack,Quick Attack,True,0.057999999999999996,0.019333333333333324,0.11599999999999994,488
4WE_PAIR_011_V03__OPPONENT,R2_REMOVE_SIGNATURE_AND_COMPATIBILITY,R3_STATE_CENTRIC_POLICY,0.05799999999999994,0.019333333333333324,0.11599999999999994,Quick Attack,Quick Attack,True,0.05799999999999994,0.019333333333333324,0.11599999999999994,489
4WE_PAIR_020_V02__OPPONENT,R2_REMOVE_SIGNATURE_AND_COMPATIBILITY,R3_STATE_CENTRIC_POLICY,0.05799999999999994,0.019333333333333324,0.11599999999999994,Quick Attack,Quick Attack,True,0.05799999999999994,0.019333333333333324,0.11599999999999994,490
4WE_PAIR_023_V03__PLAYER,R0_CURRENT_BASELINE,R2_REMOVE_SIGNATURE_AND_COMPATIBILITY,0.05600000000000005,0.018666666666666675,0.11200000000000006,Quick Attack,Quick Attack,True,0.05600000000000005,0.018666666666666675,0.11200000000000006,491
4WE_PAIR_015_V02__OPPONENT,R2_REMOVE_SIGNATURE_AND_COMPATIBILITY,R3_STATE_CENTRIC_POLICY,0.055999999999999994,0.018666666666666654,0.11199999999999993,Quick Attack,Quick Attack,True,0.055999999999999994,0.018666666666666654,0.11199999999999993,492
4WE_PAIR_021_V02__OPPONENT,R2_REMOVE_SIGNATURE_AND_COMPATIBILITY,R3_STATE_CENTRIC_POLICY,0.055999999999999994,0.018666666666666654,0.11199999999999993,Quick Attack,Quick Attack,True,0.055999999999999994,0.018666666666666654,0.11199999999999993,493
4WE_PAIR_011_V02__OPPONENT,R2_REMOVE_SIGNATURE_AND_COMPATIBILITY,R3_STATE_CENTRIC_POLICY,0.05599999999999994,0.018666666666666654,0.11199999999999993,Quick Attack,Quick Attack,True,0.05599999999999994,0.018666666666666654,0.11199999999999993,494
4WE_PAIR_011_V03__OPPONENT,R0_CURRENT_BASELINE,R2_REMOVE_SIGNATURE_AND_COMPATIBILITY,0.05400000000000005,0.01800000000000001,0.10800000000000005,Quick Attack,Quick Attack,True,0.05400000000000005,0.01800000000000001,0.10800000000000005,495
4WE_PAIR_020_V02__OPPONENT,R0_CURRENT_BASELINE,R2_REMOVE_SIGNATURE_AND_COMPATIBILITY,0.05400000000000005,0.01800000000000001,0.10800000000000005,Quick Attack,Quick Attack,True,0.05400000000000005,0.01800000000000001,0.10800000000000005,496
4WE_PAIR_022_V02__PLAYER,R0_CURRENT_BASELINE,R2_REMOVE_SIGNATURE_AND_COMPATIBILITY,0.05400000000000005,0.018000000000000006,0.10800000000000004,Quick Attack,Quick Attack,True,0.05400000000000005,0.018000000000000006,0.10800000000000004,497
4WE_PAIR_023_V02__OPPONENT,R0_CURRENT_BASELINE,R2_REMOVE_SIGNATURE_AND_COMPATIBILITY,0.05400000000000005,0.018000000000000006,0.10800000000000004,Quick Attack,Quick Attack,True,0.05400000000000005,0.018000000000000006,0.10800000000000004,498
4WE_PAIR_023_V02__PLAYER,R0_CURRENT_BASELINE,R2_REMOVE_SIGNATURE_AND_COMPATIBILITY,0.05400000000000005,0.018000000000000006,0.10800000000000004,Quick Attack,Quick Attack,True,0.05400000000000005,0.018000000000000006,0.10800000000000004,499
4WE_PAIR_006_V02__OPPONENT,R2_REMOVE_SIGNATURE_AND_COMPATIBILITY,R3_STATE_CENTRIC_POLICY,0.05400000000000005,0.018000000000000006,0.10800000000000004,Quick Attack,Quick Attack,True,0.05400000000000005,0.018000000000000006,0.10800000000000004,500
4WE_PAIR_005_V02__OPPONENT,R2_REMOVE_SIGNATURE_AND_COMPATIBILITY,R3_STATE_CENTRIC_POLICY,0.05399999999999999,0.017999999999999988,0.10799999999999993,Quick Attack,Quick Attack,True,0.05399999999999999,0.017999999999999988,0.10799999999999993,501
4WE_PAIR_006_V03__PLAYER,R2_REMOVE_SIGNATURE_AND_COMPATIBILITY,R3_STATE_CENTRIC_POLICY,0.05399999999999999,0.017999999999999988,0.10799999999999993,Quick Attack,Quick Attack,True,0.05399999999999999,0.017999999999999988,0.10799999999999993,502
4WE_PAIR_012_V02__OPPONENT,R2_REMOVE_SIGNATURE_AND_COMPATIBILITY,R3_STATE_CENTRIC_POLICY,0.05399999999999999,0.017999999999999988,0.10799999999999993,Quick Attack,Quick Attack,True,0.05399999999999999,0.017999999999999988,0.10799999999999993,503
4WE_PAIR_016_V02__OPPONENT,R2_REMOVE_SIGNATURE_AND_COMPATIBILITY,R3_STATE_CENTRIC_POLICY,0.05399999999999999,0.017999999999999988,0.10799999999999993,Quick Attack,Quick Attack,True,0.05399999999999999,0.017999999999999988,0.10799999999999993,504
4WE_PAIR_011_V03__PLAYER,R2_REMOVE_SIGNATURE_AND_COMPATIBILITY,R3_STATE_CENTRIC_POLICY,0.05399999999999994,0.017999999999999988,0.10799999999999993,Quick Attack,Quick Attack,True,0.05399999999999994,0.017999999999999988,0.10799999999999993,505
4WE_PAIR_020_V02__PLAYER,R2_REMOVE_SIGNATURE_AND_COMPATIBILITY,R3_STATE_CENTRIC_POLICY,0.05399999999999994,0.017999999999999988,0.10799999999999993,Quick Attack,Quick Attack,True,0.05399999999999994,0.017999999999999988,0.10799999999999993,506
4WE_PAIR_022_V03__PLAYER,R2_REMOVE_SIGNATURE_AND_COMPATIBILITY,R3_STATE_CENTRIC_POLICY,0.05399999999999994,0.017999999999999988,0.10799999999999993,Quick Attack,Quick Attack,True,0.05399999999999994,0.017999999999999988,0.10799999999999993,507
4WE_PAIR_003_V03__OPPONENT,R1_REMOVE_LEGAL_SIGNATURE,R3_STATE_CENTRIC_POLICY,0.052000000000000046,0.018000000000000006,0.10800000000000004,Quick Attack,Quick Attack,True,0.052000000000000046,0.018000000000000006,0.10800000000000004,508
4WE_PAIR_007_V03__PLAYER,R1_REMOVE_LEGAL_SIGNATURE,R3_STATE_CENTRIC_POLICY,0.052000000000000046,0.018000000000000006,0.10800000000000004,Quick Attack,Quick Attack,True,0.052000000000000046,0.018000000000000006,0.10800000000000004,509
4WE_PAIR_010_V03__OPPONENT,R1_REMOVE_LEGAL_SIGNATURE,R3_STATE_CENTRIC_POLICY,0.052000000000000046,0.018000000000000006,0.10800000000000004,Quick Attack,Quick Attack,True,0.052000000000000046,0.018000000000000006,0.10800000000000004,510
4WE_PAIR_017_V03__PLAYER,R1_REMOVE_LEGAL_SIGNATURE,R3_STATE_CENTRIC_POLICY,0.052000000000000046,0.018000000000000006,0.10800000000000004,Quick Attack,Quick Attack,True,0.052000000000000046,0.018000000000000006,0.10800000000000004,511
4WE_PAIR_011_V02__OPPONENT,R1_REMOVE_LEGAL_SIGNATURE,R2_REMOVE_SIGNATURE_AND_COMPATIBILITY,0.05199999999999999,0.01733333333333334,0.10400000000000004,Quick Attack,Quick Attack,True,0.05199999999999999,0.01733333333333334,0.10400000000000004,512
4WE_PAIR_020_V02__OPPONENT,R1_REMOVE_LEGAL_SIGNATURE,R2_REMOVE_SIGNATURE_AND_COMPATIBILITY,0.05199999999999999,0.017333333333333322,0.10399999999999993,Quick Attack,Quick Attack,True,0.05199999999999999,0.017333333333333322,0.10399999999999993,513
4WE_PAIR_005_V03__PLAYER,R2_REMOVE_SIGNATURE_AND_COMPATIBILITY,R3_STATE_CENTRIC_POLICY,0.05199999999999999,0.017333333333333322,0.10399999999999993,Quick Attack,Quick Attack,True,0.05199999999999999,0.017333333333333322,0.10399999999999993,514
4WE_PAIR_012_V03__PLAYER,R2_REMOVE_SIGNATURE_AND_COMPATIBILITY,R3_STATE_CENTRIC_POLICY,0.05199999999999999,0.017333333333333322,0.10399999999999993,Quick Attack,Quick Attack,True,0.05199999999999999,0.017333333333333322,0.10399999999999993,515
4WE_PAIR_022_V03__OPPONENT,R2_REMOVE_SIGNATURE_AND_COMPATIBILITY,R3_STATE_CENTRIC_POLICY,0.051999999999999935,0.017333333333333322,0.10399999999999993,Quick Attack,Quick Attack,True,0.051999999999999935,0.017333333333333322,0.10399999999999993,516
4WE_PAIR_023_V03__PLAYER,R2_REMOVE_SIGNATURE_AND_COMPATIBILITY,R3_STATE_CENTRIC_POLICY,0.051999999999999935,0.017333333333333322,0.10399999999999993,Quick Attack,Quick Attack,True,0.051999999999999935,0.017333333333333322,0.10399999999999993,517
4WE_PAIR_002_V03__PLAYER,R1_REMOVE_LEGAL_SIGNATURE,R3_STATE_CENTRIC_POLICY,0.050000000000000044,0.017333333333333343,0.10400000000000006,Quick Attack,Quick Attack,True,0.050000000000000044,0.017333333333333343,0.10400000000000006,518
4WE_PAIR_009_V03__PLAYER,R1_REMOVE_LEGAL_SIGNATURE,R3_STATE_CENTRIC_POLICY,0.050000000000000044,0.017333333333333343,0.10400000000000006,Quick Attack,Quick Attack,True,0.050000000000000044,0.017333333333333343,0.10400000000000006,519
4WE_PAIR_014_V03__PLAYER,R1_REMOVE_LEGAL_SIGNATURE,R3_STATE_CENTRIC_POLICY,0.050000000000000044,0.017333333333333343,0.10400000000000006,Quick Attack,Quick Attack,True,0.050000000000000044,0.017333333333333343,0.10400000000000006,520
4WE_PAIR_019_V03__PLAYER,R1_REMOVE_LEGAL_SIGNATURE,R3_STATE_CENTRIC_POLICY,0.050000000000000044,0.017333333333333343,0.10400000000000006,Quick Attack,Quick Attack,True,0.050000000000000044,0.017333333333333343,0.10400000000000006,521
4WE_PAIR_003_V03__PLAYER,R1_REMOVE_LEGAL_SIGNATURE,R3_STATE_CENTRIC_POLICY,0.050000000000000044,0.01733333333333334,0.10400000000000004,Quick Attack,Quick Attack,True,0.050000000000000044,0.01733333333333334,0.10400000000000004,522
4WE_PAIR_004_V03__OPPONENT,R1_REMOVE_LEGAL_SIGNATURE,R3_STATE_CENTRIC_POLICY,0.050000000000000044,0.01733333333333334,0.10400000000000004,Quick Attack,Quick Attack,True,0.050000000000000044,0.01733333333333334,0.10400000000000004,523
4WE_PAIR_007_V03__OPPONENT,R1_REMOVE_LEGAL_SIGNATURE,R3_STATE_CENTRIC_POLICY,0.050000000000000044,0.01733333333333334,0.10400000000000004,Quick Attack,Quick Attack,True,0.050000000000000044,0.01733333333333334,0.10400000000000004,524
4WE_PAIR_010_V03__PLAYER,R1_REMOVE_LEGAL_SIGNATURE,R3_STATE_CENTRIC_POLICY,0.050000000000000044,0.01733333333333334,0.10400000000000004,Quick Attack,Quick Attack,True,0.050000000000000044,0.01733333333333334,0.10400000000000004,525
4WE_PAIR_017_V03__OPPONENT,R1_REMOVE_LEGAL_SIGNATURE,R3_STATE_CENTRIC_POLICY,0.050000000000000044,0.01733333333333334,0.10400000000000004,Quick Attack,Quick Attack,True,0.050000000000000044,0.01733333333333334,0.10400000000000004,526
4WE_PAIR_011_V02__OPPONENT,R0_CURRENT_BASELINE,R2_REMOVE_SIGNATURE_AND_COMPATIBILITY,0.050000000000000044,0.016666666666666673,0.10000000000000005,Quick Attack,Quick Attack,True,0.050000000000000044,0.016666666666666673,0.10000000000000005,527
4WE_PAIR_020_V04__PLAYER,R0_CURRENT_BASELINE,R3_STATE_CENTRIC_POLICY,0.050000000000000044,0.016666666666666673,0.10000000000000005,Quick Attack,Quick Attack,True,0.050000000000000044,0.016666666666666673,0.10000000000000005,528
4WE_PAIR_015_V02__PLAYER,R2_REMOVE_SIGNATURE_AND_COMPATIBILITY,R3_STATE_CENTRIC_POLICY,0.050000000000000044,0.016666666666666673,0.10000000000000003,Quick Attack,Quick Attack,True,0.050000000000000044,0.016666666666666673,0.10000000000000003,529
4WE_PAIR_016_V02__PLAYER,R2_REMOVE_SIGNATURE_AND_COMPATIBILITY,R3_STATE_CENTRIC_POLICY,0.050000000000000044,0.016666666666666673,0.10000000000000003,Quick Attack,Quick Attack,True,0.050000000000000044,0.016666666666666673,0.10000000000000003,530
4WE_PAIR_021_V02__PLAYER,R2_REMOVE_SIGNATURE_AND_COMPATIBILITY,R3_STATE_CENTRIC_POLICY,0.050000000000000044,0.016666666666666673,0.10000000000000003,Quick Attack,Quick Attack,True,0.050000000000000044,0.016666666666666673,0.10000000000000003,531
4WE_PAIR_001_V04__OPPONENT,R0_CURRENT_BASELINE,R2_REMOVE_SIGNATURE_AND_COMPATIBILITY,0.05,0.017999999999999988,0.10799999999999993,Quick Attack,Quick Attack,True,0.05,0.017999999999999988,0.10799999999999993,532
4WE_PAIR_002_V04__OPPONENT,R0_CURRENT_BASELINE,R2_REMOVE_SIGNATURE_AND_COMPATIBILITY,0.05,0.017999999999999988,0.10799999999999993,Quick Attack,Quick Attack,True,0.05,0.017999999999999988,0.10799999999999993,533
4WE_PAIR_004_V04__OPPONENT,R0_CURRENT_BASELINE,R2_REMOVE_SIGNATURE_AND_COMPATIBILITY,0.05,0.017999999999999988,0.10799999999999993,Quick Attack,Quick Attack,True,0.05,0.017999999999999988,0.10799999999999993,534
4WE_PAIR_008_V04__OPPONENT,R0_CURRENT_BASELINE,R2_REMOVE_SIGNATURE_AND_COMPATIBILITY,0.05,0.017999999999999988,0.10799999999999993,Quick Attack,Quick Attack,True,0.05,0.017999999999999988,0.10799999999999993,535
4WE_PAIR_009_V04__OPPONENT,R0_CURRENT_BASELINE,R2_REMOVE_SIGNATURE_AND_COMPATIBILITY,0.05,0.017999999999999988,0.10799999999999993,Quick Attack,Quick Attack,True,0.05,0.017999999999999988,0.10799999999999993,536
4WE_PAIR_013_V04__OPPONENT,R0_CURRENT_BASELINE,R2_REMOVE_SIGNATURE_AND_COMPATIBILITY,0.05,0.017999999999999988,0.10799999999999993,Quick Attack,Quick Attack,True,0.05,0.017999999999999988,0.10799999999999993,537
4WE_PAIR_014_V04__OPPONENT,R0_CURRENT_BASELINE,R2_REMOVE_SIGNATURE_AND_COMPATIBILITY,0.05,0.017999999999999988,0.10799999999999993,Quick Attack,Quick Attack,True,0.05,0.017999999999999988,0.10799999999999993,538
4WE_PAIR_018_V04__OPPONENT,R0_CURRENT_BASELINE,R2_REMOVE_SIGNATURE_AND_COMPATIBILITY,0.05,0.017999999999999988,0.10799999999999993,Quick Attack,Quick Attack,True,0.05,0.017999999999999988,0.10799999999999993,539
4WE_PAIR_019_V04__OPPONENT,R0_CURRENT_BASELINE,R2_REMOVE_SIGNATURE_AND_COMPATIBILITY,0.05,0.017999999999999988,0.10799999999999993,Quick Attack,Quick Attack,True,0.05,0.017999999999999988,0.10799999999999993,540
4WE_PAIR_001_V01__OPPONENT,R0_CURRENT_BASELINE,R2_REMOVE_SIGNATURE_AND_COMPATIBILITY,0.05,0.017333333333333322,0.10399999999999993,Quick Attack,Quick Attack,True,0.05,0.017333333333333322,0.10399999999999993,541
4WE_PAIR_001_V04__PLAYER,R0_CURRENT_BASELINE,R2_REMOVE_SIGNATURE_AND_COMPATIBILITY,0.05,0.017333333333333322,0.10399999999999993,Quick Attack,Quick Attack,True,0.05,0.017333333333333322,0.10399999999999993,542
4WE_PAIR_002_V01__OPPONENT,R0_CURRENT_BASELINE,R2_REMOVE_SIGNATURE_AND_COMPATIBILITY,0.05,0.017333333333333322,0.10399999999999993,Quick Attack,Quick Attack,True,0.05,0.017333333333333322,0.10399999999999993,543
4WE_PAIR_002_V04__PLAYER,R0_CURRENT_BASELINE,R2_REMOVE_SIGNATURE_AND_COMPATIBILITY,0.05,0.017333333333333322,0.10399999999999993,Quick Attack,Quick Attack,True,0.05,0.017333333333333322,0.10399999999999993,544
4WE_PAIR_004_V01__OPPONENT,R0_CURRENT_BASELINE,R2_REMOVE_SIGNATURE_AND_COMPATIBILITY,0.05,0.017333333333333322,0.10399999999999993,Quick Attack,Quick Attack,True,0.05,0.017333333333333322,0.10399999999999993,545
4WE_PAIR_004_V04__PLAYER,R0_CURRENT_BASELINE,R2_REMOVE_SIGNATURE_AND_COMPATIBILITY,0.05,0.017333333333333322,0.10399999999999993,Quick Attack,Quick Attack,True,0.05,0.017333333333333322,0.10399999999999993,546
4WE_PAIR_008_V01__OPPONENT,R0_CURRENT_BASELINE,R2_REMOVE_SIGNATURE_AND_COMPATIBILITY,0.05,0.017333333333333322,0.10399999999999993,Quick Attack,Quick Attack,True,0.05,0.017333333333333322,0.10399999999999993,547
4WE_PAIR_008_V04__PLAYER,R0_CURRENT_BASELINE,R2_REMOVE_SIGNATURE_AND_COMPATIBILITY,0.05,0.017333333333333322,0.10399999999999993,Quick Attack,Quick Attack,True,0.05,0.017333333333333322,0.10399999999999993,548
4WE_PAIR_009_V01__OPPONENT,R0_CURRENT_BASELINE,R2_REMOVE_SIGNATURE_AND_COMPATIBILITY,0.05,0.017333333333333322,0.10399999999999993,Quick Attack,Quick Attack,True,0.05,0.017333333333333322,0.10399999999999993,549
4WE_PAIR_009_V04__PLAYER,R0_CURRENT_BASELINE,R2_REMOVE_SIGNATURE_AND_COMPATIBILITY,0.05,0.017333333333333322,0.10399999999999993,Quick Attack,Quick Attack,True,0.05,0.017333333333333322,0.10399999999999993,550
4WE_PAIR_013_V01__OPPONENT,R0_CURRENT_BASELINE,R2_REMOVE_SIGNATURE_AND_COMPATIBILITY,0.05,0.017333333333333322,0.10399999999999993,Quick Attack,Quick Attack,True,0.05,0.017333333333333322,0.10399999999999993,551
4WE_PAIR_014_V01__OPPONENT,R0_CURRENT_BASELINE,R2_REMOVE_SIGNATURE_AND_COMPATIBILITY,0.05,0.017333333333333322,0.10399999999999993,Quick Attack,Quick Attack,True,0.05,0.017333333333333322,0.10399999999999993,552
4WE_PAIR_018_V01__OPPONENT,R0_CURRENT_BASELINE,R2_REMOVE_SIGNATURE_AND_COMPATIBILITY,0.05,0.017333333333333322,0.10399999999999993,Quick Attack,Quick Attack,True,0.05,0.017333333333333322,0.10399999999999993,553
4WE_PAIR_019_V01__OPPONENT,R0_CURRENT_BASELINE,R2_REMOVE_SIGNATURE_AND_COMPATIBILITY,0.05,0.017333333333333322,0.10399999999999993,Quick Attack,Quick Attack,True,0.05,0.017333333333333322,0.10399999999999993,554
4WE_PAIR_023_V02__OPPONENT,R1_REMOVE_LEGAL_SIGNATURE,R2_REMOVE_SIGNATURE_AND_COMPATIBILITY,0.04999999999999999,0.016666666666666673,0.10000000000000003,Quick Attack,Quick Attack,True,0.04999999999999999,0.016666666666666673,0.10000000000000003,555
4WE_PAIR_011_V03__OPPONENT,R1_REMOVE_LEGAL_SIGNATURE,R2_REMOVE_SIGNATURE_AND_COMPATIBILITY,0.04999999999999999,0.016666666666666653,0.09999999999999992,Quick Attack,Quick Attack,True,0.04999999999999999,0.016666666666666653,0.09999999999999992,556
4WE_PAIR_020_V03__OPPONENT,R1_REMOVE_LEGAL_SIGNATURE,R2_REMOVE_SIGNATURE_AND_COMPATIBILITY,0.04999999999999999,0.016666666666666653,0.09999999999999992,Quick Attack,Quick Attack,True,0.04999999999999999,0.016666666666666653,0.09999999999999992,557
4WE_PAIR_011_V02__PLAYER,R2_REMOVE_SIGNATURE_AND_COMPATIBILITY,R3_STATE_CENTRIC_POLICY,0.04999999999999993,0.016666666666666653,0.09999999999999992,Quick Attack,Quick Attack,True,0.04999999999999993,0.016666666666666653,0.09999999999999992,558
4WE_PAIR_023_V03__OPPONENT,R2_REMOVE_SIGNATURE_AND_COMPATIBILITY,R3_STATE_CENTRIC_POLICY,0.04999999999999993,0.016666666666666653,0.09999999999999992,Quick Attack,Quick Attack,True,0.04999999999999993,0.016666666666666653,0.09999999999999992,559
4WE_PAIR_001_V03__PLAYER,R1_REMOVE_LEGAL_SIGNATURE,R3_STATE_CENTRIC_POLICY,0.04800000000000004,0.016666666666666677,0.10000000000000006,Quick Attack,Quick Attack,True,0.04800000000000004,0.016666666666666677,0.10000000000000006,560
4WE_PAIR_002_V03__OPPONENT,R1_REMOVE_LEGAL_SIGNATURE,R3_STATE_CENTRIC_POLICY,0.04800000000000004,0.016666666666666677,0.10000000000000006,Quick Attack,Quick Attack,True,0.04800000000000004,0.016666666666666677,0.10000000000000006,561
4WE_PAIR_003_V02__OPPONENT,R1_REMOVE_LEGAL_SIGNATURE,R3_STATE_CENTRIC_POLICY,0.04800000000000004,0.016666666666666677,0.10000000000000006,Quick Attack,Quick Attack,True,0.04800000000000004,0.016666666666666677,0.10000000000000006,562
4WE_PAIR_003_V02__PLAYER,R1_REMOVE_LEGAL_SIGNATURE,R3_STATE_CENTRIC_POLICY,0.04800000000000004,0.016666666666666677,0.10000000000000006,Quick Attack,Quick Attack,True,0.04800000000000004,0.016666666666666677,0.10000000000000006,563
4WE_PAIR_008_V03__PLAYER,R1_REMOVE_LEGAL_SIGNATURE,R3_STATE_CENTRIC_POLICY,0.04800000000000004,0.016666666666666677,0.10000000000000006,Quick Attack,Quick Attack,True,0.04800000000000004,0.016666666666666677,0.10000000000000006,564
4WE_PAIR_009_V03__OPPONENT,R1_REMOVE_LEGAL_SIGNATURE,R3_STATE_CENTRIC_POLICY,0.04800000000000004,0.016666666666666677,0.10000000000000006,Quick Attack,Quick Attack,True,0.04800000000000004,0.016666666666666677,0.10000000000000006,565
4WE_PAIR_010_V02__OPPONENT,R1_REMOVE_LEGAL_SIGNATURE,R3_STATE_CENTRIC_POLICY,0.04800000000000004,0.016666666666666677,0.10000000000000006,Quick Attack,Quick Attack,True,0.04800000000000004,0.016666666666666677,0.10000000000000006,566
4WE_PAIR_010_V02__PLAYER,R1_REMOVE_LEGAL_SIGNATURE,R3_STATE_CENTRIC_POLICY,0.04800000000000004,0.016666666666666677,0.10000000000000006,Quick Attack,Quick Attack,True,0.04800000000000004,0.016666666666666677,0.10000000000000006,567
4WE_PAIR_013_V03__PLAYER,R1_REMOVE_LEGAL_SIGNATURE,R3_STATE_CENTRIC_POLICY,0.04800000000000004,0.016666666666666677,0.10000000000000006,Quick Attack,Quick Attack,True,0.04800000000000004,0.016666666666666677,0.10000000000000006,568
4WE_PAIR_014_V03__OPPONENT,R1_REMOVE_LEGAL_SIGNATURE,R3_STATE_CENTRIC_POLICY,0.04800000000000004,0.016666666666666677,0.10000000000000006,Quick Attack,Quick Attack,True,0.04800000000000004,0.016666666666666677,0.10000000000000006,569
4WE_PAIR_018_V03__PLAYER,R1_REMOVE_LEGAL_SIGNATURE,R3_STATE_CENTRIC_POLICY,0.04800000000000004,0.016666666666666677,0.10000000000000006,Quick Attack,Quick Attack,True,0.04800000000000004,0.016666666666666677,0.10000000000000006,570
4WE_PAIR_019_V03__OPPONENT,R1_REMOVE_LEGAL_SIGNATURE,R3_STATE_CENTRIC_POLICY,0.04800000000000004,0.016666666666666677,0.10000000000000006,Quick Attack,Quick Attack,True,0.04800000000000004,0.016666666666666677,0.10000000000000006,571
4WE_PAIR_004_V03__PLAYER,R1_REMOVE_LEGAL_SIGNATURE,R3_STATE_CENTRIC_POLICY,0.04800000000000004,0.016666666666666673,0.10000000000000003,Quick Attack,Quick Attack,True,0.04800000000000004,0.016666666666666673,0.10000000000000003,572
4WE_PAIR_007_V02__OPPONENT,R1_REMOVE_LEGAL_SIGNATURE,R3_STATE_CENTRIC_POLICY,0.04800000000000004,0.016666666666666673,0.10000000000000003,Quick Attack,Quick Attack,True,0.04800000000000004,0.016666666666666673,0.10000000000000003,573
4WE_PAIR_007_V02__PLAYER,R1_REMOVE_LEGAL_SIGNATURE,R3_STATE_CENTRIC_POLICY,0.04800000000000004,0.016666666666666673,0.10000000000000003,Quick Attack,Quick Attack,True,0.04800000000000004,0.016666666666666673,0.10000000000000003,574
4WE_PAIR_017_V02__OPPONENT,R1_REMOVE_LEGAL_SIGNATURE,R3_STATE_CENTRIC_POLICY,0.04800000000000004,0.016666666666666673,0.10000000000000003,Quick Attack,Quick Attack,True,0.04800000000000004,0.016666666666666673,0.10000000000000003,575
4WE_PAIR_017_V02__PLAYER,R1_REMOVE_LEGAL_SIGNATURE,R3_STATE_CENTRIC_POLICY,0.04800000000000004,0.016666666666666673,0.10000000000000003,Quick Attack,Quick Attack,True,0.04800000000000004,0.016666666666666673,0.10000000000000003,576
4WE_PAIR_022_V02__PLAYER,R2_REMOVE_SIGNATURE_AND_COMPATIBILITY,R3_STATE_CENTRIC_POLICY,0.04800000000000004,0.01600000000000001,0.09600000000000006,Quick Attack,Quick Attack,True,0.04800000000000004,0.01600000000000001,0.09600000000000006,577
4WE_PAIR_023_V02__OPPONENT,R2_REMOVE_SIGNATURE_AND_COMPATIBILITY,R3_STATE_CENTRIC_POLICY,0.04800000000000004,0.01600000000000001,0.09600000000000006,Quick Attack,Quick Attack,True,0.04800000000000004,0.01600000000000001,0.09600000000000006,578
4WE_PAIR_023_V02__PLAYER,R2_REMOVE_SIGNATURE_AND_COMPATIBILITY,R3_STATE_CENTRIC_POLICY,0.04800000000000004,0.01600000000000001,0.09600000000000006,Quick Attack,Quick Attack,True,0.04800000000000004,0.01600000000000001,0.09600000000000006,579
4WE_PAIR_005_V02__OPPONENT,R1_REMOVE_LEGAL_SIGNATURE,R2_REMOVE_SIGNATURE_AND_COMPATIBILITY,0.04800000000000004,0.016000000000000004,0.09600000000000003,Quick Attack,Quick Attack,True,0.04800000000000004,0.016000000000000004,0.09600000000000003,580
4WE_PAIR_005_V03__OPPONENT,R1_REMOVE_LEGAL_SIGNATURE,R2_REMOVE_SIGNATURE_AND_COMPATIBILITY,0.04800000000000004,0.016000000000000004,0.09600000000000003,Quick Attack,Quick Attack,True,0.04800000000000004,0.016000000000000004,0.09600000000000003,581
4WE_PAIR_006_V02__OPPONENT,R1_REMOVE_LEGAL_SIGNATURE,R2_REMOVE_SIGNATURE_AND_COMPATIBILITY,0.04800000000000004,0.016000000000000004,0.09600000000000003,Quick Attack,Quick Attack,True,0.04800000000000004,0.016000000000000004,0.09600000000000003,582
4WE_PAIR_006_V03__OPPONENT,R1_REMOVE_LEGAL_SIGNATURE,R2_REMOVE_SIGNATURE_AND_COMPATIBILITY,0.04800000000000004,0.016000000000000004,0.09600000000000003,Quick Attack,Quick Attack,True,0.04800000000000004,0.016000000000000004,0.09600000000000003,583
4WE_PAIR_012_V02__OPPONENT,R1_REMOVE_LEGAL_SIGNATURE,R2_REMOVE_SIGNATURE_AND_COMPATIBILITY,0.04800000000000004,0.016000000000000004,0.09600000000000003,Quick Attack,Quick Attack,True,0.04800000000000004,0.016000000000000004,0.09600000000000003,584
4WE_PAIR_012_V03__OPPONENT,R1_REMOVE_LEGAL_SIGNATURE,R2_REMOVE_SIGNATURE_AND_COMPATIBILITY,0.04800000000000004,0.016000000000000004,0.09600000000000003,Quick Attack,Quick Attack,True,0.04800000000000004,0.016000000000000004,0.09600000000000003,585
4WE_PAIR_015_V02__OPPONENT,R1_REMOVE_LEGAL_SIGNATURE,R2_REMOVE_SIGNATURE_AND_COMPATIBILITY,0.04800000000000004,0.016000000000000004,0.09600000000000003,Quick Attack,Quick Attack,True,0.04800000000000004,0.016000000000000004,0.09600000000000003,586
4WE_PAIR_021_V02__OPPONENT,R1_REMOVE_LEGAL_SIGNATURE,R2_REMOVE_SIGNATURE_AND_COMPATIBILITY,0.04800000000000004,0.016000000000000004,0.09600000000000003,Quick Attack,Quick Attack,True,0.04800000000000004,0.016000000000000004,0.09600000000000003,587
4WE_PAIR_006_V02__PLAYER,R2_REMOVE_SIGNATURE_AND_COMPATIBILITY,R3_STATE_CENTRIC_POLICY,0.04800000000000004,0.016000000000000004,0.09600000000000003,Quick Attack,Quick Attack,True,0.04800000000000004,0.016000000000000004,0.09600000000000003,588
4WE_PAIR_003_V04__OPPONENT,R0_CURRENT_BASELINE,R2_REMOVE_SIGNATURE_AND_COMPATIBILITY,0.048,0.017333333333333322,0.10399999999999993,Quick Attack,Quick Attack,True,0.048,0.017333333333333322,0.10399999999999993,589
4WE_PAIR_010_V04__OPPONENT,R0_CURRENT_BASELINE,R2_REMOVE_SIGNATURE_AND_COMPATIBILITY,0.048,0.017333333333333322,0.10399999999999993,Quick Attack,Quick Attack,True,0.048,0.017333333333333322,0.10399999999999993,590
4WE_PAIR_001_V01__PLAYER,R0_CURRENT_BASELINE,R2_REMOVE_SIGNATURE_AND_COMPATIBILITY,0.048,0.016666666666666653,0.09999999999999992,Quick Attack,Quick Attack,True,0.048,0.016666666666666653,0.09999999999999992,591
4WE_PAIR_002_V01__PLAYER,R0_CURRENT_BASELINE,R2_REMOVE_SIGNATURE_AND_COMPATIBILITY,0.048,0.016666666666666653,0.09999999999999992,Quick Attack,Quick Attack,True,0.048,0.016666666666666653,0.09999999999999992,592
4WE_PAIR_003_V01__OPPONENT,R0_CURRENT_BASELINE,R2_REMOVE_SIGNATURE_AND_COMPATIBILITY,0.048,0.016666666666666653,0.09999999999999992,Quick Attack,Quick Attack,True,0.048,0.016666666666666653,0.09999999999999992,593
4WE_PAIR_003_V04__PLAYER,R0_CURRENT_BASELINE,R2_REMOVE_SIGNATURE_AND_COMPATIBILITY,0.048,0.016666666666666653,0.09999999999999992,Quick Attack,Quick Attack,True,0.048,0.016666666666666653,0.09999999999999992,594
4WE_PAIR_004_V01__PLAYER,R0_CURRENT_BASELINE,R2_REMOVE_SIGNATURE_AND_COMPATIBILITY,0.048,0.016666666666666653,0.09999999999999992,Quick Attack,Quick Attack,True,0.048,0.016666666666666653,0.09999999999999992,595
4WE_PAIR_008_V01__PLAYER,R0_CURRENT_BASELINE,R2_REMOVE_SIGNATURE_AND_COMPATIBILITY,0.048,0.016666666666666653,0.09999999999999992,Quick Attack,Quick Attack,True,0.048,0.016666666666666653,0.09999999999999992,596
4WE_PAIR_009_V01__PLAYER,R0_CURRENT_BASELINE,R2_REMOVE_SIGNATURE_AND_COMPATIBILITY,0.048,0.016666666666666653,0.09999999999999992,Quick Attack,Quick Attack,True,0.048,0.016666666666666653,0.09999999999999992,597
4WE_PAIR_010_V01__OPPONENT,R0_CURRENT_BASELINE,R2_REMOVE_SIGNATURE_AND_COMPATIBILITY,0.048,0.016666666666666653,0.09999999999999992,Quick Attack,Quick Attack,True,0.048,0.016666666666666653,0.09999999999999992,598
4WE_PAIR_010_V04__PLAYER,R0_CURRENT_BASELINE,R2_REMOVE_SIGNATURE_AND_COMPATIBILITY,0.048,0.016666666666666653,0.09999999999999992,Quick Attack,Quick Attack,True,0.048,0.016666666666666653,0.09999999999999992,599
4WE_PAIR_013_V01__PLAYER,R0_CURRENT_BASELINE,R2_REMOVE_SIGNATURE_AND_COMPATIBILITY,0.048,0.016666666666666653,0.09999999999999992,Quick Attack,Quick Attack,True,0.048,0.016666666666666653,0.09999999999999992,600
4WE_PAIR_013_V04__PLAYER,R0_CURRENT_BASELINE,R2_REMOVE_SIGNATURE_AND_COMPATIBILITY,0.048,0.016666666666666653,0.09999999999999992,Quick Attack,Quick Attack,True,0.048,0.016666666666666653,0.09999999999999992,601
4WE_PAIR_014_V01__PLAYER,R0_CURRENT_BASELINE,R2_REMOVE_SIGNATURE_AND_COMPATIBILITY,0.048,0.016666666666666653,0.09999999999999992,Quick Attack,Quick Attack,True,0.048,0.016666666666666653,0.09999999999999992,602
4WE_PAIR_014_V04__PLAYER,R0_CURRENT_BASELINE,R2_REMOVE_SIGNATURE_AND_COMPATIBILITY,0.048,0.016666666666666653,0.09999999999999992,Quick Attack,Quick Attack,True,0.048,0.016666666666666653,0.09999999999999992,603
4WE_PAIR_018_V01__PLAYER,R0_CURRENT_BASELINE,R2_REMOVE_SIGNATURE_AND_COMPATIBILITY,0.048,0.016666666666666653,0.09999999999999992,Quick Attack,Quick Attack,True,0.048,0.016666666666666653,0.09999999999999992,604
4WE_PAIR_018_V04__PLAYER,R0_CURRENT_BASELINE,R2_REMOVE_SIGNATURE_AND_COMPATIBILITY,0.048,0.016666666666666653,0.09999999999999992,Quick Attack,Quick Attack,True,0.048,0.016666666666666653,0.09999999999999992,605
4WE_PAIR_019_V01__PLAYER,R0_CURRENT_BASELINE,R2_REMOVE_SIGNATURE_AND_COMPATIBILITY,0.048,0.016666666666666653,0.09999999999999992,Quick Attack,Quick Attack,True,0.048,0.016666666666666653,0.09999999999999992,606
4WE_PAIR_019_V04__PLAYER,R0_CURRENT_BASELINE,R2_REMOVE_SIGNATURE_AND_COMPATIBILITY,0.048,0.016666666666666653,0.09999999999999992,Quick Attack,Quick Attack,True,0.048,0.016666666666666653,0.09999999999999992,607
4WE_PAIR_020_V02__PLAYER,R1_REMOVE_LEGAL_SIGNATURE,R2_REMOVE_SIGNATURE_AND_COMPATIBILITY,0.04799999999999999,0.016000000000000004,0.09600000000000003,Quick Attack,Quick Attack,True,0.04799999999999999,0.016000000000000004,0.09600000000000003,608
4WE_PAIR_023_V03__OPPONENT,R1_REMOVE_LEGAL_SIGNATURE,R2_REMOVE_SIGNATURE_AND_COMPATIBILITY,0.04799999999999999,0.016000000000000004,0.09600000000000003,Quick Attack,Quick Attack,True,0.04799999999999999,0.016000000000000004,0.09600000000000003,609
4WE_PAIR_023_V03__PLAYER,R1_REMOVE_LEGAL_SIGNATURE,R2_REMOVE_SIGNATURE_AND_COMPATIBILITY,0.04799999999999999,0.016000000000000004,0.09600000000000003,Quick Attack,Quick Attack,True,0.04799999999999999,0.016000000000000004,0.09600000000000003,610
4WE_PAIR_015_V03__OPPONENT,R1_REMOVE_LEGAL_SIGNATURE,R2_REMOVE_SIGNATURE_AND_COMPATIBILITY,0.04799999999999999,0.015999999999999986,0.09599999999999992,Quick Attack,Quick Attack,True,0.04799999999999999,0.015999999999999986,0.09599999999999992,611
4WE_PAIR_021_V03__OPPONENT,R1_REMOVE_LEGAL_SIGNATURE,R2_REMOVE_SIGNATURE_AND_COMPATIBILITY,0.04799999999999999,0.015999999999999986,0.09599999999999992,Quick Attack,Quick Attack,True,0.04799999999999999,0.015999999999999986,0.09599999999999992,612
4WE_PAIR_007_V01__OPPONENT,R0_CURRENT_BASELINE,R2_REMOVE_SIGNATURE_AND_COMPATIBILITY,0.04799999999999993,0.017999999999999988,0.10799999999999993,Quick Attack,Quick Attack,True,0.04799999999999993,0.017999999999999988,0.10799999999999993,613
4WE_PAIR_007_V04__OPPONENT,R0_CURRENT_BASELINE,R2_REMOVE_SIGNATURE_AND_COMPATIBILITY,0.04799999999999993,0.017999999999999988,0.10799999999999993,Quick Attack,Quick Attack,True,0.04799999999999993,0.017999999999999988,0.10799999999999993,614
4WE_PAIR_007_V04__PLAYER,R0_CURRENT_BASELINE,R2_REMOVE_SIGNATURE_AND_COMPATIBILITY,0.04799999999999993,0.017999999999999988,0.10799999999999993,Quick Attack,Quick Attack,True,0.04799999999999993,0.017999999999999988,0.10799999999999993,615
4WE_PAIR_017_V01__OPPONENT,R0_CURRENT_BASELINE,R2_REMOVE_SIGNATURE_AND_COMPATIBILITY,0.04799999999999993,0.017999999999999988,0.10799999999999993,Quick Attack,Quick Attack,True,0.04799999999999993,0.017999999999999988,0.10799999999999993,616
4WE_PAIR_017_V04__OPPONENT,R0_CURRENT_BASELINE,R2_REMOVE_SIGNATURE_AND_COMPATIBILITY,0.04799999999999993,0.017999999999999988,0.10799999999999993,Quick Attack,Quick Attack,True,0.04799999999999993,0.017999999999999988,0.10799999999999993,617
4WE_PAIR_022_V02__OPPONENT,R2_REMOVE_SIGNATURE_AND_COMPATIBILITY,R3_STATE_CENTRIC_POLICY,0.04799999999999993,0.01599999999999999,0.09599999999999995,Quick Attack,Quick Attack,True,0.04799999999999993,0.01599999999999999,0.09599999999999995,618
4WE_PAIR_001_V03__OPPONENT,R1_REMOVE_LEGAL_SIGNATURE,R3_STATE_CENTRIC_POLICY,0.04600000000000004,0.01600000000000001,0.09600000000000006,Quick Attack,Quick Attack,True,0.04600000000000004,0.01600000000000001,0.09600000000000006,619
4WE_PAIR_002_V02__OPPONENT,R1_REMOVE_LEGAL_SIGNATURE,R3_STATE_CENTRIC_POLICY,0.04600000000000004,0.01600000000000001,0.09600000000000006,Quick Attack,Quick Attack,True,0.04600000000000004,0.01600000000000001,0.09600000000000006,620
4WE_PAIR_002_V02__PLAYER,R1_REMOVE_LEGAL_SIGNATURE,R3_STATE_CENTRIC_POLICY,0.04600000000000004,0.01600000000000001,0.09600000000000006,Quick Attack,Quick Attack,True,0.04600000000000004,0.01600000000000001,0.09600000000000006,621
4WE_PAIR_008_V03__OPPONENT,R1_REMOVE_LEGAL_SIGNATURE,R3_STATE_CENTRIC_POLICY,0.04600000000000004,0.01600000000000001,0.09600000000000006,Quick Attack,Quick Attack,True,0.04600000000000004,0.01600000000000001,0.09600000000000006,622
4WE_PAIR_009_V02__OPPONENT,R1_REMOVE_LEGAL_SIGNATURE,R3_STATE_CENTRIC_POLICY,0.04600000000000004,0.01600000000000001,0.09600000000000006,Quick Attack,Quick Attack,True,0.04600000000000004,0.01600000000000001,0.09600000000000006,623
4WE_PAIR_009_V02__PLAYER,R1_REMOVE_LEGAL_SIGNATURE,R3_STATE_CENTRIC_POLICY,0.04600000000000004,0.01600000000000001,0.09600000000000006,Quick Attack,Quick Attack,True,0.04600000000000004,0.01600000000000001,0.09600000000000006,624
4WE_PAIR_013_V03__OPPONENT,R1_REMOVE_LEGAL_SIGNATURE,R3_STATE_CENTRIC_POLICY,0.04600000000000004,0.01600000000000001,0.09600000000000006,Quick Attack,Quick Attack,True,0.04600000000000004,0.01600000000000001,0.09600000000000006,625
4WE_PAIR_014_V02__OPPONENT,R1_REMOVE_LEGAL_SIGNATURE,R3_STATE_CENTRIC_POLICY,0.04600000000000004,0.01600000000000001,0.09600000000000006,Quick Attack,Quick Attack,True,0.04600000000000004,0.01600000000000001,0.09600000000000006,626
4WE_PAIR_014_V02__PLAYER,R1_REMOVE_LEGAL_SIGNATURE,R3_STATE_CENTRIC_POLICY,0.04600000000000004,0.01600000000000001,0.09600000000000006,Quick Attack,Quick Attack,True,0.04600000000000004,0.01600000000000001,0.09600000000000006,627
4WE_PAIR_018_V03__OPPONENT,R1_REMOVE_LEGAL_SIGNATURE,R3_STATE_CENTRIC_POLICY,0.04600000000000004,0.01600000000000001,0.09600000000000006,Quick Attack,Quick Attack,True,0.04600000000000004,0.01600000000000001,0.09600000000000006,628
4WE_PAIR_019_V02__OPPONENT,R1_REMOVE_LEGAL_SIGNATURE,R3_STATE_CENTRIC_POLICY,0.04600000000000004,0.01600000000000001,0.09600000000000006,Quick Attack,Quick Attack,True,0.04600000000000004,0.01600000000000001,0.09600000000000006,629
4WE_PAIR_019_V02__PLAYER,R1_REMOVE_LEGAL_SIGNATURE,R3_STATE_CENTRIC_POLICY,0.04600000000000004,0.01600000000000001,0.09600000000000006,Quick Attack,Quick Attack,True,0.04600000000000004,0.01600000000000001,0.09600000000000006,630
4WE_PAIR_004_V02__OPPONENT,R1_REMOVE_LEGAL_SIGNATURE,R3_STATE_CENTRIC_POLICY,0.04600000000000004,0.016000000000000004,0.09600000000000003,Quick Attack,Quick Attack,True,0.04600000000000004,0.016000000000000004,0.09600000000000003,631
4WE_PAIR_004_V02__PLAYER,R1_REMOVE_LEGAL_SIGNATURE,R3_STATE_CENTRIC_POLICY,0.04600000000000004,0.016000000000000004,0.09600000000000003,Quick Attack,Quick Attack,True,0.04600000000000004,0.016000000000000004,0.09600000000000003,632
4WE_PAIR_011_V01__PLAYER,R0_CURRENT_BASELINE,R3_STATE_CENTRIC_POLICY,0.04600000000000004,0.01533333333333334,0.09200000000000004,Quick Attack,Quick Attack,True,0.04600000000000004,0.01533333333333334,0.09200000000000004,633
4WE_PAIR_020_V01__PLAYER,R0_CURRENT_BASELINE,R3_STATE_CENTRIC_POLICY,0.04600000000000004,0.01533333333333334,0.09200000000000004,Quick Attack,Quick Attack,True,0.04600000000000004,0.01533333333333334,0.09200000000000004,634
4WE_PAIR_016_V02__OPPONENT,R1_REMOVE_LEGAL_SIGNATURE,R2_REMOVE_SIGNATURE_AND_COMPATIBILITY,0.04600000000000004,0.015333333333333338,0.09200000000000003,Quick Attack,Quick Attack,True,0.04600000000000004,0.015333333333333338,0.09200000000000003,635
4WE_PAIR_016_V03__OPPONENT,R1_REMOVE_LEGAL_SIGNATURE,R2_REMOVE_SIGNATURE_AND_COMPATIBILITY,0.04600000000000004,0.015333333333333338,0.09200000000000003,Quick Attack,Quick Attack,True,0.04600000000000004,0.015333333333333338,0.09200000000000003,636
4WE_PAIR_005_V02__PLAYER,R2_REMOVE_SIGNATURE_AND_COMPATIBILITY,R3_STATE_CENTRIC_POLICY,0.04600000000000004,0.015333333333333338,0.09200000000000003,Quick Attack,Quick Attack,True,0.04600000000000004,0.015333333333333338,0.09200000000000003,637
4WE_PAIR_012_V02__PLAYER,R2_REMOVE_SIGNATURE_AND_COMPATIBILITY,R3_STATE_CENTRIC_POLICY,0.04600000000000004,0.015333333333333338,0.09200000000000003,Quick Attack,Quick Attack,True,0.04600000000000004,0.015333333333333338,0.09200000000000003,638
4WE_PAIR_022_V02__PLAYER,R1_REMOVE_LEGAL_SIGNATURE,R2_REMOVE_SIGNATURE_AND_COMPATIBILITY,0.04600000000000001,0.015333333333333343,0.09200000000000005,Quick Attack,Quick Attack,True,0.04600000000000001,0.015333333333333343,0.09200000000000005,639
4WE_PAIR_023_V02__PLAYER,R1_REMOVE_LEGAL_SIGNATURE,R2_REMOVE_SIGNATURE_AND_COMPATIBILITY,0.04600000000000001,0.015333333333333343,0.09200000000000005,Quick Attack,Quick Attack,True,0.04600000000000001,0.015333333333333343,0.09200000000000005,640
4WE_PAIR_002_V04__OPPONENT,R0_CURRENT_BASELINE,R1_REMOVE_LEGAL_SIGNATURE,0.046,0.016666666666666653,0.09999999999999992,Quick Attack,Quick Attack,True,0.046,0.016666666666666653,0.09999999999999992,641
4WE_PAIR_009_V04__OPPONENT,R0_CURRENT_BASELINE,R1_REMOVE_LEGAL_SIGNATURE,0.046,0.016666666666666653,0.09999999999999992,Quick Attack,Quick Attack,True,0.046,0.016666666666666653,0.09999999999999992,642
4WE_PAIR_014_V04__OPPONENT,R0_CURRENT_BASELINE,R1_REMOVE_LEGAL_SIGNATURE,0.046,0.016666666666666653,0.09999999999999992,Quick Attack,Quick Attack,True,0.046,0.016666666666666653,0.09999999999999992,643
4WE_PAIR_019_V04__OPPONENT,R0_CURRENT_BASELINE,R1_REMOVE_LEGAL_SIGNATURE,0.046,0.016666666666666653,0.09999999999999992,Quick Attack,Quick Attack,True,0.046,0.016666666666666653,0.09999999999999992,644
4WE_PAIR_002_V01__OPPONENT,R0_CURRENT_BASELINE,R1_REMOVE_LEGAL_SIGNATURE,0.046,0.015999999999999986,0.09599999999999992,Quick Attack,Quick Attack,True,0.046,0.015999999999999986,0.09599999999999992,645
4WE_PAIR_002_V01__PLAYER,R0_CURRENT_BASELINE,R1_REMOVE_LEGAL_SIGNATURE,0.046,0.015999999999999986,0.09599999999999992,Quick Attack,Quick Attack,True,0.046,0.015999999999999986,0.09599999999999992,646
4WE_PAIR_009_V01__OPPONENT,R0_CURRENT_BASELINE,R1_REMOVE_LEGAL_SIGNATURE,0.046,0.015999999999999986,0.09599999999999992,Quick Attack,Quick Attack,True,0.046,0.015999999999999986,0.09599999999999992,647
4WE_PAIR_009_V01__PLAYER,R0_CURRENT_BASELINE,R1_REMOVE_LEGAL_SIGNATURE,0.046,0.015999999999999986,0.09599999999999992,Quick Attack,Quick Attack,True,0.046,0.015999999999999986,0.09599999999999992,648
4WE_PAIR_014_V01__OPPONENT,R0_CURRENT_BASELINE,R1_REMOVE_LEGAL_SIGNATURE,0.046,0.015999999999999986,0.09599999999999992,Quick Attack,Quick Attack,True,0.046,0.015999999999999986,0.09599999999999992,649
4WE_PAIR_014_V01__PLAYER,R0_CURRENT_BASELINE,R1_REMOVE_LEGAL_SIGNATURE,0.046,0.015999999999999986,0.09599999999999992,Quick Attack,Quick Attack,True,0.046,0.015999999999999986,0.09599999999999992,650
4WE_PAIR_019_V01__OPPONENT,R0_CURRENT_BASELINE,R1_REMOVE_LEGAL_SIGNATURE,0.046,0.015999999999999986,0.09599999999999992,Quick Attack,Quick Attack,True,0.046,0.015999999999999986,0.09599999999999992,651
4WE_PAIR_019_V01__PLAYER,R0_CURRENT_BASELINE,R1_REMOVE_LEGAL_SIGNATURE,0.046,0.015999999999999986,0.09599999999999992,Quick Attack,Quick Attack,True,0.046,0.015999999999999986,0.09599999999999992,652
4WE_PAIR_003_V01__PLAYER,R0_CURRENT_BASELINE,R2_REMOVE_SIGNATURE_AND_COMPATIBILITY,0.046,0.015999999999999986,0.09599999999999992,Quick Attack,Quick Attack,True,0.046,0.015999999999999986,0.09599999999999992,653
4WE_PAIR_010_V01__PLAYER,R0_CURRENT_BASELINE,R2_REMOVE_SIGNATURE_AND_COMPATIBILITY,0.046,0.015999999999999986,0.09599999999999992,Quick Attack,Quick Attack,True,0.046,0.015999999999999986,0.09599999999999992,654
4WE_PAIR_020_V03__PLAYER,R1_REMOVE_LEGAL_SIGNATURE,R2_REMOVE_SIGNATURE_AND_COMPATIBILITY,0.045999999999999985,0.015333333333333338,0.09200000000000003,Quick Attack,Quick Attack,True,0.045999999999999985,0.015333333333333338,0.09200000000000003,655
4WE_PAIR_022_V02__OPPONENT,R1_REMOVE_LEGAL_SIGNATURE,R2_REMOVE_SIGNATURE_AND_COMPATIBILITY,0.045999999999999985,0.015333333333333338,0.09200000000000003,Quick Attack,Quick Attack,True,0.045999999999999985,0.015333333333333338,0.09200000000000003,656
4WE_PAIR_007_V01__PLAYER,R0_CURRENT_BASELINE,R2_REMOVE_SIGNATURE_AND_COMPATIBILITY,0.04599999999999993,0.017333333333333322,0.10399999999999994,Quick Attack,Quick Attack,True,0.04599999999999993,0.017333333333333322,0.10399999999999994,657
4WE_PAIR_017_V01__PLAYER,R0_CURRENT_BASELINE,R2_REMOVE_SIGNATURE_AND_COMPATIBILITY,0.04599999999999993,0.017333333333333322,0.10399999999999994,Quick Attack,Quick Attack,True,0.04599999999999993,0.017333333333333322,0.10399999999999994,658
4WE_PAIR_017_V04__PLAYER,R0_CURRENT_BASELINE,R2_REMOVE_SIGNATURE_AND_COMPATIBILITY,0.04599999999999993,0.017333333333333322,0.10399999999999994,Quick Attack,Quick Attack,True,0.04599999999999993,0.017333333333333322,0.10399999999999994,659
4WE_PAIR_001_V02__OPPONENT,R1_REMOVE_LEGAL_SIGNATURE,R3_STATE_CENTRIC_POLICY,0.04400000000000004,0.015333333333333343,0.09200000000000005,Quick Attack,Quick Attack,True,0.04400000000000004,0.015333333333333343,0.09200000000000005,660
4WE_PAIR_001_V02__PLAYER,R1_REMOVE_LEGAL_SIGNATURE,R3_STATE_CENTRIC_POLICY,0.04400000000000004,0.015333333333333343,0.09200000000000005,Quick Attack,Quick Attack,True,0.04400000000000004,0.015333333333333343,0.09200000000000005,661
4WE_PAIR_008_V02__OPPONENT,R1_REMOVE_LEGAL_SIGNATURE,R3_STATE_CENTRIC_POLICY,0.04400000000000004,0.015333333333333343,0.09200000000000005,Quick Attack,Quick Attack,True,0.04400000000000004,0.015333333333333343,0.09200000000000005,662
4WE_PAIR_008_V02__PLAYER,R1_REMOVE_LEGAL_SIGNATURE,R3_STATE_CENTRIC_POLICY,0.04400000000000004,0.015333333333333343,0.09200000000000005,Quick Attack,Quick Attack,True,0.04400000000000004,0.015333333333333343,0.09200000000000005,663
4WE_PAIR_013_V02__OPPONENT,R1_REMOVE_LEGAL_SIGNATURE,R3_STATE_CENTRIC_POLICY,0.04400000000000004,0.015333333333333343,0.09200000000000005,Quick Attack,Quick Attack,True,0.04400000000000004,0.015333333333333343,0.09200000000000005,664
4WE_PAIR_013_V02__PLAYER,R1_REMOVE_LEGAL_SIGNATURE,R3_STATE_CENTRIC_POLICY,0.04400000000000004,0.015333333333333343,0.09200000000000005,Quick Attack,Quick Attack,True,0.04400000000000004,0.015333333333333343,0.09200000000000005,665
4WE_PAIR_018_V02__OPPONENT,R1_REMOVE_LEGAL_SIGNATURE,R3_STATE_CENTRIC_POLICY,0.04400000000000004,0.015333333333333343,0.09200000000000005,Quick Attack,Quick Attack,True,0.04400000000000004,0.015333333333333343,0.09200000000000005,666
4WE_PAIR_018_V02__PLAYER,R1_REMOVE_LEGAL_SIGNATURE,R3_STATE_CENTRIC_POLICY,0.04400000000000004,0.015333333333333343,0.09200000000000005,Quick Attack,Quick Attack,True,0.04400000000000004,0.015333333333333343,0.09200000000000005,667
4WE_PAIR_020_V01__OPPONENT,R0_CURRENT_BASELINE,R3_STATE_CENTRIC_POLICY,0.04400000000000004,0.014666666666666675,0.08800000000000005,Quick Attack,Quick Attack,True,0.04400000000000004,0.014666666666666675,0.08800000000000005,668
4WE_PAIR_011_V04__PLAYER,R0_CURRENT_BASELINE,R3_STATE_CENTRIC_POLICY,0.04400000000000004,0.014666666666666673,0.08800000000000004,Quick Attack,Quick Attack,True,0.04400000000000004,0.014666666666666673,0.08800000000000004,669
4WE_PAIR_022_V04__PLAYER,R0_CURRENT_BASELINE,R3_STATE_CENTRIC_POLICY,0.04400000000000004,0.014666666666666673,0.08800000000000004,Quick Attack,Quick Attack,True,0.04400000000000004,0.014666666666666673,0.08800000000000004,670
4WE_PAIR_015_V02__PLAYER,R1_REMOVE_LEGAL_SIGNATURE,R2_REMOVE_SIGNATURE_AND_COMPATIBILITY,0.04400000000000004,0.01466666666666667,0.08800000000000002,Quick Attack,Quick Attack,True,0.04400000000000004,0.01466666666666667,0.08800000000000002,671
4WE_PAIR_015_V03__PLAYER,R1_REMOVE_LEGAL_SIGNATURE,R2_REMOVE_SIGNATURE_AND_COMPATIBILITY,0.04400000000000004,0.01466666666666667,0.08800000000000002,Quick Attack,Quick Attack,True,0.04400000000000004,0.01466666666666667,0.08800000000000002,672
4WE_PAIR_021_V02__PLAYER,R1_REMOVE_LEGAL_SIGNATURE,R2_REMOVE_SIGNATURE_AND_COMPATIBILITY,0.04400000000000004,0.01466666666666667,0.08800000000000002,Quick Attack,Quick Attack,True,0.04400000000000004,0.01466666666666667,0.08800000000000002,673
4WE_PAIR_021_V03__PLAYER,R1_REMOVE_LEGAL_SIGNATURE,R2_REMOVE_SIGNATURE_AND_COMPATIBILITY,0.04400000000000004,0.01466666666666667,0.08800000000000002,Quick Attack,Quick Attack,True,0.04400000000000004,0.01466666666666667,0.08800000000000002,674
4WE_PAIR_001_V04__OPPONENT,R0_CURRENT_BASELINE,R1_REMOVE_LEGAL_SIGNATURE,0.044,0.015999999999999986,0.09599999999999992,Quick Attack,Quick Attack,True,0.044,0.015999999999999986,0.09599999999999992,675
4WE_PAIR_007_V01__OPPONENT,R0_CURRENT_BASELINE,R1_REMOVE_LEGAL_SIGNATURE,0.044,0.015999999999999986,0.09599999999999992,Quick Attack,Quick Attack,True,0.044,0.015999999999999986,0.09599999999999992,676
4WE_PAIR_007_V01__PLAYER,R0_CURRENT_BASELINE,R1_REMOVE_LEGAL_SIGNATURE,0.044,0.015999999999999986,0.09599999999999992,Quick Attack,Quick Attack,True,0.044,0.015999999999999986,0.09599999999999992,677
4WE_PAIR_007_V04__OPPONENT,R0_CURRENT_BASELINE,R1_REMOVE_LEGAL_SIGNATURE,0.044,0.015999999999999986,0.09599999999999992,Quick Attack,Quick Attack,True,0.044,0.015999999999999986,0.09599999999999992,678
4WE_PAIR_008_V04__OPPONENT,R0_CURRENT_BASELINE,R1_REMOVE_LEGAL_SIGNATURE,0.044,0.015999999999999986,0.09599999999999992,Quick Attack,Quick Attack,True,0.044,0.015999999999999986,0.09599999999999992,679
4WE_PAIR_013_V04__OPPONENT,R0_CURRENT_BASELINE,R1_REMOVE_LEGAL_SIGNATURE,0.044,0.015999999999999986,0.09599999999999992,Quick Attack,Quick Attack,True,0.044,0.015999999999999986,0.09599999999999992,680
4WE_PAIR_017_V01__OPPONENT,R0_CURRENT_BASELINE,R1_REMOVE_LEGAL_SIGNATURE,0.044,0.015999999999999986,0.09599999999999992,Quick Attack,Quick Attack,True,0.044,0.015999999999999986,0.09599999999999992,681
4WE_PAIR_017_V01__PLAYER,R0_CURRENT_BASELINE,R1_REMOVE_LEGAL_SIGNATURE,0.044,0.015999999999999986,0.09599999999999992,Quick Attack,Quick Attack,True,0.044,0.015999999999999986,0.09599999999999992,682
4WE_PAIR_017_V04__OPPONENT,R0_CURRENT_BASELINE,R1_REMOVE_LEGAL_SIGNATURE,0.044,0.015999999999999986,0.09599999999999992,Quick Attack,Quick Attack,True,0.044,0.015999999999999986,0.09599999999999992,683
4WE_PAIR_018_V04__OPPONENT,R0_CURRENT_BASELINE,R1_REMOVE_LEGAL_SIGNATURE,0.044,0.015999999999999986,0.09599999999999992,Quick Attack,Quick Attack,True,0.044,0.015999999999999986,0.09599999999999992,684
4WE_PAIR_001_V01__OPPONENT,R0_CURRENT_BASELINE,R1_REMOVE_LEGAL_SIGNATURE,0.044,0.015333333333333319,0.09199999999999992,Quick Attack,Quick Attack,True,0.044,0.015333333333333319,0.09199999999999992,685
4WE_PAIR_001_V01__PLAYER,R0_CURRENT_BASELINE,R1_REMOVE_LEGAL_SIGNATURE,0.044,0.015333333333333319,0.09199999999999992,Quick Attack,Quick Attack,True,0.044,0.015333333333333319,0.09199999999999992,686
4WE_PAIR_002_V04__PLAYER,R0_CURRENT_BASELINE,R1_REMOVE_LEGAL_SIGNATURE,0.044,0.015333333333333319,0.09199999999999992,Quick Attack,Quick Attack,True,0.044,0.015333333333333319,0.09199999999999992,687
4WE_PAIR_008_V01__OPPONENT,R0_CURRENT_BASELINE,R1_REMOVE_LEGAL_SIGNATURE,0.044,0.015333333333333319,0.09199999999999992,Quick Attack,Quick Attack,True,0.044,0.015333333333333319,0.09199999999999992,688
4WE_PAIR_008_V01__PLAYER,R0_CURRENT_BASELINE,R1_REMOVE_LEGAL_SIGNATURE,0.044,0.015333333333333319,0.09199999999999992,Quick Attack,Quick Attack,True,0.044,0.015333333333333319,0.09199999999999992,689
4WE_PAIR_009_V04__PLAYER,R0_CURRENT_BASELINE,R1_REMOVE_LEGAL_SIGNATURE,0.044,0.015333333333333319,0.09199999999999992,Quick Attack,Quick Attack,True,0.044,0.015333333333333319,0.09199999999999992,690
4WE_PAIR_013_V01__OPPONENT,R0_CURRENT_BASELINE,R1_REMOVE_LEGAL_SIGNATURE,0.044,0.015333333333333319,0.09199999999999992,Quick Attack,Quick Attack,True,0.044,0.015333333333333319,0.09199999999999992,691
4WE_PAIR_013_V01__PLAYER,R0_CURRENT_BASELINE,R1_REMOVE_LEGAL_SIGNATURE,0.044,0.015333333333333319,0.09199999999999992,Quick Attack,Quick Attack,True,0.044,0.015333333333333319,0.09199999999999992,692
4WE_PAIR_014_V04__PLAYER,R0_CURRENT_BASELINE,R1_REMOVE_LEGAL_SIGNATURE,0.044,0.015333333333333319,0.09199999999999992,Quick Attack,Quick Attack,True,0.044,0.015333333333333319,0.09199999999999992,693
4WE_PAIR_018_V01__OPPONENT,R0_CURRENT_BASELINE,R1_REMOVE_LEGAL_SIGNATURE,0.044,0.015333333333333319,0.09199999999999992,Quick Attack,Quick Attack,True,0.044,0.015333333333333319,0.09199999999999992,694
4WE_PAIR_018_V01__PLAYER,R0_CURRENT_BASELINE,R1_REMOVE_LEGAL_SIGNATURE,0.044,0.015333333333333319,0.09199999999999992,Quick Attack,Quick Attack,True,0.044,0.015333333333333319,0.09199999999999992,695
4WE_PAIR_019_V04__PLAYER,R0_CURRENT_BASELINE,R1_REMOVE_LEGAL_SIGNATURE,0.044,0.015333333333333319,0.09199999999999992,Quick Attack,Quick Attack,True,0.044,0.015333333333333319,0.09199999999999992,696
4WE_PAIR_011_V03__PLAYER,R1_REMOVE_LEGAL_SIGNATURE,R2_REMOVE_SIGNATURE_AND_COMPATIBILITY,0.043999999999999984,0.01466666666666667,0.08800000000000002,Quick Attack,Quick Attack,True,0.043999999999999984,0.01466666666666667,0.08800000000000002,697
4WE_PAIR_022_V03__OPPONENT,R1_REMOVE_LEGAL_SIGNATURE,R2_REMOVE_SIGNATURE_AND_COMPATIBILITY,0.043999999999999984,0.01466666666666667,0.08800000000000002,Quick Attack,Quick Attack,True,0.043999999999999984,0.01466666666666667,0.08800000000000002,698
4WE_PAIR_022_V03__PLAYER,R1_REMOVE_LEGAL_SIGNATURE,R2_REMOVE_SIGNATURE_AND_COMPATIBILITY,0.043999999999999984,0.01466666666666667,0.08800000000000002,Quick Attack,Quick Attack,True,0.043999999999999984,0.01466666666666667,0.08800000000000002,699
4WE_PAIR_020_V04__OPPONENT,R0_CURRENT_BASELINE,R3_STATE_CENTRIC_POLICY,0.04200000000000004,0.014000000000000007,0.08400000000000005,Quick Attack,Quick Attack,True,0.04200000000000004,0.014000000000000007,0.08400000000000005,700
4WE_PAIR_005_V03__PLAYER,R1_REMOVE_LEGAL_SIGNATURE,R2_REMOVE_SIGNATURE_AND_COMPATIBILITY,0.04200000000000004,0.014000000000000004,0.08400000000000002,Quick Attack,Quick Attack,True,0.04200000000000004,0.014000000000000004,0.08400000000000002,701
4WE_PAIR_006_V03__PLAYER,R1_REMOVE_LEGAL_SIGNATURE,R2_REMOVE_SIGNATURE_AND_COMPATIBILITY,0.04200000000000004,0.014000000000000004,0.08400000000000002,Quick Attack,Quick Attack,True,0.04200000000000004,0.014000000000000004,0.08400000000000002,702
4WE_PAIR_012_V03__PLAYER,R1_REMOVE_LEGAL_SIGNATURE,R2_REMOVE_SIGNATURE_AND_COMPATIBILITY,0.04200000000000004,0.014000000000000004,0.08400000000000002,Quick Attack,Quick Attack,True,0.04200000000000004,0.014000000000000004,0.08400000000000002,703
4WE_PAIR_016_V02__PLAYER,R1_REMOVE_LEGAL_SIGNATURE,R2_REMOVE_SIGNATURE_AND_COMPATIBILITY,0.04200000000000004,0.014000000000000004,0.08400000000000002,Quick Attack,Quick Attack,True,0.04200000000000004,0.014000000000000004,0.08400000000000002,704
4WE_PAIR_016_V03__PLAYER,R1_REMOVE_LEGAL_SIGNATURE,R2_REMOVE_SIGNATURE_AND_COMPATIBILITY,0.04200000000000004,0.014000000000000004,0.08400000000000002,Quick Attack,Quick Attack,True,0.04200000000000004,0.014000000000000004,0.08400000000000002,705
4WE_PAIR_007_V04__PLAYER,R0_CURRENT_BASELINE,R1_REMOVE_LEGAL_SIGNATURE,0.04200000000000001,0.015333333333333324,0.09199999999999994,Quick Attack,Quick Attack,True,0.04200000000000001,0.015333333333333324,0.09199999999999994,706
4WE_PAIR_017_V04__PLAYER,R0_CURRENT_BASELINE,R1_REMOVE_LEGAL_SIGNATURE,0.04200000000000001,0.015333333333333324,0.09199999999999994,Quick Attack,Quick Attack,True,0.04200000000000001,0.015333333333333324,0.09199999999999994,707
4WE_PAIR_011_V02__PLAYER,R1_REMOVE_LEGAL_SIGNATURE,R2_REMOVE_SIGNATURE_AND_COMPATIBILITY,0.04200000000000001,0.014000000000000007,0.08400000000000005,Quick Attack,Quick Attack,True,0.04200000000000001,0.014000000000000007,0.08400000000000005,708
4WE_PAIR_001_V04__PLAYER,R0_CURRENT_BASELINE,R1_REMOVE_LEGAL_SIGNATURE,0.041999999999999996,0.014666666666666653,0.08799999999999991,Quick Attack,Quick Attack,True,0.041999999999999996,0.014666666666666653,0.08799999999999991,709
4WE_PAIR_008_V04__PLAYER,R0_CURRENT_BASELINE,R1_REMOVE_LEGAL_SIGNATURE,0.041999999999999996,0.014666666666666653,0.08799999999999991,Quick Attack,Quick Attack,True,0.041999999999999996,0.014666666666666653,0.08799999999999991,710
4WE_PAIR_013_V04__PLAYER,R0_CURRENT_BASELINE,R1_REMOVE_LEGAL_SIGNATURE,0.041999999999999996,0.014666666666666653,0.08799999999999991,Quick Attack,Quick Attack,True,0.041999999999999996,0.014666666666666653,0.08799999999999991,711
4WE_PAIR_018_V04__PLAYER,R0_CURRENT_BASELINE,R1_REMOVE_LEGAL_SIGNATURE,0.041999999999999996,0.014666666666666653,0.08799999999999991,Quick Attack,Quick Attack,True,0.041999999999999996,0.014666666666666653,0.08799999999999991,712
4WE_PAIR_011_V01__OPPONENT,R0_CURRENT_BASELINE,R3_STATE_CENTRIC_POLICY,0.040000000000000036,0.013333333333333341,0.08000000000000004,Quick Attack,Quick Attack,True,0.040000000000000036,0.013333333333333341,0.08000000000000004,713
4WE_PAIR_022_V01__PLAYER,R0_CURRENT_BASELINE,R3_STATE_CENTRIC_POLICY,0.040000000000000036,0.013333333333333341,0.08000000000000004,Quick Attack,Quick Attack,True,0.040000000000000036,0.013333333333333341,0.08000000000000004,714
4WE_PAIR_023_V01__PLAYER,R0_CURRENT_BASELINE,R3_STATE_CENTRIC_POLICY,0.040000000000000036,0.013333333333333341,0.08000000000000004,Quick Attack,Quick Attack,True,0.040000000000000036,0.013333333333333341,0.08000000000000004,715
4WE_PAIR_015_V04__PLAYER,R0_CURRENT_BASELINE,R3_STATE_CENTRIC_POLICY,0.040000000000000036,0.013333333333333338,0.08000000000000003,Quick Attack,Quick Attack,True,0.040000000000000036,0.013333333333333338,0.08000000000000003,716
4WE_PAIR_016_V04__PLAYER,R0_CURRENT_BASELINE,R3_STATE_CENTRIC_POLICY,0.040000000000000036,0.013333333333333338,0.08000000000000003,Quick Attack,Quick Attack,True,0.040000000000000036,0.013333333333333338,0.08000000000000003,717
4WE_PAIR_021_V04__PLAYER,R0_CURRENT_BASELINE,R3_STATE_CENTRIC_POLICY,0.040000000000000036,0.013333333333333338,0.08000000000000003,Quick Attack,Quick Attack,True,0.040000000000000036,0.013333333333333338,0.08000000000000003,718
4WE_PAIR_003_V04__OPPONENT,R0_CURRENT_BASELINE,R1_REMOVE_LEGAL_SIGNATURE,0.04000000000000001,0.014666666666666654,0.08799999999999993,Quick Attack,Quick Attack,True,0.04000000000000001,0.014666666666666654,0.08799999999999993,719
4WE_PAIR_010_V04__OPPONENT,R0_CURRENT_BASELINE,R1_REMOVE_LEGAL_SIGNATURE,0.04000000000000001,0.014666666666666654,0.08799999999999993,Quick Attack,Quick Attack,True,0.04000000000000001,0.014666666666666654,0.08799999999999993,720
4WE_PAIR_003_V01__OPPONENT,R0_CURRENT_BASELINE,R1_REMOVE_LEGAL_SIGNATURE,0.04000000000000001,0.013999999999999986,0.08399999999999992,Quick Attack,Quick Attack,True,0.04000000000000001,0.013999999999999986,0.08399999999999992,721
4WE_PAIR_003_V01__PLAYER,R0_CURRENT_BASELINE,R1_REMOVE_LEGAL_SIGNATURE,0.04000000000000001,0.013999999999999986,0.08399999999999992,Quick Attack,Quick Attack,True,0.04000000000000001,0.013999999999999986,0.08399999999999992,722
4WE_PAIR_010_V01__OPPONENT,R0_CURRENT_BASELINE,R1_REMOVE_LEGAL_SIGNATURE,0.04000000000000001,0.013999999999999986,0.08399999999999992,Quick Attack,Quick Attack,True,0.04000000000000001,0.013999999999999986,0.08399999999999992,723
4WE_PAIR_010_V01__PLAYER,R0_CURRENT_BASELINE,R1_REMOVE_LEGAL_SIGNATURE,0.04000000000000001,0.013999999999999986,0.08399999999999992,Quick Attack,Quick Attack,True,0.04000000000000001,0.013999999999999986,0.08399999999999992,724
4WE_PAIR_011_V04__OPPONENT,R0_CURRENT_BASELINE,R3_STATE_CENTRIC_POLICY,0.038000000000000034,0.012666666666666673,0.07600000000000004,Quick Attack,Quick Attack,True,0.038000000000000034,0.012666666666666673,0.07600000000000004,725
4WE_PAIR_023_V04__PLAYER,R0_CURRENT_BASELINE,R3_STATE_CENTRIC_POLICY,0.038000000000000034,0.012666666666666673,0.07600000000000004,Quick Attack,Quick Attack,True,0.038000000000000034,0.012666666666666673,0.07600000000000004,726
4WE_PAIR_005_V02__PLAYER,R1_REMOVE_LEGAL_SIGNATURE,R2_REMOVE_SIGNATURE_AND_COMPATIBILITY,0.038000000000000034,0.012666666666666668,0.07600000000000001,Quick Attack,Quick Attack,True,0.038000000000000034,0.012666666666666668,0.07600000000000001,727
4WE_PAIR_006_V02__PLAYER,R1_REMOVE_LEGAL_SIGNATURE,R2_REMOVE_SIGNATURE_AND_COMPATIBILITY,0.038000000000000034,0.012666666666666668,0.07600000000000001,Quick Attack,Quick Attack,True,0.038000000000000034,0.012666666666666668,0.07600000000000001,728
4WE_PAIR_012_V02__PLAYER,R1_REMOVE_LEGAL_SIGNATURE,R2_REMOVE_SIGNATURE_AND_COMPATIBILITY,0.038000000000000034,0.012666666666666668,0.07600000000000001,Quick Attack,Quick Attack,True,0.038000000000000034,0.012666666666666668,0.07600000000000001,729
4WE_PAIR_004_V04__OPPONENT,R0_CURRENT_BASELINE,R1_REMOVE_LEGAL_SIGNATURE,0.038000000000000006,0.013999999999999986,0.08399999999999992,Quick Attack,Quick Attack,True,0.038000000000000006,0.013999999999999986,0.08399999999999992,730
4WE_PAIR_003_V04__PLAYER,R0_CURRENT_BASELINE,R1_REMOVE_LEGAL_SIGNATURE,0.038000000000000006,0.01333333333333332,0.07999999999999992,Quick Attack,Quick Attack,True,0.038000000000000006,0.01333333333333332,0.07999999999999992,731
4WE_PAIR_004_V01__OPPONENT,R0_CURRENT_BASELINE,R1_REMOVE_LEGAL_SIGNATURE,0.038000000000000006,0.01333333333333332,0.07999999999999992,Quick Attack,Quick Attack,True,0.038000000000000006,0.01333333333333332,0.07999999999999992,732
4WE_PAIR_004_V01__PLAYER,R0_CURRENT_BASELINE,R1_REMOVE_LEGAL_SIGNATURE,0.038000000000000006,0.01333333333333332,0.07999999999999992,Quick Attack,Quick Attack,True,0.038000000000000006,0.01333333333333332,0.07999999999999992,733
4WE_PAIR_010_V04__PLAYER,R0_CURRENT_BASELINE,R1_REMOVE_LEGAL_SIGNATURE,0.038000000000000006,0.01333333333333332,0.07999999999999992,Quick Attack,Quick Attack,True,0.038000000000000006,0.01333333333333332,0.07999999999999992,734
4WE_PAIR_004_V04__PLAYER,R0_CURRENT_BASELINE,R1_REMOVE_LEGAL_SIGNATURE,0.036000000000000004,0.012666666666666652,0.07599999999999991,Quick Attack,Quick Attack,True,0.036000000000000004,0.012666666666666652,0.07599999999999991,735
4WE_PAIR_005_V01__PLAYER,R0_CURRENT_BASELINE,R3_STATE_CENTRIC_POLICY,0.03400000000000003,0.01133333333333334,0.06800000000000003,Quick Attack,Quick Attack,True,0.03400000000000003,0.01133333333333334,0.06800000000000003,736
4WE_PAIR_005_V04__PLAYER,R0_CURRENT_BASELINE,R3_STATE_CENTRIC_POLICY,0.03400000000000003,0.01133333333333334,0.06800000000000003,Quick Attack,Quick Attack,True,0.03400000000000003,0.01133333333333334,0.06800000000000003,737
4WE_PAIR_006_V01__PLAYER,R0_CURRENT_BASELINE,R3_STATE_CENTRIC_POLICY,0.03400000000000003,0.01133333333333334,0.06800000000000003,Quick Attack,Quick Attack,True,0.03400000000000003,0.01133333333333334,0.06800000000000003,738
4WE_PAIR_006_V04__PLAYER,R0_CURRENT_BASELINE,R3_STATE_CENTRIC_POLICY,0.03400000000000003,0.01133333333333334,0.06800000000000003,Quick Attack,Quick Attack,True,0.03400000000000003,0.01133333333333334,0.06800000000000003,739
4WE_PAIR_012_V01__PLAYER,R0_CURRENT_BASELINE,R3_STATE_CENTRIC_POLICY,0.03400000000000003,0.01133333333333334,0.06800000000000003,Quick Attack,Quick Attack,True,0.03400000000000003,0.01133333333333334,0.06800000000000003,740
4WE_PAIR_012_V04__PLAYER,R0_CURRENT_BASELINE,R3_STATE_CENTRIC_POLICY,0.03400000000000003,0.01133333333333334,0.06800000000000003,Quick Attack,Quick Attack,True,0.03400000000000003,0.01133333333333334,0.06800000000000003,741
4WE_PAIR_015_V01__PLAYER,R0_CURRENT_BASELINE,R3_STATE_CENTRIC_POLICY,0.03400000000000003,0.01133333333333334,0.06800000000000003,Quick Attack,Quick Attack,True,0.03400000000000003,0.01133333333333334,0.06800000000000003,742
4WE_PAIR_016_V01__PLAYER,R0_CURRENT_BASELINE,R3_STATE_CENTRIC_POLICY,0.03400000000000003,0.01133333333333334,0.06800000000000003,Quick Attack,Quick Attack,True,0.03400000000000003,0.01133333333333334,0.06800000000000003,743
4WE_PAIR_021_V01__PLAYER,R0_CURRENT_BASELINE,R3_STATE_CENTRIC_POLICY,0.03400000000000003,0.01133333333333334,0.06800000000000003,Quick Attack,Quick Attack,True,0.03400000000000003,0.01133333333333334,0.06800000000000003,744
4WE_PAIR_022_V01__OPPONENT,R0_CURRENT_BASELINE,R3_STATE_CENTRIC_POLICY,0.03400000000000003,0.01133333333333334,0.06800000000000003,Quick Attack,Quick Attack,True,0.03400000000000003,0.01133333333333334,0.06800000000000003,745
4WE_PAIR_022_V04__OPPONENT,R0_CURRENT_BASELINE,R3_STATE_CENTRIC_POLICY,0.03400000000000003,0.01133333333333334,0.06800000000000003,Quick Attack,Quick Attack,True,0.03400000000000003,0.01133333333333334,0.06800000000000003,746
4WE_PAIR_023_V01__OPPONENT,R0_CURRENT_BASELINE,R3_STATE_CENTRIC_POLICY,0.03400000000000003,0.01133333333333334,0.06800000000000003,Quick Attack,Quick Attack,True,0.03400000000000003,0.01133333333333334,0.06800000000000003,747
4WE_PAIR_007_V02__OPPONENT,R1_REMOVE_LEGAL_SIGNATURE,R2_REMOVE_SIGNATURE_AND_COMPATIBILITY,0.034,0.011999999999999988,0.07199999999999993,Quick Attack,Quick Attack,True,0.034,0.011999999999999988,0.07199999999999993,748
4WE_PAIR_015_V01__OPPONENT,R0_CURRENT_BASELINE,R3_STATE_CENTRIC_POLICY,0.03200000000000003,0.010666666666666672,0.06400000000000003,Quick Attack,Quick Attack,True,0.03200000000000003,0.010666666666666672,0.06400000000000003,749
4WE_PAIR_016_V01__OPPONENT,R0_CURRENT_BASELINE,R3_STATE_CENTRIC_POLICY,0.03200000000000003,0.010666666666666672,0.06400000000000003,Quick Attack,Quick Attack,True,0.03200000000000003,0.010666666666666672,0.06400000000000003,750
4WE_PAIR_021_V01__OPPONENT,R0_CURRENT_BASELINE,R3_STATE_CENTRIC_POLICY,0.03200000000000003,0.010666666666666672,0.06400000000000003,Quick Attack,Quick Attack,True,0.03200000000000003,0.010666666666666672,0.06400000000000003,751
4WE_PAIR_023_V04__OPPONENT,R0_CURRENT_BASELINE,R3_STATE_CENTRIC_POLICY,0.03200000000000003,0.010666666666666672,0.06400000000000003,Quick Attack,Quick Attack,True,0.03200000000000003,0.010666666666666672,0.06400000000000003,752
4WE_PAIR_007_V02__PLAYER,R1_REMOVE_LEGAL_SIGNATURE,R2_REMOVE_SIGNATURE_AND_COMPATIBILITY,0.032,0.01133333333333334,0.06800000000000003,Quick Attack,Quick Attack,True,0.032,0.01133333333333334,0.06800000000000003,753
4WE_PAIR_007_V03__OPPONENT,R1_REMOVE_LEGAL_SIGNATURE,R2_REMOVE_SIGNATURE_AND_COMPATIBILITY,0.032,0.01133333333333334,0.06800000000000003,Quick Attack,Quick Attack,True,0.032,0.01133333333333334,0.06800000000000003,754
4WE_PAIR_017_V02__OPPONENT,R1_REMOVE_LEGAL_SIGNATURE,R2_REMOVE_SIGNATURE_AND_COMPATIBILITY,0.032,0.01133333333333334,0.06800000000000003,Quick Attack,Quick Attack,True,0.032,0.01133333333333334,0.06800000000000003,755
4WE_PAIR_017_V02__PLAYER,R1_REMOVE_LEGAL_SIGNATURE,R2_REMOVE_SIGNATURE_AND_COMPATIBILITY,0.032,0.01133333333333334,0.06800000000000003,Quick Attack,Quick Attack,True,0.032,0.01133333333333334,0.06800000000000003,756
4WE_PAIR_020_V04__PLAYER,R0_CURRENT_BASELINE,R1_REMOVE_LEGAL_SIGNATURE,0.030000000000000027,0.010000000000000004,0.060000000000000026,Quick Attack,Quick Attack,True,0.030000000000000027,0.010000000000000004,0.060000000000000026,757
4WE_PAIR_020_V04__PLAYER,R0_CURRENT_BASELINE,R2_REMOVE_SIGNATURE_AND_COMPATIBILITY,0.030000000000000027,0.010000000000000004,0.060000000000000026,Quick Attack,Quick Attack,True,0.030000000000000027,0.010000000000000004,0.060000000000000026,758
4WE_PAIR_022_V04__PLAYER,R0_CURRENT_BASELINE,R2_REMOVE_SIGNATURE_AND_COMPATIBILITY,0.030000000000000027,0.010000000000000004,0.060000000000000026,Quick Attack,Quick Attack,True,0.030000000000000027,0.010000000000000004,0.060000000000000026,759
4WE_PAIR_015_V04__OPPONENT,R0_CURRENT_BASELINE,R3_STATE_CENTRIC_POLICY,0.030000000000000027,0.010000000000000004,0.060000000000000026,Quick Attack,Quick Attack,True,0.030000000000000027,0.010000000000000004,0.060000000000000026,760
4WE_PAIR_016_V04__OPPONENT,R0_CURRENT_BASELINE,R3_STATE_CENTRIC_POLICY,0.030000000000000027,0.010000000000000004,0.060000000000000026,Quick Attack,Quick Attack,True,0.030000000000000027,0.010000000000000004,0.060000000000000026,761
4WE_PAIR_021_V04__OPPONENT,R0_CURRENT_BASELINE,R3_STATE_CENTRIC_POLICY,0.030000000000000027,0.010000000000000004,0.060000000000000026,Quick Attack,Quick Attack,True,0.030000000000000027,0.010000000000000004,0.060000000000000026,762
4WE_PAIR_007_V03__PLAYER,R1_REMOVE_LEGAL_SIGNATURE,R2_REMOVE_SIGNATURE_AND_COMPATIBILITY,0.03,0.01066666666666667,0.06400000000000002,Quick Attack,Quick Attack,True,0.03,0.01066666666666667,0.06400000000000002,763
4WE_PAIR_017_V03__OPPONENT,R1_REMOVE_LEGAL_SIGNATURE,R2_REMOVE_SIGNATURE_AND_COMPATIBILITY,0.03,0.01066666666666667,0.06400000000000002,Quick Attack,Quick Attack,True,0.03,0.01066666666666667,0.06400000000000002,764
4WE_PAIR_017_V03__PLAYER,R1_REMOVE_LEGAL_SIGNATURE,R2_REMOVE_SIGNATURE_AND_COMPATIBILITY,0.03,0.01066666666666667,0.06400000000000002,Quick Attack,Quick Attack,True,0.03,0.01066666666666667,0.06400000000000002,765
4WE_PAIR_020_V01__PLAYER,R0_CURRENT_BASELINE,R1_REMOVE_LEGAL_SIGNATURE,0.028000000000000025,0.009333333333333338,0.05600000000000003,Quick Attack,Quick Attack,True,0.028000000000000025,0.009333333333333338,0.05600000000000003,766
4WE_PAIR_011_V04__PLAYER,R0_CURRENT_BASELINE,R2_REMOVE_SIGNATURE_AND_COMPATIBILITY,0.028000000000000025,0.009333333333333338,0.05600000000000002,Quick Attack,Quick Attack,True,0.028000000000000025,0.009333333333333338,0.05600000000000002,767
4WE_PAIR_005_V01__OPPONENT,R0_CURRENT_BASELINE,R3_STATE_CENTRIC_POLICY,0.028000000000000025,0.009333333333333338,0.05600000000000002,Quick Attack,Quick Attack,True,0.028000000000000025,0.009333333333333338,0.05600000000000002,768
4WE_PAIR_006_V01__OPPONENT,R0_CURRENT_BASELINE,R3_STATE_CENTRIC_POLICY,0.028000000000000025,0.009333333333333338,0.05600000000000002,Quick Attack,Quick Attack,True,0.028000000000000025,0.009333333333333338,0.05600000000000002,769
4WE_PAIR_012_V01__OPPONENT,R0_CURRENT_BASELINE,R3_STATE_CENTRIC_POLICY,0.028000000000000025,0.009333333333333338,0.05600000000000002,Quick Attack,Quick Attack,True,0.028000000000000025,0.009333333333333338,0.05600000000000002,770
4WE_PAIR_001_V02__OPPONENT,R1_REMOVE_LEGAL_SIGNATURE,R2_REMOVE_SIGNATURE_AND_COMPATIBILITY,0.027999999999999997,0.009999999999999986,0.059999999999999915,Quick Attack,Quick Attack,True,0.027999999999999997,0.009999999999999986,0.059999999999999915,771
4WE_PAIR_001_V03__OPPONENT,R1_REMOVE_LEGAL_SIGNATURE,R2_REMOVE_SIGNATURE_AND_COMPATIBILITY,0.027999999999999997,0.009999999999999986,0.059999999999999915,Quick Attack,Quick Attack,True,0.027999999999999997,0.009999999999999986,0.059999999999999915,772
4WE_PAIR_008_V02__OPPONENT,R1_REMOVE_LEGAL_SIGNATURE,R2_REMOVE_SIGNATURE_AND_COMPATIBILITY,0.027999999999999997,0.009999999999999986,0.059999999999999915,Quick Attack,Quick Attack,True,0.027999999999999997,0.009999999999999986,0.059999999999999915,773
4WE_PAIR_008_V03__OPPONENT,R1_REMOVE_LEGAL_SIGNATURE,R2_REMOVE_SIGNATURE_AND_COMPATIBILITY,0.027999999999999997,0.009999999999999986,0.059999999999999915,Quick Attack,Quick Attack,True,0.027999999999999997,0.009999999999999986,0.059999999999999915,774
4WE_PAIR_011_V04__PLAYER,R0_CURRENT_BASELINE,R1_REMOVE_LEGAL_SIGNATURE,0.026000000000000023,0.008666666666666671,0.052000000000000025,Quick Attack,Quick Attack,True,0.026000000000000023,0.008666666666666671,0.052000000000000025,775
4WE_PAIR_011_V01__PLAYER,R0_CURRENT_BASELINE,R2_REMOVE_SIGNATURE_AND_COMPATIBILITY,0.026000000000000023,0.008666666666666671,0.052000000000000025,Quick Attack,Quick Attack,True,0.026000000000000023,0.008666666666666671,0.052000000000000025,776
4WE_PAIR_020_V01__PLAYER,R0_CURRENT_BASELINE,R2_REMOVE_SIGNATURE_AND_COMPATIBILITY,0.026000000000000023,0.008666666666666671,0.052000000000000025,Quick Attack,Quick Attack,True,0.026000000000000023,0.008666666666666671,0.052000000000000025,777
4WE_PAIR_022_V01__OPPONENT,R0_CURRENT_BASELINE,R2_REMOVE_SIGNATURE_AND_COMPATIBILITY,0.026000000000000023,0.008666666666666671,0.052000000000000025,Quick Attack,Quick Attack,True,0.026000000000000023,0.008666666666666671,0.052000000000000025,778
4WE_PAIR_022_V04__OPPONENT,R0_CURRENT_BASELINE,R2_REMOVE_SIGNATURE_AND_COMPATIBILITY,0.026000000000000023,0.008666666666666671,0.052000000000000025,Quick Attack,Quick Attack,True,0.026000000000000023,0.008666666666666671,0.052000000000000025,779
4WE_PAIR_023_V01__OPPONENT,R0_CURRENT_BASELINE,R2_REMOVE_SIGNATURE_AND_COMPATIBILITY,0.026000000000000023,0.008666666666666671,0.052000000000000025,Quick Attack,Quick Attack,True,0.026000000000000023,0.008666666666666671,0.052000000000000025,780
4WE_PAIR_023_V04__OPPONENT,R0_CURRENT_BASELINE,R2_REMOVE_SIGNATURE_AND_COMPATIBILITY,0.026000000000000023,0.008666666666666671,0.052000000000000025,Quick Attack,Quick Attack,True,0.026000000000000023,0.008666666666666671,0.052000000000000025,781
4WE_PAIR_023_V04__PLAYER,R0_CURRENT_BASELINE,R2_REMOVE_SIGNATURE_AND_COMPATIBILITY,0.026000000000000023,0.008666666666666671,0.052000000000000025,Quick Attack,Quick Attack,True,0.026000000000000023,0.008666666666666671,0.052000000000000025,782
4WE_PAIR_006_V04__OPPONENT,R0_CURRENT_BASELINE,R3_STATE_CENTRIC_POLICY,0.026000000000000023,0.008666666666666671,0.052000000000000025,Quick Attack,Quick Attack,True,0.026000000000000023,0.008666666666666671,0.052000000000000025,783
4WE_PAIR_015_V04__PLAYER,R0_CURRENT_BASELINE,R1_REMOVE_LEGAL_SIGNATURE,0.026000000000000023,0.00866666666666667,0.05200000000000002,Quick Attack,Quick Attack,True,0.026000000000000023,0.00866666666666667,0.05200000000000002,784
4WE_PAIR_021_V04__PLAYER,R0_CURRENT_BASELINE,R1_REMOVE_LEGAL_SIGNATURE,0.026000000000000023,0.00866666666666667,0.05200000000000002,Quick Attack,Quick Attack,True,0.026000000000000023,0.00866666666666667,0.05200000000000002,785
4WE_PAIR_005_V04__OPPONENT,R0_CURRENT_BASELINE,R3_STATE_CENTRIC_POLICY,0.026000000000000023,0.00866666666666667,0.05200000000000002,Quick Attack,Quick Attack,True,0.026000000000000023,0.00866666666666667,0.05200000000000002,786
4WE_PAIR_012_V04__OPPONENT,R0_CURRENT_BASELINE,R3_STATE_CENTRIC_POLICY,0.026000000000000023,0.00866666666666667,0.05200000000000002,Quick Attack,Quick Attack,True,0.026000000000000023,0.00866666666666667,0.05200000000000002,787
4WE_PAIR_001_V02__PLAYER,R1_REMOVE_LEGAL_SIGNATURE,R2_REMOVE_SIGNATURE_AND_COMPATIBILITY,0.025999999999999995,0.009333333333333318,0.05599999999999991,Quick Attack,Quick Attack,True,0.025999999999999995,0.009333333333333318,0.05599999999999991,788
4WE_PAIR_001_V03__PLAYER,R1_REMOVE_LEGAL_SIGNATURE,R2_REMOVE_SIGNATURE_AND_COMPATIBILITY,0.025999999999999995,0.009333333333333318,0.05599999999999991,Quick Attack,Quick Attack,True,0.025999999999999995,0.009333333333333318,0.05599999999999991,789
4WE_PAIR_002_V02__OPPONENT,R1_REMOVE_LEGAL_SIGNATURE,R2_REMOVE_SIGNATURE_AND_COMPATIBILITY,0.025999999999999995,0.009333333333333318,0.05599999999999991,Quick Attack,Quick Attack,True,0.025999999999999995,0.009333333333333318,0.05599999999999991,790
4WE_PAIR_002_V03__OPPONENT,R1_REMOVE_LEGAL_SIGNATURE,R2_REMOVE_SIGNATURE_AND_COMPATIBILITY,0.025999999999999995,0.009333333333333318,0.05599999999999991,Quick Attack,Quick Attack,True,0.025999999999999995,0.009333333333333318,0.05599999999999991,791
4WE_PAIR_003_V02__OPPONENT,R1_REMOVE_LEGAL_SIGNATURE,R2_REMOVE_SIGNATURE_AND_COMPATIBILITY,0.025999999999999995,0.009333333333333318,0.05599999999999991,Quick Attack,Quick Attack,True,0.025999999999999995,0.009333333333333318,0.05599999999999991,792
4WE_PAIR_008_V02__PLAYER,R1_REMOVE_LEGAL_SIGNATURE,R2_REMOVE_SIGNATURE_AND_COMPATIBILITY,0.025999999999999995,0.009333333333333318,0.05599999999999991,Quick Attack,Quick Attack,True,0.025999999999999995,0.009333333333333318,0.05599999999999991,793
4WE_PAIR_008_V03__PLAYER,R1_REMOVE_LEGAL_SIGNATURE,R2_REMOVE_SIGNATURE_AND_COMPATIBILITY,0.025999999999999995,0.009333333333333318,0.05599999999999991,Quick Attack,Quick Attack,True,0.025999999999999995,0.009333333333333318,0.05599999999999991,794
4WE_PAIR_009_V02__OPPONENT,R1_REMOVE_LEGAL_SIGNATURE,R2_REMOVE_SIGNATURE_AND_COMPATIBILITY,0.025999999999999995,0.009333333333333318,0.05599999999999991,Quick Attack,Quick Attack,True,0.025999999999999995,0.009333333333333318,0.05599999999999991,795
4WE_PAIR_009_V03__OPPONENT,R1_REMOVE_LEGAL_SIGNATURE,R2_REMOVE_SIGNATURE_AND_COMPATIBILITY,0.025999999999999995,0.009333333333333318,0.05599999999999991,Quick Attack,Quick Attack,True,0.025999999999999995,0.009333333333333318,0.05599999999999991,796
4WE_PAIR_010_V02__OPPONENT,R1_REMOVE_LEGAL_SIGNATURE,R2_REMOVE_SIGNATURE_AND_COMPATIBILITY,0.025999999999999995,0.009333333333333318,0.05599999999999991,Quick Attack,Quick Attack,True,0.025999999999999995,0.009333333333333318,0.05599999999999991,797
4WE_PAIR_013_V02__OPPONENT,R1_REMOVE_LEGAL_SIGNATURE,R2_REMOVE_SIGNATURE_AND_COMPATIBILITY,0.025999999999999995,0.009333333333333318,0.05599999999999991,Quick Attack,Quick Attack,True,0.025999999999999995,0.009333333333333318,0.05599999999999991,798
4WE_PAIR_013_V02__PLAYER,R1_REMOVE_LEGAL_SIGNATURE,R2_REMOVE_SIGNATURE_AND_COMPATIBILITY,0.025999999999999995,0.009333333333333318,0.05599999999999991,Quick Attack,Quick Attack,True,0.025999999999999995,0.009333333333333318,0.05599999999999991,799
4WE_PAIR_013_V03__OPPONENT,R1_REMOVE_LEGAL_SIGNATURE,R2_REMOVE_SIGNATURE_AND_COMPATIBILITY,0.025999999999999995,0.009333333333333318,0.05599999999999991,Quick Attack,Quick Attack,True,0.025999999999999995,0.009333333333333318,0.05599999999999991,800
4WE_PAIR_013_V03__PLAYER,R1_REMOVE_LEGAL_SIGNATURE,R2_REMOVE_SIGNATURE_AND_COMPATIBILITY,0.025999999999999995,0.009333333333333318,0.05599999999999991,Quick Attack,Quick Attack,True,0.025999999999999995,0.009333333333333318,0.05599999999999991,801
4WE_PAIR_018_V02__OPPONENT,R1_REMOVE_LEGAL_SIGNATURE,R2_REMOVE_SIGNATURE_AND_COMPATIBILITY,0.025999999999999995,0.009333333333333318,0.05599999999999991,Quick Attack,Quick Attack,True,0.025999999999999995,0.009333333333333318,0.05599999999999991,802
4WE_PAIR_018_V02__PLAYER,R1_REMOVE_LEGAL_SIGNATURE,R2_REMOVE_SIGNATURE_AND_COMPATIBILITY,0.025999999999999995,0.009333333333333318,0.05599999999999991,Quick Attack,Quick Attack,True,0.025999999999999995,0.009333333333333318,0.05599999999999991,803
4WE_PAIR_018_V03__OPPONENT,R1_REMOVE_LEGAL_SIGNATURE,R2_REMOVE_SIGNATURE_AND_COMPATIBILITY,0.025999999999999995,0.009333333333333318,0.05599999999999991,Quick Attack,Quick Attack,True,0.025999999999999995,0.009333333333333318,0.05599999999999991,804
4WE_PAIR_018_V03__PLAYER,R1_REMOVE_LEGAL_SIGNATURE,R2_REMOVE_SIGNATURE_AND_COMPATIBILITY,0.025999999999999995,0.009333333333333318,0.05599999999999991,Quick Attack,Quick Attack,True,0.025999999999999995,0.009333333333333318,0.05599999999999991,805
4WE_PAIR_004_V02__OPPONENT,R1_REMOVE_LEGAL_SIGNATURE,R2_REMOVE_SIGNATURE_AND_COMPATIBILITY,0.02400000000000002,0.008666666666666656,0.051999999999999935,Quick Attack,Quick Attack,True,0.02400000000000002,0.008666666666666656,0.051999999999999935,806
4WE_PAIR_011_V01__PLAYER,R0_CURRENT_BASELINE,R1_REMOVE_LEGAL_SIGNATURE,0.02400000000000002,0.008000000000000004,0.04800000000000002,Quick Attack,Quick Attack,True,0.02400000000000002,0.008000000000000004,0.04800000000000002,807
4WE_PAIR_015_V01__PLAYER,R0_CURRENT_BASELINE,R1_REMOVE_LEGAL_SIGNATURE,0.02400000000000002,0.008000000000000004,0.04800000000000002,Quick Attack,Quick Attack,True,0.02400000000000002,0.008000000000000004,0.04800000000000002,808
4WE_PAIR_016_V04__PLAYER,R0_CURRENT_BASELINE,R1_REMOVE_LEGAL_SIGNATURE,0.02400000000000002,0.008000000000000004,0.04800000000000002,Quick Attack,Quick Attack,True,0.02400000000000002,0.008000000000000004,0.04800000000000002,809
4WE_PAIR_020_V01__OPPONENT,R0_CURRENT_BASELINE,R1_REMOVE_LEGAL_SIGNATURE,0.02400000000000002,0.008000000000000004,0.04800000000000002,Quick Attack,Quick Attack,True,0.02400000000000002,0.008000000000000004,0.04800000000000002,810
4WE_PAIR_020_V04__OPPONENT,R0_CURRENT_BASELINE,R1_REMOVE_LEGAL_SIGNATURE,0.02400000000000002,0.008000000000000004,0.04800000000000002,Quick Attack,Quick Attack,True,0.02400000000000002,0.008000000000000004,0.04800000000000002,811
4WE_PAIR_021_V01__PLAYER,R0_CURRENT_BASELINE,R1_REMOVE_LEGAL_SIGNATURE,0.02400000000000002,0.008000000000000004,0.04800000000000002,Quick Attack,Quick Attack,True,0.02400000000000002,0.008000000000000004,0.04800000000000002,812
4WE_PAIR_022_V04__PLAYER,R0_CURRENT_BASELINE,R1_REMOVE_LEGAL_SIGNATURE,0.02400000000000002,0.008000000000000004,0.04800000000000002,Quick Attack,Quick Attack,True,0.02400000000000002,0.008000000000000004,0.04800000000000002,813
4WE_PAIR_023_V04__PLAYER,R0_CURRENT_BASELINE,R1_REMOVE_LEGAL_SIGNATURE,0.02400000000000002,0.008000000000000004,0.04800000000000002,Quick Attack,Quick Attack,True,0.02400000000000002,0.008000000000000004,0.04800000000000002,814
4WE_PAIR_022_V01__PLAYER,R0_CURRENT_BASELINE,R2_REMOVE_SIGNATURE_AND_COMPATIBILITY,0.02400000000000002,0.008000000000000004,0.04800000000000002,Quick Attack,Quick Attack,True,0.02400000000000002,0.008000000000000004,0.04800000000000002,815
4WE_PAIR_023_V01__PLAYER,R0_CURRENT_BASELINE,R2_REMOVE_SIGNATURE_AND_COMPATIBILITY,0.02400000000000002,0.008000000000000004,0.04800000000000002,Quick Attack,Quick Attack,True,0.02400000000000002,0.008000000000000004,0.04800000000000002,816
4WE_PAIR_020_V01__OPPONENT,R2_REMOVE_SIGNATURE_AND_COMPATIBILITY,R3_STATE_CENTRIC_POLICY,0.02400000000000002,0.008000000000000004,0.04800000000000002,Quick Attack,Quick Attack,True,0.02400000000000002,0.008000000000000004,0.04800000000000002,817
4WE_PAIR_016_V01__OPPONENT,R0_CURRENT_BASELINE,R1_REMOVE_LEGAL_SIGNATURE,0.024,0.008000000000000002,0.048000000000000015,Quick Attack,Quick Attack,True,0.024,0.008000000000000002,0.048000000000000015,818
4WE_PAIR_016_V04__OPPONENT,R0_CURRENT_BASELINE,R1_REMOVE_LEGAL_SIGNATURE,0.024,0.008000000000000002,0.048000000000000015,Quick Attack,Quick Attack,True,0.024,0.008000000000000002,0.048000000000000015,819
4WE_PAIR_002_V02__PLAYER,R1_REMOVE_LEGAL_SIGNATURE,R2_REMOVE_SIGNATURE_AND_COMPATIBILITY,0.023999999999999994,0.00866666666666665,0.05199999999999991,Quick Attack,Quick Attack,True,0.023999999999999994,0.00866666666666665,0.05199999999999991,820
4WE_PAIR_002_V03__PLAYER,R1_REMOVE_LEGAL_SIGNATURE,R2_REMOVE_SIGNATURE_AND_COMPATIBILITY,0.023999999999999994,0.00866666666666665,0.05199999999999991,Quick Attack,Quick Attack,True,0.023999999999999994,0.00866666666666665,0.05199999999999991,821
4WE_PAIR_003_V02__PLAYER,R1_REMOVE_LEGAL_SIGNATURE,R2_REMOVE_SIGNATURE_AND_COMPATIBILITY,0.023999999999999994,0.00866666666666665,0.05199999999999991,Quick Attack,Quick Attack,True,0.023999999999999994,0.00866666666666665,0.05199999999999991,822
4WE_PAIR_009_V02__PLAYER,R1_REMOVE_LEGAL_SIGNATURE,R2_REMOVE_SIGNATURE_AND_COMPATIBILITY,0.023999999999999994,0.00866666666666665,0.05199999999999991,Quick Attack,Quick Attack,True,0.023999999999999994,0.00866666666666665,0.05199999999999991,823
4WE_PAIR_009_V03__PLAYER,R1_REMOVE_LEGAL_SIGNATURE,R2_REMOVE_SIGNATURE_AND_COMPATIBILITY,0.023999999999999994,0.00866666666666665,0.05199999999999991,Quick Attack,Quick Attack,True,0.023999999999999994,0.00866666666666665,0.05199999999999991,824
4WE_PAIR_010_V02__PLAYER,R1_REMOVE_LEGAL_SIGNATURE,R2_REMOVE_SIGNATURE_AND_COMPATIBILITY,0.023999999999999994,0.00866666666666665,0.05199999999999991,Quick Attack,Quick Attack,True,0.023999999999999994,0.00866666666666665,0.05199999999999991,825
4WE_PAIR_014_V02__OPPONENT,R1_REMOVE_LEGAL_SIGNATURE,R2_REMOVE_SIGNATURE_AND_COMPATIBILITY,0.023999999999999994,0.00866666666666665,0.05199999999999991,Quick Attack,Quick Attack,True,0.023999999999999994,0.00866666666666665,0.05199999999999991,826
4WE_PAIR_014_V02__PLAYER,R1_REMOVE_LEGAL_SIGNATURE,R2_REMOVE_SIGNATURE_AND_COMPATIBILITY,0.023999999999999994,0.00866666666666665,0.05199999999999991,Quick Attack,Quick Attack,True,0.023999999999999994,0.00866666666666665,0.05199999999999991,827
4WE_PAIR_014_V03__OPPONENT,R1_REMOVE_LEGAL_SIGNATURE,R2_REMOVE_SIGNATURE_AND_COMPATIBILITY,0.023999999999999994,0.00866666666666665,0.05199999999999991,Quick Attack,Quick Attack,True,0.023999999999999994,0.00866666666666665,0.05199999999999991,828
4WE_PAIR_014_V03__PLAYER,R1_REMOVE_LEGAL_SIGNATURE,R2_REMOVE_SIGNATURE_AND_COMPATIBILITY,0.023999999999999994,0.00866666666666665,0.05199999999999991,Quick Attack,Quick Attack,True,0.023999999999999994,0.00866666666666665,0.05199999999999991,829
4WE_PAIR_019_V02__OPPONENT,R1_REMOVE_LEGAL_SIGNATURE,R2_REMOVE_SIGNATURE_AND_COMPATIBILITY,0.023999999999999994,0.00866666666666665,0.05199999999999991,Quick Attack,Quick Attack,True,0.023999999999999994,0.00866666666666665,0.05199999999999991,830
4WE_PAIR_019_V02__PLAYER,R1_REMOVE_LEGAL_SIGNATURE,R2_REMOVE_SIGNATURE_AND_COMPATIBILITY,0.023999999999999994,0.00866666666666665,0.05199999999999991,Quick Attack,Quick Attack,True,0.023999999999999994,0.00866666666666665,0.05199999999999991,831
4WE_PAIR_019_V03__OPPONENT,R1_REMOVE_LEGAL_SIGNATURE,R2_REMOVE_SIGNATURE_AND_COMPATIBILITY,0.023999999999999994,0.00866666666666665,0.05199999999999991,Quick Attack,Quick Attack,True,0.023999999999999994,0.00866666666666665,0.05199999999999991,832
4WE_PAIR_019_V03__PLAYER,R1_REMOVE_LEGAL_SIGNATURE,R2_REMOVE_SIGNATURE_AND_COMPATIBILITY,0.023999999999999994,0.00866666666666665,0.05199999999999991,Quick Attack,Quick Attack,True,0.023999999999999994,0.00866666666666665,0.05199999999999991,833
4WE_PAIR_003_V03__OPPONENT,R1_REMOVE_LEGAL_SIGNATURE,R2_REMOVE_SIGNATURE_AND_COMPATIBILITY,0.02200000000000002,0.007999999999999988,0.04799999999999993,Quick Attack,Quick Attack,True,0.02200000000000002,0.007999999999999988,0.04799999999999993,834
4WE_PAIR_004_V02__PLAYER,R1_REMOVE_LEGAL_SIGNATURE,R2_REMOVE_SIGNATURE_AND_COMPATIBILITY,0.02200000000000002,0.007999999999999988,0.04799999999999993,Quick Attack,Quick Attack,True,0.02200000000000002,0.007999999999999988,0.04799999999999993,835
4WE_PAIR_010_V03__OPPONENT,R1_REMOVE_LEGAL_SIGNATURE,R2_REMOVE_SIGNATURE_AND_COMPATIBILITY,0.02200000000000002,0.007999999999999988,0.04799999999999993,Quick Attack,Quick Attack,True,0.02200000000000002,0.007999999999999988,0.04799999999999993,836
4WE_PAIR_016_V01__OPPONENT,R2_REMOVE_SIGNATURE_AND_COMPATIBILITY,R3_STATE_CENTRIC_POLICY,0.02200000000000002,0.0073333333333333375,0.044000000000000025,Quick Attack,Quick Attack,True,0.02200000000000002,0.0073333333333333375,0.044000000000000025,837
4WE_PAIR_005_V04__PLAYER,R0_CURRENT_BASELINE,R1_REMOVE_LEGAL_SIGNATURE,0.02200000000000002,0.007333333333333337,0.04400000000000002,Quick Attack,Quick Attack,True,0.02200000000000002,0.007333333333333337,0.04400000000000002,838
4WE_PAIR_012_V04__PLAYER,R0_CURRENT_BASELINE,R1_REMOVE_LEGAL_SIGNATURE,0.02200000000000002,0.007333333333333337,0.04400000000000002,Quick Attack,Quick Attack,True,0.02200000000000002,0.007333333333333337,0.04400000000000002,839
4WE_PAIR_016_V01__PLAYER,R0_CURRENT_BASELINE,R1_REMOVE_LEGAL_SIGNATURE,0.02200000000000002,0.007333333333333337,0.04400000000000002,Quick Attack,Quick Attack,True,0.02200000000000002,0.007333333333333337,0.04400000000000002,840
4WE_PAIR_022_V01__OPPONENT,R0_CURRENT_BASELINE,R1_REMOVE_LEGAL_SIGNATURE,0.02200000000000002,0.007333333333333337,0.04400000000000002,Quick Attack,Quick Attack,True,0.02200000000000002,0.007333333333333337,0.04400000000000002,841
4WE_PAIR_022_V01__PLAYER,R0_CURRENT_BASELINE,R1_REMOVE_LEGAL_SIGNATURE,0.02200000000000002,0.007333333333333337,0.04400000000000002,Quick Attack,Quick Attack,True,0.02200000000000002,0.007333333333333337,0.04400000000000002,842
4WE_PAIR_022_V04__OPPONENT,R0_CURRENT_BASELINE,R1_REMOVE_LEGAL_SIGNATURE,0.02200000000000002,0.007333333333333337,0.04400000000000002,Quick Attack,Quick Attack,True,0.02200000000000002,0.007333333333333337,0.04400000000000002,843
4WE_PAIR_023_V01__OPPONENT,R0_CURRENT_BASELINE,R1_REMOVE_LEGAL_SIGNATURE,0.02200000000000002,0.007333333333333337,0.04400000000000002,Quick Attack,Quick Attack,True,0.02200000000000002,0.007333333333333337,0.04400000000000002,844
4WE_PAIR_023_V01__PLAYER,R0_CURRENT_BASELINE,R1_REMOVE_LEGAL_SIGNATURE,0.02200000000000002,0.007333333333333337,0.04400000000000002,Quick Attack,Quick Attack,True,0.02200000000000002,0.007333333333333337,0.04400000000000002,845
4WE_PAIR_023_V04__OPPONENT,R0_CURRENT_BASELINE,R1_REMOVE_LEGAL_SIGNATURE,0.02200000000000002,0.007333333333333337,0.04400000000000002,Quick Attack,Quick Attack,True,0.02200000000000002,0.007333333333333337,0.04400000000000002,846
4WE_PAIR_011_V01__PLAYER,R1_REMOVE_LEGAL_SIGNATURE,R3_STATE_CENTRIC_POLICY,0.02200000000000002,0.007333333333333337,0.04400000000000002,Quick Attack,Quick Attack,True,0.02200000000000002,0.007333333333333337,0.04400000000000002,847
4WE_PAIR_015_V01__OPPONENT,R2_REMOVE_SIGNATURE_AND_COMPATIBILITY,R3_STATE_CENTRIC_POLICY,0.02200000000000002,0.007333333333333337,0.04400000000000002,Quick Attack,Quick Attack,True,0.02200000000000002,0.007333333333333337,0.04400000000000002,848
4WE_PAIR_020_V04__OPPONENT,R2_REMOVE_SIGNATURE_AND_COMPATIBILITY,R3_STATE_CENTRIC_POLICY,0.02200000000000002,0.007333333333333337,0.04400000000000002,Quick Attack,Quick Attack,True,0.02200000000000002,0.007333333333333337,0.04400000000000002,849
4WE_PAIR_021_V01__OPPONENT,R2_REMOVE_SIGNATURE_AND_COMPATIBILITY,R3_STATE_CENTRIC_POLICY,0.02200000000000002,0.007333333333333337,0.04400000000000002,Quick Attack,Quick Attack,True,0.02200000000000002,0.007333333333333337,0.04400000000000002,850
4WE_PAIR_015_V01__OPPONENT,R0_CURRENT_BASELINE,R1_REMOVE_LEGAL_SIGNATURE,0.022,0.007333333333333337,0.04400000000000002,Quick Attack,Quick Attack,True,0.022,0.007333333333333337,0.04400000000000002,851
4WE_PAIR_015_V04__OPPONENT,R0_CURRENT_BASELINE,R1_REMOVE_LEGAL_SIGNATURE,0.022,0.007333333333333337,0.04400000000000002,Quick Attack,Quick Attack,True,0.022,0.007333333333333337,0.04400000000000002,852
4WE_PAIR_021_V01__OPPONENT,R0_CURRENT_BASELINE,R1_REMOVE_LEGAL_SIGNATURE,0.022,0.007333333333333337,0.04400000000000002,Quick Attack,Quick Attack,True,0.022,0.007333333333333337,0.04400000000000002,853
4WE_PAIR_021_V04__OPPONENT,R0_CURRENT_BASELINE,R1_REMOVE_LEGAL_SIGNATURE,0.022,0.007333333333333337,0.04400000000000002,Quick Attack,Quick Attack,True,0.022,0.007333333333333337,0.04400000000000002,854
4WE_PAIR_003_V03__PLAYER,R1_REMOVE_LEGAL_SIGNATURE,R2_REMOVE_SIGNATURE_AND_COMPATIBILITY,0.020000000000000018,0.007333333333333321,0.04399999999999993,Quick Attack,Quick Attack,True,0.020000000000000018,0.007333333333333321,0.04399999999999993,855
4WE_PAIR_004_V03__OPPONENT,R1_REMOVE_LEGAL_SIGNATURE,R2_REMOVE_SIGNATURE_AND_COMPATIBILITY,0.020000000000000018,0.007333333333333321,0.04399999999999993,Quick Attack,Quick Attack,True,0.020000000000000018,0.007333333333333321,0.04399999999999993,856
4WE_PAIR_010_V03__PLAYER,R1_REMOVE_LEGAL_SIGNATURE,R2_REMOVE_SIGNATURE_AND_COMPATIBILITY,0.020000000000000018,0.007333333333333321,0.04399999999999993,Quick Attack,Quick Attack,True,0.020000000000000018,0.007333333333333321,0.04399999999999993,857
4WE_PAIR_005_V01__PLAYER,R0_CURRENT_BASELINE,R1_REMOVE_LEGAL_SIGNATURE,0.020000000000000018,0.0066666666666666706,0.04000000000000002,Quick Attack,Quick Attack,True,0.020000000000000018,0.0066666666666666706,0.04000000000000002,858
4WE_PAIR_012_V01__PLAYER,R0_CURRENT_BASELINE,R1_REMOVE_LEGAL_SIGNATURE,0.020000000000000018,0.0066666666666666706,0.04000000000000002,Quick Attack,Quick Attack,True,0.020000000000000018,0.0066666666666666706,0.04000000000000002,859
4WE_PAIR_011_V01__OPPONENT,R0_CURRENT_BASELINE,R2_REMOVE_SIGNATURE_AND_COMPATIBILITY,0.020000000000000018,0.0066666666666666706,0.04000000000000002,Quick Attack,Quick Attack,True,0.020000000000000018,0.0066666666666666706,0.04000000000000002,860
4WE_PAIR_011_V04__OPPONENT,R0_CURRENT_BASELINE,R2_REMOVE_SIGNATURE_AND_COMPATIBILITY,0.020000000000000018,0.0066666666666666706,0.04000000000000002,Quick Attack,Quick Attack,True,0.020000000000000018,0.0066666666666666706,0.04000000000000002,861
4WE_PAIR_016_V04__PLAYER,R0_CURRENT_BASELINE,R2_REMOVE_SIGNATURE_AND_COMPATIBILITY,0.020000000000000018,0.0066666666666666706,0.04000000000000002,Quick Attack,Quick Attack,True,0.020000000000000018,0.0066666666666666706,0.04000000000000002,862
4WE_PAIR_020_V01__OPPONENT,R0_CURRENT_BASELINE,R2_REMOVE_SIGNATURE_AND_COMPATIBILITY,0.020000000000000018,0.0066666666666666706,0.04000000000000002,Quick Attack,Quick Attack,True,0.020000000000000018,0.0066666666666666706,0.04000000000000002,863
4WE_PAIR_020_V04__OPPONENT,R0_CURRENT_BASELINE,R2_REMOVE_SIGNATURE_AND_COMPATIBILITY,0.020000000000000018,0.0066666666666666706,0.04000000000000002,Quick Attack,Quick Attack,True,0.020000000000000018,0.0066666666666666706,0.04000000000000002,864
4WE_PAIR_011_V01__OPPONENT,R1_REMOVE_LEGAL_SIGNATURE,R3_STATE_CENTRIC_POLICY,0.020000000000000018,0.0066666666666666706,0.04000000000000002,Quick Attack,Quick Attack,True,0.020000000000000018,0.0066666666666666706,0.04000000000000002,865
4WE_PAIR_020_V01__OPPONENT,R1_REMOVE_LEGAL_SIGNATURE,R3_STATE_CENTRIC_POLICY,0.020000000000000018,0.0066666666666666706,0.04000000000000002,Quick Attack,Quick Attack,True,0.020000000000000018,0.0066666666666666706,0.04000000000000002,866
4WE_PAIR_020_V04__PLAYER,R1_REMOVE_LEGAL_SIGNATURE,R3_STATE_CENTRIC_POLICY,0.020000000000000018,0.0066666666666666706,0.04000000000000002,Quick Attack,Quick Attack,True,0.020000000000000018,0.0066666666666666706,0.04000000000000002,867
4WE_PAIR_022_V04__PLAYER,R1_REMOVE_LEGAL_SIGNATURE,R3_STATE_CENTRIC_POLICY,0.020000000000000018,0.0066666666666666706,0.04000000000000002,Quick Attack,Quick Attack,True,0.020000000000000018,0.0066666666666666706,0.04000000000000002,868
4WE_PAIR_006_V01__PLAYER,R2_REMOVE_SIGNATURE_AND_COMPATIBILITY,R3_STATE_CENTRIC_POLICY,0.020000000000000018,0.0066666666666666706,0.04000000000000002,Quick Attack,Quick Attack,True,0.020000000000000018,0.0066666666666666706,0.04000000000000002,869
4WE_PAIR_015_V04__OPPONENT,R2_REMOVE_SIGNATURE_AND_COMPATIBILITY,R3_STATE_CENTRIC_POLICY,0.020000000000000018,0.0066666666666666706,0.04000000000000002,Quick Attack,Quick Attack,True,0.020000000000000018,0.0066666666666666706,0.04000000000000002,870
4WE_PAIR_015_V04__PLAYER,R2_REMOVE_SIGNATURE_AND_COMPATIBILITY,R3_STATE_CENTRIC_POLICY,0.020000000000000018,0.0066666666666666706,0.04000000000000002,Quick Attack,Quick Attack,True,0.020000000000000018,0.0066666666666666706,0.04000000000000002,871
4WE_PAIR_016_V04__OPPONENT,R2_REMOVE_SIGNATURE_AND_COMPATIBILITY,R3_STATE_CENTRIC_POLICY,0.020000000000000018,0.0066666666666666706,0.04000000000000002,Quick Attack,Quick Attack,True,0.020000000000000018,0.0066666666666666706,0.04000000000000002,872
4WE_PAIR_020_V04__PLAYER,R2_REMOVE_SIGNATURE_AND_COMPATIBILITY,R3_STATE_CENTRIC_POLICY,0.020000000000000018,0.0066666666666666706,0.04000000000000002,Quick Attack,Quick Attack,True,0.020000000000000018,0.0066666666666666706,0.04000000000000002,873
4WE_PAIR_021_V04__OPPONENT,R2_REMOVE_SIGNATURE_AND_COMPATIBILITY,R3_STATE_CENTRIC_POLICY,0.020000000000000018,0.0066666666666666706,0.04000000000000002,Quick Attack,Quick Attack,True,0.020000000000000018,0.0066666666666666706,0.04000000000000002,874
4WE_PAIR_021_V04__PLAYER,R2_REMOVE_SIGNATURE_AND_COMPATIBILITY,R3_STATE_CENTRIC_POLICY,0.020000000000000018,0.0066666666666666706,0.04000000000000002,Quick Attack,Quick Attack,True,0.020000000000000018,0.0066666666666666706,0.04000000000000002,875
4WE_PAIR_006_V04__PLAYER,R0_CURRENT_BASELINE,R1_REMOVE_LEGAL_SIGNATURE,0.020000000000000018,0.006666666666666669,0.040000000000000015,Quick Attack,Quick Attack,True,0.020000000000000018,0.006666666666666669,0.040000000000000015,876
4WE_PAIR_011_V01__OPPONENT,R0_CURRENT_BASELINE,R1_REMOVE_LEGAL_SIGNATURE,0.020000000000000018,0.006666666666666669,0.040000000000000015,Quick Attack,Quick Attack,True,0.020000000000000018,0.006666666666666669,0.040000000000000015,877
4WE_PAIR_011_V04__OPPONENT,R0_CURRENT_BASELINE,R1_REMOVE_LEGAL_SIGNATURE,0.020000000000000018,0.006666666666666669,0.040000000000000015,Quick Attack,Quick Attack,True,0.020000000000000018,0.006666666666666669,0.040000000000000015,878
4WE_PAIR_015_V04__PLAYER,R0_CURRENT_BASELINE,R2_REMOVE_SIGNATURE_AND_COMPATIBILITY,0.020000000000000018,0.006666666666666669,0.040000000000000015,Quick Attack,Quick Attack,True,0.020000000000000018,0.006666666666666669,0.040000000000000015,879
4WE_PAIR_021_V04__PLAYER,R0_CURRENT_BASELINE,R2_REMOVE_SIGNATURE_AND_COMPATIBILITY,0.020000000000000018,0.006666666666666669,0.040000000000000015,Quick Attack,Quick Attack,True,0.020000000000000018,0.006666666666666669,0.040000000000000015,880
4WE_PAIR_006_V01__OPPONENT,R2_REMOVE_SIGNATURE_AND_COMPATIBILITY,R3_STATE_CENTRIC_POLICY,0.020000000000000018,0.006666666666666669,0.040000000000000015,Quick Attack,Quick Attack,True,0.020000000000000018,0.006666666666666669,0.040000000000000015,881
4WE_PAIR_011_V01__OPPONENT,R2_REMOVE_SIGNATURE_AND_COMPATIBILITY,R3_STATE_CENTRIC_POLICY,0.020000000000000018,0.006666666666666669,0.040000000000000015,Quick Attack,Quick Attack,True,0.020000000000000018,0.006666666666666669,0.040000000000000015,882
4WE_PAIR_011_V01__PLAYER,R2_REMOVE_SIGNATURE_AND_COMPATIBILITY,R3_STATE_CENTRIC_POLICY,0.020000000000000018,0.006666666666666669,0.040000000000000015,Quick Attack,Quick Attack,True,0.020000000000000018,0.006666666666666669,0.040000000000000015,883
4WE_PAIR_016_V04__PLAYER,R2_REMOVE_SIGNATURE_AND_COMPATIBILITY,R3_STATE_CENTRIC_POLICY,0.020000000000000018,0.006666666666666669,0.040000000000000015,Quick Attack,Quick Attack,True,0.020000000000000018,0.006666666666666669,0.040000000000000015,884
4WE_PAIR_020_V01__PLAYER,R2_REMOVE_SIGNATURE_AND_COMPATIBILITY,R3_STATE_CENTRIC_POLICY,0.020000000000000018,0.006666666666666669,0.040000000000000015,Quick Attack,Quick Attack,True,0.020000000000000018,0.006666666666666669,0.040000000000000015,885
4WE_PAIR_006_V01__OPPONENT,R0_CURRENT_BASELINE,R1_REMOVE_LEGAL_SIGNATURE,0.019999999999999997,0.006666666666666668,0.04000000000000001,Quick Attack,Quick Attack,True,0.019999999999999997,0.006666666666666668,0.04000000000000001,886
4WE_PAIR_006_V04__OPPONENT,R0_CURRENT_BASELINE,R1_REMOVE_LEGAL_SIGNATURE,0.019999999999999997,0.006666666666666668,0.04000000000000001,Quick Attack,Quick Attack,True,0.019999999999999997,0.006666666666666668,0.04000000000000001,887
4WE_PAIR_004_V03__PLAYER,R1_REMOVE_LEGAL_SIGNATURE,R2_REMOVE_SIGNATURE_AND_COMPATIBILITY,0.018000000000000016,0.006666666666666654,0.039999999999999925,Quick Attack,Quick Attack,True,0.018000000000000016,0.006666666666666654,0.039999999999999925,888
4WE_PAIR_006_V01__PLAYER,R0_CURRENT_BASELINE,R1_REMOVE_LEGAL_SIGNATURE,0.018000000000000016,0.006000000000000003,0.03600000000000002,Quick Attack,Quick Attack,True,0.018000000000000016,0.006000000000000003,0.03600000000000002,889
4WE_PAIR_005_V04__PLAYER,R0_CURRENT_BASELINE,R2_REMOVE_SIGNATURE_AND_COMPATIBILITY,0.018000000000000016,0.006000000000000003,0.03600000000000002,Quick Attack,Quick Attack,True,0.018000000000000016,0.006000000000000003,0.03600000000000002,890
4WE_PAIR_012_V04__PLAYER,R0_CURRENT_BASELINE,R2_REMOVE_SIGNATURE_AND_COMPATIBILITY,0.018000000000000016,0.006000000000000003,0.03600000000000002,Quick Attack,Quick Attack,True,0.018000000000000016,0.006000000000000003,0.03600000000000002,891
4WE_PAIR_011_V04__OPPONENT,R1_REMOVE_LEGAL_SIGNATURE,R3_STATE_CENTRIC_POLICY,0.018000000000000016,0.006000000000000003,0.03600000000000002,Quick Attack,Quick Attack,True,0.018000000000000016,0.006000000000000003,0.03600000000000002,892
4WE_PAIR_011_V04__PLAYER,R1_REMOVE_LEGAL_SIGNATURE,R3_STATE_CENTRIC_POLICY,0.018000000000000016,0.006000000000000003,0.03600000000000002,Quick Attack,Quick Attack,True,0.018000000000000016,0.006000000000000003,0.03600000000000002,893
4WE_PAIR_020_V04__OPPONENT,R1_REMOVE_LEGAL_SIGNATURE,R3_STATE_CENTRIC_POLICY,0.018000000000000016,0.006000000000000003,0.03600000000000002,Quick Attack,Quick Attack,True,0.018000000000000016,0.006000000000000003,0.03600000000000002,894
4WE_PAIR_022_V01__PLAYER,R1_REMOVE_LEGAL_SIGNATURE,R3_STATE_CENTRIC_POLICY,0.018000000000000016,0.006000000000000003,0.03600000000000002,Quick Attack,Quick Attack,True,0.018000000000000016,0.006000000000000003,0.03600000000000002,895
4WE_PAIR_023_V01__PLAYER,R1_REMOVE_LEGAL_SIGNATURE,R3_STATE_CENTRIC_POLICY,0.018000000000000016,0.006000000000000003,0.03600000000000002,Quick Attack,Quick Attack,True,0.018000000000000016,0.006000000000000003,0.03600000000000002,896
4WE_PAIR_005_V01__OPPONENT,R2_REMOVE_SIGNATURE_AND_COMPATIBILITY,R3_STATE_CENTRIC_POLICY,0.018000000000000016,0.006000000000000003,0.03600000000000002,Quick Attack,Quick Attack,True,0.018000000000000016,0.006000000000000003,0.03600000000000002,897
4WE_PAIR_005_V01__PLAYER,R2_REMOVE_SIGNATURE_AND_COMPATIBILITY,R3_STATE_CENTRIC_POLICY,0.018000000000000016,0.006000000000000003,0.03600000000000002,Quick Attack,Quick Attack,True,0.018000000000000016,0.006000000000000003,0.03600000000000002,898
4WE_PAIR_006_V04__OPPONENT,R2_REMOVE_SIGNATURE_AND_COMPATIBILITY,R3_STATE_CENTRIC_POLICY,0.018000000000000016,0.006000000000000003,0.03600000000000002,Quick Attack,Quick Attack,True,0.018000000000000016,0.006000000000000003,0.03600000000000002,899
4WE_PAIR_006_V04__PLAYER,R2_REMOVE_SIGNATURE_AND_COMPATIBILITY,R3_STATE_CENTRIC_POLICY,0.018000000000000016,0.006000000000000003,0.03600000000000002,Quick Attack,Quick Attack,True,0.018000000000000016,0.006000000000000003,0.03600000000000002,900
4WE_PAIR_011_V04__OPPONENT,R2_REMOVE_SIGNATURE_AND_COMPATIBILITY,R3_STATE_CENTRIC_POLICY,0.018000000000000016,0.006000000000000003,0.03600000000000002,Quick Attack,Quick Attack,True,0.018000000000000016,0.006000000000000003,0.03600000000000002,901
4WE_PAIR_012_V01__OPPONENT,R2_REMOVE_SIGNATURE_AND_COMPATIBILITY,R3_STATE_CENTRIC_POLICY,0.018000000000000016,0.006000000000000003,0.03600000000000002,Quick Attack,Quick Attack,True,0.018000000000000016,0.006000000000000003,0.03600000000000002,902
4WE_PAIR_012_V01__PLAYER,R2_REMOVE_SIGNATURE_AND_COMPATIBILITY,R3_STATE_CENTRIC_POLICY,0.018000000000000016,0.006000000000000003,0.03600000000000002,Quick Attack,Quick Attack,True,0.018000000000000016,0.006000000000000003,0.03600000000000002,903
4WE_PAIR_015_V01__PLAYER,R2_REMOVE_SIGNATURE_AND_COMPATIBILITY,R3_STATE_CENTRIC_POLICY,0.018000000000000016,0.006000000000000003,0.03600000000000002,Quick Attack,Quick Attack,True,0.018000000000000016,0.006000000000000003,0.03600000000000002,904
4WE_PAIR_016_V01__PLAYER,R2_REMOVE_SIGNATURE_AND_COMPATIBILITY,R3_STATE_CENTRIC_POLICY,0.018000000000000016,0.006000000000000003,0.03600000000000002,Quick Attack,Quick Attack,True,0.018000000000000016,0.006000000000000003,0.03600000000000002,905
4WE_PAIR_021_V01__PLAYER,R2_REMOVE_SIGNATURE_AND_COMPATIBILITY,R3_STATE_CENTRIC_POLICY,0.018000000000000016,0.006000000000000003,0.03600000000000002,Quick Attack,Quick Attack,True,0.018000000000000016,0.006000000000000003,0.03600000000000002,906
4WE_PAIR_020_V01__PLAYER,R1_REMOVE_LEGAL_SIGNATURE,R3_STATE_CENTRIC_POLICY,0.018000000000000016,0.006000000000000002,0.03600000000000001,Quick Attack,Quick Attack,True,0.018000000000000016,0.006000000000000002,0.03600000000000001,907
4WE_PAIR_005_V01__OPPONENT,R0_CURRENT_BASELINE,R1_REMOVE_LEGAL_SIGNATURE,0.018,0.006000000000000002,0.03600000000000001,Quick Attack,Quick Attack,True,0.018,0.006000000000000002,0.03600000000000001,908
4WE_PAIR_005_V04__OPPONENT,R0_CURRENT_BASELINE,R1_REMOVE_LEGAL_SIGNATURE,0.018,0.006000000000000002,0.03600000000000001,Quick Attack,Quick Attack,True,0.018,0.006000000000000002,0.03600000000000001,909
4WE_PAIR_012_V01__OPPONENT,R0_CURRENT_BASELINE,R1_REMOVE_LEGAL_SIGNATURE,0.018,0.006000000000000002,0.03600000000000001,Quick Attack,Quick Attack,True,0.018,0.006000000000000002,0.03600000000000001,910
4WE_PAIR_012_V04__OPPONENT,R0_CURRENT_BASELINE,R1_REMOVE_LEGAL_SIGNATURE,0.018,0.006000000000000002,0.03600000000000001,Quick Attack,Quick Attack,True,0.018,0.006000000000000002,0.03600000000000001,911
4WE_PAIR_020_V03__PLAYER,R1_REMOVE_LEGAL_SIGNATURE,R3_STATE_CENTRIC_POLICY,0.017999999999999905,0.005999999999999985,0.035999999999999914,Quick Attack,Quick Attack,True,0.017999999999999905,0.005999999999999985,0.035999999999999914,912
4WE_PAIR_005_V01__PLAYER,R0_CURRENT_BASELINE,R2_REMOVE_SIGNATURE_AND_COMPATIBILITY,0.016000000000000014,0.005333333333333336,0.032000000000000015,Quick Attack,Quick Attack,True,0.016000000000000014,0.005333333333333336,0.032000000000000015,913
4WE_PAIR_006_V04__PLAYER,R0_CURRENT_BASELINE,R2_REMOVE_SIGNATURE_AND_COMPATIBILITY,0.016000000000000014,0.005333333333333336,0.032000000000000015,Quick Attack,Quick Attack,True,0.016000000000000014,0.005333333333333336,0.032000000000000015,914
4WE_PAIR_012_V01__PLAYER,R0_CURRENT_BASELINE,R2_REMOVE_SIGNATURE_AND_COMPATIBILITY,0.016000000000000014,0.005333333333333336,0.032000000000000015,Quick Attack,Quick Attack,True,0.016000000000000014,0.005333333333333336,0.032000000000000015,915
4WE_PAIR_015_V01__PLAYER,R0_CURRENT_BASELINE,R2_REMOVE_SIGNATURE_AND_COMPATIBILITY,0.016000000000000014,0.005333333333333336,0.032000000000000015,Quick Attack,Quick Attack,True,0.016000000000000014,0.005333333333333336,0.032000000000000015,916
4WE_PAIR_016_V01__PLAYER,R0_CURRENT_BASELINE,R2_REMOVE_SIGNATURE_AND_COMPATIBILITY,0.016000000000000014,0.005333333333333336,0.032000000000000015,Quick Attack,Quick Attack,True,0.016000000000000014,0.005333333333333336,0.032000000000000015,917
4WE_PAIR_021_V01__PLAYER,R0_CURRENT_BASELINE,R2_REMOVE_SIGNATURE_AND_COMPATIBILITY,0.016000000000000014,0.005333333333333336,0.032000000000000015,Quick Attack,Quick Attack,True,0.016000000000000014,0.005333333333333336,0.032000000000000015,918
4WE_PAIR_006_V01__PLAYER,R1_REMOVE_LEGAL_SIGNATURE,R3_STATE_CENTRIC_POLICY,0.016000000000000014,0.005333333333333336,0.032000000000000015,Quick Attack,Quick Attack,True,0.016000000000000014,0.005333333333333336,0.032000000000000015,919
4WE_PAIR_016_V04__PLAYER,R1_REMOVE_LEGAL_SIGNATURE,R3_STATE_CENTRIC_POLICY,0.016000000000000014,0.005333333333333336,0.032000000000000015,Quick Attack,Quick Attack,True,0.016000000000000014,0.005333333333333336,0.032000000000000015,920
4WE_PAIR_005_V04__OPPONENT,R2_REMOVE_SIGNATURE_AND_COMPATIBILITY,R3_STATE_CENTRIC_POLICY,0.016000000000000014,0.005333333333333336,0.032000000000000015,Quick Attack,Quick Attack,True,0.016000000000000014,0.005333333333333336,0.032000000000000015,921
4WE_PAIR_005_V04__PLAYER,R2_REMOVE_SIGNATURE_AND_COMPATIBILITY,R3_STATE_CENTRIC_POLICY,0.016000000000000014,0.005333333333333336,0.032000000000000015,Quick Attack,Quick Attack,True,0.016000000000000014,0.005333333333333336,0.032000000000000015,922
4WE_PAIR_011_V04__PLAYER,R2_REMOVE_SIGNATURE_AND_COMPATIBILITY,R3_STATE_CENTRIC_POLICY,0.016000000000000014,0.005333333333333336,0.032000000000000015,Quick Attack,Quick Attack,True,0.016000000000000014,0.005333333333333336,0.032000000000000015,923
4WE_PAIR_012_V04__OPPONENT,R2_REMOVE_SIGNATURE_AND_COMPATIBILITY,R3_STATE_CENTRIC_POLICY,0.016000000000000014,0.005333333333333336,0.032000000000000015,Quick Attack,Quick Attack,True,0.016000000000000014,0.005333333333333336,0.032000000000000015,924
4WE_PAIR_012_V04__PLAYER,R2_REMOVE_SIGNATURE_AND_COMPATIBILITY,R3_STATE_CENTRIC_POLICY,0.016000000000000014,0.005333333333333336,0.032000000000000015,Quick Attack,Quick Attack,True,0.016000000000000014,0.005333333333333336,0.032000000000000015,925
4WE_PAIR_022_V01__PLAYER,R2_REMOVE_SIGNATURE_AND_COMPATIBILITY,R3_STATE_CENTRIC_POLICY,0.016000000000000014,0.005333333333333336,0.032000000000000015,Quick Attack,Quick Attack,True,0.016000000000000014,0.005333333333333336,0.032000000000000015,926
4WE_PAIR_023_V01__PLAYER,R2_REMOVE_SIGNATURE_AND_COMPATIBILITY,R3_STATE_CENTRIC_POLICY,0.016000000000000014,0.005333333333333336,0.032000000000000015,Quick Attack,Quick Attack,True,0.016000000000000014,0.005333333333333336,0.032000000000000015,927
4WE_PAIR_016_V03__PLAYER,R1_REMOVE_LEGAL_SIGNATURE,R3_STATE_CENTRIC_POLICY,0.016000000000000014,0.005333333333333319,0.03199999999999992,Quick Attack,Quick Attack,True,0.016000000000000014,0.005333333333333319,0.03199999999999992,928
4WE_PAIR_015_V04__PLAYER,R1_REMOVE_LEGAL_SIGNATURE,R3_STATE_CENTRIC_POLICY,0.016,0.005333333333333336,0.032000000000000015,Quick Attack,Quick Attack,True,0.016,0.005333333333333336,0.032000000000000015,929
4WE_PAIR_021_V04__PLAYER,R1_REMOVE_LEGAL_SIGNATURE,R3_STATE_CENTRIC_POLICY,0.016,0.005333333333333336,0.032000000000000015,Quick Attack,Quick Attack,True,0.016,0.005333333333333336,0.032000000000000015,930
4WE_PAIR_005_V01__OPPONENT,R0_CURRENT_BASELINE,R2_REMOVE_SIGNATURE_AND_COMPATIBILITY,0.016,0.005333333333333335,0.03200000000000001,Quick Attack,Quick Attack,True,0.016,0.005333333333333335,0.03200000000000001,931
4WE_PAIR_005_V04__OPPONENT,R0_CURRENT_BASELINE,R2_REMOVE_SIGNATURE_AND_COMPATIBILITY,0.016,0.005333333333333335,0.03200000000000001,Quick Attack,Quick Attack,True,0.016,0.005333333333333335,0.03200000000000001,932
4WE_PAIR_012_V01__OPPONENT,R0_CURRENT_BASELINE,R2_REMOVE_SIGNATURE_AND_COMPATIBILITY,0.016,0.005333333333333335,0.03200000000000001,Quick Attack,Quick Attack,True,0.016,0.005333333333333335,0.03200000000000001,933
4WE_PAIR_012_V04__OPPONENT,R0_CURRENT_BASELINE,R2_REMOVE_SIGNATURE_AND_COMPATIBILITY,0.016,0.005333333333333335,0.03200000000000001,Quick Attack,Quick Attack,True,0.016,0.005333333333333335,0.03200000000000001,934
4WE_PAIR_015_V01__OPPONENT,R0_CURRENT_BASELINE,R2_REMOVE_SIGNATURE_AND_COMPATIBILITY,0.016,0.005333333333333335,0.03200000000000001,Quick Attack,Quick Attack,True,0.016,0.005333333333333335,0.03200000000000001,935
4WE_PAIR_015_V04__OPPONENT,R0_CURRENT_BASELINE,R2_REMOVE_SIGNATURE_AND_COMPATIBILITY,0.016,0.005333333333333335,0.03200000000000001,Quick Attack,Quick Attack,True,0.016,0.005333333333333335,0.03200000000000001,936
4WE_PAIR_016_V01__OPPONENT,R0_CURRENT_BASELINE,R2_REMOVE_SIGNATURE_AND_COMPATIBILITY,0.016,0.005333333333333335,0.03200000000000001,Quick Attack,Quick Attack,True,0.016,0.005333333333333335,0.03200000000000001,937
4WE_PAIR_016_V04__OPPONENT,R0_CURRENT_BASELINE,R2_REMOVE_SIGNATURE_AND_COMPATIBILITY,0.016,0.005333333333333335,0.03200000000000001,Quick Attack,Quick Attack,True,0.016,0.005333333333333335,0.03200000000000001,938
4WE_PAIR_021_V01__OPPONENT,R0_CURRENT_BASELINE,R2_REMOVE_SIGNATURE_AND_COMPATIBILITY,0.016,0.005333333333333335,0.03200000000000001,Quick Attack,Quick Attack,True,0.016,0.005333333333333335,0.03200000000000001,939
4WE_PAIR_021_V04__OPPONENT,R0_CURRENT_BASELINE,R2_REMOVE_SIGNATURE_AND_COMPATIBILITY,0.016,0.005333333333333335,0.03200000000000001,Quick Attack,Quick Attack,True,0.016,0.005333333333333335,0.03200000000000001,940
4WE_PAIR_005_V01__PLAYER,R1_REMOVE_LEGAL_SIGNATURE,R3_STATE_CENTRIC_POLICY,0.014000000000000012,0.005333333333333336,0.032000000000000015,Quick Attack,Quick Attack,True,0.014000000000000012,0.005333333333333336,0.032000000000000015,941
4WE_PAIR_012_V01__PLAYER,R1_REMOVE_LEGAL_SIGNATURE,R3_STATE_CENTRIC_POLICY,0.014000000000000012,0.005333333333333336,0.032000000000000015,Quick Attack,Quick Attack,True,0.014000000000000012,0.005333333333333336,0.032000000000000015,942
4WE_PAIR_016_V01__OPPONENT,R1_REMOVE_LEGAL_SIGNATURE,R3_STATE_CENTRIC_POLICY,0.014000000000000012,0.00466666666666667,0.028000000000000018,Quick Attack,Quick Attack,True,0.014000000000000012,0.00466666666666667,0.028000000000000018,943
4WE_PAIR_020_V03__OPPONENT,R1_REMOVE_LEGAL_SIGNATURE,R3_STATE_CENTRIC_POLICY,0.014000000000000012,0.00466666666666667,0.028000000000000018,Quick Attack,Quick Attack,True,0.014000000000000012,0.00466666666666667,0.028000000000000018,944
4WE_PAIR_006_V04__PLAYER,R1_REMOVE_LEGAL_SIGNATURE,R3_STATE_CENTRIC_POLICY,0.014000000000000012,0.004666666666666669,0.028000000000000014,Quick Attack,Quick Attack,True,0.014000000000000012,0.004666666666666669,0.028000000000000014,945
4WE_PAIR_023_V04__PLAYER,R1_REMOVE_LEGAL_SIGNATURE,R3_STATE_CENTRIC_POLICY,0.014000000000000012,0.004666666666666669,0.028000000000000014,Quick Attack,Quick Attack,True,0.014000000000000012,0.004666666666666669,0.028000000000000014,946
4WE_PAIR_006_V01__PLAYER,R0_CURRENT_BASELINE,R2_REMOVE_SIGNATURE_AND_COMPATIBILITY,0.014000000000000012,0.004666666666666669,0.02800000000000001,Quick Attack,Quick Attack,True,0.014000000000000012,0.004666666666666669,0.02800000000000001,947
4WE_PAIR_006_V01__OPPONENT,R1_REMOVE_LEGAL_SIGNATURE,R3_STATE_CENTRIC_POLICY,0.014000000000000012,0.004666666666666669,0.02800000000000001,Quick Attack,Quick Attack,True,0.014000000000000012,0.004666666666666669,0.02800000000000001,948
4WE_PAIR_022_V04__PLAYER,R2_REMOVE_SIGNATURE_AND_COMPATIBILITY,R3_STATE_CENTRIC_POLICY,0.014000000000000012,0.004666666666666669,0.02800000000000001,Quick Attack,Quick Attack,True,0.014000000000000012,0.004666666666666669,0.02800000000000001,949
4WE_PAIR_015_V03__PLAYER,R1_REMOVE_LEGAL_SIGNATURE,R3_STATE_CENTRIC_POLICY,0.014000000000000012,0.004666666666666652,0.027999999999999914,Quick Attack,Quick Attack,True,0.014000000000000012,0.004666666666666652,0.027999999999999914,950
4WE_PAIR_021_V03__PLAYER,R1_REMOVE_LEGAL_SIGNATURE,R3_STATE_CENTRIC_POLICY,0.014000000000000012,0.004666666666666652,0.027999999999999914,Quick Attack,Quick Attack,True,0.014000000000000012,0.004666666666666652,0.027999999999999914,951
4WE_PAIR_006_V01__OPPONENT,R0_CURRENT_BASELINE,R2_REMOVE_SIGNATURE_AND_COMPATIBILITY,0.014,0.004666666666666668,0.028000000000000008,Quick Attack,Quick Attack,True,0.014,0.004666666666666668,0.028000000000000008,952
4WE_PAIR_006_V04__OPPONENT,R0_CURRENT_BASELINE,R2_REMOVE_SIGNATURE_AND_COMPATIBILITY,0.014,0.004666666666666668,0.028000000000000008,Quick Attack,Quick Attack,True,0.014,0.004666666666666668,0.028000000000000008,953
4WE_PAIR_004_V04__PLAYER,R1_REMOVE_LEGAL_SIGNATURE,R2_REMOVE_SIGNATURE_AND_COMPATIBILITY,0.013999999999999999,0.005333333333333336,0.032000000000000015,Quick Attack,Quick Attack,True,0.013999999999999999,0.005333333333333336,0.032000000000000015,954
4WE_PAIR_011_V03__PLAYER,R1_REMOVE_LEGAL_SIGNATURE,R3_STATE_CENTRIC_POLICY,0.013999999999999901,0.0046666666666666514,0.027999999999999907,Quick Attack,Quick Attack,True,0.013999999999999901,0.0046666666666666514,0.027999999999999907,955
4WE_PAIR_005_V04__PLAYER,R1_REMOVE_LEGAL_SIGNATURE,R3_STATE_CENTRIC_POLICY,0.01200000000000001,0.004666666666666669,0.02800000000000001,Quick Attack,Quick Attack,True,0.01200000000000001,0.004666666666666669,0.02800000000000001,956
4WE_PAIR_012_V04__PLAYER,R1_REMOVE_LEGAL_SIGNATURE,R3_STATE_CENTRIC_POLICY,0.01200000000000001,0.004666666666666669,0.02800000000000001,Quick Attack,Quick Attack,True,0.01200000000000001,0.004666666666666669,0.02800000000000001,957
4WE_PAIR_015_V03__OPPONENT,R1_REMOVE_LEGAL_SIGNATURE,R3_STATE_CENTRIC_POLICY,0.01200000000000001,0.0040000000000000036,0.02400000000000002,Quick Attack,Quick Attack,True,0.01200000000000001,0.0040000000000000036,0.02400000000000002,958
4WE_PAIR_021_V03__OPPONENT,R1_REMOVE_LEGAL_SIGNATURE,R3_STATE_CENTRIC_POLICY,0.01200000000000001,0.0040000000000000036,0.02400000000000002,Quick Attack,Quick Attack,True,0.01200000000000001,0.0040000000000000036,0.02400000000000002,959
4WE_PAIR_005_V01__OPPONENT,R1_REMOVE_LEGAL_SIGNATURE,R3_STATE_CENTRIC_POLICY,0.01200000000000001,0.004000000000000003,0.024000000000000014,Quick Attack,Quick Attack,True,0.01200000000000001,0.004000000000000003,0.024000000000000014,960
4WE_PAIR_006_V04__OPPONENT,R1_REMOVE_LEGAL_SIGNATURE,R3_STATE_CENTRIC_POLICY,0.01200000000000001,0.004000000000000003,0.024000000000000014,Quick Attack,Quick Attack,True,0.01200000000000001,0.004000000000000003,0.024000000000000014,961
4WE_PAIR_011_V03__OPPONENT,R1_REMOVE_LEGAL_SIGNATURE,R3_STATE_CENTRIC_POLICY,0.01200000000000001,0.004000000000000003,0.024000000000000014,Quick Attack,Quick Attack,True,0.01200000000000001,0.004000000000000003,0.024000000000000014,962
4WE_PAIR_012_V01__OPPONENT,R1_REMOVE_LEGAL_SIGNATURE,R3_STATE_CENTRIC_POLICY,0.01200000000000001,0.004000000000000003,0.024000000000000014,Quick Attack,Quick Attack,True,0.01200000000000001,0.004000000000000003,0.024000000000000014,963
4WE_PAIR_016_V04__OPPONENT,R1_REMOVE_LEGAL_SIGNATURE,R3_STATE_CENTRIC_POLICY,0.01200000000000001,0.004000000000000003,0.024000000000000014,Quick Attack,Quick Attack,True,0.01200000000000001,0.004000000000000003,0.024000000000000014,964
4WE_PAIR_023_V04__PLAYER,R2_REMOVE_SIGNATURE_AND_COMPATIBILITY,R3_STATE_CENTRIC_POLICY,0.01200000000000001,0.004000000000000002,0.02400000000000001,Quick Attack,Quick Attack,True,0.01200000000000001,0.004000000000000002,0.02400000000000001,965
4WE_PAIR_015_V01__OPPONENT,R1_REMOVE_LEGAL_SIGNATURE,R3_STATE_CENTRIC_POLICY,0.01200000000000001,0.004000000000000001,0.024000000000000007,Quick Attack,Quick Attack,True,0.01200000000000001,0.004000000000000001,0.024000000000000007,966
4WE_PAIR_016_V01__PLAYER,R1_REMOVE_LEGAL_SIGNATURE,R3_STATE_CENTRIC_POLICY,0.01200000000000001,0.004000000000000001,0.024000000000000007,Quick Attack,Quick Attack,True,0.01200000000000001,0.004000000000000001,0.024000000000000007,967
4WE_PAIR_021_V01__OPPONENT,R1_REMOVE_LEGAL_SIGNATURE,R3_STATE_CENTRIC_POLICY,0.01200000000000001,0.004000000000000001,0.024000000000000007,Quick Attack,Quick Attack,True,0.01200000000000001,0.004000000000000001,0.024000000000000007,968
4WE_PAIR_022_V01__OPPONENT,R1_REMOVE_LEGAL_SIGNATURE,R3_STATE_CENTRIC_POLICY,0.01200000000000001,0.004000000000000001,0.024000000000000007,Quick Attack,Quick Attack,True,0.01200000000000001,0.004000000000000001,0.024000000000000007,969
4WE_PAIR_022_V04__OPPONENT,R1_REMOVE_LEGAL_SIGNATURE,R3_STATE_CENTRIC_POLICY,0.01200000000000001,0.004000000000000001,0.024000000000000007,Quick Attack,Quick Attack,True,0.01200000000000001,0.004000000000000001,0.024000000000000007,970
4WE_PAIR_023_V01__OPPONENT,R1_REMOVE_LEGAL_SIGNATURE,R3_STATE_CENTRIC_POLICY,0.01200000000000001,0.004000000000000001,0.024000000000000007,Quick Attack,Quick Attack,True,0.01200000000000001,0.004000000000000001,0.024000000000000007,971
4WE_PAIR_006_V03__PLAYER,R1_REMOVE_LEGAL_SIGNATURE,R3_STATE_CENTRIC_POLICY,0.01200000000000001,0.003999999999999985,0.02399999999999991,Quick Attack,Quick Attack,True,0.01200000000000001,0.003999999999999985,0.02399999999999991,972
4WE_PAIR_016_V03__OPPONENT,R1_REMOVE_LEGAL_SIGNATURE,R3_STATE_CENTRIC_POLICY,0.01200000000000001,0.003999999999999985,0.02399999999999991,Quick Attack,Quick Attack,True,0.01200000000000001,0.003999999999999985,0.02399999999999991,973
4WE_PAIR_015_V01__PLAYER,R1_REMOVE_LEGAL_SIGNATURE,R3_STATE_CENTRIC_POLICY,0.012,0.004000000000000001,0.024000000000000007,Quick Attack,Quick Attack,True,0.012,0.004000000000000001,0.024000000000000007,974
4WE_PAIR_021_V01__PLAYER,R1_REMOVE_LEGAL_SIGNATURE,R3_STATE_CENTRIC_POLICY,0.012,0.004000000000000001,0.024000000000000007,Quick Attack,Quick Attack,True,0.012,0.004000000000000001,0.024000000000000007,975
4WE_PAIR_004_V01__OPPONENT,R1_REMOVE_LEGAL_SIGNATURE,R2_REMOVE_SIGNATURE_AND_COMPATIBILITY,0.011999999999999997,0.004666666666666667,0.028000000000000004,Quick Attack,Quick Attack,True,0.011999999999999997,0.004666666666666667,0.028000000000000004,976
4WE_PAIR_004_V04__OPPONENT,R1_REMOVE_LEGAL_SIGNATURE,R2_REMOVE_SIGNATURE_AND_COMPATIBILITY,0.011999999999999997,0.004666666666666667,0.028000000000000004,Quick Attack,Quick Attack,True,0.011999999999999997,0.004666666666666667,0.028000000000000004,977
4WE_PAIR_022_V03__PLAYER,R1_REMOVE_LEGAL_SIGNATURE,R3_STATE_CENTRIC_POLICY,0.0119999999999999,0.003999999999999984,0.023999999999999903,Quick Attack,Quick Attack,True,0.0119999999999999,0.003999999999999984,0.023999999999999903,978
4WE_PAIR_011_V02__PLAYER,R1_REMOVE_LEGAL_SIGNATURE,R3_STATE_CENTRIC_POLICY,0.0119999999999999,0.003999999999999979,0.023999999999999876,Quick Attack,Quick Attack,True,0.0119999999999999,0.003999999999999979,0.023999999999999876,979
4WE_PAIR_006_V02__PLAYER,R1_REMOVE_LEGAL_SIGNATURE,R3_STATE_CENTRIC_POLICY,0.010000000000000009,0.003333333333333336,0.020000000000000018,Quick Attack,Quick Attack,True,0.010000000000000009,0.003333333333333336,0.020000000000000018,980
4WE_PAIR_005_V04__OPPONENT,R1_REMOVE_LEGAL_SIGNATURE,R3_STATE_CENTRIC_POLICY,0.010000000000000009,0.0033333333333333353,0.02000000000000001,Quick Attack,Quick Attack,True,0.010000000000000009,0.0033333333333333353,0.02000000000000001,981
4WE_PAIR_012_V04__OPPONENT,R1_REMOVE_LEGAL_SIGNATURE,R3_STATE_CENTRIC_POLICY,0.010000000000000009,0.0033333333333333353,0.02000000000000001,Quick Attack,Quick Attack,True,0.010000000000000009,0.0033333333333333353,0.02000000000000001,982
4WE_PAIR_015_V04__OPPONENT,R1_REMOVE_LEGAL_SIGNATURE,R3_STATE_CENTRIC_POLICY,0.010000000000000009,0.0033333333333333353,0.02000000000000001,Quick Attack,Quick Attack,True,0.010000000000000009,0.0033333333333333353,0.02000000000000001,983
4WE_PAIR_020_V02__OPPONENT,R1_REMOVE_LEGAL_SIGNATURE,R3_STATE_CENTRIC_POLICY,0.010000000000000009,0.0033333333333333353,0.02000000000000001,Quick Attack,Quick Attack,True,0.010000000000000009,0.0033333333333333353,0.02000000000000001,984
4WE_PAIR_021_V04__OPPONENT,R1_REMOVE_LEGAL_SIGNATURE,R3_STATE_CENTRIC_POLICY,0.010000000000000009,0.0033333333333333353,0.02000000000000001,Quick Attack,Quick Attack,True,0.010000000000000009,0.0033333333333333353,0.02000000000000001,985
4WE_PAIR_023_V04__OPPONENT,R1_REMOVE_LEGAL_SIGNATURE,R3_STATE_CENTRIC_POLICY,0.010000000000000009,0.0033333333333333353,0.02000000000000001,Quick Attack,Quick Attack,True,0.010000000000000009,0.0033333333333333353,0.02000000000000001,986
4WE_PAIR_015_V01__OPPONENT,R1_REMOVE_LEGAL_SIGNATURE,R2_REMOVE_SIGNATURE_AND_COMPATIBILITY,0.010000000000000009,0.0033333333333333344,0.020000000000000007,Quick Attack,Quick Attack,True,0.010000000000000009,0.0033333333333333344,0.020000000000000007,987
4WE_PAIR_015_V04__OPPONENT,R1_REMOVE_LEGAL_SIGNATURE,R2_REMOVE_SIGNATURE_AND_COMPATIBILITY,0.010000000000000009,0.0033333333333333344,0.020000000000000007,Quick Attack,Quick Attack,True,0.010000000000000009,0.0033333333333333344,0.020000000000000007,988
4WE_PAIR_021_V01__OPPONENT,R1_REMOVE_LEGAL_SIGNATURE,R2_REMOVE_SIGNATURE_AND_COMPATIBILITY,0.010000000000000009,0.0033333333333333344,0.020000000000000007,Quick Attack,Quick Attack,True,0.010000000000000009,0.0033333333333333344,0.020000000000000007,989
4WE_PAIR_021_V04__OPPONENT,R1_REMOVE_LEGAL_SIGNATURE,R2_REMOVE_SIGNATURE_AND_COMPATIBILITY,0.010000000000000009,0.0033333333333333344,0.020000000000000007,Quick Attack,Quick Attack,True,0.010000000000000009,0.0033333333333333344,0.020000000000000007,990
4WE_PAIR_005_V03__OPPONENT,R1_REMOVE_LEGAL_SIGNATURE,R3_STATE_CENTRIC_POLICY,0.010000000000000009,0.003333333333333318,0.019999999999999907,Quick Attack,Quick Attack,True,0.010000000000000009,0.003333333333333318,0.019999999999999907,991
4WE_PAIR_005_V03__PLAYER,R1_REMOVE_LEGAL_SIGNATURE,R3_STATE_CENTRIC_POLICY,0.010000000000000009,0.003333333333333318,0.019999999999999907,Quick Attack,Quick Attack,True,0.010000000000000009,0.003333333333333318,0.019999999999999907,992
4WE_PAIR_006_V03__OPPONENT,R1_REMOVE_LEGAL_SIGNATURE,R3_STATE_CENTRIC_POLICY,0.010000000000000009,0.003333333333333318,0.019999999999999907,Quick Attack,Quick Attack,True,0.010000000000000009,0.003333333333333318,0.019999999999999907,993
4WE_PAIR_012_V03__OPPONENT,R1_REMOVE_LEGAL_SIGNATURE,R3_STATE_CENTRIC_POLICY,0.010000000000000009,0.003333333333333318,0.019999999999999907,Quick Attack,Quick Attack,True,0.010000000000000009,0.003333333333333318,0.019999999999999907,994
4WE_PAIR_012_V03__PLAYER,R1_REMOVE_LEGAL_SIGNATURE,R3_STATE_CENTRIC_POLICY,0.010000000000000009,0.003333333333333318,0.019999999999999907,Quick Attack,Quick Attack,True,0.010000000000000009,0.003333333333333318,0.019999999999999907,995
4WE_PAIR_020_V01__OPPONENT,R1_REMOVE_LEGAL_SIGNATURE,R2_REMOVE_SIGNATURE_AND_COMPATIBILITY,0.009999999999999998,0.003333333333333334,0.020000000000000004,Quick Attack,Quick Attack,True,0.009999999999999998,0.003333333333333334,0.020000000000000004,996
4WE_PAIR_020_V04__OPPONENT,R1_REMOVE_LEGAL_SIGNATURE,R2_REMOVE_SIGNATURE_AND_COMPATIBILITY,0.009999999999999998,0.003333333333333334,0.020000000000000004,Quick Attack,Quick Attack,True,0.009999999999999998,0.003333333333333334,0.020000000000000004,997
4WE_PAIR_003_V04__PLAYER,R1_REMOVE_LEGAL_SIGNATURE,R2_REMOVE_SIGNATURE_AND_COMPATIBILITY,0.009999999999999995,0.004,0.024,Quick Attack,Quick Attack,True,0.009999999999999995,0.004,0.024,998
4WE_PAIR_004_V01__PLAYER,R1_REMOVE_LEGAL_SIGNATURE,R2_REMOVE_SIGNATURE_AND_COMPATIBILITY,0.009999999999999995,0.004,0.024,Quick Attack,Quick Attack,True,0.009999999999999995,0.004,0.024,999
4WE_PAIR_010_V04__PLAYER,R1_REMOVE_LEGAL_SIGNATURE,R2_REMOVE_SIGNATURE_AND_COMPATIBILITY,0.009999999999999995,0.004,0.024,Quick Attack,Quick Attack,True,0.009999999999999995,0.004,0.024,1000
4WE_PAIR_020_V02__PLAYER,R1_REMOVE_LEGAL_SIGNATURE,R3_STATE_CENTRIC_POLICY,0.009999999999999898,0.0033333333333333166,0.0199999999999999,Quick Attack,Quick Attack,True,0.009999999999999898,0.0033333333333333166,0.0199999999999999,1001
4WE_PAIR_022_V03__OPPONENT,R1_REMOVE_LEGAL_SIGNATURE,R3_STATE_CENTRIC_POLICY,0.009999999999999898,0.0033333333333333166,0.0199999999999999,Quick Attack,Quick Attack,True,0.009999999999999898,0.0033333333333333166,0.0199999999999999,1002
4WE_PAIR_001_V04__PLAYER,R1_REMOVE_LEGAL_SIGNATURE,R2_REMOVE_SIGNATURE_AND_COMPATIBILITY,0.008000000000000007,0.0033333333333333353,0.02000000000000001,Quick Attack,Quick Attack,True,0.008000000000000007,0.0033333333333333353,0.02000000000000001,1003
4WE_PAIR_008_V04__PLAYER,R1_REMOVE_LEGAL_SIGNATURE,R2_REMOVE_SIGNATURE_AND_COMPATIBILITY,0.008000000000000007,0.0033333333333333353,0.02000000000000001,Quick Attack,Quick Attack,True,0.008000000000000007,0.0033333333333333353,0.02000000000000001,1004
4WE_PAIR_007_V04__PLAYER,R1_REMOVE_LEGAL_SIGNATURE,R2_REMOVE_SIGNATURE_AND_COMPATIBILITY,0.008000000000000007,0.0033333333333333327,0.019999999999999997,Quick Attack,Quick Attack,True,0.008000000000000007,0.0033333333333333327,0.019999999999999997,1005
4WE_PAIR_005_V02__PLAYER,R1_REMOVE_LEGAL_SIGNATURE,R3_STATE_CENTRIC_POLICY,0.008000000000000007,0.002666666666666669,0.016000000000000014,Quick Attack,Quick Attack,True,0.008000000000000007,0.002666666666666669,0.016000000000000014,1006
4WE_PAIR_012_V02__PLAYER,R1_REMOVE_LEGAL_SIGNATURE,R3_STATE_CENTRIC_POLICY,0.008000000000000007,0.002666666666666669,0.016000000000000014,Quick Attack,Quick Attack,True,0.008000000000000007,0.002666666666666669,0.016000000000000014,1007
4WE_PAIR_016_V02__PLAYER,R1_REMOVE_LEGAL_SIGNATURE,R3_STATE_CENTRIC_POLICY,0.008000000000000007,0.002666666666666669,0.016000000000000014,Quick Attack,Quick Attack,True,0.008000000000000007,0.002666666666666669,0.016000000000000014,1008
4WE_PAIR_015_V01__PLAYER,R1_REMOVE_LEGAL_SIGNATURE,R2_REMOVE_SIGNATURE_AND_COMPATIBILITY,0.008000000000000007,0.002666666666666668,0.016000000000000007,Quick Attack,Quick Attack,True,0.008000000000000007,0.002666666666666668,0.016000000000000007,1009
4WE_PAIR_016_V01__OPPONENT,R1_REMOVE_LEGAL_SIGNATURE,R2_REMOVE_SIGNATURE_AND_COMPATIBILITY,0.008000000000000007,0.002666666666666668,0.016000000000000007,Quick Attack,Quick Attack,True,0.008000000000000007,0.002666666666666668,0.016000000000000007,1010
4WE_PAIR_016_V04__OPPONENT,R1_REMOVE_LEGAL_SIGNATURE,R2_REMOVE_SIGNATURE_AND_COMPATIBILITY,0.008000000000000007,0.002666666666666668,0.016000000000000007,Quick Attack,Quick Attack,True,0.008000000000000007,0.002666666666666668,0.016000000000000007,1011
4WE_PAIR_021_V01__PLAYER,R1_REMOVE_LEGAL_SIGNATURE,R2_REMOVE_SIGNATURE_AND_COMPATIBILITY,0.008000000000000007,0.002666666666666668,0.016000000000000007,Quick Attack,Quick Attack,True,0.008000000000000007,0.002666666666666668,0.016000000000000007,1012
4WE_PAIR_022_V01__OPPONENT,R2_REMOVE_SIGNATURE_AND_COMPATIBILITY,R3_STATE_CENTRIC_POLICY,0.008000000000000007,0.002666666666666668,0.016000000000000007,Quick Attack,Quick Attack,True,0.008000000000000007,0.002666666666666668,0.016000000000000007,1013
4WE_PAIR_022_V04__OPPONENT,R2_REMOVE_SIGNATURE_AND_COMPATIBILITY,R3_STATE_CENTRIC_POLICY,0.008000000000000007,0.002666666666666668,0.016000000000000007,Quick Attack,Quick Attack,True,0.008000000000000007,0.002666666666666668,0.016000000000000007,1014
4WE_PAIR_023_V01__OPPONENT,R2_REMOVE_SIGNATURE_AND_COMPATIBILITY,R3_STATE_CENTRIC_POLICY,0.008000000000000007,0.002666666666666668,0.016000000000000007,Quick Attack,Quick Attack,True,0.008000000000000007,0.002666666666666668,0.016000000000000007,1015
4WE_PAIR_015_V02__OPPONENT,R1_REMOVE_LEGAL_SIGNATURE,R3_STATE_CENTRIC_POLICY,0.008000000000000007,0.0026666666666666505,0.015999999999999903,Quick Attack,Quick Attack,True,0.008000000000000007,0.0026666666666666505,0.015999999999999903,1016
4WE_PAIR_016_V02__OPPONENT,R1_REMOVE_LEGAL_SIGNATURE,R3_STATE_CENTRIC_POLICY,0.008000000000000007,0.0026666666666666505,0.015999999999999903,Quick Attack,Quick Attack,True,0.008000000000000007,0.0026666666666666505,0.015999999999999903,1017
4WE_PAIR_021_V02__OPPONENT,R1_REMOVE_LEGAL_SIGNATURE,R3_STATE_CENTRIC_POLICY,0.008000000000000007,0.0026666666666666505,0.015999999999999903,Quick Attack,Quick Attack,True,0.008000000000000007,0.0026666666666666505,0.015999999999999903,1018
4WE_PAIR_022_V02__PLAYER,R1_REMOVE_LEGAL_SIGNATURE,R3_STATE_CENTRIC_POLICY,0.007999999999999998,0.002666666666666668,0.016000000000000007,Quick Attack,Quick Attack,True,0.007999999999999998,0.002666666666666668,0.016000000000000007,1019
4WE_PAIR_023_V02__PLAYER,R1_REMOVE_LEGAL_SIGNATURE,R3_STATE_CENTRIC_POLICY,0.007999999999999998,0.002666666666666668,0.016000000000000007,Quick Attack,Quick Attack,True,0.007999999999999998,0.002666666666666668,0.016000000000000007,1020
4WE_PAIR_023_V02__OPPONENT,R1_REMOVE_LEGAL_SIGNATURE,R3_STATE_CENTRIC_POLICY,0.007999999999999998,0.002666666666666663,0.01599999999999998,Quick Attack,Quick Attack,True,0.007999999999999998,0.002666666666666663,0.01599999999999998,1021
4WE_PAIR_011_V02__OPPONENT,R1_REMOVE_LEGAL_SIGNATURE,R3_STATE_CENTRIC_POLICY,0.007999999999999998,0.0026666666666666492,0.015999999999999896,Quick Attack,Quick Attack,True,0.007999999999999998,0.0026666666666666492,0.015999999999999896,1022
4WE_PAIR_023_V03__OPPONENT,R1_REMOVE_LEGAL_SIGNATURE,R3_STATE_CENTRIC_POLICY,0.007999999999999998,0.0026666666666666492,0.015999999999999896,Quick Attack,Quick Attack,True,0.007999999999999998,0.0026666666666666492,0.015999999999999896,1023
4WE_PAIR_023_V03__PLAYER,R1_REMOVE_LEGAL_SIGNATURE,R3_STATE_CENTRIC_POLICY,0.007999999999999998,0.0026666666666666492,0.015999999999999896,Quick Attack,Quick Attack,True,0.007999999999999998,0.0026666666666666492,0.015999999999999896,1024
4WE_PAIR_022_V02__OPPONENT,R1_REMOVE_LEGAL_SIGNATURE,R3_STATE_CENTRIC_POLICY,0.007999999999999998,0.002666666666666645,0.01599999999999987,Quick Attack,Quick Attack,True,0.007999999999999998,0.002666666666666645,0.01599999999999987,1025
4WE_PAIR_003_V01__OPPONENT,R1_REMOVE_LEGAL_SIGNATURE,R2_REMOVE_SIGNATURE_AND_COMPATIBILITY,0.007999999999999993,0.0033333333333333327,0.019999999999999997,Quick Attack,Quick Attack,True,0.007999999999999993,0.0033333333333333327,0.019999999999999997,1026
4WE_PAIR_003_V04__OPPONENT,R1_REMOVE_LEGAL_SIGNATURE,R2_REMOVE_SIGNATURE_AND_COMPATIBILITY,0.007999999999999993,0.0033333333333333327,0.019999999999999997,Quick Attack,Quick Attack,True,0.007999999999999993,0.0033333333333333327,0.019999999999999997,1027
4WE_PAIR_010_V01__OPPONENT,R1_REMOVE_LEGAL_SIGNATURE,R2_REMOVE_SIGNATURE_AND_COMPATIBILITY,0.007999999999999993,0.0033333333333333327,0.019999999999999997,Quick Attack,Quick Attack,True,0.007999999999999993,0.0033333333333333327,0.019999999999999997,1028
4WE_PAIR_010_V04__OPPONENT,R1_REMOVE_LEGAL_SIGNATURE,R2_REMOVE_SIGNATURE_AND_COMPATIBILITY,0.007999999999999993,0.0033333333333333327,0.019999999999999997,Quick Attack,Quick Attack,True,0.007999999999999993,0.0033333333333333327,0.019999999999999997,1029
4WE_PAIR_001_V01__OPPONENT,R1_REMOVE_LEGAL_SIGNATURE,R2_REMOVE_SIGNATURE_AND_COMPATIBILITY,0.006000000000000005,0.002666666666666668,0.016000000000000007,Quick Attack,Quick Attack,True,0.006000000000000005,0.002666666666666668,0.016000000000000007,1030
4WE_PAIR_001_V04__OPPONENT,R1_REMOVE_LEGAL_SIGNATURE,R2_REMOVE_SIGNATURE_AND_COMPATIBILITY,0.006000000000000005,0.002666666666666668,0.016000000000000007,Quick Attack,Quick Attack,True,0.006000000000000005,0.002666666666666668,0.016000000000000007,1031
4WE_PAIR_002_V04__PLAYER,R1_REMOVE_LEGAL_SIGNATURE,R2_REMOVE_SIGNATURE_AND_COMPATIBILITY,0.006000000000000005,0.002666666666666668,0.016000000000000007,Quick Attack,Quick Attack,True,0.006000000000000005,0.002666666666666668,0.016000000000000007,1032
4WE_PAIR_008_V01__OPPONENT,R1_REMOVE_LEGAL_SIGNATURE,R2_REMOVE_SIGNATURE_AND_COMPATIBILITY,0.006000000000000005,0.002666666666666668,0.016000000000000007,Quick Attack,Quick Attack,True,0.006000000000000005,0.002666666666666668,0.016000000000000007,1033
4WE_PAIR_008_V04__OPPONENT,R1_REMOVE_LEGAL_SIGNATURE,R2_REMOVE_SIGNATURE_AND_COMPATIBILITY,0.006000000000000005,0.002666666666666668,0.016000000000000007,Quick Attack,Quick Attack,True,0.006000000000000005,0.002666666666666668,0.016000000000000007,1034
4WE_PAIR_009_V04__PLAYER,R1_REMOVE_LEGAL_SIGNATURE,R2_REMOVE_SIGNATURE_AND_COMPATIBILITY,0.006000000000000005,0.002666666666666668,0.016000000000000007,Quick Attack,Quick Attack,True,0.006000000000000005,0.002666666666666668,0.016000000000000007,1035
4WE_PAIR_013_V01__OPPONENT,R1_REMOVE_LEGAL_SIGNATURE,R2_REMOVE_SIGNATURE_AND_COMPATIBILITY,0.006000000000000005,0.002666666666666668,0.016000000000000007,Quick Attack,Quick Attack,True,0.006000000000000005,0.002666666666666668,0.016000000000000007,1036
4WE_PAIR_013_V04__OPPONENT,R1_REMOVE_LEGAL_SIGNATURE,R2_REMOVE_SIGNATURE_AND_COMPATIBILITY,0.006000000000000005,0.002666666666666668,0.016000000000000007,Quick Attack,Quick Attack,True,0.006000000000000005,0.002666666666666668,0.016000000000000007,1037
4WE_PAIR_013_V04__PLAYER,R1_REMOVE_LEGAL_SIGNATURE,R2_REMOVE_SIGNATURE_AND_COMPATIBILITY,0.006000000000000005,0.002666666666666668,0.016000000000000007,Quick Attack,Quick Attack,True,0.006000000000000005,0.002666666666666668,0.016000000000000007,1038
4WE_PAIR_018_V01__OPPONENT,R1_REMOVE_LEGAL_SIGNATURE,R2_REMOVE_SIGNATURE_AND_COMPATIBILITY,0.006000000000000005,0.002666666666666668,0.016000000000000007,Quick Attack,Quick Attack,True,0.006000000000000005,0.002666666666666668,0.016000000000000007,1039
4WE_PAIR_018_V04__OPPONENT,R1_REMOVE_LEGAL_SIGNATURE,R2_REMOVE_SIGNATURE_AND_COMPATIBILITY,0.006000000000000005,0.002666666666666668,0.016000000000000007,Quick Attack,Quick Attack,True,0.006000000000000005,0.002666666666666668,0.016000000000000007,1040
4WE_PAIR_018_V04__PLAYER,R1_REMOVE_LEGAL_SIGNATURE,R2_REMOVE_SIGNATURE_AND_COMPATIBILITY,0.006000000000000005,0.002666666666666668,0.016000000000000007,Quick Attack,Quick Attack,True,0.006000000000000005,0.002666666666666668,0.016000000000000007,1041
4WE_PAIR_007_V01__OPPONENT,R1_REMOVE_LEGAL_SIGNATURE,R2_REMOVE_SIGNATURE_AND_COMPATIBILITY,0.006000000000000005,0.0026666666666666674,0.016000000000000004,Quick Attack,Quick Attack,True,0.006000000000000005,0.0026666666666666674,0.016000000000000004,1042
4WE_PAIR_007_V04__OPPONENT,R1_REMOVE_LEGAL_SIGNATURE,R2_REMOVE_SIGNATURE_AND_COMPATIBILITY,0.006000000000000005,0.0026666666666666674,0.016000000000000004,Quick Attack,Quick Attack,True,0.006000000000000005,0.0026666666666666674,0.016000000000000004,1043
4WE_PAIR_017_V01__OPPONENT,R1_REMOVE_LEGAL_SIGNATURE,R2_REMOVE_SIGNATURE_AND_COMPATIBILITY,0.006000000000000005,0.0026666666666666674,0.016000000000000004,Quick Attack,Quick Attack,True,0.006000000000000005,0.0026666666666666674,0.016000000000000004,1044
4WE_PAIR_017_V04__OPPONENT,R1_REMOVE_LEGAL_SIGNATURE,R2_REMOVE_SIGNATURE_AND_COMPATIBILITY,0.006000000000000005,0.0026666666666666674,0.016000000000000004,Quick Attack,Quick Attack,True,0.006000000000000005,0.0026666666666666674,0.016000000000000004,1045
4WE_PAIR_017_V04__PLAYER,R1_REMOVE_LEGAL_SIGNATURE,R2_REMOVE_SIGNATURE_AND_COMPATIBILITY,0.006000000000000005,0.0026666666666666674,0.016000000000000004,Quick Attack,Quick Attack,True,0.006000000000000005,0.0026666666666666674,0.016000000000000004,1046
4WE_PAIR_006_V02__OPPONENT,R1_REMOVE_LEGAL_SIGNATURE,R3_STATE_CENTRIC_POLICY,0.006000000000000005,0.0020000000000000018,0.01200000000000001,Quick Attack,Quick Attack,True,0.006000000000000005,0.0020000000000000018,0.01200000000000001,1047
4WE_PAIR_015_V02__PLAYER,R1_REMOVE_LEGAL_SIGNATURE,R3_STATE_CENTRIC_POLICY,0.006000000000000005,0.0020000000000000018,0.01200000000000001,Quick Attack,Quick Attack,True,0.006000000000000005,0.0020000000000000018,0.01200000000000001,1048
4WE_PAIR_021_V02__PLAYER,R1_REMOVE_LEGAL_SIGNATURE,R3_STATE_CENTRIC_POLICY,0.006000000000000005,0.0020000000000000018,0.01200000000000001,Quick Attack,Quick Attack,True,0.006000000000000005,0.0020000000000000018,0.01200000000000001,1049
4WE_PAIR_022_V04__PLAYER,R1_REMOVE_LEGAL_SIGNATURE,R2_REMOVE_SIGNATURE_AND_COMPATIBILITY,0.006000000000000005,0.0020000000000000013,0.012000000000000007,Quick Attack,Quick Attack,True,0.006000000000000005,0.0020000000000000013,0.012000000000000007,1050
4WE_PAIR_015_V04__PLAYER,R1_REMOVE_LEGAL_SIGNATURE,R2_REMOVE_SIGNATURE_AND_COMPATIBILITY,0.006000000000000005,0.002000000000000001,0.012000000000000005,Quick Attack,Quick Attack,True,0.006000000000000005,0.002000000000000001,0.012000000000000005,1051
4WE_PAIR_016_V01__PLAYER,R1_REMOVE_LEGAL_SIGNATURE,R2_REMOVE_SIGNATURE_AND_COMPATIBILITY,0.006000000000000005,0.002000000000000001,0.012000000000000005,Quick Attack,Quick Attack,True,0.006000000000000005,0.002000000000000001,0.012000000000000005,1052
4WE_PAIR_021_V04__PLAYER,R1_REMOVE_LEGAL_SIGNATURE,R2_REMOVE_SIGNATURE_AND_COMPATIBILITY,0.006000000000000005,0.002000000000000001,0.012000000000000005,Quick Attack,Quick Attack,True,0.006000000000000005,0.002000000000000001,0.012000000000000005,1053
4WE_PAIR_023_V04__OPPONENT,R2_REMOVE_SIGNATURE_AND_COMPATIBILITY,R3_STATE_CENTRIC_POLICY,0.006000000000000005,0.002000000000000001,0.012000000000000005,Quick Attack,Quick Attack,True,0.006000000000000005,0.002000000000000001,0.012000000000000005,1054
4WE_PAIR_005_V01__OPPONENT,R1_REMOVE_LEGAL_SIGNATURE,R2_REMOVE_SIGNATURE_AND_COMPATIBILITY,0.006000000000000005,0.0020000000000000005,0.012000000000000004,Quick Attack,Quick Attack,True,0.006000000000000005,0.0020000000000000005,0.012000000000000004,1055
4WE_PAIR_005_V04__OPPONENT,R1_REMOVE_LEGAL_SIGNATURE,R2_REMOVE_SIGNATURE_AND_COMPATIBILITY,0.006000000000000005,0.0020000000000000005,0.012000000000000004,Quick Attack,Quick Attack,True,0.006000000000000005,0.0020000000000000005,0.012000000000000004,1056
4WE_PAIR_006_V01__OPPONENT,R1_REMOVE_LEGAL_SIGNATURE,R2_REMOVE_SIGNATURE_AND_COMPATIBILITY,0.006000000000000005,0.0020000000000000005,0.012000000000000004,Quick Attack,Quick Attack,True,0.006000000000000005,0.0020000000000000005,0.012000000000000004,1057
4WE_PAIR_006_V04__OPPONENT,R1_REMOVE_LEGAL_SIGNATURE,R2_REMOVE_SIGNATURE_AND_COMPATIBILITY,0.006000000000000005,0.0020000000000000005,0.012000000000000004,Quick Attack,Quick Attack,True,0.006000000000000005,0.0020000000000000005,0.012000000000000004,1058
4WE_PAIR_012_V01__OPPONENT,R1_REMOVE_LEGAL_SIGNATURE,R2_REMOVE_SIGNATURE_AND_COMPATIBILITY,0.006000000000000005,0.0020000000000000005,0.012000000000000004,Quick Attack,Quick Attack,True,0.006000000000000005,0.0020000000000000005,0.012000000000000004,1059
4WE_PAIR_012_V04__OPPONENT,R1_REMOVE_LEGAL_SIGNATURE,R2_REMOVE_SIGNATURE_AND_COMPATIBILITY,0.006000000000000005,0.0020000000000000005,0.012000000000000004,Quick Attack,Quick Attack,True,0.006000000000000005,0.0020000000000000005,0.012000000000000004,1060
4WE_PAIR_005_V02__OPPONENT,R1_REMOVE_LEGAL_SIGNATURE,R3_STATE_CENTRIC_POLICY,0.006000000000000005,0.001999999999999983,0.0119999999999999,Quick Attack,Quick Attack,True,0.006000000000000005,0.001999999999999983,0.0119999999999999,1061
4WE_PAIR_012_V02__OPPONENT,R1_REMOVE_LEGAL_SIGNATURE,R3_STATE_CENTRIC_POLICY,0.006000000000000005,0.001999999999999983,0.0119999999999999,Quick Attack,Quick Attack,True,0.006000000000000005,0.001999999999999983,0.0119999999999999,1062
4WE_PAIR_001_V01__PLAYER,R1_REMOVE_LEGAL_SIGNATURE,R2_REMOVE_SIGNATURE_AND_COMPATIBILITY,0.006,0.002666666666666668,0.016000000000000007,Quick Attack,Quick Attack,True,0.006,0.002666666666666668,0.016000000000000007,1063
4WE_PAIR_008_V01__PLAYER,R1_REMOVE_LEGAL_SIGNATURE,R2_REMOVE_SIGNATURE_AND_COMPATIBILITY,0.006,0.002666666666666668,0.016000000000000007,Quick Attack,Quick Attack,True,0.006,0.002666666666666668,0.016000000000000007,1064
4WE_PAIR_013_V01__PLAYER,R1_REMOVE_LEGAL_SIGNATURE,R2_REMOVE_SIGNATURE_AND_COMPATIBILITY,0.006,0.002666666666666668,0.016000000000000007,Quick Attack,Quick Attack,True,0.006,0.002666666666666668,0.016000000000000007,1065
4WE_PAIR_018_V01__PLAYER,R1_REMOVE_LEGAL_SIGNATURE,R2_REMOVE_SIGNATURE_AND_COMPATIBILITY,0.006,0.002666666666666668,0.016000000000000007,Quick Attack,Quick Attack,True,0.006,0.002666666666666668,0.016000000000000007,1066
4WE_PAIR_005_V04__PLAYER,R1_REMOVE_LEGAL_SIGNATURE,R2_REMOVE_SIGNATURE_AND_COMPATIBILITY,0.006,0.002000000000000001,0.012000000000000005,Quick Attack,Quick Attack,True,0.006,0.002000000000000001,0.012000000000000005,1067
4WE_PAIR_012_V04__PLAYER,R1_REMOVE_LEGAL_SIGNATURE,R2_REMOVE_SIGNATURE_AND_COMPATIBILITY,0.006,0.002000000000000001,0.012000000000000005,Quick Attack,Quick Attack,True,0.006,0.002000000000000001,0.012000000000000005,1068
4WE_PAIR_005_V01__PLAYER,R1_REMOVE_LEGAL_SIGNATURE,R2_REMOVE_SIGNATURE_AND_COMPATIBILITY,0.006,0.0020000000000000005,0.012000000000000002,Quick Attack,Quick Attack,True,0.006,0.0020000000000000005,0.012000000000000002,1069
4WE_PAIR_012_V01__PLAYER,R1_REMOVE_LEGAL_SIGNATURE,R2_REMOVE_SIGNATURE_AND_COMPATIBILITY,0.006,0.0020000000000000005,0.012000000000000002,Quick Attack,Quick Attack,True,0.006,0.0020000000000000005,0.012000000000000002,1070
4WE_PAIR_020_V01__PLAYER,R1_REMOVE_LEGAL_SIGNATURE,R2_REMOVE_SIGNATURE_AND_COMPATIBILITY,0.006,0.0020000000000000005,0.012000000000000002,Quick Attack,Quick Attack,True,0.006,0.0020000000000000005,0.012000000000000002,1071
4WE_PAIR_011_V01__OPPONENT,R1_REMOVE_LEGAL_SIGNATURE,R2_REMOVE_SIGNATURE_AND_COMPATIBILITY,0.006,0.0019999999999999996,0.011999999999999999,Quick Attack,Quick Attack,True,0.006,0.0019999999999999996,0.011999999999999999,1072
4WE_PAIR_011_V04__OPPONENT,R1_REMOVE_LEGAL_SIGNATURE,R2_REMOVE_SIGNATURE_AND_COMPATIBILITY,0.006,0.0019999999999999996,0.011999999999999999,Quick Attack,Quick Attack,True,0.006,0.0019999999999999996,0.011999999999999999,1073
4WE_PAIR_007_V01__PLAYER,R1_REMOVE_LEGAL_SIGNATURE,R2_REMOVE_SIGNATURE_AND_COMPATIBILITY,0.005999999999999998,0.002666666666666665,0.01599999999999999,Quick Attack,Quick Attack,True,0.005999999999999998,0.002666666666666665,0.01599999999999999,1074
4WE_PAIR_017_V01__PLAYER,R1_REMOVE_LEGAL_SIGNATURE,R2_REMOVE_SIGNATURE_AND_COMPATIBILITY,0.005999999999999998,0.002666666666666665,0.01599999999999999,Quick Attack,Quick Attack,True,0.005999999999999998,0.002666666666666665,0.01599999999999999,1075
4WE_PAIR_003_V01__PLAYER,R1_REMOVE_LEGAL_SIGNATURE,R2_REMOVE_SIGNATURE_AND_COMPATIBILITY,0.0059999999999999915,0.0026666666666666657,0.015999999999999993,Quick Attack,Quick Attack,True,0.0059999999999999915,0.0026666666666666657,0.015999999999999993,1076
4WE_PAIR_010_V01__PLAYER,R1_REMOVE_LEGAL_SIGNATURE,R2_REMOVE_SIGNATURE_AND_COMPATIBILITY,0.0059999999999999915,0.0026666666666666657,0.015999999999999993,Quick Attack,Quick Attack,True,0.0059999999999999915,0.0026666666666666657,0.015999999999999993,1077
4WE_PAIR_002_V01__OPPONENT,R1_REMOVE_LEGAL_SIGNATURE,R2_REMOVE_SIGNATURE_AND_COMPATIBILITY,0.0040000000000000036,0.002000000000000001,0.012000000000000005,Quick Attack,Quick Attack,True,0.0040000000000000036,0.002000000000000001,0.012000000000000005,1078
4WE_PAIR_002_V04__OPPONENT,R1_REMOVE_LEGAL_SIGNATURE,R2_REMOVE_SIGNATURE_AND_COMPATIBILITY,0.0040000000000000036,0.002000000000000001,0.012000000000000005,Quick Attack,Quick Attack,True,0.0040000000000000036,0.002000000000000001,0.012000000000000005,1079
4WE_PAIR_009_V01__OPPONENT,R1_REMOVE_LEGAL_SIGNATURE,R2_REMOVE_SIGNATURE_AND_COMPATIBILITY,0.0040000000000000036,0.002000000000000001,0.012000000000000005,Quick Attack,Quick Attack,True,0.0040000000000000036,0.002000000000000001,0.012000000000000005,1080
4WE_PAIR_009_V04__OPPONENT,R1_REMOVE_LEGAL_SIGNATURE,R2_REMOVE_SIGNATURE_AND_COMPATIBILITY,0.0040000000000000036,0.002000000000000001,0.012000000000000005,Quick Attack,Quick Attack,True,0.0040000000000000036,0.002000000000000001,0.012000000000000005,1081
4WE_PAIR_014_V01__OPPONENT,R1_REMOVE_LEGAL_SIGNATURE,R2_REMOVE_SIGNATURE_AND_COMPATIBILITY,0.0040000000000000036,0.002000000000000001,0.012000000000000005,Quick Attack,Quick Attack,True,0.0040000000000000036,0.002000000000000001,0.012000000000000005,1082
4WE_PAIR_014_V04__OPPONENT,R1_REMOVE_LEGAL_SIGNATURE,R2_REMOVE_SIGNATURE_AND_COMPATIBILITY,0.0040000000000000036,0.002000000000000001,0.012000000000000005,Quick Attack,Quick Attack,True,0.0040000000000000036,0.002000000000000001,0.012000000000000005,1083
4WE_PAIR_014_V04__PLAYER,R1_REMOVE_LEGAL_SIGNATURE,R2_REMOVE_SIGNATURE_AND_COMPATIBILITY,0.0040000000000000036,0.002000000000000001,0.012000000000000005,Quick Attack,Quick Attack,True,0.0040000000000000036,0.002000000000000001,0.012000000000000005,1084
4WE_PAIR_019_V01__OPPONENT,R1_REMOVE_LEGAL_SIGNATURE,R2_REMOVE_SIGNATURE_AND_COMPATIBILITY,0.0040000000000000036,0.002000000000000001,0.012000000000000005,Quick Attack,Quick Attack,True,0.0040000000000000036,0.002000000000000001,0.012000000000000005,1085
4WE_PAIR_019_V04__OPPONENT,R1_REMOVE_LEGAL_SIGNATURE,R2_REMOVE_SIGNATURE_AND_COMPATIBILITY,0.0040000000000000036,0.002000000000000001,0.012000000000000005,Quick Attack,Quick Attack,True,0.0040000000000000036,0.002000000000000001,0.012000000000000005,1086
4WE_PAIR_019_V04__PLAYER,R1_REMOVE_LEGAL_SIGNATURE,R2_REMOVE_SIGNATURE_AND_COMPATIBILITY,0.0040000000000000036,0.002000000000000001,0.012000000000000005,Quick Attack,Quick Attack,True,0.0040000000000000036,0.002000000000000001,0.012000000000000005,1087
4WE_PAIR_006_V01__PLAYER,R1_REMOVE_LEGAL_SIGNATURE,R2_REMOVE_SIGNATURE_AND_COMPATIBILITY,0.0040000000000000036,0.001333333333333334,0.008000000000000004,Quick Attack,Quick Attack,True,0.0040000000000000036,0.001333333333333334,0.008000000000000004,1088
4WE_PAIR_022_V01__OPPONENT,R1_REMOVE_LEGAL_SIGNATURE,R2_REMOVE_SIGNATURE_AND_COMPATIBILITY,0.0040000000000000036,0.001333333333333334,0.008000000000000004,Quick Attack,Quick Attack,True,0.0040000000000000036,0.001333333333333334,0.008000000000000004,1089
4WE_PAIR_022_V04__OPPONENT,R1_REMOVE_LEGAL_SIGNATURE,R2_REMOVE_SIGNATURE_AND_COMPATIBILITY,0.0040000000000000036,0.001333333333333334,0.008000000000000004,Quick Attack,Quick Attack,True,0.0040000000000000036,0.001333333333333334,0.008000000000000004,1090
4WE_PAIR_023_V01__OPPONENT,R1_REMOVE_LEGAL_SIGNATURE,R2_REMOVE_SIGNATURE_AND_COMPATIBILITY,0.0040000000000000036,0.001333333333333334,0.008000000000000004,Quick Attack,Quick Attack,True,0.0040000000000000036,0.001333333333333334,0.008000000000000004,1091
4WE_PAIR_023_V04__OPPONENT,R1_REMOVE_LEGAL_SIGNATURE,R2_REMOVE_SIGNATURE_AND_COMPATIBILITY,0.0040000000000000036,0.001333333333333334,0.008000000000000004,Quick Attack,Quick Attack,True,0.0040000000000000036,0.001333333333333334,0.008000000000000004,1092
4WE_PAIR_006_V04__PLAYER,R1_REMOVE_LEGAL_SIGNATURE,R2_REMOVE_SIGNATURE_AND_COMPATIBILITY,0.0040000000000000036,0.0013333333333333337,0.008000000000000002,Quick Attack,Quick Attack,True,0.0040000000000000036,0.0013333333333333337,0.008000000000000002,1093
4WE_PAIR_016_V04__PLAYER,R1_REMOVE_LEGAL_SIGNATURE,R2_REMOVE_SIGNATURE_AND_COMPATIBILITY,0.0040000000000000036,0.0013333333333333337,0.008000000000000002,Quick Attack,Quick Attack,True,0.0040000000000000036,0.0013333333333333337,0.008000000000000002,1094
4WE_PAIR_011_V01__PLAYER,R1_REMOVE_LEGAL_SIGNATURE,R2_REMOVE_SIGNATURE_AND_COMPATIBILITY,0.004,0.0013333333333333337,0.008000000000000002,Quick Attack,Quick Attack,True,0.004,0.0013333333333333337,0.008000000000000002,1095
4WE_PAIR_022_V01__PLAYER,R1_REMOVE_LEGAL_SIGNATURE,R2_REMOVE_SIGNATURE_AND_COMPATIBILITY,0.004,0.0013333333333333337,0.008000000000000002,Quick Attack,Quick Attack,True,0.004,0.0013333333333333337,0.008000000000000002,1096
4WE_PAIR_023_V01__PLAYER,R1_REMOVE_LEGAL_SIGNATURE,R2_REMOVE_SIGNATURE_AND_COMPATIBILITY,0.004,0.0013333333333333337,0.008000000000000002,Quick Attack,Quick Attack,True,0.004,0.0013333333333333337,0.008000000000000002,1097
4WE_PAIR_011_V04__PLAYER,R1_REMOVE_LEGAL_SIGNATURE,R2_REMOVE_SIGNATURE_AND_COMPATIBILITY,0.004,0.0013333333333333333,0.008,Quick Attack,Quick Attack,True,0.004,0.0013333333333333333,0.008,1098
4WE_PAIR_020_V04__PLAYER,R1_REMOVE_LEGAL_SIGNATURE,R2_REMOVE_SIGNATURE_AND_COMPATIBILITY,0.004,0.0013333333333333333,0.008,Quick Attack,Quick Attack,True,0.004,0.0013333333333333333,0.008,1099
4WE_PAIR_023_V04__PLAYER,R1_REMOVE_LEGAL_SIGNATURE,R2_REMOVE_SIGNATURE_AND_COMPATIBILITY,0.004,0.0013333333333333333,0.008,Quick Attack,Quick Attack,True,0.004,0.0013333333333333333,0.008,1100
4WE_PAIR_002_V01__PLAYER,R1_REMOVE_LEGAL_SIGNATURE,R2_REMOVE_SIGNATURE_AND_COMPATIBILITY,0.0020000000000000018,0.0013333333333333337,0.008000000000000002,Quick Attack,Quick Attack,True,0.0020000000000000018,0.0013333333333333337,0.008000000000000002,1101
4WE_PAIR_009_V01__PLAYER,R1_REMOVE_LEGAL_SIGNATURE,R2_REMOVE_SIGNATURE_AND_COMPATIBILITY,0.0020000000000000018,0.0013333333333333337,0.008000000000000002,Quick Attack,Quick Attack,True,0.0020000000000000018,0.0013333333333333337,0.008000000000000002,1102
4WE_PAIR_014_V01__PLAYER,R1_REMOVE_LEGAL_SIGNATURE,R2_REMOVE_SIGNATURE_AND_COMPATIBILITY,0.0020000000000000018,0.0013333333333333337,0.008000000000000002,Quick Attack,Quick Attack,True,0.0020000000000000018,0.0013333333333333337,0.008000000000000002,1103
4WE_PAIR_019_V01__PLAYER,R1_REMOVE_LEGAL_SIGNATURE,R2_REMOVE_SIGNATURE_AND_COMPATIBILITY,0.0020000000000000018,0.0013333333333333337,0.008000000000000002,Quick Attack,Quick Attack,True,0.0020000000000000018,0.0013333333333333337,0.008000000000000002,1104
