comparison_case_id,strategy_a,strategy_b,maximum_case_difference,mean_case_difference,l1_case_difference,prediction_a,prediction_b,predictions_match,maximum_probability_difference,mean_probability_difference,l1_probability_difference,global_rank,parsed_successfully,scenario_family,pair_number,case_variant,evaluation_side
4WE_PAIR_014_V03__PLAYER,R0_CURRENT_BASELINE,R3_STATE_CENTRIC_POLICY,0.168,0.05666666666666667,0.34,Quick Attack,Quick Attack,True,0.168,0.05666666666666667,0.34,1,True,4WE,14,V03,PLAYER
4WE_PAIR_019_V03__PLAYER,R0_CURRENT_BASELINE,R3_STATE_CENTRIC_POLICY,0.168,0.05666666666666667,0.34,Quick Attack,Quick Attack,True,0.168,0.05666666666666667,0.34,2,True,4WE,19,V03,PLAYER
4WE_PAIR_002_V03__OPPONENT,R0_CURRENT_BASELINE,R3_STATE_CENTRIC_POLICY,0.166,0.056,0.336,Quick Attack,Quick Attack,True,0.166,0.056,0.336,3,True,4WE,2,V03,OPPONENT
4WE_PAIR_009_V03__OPPONENT,R0_CURRENT_BASELINE,R3_STATE_CENTRIC_POLICY,0.166,0.056,0.336,Quick Attack,Quick Attack,True,0.166,0.056,0.336,4,True,4WE,9,V03,OPPONENT
4WE_PAIR_013_V03__PLAYER,R0_CURRENT_BASELINE,R3_STATE_CENTRIC_POLICY,0.166,0.056,0.336,Quick Attack,Quick Attack,True,0.166,0.056,0.336,5,True,4WE,13,V03,PLAYER
4WE_PAIR_014_V03__OPPONENT,R0_CURRENT_BASELINE,R3_STATE_CENTRIC_POLICY,0.166,0.056,0.336,Quick Attack,Quick Attack,True,0.166,0.056,0.336,6,True,4WE,14,V03,OPPONENT
4WE_PAIR_018_V03__PLAYER,R0_CURRENT_BASELINE,R3_STATE_CENTRIC_POLICY,0.166,0.056,0.336,Quick Attack,Quick Attack,True,0.166,0.056,0.336,7,True,4WE,18,V03,PLAYER
4WE_PAIR_019_V03__OPPONENT,R0_CURRENT_BASELINE,R3_STATE_CENTRIC_POLICY,0.166,0.056,0.336,Quick Attack,Quick Attack,True,0.166,0.056,0.336,8,True,4WE,19,V03,OPPONENT
4WE_PAIR_002_V03__PLAYER,R0_CURRENT_BASELINE,R3_STATE_CENTRIC_POLICY,0.164,0.056,0.336,Quick Attack,Quick Attack,True,0.164,0.056,0.336,9,True,4WE,2,V03,PLAYER
4WE_PAIR_009_V03__PLAYER,R0_CURRENT_BASELINE,R3_STATE_CENTRIC_POLICY,0.164,0.056,0.336,Quick Attack,Quick Attack,True,0.164,0.056,0.336,10,True,4WE,9,V03,PLAYER
4WE_PAIR_001_V03__OPPONENT,R0_CURRENT_BASELINE,R3_STATE_CENTRIC_POLICY,0.164,0.05533333333333334,0.332,Quick Attack,Quick Attack,True,0.164,0.05533333333333334,0.332,11,True,4WE,1,V03,OPPONENT
4WE_PAIR_003_V03__OPPONENT,R0_CURRENT_BASELINE,R3_STATE_CENTRIC_POLICY,0.164,0.05533333333333334,0.332,Quick Attack,Quick Attack,True,0.164,0.05533333333333334,0.332,12,True,4WE,3,V03,OPPONENT
4WE_PAIR_008_V03__OPPONENT,R0_CURRENT_BASELINE,R3_STATE_CENTRIC_POLICY,0.164,0.05533333333333334,0.332,Quick Attack,Quick Attack,True,0.164,0.05533333333333334,0.332,13,True,4WE,8,V03,OPPONENT
4WE_PAIR_010_V03__OPPONENT,R0_CURRENT_BASELINE,R3_STATE_CENTRIC_POLICY,0.164,0.05533333333333334,0.332,Quick Attack,Quick Attack,True,0.164,0.05533333333333334,0.332,14,True,4WE,10,V03,OPPONENT
4WE_PAIR_013_V03__OPPONENT,R0_CURRENT_BASELINE,R3_STATE_CENTRIC_POLICY,0.164,0.05533333333333334,0.332,Quick Attack,Quick Attack,True,0.164,0.05533333333333334,0.332,15,True,4WE,13,V03,OPPONENT
4WE_PAIR_018_V03__OPPONENT,R0_CURRENT_BASELINE,R3_STATE_CENTRIC_POLICY,0.164,0.05533333333333334,0.332,Quick Attack,Quick Attack,True,0.164,0.05533333333333334,0.332,16,True,4WE,18,V03,OPPONENT
4WE_PAIR_001_V03__PLAYER,R0_CURRENT_BASELINE,R3_STATE_CENTRIC_POLICY,0.162,0.05533333333333334,0.332,Quick Attack,Quick Attack,True,0.162,0.05533333333333334,0.332,17,True,4WE,1,V03,PLAYER
4WE_PAIR_008_V03__PLAYER,R0_CURRENT_BASELINE,R3_STATE_CENTRIC_POLICY,0.162,0.05533333333333334,0.332,Quick Attack,Quick Attack,True,0.162,0.05533333333333334,0.332,18,True,4WE,8,V03,PLAYER
4WE_PAIR_002_V02__OPPONENT,R0_CURRENT_BASELINE,R3_STATE_CENTRIC_POLICY,0.162,0.05466666666666667,0.328,Quick Attack,Quick Attack,True,0.162,0.05466666666666667,0.328,19,True,4WE,2,V02,OPPONENT
4WE_PAIR_003_V02__OPPONENT,R0_CURRENT_BASELINE,R3_STATE_CENTRIC_POLICY,0.162,0.05466666666666667,0.328,Quick Attack,Quick Attack,True,0.162,0.05466666666666667,0.328,20,True,4WE,3,V02,OPPONENT
4WE_PAIR_004_V03__OPPONENT,R0_CURRENT_BASELINE,R3_STATE_CENTRIC_POLICY,0.162,0.05466666666666667,0.328,Quick Attack,Quick Attack,True,0.162,0.05466666666666667,0.328,21,True,4WE,4,V03,OPPONENT
4WE_PAIR_009_V02__OPPONENT,R0_CURRENT_BASELINE,R3_STATE_CENTRIC_POLICY,0.162,0.05466666666666667,0.328,Quick Attack,Quick Attack,True,0.162,0.05466666666666667,0.328,22,True,4WE,9,V02,OPPONENT
4WE_PAIR_010_V02__OPPONENT,R0_CURRENT_BASELINE,R3_STATE_CENTRIC_POLICY,0.162,0.05466666666666667,0.328,Quick Attack,Quick Attack,True,0.162,0.05466666666666667,0.328,23,True,4WE,10,V02,OPPONENT
4WE_PAIR_014_V02__OPPONENT,R0_CURRENT_BASELINE,R3_STATE_CENTRIC_POLICY,0.162,0.05466666666666667,0.328,Quick Attack,Quick Attack,True,0.162,0.05466666666666667,0.328,24,True,4WE,14,V02,OPPONENT
4WE_PAIR_014_V02__PLAYER,R0_CURRENT_BASELINE,R3_STATE_CENTRIC_POLICY,0.162,0.05466666666666667,0.328,Quick Attack,Quick Attack,True,0.162,0.05466666666666667,0.328,25,True,4WE,14,V02,PLAYER
4WE_PAIR_019_V02__OPPONENT,R0_CURRENT_BASELINE,R3_STATE_CENTRIC_POLICY,0.162,0.05466666666666667,0.328,Quick Attack,Quick Attack,True,0.162,0.05466666666666667,0.328,26,True,4WE,19,V02,OPPONENT
4WE_PAIR_019_V02__PLAYER,R0_CURRENT_BASELINE,R3_STATE_CENTRIC_POLICY,0.162,0.05466666666666667,0.328,Quick Attack,Quick Attack,True,0.162,0.05466666666666667,0.328,27,True,4WE,19,V02,PLAYER
4WE_PAIR_001_V02__OPPONENT,R0_CURRENT_BASELINE,R3_STATE_CENTRIC_POLICY,0.16,0.054,0.324,Quick Attack,Quick Attack,True,0.16,0.054,0.324,28,True,4WE,1,V02,OPPONENT
4WE_PAIR_004_V02__OPPONENT,R0_CURRENT_BASELINE,R3_STATE_CENTRIC_POLICY,0.16,0.054,0.324,Quick Attack,Quick Attack,True,0.16,0.054,0.324,29,True,4WE,4,V02,OPPONENT
4WE_PAIR_008_V02__OPPONENT,R0_CURRENT_BASELINE,R3_STATE_CENTRIC_POLICY,0.16,0.054,0.324,Quick Attack,Quick Attack,True,0.16,0.054,0.324,30,True,4WE,8,V02,OPPONENT
4WE_PAIR_013_V02__OPPONENT,R0_CURRENT_BASELINE,R3_STATE_CENTRIC_POLICY,0.16,0.054,0.324,Quick Attack,Quick Attack,True,0.16,0.054,0.324,31,True,4WE,13,V02,OPPONENT
4WE_PAIR_013_V02__PLAYER,R0_CURRENT_BASELINE,R3_STATE_CENTRIC_POLICY,0.16,0.054,0.324,Quick Attack,Quick Attack,True,0.16,0.054,0.324,32,True,4WE,13,V02,PLAYER
4WE_PAIR_018_V02__OPPONENT,R0_CURRENT_BASELINE,R3_STATE_CENTRIC_POLICY,0.16,0.054,0.324,Quick Attack,Quick Attack,True,0.16,0.054,0.324,33,True,4WE,18,V02,OPPONENT
4WE_PAIR_018_V02__PLAYER,R0_CURRENT_BASELINE,R3_STATE_CENTRIC_POLICY,0.16,0.054,0.324,Quick Attack,Quick Attack,True,0.16,0.054,0.324,34,True,4WE,18,V02,PLAYER
4WE_PAIR_002_V02__PLAYER,R0_CURRENT_BASELINE,R3_STATE_CENTRIC_POLICY,0.158,0.054,0.324,Quick Attack,Quick Attack,True,0.158,0.054,0.324,35,True,4WE,2,V02,PLAYER
4WE_PAIR_003_V02__PLAYER,R0_CURRENT_BASELINE,R3_STATE_CENTRIC_POLICY,0.158,0.054,0.324,Quick Attack,Quick Attack,True,0.158,0.054,0.324,36,True,4WE,3,V02,PLAYER
4WE_PAIR_003_V03__PLAYER,R0_CURRENT_BASELINE,R3_STATE_CENTRIC_POLICY,0.158,0.054,0.324,Quick Attack,Quick Attack,True,0.158,0.054,0.324,37,True,4WE,3,V03,PLAYER
4WE_PAIR_009_V02__PLAYER,R0_CURRENT_BASELINE,R3_STATE_CENTRIC_POLICY,0.158,0.054,0.324,Quick Attack,Quick Attack,True,0.158,0.054,0.324,38,True,4WE,9,V02,PLAYER
4WE_PAIR_010_V02__PLAYER,R0_CURRENT_BASELINE,R3_STATE_CENTRIC_POLICY,0.158,0.054,0.324,Quick Attack,Quick Attack,True,0.158,0.054,0.324,39,True,4WE,10,V02,PLAYER
4WE_PAIR_010_V03__PLAYER,R0_CURRENT_BASELINE,R3_STATE_CENTRIC_POLICY,0.158,0.054,0.324,Quick Attack,Quick Attack,True,0.158,0.054,0.324,40,True,4WE,10,V03,PLAYER
4WE_PAIR_001_V02__PLAYER,R0_CURRENT_BASELINE,R3_STATE_CENTRIC_POLICY,0.156,0.05333333333333334,0.32,Quick Attack,Quick Attack,True,0.156,0.05333333333333334,0.32,41,True,4WE,1,V02,PLAYER
4WE_PAIR_004_V02__PLAYER,R0_CURRENT_BASELINE,R3_STATE_CENTRIC_POLICY,0.156,0.05333333333333334,0.32,Quick Attack,Quick Attack,True,0.156,0.05333333333333334,0.32,42,True,4WE,4,V02,PLAYER
4WE_PAIR_004_V03__PLAYER,R0_CURRENT_BASELINE,R3_STATE_CENTRIC_POLICY,0.156,0.05333333333333334,0.32,Quick Attack,Quick Attack,True,0.156,0.05333333333333334,0.32,43,True,4WE,4,V03,PLAYER
4WE_PAIR_008_V02__PLAYER,R0_CURRENT_BASELINE,R3_STATE_CENTRIC_POLICY,0.156,0.05333333333333334,0.32,Quick Attack,Quick Attack,True,0.156,0.05333333333333334,0.32,44,True,4WE,8,V02,PLAYER
4WE_PAIR_007_V03__PLAYER,R0_CURRENT_BASELINE,R3_STATE_CENTRIC_POLICY,0.15000000000000002,0.05200000000000001,0.31200000000000006,Quick Attack,Quick Attack,True,0.15000000000000002,0.05200000000000001,0.31200000000000006,45,True,4WE,7,V03,PLAYER
4WE_PAIR_017_V03__PLAYER,R0_CURRENT_BASELINE,R3_STATE_CENTRIC_POLICY,0.15000000000000002,0.05200000000000001,0.31200000000000006,Quick Attack,Quick Attack,True,0.15000000000000002,0.05200000000000001,0.31200000000000006,46,True,4WE,17,V03,PLAYER
4WE_PAIR_007_V03__OPPONENT,R0_CURRENT_BASELINE,R3_STATE_CENTRIC_POLICY,0.14800000000000002,0.05133333333333334,0.30800000000000005,Quick Attack,Quick Attack,True,0.14800000000000002,0.05133333333333334,0.30800000000000005,47,True,4WE,7,V03,OPPONENT
4WE_PAIR_017_V03__OPPONENT,R0_CURRENT_BASELINE,R3_STATE_CENTRIC_POLICY,0.14800000000000002,0.05133333333333334,0.30800000000000005,Quick Attack,Quick Attack,True,0.14800000000000002,0.05133333333333334,0.30800000000000005,48,True,4WE,17,V03,OPPONENT
4WE_PAIR_007_V02__OPPONENT,R0_CURRENT_BASELINE,R3_STATE_CENTRIC_POLICY,0.14600000000000002,0.05133333333333334,0.30800000000000005,Quick Attack,Quick Attack,True,0.14600000000000002,0.05133333333333334,0.30800000000000005,49,True,4WE,7,V02,OPPONENT
4WE_PAIR_017_V02__OPPONENT,R0_CURRENT_BASELINE,R3_STATE_CENTRIC_POLICY,0.14600000000000002,0.05133333333333334,0.30800000000000005,Quick Attack,Quick Attack,True,0.14600000000000002,0.05133333333333334,0.30800000000000005,50,True,4WE,17,V02,OPPONENT
4WE_PAIR_007_V02__PLAYER,R0_CURRENT_BASELINE,R3_STATE_CENTRIC_POLICY,0.14600000000000002,0.05066666666666667,0.30400000000000005,Quick Attack,Quick Attack,True,0.14600000000000002,0.05066666666666667,0.30400000000000005,51,True,4WE,7,V02,PLAYER
4WE_PAIR_017_V02__PLAYER,R0_CURRENT_BASELINE,R3_STATE_CENTRIC_POLICY,0.14600000000000002,0.05066666666666667,0.30400000000000005,Quick Attack,Quick Attack,True,0.14600000000000002,0.05066666666666667,0.30400000000000005,52,True,4WE,17,V02,PLAYER
4WE_PAIR_015_V03__OPPONENT,R0_CURRENT_BASELINE,R3_STATE_CENTRIC_POLICY,0.126,0.042,0.252,Quick Attack,Quick Attack,True,0.126,0.042,0.252,53,True,4WE,15,V03,OPPONENT
4WE_PAIR_016_V03__OPPONENT,R0_CURRENT_BASELINE,R3_STATE_CENTRIC_POLICY,0.126,0.042,0.252,Quick Attack,Quick Attack,True,0.126,0.042,0.252,54,True,4WE,16,V03,OPPONENT
4WE_PAIR_021_V03__OPPONENT,R0_CURRENT_BASELINE,R3_STATE_CENTRIC_POLICY,0.126,0.042,0.252,Quick Attack,Quick Attack,True,0.126,0.042,0.252,55,True,4WE,21,V03,OPPONENT
4WE_PAIR_016_V03__PLAYER,R0_CURRENT_BASELINE,R3_STATE_CENTRIC_POLICY,0.12400000000000001,0.04133333333333333,0.248,Quick Attack,Quick Attack,True,0.12400000000000001,0.04133333333333333,0.248,56,True,4WE,16,V03,PLAYER
4WE_PAIR_020_V03__PLAYER,R0_CURRENT_BASELINE,R3_STATE_CENTRIC_POLICY,0.124,0.04133333333333333,0.248,Quick Attack,Quick Attack,True,0.124,0.04133333333333333,0.248,57,True,4WE,20,V03,PLAYER
4WE_PAIR_015_V03__PLAYER,R0_CURRENT_BASELINE,R3_STATE_CENTRIC_POLICY,0.12200000000000001,0.04066666666666666,0.244,Quick Attack,Quick Attack,True,0.12200000000000001,0.04066666666666666,0.244,58,True,4WE,15,V03,PLAYER
4WE_PAIR_021_V03__PLAYER,R0_CURRENT_BASELINE,R3_STATE_CENTRIC_POLICY,0.12200000000000001,0.04066666666666666,0.244,Quick Attack,Quick Attack,True,0.12200000000000001,0.04066666666666666,0.244,59,True,4WE,21,V03,PLAYER
4WE_PAIR_005_V03__OPPONENT,R0_CURRENT_BASELINE,R3_STATE_CENTRIC_POLICY,0.12000000000000001,0.04,0.24,Quick Attack,Quick Attack,True,0.12000000000000001,0.04,0.24,60,True,4WE,5,V03,OPPONENT
4WE_PAIR_006_V03__OPPONENT,R0_CURRENT_BASELINE,R3_STATE_CENTRIC_POLICY,0.12000000000000001,0.04,0.24,Quick Attack,Quick Attack,True,0.12000000000000001,0.04,0.24,61,True,4WE,6,V03,OPPONENT
4WE_PAIR_012_V03__OPPONENT,R0_CURRENT_BASELINE,R3_STATE_CENTRIC_POLICY,0.12000000000000001,0.04,0.24,Quick Attack,Quick Attack,True,0.12000000000000001,0.04,0.24,62,True,4WE,12,V03,OPPONENT
4WE_PAIR_015_V02__OPPONENT,R0_CURRENT_BASELINE,R3_STATE_CENTRIC_POLICY,0.11800000000000001,0.03933333333333333,0.236,Quick Attack,Quick Attack,True,0.11800000000000001,0.03933333333333333,0.236,63,True,4WE,15,V02,OPPONENT
4WE_PAIR_016_V02__OPPONENT,R0_CURRENT_BASELINE,R3_STATE_CENTRIC_POLICY,0.11800000000000001,0.03933333333333333,0.236,Quick Attack,Quick Attack,True,0.11800000000000001,0.03933333333333333,0.236,64,True,4WE,16,V02,OPPONENT
4WE_PAIR_021_V02__OPPONENT,R0_CURRENT_BASELINE,R3_STATE_CENTRIC_POLICY,0.11800000000000001,0.03933333333333333,0.236,Quick Attack,Quick Attack,True,0.11800000000000001,0.03933333333333333,0.236,65,True,4WE,21,V02,OPPONENT
4WE_PAIR_001_V03__OPPONENT,R0_CURRENT_BASELINE,R1_REMOVE_LEGAL_SIGNATURE,0.118,0.039999999999999994,0.23999999999999996,Quick Attack,Quick Attack,True,0.118,0.039999999999999994,0.23999999999999996,66,True,4WE,1,V03,OPPONENT
4WE_PAIR_001_V03__PLAYER,R0_CURRENT_BASELINE,R1_REMOVE_LEGAL_SIGNATURE,0.118,0.039999999999999994,0.23999999999999996,Quick Attack,Quick Attack,True,0.118,0.039999999999999994,0.23999999999999996,67,True,4WE,1,V03,PLAYER
4WE_PAIR_002_V03__OPPONENT,R0_CURRENT_BASELINE,R1_REMOVE_LEGAL_SIGNATURE,0.118,0.039999999999999994,0.23999999999999996,Quick Attack,Quick Attack,True,0.118,0.039999999999999994,0.23999999999999996,68,True,4WE,2,V03,OPPONENT
4WE_PAIR_002_V03__PLAYER,R0_CURRENT_BASELINE,R1_REMOVE_LEGAL_SIGNATURE,0.118,0.039999999999999994,0.23999999999999996,Quick Attack,Quick Attack,True,0.118,0.039999999999999994,0.23999999999999996,69,True,4WE,2,V03,PLAYER
4WE_PAIR_008_V03__OPPONENT,R0_CURRENT_BASELINE,R1_REMOVE_LEGAL_SIGNATURE,0.118,0.039999999999999994,0.23999999999999996,Quick Attack,Quick Attack,True,0.118,0.039999999999999994,0.23999999999999996,70,True,4WE,8,V03,OPPONENT
4WE_PAIR_008_V03__PLAYER,R0_CURRENT_BASELINE,R1_REMOVE_LEGAL_SIGNATURE,0.118,0.039999999999999994,0.23999999999999996,Quick Attack,Quick Attack,True,0.118,0.039999999999999994,0.23999999999999996,71,True,4WE,8,V03,PLAYER
4WE_PAIR_009_V03__OPPONENT,R0_CURRENT_BASELINE,R1_REMOVE_LEGAL_SIGNATURE,0.118,0.039999999999999994,0.23999999999999996,Quick Attack,Quick Attack,True,0.118,0.039999999999999994,0.23999999999999996,72,True,4WE,9,V03,OPPONENT
4WE_PAIR_009_V03__PLAYER,R0_CURRENT_BASELINE,R1_REMOVE_LEGAL_SIGNATURE,0.118,0.039999999999999994,0.23999999999999996,Quick Attack,Quick Attack,True,0.118,0.039999999999999994,0.23999999999999996,73,True,4WE,9,V03,PLAYER
4WE_PAIR_013_V03__OPPONENT,R0_CURRENT_BASELINE,R1_REMOVE_LEGAL_SIGNATURE,0.118,0.039999999999999994,0.23999999999999996,Quick Attack,Quick Attack,True,0.118,0.039999999999999994,0.23999999999999996,74,True,4WE,13,V03,OPPONENT
4WE_PAIR_013_V03__PLAYER,R0_CURRENT_BASELINE,R1_REMOVE_LEGAL_SIGNATURE,0.118,0.039999999999999994,0.23999999999999996,Quick Attack,Quick Attack,True,0.118,0.039999999999999994,0.23999999999999996,75,True,4WE,13,V03,PLAYER
4WE_PAIR_014_V03__OPPONENT,R0_CURRENT_BASELINE,R1_REMOVE_LEGAL_SIGNATURE,0.118,0.039999999999999994,0.23999999999999996,Quick Attack,Quick Attack,True,0.118,0.039999999999999994,0.23999999999999996,76,True,4WE,14,V03,OPPONENT
4WE_PAIR_014_V03__PLAYER,R0_CURRENT_BASELINE,R1_REMOVE_LEGAL_SIGNATURE,0.118,0.039999999999999994,0.23999999999999996,Quick Attack,Quick Attack,True,0.118,0.039999999999999994,0.23999999999999996,77,True,4WE,14,V03,PLAYER
4WE_PAIR_018_V03__OPPONENT,R0_CURRENT_BASELINE,R1_REMOVE_LEGAL_SIGNATURE,0.118,0.039999999999999994,0.23999999999999996,Quick Attack,Quick Attack,True,0.118,0.039999999999999994,0.23999999999999996,78,True,4WE,18,V03,OPPONENT
4WE_PAIR_018_V03__PLAYER,R0_CURRENT_BASELINE,R1_REMOVE_LEGAL_SIGNATURE,0.118,0.039999999999999994,0.23999999999999996,Quick Attack,Quick Attack,True,0.118,0.039999999999999994,0.23999999999999996,79,True,4WE,18,V03,PLAYER
4WE_PAIR_019_V03__OPPONENT,R0_CURRENT_BASELINE,R1_REMOVE_LEGAL_SIGNATURE,0.118,0.039999999999999994,0.23999999999999996,Quick Attack,Quick Attack,True,0.118,0.039999999999999994,0.23999999999999996,80,True,4WE,19,V03,OPPONENT
4WE_PAIR_019_V03__PLAYER,R0_CURRENT_BASELINE,R1_REMOVE_LEGAL_SIGNATURE,0.118,0.039999999999999994,0.23999999999999996,Quick Attack,Quick Attack,True,0.118,0.039999999999999994,0.23999999999999996,81,True,4WE,19,V03,PLAYER
4WE_PAIR_020_V03__OPPONENT,R0_CURRENT_BASELINE,R3_STATE_CENTRIC_POLICY,0.118,0.03933333333333333,0.236,Quick Attack,Quick Attack,True,0.118,0.03933333333333333,0.236,82,True,4WE,20,V03,OPPONENT
4WE_PAIR_006_V03__PLAYER,R0_CURRENT_BASELINE,R3_STATE_CENTRIC_POLICY,0.116,0.03866666666666666,0.23199999999999998,Quick Attack,Quick Attack,True,0.116,0.03866666666666666,0.23199999999999998,83,True,4WE,6,V03,PLAYER
4WE_PAIR_007_V04__PLAYER,R0_CURRENT_BASELINE,R3_STATE_CENTRIC_POLICY,0.11599999999999999,0.04133333333333333,0.248,Quick Attack,Quick Attack,True,0.11599999999999999,0.04133333333333333,0.248,84,True,4WE,7,V04,PLAYER
4WE_PAIR_001_V02__PLAYER,R0_CURRENT_BASELINE,R1_REMOVE_LEGAL_SIGNATURE,0.11599999999999999,0.039333333333333324,0.23599999999999996,Quick Attack,Quick Attack,True,0.11599999999999999,0.039333333333333324,0.23599999999999996,85,True,4WE,1,V02,PLAYER
4WE_PAIR_002_V02__PLAYER,R0_CURRENT_BASELINE,R1_REMOVE_LEGAL_SIGNATURE,0.11599999999999999,0.039333333333333324,0.23599999999999996,Quick Attack,Quick Attack,True,0.11599999999999999,0.039333333333333324,0.23599999999999996,86,True,4WE,2,V02,PLAYER
4WE_PAIR_008_V02__PLAYER,R0_CURRENT_BASELINE,R1_REMOVE_LEGAL_SIGNATURE,0.11599999999999999,0.039333333333333324,0.23599999999999996,Quick Attack,Quick Attack,True,0.11599999999999999,0.039333333333333324,0.23599999999999996,87,True,4WE,8,V02,PLAYER
4WE_PAIR_009_V02__PLAYER,R0_CURRENT_BASELINE,R1_REMOVE_LEGAL_SIGNATURE,0.11599999999999999,0.039333333333333324,0.23599999999999996,Quick Attack,Quick Attack,True,0.11599999999999999,0.039333333333333324,0.23599999999999996,88,True,4WE,9,V02,PLAYER
4WE_PAIR_013_V02__PLAYER,R0_CURRENT_BASELINE,R1_REMOVE_LEGAL_SIGNATURE,0.11599999999999999,0.039333333333333324,0.23599999999999996,Quick Attack,Quick Attack,True,0.11599999999999999,0.039333333333333324,0.23599999999999996,89,True,4WE,13,V02,PLAYER
4WE_PAIR_014_V02__PLAYER,R0_CURRENT_BASELINE,R1_REMOVE_LEGAL_SIGNATURE,0.11599999999999999,0.039333333333333324,0.23599999999999996,Quick Attack,Quick Attack,True,0.11599999999999999,0.039333333333333324,0.23599999999999996,90,True,4WE,14,V02,PLAYER
4WE_PAIR_018_V02__PLAYER,R0_CURRENT_BASELINE,R1_REMOVE_LEGAL_SIGNATURE,0.11599999999999999,0.039333333333333324,0.23599999999999996,Quick Attack,Quick Attack,True,0.11599999999999999,0.039333333333333324,0.23599999999999996,91,True,4WE,18,V02,PLAYER
4WE_PAIR_019_V02__PLAYER,R0_CURRENT_BASELINE,R1_REMOVE_LEGAL_SIGNATURE,0.11599999999999999,0.039333333333333324,0.23599999999999996,Quick Attack,Quick Attack,True,0.11599999999999999,0.039333333333333324,0.23599999999999996,92,True,4WE,19,V02,PLAYER
4WE_PAIR_001_V02__OPPONENT,R0_CURRENT_BASELINE,R1_REMOVE_LEGAL_SIGNATURE,0.11599999999999999,0.03866666666666666,0.23199999999999998,Quick Attack,Quick Attack,True,0.11599999999999999,0.03866666666666666,0.23199999999999998,93,True,4WE,1,V02,OPPONENT
4WE_PAIR_002_V02__OPPONENT,R0_CURRENT_BASELINE,R1_REMOVE_LEGAL_SIGNATURE,0.11599999999999999,0.03866666666666666,0.23199999999999998,Quick Attack,Quick Attack,True,0.11599999999999999,0.03866666666666666,0.23199999999999998,94,True,4WE,2,V02,OPPONENT
4WE_PAIR_008_V02__OPPONENT,R0_CURRENT_BASELINE,R1_REMOVE_LEGAL_SIGNATURE,0.11599999999999999,0.03866666666666666,0.23199999999999998,Quick Attack,Quick Attack,True,0.11599999999999999,0.03866666666666666,0.23199999999999998,95,True,4WE,8,V02,OPPONENT
4WE_PAIR_009_V02__OPPONENT,R0_CURRENT_BASELINE,R1_REMOVE_LEGAL_SIGNATURE,0.11599999999999999,0.03866666666666666,0.23199999999999998,Quick Attack,Quick Attack,True,0.11599999999999999,0.03866666666666666,0.23199999999999998,96,True,4WE,9,V02,OPPONENT
4WE_PAIR_013_V02__OPPONENT,R0_CURRENT_BASELINE,R1_REMOVE_LEGAL_SIGNATURE,0.11599999999999999,0.03866666666666666,0.23199999999999998,Quick Attack,Quick Attack,True,0.11599999999999999,0.03866666666666666,0.23199999999999998,97,True,4WE,13,V02,OPPONENT
4WE_PAIR_014_V02__OPPONENT,R0_CURRENT_BASELINE,R1_REMOVE_LEGAL_SIGNATURE,0.11599999999999999,0.03866666666666666,0.23199999999999998,Quick Attack,Quick Attack,True,0.11599999999999999,0.03866666666666666,0.23199999999999998,98,True,4WE,14,V02,OPPONENT
4WE_PAIR_018_V02__OPPONENT,R0_CURRENT_BASELINE,R1_REMOVE_LEGAL_SIGNATURE,0.11599999999999999,0.03866666666666666,0.23199999999999998,Quick Attack,Quick Attack,True,0.11599999999999999,0.03866666666666666,0.23199999999999998,99,True,4WE,18,V02,OPPONENT
4WE_PAIR_019_V02__OPPONENT,R0_CURRENT_BASELINE,R1_REMOVE_LEGAL_SIGNATURE,0.11599999999999999,0.03866666666666666,0.23199999999999998,Quick Attack,Quick Attack,True,0.11599999999999999,0.03866666666666666,0.23199999999999998,100,True,4WE,19,V02,OPPONENT
4WE_PAIR_011_V03__PLAYER,R0_CURRENT_BASELINE,R3_STATE_CENTRIC_POLICY,0.11599999999999999,0.03866666666666666,0.23199999999999998,Quick Attack,Quick Attack,True,0.11599999999999999,0.03866666666666666,0.23199999999999998,101,True,4WE,11,V03,PLAYER
4WE_PAIR_007_V03__OPPONENT,R0_CURRENT_BASELINE,R1_REMOVE_LEGAL_SIGNATURE,0.11400000000000002,0.03866666666666667,0.232,Quick Attack,Quick Attack,True,0.11400000000000002,0.03866666666666667,0.232,102,True,4WE,7,V03,OPPONENT
4WE_PAIR_007_V03__PLAYER,R0_CURRENT_BASELINE,R1_REMOVE_LEGAL_SIGNATURE,0.11400000000000002,0.03866666666666667,0.232,Quick Attack,Quick Attack,True,0.11400000000000002,0.03866666666666667,0.232,103,True,4WE,7,V03,PLAYER
4WE_PAIR_017_V03__OPPONENT,R0_CURRENT_BASELINE,R1_REMOVE_LEGAL_SIGNATURE,0.11400000000000002,0.03866666666666667,0.232,Quick Attack,Quick Attack,True,0.11400000000000002,0.03866666666666667,0.232,104,True,4WE,17,V03,OPPONENT
4WE_PAIR_017_V03__PLAYER,R0_CURRENT_BASELINE,R1_REMOVE_LEGAL_SIGNATURE,0.11400000000000002,0.03866666666666667,0.232,Quick Attack,Quick Attack,True,0.11400000000000002,0.03866666666666667,0.232,105,True,4WE,17,V03,PLAYER
4WE_PAIR_004_V02__PLAYER,R0_CURRENT_BASELINE,R1_REMOVE_LEGAL_SIGNATURE,0.11400000000000002,0.03866666666666666,0.23199999999999998,Quick Attack,Quick Attack,True,0.11400000000000002,0.03866666666666666,0.23199999999999998,106,True,4WE,4,V02,PLAYER
4WE_PAIR_004_V02__OPPONENT,R0_CURRENT_BASELINE,R1_REMOVE_LEGAL_SIGNATURE,0.11400000000000002,0.038,0.22799999999999998,Quick Attack,Quick Attack,True,0.11400000000000002,0.038,0.22799999999999998,107,True,4WE,4,V02,OPPONENT
4WE_PAIR_016_V03__OPPONENT,R0_CURRENT_BASELINE,R1_REMOVE_LEGAL_SIGNATURE,0.114,0.03800000000000001,0.2280000000000001,Quick Attack,Quick Attack,True,0.114,0.03800000000000001,0.2280000000000001,108,True,4WE,16,V03,OPPONENT
4WE_PAIR_015_V03__OPPONENT,R0_CURRENT_BASELINE,R1_REMOVE_LEGAL_SIGNATURE,0.114,0.038,0.22799999999999998,Quick Attack,Quick Attack,True,0.114,0.038,0.22799999999999998,109,True,4WE,15,V03,OPPONENT
4WE_PAIR_021_V03__OPPONENT,R0_CURRENT_BASELINE,R1_REMOVE_LEGAL_SIGNATURE,0.114,0.038,0.22799999999999998,Quick Attack,Quick Attack,True,0.114,0.038,0.22799999999999998,110,True,4WE,21,V03,OPPONENT
4WE_PAIR_005_V03__PLAYER,R0_CURRENT_BASELINE,R3_STATE_CENTRIC_POLICY,0.114,0.038,0.22799999999999998,Quick Attack,Quick Attack,True,0.114,0.038,0.22799999999999998,111,True,4WE,5,V03,PLAYER
4WE_PAIR_012_V03__PLAYER,R0_CURRENT_BASELINE,R3_STATE_CENTRIC_POLICY,0.114,0.038,0.22799999999999998,Quick Attack,Quick Attack,True,0.114,0.038,0.22799999999999998,112,True,4WE,12,V03,PLAYER
4WE_PAIR_017_V04__PLAYER,R0_CURRENT_BASELINE,R3_STATE_CENTRIC_POLICY,0.11399999999999999,0.04066666666666666,0.244,Quick Attack,Quick Attack,True,0.11399999999999999,0.04066666666666666,0.244,113,True,4WE,17,V04,PLAYER
4WE_PAIR_003_V02__PLAYER,R0_CURRENT_BASELINE,R1_REMOVE_LEGAL_SIGNATURE,0.11399999999999999,0.03866666666666666,0.23199999999999996,Quick Attack,Quick Attack,True,0.11399999999999999,0.03866666666666666,0.23199999999999996,114,True,4WE,3,V02,PLAYER
4WE_PAIR_010_V02__PLAYER,R0_CURRENT_BASELINE,R1_REMOVE_LEGAL_SIGNATURE,0.11399999999999999,0.03866666666666666,0.23199999999999996,Quick Attack,Quick Attack,True,0.11399999999999999,0.03866666666666666,0.23199999999999996,115,True,4WE,10,V02,PLAYER
4WE_PAIR_003_V02__OPPONENT,R0_CURRENT_BASELINE,R1_REMOVE_LEGAL_SIGNATURE,0.11399999999999999,0.038,0.22799999999999998,Quick Attack,Quick Attack,True,0.11399999999999999,0.038,0.22799999999999998,116,True,4WE,3,V02,OPPONENT
4WE_PAIR_010_V02__OPPONENT,R0_CURRENT_BASELINE,R1_REMOVE_LEGAL_SIGNATURE,0.11399999999999999,0.038,0.22799999999999998,Quick Attack,Quick Attack,True,0.11399999999999999,0.038,0.22799999999999998,117,True,4WE,10,V02,OPPONENT
4WE_PAIR_022_V03__OPPONENT,R0_CURRENT_BASELINE,R3_STATE_CENTRIC_POLICY,0.11399999999999999,0.038,0.22799999999999998,Quick Attack,Quick Attack,True,0.11399999999999999,0.038,0.22799999999999998,118,True,4WE,22,V03,OPPONENT
4WE_PAIR_022_V03__PLAYER,R0_CURRENT_BASELINE,R3_STATE_CENTRIC_POLICY,0.11399999999999999,0.038,0.22799999999999998,Quick Attack,Quick Attack,True,0.11399999999999999,0.038,0.22799999999999998,119,True,4WE,22,V03,PLAYER
4WE_PAIR_007_V02__PLAYER,R0_CURRENT_BASELINE,R1_REMOVE_LEGAL_SIGNATURE,0.11200000000000002,0.038,0.228,Quick Attack,Quick Attack,True,0.11200000000000002,0.038,0.228,120,True,4WE,7,V02,PLAYER
4WE_PAIR_017_V02__PLAYER,R0_CURRENT_BASELINE,R1_REMOVE_LEGAL_SIGNATURE,0.11200000000000002,0.038,0.228,Quick Attack,Quick Attack,True,0.11200000000000002,0.038,0.228,121,True,4WE,17,V02,PLAYER
4WE_PAIR_003_V03__OPPONENT,R0_CURRENT_BASELINE,R1_REMOVE_LEGAL_SIGNATURE,0.11200000000000002,0.038,0.22799999999999998,Quick Attack,Quick Attack,True,0.11200000000000002,0.038,0.22799999999999998,122,True,4WE,3,V03,OPPONENT
4WE_PAIR_003_V03__PLAYER,R0_CURRENT_BASELINE,R1_REMOVE_LEGAL_SIGNATURE,0.11200000000000002,0.038,0.22799999999999998,Quick Attack,Quick Attack,True,0.11200000000000002,0.038,0.22799999999999998,123,True,4WE,3,V03,PLAYER
4WE_PAIR_004_V03__OPPONENT,R0_CURRENT_BASELINE,R1_REMOVE_LEGAL_SIGNATURE,0.11200000000000002,0.038,0.22799999999999998,Quick Attack,Quick Attack,True,0.11200000000000002,0.038,0.22799999999999998,124,True,4WE,4,V03,OPPONENT
4WE_PAIR_004_V03__PLAYER,R0_CURRENT_BASELINE,R1_REMOVE_LEGAL_SIGNATURE,0.11200000000000002,0.038,0.22799999999999998,Quick Attack,Quick Attack,True,0.11200000000000002,0.038,0.22799999999999998,125,True,4WE,4,V03,PLAYER
4WE_PAIR_010_V03__OPPONENT,R0_CURRENT_BASELINE,R1_REMOVE_LEGAL_SIGNATURE,0.11200000000000002,0.038,0.22799999999999998,Quick Attack,Quick Attack,True,0.11200000000000002,0.038,0.22799999999999998,126,True,4WE,10,V03,OPPONENT
4WE_PAIR_010_V03__PLAYER,R0_CURRENT_BASELINE,R1_REMOVE_LEGAL_SIGNATURE,0.11200000000000002,0.038,0.22799999999999998,Quick Attack,Quick Attack,True,0.11200000000000002,0.038,0.22799999999999998,127,True,4WE,10,V03,PLAYER
4WE_PAIR_007_V02__OPPONENT,R0_CURRENT_BASELINE,R1_REMOVE_LEGAL_SIGNATURE,0.11200000000000002,0.037333333333333336,0.224,Quick Attack,Quick Attack,True,0.11200000000000002,0.037333333333333336,0.224,128,True,4WE,7,V02,OPPONENT
4WE_PAIR_017_V02__OPPONENT,R0_CURRENT_BASELINE,R1_REMOVE_LEGAL_SIGNATURE,0.11200000000000002,0.037333333333333336,0.224,Quick Attack,Quick Attack,True,0.11200000000000002,0.037333333333333336,0.224,129,True,4WE,17,V02,OPPONENT
4WE_PAIR_006_V02__OPPONENT,R0_CURRENT_BASELINE,R3_STATE_CENTRIC_POLICY,0.112,0.03733333333333335,0.2240000000000001,Quick Attack,Quick Attack,True,0.112,0.03733333333333335,0.2240000000000001,130,True,4WE,6,V02,OPPONENT
4WE_PAIR_005_V02__OPPONENT,R0_CURRENT_BASELINE,R3_STATE_CENTRIC_POLICY,0.112,0.03733333333333333,0.22399999999999998,Quick Attack,Quick Attack,True,0.112,0.03733333333333333,0.22399999999999998,131,True,4WE,5,V02,OPPONENT
4WE_PAIR_012_V02__OPPONENT,R0_CURRENT_BASELINE,R3_STATE_CENTRIC_POLICY,0.112,0.03733333333333333,0.22399999999999998,Quick Attack,Quick Attack,True,0.112,0.03733333333333333,0.22399999999999998,132,True,4WE,12,V02,OPPONENT
4WE_PAIR_007_V01__PLAYER,R0_CURRENT_BASELINE,R3_STATE_CENTRIC_POLICY,0.11199999999999999,0.04,0.24,Quick Attack,Quick Attack,True,0.11199999999999999,0.04,0.24,133,True,4WE,7,V01,PLAYER
4WE_PAIR_011_V03__OPPONENT,R0_CURRENT_BASELINE,R3_STATE_CENTRIC_POLICY,0.11199999999999999,0.03733333333333333,0.22399999999999998,Quick Attack,Quick Attack,True,0.11199999999999999,0.03733333333333333,0.22399999999999998,134,True,4WE,11,V03,OPPONENT
4WE_PAIR_020_V02__OPPONENT,R0_CURRENT_BASELINE,R3_STATE_CENTRIC_POLICY,0.11199999999999999,0.03733333333333333,0.22399999999999998,Quick Attack,Quick Attack,True,0.11199999999999999,0.03733333333333333,0.22399999999999998,135,True,4WE,20,V02,OPPONENT
4WE_PAIR_020_V02__PLAYER,R0_CURRENT_BASELINE,R3_STATE_CENTRIC_POLICY,0.11199999999999999,0.03733333333333333,0.22399999999999998,Quick Attack,Quick Attack,True,0.11199999999999999,0.03733333333333333,0.22399999999999998,136,True,4WE,20,V02,PLAYER
4WE_PAIR_005_V03__OPPONENT,R0_CURRENT_BASELINE,R1_REMOVE_LEGAL_SIGNATURE,0.11,0.03666666666666668,0.22000000000000008,Quick Attack,Quick Attack,True,0.11,0.03666666666666668,0.22000000000000008,137,True,4WE,5,V03,OPPONENT
4WE_PAIR_006_V03__OPPONENT,R0_CURRENT_BASELINE,R1_REMOVE_LEGAL_SIGNATURE,0.11,0.03666666666666668,0.22000000000000008,Quick Attack,Quick Attack,True,0.11,0.03666666666666668,0.22000000000000008,138,True,4WE,6,V03,OPPONENT
4WE_PAIR_012_V03__OPPONENT,R0_CURRENT_BASELINE,R1_REMOVE_LEGAL_SIGNATURE,0.11,0.03666666666666668,0.22000000000000008,Quick Attack,Quick Attack,True,0.11,0.03666666666666668,0.22000000000000008,139,True,4WE,12,V03,OPPONENT
4WE_PAIR_015_V02__OPPONENT,R0_CURRENT_BASELINE,R1_REMOVE_LEGAL_SIGNATURE,0.11,0.03666666666666668,0.22000000000000008,Quick Attack,Quick Attack,True,0.11,0.03666666666666668,0.22000000000000008,140,True,4WE,15,V02,OPPONENT
4WE_PAIR_016_V02__OPPONENT,R0_CURRENT_BASELINE,R1_REMOVE_LEGAL_SIGNATURE,0.11,0.03666666666666668,0.22000000000000008,Quick Attack,Quick Attack,True,0.11,0.03666666666666668,0.22000000000000008,141,True,4WE,16,V02,OPPONENT
4WE_PAIR_021_V02__OPPONENT,R0_CURRENT_BASELINE,R1_REMOVE_LEGAL_SIGNATURE,0.11,0.03666666666666668,0.22000000000000008,Quick Attack,Quick Attack,True,0.11,0.03666666666666668,0.22000000000000008,142,True,4WE,21,V02,OPPONENT
4WE_PAIR_016_V02__PLAYER,R0_CURRENT_BASELINE,R3_STATE_CENTRIC_POLICY,0.11,0.03666666666666668,0.22000000000000008,Quick Attack,Quick Attack,True,0.11,0.03666666666666668,0.22000000000000008,143,True,4WE,16,V02,PLAYER
4WE_PAIR_007_V01__OPPONENT,R0_CURRENT_BASELINE,R3_STATE_CENTRIC_POLICY,0.10999999999999999,0.03933333333333334,0.23600000000000002,Quick Attack,Quick Attack,True,0.10999999999999999,0.03933333333333334,0.23600000000000002,144,True,4WE,7,V01,OPPONENT
4WE_PAIR_017_V01__OPPONENT,R0_CURRENT_BASELINE,R3_STATE_CENTRIC_POLICY,0.10999999999999999,0.03933333333333334,0.23600000000000002,Quick Attack,Quick Attack,True,0.10999999999999999,0.03933333333333334,0.23600000000000002,145,True,4WE,17,V01,OPPONENT
4WE_PAIR_017_V01__PLAYER,R0_CURRENT_BASELINE,R3_STATE_CENTRIC_POLICY,0.10999999999999999,0.03933333333333334,0.23600000000000002,Quick Attack,Quick Attack,True,0.10999999999999999,0.03933333333333334,0.23600000000000002,146,True,4WE,17,V01,PLAYER
4WE_PAIR_002_V04__PLAYER,R0_CURRENT_BASELINE,R3_STATE_CENTRIC_POLICY,0.10999999999999999,0.03933333333333333,0.236,Quick Attack,Quick Attack,True,0.10999999999999999,0.03933333333333333,0.236,147,True,4WE,2,V04,PLAYER
4WE_PAIR_009_V04__PLAYER,R0_CURRENT_BASELINE,R3_STATE_CENTRIC_POLICY,0.10999999999999999,0.03933333333333333,0.236,Quick Attack,Quick Attack,True,0.10999999999999999,0.03933333333333333,0.236,148,True,4WE,9,V04,PLAYER
4WE_PAIR_007_V04__OPPONENT,R0_CURRENT_BASELINE,R3_STATE_CENTRIC_POLICY,0.10999999999999999,0.03866666666666667,0.232,Quick Attack,Quick Attack,True,0.10999999999999999,0.03866666666666667,0.232,149,True,4WE,7,V04,OPPONENT
4WE_PAIR_017_V04__OPPONENT,R0_CURRENT_BASELINE,R3_STATE_CENTRIC_POLICY,0.10999999999999999,0.03866666666666667,0.232,Quick Attack,Quick Attack,True,0.10999999999999999,0.03866666666666667,0.232,150,True,4WE,17,V04,OPPONENT
4WE_PAIR_011_V02__PLAYER,R0_CURRENT_BASELINE,R3_STATE_CENTRIC_POLICY,0.10999999999999999,0.03666666666666666,0.21999999999999997,Quick Attack,Quick Attack,True,0.10999999999999999,0.03666666666666666,0.21999999999999997,151,True,4WE,11,V02,PLAYER
4WE_PAIR_015_V03__PLAYER,R0_CURRENT_BASELINE,R1_REMOVE_LEGAL_SIGNATURE,0.108,0.03600000000000001,0.21600000000000008,Quick Attack,Quick Attack,True,0.108,0.03600000000000001,0.21600000000000008,152,True,4WE,15,V03,PLAYER
4WE_PAIR_016_V03__PLAYER,R0_CURRENT_BASELINE,R1_REMOVE_LEGAL_SIGNATURE,0.108,0.03600000000000001,0.21600000000000008,Quick Attack,Quick Attack,True,0.108,0.03600000000000001,0.21600000000000008,153,True,4WE,16,V03,PLAYER
4WE_PAIR_021_V03__PLAYER,R0_CURRENT_BASELINE,R1_REMOVE_LEGAL_SIGNATURE,0.108,0.03600000000000001,0.21600000000000008,Quick Attack,Quick Attack,True,0.108,0.03600000000000001,0.21600000000000008,154,True,4WE,21,V03,PLAYER
4WE_PAIR_006_V02__PLAYER,R0_CURRENT_BASELINE,R3_STATE_CENTRIC_POLICY,0.108,0.03600000000000001,0.21600000000000008,Quick Attack,Quick Attack,True,0.108,0.03600000000000001,0.21600000000000008,155,True,4WE,6,V02,PLAYER
4WE_PAIR_015_V02__PLAYER,R0_CURRENT_BASELINE,R3_STATE_CENTRIC_POLICY,0.108,0.03600000000000001,0.21600000000000008,Quick Attack,Quick Attack,True,0.108,0.03600000000000001,0.21600000000000008,156,True,4WE,15,V02,PLAYER
4WE_PAIR_021_V02__PLAYER,R0_CURRENT_BASELINE,R3_STATE_CENTRIC_POLICY,0.108,0.03600000000000001,0.21600000000000008,Quick Attack,Quick Attack,True,0.108,0.03600000000000001,0.21600000000000008,157,True,4WE,21,V02,PLAYER
4WE_PAIR_020_V03__OPPONENT,R0_CURRENT_BASELINE,R1_REMOVE_LEGAL_SIGNATURE,0.108,0.036,0.21599999999999997,Quick Attack,Quick Attack,True,0.108,0.036,0.21599999999999997,158,True,4WE,20,V03,OPPONENT
4WE_PAIR_001_V04__PLAYER,R0_CURRENT_BASELINE,R3_STATE_CENTRIC_POLICY,0.10799999999999998,0.03866666666666666,0.23199999999999998,Quick Attack,Quick Attack,True,0.10799999999999998,0.03866666666666666,0.23199999999999998,159,True,4WE,1,V04,PLAYER
4WE_PAIR_008_V04__PLAYER,R0_CURRENT_BASELINE,R3_STATE_CENTRIC_POLICY,0.10799999999999998,0.03866666666666666,0.23199999999999998,Quick Attack,Quick Attack,True,0.10799999999999998,0.03866666666666666,0.23199999999999998,160,True,4WE,8,V04,PLAYER
4WE_PAIR_014_V04__PLAYER,R0_CURRENT_BASELINE,R3_STATE_CENTRIC_POLICY,0.10799999999999998,0.03866666666666666,0.23199999999999998,Quick Attack,Quick Attack,True,0.10799999999999998,0.03866666666666666,0.23199999999999998,161,True,4WE,14,V04,PLAYER
4WE_PAIR_019_V04__PLAYER,R0_CURRENT_BASELINE,R3_STATE_CENTRIC_POLICY,0.10799999999999998,0.03866666666666666,0.23199999999999998,Quick Attack,Quick Attack,True,0.10799999999999998,0.03866666666666666,0.23199999999999998,162,True,4WE,19,V04,PLAYER
4WE_PAIR_023_V03__OPPONENT,R0_CURRENT_BASELINE,R3_STATE_CENTRIC_POLICY,0.10799999999999998,0.036,0.21599999999999997,Quick Attack,Quick Attack,True,0.10799999999999998,0.036,0.21599999999999997,163,True,4WE,23,V03,OPPONENT
4WE_PAIR_023_V03__PLAYER,R0_CURRENT_BASELINE,R3_STATE_CENTRIC_POLICY,0.10799999999999998,0.036,0.21599999999999997,Quick Attack,Quick Attack,True,0.10799999999999998,0.036,0.21599999999999997,164,True,4WE,23,V03,PLAYER
4WE_PAIR_020_V03__PLAYER,R0_CURRENT_BASELINE,R1_REMOVE_LEGAL_SIGNATURE,0.1060000000000001,0.03533333333333335,0.21200000000000008,Quick Attack,Quick Attack,True,0.1060000000000001,0.03533333333333335,0.21200000000000008,165,True,4WE,20,V03,PLAYER
4WE_PAIR_005_V02__OPPONENT,R0_CURRENT_BASELINE,R1_REMOVE_LEGAL_SIGNATURE,0.106,0.03533333333333335,0.21200000000000008,Quick Attack,Quick Attack,True,0.106,0.03533333333333335,0.21200000000000008,166,True,4WE,5,V02,OPPONENT
4WE_PAIR_006_V02__OPPONENT,R0_CURRENT_BASELINE,R1_REMOVE_LEGAL_SIGNATURE,0.106,0.03533333333333335,0.21200000000000008,Quick Attack,Quick Attack,True,0.106,0.03533333333333335,0.21200000000000008,167,True,4WE,6,V02,OPPONENT
4WE_PAIR_012_V02__OPPONENT,R0_CURRENT_BASELINE,R1_REMOVE_LEGAL_SIGNATURE,0.106,0.03533333333333335,0.21200000000000008,Quick Attack,Quick Attack,True,0.106,0.03533333333333335,0.21200000000000008,168,True,4WE,12,V02,OPPONENT
4WE_PAIR_005_V02__PLAYER,R0_CURRENT_BASELINE,R3_STATE_CENTRIC_POLICY,0.106,0.03533333333333335,0.21200000000000008,Quick Attack,Quick Attack,True,0.106,0.03533333333333335,0.21200000000000008,169,True,4WE,5,V02,PLAYER
4WE_PAIR_012_V02__PLAYER,R0_CURRENT_BASELINE,R3_STATE_CENTRIC_POLICY,0.106,0.03533333333333335,0.21200000000000008,Quick Attack,Quick Attack,True,0.106,0.03533333333333335,0.21200000000000008,170,True,4WE,12,V02,PLAYER
4WE_PAIR_013_V04__PLAYER,R0_CURRENT_BASELINE,R3_STATE_CENTRIC_POLICY,0.10599999999999998,0.038,0.22799999999999998,Quick Attack,Quick Attack,True,0.10599999999999998,0.038,0.22799999999999998,171,True,4WE,13,V04,PLAYER
4WE_PAIR_018_V04__PLAYER,R0_CURRENT_BASELINE,R3_STATE_CENTRIC_POLICY,0.10599999999999998,0.038,0.22799999999999998,Quick Attack,Quick Attack,True,0.10599999999999998,0.038,0.22799999999999998,172,True,4WE,18,V04,PLAYER
4WE_PAIR_022_V02__OPPONENT,R0_CURRENT_BASELINE,R3_STATE_CENTRIC_POLICY,0.10599999999999998,0.035333333333333335,0.212,Quick Attack,Quick Attack,True,0.10599999999999998,0.035333333333333335,0.212,173,True,4WE,22,V02,OPPONENT
4WE_PAIR_011_V02__OPPONENT,R0_CURRENT_BASELINE,R3_STATE_CENTRIC_POLICY,0.10599999999999998,0.03533333333333333,0.21199999999999997,Quick Attack,Quick Attack,True,0.10599999999999998,0.03533333333333333,0.21199999999999997,174,True,4WE,11,V02,OPPONENT
4WE_PAIR_022_V03__OPPONENT,R0_CURRENT_BASELINE,R1_REMOVE_LEGAL_SIGNATURE,0.10400000000000009,0.03466666666666668,0.20800000000000007,Quick Attack,Quick Attack,True,0.10400000000000009,0.03466666666666668,0.20800000000000007,175,True,4WE,22,V03,OPPONENT
4WE_PAIR_023_V03__OPPONENT,R0_CURRENT_BASELINE,R1_REMOVE_LEGAL_SIGNATURE,0.10400000000000009,0.03466666666666668,0.20800000000000007,Quick Attack,Quick Attack,True,0.10400000000000009,0.03466666666666668,0.20800000000000007,176,True,4WE,23,V03,OPPONENT
4WE_PAIR_005_V03__PLAYER,R0_CURRENT_BASELINE,R1_REMOVE_LEGAL_SIGNATURE,0.104,0.03466666666666668,0.20800000000000007,Quick Attack,Quick Attack,True,0.104,0.03466666666666668,0.20800000000000007,177,True,4WE,5,V03,PLAYER
4WE_PAIR_006_V03__PLAYER,R0_CURRENT_BASELINE,R1_REMOVE_LEGAL_SIGNATURE,0.104,0.03466666666666668,0.20800000000000007,Quick Attack,Quick Attack,True,0.104,0.03466666666666668,0.20800000000000007,178,True,4WE,6,V03,PLAYER
4WE_PAIR_012_V03__PLAYER,R0_CURRENT_BASELINE,R1_REMOVE_LEGAL_SIGNATURE,0.104,0.03466666666666668,0.20800000000000007,Quick Attack,Quick Attack,True,0.104,0.03466666666666668,0.20800000000000007,179,True,4WE,12,V03,PLAYER
4WE_PAIR_011_V03__OPPONENT,R0_CURRENT_BASELINE,R1_REMOVE_LEGAL_SIGNATURE,0.104,0.03466666666666666,0.20799999999999996,Quick Attack,Quick Attack,True,0.104,0.03466666666666666,0.20799999999999996,180,True,4WE,11,V03,OPPONENT
4WE_PAIR_020_V02__OPPONENT,R0_CURRENT_BASELINE,R1_REMOVE_LEGAL_SIGNATURE,0.104,0.03466666666666666,0.20799999999999996,Quick Attack,Quick Attack,True,0.104,0.03466666666666666,0.20799999999999996,181,True,4WE,20,V02,OPPONENT
4WE_PAIR_002_V01__PLAYER,R0_CURRENT_BASELINE,R3_STATE_CENTRIC_POLICY,0.10399999999999998,0.03733333333333333,0.22399999999999998,Quick Attack,Quick Attack,True,0.10399999999999998,0.03733333333333333,0.22399999999999998,182,True,4WE,2,V01,PLAYER
4WE_PAIR_003_V04__PLAYER,R0_CURRENT_BASELINE,R3_STATE_CENTRIC_POLICY,0.10399999999999998,0.03733333333333333,0.22399999999999998,Quick Attack,Quick Attack,True,0.10399999999999998,0.03733333333333333,0.22399999999999998,183,True,4WE,3,V04,PLAYER
4WE_PAIR_004_V04__PLAYER,R0_CURRENT_BASELINE,R3_STATE_CENTRIC_POLICY,0.10399999999999998,0.03733333333333333,0.22399999999999998,Quick Attack,Quick Attack,True,0.10399999999999998,0.03733333333333333,0.22399999999999998,184,True,4WE,4,V04,PLAYER
4WE_PAIR_009_V01__PLAYER,R0_CURRENT_BASELINE,R3_STATE_CENTRIC_POLICY,0.10399999999999998,0.03733333333333333,0.22399999999999998,Quick Attack,Quick Attack,True,0.10399999999999998,0.03733333333333333,0.22399999999999998,185,True,4WE,9,V01,PLAYER
4WE_PAIR_010_V04__PLAYER,R0_CURRENT_BASELINE,R3_STATE_CENTRIC_POLICY,0.10399999999999998,0.03733333333333333,0.22399999999999998,Quick Attack,Quick Attack,True,0.10399999999999998,0.03733333333333333,0.22399999999999998,186,True,4WE,10,V04,PLAYER
4WE_PAIR_022_V02__PLAYER,R0_CURRENT_BASELINE,R3_STATE_CENTRIC_POLICY,0.10200000000000009,0.034000000000000016,0.2040000000000001,Quick Attack,Quick Attack,True,0.10200000000000009,0.034000000000000016,0.2040000000000001,187,True,4WE,22,V02,PLAYER
4WE_PAIR_023_V02__OPPONENT,R0_CURRENT_BASELINE,R3_STATE_CENTRIC_POLICY,0.10200000000000009,0.034000000000000016,0.2040000000000001,Quick Attack,Quick Attack,True,0.10200000000000009,0.034000000000000016,0.2040000000000001,188,True,4WE,23,V02,OPPONENT
4WE_PAIR_023_V02__PLAYER,R0_CURRENT_BASELINE,R3_STATE_CENTRIC_POLICY,0.10200000000000009,0.034000000000000016,0.2040000000000001,Quick Attack,Quick Attack,True,0.10200000000000009,0.034000000000000016,0.2040000000000001,189,True,4WE,23,V02,PLAYER
4WE_PAIR_011_V03__PLAYER,R0_CURRENT_BASELINE,R1_REMOVE_LEGAL_SIGNATURE,0.10200000000000009,0.03400000000000001,0.20400000000000007,Quick Attack,Quick Attack,True,0.10200000000000009,0.03400000000000001,0.20400000000000007,190,True,4WE,11,V03,PLAYER
4WE_PAIR_020_V02__PLAYER,R0_CURRENT_BASELINE,R1_REMOVE_LEGAL_SIGNATURE,0.10200000000000009,0.03400000000000001,0.20400000000000007,Quick Attack,Quick Attack,True,0.10200000000000009,0.03400000000000001,0.20400000000000007,191,True,4WE,20,V02,PLAYER
4WE_PAIR_022_V02__OPPONENT,R0_CURRENT_BASELINE,R1_REMOVE_LEGAL_SIGNATURE,0.10200000000000009,0.03400000000000001,0.20400000000000007,Quick Attack,Quick Attack,True,0.10200000000000009,0.03400000000000001,0.20400000000000007,192,True,4WE,22,V02,OPPONENT
4WE_PAIR_022_V03__PLAYER,R0_CURRENT_BASELINE,R1_REMOVE_LEGAL_SIGNATURE,0.10200000000000009,0.03400000000000001,0.20400000000000007,Quick Attack,Quick Attack,True,0.10200000000000009,0.03400000000000001,0.20400000000000007,193,True,4WE,22,V03,PLAYER
4WE_PAIR_023_V02__OPPONENT,R0_CURRENT_BASELINE,R1_REMOVE_LEGAL_SIGNATURE,0.10200000000000009,0.03400000000000001,0.20400000000000007,Quick Attack,Quick Attack,True,0.10200000000000009,0.03400000000000001,0.20400000000000007,194,True,4WE,23,V02,OPPONENT
4WE_PAIR_023_V03__PLAYER,R0_CURRENT_BASELINE,R1_REMOVE_LEGAL_SIGNATURE,0.10200000000000009,0.03400000000000001,0.20400000000000007,Quick Attack,Quick Attack,True,0.10200000000000009,0.03400000000000001,0.20400000000000007,195,True,4WE,23,V03,PLAYER
4WE_PAIR_015_V02__PLAYER,R0_CURRENT_BASELINE,R1_REMOVE_LEGAL_SIGNATURE,0.102,0.03400000000000001,0.20400000000000007,Quick Attack,Quick Attack,True,0.102,0.03400000000000001,0.20400000000000007,196,True,4WE,15,V02,PLAYER
4WE_PAIR_016_V02__PLAYER,R0_CURRENT_BASELINE,R1_REMOVE_LEGAL_SIGNATURE,0.102,0.03400000000000001,0.20400000000000007,Quick Attack,Quick Attack,True,0.102,0.03400000000000001,0.20400000000000007,197,True,4WE,16,V02,PLAYER
4WE_PAIR_021_V02__PLAYER,R0_CURRENT_BASELINE,R1_REMOVE_LEGAL_SIGNATURE,0.102,0.03400000000000001,0.20400000000000007,Quick Attack,Quick Attack,True,0.102,0.03400000000000001,0.20400000000000007,198,True,4WE,21,V02,PLAYER
4WE_PAIR_001_V01__PLAYER,R0_CURRENT_BASELINE,R3_STATE_CENTRIC_POLICY,0.10199999999999998,0.03666666666666666,0.21999999999999997,Quick Attack,Quick Attack,True,0.10199999999999998,0.03666666666666666,0.21999999999999997,199,True,4WE,1,V01,PLAYER
4WE_PAIR_002_V01__OPPONENT,R0_CURRENT_BASELINE,R3_STATE_CENTRIC_POLICY,0.10199999999999998,0.03666666666666666,0.21999999999999997,Quick Attack,Quick Attack,True,0.10199999999999998,0.03666666666666666,0.21999999999999997,200,True,4WE,2,V01,OPPONENT
4WE_PAIR_003_V01__PLAYER,R0_CURRENT_BASELINE,R3_STATE_CENTRIC_POLICY,0.10199999999999998,0.03666666666666666,0.21999999999999997,Quick Attack,Quick Attack,True,0.10199999999999998,0.03666666666666666,0.21999999999999997,201,True,4WE,3,V01,PLAYER
4WE_PAIR_004_V01__PLAYER,R0_CURRENT_BASELINE,R3_STATE_CENTRIC_POLICY,0.10199999999999998,0.03666666666666666,0.21999999999999997,Quick Attack,Quick Attack,True,0.10199999999999998,0.03666666666666666,0.21999999999999997,202,True,4WE,4,V01,PLAYER
4WE_PAIR_008_V01__PLAYER,R0_CURRENT_BASELINE,R3_STATE_CENTRIC_POLICY,0.10199999999999998,0.03666666666666666,0.21999999999999997,Quick Attack,Quick Attack,True,0.10199999999999998,0.03666666666666666,0.21999999999999997,203,True,4WE,8,V01,PLAYER
4WE_PAIR_009_V01__OPPONENT,R0_CURRENT_BASELINE,R3_STATE_CENTRIC_POLICY,0.10199999999999998,0.03666666666666666,0.21999999999999997,Quick Attack,Quick Attack,True,0.10199999999999998,0.03666666666666666,0.21999999999999997,204,True,4WE,9,V01,OPPONENT
4WE_PAIR_010_V01__PLAYER,R0_CURRENT_BASELINE,R3_STATE_CENTRIC_POLICY,0.10199999999999998,0.03666666666666666,0.21999999999999997,Quick Attack,Quick Attack,True,0.10199999999999998,0.03666666666666666,0.21999999999999997,205,True,4WE,10,V01,PLAYER
4WE_PAIR_014_V01__OPPONENT,R0_CURRENT_BASELINE,R3_STATE_CENTRIC_POLICY,0.10199999999999998,0.03666666666666666,0.21999999999999997,Quick Attack,Quick Attack,True,0.10199999999999998,0.03666666666666666,0.21999999999999997,206,True,4WE,14,V01,OPPONENT
4WE_PAIR_014_V01__PLAYER,R0_CURRENT_BASELINE,R3_STATE_CENTRIC_POLICY,0.10199999999999998,0.03666666666666666,0.21999999999999997,Quick Attack,Quick Attack,True,0.10199999999999998,0.03666666666666666,0.21999999999999997,207,True,4WE,14,V01,PLAYER
4WE_PAIR_019_V01__OPPONENT,R0_CURRENT_BASELINE,R3_STATE_CENTRIC_POLICY,0.10199999999999998,0.03666666666666666,0.21999999999999997,Quick Attack,Quick Attack,True,0.10199999999999998,0.03666666666666666,0.21999999999999997,208,True,4WE,19,V01,OPPONENT
4WE_PAIR_019_V01__PLAYER,R0_CURRENT_BASELINE,R3_STATE_CENTRIC_POLICY,0.10199999999999998,0.03666666666666666,0.21999999999999997,Quick Attack,Quick Attack,True,0.10199999999999998,0.03666666666666666,0.21999999999999997,209,True,4WE,19,V01,PLAYER
4WE_PAIR_002_V04__OPPONENT,R0_CURRENT_BASELINE,R3_STATE_CENTRIC_POLICY,0.10199999999999998,0.036,0.21599999999999997,Quick Attack,Quick Attack,True,0.10199999999999998,0.036,0.21599999999999997,210,True,4WE,2,V04,OPPONENT
4WE_PAIR_009_V04__OPPONENT,R0_CURRENT_BASELINE,R3_STATE_CENTRIC_POLICY,0.10199999999999998,0.036,0.21599999999999997,Quick Attack,Quick Attack,True,0.10199999999999998,0.036,0.21599999999999997,211,True,4WE,9,V04,OPPONENT
4WE_PAIR_014_V04__OPPONENT,R0_CURRENT_BASELINE,R3_STATE_CENTRIC_POLICY,0.10199999999999998,0.036,0.21599999999999997,Quick Attack,Quick Attack,True,0.10199999999999998,0.036,0.21599999999999997,212,True,4WE,14,V04,OPPONENT
4WE_PAIR_019_V04__OPPONENT,R0_CURRENT_BASELINE,R3_STATE_CENTRIC_POLICY,0.10199999999999998,0.036,0.21599999999999997,Quick Attack,Quick Attack,True,0.10199999999999998,0.036,0.21599999999999997,213,True,4WE,19,V04,OPPONENT
4WE_PAIR_011_V02__OPPONENT,R0_CURRENT_BASELINE,R1_REMOVE_LEGAL_SIGNATURE,0.09999999999999999,0.03333333333333335,0.20000000000000007,Quick Attack,Quick Attack,True,0.09999999999999999,0.03333333333333335,0.20000000000000007,214,True,4WE,11,V02,OPPONENT
4WE_PAIR_001_V01__OPPONENT,R0_CURRENT_BASELINE,R3_STATE_CENTRIC_POLICY,0.09999999999999998,0.036,0.21599999999999997,Quick Attack,Quick Attack,True,0.09999999999999998,0.036,0.21599999999999997,215,True,4WE,1,V01,OPPONENT
4WE_PAIR_003_V01__OPPONENT,R0_CURRENT_BASELINE,R3_STATE_CENTRIC_POLICY,0.09999999999999998,0.036,0.21599999999999997,Quick Attack,Quick Attack,True,0.09999999999999998,0.036,0.21599999999999997,216,True,4WE,3,V01,OPPONENT
4WE_PAIR_004_V01__OPPONENT,R0_CURRENT_BASELINE,R3_STATE_CENTRIC_POLICY,0.09999999999999998,0.036,0.21599999999999997,Quick Attack,Quick Attack,True,0.09999999999999998,0.036,0.21599999999999997,217,True,4WE,4,V01,OPPONENT
4WE_PAIR_008_V01__OPPONENT,R0_CURRENT_BASELINE,R3_STATE_CENTRIC_POLICY,0.09999999999999998,0.036,0.21599999999999997,Quick Attack,Quick Attack,True,0.09999999999999998,0.036,0.21599999999999997,218,True,4WE,8,V01,OPPONENT
4WE_PAIR_010_V01__OPPONENT,R0_CURRENT_BASELINE,R3_STATE_CENTRIC_POLICY,0.09999999999999998,0.036,0.21599999999999997,Quick Attack,Quick Attack,True,0.09999999999999998,0.036,0.21599999999999997,219,True,4WE,10,V01,OPPONENT
4WE_PAIR_013_V01__OPPONENT,R0_CURRENT_BASELINE,R3_STATE_CENTRIC_POLICY,0.09999999999999998,0.036,0.21599999999999997,Quick Attack,Quick Attack,True,0.09999999999999998,0.036,0.21599999999999997,220,True,4WE,13,V01,OPPONENT
4WE_PAIR_013_V01__PLAYER,R0_CURRENT_BASELINE,R3_STATE_CENTRIC_POLICY,0.09999999999999998,0.036,0.21599999999999997,Quick Attack,Quick Attack,True,0.09999999999999998,0.036,0.21599999999999997,221,True,4WE,13,V01,PLAYER
4WE_PAIR_018_V01__OPPONENT,R0_CURRENT_BASELINE,R3_STATE_CENTRIC_POLICY,0.09999999999999998,0.036,0.21599999999999997,Quick Attack,Quick Attack,True,0.09999999999999998,0.036,0.21599999999999997,222,True,4WE,18,V01,OPPONENT
4WE_PAIR_018_V01__PLAYER,R0_CURRENT_BASELINE,R3_STATE_CENTRIC_POLICY,0.09999999999999998,0.036,0.21599999999999997,Quick Attack,Quick Attack,True,0.09999999999999998,0.036,0.21599999999999997,223,True,4WE,18,V01,PLAYER
4WE_PAIR_001_V04__OPPONENT,R0_CURRENT_BASELINE,R3_STATE_CENTRIC_POLICY,0.09999999999999998,0.03533333333333333,0.21199999999999997,Quick Attack,Quick Attack,True,0.09999999999999998,0.03533333333333333,0.21199999999999997,224,True,4WE,1,V04,OPPONENT
4WE_PAIR_003_V04__OPPONENT,R0_CURRENT_BASELINE,R3_STATE_CENTRIC_POLICY,0.09999999999999998,0.03533333333333333,0.21199999999999997,Quick Attack,Quick Attack,True,0.09999999999999998,0.03533333333333333,0.21199999999999997,225,True,4WE,3,V04,OPPONENT
4WE_PAIR_004_V04__OPPONENT,R0_CURRENT_BASELINE,R3_STATE_CENTRIC_POLICY,0.09999999999999998,0.03533333333333333,0.21199999999999997,Quick Attack,Quick Attack,True,0.09999999999999998,0.03533333333333333,0.21199999999999997,226,True,4WE,4,V04,OPPONENT
4WE_PAIR_008_V04__OPPONENT,R0_CURRENT_BASELINE,R3_STATE_CENTRIC_POLICY,0.09999999999999998,0.03533333333333333,0.21199999999999997,Quick Attack,Quick Attack,True,0.09999999999999998,0.03533333333333333,0.21199999999999997,227,True,4WE,8,V04,OPPONENT
4WE_PAIR_010_V04__OPPONENT,R0_CURRENT_BASELINE,R3_STATE_CENTRIC_POLICY,0.09999999999999998,0.03533333333333333,0.21199999999999997,Quick Attack,Quick Attack,True,0.09999999999999998,0.03533333333333333,0.21199999999999997,228,True,4WE,10,V04,OPPONENT
4WE_PAIR_013_V04__OPPONENT,R0_CURRENT_BASELINE,R3_STATE_CENTRIC_POLICY,0.09999999999999998,0.03533333333333333,0.21199999999999997,Quick Attack,Quick Attack,True,0.09999999999999998,0.03533333333333333,0.21199999999999997,229,True,4WE,13,V04,OPPONENT
4WE_PAIR_018_V04__OPPONENT,R0_CURRENT_BASELINE,R3_STATE_CENTRIC_POLICY,0.09999999999999998,0.03533333333333333,0.21199999999999997,Quick Attack,Quick Attack,True,0.09999999999999998,0.03533333333333333,0.21199999999999997,230,True,4WE,18,V04,OPPONENT
4WE_PAIR_011_V02__PLAYER,R0_CURRENT_BASELINE,R1_REMOVE_LEGAL_SIGNATURE,0.09800000000000009,0.032666666666666684,0.19600000000000012,Quick Attack,Quick Attack,True,0.09800000000000009,0.032666666666666684,0.19600000000000012,231,True,4WE,11,V02,PLAYER
4WE_PAIR_022_V02__PLAYER,R0_CURRENT_BASELINE,R1_REMOVE_LEGAL_SIGNATURE,0.09800000000000009,0.032666666666666684,0.19600000000000012,Quick Attack,Quick Attack,True,0.09800000000000009,0.032666666666666684,0.19600000000000012,232,True,4WE,22,V02,PLAYER
4WE_PAIR_023_V02__PLAYER,R0_CURRENT_BASELINE,R1_REMOVE_LEGAL_SIGNATURE,0.09800000000000009,0.032666666666666684,0.19600000000000012,Quick Attack,Quick Attack,True,0.09800000000000009,0.032666666666666684,0.19600000000000012,233,True,4WE,23,V02,PLAYER
4WE_PAIR_005_V02__PLAYER,R0_CURRENT_BASELINE,R1_REMOVE_LEGAL_SIGNATURE,0.09799999999999999,0.03266666666666668,0.19600000000000006,Quick Attack,Quick Attack,True,0.09799999999999999,0.03266666666666668,0.19600000000000006,234,True,4WE,5,V02,PLAYER
4WE_PAIR_006_V02__PLAYER,R0_CURRENT_BASELINE,R1_REMOVE_LEGAL_SIGNATURE,0.09799999999999999,0.03266666666666668,0.19600000000000006,Quick Attack,Quick Attack,True,0.09799999999999999,0.03266666666666668,0.19600000000000006,235,True,4WE,6,V02,PLAYER
4WE_PAIR_012_V02__PLAYER,R0_CURRENT_BASELINE,R1_REMOVE_LEGAL_SIGNATURE,0.09799999999999999,0.03266666666666668,0.19600000000000006,Quick Attack,Quick Attack,True,0.09799999999999999,0.03266666666666668,0.19600000000000006,236,True,4WE,12,V02,PLAYER
4WE_PAIR_002_V03__PLAYER,R0_CURRENT_BASELINE,R2_REMOVE_SIGNATURE_AND_COMPATIBILITY,0.094,0.03200000000000001,0.19200000000000006,Quick Attack,Quick Attack,True,0.094,0.03200000000000001,0.19200000000000006,237,True,4WE,2,V03,PLAYER
4WE_PAIR_004_V03__PLAYER,R0_CURRENT_BASELINE,R2_REMOVE_SIGNATURE_AND_COMPATIBILITY,0.094,0.03200000000000001,0.19200000000000006,Quick Attack,Quick Attack,True,0.094,0.03200000000000001,0.19200000000000006,238,True,4WE,4,V03,PLAYER
4WE_PAIR_009_V03__PLAYER,R0_CURRENT_BASELINE,R2_REMOVE_SIGNATURE_AND_COMPATIBILITY,0.094,0.03200000000000001,0.19200000000000006,Quick Attack,Quick Attack,True,0.094,0.03200000000000001,0.19200000000000006,239,True,4WE,9,V03,PLAYER
4WE_PAIR_014_V03__OPPONENT,R0_CURRENT_BASELINE,R2_REMOVE_SIGNATURE_AND_COMPATIBILITY,0.094,0.03200000000000001,0.19200000000000006,Quick Attack,Quick Attack,True,0.094,0.03200000000000001,0.19200000000000006,240,True,4WE,14,V03,OPPONENT
4WE_PAIR_014_V03__PLAYER,R0_CURRENT_BASELINE,R2_REMOVE_SIGNATURE_AND_COMPATIBILITY,0.094,0.03200000000000001,0.19200000000000006,Quick Attack,Quick Attack,True,0.094,0.03200000000000001,0.19200000000000006,241,True,4WE,14,V03,PLAYER
4WE_PAIR_019_V03__OPPONENT,R0_CURRENT_BASELINE,R2_REMOVE_SIGNATURE_AND_COMPATIBILITY,0.094,0.03200000000000001,0.19200000000000006,Quick Attack,Quick Attack,True,0.094,0.03200000000000001,0.19200000000000006,242,True,4WE,19,V03,OPPONENT
4WE_PAIR_019_V03__PLAYER,R0_CURRENT_BASELINE,R2_REMOVE_SIGNATURE_AND_COMPATIBILITY,0.094,0.03200000000000001,0.19200000000000006,Quick Attack,Quick Attack,True,0.094,0.03200000000000001,0.19200000000000006,243,True,4WE,19,V03,PLAYER
4WE_PAIR_001_V03__PLAYER,R0_CURRENT_BASELINE,R2_REMOVE_SIGNATURE_AND_COMPATIBILITY,0.092,0.031333333333333345,0.18800000000000006,Quick Attack,Quick Attack,True,0.092,0.031333333333333345,0.18800000000000006,244,True,4WE,1,V03,PLAYER
4WE_PAIR_002_V02__PLAYER,R0_CURRENT_BASELINE,R2_REMOVE_SIGNATURE_AND_COMPATIBILITY,0.092,0.031333333333333345,0.18800000000000006,Quick Attack,Quick Attack,True,0.092,0.031333333333333345,0.18800000000000006,245,True,4WE,2,V02,PLAYER
4WE_PAIR_002_V03__OPPONENT,R0_CURRENT_BASELINE,R2_REMOVE_SIGNATURE_AND_COMPATIBILITY,0.092,0.031333333333333345,0.18800000000000006,Quick Attack,Quick Attack,True,0.092,0.031333333333333345,0.18800000000000006,246,True,4WE,2,V03,OPPONENT
4WE_PAIR_003_V03__PLAYER,R0_CURRENT_BASELINE,R2_REMOVE_SIGNATURE_AND_COMPATIBILITY,0.092,0.031333333333333345,0.18800000000000006,Quick Attack,Quick Attack,True,0.092,0.031333333333333345,0.18800000000000006,247,True,4WE,3,V03,PLAYER
4WE_PAIR_004_V02__PLAYER,R0_CURRENT_BASELINE,R2_REMOVE_SIGNATURE_AND_COMPATIBILITY,0.092,0.031333333333333345,0.18800000000000006,Quick Attack,Quick Attack,True,0.092,0.031333333333333345,0.18800000000000006,248,True,4WE,4,V02,PLAYER
4WE_PAIR_004_V03__OPPONENT,R0_CURRENT_BASELINE,R2_REMOVE_SIGNATURE_AND_COMPATIBILITY,0.092,0.031333333333333345,0.18800000000000006,Quick Attack,Quick Attack,True,0.092,0.031333333333333345,0.18800000000000006,249,True,4WE,4,V03,OPPONENT
4WE_PAIR_008_V03__PLAYER,R0_CURRENT_BASELINE,R2_REMOVE_SIGNATURE_AND_COMPATIBILITY,0.092,0.031333333333333345,0.18800000000000006,Quick Attack,Quick Attack,True,0.092,0.031333333333333345,0.18800000000000006,250,True,4WE,8,V03,PLAYER
4WE_PAIR_009_V02__PLAYER,R0_CURRENT_BASELINE,R2_REMOVE_SIGNATURE_AND_COMPATIBILITY,0.092,0.031333333333333345,0.18800000000000006,Quick Attack,Quick Attack,True,0.092,0.031333333333333345,0.18800000000000006,251,True,4WE,9,V02,PLAYER
4WE_PAIR_009_V03__OPPONENT,R0_CURRENT_BASELINE,R2_REMOVE_SIGNATURE_AND_COMPATIBILITY,0.092,0.031333333333333345,0.18800000000000006,Quick Attack,Quick Attack,True,0.092,0.031333333333333345,0.18800000000000006,252,True,4WE,9,V03,OPPONENT
4WE_PAIR_010_V03__PLAYER,R0_CURRENT_BASELINE,R2_REMOVE_SIGNATURE_AND_COMPATIBILITY,0.092,0.031333333333333345,0.18800000000000006,Quick Attack,Quick Attack,True,0.092,0.031333333333333345,0.18800000000000006,253,True,4WE,10,V03,PLAYER
4WE_PAIR_013_V03__OPPONENT,R0_CURRENT_BASELINE,R2_REMOVE_SIGNATURE_AND_COMPATIBILITY,0.092,0.031333333333333345,0.18800000000000006,Quick Attack,Quick Attack,True,0.092,0.031333333333333345,0.18800000000000006,254,True,4WE,13,V03,OPPONENT
4WE_PAIR_013_V03__PLAYER,R0_CURRENT_BASELINE,R2_REMOVE_SIGNATURE_AND_COMPATIBILITY,0.092,0.031333333333333345,0.18800000000000006,Quick Attack,Quick Attack,True,0.092,0.031333333333333345,0.18800000000000006,255,True,4WE,13,V03,PLAYER
4WE_PAIR_014_V02__OPPONENT,R0_CURRENT_BASELINE,R2_REMOVE_SIGNATURE_AND_COMPATIBILITY,0.092,0.031333333333333345,0.18800000000000006,Quick Attack,Quick Attack,True,0.092,0.031333333333333345,0.18800000000000006,256,True,4WE,14,V02,OPPONENT
4WE_PAIR_014_V02__PLAYER,R0_CURRENT_BASELINE,R2_REMOVE_SIGNATURE_AND_COMPATIBILITY,0.092,0.031333333333333345,0.18800000000000006,Quick Attack,Quick Attack,True,0.092,0.031333333333333345,0.18800000000000006,257,True,4WE,14,V02,PLAYER
4WE_PAIR_018_V03__OPPONENT,R0_CURRENT_BASELINE,R2_REMOVE_SIGNATURE_AND_COMPATIBILITY,0.092,0.031333333333333345,0.18800000000000006,Quick Attack,Quick Attack,True,0.092,0.031333333333333345,0.18800000000000006,258,True,4WE,18,V03,OPPONENT
4WE_PAIR_018_V03__PLAYER,R0_CURRENT_BASELINE,R2_REMOVE_SIGNATURE_AND_COMPATIBILITY,0.092,0.031333333333333345,0.18800000000000006,Quick Attack,Quick Attack,True,0.092,0.031333333333333345,0.18800000000000006,259,True,4WE,18,V03,PLAYER
4WE_PAIR_019_V02__OPPONENT,R0_CURRENT_BASELINE,R2_REMOVE_SIGNATURE_AND_COMPATIBILITY,0.092,0.031333333333333345,0.18800000000000006,Quick Attack,Quick Attack,True,0.092,0.031333333333333345,0.18800000000000006,260,True,4WE,19,V02,OPPONENT
4WE_PAIR_019_V02__PLAYER,R0_CURRENT_BASELINE,R2_REMOVE_SIGNATURE_AND_COMPATIBILITY,0.092,0.031333333333333345,0.18800000000000006,Quick Attack,Quick Attack,True,0.092,0.031333333333333345,0.18800000000000006,261,True,4WE,19,V02,PLAYER
4WE_PAIR_001_V02__PLAYER,R0_CURRENT_BASELINE,R2_REMOVE_SIGNATURE_AND_COMPATIBILITY,0.09,0.030666666666666675,0.18400000000000005,Quick Attack,Quick Attack,True,0.09,0.030666666666666675,0.18400000000000005,262,True,4WE,1,V02,PLAYER
4WE_PAIR_001_V03__OPPONENT,R0_CURRENT_BASELINE,R2_REMOVE_SIGNATURE_AND_COMPATIBILITY,0.09,0.030666666666666675,0.18400000000000005,Quick Attack,Quick Attack,True,0.09,0.030666666666666675,0.18400000000000005,263,True,4WE,1,V03,OPPONENT
4WE_PAIR_002_V02__OPPONENT,R0_CURRENT_BASELINE,R2_REMOVE_SIGNATURE_AND_COMPATIBILITY,0.09,0.030666666666666675,0.18400000000000005,Quick Attack,Quick Attack,True,0.09,0.030666666666666675,0.18400000000000005,264,True,4WE,2,V02,OPPONENT
4WE_PAIR_003_V02__PLAYER,R0_CURRENT_BASELINE,R2_REMOVE_SIGNATURE_AND_COMPATIBILITY,0.09,0.030666666666666675,0.18400000000000005,Quick Attack,Quick Attack,True,0.09,0.030666666666666675,0.18400000000000005,265,True,4WE,3,V02,PLAYER
4WE_PAIR_003_V03__OPPONENT,R0_CURRENT_BASELINE,R2_REMOVE_SIGNATURE_AND_COMPATIBILITY,0.09,0.030666666666666675,0.18400000000000005,Quick Attack,Quick Attack,True,0.09,0.030666666666666675,0.18400000000000005,266,True,4WE,3,V03,OPPONENT
4WE_PAIR_004_V02__OPPONENT,R0_CURRENT_BASELINE,R2_REMOVE_SIGNATURE_AND_COMPATIBILITY,0.09,0.030666666666666675,0.18400000000000005,Quick Attack,Quick Attack,True,0.09,0.030666666666666675,0.18400000000000005,267,True,4WE,4,V02,OPPONENT
4WE_PAIR_008_V02__PLAYER,R0_CURRENT_BASELINE,R2_REMOVE_SIGNATURE_AND_COMPATIBILITY,0.09,0.030666666666666675,0.18400000000000005,Quick Attack,Quick Attack,True,0.09,0.030666666666666675,0.18400000000000005,268,True,4WE,8,V02,PLAYER
4WE_PAIR_008_V03__OPPONENT,R0_CURRENT_BASELINE,R2_REMOVE_SIGNATURE_AND_COMPATIBILITY,0.09,0.030666666666666675,0.18400000000000005,Quick Attack,Quick Attack,True,0.09,0.030666666666666675,0.18400000000000005,269,True,4WE,8,V03,OPPONENT
4WE_PAIR_009_V02__OPPONENT,R0_CURRENT_BASELINE,R2_REMOVE_SIGNATURE_AND_COMPATIBILITY,0.09,0.030666666666666675,0.18400000000000005,Quick Attack,Quick Attack,True,0.09,0.030666666666666675,0.18400000000000005,270,True,4WE,9,V02,OPPONENT
4WE_PAIR_010_V02__PLAYER,R0_CURRENT_BASELINE,R2_REMOVE_SIGNATURE_AND_COMPATIBILITY,0.09,0.030666666666666675,0.18400000000000005,Quick Attack,Quick Attack,True,0.09,0.030666666666666675,0.18400000000000005,271,True,4WE,10,V02,PLAYER
4WE_PAIR_010_V03__OPPONENT,R0_CURRENT_BASELINE,R2_REMOVE_SIGNATURE_AND_COMPATIBILITY,0.09,0.030666666666666675,0.18400000000000005,Quick Attack,Quick Attack,True,0.09,0.030666666666666675,0.18400000000000005,272,True,4WE,10,V03,OPPONENT
4WE_PAIR_013_V02__OPPONENT,R0_CURRENT_BASELINE,R2_REMOVE_SIGNATURE_AND_COMPATIBILITY,0.09,0.030666666666666675,0.18400000000000005,Quick Attack,Quick Attack,True,0.09,0.030666666666666675,0.18400000000000005,273,True,4WE,13,V02,OPPONENT
4WE_PAIR_013_V02__PLAYER,R0_CURRENT_BASELINE,R2_REMOVE_SIGNATURE_AND_COMPATIBILITY,0.09,0.030666666666666675,0.18400000000000005,Quick Attack,Quick Attack,True,0.09,0.030666666666666675,0.18400000000000005,274,True,4WE,13,V02,PLAYER
4WE_PAIR_018_V02__OPPONENT,R0_CURRENT_BASELINE,R2_REMOVE_SIGNATURE_AND_COMPATIBILITY,0.09,0.030666666666666675,0.18400000000000005,Quick Attack,Quick Attack,True,0.09,0.030666666666666675,0.18400000000000005,275,True,4WE,18,V02,OPPONENT
4WE_PAIR_018_V02__PLAYER,R0_CURRENT_BASELINE,R2_REMOVE_SIGNATURE_AND_COMPATIBILITY,0.09,0.030666666666666675,0.18400000000000005,Quick Attack,Quick Attack,True,0.09,0.030666666666666675,0.18400000000000005,276,True,4WE,18,V02,PLAYER
4WE_PAIR_001_V02__OPPONENT,R0_CURRENT_BASELINE,R2_REMOVE_SIGNATURE_AND_COMPATIBILITY,0.088,0.03000000000000001,0.18000000000000005,Quick Attack,Quick Attack,True,0.088,0.03000000000000001,0.18000000000000005,277,True,4WE,1,V02,OPPONENT
4WE_PAIR_003_V02__OPPONENT,R0_CURRENT_BASELINE,R2_REMOVE_SIGNATURE_AND_COMPATIBILITY,0.088,0.03000000000000001,0.18000000000000005,Quick Attack,Quick Attack,True,0.088,0.03000000000000001,0.18000000000000005,278,True,4WE,3,V02,OPPONENT
4WE_PAIR_008_V02__OPPONENT,R0_CURRENT_BASELINE,R2_REMOVE_SIGNATURE_AND_COMPATIBILITY,0.088,0.03000000000000001,0.18000000000000005,Quick Attack,Quick Attack,True,0.088,0.03000000000000001,0.18000000000000005,279,True,4WE,8,V02,OPPONENT
4WE_PAIR_010_V02__OPPONENT,R0_CURRENT_BASELINE,R2_REMOVE_SIGNATURE_AND_COMPATIBILITY,0.088,0.03000000000000001,0.18000000000000005,Quick Attack,Quick Attack,True,0.088,0.03000000000000001,0.18000000000000005,280,True,4WE,10,V02,OPPONENT
4WE_PAIR_007_V03__PLAYER,R0_CURRENT_BASELINE,R2_REMOVE_SIGNATURE_AND_COMPATIBILITY,0.08400000000000002,0.028666666666666663,0.172,Quick Attack,Quick Attack,True,0.08400000000000002,0.028666666666666663,0.172,281,True,4WE,7,V03,PLAYER
4WE_PAIR_017_V03__OPPONENT,R0_CURRENT_BASELINE,R2_REMOVE_SIGNATURE_AND_COMPATIBILITY,0.08400000000000002,0.028666666666666663,0.172,Quick Attack,Quick Attack,True,0.08400000000000002,0.028666666666666663,0.172,282,True,4WE,17,V03,OPPONENT
4WE_PAIR_017_V03__PLAYER,R0_CURRENT_BASELINE,R2_REMOVE_SIGNATURE_AND_COMPATIBILITY,0.08400000000000002,0.028666666666666663,0.172,Quick Attack,Quick Attack,True,0.08400000000000002,0.028666666666666663,0.172,283,True,4WE,17,V03,PLAYER
4WE_PAIR_007_V03__OPPONENT,R0_CURRENT_BASELINE,R2_REMOVE_SIGNATURE_AND_COMPATIBILITY,0.08200000000000002,0.027999999999999997,0.16799999999999998,Quick Attack,Quick Attack,True,0.08200000000000002,0.027999999999999997,0.16799999999999998,284,True,4WE,7,V03,OPPONENT
4WE_PAIR_007_V02__PLAYER,R0_CURRENT_BASELINE,R2_REMOVE_SIGNATURE_AND_COMPATIBILITY,0.08000000000000002,0.02733333333333333,0.16399999999999998,Quick Attack,Quick Attack,True,0.08000000000000002,0.02733333333333333,0.16399999999999998,285,True,4WE,7,V02,PLAYER
4WE_PAIR_017_V02__OPPONENT,R0_CURRENT_BASELINE,R2_REMOVE_SIGNATURE_AND_COMPATIBILITY,0.08000000000000002,0.02733333333333333,0.16399999999999998,Quick Attack,Quick Attack,True,0.08000000000000002,0.02733333333333333,0.16399999999999998,286,True,4WE,17,V02,OPPONENT
4WE_PAIR_017_V02__PLAYER,R0_CURRENT_BASELINE,R2_REMOVE_SIGNATURE_AND_COMPATIBILITY,0.08000000000000002,0.02733333333333333,0.16399999999999998,Quick Attack,Quick Attack,True,0.08000000000000002,0.02733333333333333,0.16399999999999998,287,True,4WE,17,V02,PLAYER
4WE_PAIR_004_V04__PLAYER,R1_REMOVE_LEGAL_SIGNATURE,R3_STATE_CENTRIC_POLICY,0.07800000000000007,0.027333333333333345,0.16400000000000006,Quick Attack,Quick Attack,True,0.07800000000000007,0.027333333333333345,0.16400000000000006,288,True,4WE,4,V04,PLAYER
4WE_PAIR_007_V02__OPPONENT,R0_CURRENT_BASELINE,R2_REMOVE_SIGNATURE_AND_COMPATIBILITY,0.07800000000000001,0.026666666666666682,0.1600000000000001,Quick Attack,Quick Attack,True,0.07800000000000001,0.026666666666666682,0.1600000000000001,289,True,4WE,7,V02,OPPONENT
4WE_PAIR_002_V04__PLAYER,R1_REMOVE_LEGAL_SIGNATURE,R3_STATE_CENTRIC_POLICY,0.07600000000000007,0.026666666666666682,0.1600000000000001,Quick Attack,Quick Attack,True,0.07600000000000007,0.026666666666666682,0.1600000000000001,290,True,4WE,2,V04,PLAYER
4WE_PAIR_009_V04__PLAYER,R1_REMOVE_LEGAL_SIGNATURE,R3_STATE_CENTRIC_POLICY,0.07600000000000007,0.026666666666666682,0.1600000000000001,Quick Attack,Quick Attack,True,0.07600000000000007,0.026666666666666682,0.1600000000000001,291,True,4WE,9,V04,PLAYER
4WE_PAIR_003_V04__PLAYER,R1_REMOVE_LEGAL_SIGNATURE,R3_STATE_CENTRIC_POLICY,0.07600000000000007,0.026666666666666675,0.16000000000000006,Quick Attack,Quick Attack,True,0.07600000000000007,0.026666666666666675,0.16000000000000006,292,True,4WE,3,V04,PLAYER
4WE_PAIR_007_V04__PLAYER,R1_REMOVE_LEGAL_SIGNATURE,R3_STATE_CENTRIC_POLICY,0.07600000000000007,0.026666666666666675,0.16000000000000006,Quick Attack,Quick Attack,True,0.07600000000000007,0.026666666666666675,0.16000000000000006,293,True,4WE,7,V04,PLAYER
4WE_PAIR_010_V04__PLAYER,R1_REMOVE_LEGAL_SIGNATURE,R3_STATE_CENTRIC_POLICY,0.07600000000000007,0.026666666666666675,0.16000000000000006,Quick Attack,Quick Attack,True,0.07600000000000007,0.026666666666666675,0.16000000000000006,294,True,4WE,10,V04,PLAYER
4WE_PAIR_007_V03__OPPONENT,R2_REMOVE_SIGNATURE_AND_COMPATIBILITY,R3_STATE_CENTRIC_POLICY,0.07600000000000007,0.026000000000000013,0.15600000000000008,Quick Attack,Quick Attack,True,0.07600000000000007,0.026000000000000013,0.15600000000000008,295,True,4WE,7,V03,OPPONENT
4WE_PAIR_017_V03__PLAYER,R2_REMOVE_SIGNATURE_AND_COMPATIBILITY,R3_STATE_CENTRIC_POLICY,0.07600000000000007,0.026000000000000013,0.15600000000000008,Quick Attack,Quick Attack,True,0.07600000000000007,0.026000000000000013,0.15600000000000008,296,True,4WE,17,V03,PLAYER
4WE_PAIR_007_V03__PLAYER,R2_REMOVE_SIGNATURE_AND_COMPATIBILITY,R3_STATE_CENTRIC_POLICY,0.07600000000000007,0.025333333333333347,0.15200000000000008,Quick Attack,Quick Attack,True,0.07600000000000007,0.025333333333333347,0.15200000000000008,297,True,4WE,7,V03,PLAYER
4WE_PAIR_007_V02__OPPONENT,R2_REMOVE_SIGNATURE_AND_COMPATIBILITY,R3_STATE_CENTRIC_POLICY,0.07599999999999996,0.025999999999999995,0.15599999999999997,Quick Attack,Quick Attack,True,0.07599999999999996,0.025999999999999995,0.15599999999999997,298,True,4WE,7,V02,OPPONENT
4WE_PAIR_004_V01__PLAYER,R1_REMOVE_LEGAL_SIGNATURE,R3_STATE_CENTRIC_POLICY,0.07400000000000007,0.026000000000000013,0.15600000000000008,Quick Attack,Quick Attack,True,0.07400000000000007,0.026000000000000013,0.15600000000000008,299,True,4WE,4,V01,PLAYER
4WE_PAIR_014_V04__PLAYER,R1_REMOVE_LEGAL_SIGNATURE,R3_STATE_CENTRIC_POLICY,0.07400000000000007,0.026000000000000013,0.15600000000000008,Quick Attack,Quick Attack,True,0.07400000000000007,0.026000000000000013,0.15600000000000008,300,True,4WE,14,V04,PLAYER
4WE_PAIR_019_V04__PLAYER,R1_REMOVE_LEGAL_SIGNATURE,R3_STATE_CENTRIC_POLICY,0.07400000000000007,0.026000000000000013,0.15600000000000008,Quick Attack,Quick Attack,True,0.07400000000000007,0.026000000000000013,0.15600000000000008,301,True,4WE,19,V04,PLAYER
4WE_PAIR_017_V04__PLAYER,R1_REMOVE_LEGAL_SIGNATURE,R3_STATE_CENTRIC_POLICY,0.07400000000000007,0.02600000000000001,0.15600000000000006,Quick Attack,Quick Attack,True,0.07400000000000007,0.02600000000000001,0.15600000000000006,302,True,4WE,17,V04,PLAYER
4WE_PAIR_017_V02__OPPONENT,R2_REMOVE_SIGNATURE_AND_COMPATIBILITY,R3_STATE_CENTRIC_POLICY,0.07400000000000007,0.025333333333333347,0.15200000000000008,Quick Attack,Quick Attack,True,0.07400000000000007,0.025333333333333347,0.15200000000000008,303,True,4WE,17,V02,OPPONENT
4WE_PAIR_017_V02__PLAYER,R2_REMOVE_SIGNATURE_AND_COMPATIBILITY,R3_STATE_CENTRIC_POLICY,0.07400000000000007,0.025333333333333347,0.15200000000000008,Quick Attack,Quick Attack,True,0.07400000000000007,0.025333333333333347,0.15200000000000008,304,True,4WE,17,V02,PLAYER
4WE_PAIR_017_V03__OPPONENT,R2_REMOVE_SIGNATURE_AND_COMPATIBILITY,R3_STATE_CENTRIC_POLICY,0.07400000000000007,0.025333333333333347,0.15200000000000008,Quick Attack,Quick Attack,True,0.07400000000000007,0.025333333333333347,0.15200000000000008,305,True,4WE,17,V03,OPPONENT
4WE_PAIR_007_V02__PLAYER,R2_REMOVE_SIGNATURE_AND_COMPATIBILITY,R3_STATE_CENTRIC_POLICY,0.07400000000000007,0.02466666666666668,0.14800000000000008,Quick Attack,Quick Attack,True,0.07400000000000007,0.02466666666666668,0.14800000000000008,306,True,4WE,7,V02,PLAYER
4WE_PAIR_001_V03__OPPONENT,R2_REMOVE_SIGNATURE_AND_COMPATIBILITY,R3_STATE_CENTRIC_POLICY,0.07400000000000001,0.02466666666666666,0.14799999999999996,Quick Attack,Quick Attack,True,0.07400000000000001,0.02466666666666666,0.14799999999999996,307,True,4WE,1,V03,OPPONENT
4WE_PAIR_002_V03__OPPONENT,R2_REMOVE_SIGNATURE_AND_COMPATIBILITY,R3_STATE_CENTRIC_POLICY,0.07400000000000001,0.02466666666666666,0.14799999999999996,Quick Attack,Quick Attack,True,0.07400000000000001,0.02466666666666666,0.14799999999999996,308,True,4WE,2,V03,OPPONENT
4WE_PAIR_003_V02__OPPONENT,R2_REMOVE_SIGNATURE_AND_COMPATIBILITY,R3_STATE_CENTRIC_POLICY,0.07400000000000001,0.02466666666666666,0.14799999999999996,Quick Attack,Quick Attack,True,0.07400000000000001,0.02466666666666666,0.14799999999999996,309,True,4WE,3,V02,OPPONENT
4WE_PAIR_003_V03__OPPONENT,R2_REMOVE_SIGNATURE_AND_COMPATIBILITY,R3_STATE_CENTRIC_POLICY,0.07400000000000001,0.02466666666666666,0.14799999999999996,Quick Attack,Quick Attack,True,0.07400000000000001,0.02466666666666666,0.14799999999999996,310,True,4WE,3,V03,OPPONENT
4WE_PAIR_008_V03__OPPONENT,R2_REMOVE_SIGNATURE_AND_COMPATIBILITY,R3_STATE_CENTRIC_POLICY,0.07400000000000001,0.02466666666666666,0.14799999999999996,Quick Attack,Quick Attack,True,0.07400000000000001,0.02466666666666666,0.14799999999999996,311,True,4WE,8,V03,OPPONENT
4WE_PAIR_009_V03__OPPONENT,R2_REMOVE_SIGNATURE_AND_COMPATIBILITY,R3_STATE_CENTRIC_POLICY,0.07400000000000001,0.02466666666666666,0.14799999999999996,Quick Attack,Quick Attack,True,0.07400000000000001,0.02466666666666666,0.14799999999999996,312,True,4WE,9,V03,OPPONENT
4WE_PAIR_010_V02__OPPONENT,R2_REMOVE_SIGNATURE_AND_COMPATIBILITY,R3_STATE_CENTRIC_POLICY,0.07400000000000001,0.02466666666666666,0.14799999999999996,Quick Attack,Quick Attack,True,0.07400000000000001,0.02466666666666666,0.14799999999999996,313,True,4WE,10,V02,OPPONENT
4WE_PAIR_010_V03__OPPONENT,R2_REMOVE_SIGNATURE_AND_COMPATIBILITY,R3_STATE_CENTRIC_POLICY,0.07400000000000001,0.02466666666666666,0.14799999999999996,Quick Attack,Quick Attack,True,0.07400000000000001,0.02466666666666666,0.14799999999999996,314,True,4WE,10,V03,OPPONENT
4WE_PAIR_013_V03__PLAYER,R2_REMOVE_SIGNATURE_AND_COMPATIBILITY,R3_STATE_CENTRIC_POLICY,0.07400000000000001,0.02466666666666666,0.14799999999999996,Quick Attack,Quick Attack,True,0.07400000000000001,0.02466666666666666,0.14799999999999996,315,True,4WE,13,V03,PLAYER
4WE_PAIR_014_V03__PLAYER,R2_REMOVE_SIGNATURE_AND_COMPATIBILITY,R3_STATE_CENTRIC_POLICY,0.07400000000000001,0.02466666666666666,0.14799999999999996,Quick Attack,Quick Attack,True,0.07400000000000001,0.02466666666666666,0.14799999999999996,316,True,4WE,14,V03,PLAYER
4WE_PAIR_018_V03__PLAYER,R2_REMOVE_SIGNATURE_AND_COMPATIBILITY,R3_STATE_CENTRIC_POLICY,0.07400000000000001,0.02466666666666666,0.14799999999999996,Quick Attack,Quick Attack,True,0.07400000000000001,0.02466666666666666,0.14799999999999996,317,True,4WE,18,V03,PLAYER
4WE_PAIR_019_V03__PLAYER,R2_REMOVE_SIGNATURE_AND_COMPATIBILITY,R3_STATE_CENTRIC_POLICY,0.07400000000000001,0.02466666666666666,0.14799999999999996,Quick Attack,Quick Attack,True,0.07400000000000001,0.02466666666666666,0.14799999999999996,318,True,4WE,19,V03,PLAYER
4WE_PAIR_001_V03__PLAYER,R2_REMOVE_SIGNATURE_AND_COMPATIBILITY,R3_STATE_CENTRIC_POLICY,0.07399999999999995,0.02466666666666666,0.14799999999999996,Quick Attack,Quick Attack,True,0.07399999999999995,0.02466666666666666,0.14799999999999996,319,True,4WE,1,V03,PLAYER
4WE_PAIR_002_V03__PLAYER,R2_REMOVE_SIGNATURE_AND_COMPATIBILITY,R3_STATE_CENTRIC_POLICY,0.07399999999999995,0.02466666666666666,0.14799999999999996,Quick Attack,Quick Attack,True,0.07399999999999995,0.02466666666666666,0.14799999999999996,320,True,4WE,2,V03,PLAYER
4WE_PAIR_008_V03__PLAYER,R2_REMOVE_SIGNATURE_AND_COMPATIBILITY,R3_STATE_CENTRIC_POLICY,0.07399999999999995,0.02466666666666666,0.14799999999999996,Quick Attack,Quick Attack,True,0.07399999999999995,0.02466666666666666,0.14799999999999996,321,True,4WE,8,V03,PLAYER
4WE_PAIR_009_V03__PLAYER,R2_REMOVE_SIGNATURE_AND_COMPATIBILITY,R3_STATE_CENTRIC_POLICY,0.07399999999999995,0.02466666666666666,0.14799999999999996,Quick Attack,Quick Attack,True,0.07399999999999995,0.02466666666666666,0.14799999999999996,322,True,4WE,9,V03,PLAYER
4WE_PAIR_001_V04__PLAYER,R1_REMOVE_LEGAL_SIGNATURE,R3_STATE_CENTRIC_POLICY,0.07200000000000006,0.025333333333333347,0.15200000000000008,Quick Attack,Quick Attack,True,0.07200000000000006,0.025333333333333347,0.15200000000000008,323,True,4WE,1,V04,PLAYER
4WE_PAIR_003_V01__PLAYER,R1_REMOVE_LEGAL_SIGNATURE,R3_STATE_CENTRIC_POLICY,0.07200000000000006,0.025333333333333347,0.15200000000000008,Quick Attack,Quick Attack,True,0.07200000000000006,0.025333333333333347,0.15200000000000008,324,True,4WE,3,V01,PLAYER
4WE_PAIR_004_V01__OPPONENT,R1_REMOVE_LEGAL_SIGNATURE,R3_STATE_CENTRIC_POLICY,0.07200000000000006,0.025333333333333347,0.15200000000000008,Quick Attack,Quick Attack,True,0.07200000000000006,0.025333333333333347,0.15200000000000008,325,True,4WE,4,V01,OPPONENT
4WE_PAIR_004_V04__OPPONENT,R1_REMOVE_LEGAL_SIGNATURE,R3_STATE_CENTRIC_POLICY,0.07200000000000006,0.025333333333333347,0.15200000000000008,Quick Attack,Quick Attack,True,0.07200000000000006,0.025333333333333347,0.15200000000000008,326,True,4WE,4,V04,OPPONENT
4WE_PAIR_008_V04__PLAYER,R1_REMOVE_LEGAL_SIGNATURE,R3_STATE_CENTRIC_POLICY,0.07200000000000006,0.025333333333333347,0.15200000000000008,Quick Attack,Quick Attack,True,0.07200000000000006,0.025333333333333347,0.15200000000000008,327,True,4WE,8,V04,PLAYER
4WE_PAIR_010_V01__PLAYER,R1_REMOVE_LEGAL_SIGNATURE,R3_STATE_CENTRIC_POLICY,0.07200000000000006,0.025333333333333347,0.15200000000000008,Quick Attack,Quick Attack,True,0.07200000000000006,0.025333333333333347,0.15200000000000008,328,True,4WE,10,V01,PLAYER
4WE_PAIR_002_V04__PLAYER,R2_REMOVE_SIGNATURE_AND_COMPATIBILITY,R3_STATE_CENTRIC_POLICY,0.07200000000000006,0.02466666666666668,0.14800000000000008,Quick Attack,Quick Attack,True,0.07200000000000006,0.02466666666666668,0.14800000000000008,329,True,4WE,2,V04,PLAYER
4WE_PAIR_009_V04__PLAYER,R2_REMOVE_SIGNATURE_AND_COMPATIBILITY,R3_STATE_CENTRIC_POLICY,0.07200000000000006,0.02466666666666668,0.14800000000000008,Quick Attack,Quick Attack,True,0.07200000000000006,0.02466666666666668,0.14800000000000008,330,True,4WE,9,V04,PLAYER
4WE_PAIR_014_V04__PLAYER,R2_REMOVE_SIGNATURE_AND_COMPATIBILITY,R3_STATE_CENTRIC_POLICY,0.07200000000000006,0.02466666666666668,0.14800000000000008,Quick Attack,Quick Attack,True,0.07200000000000006,0.02466666666666668,0.14800000000000008,331,True,4WE,14,V04,PLAYER
4WE_PAIR_019_V04__PLAYER,R2_REMOVE_SIGNATURE_AND_COMPATIBILITY,R3_STATE_CENTRIC_POLICY,0.07200000000000006,0.02466666666666668,0.14800000000000008,Quick Attack,Quick Attack,True,0.07200000000000006,0.02466666666666668,0.14800000000000008,332,True,4WE,19,V04,PLAYER
4WE_PAIR_001_V02__OPPONENT,R2_REMOVE_SIGNATURE_AND_COMPATIBILITY,R3_STATE_CENTRIC_POLICY,0.07200000000000001,0.023999999999999994,0.14399999999999996,Quick Attack,Quick Attack,True,0.07200000000000001,0.023999999999999994,0.14399999999999996,333,True,4WE,1,V02,OPPONENT
4WE_PAIR_002_V02__OPPONENT,R2_REMOVE_SIGNATURE_AND_COMPATIBILITY,R3_STATE_CENTRIC_POLICY,0.07200000000000001,0.023999999999999994,0.14399999999999996,Quick Attack,Quick Attack,True,0.07200000000000001,0.023999999999999994,0.14399999999999996,334,True,4WE,2,V02,OPPONENT
4WE_PAIR_008_V02__OPPONENT,R2_REMOVE_SIGNATURE_AND_COMPATIBILITY,R3_STATE_CENTRIC_POLICY,0.07200000000000001,0.023999999999999994,0.14399999999999996,Quick Attack,Quick Attack,True,0.07200000000000001,0.023999999999999994,0.14399999999999996,335,True,4WE,8,V02,OPPONENT
4WE_PAIR_009_V02__OPPONENT,R2_REMOVE_SIGNATURE_AND_COMPATIBILITY,R3_STATE_CENTRIC_POLICY,0.07200000000000001,0.023999999999999994,0.14399999999999996,Quick Attack,Quick Attack,True,0.07200000000000001,0.023999999999999994,0.14399999999999996,336,True,4WE,9,V02,OPPONENT
4WE_PAIR_013_V03__OPPONENT,R2_REMOVE_SIGNATURE_AND_COMPATIBILITY,R3_STATE_CENTRIC_POLICY,0.07200000000000001,0.023999999999999994,0.14399999999999996,Quick Attack,Quick Attack,True,0.07200000000000001,0.023999999999999994,0.14399999999999996,337,True,4WE,13,V03,OPPONENT
4WE_PAIR_014_V03__OPPONENT,R2_REMOVE_SIGNATURE_AND_COMPATIBILITY,R3_STATE_CENTRIC_POLICY,0.07200000000000001,0.023999999999999994,0.14399999999999996,Quick Attack,Quick Attack,True,0.07200000000000001,0.023999999999999994,0.14399999999999996,338,True,4WE,14,V03,OPPONENT
4WE_PAIR_018_V03__OPPONENT,R2_REMOVE_SIGNATURE_AND_COMPATIBILITY,R3_STATE_CENTRIC_POLICY,0.07200000000000001,0.023999999999999994,0.14399999999999996,Quick Attack,Quick Attack,True,0.07200000000000001,0.023999999999999994,0.14399999999999996,339,True,4WE,18,V03,OPPONENT
4WE_PAIR_019_V03__OPPONENT,R2_REMOVE_SIGNATURE_AND_COMPATIBILITY,R3_STATE_CENTRIC_POLICY,0.07200000000000001,0.023999999999999994,0.14399999999999996,Quick Attack,Quick Attack,True,0.07200000000000001,0.023999999999999994,0.14399999999999996,340,True,4WE,19,V03,OPPONENT
4WE_PAIR_003_V02__PLAYER,R2_REMOVE_SIGNATURE_AND_COMPATIBILITY,R3_STATE_CENTRIC_POLICY,0.07199999999999995,0.023999999999999994,0.14399999999999996,Quick Attack,Quick Attack,True,0.07199999999999995,0.023999999999999994,0.14399999999999996,341,True,4WE,3,V02,PLAYER
4WE_PAIR_010_V02__PLAYER,R2_REMOVE_SIGNATURE_AND_COMPATIBILITY,R3_STATE_CENTRIC_POLICY,0.07199999999999995,0.023999999999999994,0.14399999999999996,Quick Attack,Quick Attack,True,0.07199999999999995,0.023999999999999994,0.14399999999999996,342,True,4WE,10,V02,PLAYER
4WE_PAIR_003_V01__OPPONENT,R1_REMOVE_LEGAL_SIGNATURE,R3_STATE_CENTRIC_POLICY,0.07000000000000006,0.02466666666666668,0.14800000000000008,Quick Attack,Quick Attack,True,0.07000000000000006,0.02466666666666668,0.14800000000000008,343,True,4WE,3,V01,OPPONENT
4WE_PAIR_003_V04__OPPONENT,R1_REMOVE_LEGAL_SIGNATURE,R3_STATE_CENTRIC_POLICY,0.07000000000000006,0.02466666666666668,0.14800000000000008,Quick Attack,Quick Attack,True,0.07000000000000006,0.02466666666666668,0.14800000000000008,344,True,4WE,3,V04,OPPONENT
4WE_PAIR_007_V01__PLAYER,R1_REMOVE_LEGAL_SIGNATURE,R3_STATE_CENTRIC_POLICY,0.07000000000000006,0.02466666666666668,0.14800000000000008,Quick Attack,Quick Attack,True,0.07000000000000006,0.02466666666666668,0.14800000000000008,345,True,4WE,7,V01,PLAYER
4WE_PAIR_010_V01__OPPONENT,R1_REMOVE_LEGAL_SIGNATURE,R3_STATE_CENTRIC_POLICY,0.07000000000000006,0.02466666666666668,0.14800000000000008,Quick Attack,Quick Attack,True,0.07000000000000006,0.02466666666666668,0.14800000000000008,346,True,4WE,10,V01,OPPONENT
4WE_PAIR_010_V04__OPPONENT,R1_REMOVE_LEGAL_SIGNATURE,R3_STATE_CENTRIC_POLICY,0.07000000000000006,0.02466666666666668,0.14800000000000008,Quick Attack,Quick Attack,True,0.07000000000000006,0.02466666666666668,0.14800000000000008,347,True,4WE,10,V04,OPPONENT
4WE_PAIR_013_V04__PLAYER,R1_REMOVE_LEGAL_SIGNATURE,R3_STATE_CENTRIC_POLICY,0.07000000000000006,0.02466666666666668,0.14800000000000008,Quick Attack,Quick Attack,True,0.07000000000000006,0.02466666666666668,0.14800000000000008,348,True,4WE,13,V04,PLAYER
4WE_PAIR_018_V04__PLAYER,R1_REMOVE_LEGAL_SIGNATURE,R3_STATE_CENTRIC_POLICY,0.07000000000000006,0.02466666666666668,0.14800000000000008,Quick Attack,Quick Attack,True,0.07000000000000006,0.02466666666666668,0.14800000000000008,349,True,4WE,18,V04,PLAYER
4WE_PAIR_001_V04__PLAYER,R2_REMOVE_SIGNATURE_AND_COMPATIBILITY,R3_STATE_CENTRIC_POLICY,0.07000000000000006,0.02400000000000001,0.14400000000000007,Quick Attack,Quick Attack,True,0.07000000000000006,0.02400000000000001,0.14400000000000007,350,True,4WE,1,V04,PLAYER
4WE_PAIR_008_V04__PLAYER,R2_REMOVE_SIGNATURE_AND_COMPATIBILITY,R3_STATE_CENTRIC_POLICY,0.07000000000000006,0.02400000000000001,0.14400000000000007,Quick Attack,Quick Attack,True,0.07000000000000006,0.02400000000000001,0.14400000000000007,351,True,4WE,8,V04,PLAYER
4WE_PAIR_013_V04__PLAYER,R2_REMOVE_SIGNATURE_AND_COMPATIBILITY,R3_STATE_CENTRIC_POLICY,0.07000000000000006,0.02400000000000001,0.14400000000000007,Quick Attack,Quick Attack,True,0.07000000000000006,0.02400000000000001,0.14400000000000007,352,True,4WE,13,V04,PLAYER
4WE_PAIR_018_V04__PLAYER,R2_REMOVE_SIGNATURE_AND_COMPATIBILITY,R3_STATE_CENTRIC_POLICY,0.07000000000000006,0.02400000000000001,0.14400000000000007,Quick Attack,Quick Attack,True,0.07000000000000006,0.02400000000000001,0.14400000000000007,353,True,4WE,18,V04,PLAYER
4WE_PAIR_004_V02__OPPONENT,R2_REMOVE_SIGNATURE_AND_COMPATIBILITY,R3_STATE_CENTRIC_POLICY,0.07,0.023333333333333327,0.13999999999999996,Quick Attack,Quick Attack,True,0.07,0.023333333333333327,0.13999999999999996,354,True,4WE,4,V02,OPPONENT
4WE_PAIR_004_V03__OPPONENT,R2_REMOVE_SIGNATURE_AND_COMPATIBILITY,R3_STATE_CENTRIC_POLICY,0.07,0.023333333333333327,0.13999999999999996,Quick Attack,Quick Attack,True,0.07,0.023333333333333327,0.13999999999999996,355,True,4WE,4,V03,OPPONENT
4WE_PAIR_013_V02__OPPONENT,R2_REMOVE_SIGNATURE_AND_COMPATIBILITY,R3_STATE_CENTRIC_POLICY,0.07,0.023333333333333327,0.13999999999999996,Quick Attack,Quick Attack,True,0.07,0.023333333333333327,0.13999999999999996,356,True,4WE,13,V02,OPPONENT
4WE_PAIR_013_V02__PLAYER,R2_REMOVE_SIGNATURE_AND_COMPATIBILITY,R3_STATE_CENTRIC_POLICY,0.07,0.023333333333333327,0.13999999999999996,Quick Attack,Quick Attack,True,0.07,0.023333333333333327,0.13999999999999996,357,True,4WE,13,V02,PLAYER
4WE_PAIR_014_V02__OPPONENT,R2_REMOVE_SIGNATURE_AND_COMPATIBILITY,R3_STATE_CENTRIC_POLICY,0.07,0.023333333333333327,0.13999999999999996,Quick Attack,Quick Attack,True,0.07,0.023333333333333327,0.13999999999999996,358,True,4WE,14,V02,OPPONENT
4WE_PAIR_014_V02__PLAYER,R2_REMOVE_SIGNATURE_AND_COMPATIBILITY,R3_STATE_CENTRIC_POLICY,0.07,0.023333333333333327,0.13999999999999996,Quick Attack,Quick Attack,True,0.07,0.023333333333333327,0.13999999999999996,359,True,4WE,14,V02,PLAYER
4WE_PAIR_018_V02__OPPONENT,R2_REMOVE_SIGNATURE_AND_COMPATIBILITY,R3_STATE_CENTRIC_POLICY,0.07,0.023333333333333327,0.13999999999999996,Quick Attack,Quick Attack,True,0.07,0.023333333333333327,0.13999999999999996,360,True,4WE,18,V02,OPPONENT
4WE_PAIR_018_V02__PLAYER,R2_REMOVE_SIGNATURE_AND_COMPATIBILITY,R3_STATE_CENTRIC_POLICY,0.07,0.023333333333333327,0.13999999999999996,Quick Attack,Quick Attack,True,0.07,0.023333333333333327,0.13999999999999996,361,True,4WE,18,V02,PLAYER
4WE_PAIR_019_V02__OPPONENT,R2_REMOVE_SIGNATURE_AND_COMPATIBILITY,R3_STATE_CENTRIC_POLICY,0.07,0.023333333333333327,0.13999999999999996,Quick Attack,Quick Attack,True,0.07,0.023333333333333327,0.13999999999999996,362,True,4WE,19,V02,OPPONENT
4WE_PAIR_019_V02__PLAYER,R2_REMOVE_SIGNATURE_AND_COMPATIBILITY,R3_STATE_CENTRIC_POLICY,0.07,0.023333333333333327,0.13999999999999996,Quick Attack,Quick Attack,True,0.07,0.023333333333333327,0.13999999999999996,363,True,4WE,19,V02,PLAYER
4WE_PAIR_001_V02__PLAYER,R2_REMOVE_SIGNATURE_AND_COMPATIBILITY,R3_STATE_CENTRIC_POLICY,0.06999999999999995,0.023333333333333327,0.13999999999999996,Quick Attack,Quick Attack,True,0.06999999999999995,0.023333333333333327,0.13999999999999996,364,True,4WE,1,V02,PLAYER
4WE_PAIR_002_V02__PLAYER,R2_REMOVE_SIGNATURE_AND_COMPATIBILITY,R3_STATE_CENTRIC_POLICY,0.06999999999999995,0.023333333333333327,0.13999999999999996,Quick Attack,Quick Attack,True,0.06999999999999995,0.023333333333333327,0.13999999999999996,365,True,4WE,2,V02,PLAYER
4WE_PAIR_003_V03__PLAYER,R2_REMOVE_SIGNATURE_AND_COMPATIBILITY,R3_STATE_CENTRIC_POLICY,0.06999999999999995,0.023333333333333327,0.13999999999999996,Quick Attack,Quick Attack,True,0.06999999999999995,0.023333333333333327,0.13999999999999996,366,True,4WE,3,V03,PLAYER
4WE_PAIR_008_V02__PLAYER,R2_REMOVE_SIGNATURE_AND_COMPATIBILITY,R3_STATE_CENTRIC_POLICY,0.06999999999999995,0.023333333333333327,0.13999999999999996,Quick Attack,Quick Attack,True,0.06999999999999995,0.023333333333333327,0.13999999999999996,367,True,4WE,8,V02,PLAYER
4WE_PAIR_009_V02__PLAYER,R2_REMOVE_SIGNATURE_AND_COMPATIBILITY,R3_STATE_CENTRIC_POLICY,0.06999999999999995,0.023333333333333327,0.13999999999999996,Quick Attack,Quick Attack,True,0.06999999999999995,0.023333333333333327,0.13999999999999996,368,True,4WE,9,V02,PLAYER
4WE_PAIR_010_V03__PLAYER,R2_REMOVE_SIGNATURE_AND_COMPATIBILITY,R3_STATE_CENTRIC_POLICY,0.06999999999999995,0.023333333333333327,0.13999999999999996,Quick Attack,Quick Attack,True,0.06999999999999995,0.023333333333333327,0.13999999999999996,369,True,4WE,10,V03,PLAYER
4WE_PAIR_002_V01__PLAYER,R1_REMOVE_LEGAL_SIGNATURE,R3_STATE_CENTRIC_POLICY,0.06800000000000006,0.02400000000000001,0.14400000000000007,Quick Attack,Quick Attack,True,0.06800000000000006,0.02400000000000001,0.14400000000000007,370,True,4WE,2,V01,PLAYER
4WE_PAIR_007_V01__OPPONENT,R1_REMOVE_LEGAL_SIGNATURE,R3_STATE_CENTRIC_POLICY,0.06800000000000006,0.02400000000000001,0.14400000000000007,Quick Attack,Quick Attack,True,0.06800000000000006,0.02400000000000001,0.14400000000000007,371,True,4WE,7,V01,OPPONENT
4WE_PAIR_007_V04__OPPONENT,R1_REMOVE_LEGAL_SIGNATURE,R3_STATE_CENTRIC_POLICY,0.06800000000000006,0.02400000000000001,0.14400000000000007,Quick Attack,Quick Attack,True,0.06800000000000006,0.02400000000000001,0.14400000000000007,372,True,4WE,7,V04,OPPONENT
4WE_PAIR_009_V01__PLAYER,R1_REMOVE_LEGAL_SIGNATURE,R3_STATE_CENTRIC_POLICY,0.06800000000000006,0.02400000000000001,0.14400000000000007,Quick Attack,Quick Attack,True,0.06800000000000006,0.02400000000000001,0.14400000000000007,373,True,4WE,9,V01,PLAYER
4WE_PAIR_017_V01__OPPONENT,R1_REMOVE_LEGAL_SIGNATURE,R3_STATE_CENTRIC_POLICY,0.06800000000000006,0.02400000000000001,0.14400000000000007,Quick Attack,Quick Attack,True,0.06800000000000006,0.02400000000000001,0.14400000000000007,374,True,4WE,17,V01,OPPONENT
4WE_PAIR_017_V01__PLAYER,R1_REMOVE_LEGAL_SIGNATURE,R3_STATE_CENTRIC_POLICY,0.06800000000000006,0.02400000000000001,0.14400000000000007,Quick Attack,Quick Attack,True,0.06800000000000006,0.02400000000000001,0.14400000000000007,375,True,4WE,17,V01,PLAYER
4WE_PAIR_017_V04__OPPONENT,R1_REMOVE_LEGAL_SIGNATURE,R3_STATE_CENTRIC_POLICY,0.06800000000000006,0.02400000000000001,0.14400000000000007,Quick Attack,Quick Attack,True,0.06800000000000006,0.02400000000000001,0.14400000000000007,376,True,4WE,17,V04,OPPONENT
4WE_PAIR_002_V01__PLAYER,R2_REMOVE_SIGNATURE_AND_COMPATIBILITY,R3_STATE_CENTRIC_POLICY,0.06800000000000006,0.023333333333333345,0.14000000000000007,Quick Attack,Quick Attack,True,0.06800000000000006,0.023333333333333345,0.14000000000000007,377,True,4WE,2,V01,PLAYER
4WE_PAIR_003_V01__PLAYER,R2_REMOVE_SIGNATURE_AND_COMPATIBILITY,R3_STATE_CENTRIC_POLICY,0.06800000000000006,0.023333333333333345,0.14000000000000007,Quick Attack,Quick Attack,True,0.06800000000000006,0.023333333333333345,0.14000000000000007,378,True,4WE,3,V01,PLAYER
4WE_PAIR_003_V04__PLAYER,R2_REMOVE_SIGNATURE_AND_COMPATIBILITY,R3_STATE_CENTRIC_POLICY,0.06800000000000006,0.023333333333333345,0.14000000000000007,Quick Attack,Quick Attack,True,0.06800000000000006,0.023333333333333345,0.14000000000000007,379,True,4WE,3,V04,PLAYER
4WE_PAIR_007_V04__PLAYER,R2_REMOVE_SIGNATURE_AND_COMPATIBILITY,R3_STATE_CENTRIC_POLICY,0.06800000000000006,0.023333333333333345,0.14000000000000007,Quick Attack,Quick Attack,True,0.06800000000000006,0.023333333333333345,0.14000000000000007,380,True,4WE,7,V04,PLAYER
4WE_PAIR_009_V01__PLAYER,R2_REMOVE_SIGNATURE_AND_COMPATIBILITY,R3_STATE_CENTRIC_POLICY,0.06800000000000006,0.023333333333333345,0.14000000000000007,Quick Attack,Quick Attack,True,0.06800000000000006,0.023333333333333345,0.14000000000000007,381,True,4WE,9,V01,PLAYER
4WE_PAIR_010_V01__PLAYER,R2_REMOVE_SIGNATURE_AND_COMPATIBILITY,R3_STATE_CENTRIC_POLICY,0.06800000000000006,0.023333333333333345,0.14000000000000007,Quick Attack,Quick Attack,True,0.06800000000000006,0.023333333333333345,0.14000000000000007,382,True,4WE,10,V01,PLAYER
4WE_PAIR_010_V04__PLAYER,R2_REMOVE_SIGNATURE_AND_COMPATIBILITY,R3_STATE_CENTRIC_POLICY,0.06800000000000006,0.023333333333333345,0.14000000000000007,Quick Attack,Quick Attack,True,0.06800000000000006,0.023333333333333345,0.14000000000000007,383,True,4WE,10,V04,PLAYER
4WE_PAIR_017_V04__PLAYER,R2_REMOVE_SIGNATURE_AND_COMPATIBILITY,R3_STATE_CENTRIC_POLICY,0.06800000000000006,0.02333333333333334,0.14000000000000004,Quick Attack,Quick Attack,True,0.06800000000000006,0.02333333333333334,0.14000000000000004,384,True,4WE,17,V04,PLAYER
4WE_PAIR_016_V03__OPPONENT,R0_CURRENT_BASELINE,R2_REMOVE_SIGNATURE_AND_COMPATIBILITY,0.06800000000000002,0.02266666666666668,0.13600000000000007,Quick Attack,Quick Attack,True,0.06800000000000002,0.02266666666666668,0.13600000000000007,385,True,4WE,16,V03,OPPONENT
4WE_PAIR_004_V02__PLAYER,R2_REMOVE_SIGNATURE_AND_COMPATIBILITY,R3_STATE_CENTRIC_POLICY,0.06799999999999995,0.022666666666666658,0.13599999999999995,Quick Attack,Quick Attack,True,0.06799999999999995,0.022666666666666658,0.13599999999999995,386,True,4WE,4,V02,PLAYER
4WE_PAIR_002_V01__OPPONENT,R1_REMOVE_LEGAL_SIGNATURE,R3_STATE_CENTRIC_POLICY,0.06600000000000006,0.023333333333333345,0.14000000000000007,Quick Attack,Quick Attack,True,0.06600000000000006,0.023333333333333345,0.14000000000000007,387,True,4WE,2,V01,OPPONENT
4WE_PAIR_002_V04__OPPONENT,R1_REMOVE_LEGAL_SIGNATURE,R3_STATE_CENTRIC_POLICY,0.06600000000000006,0.023333333333333345,0.14000000000000007,Quick Attack,Quick Attack,True,0.06600000000000006,0.023333333333333345,0.14000000000000007,388,True,4WE,2,V04,OPPONENT
4WE_PAIR_009_V01__OPPONENT,R1_REMOVE_LEGAL_SIGNATURE,R3_STATE_CENTRIC_POLICY,0.06600000000000006,0.023333333333333345,0.14000000000000007,Quick Attack,Quick Attack,True,0.06600000000000006,0.023333333333333345,0.14000000000000007,389,True,4WE,9,V01,OPPONENT
4WE_PAIR_009_V04__OPPONENT,R1_REMOVE_LEGAL_SIGNATURE,R3_STATE_CENTRIC_POLICY,0.06600000000000006,0.023333333333333345,0.14000000000000007,Quick Attack,Quick Attack,True,0.06600000000000006,0.023333333333333345,0.14000000000000007,390,True,4WE,9,V04,OPPONENT
4WE_PAIR_014_V01__OPPONENT,R1_REMOVE_LEGAL_SIGNATURE,R3_STATE_CENTRIC_POLICY,0.06600000000000006,0.023333333333333345,0.14000000000000007,Quick Attack,Quick Attack,True,0.06600000000000006,0.023333333333333345,0.14000000000000007,391,True,4WE,14,V01,OPPONENT
4WE_PAIR_014_V01__PLAYER,R1_REMOVE_LEGAL_SIGNATURE,R3_STATE_CENTRIC_POLICY,0.06600000000000006,0.023333333333333345,0.14000000000000007,Quick Attack,Quick Attack,True,0.06600000000000006,0.023333333333333345,0.14000000000000007,392,True,4WE,14,V01,PLAYER
4WE_PAIR_014_V04__OPPONENT,R1_REMOVE_LEGAL_SIGNATURE,R3_STATE_CENTRIC_POLICY,0.06600000000000006,0.023333333333333345,0.14000000000000007,Quick Attack,Quick Attack,True,0.06600000000000006,0.023333333333333345,0.14000000000000007,393,True,4WE,14,V04,OPPONENT
4WE_PAIR_019_V01__OPPONENT,R1_REMOVE_LEGAL_SIGNATURE,R3_STATE_CENTRIC_POLICY,0.06600000000000006,0.023333333333333345,0.14000000000000007,Quick Attack,Quick Attack,True,0.06600000000000006,0.023333333333333345,0.14000000000000007,394,True,4WE,19,V01,OPPONENT
4WE_PAIR_019_V01__PLAYER,R1_REMOVE_LEGAL_SIGNATURE,R3_STATE_CENTRIC_POLICY,0.06600000000000006,0.023333333333333345,0.14000000000000007,Quick Attack,Quick Attack,True,0.06600000000000006,0.023333333333333345,0.14000000000000007,395,True,4WE,19,V01,PLAYER
4WE_PAIR_019_V04__OPPONENT,R1_REMOVE_LEGAL_SIGNATURE,R3_STATE_CENTRIC_POLICY,0.06600000000000006,0.023333333333333345,0.14000000000000007,Quick Attack,Quick Attack,True,0.06600000000000006,0.023333333333333345,0.14000000000000007,396,True,4WE,19,V04,OPPONENT
4WE_PAIR_001_V01__PLAYER,R2_REMOVE_SIGNATURE_AND_COMPATIBILITY,R3_STATE_CENTRIC_POLICY,0.06600000000000006,0.02266666666666668,0.13600000000000007,Quick Attack,Quick Attack,True,0.06600000000000006,0.02266666666666668,0.13600000000000007,397,True,4WE,1,V01,PLAYER
4WE_PAIR_004_V01__PLAYER,R2_REMOVE_SIGNATURE_AND_COMPATIBILITY,R3_STATE_CENTRIC_POLICY,0.06600000000000006,0.02266666666666668,0.13600000000000007,Quick Attack,Quick Attack,True,0.06600000000000006,0.02266666666666668,0.13600000000000007,398,True,4WE,4,V01,PLAYER
4WE_PAIR_004_V04__PLAYER,R2_REMOVE_SIGNATURE_AND_COMPATIBILITY,R3_STATE_CENTRIC_POLICY,0.06600000000000006,0.02266666666666668,0.13600000000000007,Quick Attack,Quick Attack,True,0.06600000000000006,0.02266666666666668,0.13600000000000007,399,True,4WE,4,V04,PLAYER
4WE_PAIR_007_V01__PLAYER,R2_REMOVE_SIGNATURE_AND_COMPATIBILITY,R3_STATE_CENTRIC_POLICY,0.06600000000000006,0.02266666666666668,0.13600000000000007,Quick Attack,Quick Attack,True,0.06600000000000006,0.02266666666666668,0.13600000000000007,400,True,4WE,7,V01,PLAYER
4WE_PAIR_008_V01__PLAYER,R2_REMOVE_SIGNATURE_AND_COMPATIBILITY,R3_STATE_CENTRIC_POLICY,0.06600000000000006,0.02266666666666668,0.13600000000000007,Quick Attack,Quick Attack,True,0.06600000000000006,0.02266666666666668,0.13600000000000007,401,True,4WE,8,V01,PLAYER
4WE_PAIR_014_V01__PLAYER,R2_REMOVE_SIGNATURE_AND_COMPATIBILITY,R3_STATE_CENTRIC_POLICY,0.06600000000000006,0.02266666666666668,0.13600000000000007,Quick Attack,Quick Attack,True,0.06600000000000006,0.02266666666666668,0.13600000000000007,402,True,4WE,14,V01,PLAYER
4WE_PAIR_019_V01__PLAYER,R2_REMOVE_SIGNATURE_AND_COMPATIBILITY,R3_STATE_CENTRIC_POLICY,0.06600000000000006,0.02266666666666668,0.13600000000000007,Quick Attack,Quick Attack,True,0.06600000000000006,0.02266666666666668,0.13600000000000007,403,True,4WE,19,V01,PLAYER
4WE_PAIR_015_V03__OPPONENT,R0_CURRENT_BASELINE,R2_REMOVE_SIGNATURE_AND_COMPATIBILITY,0.06600000000000002,0.02200000000000001,0.13200000000000006,Quick Attack,Quick Attack,True,0.06600000000000002,0.02200000000000001,0.13200000000000006,404,True,4WE,15,V03,OPPONENT
4WE_PAIR_016_V03__PLAYER,R0_CURRENT_BASELINE,R2_REMOVE_SIGNATURE_AND_COMPATIBILITY,0.06600000000000002,0.02200000000000001,0.13200000000000006,Quick Attack,Quick Attack,True,0.06600000000000002,0.02200000000000001,0.13200000000000006,405,True,4WE,16,V03,PLAYER
4WE_PAIR_021_V03__OPPONENT,R0_CURRENT_BASELINE,R2_REMOVE_SIGNATURE_AND_COMPATIBILITY,0.06600000000000002,0.02200000000000001,0.13200000000000006,Quick Attack,Quick Attack,True,0.06600000000000002,0.02200000000000001,0.13200000000000006,406,True,4WE,21,V03,OPPONENT
4WE_PAIR_004_V03__PLAYER,R2_REMOVE_SIGNATURE_AND_COMPATIBILITY,R3_STATE_CENTRIC_POLICY,0.06599999999999995,0.021999999999999992,0.13199999999999995,Quick Attack,Quick Attack,True,0.06599999999999995,0.021999999999999992,0.13199999999999995,407,True,4WE,4,V03,PLAYER
4WE_PAIR_001_V01__PLAYER,R1_REMOVE_LEGAL_SIGNATURE,R3_STATE_CENTRIC_POLICY,0.06400000000000006,0.02266666666666668,0.13600000000000007,Quick Attack,Quick Attack,True,0.06400000000000006,0.02266666666666668,0.13600000000000007,408,True,4WE,1,V01,PLAYER
4WE_PAIR_008_V01__PLAYER,R1_REMOVE_LEGAL_SIGNATURE,R3_STATE_CENTRIC_POLICY,0.06400000000000006,0.02266666666666668,0.13600000000000007,Quick Attack,Quick Attack,True,0.06400000000000006,0.02266666666666668,0.13600000000000007,409,True,4WE,8,V01,PLAYER
4WE_PAIR_002_V01__OPPONENT,R2_REMOVE_SIGNATURE_AND_COMPATIBILITY,R3_STATE_CENTRIC_POLICY,0.06400000000000006,0.02200000000000001,0.13200000000000006,Quick Attack,Quick Attack,True,0.06400000000000006,0.02200000000000001,0.13200000000000006,410,True,4WE,2,V01,OPPONENT
4WE_PAIR_002_V04__OPPONENT,R2_REMOVE_SIGNATURE_AND_COMPATIBILITY,R3_STATE_CENTRIC_POLICY,0.06400000000000006,0.02200000000000001,0.13200000000000006,Quick Attack,Quick Attack,True,0.06400000000000006,0.02200000000000001,0.13200000000000006,411,True,4WE,2,V04,OPPONENT
4WE_PAIR_003_V01__OPPONENT,R2_REMOVE_SIGNATURE_AND_COMPATIBILITY,R3_STATE_CENTRIC_POLICY,0.06400000000000006,0.02200000000000001,0.13200000000000006,Quick Attack,Quick Attack,True,0.06400000000000006,0.02200000000000001,0.13200000000000006,412,True,4WE,3,V01,OPPONENT
4WE_PAIR_003_V04__OPPONENT,R2_REMOVE_SIGNATURE_AND_COMPATIBILITY,R3_STATE_CENTRIC_POLICY,0.06400000000000006,0.02200000000000001,0.13200000000000006,Quick Attack,Quick Attack,True,0.06400000000000006,0.02200000000000001,0.13200000000000006,413,True,4WE,3,V04,OPPONENT
4WE_PAIR_009_V01__OPPONENT,R2_REMOVE_SIGNATURE_AND_COMPATIBILITY,R3_STATE_CENTRIC_POLICY,0.06400000000000006,0.02200000000000001,0.13200000000000006,Quick Attack,Quick Attack,True,0.06400000000000006,0.02200000000000001,0.13200000000000006,414,True,4WE,9,V01,OPPONENT
4WE_PAIR_009_V04__OPPONENT,R2_REMOVE_SIGNATURE_AND_COMPATIBILITY,R3_STATE_CENTRIC_POLICY,0.06400000000000006,0.02200000000000001,0.13200000000000006,Quick Attack,Quick Attack,True,0.06400000000000006,0.02200000000000001,0.13200000000000006,415,True,4WE,9,V04,OPPONENT
4WE_PAIR_010_V01__OPPONENT,R2_REMOVE_SIGNATURE_AND_COMPATIBILITY,R3_STATE_CENTRIC_POLICY,0.06400000000000006,0.02200000000000001,0.13200000000000006,Quick Attack,Quick Attack,True,0.06400000000000006,0.02200000000000001,0.13200000000000006,416,True,4WE,10,V01,OPPONENT
4WE_PAIR_010_V04__OPPONENT,R2_REMOVE_SIGNATURE_AND_COMPATIBILITY,R3_STATE_CENTRIC_POLICY,0.06400000000000006,0.02200000000000001,0.13200000000000006,Quick Attack,Quick Attack,True,0.06400000000000006,0.02200000000000001,0.13200000000000006,417,True,4WE,10,V04,OPPONENT
4WE_PAIR_013_V01__PLAYER,R2_REMOVE_SIGNATURE_AND_COMPATIBILITY,R3_STATE_CENTRIC_POLICY,0.06400000000000006,0.02200000000000001,0.13200000000000006,Quick Attack,Quick Attack,True,0.06400000000000006,0.02200000000000001,0.13200000000000006,418,True,4WE,13,V01,PLAYER
4WE_PAIR_014_V01__OPPONENT,R2_REMOVE_SIGNATURE_AND_COMPATIBILITY,R3_STATE_CENTRIC_POLICY,0.06400000000000006,0.02200000000000001,0.13200000000000006,Quick Attack,Quick Attack,True,0.06400000000000006,0.02200000000000001,0.13200000000000006,419,True,4WE,14,V01,OPPONENT
4WE_PAIR_014_V04__OPPONENT,R2_REMOVE_SIGNATURE_AND_COMPATIBILITY,R3_STATE_CENTRIC_POLICY,0.06400000000000006,0.02200000000000001,0.13200000000000006,Quick Attack,Quick Attack,True,0.06400000000000006,0.02200000000000001,0.13200000000000006,420,True,4WE,14,V04,OPPONENT
4WE_PAIR_017_V01__PLAYER,R2_REMOVE_SIGNATURE_AND_COMPATIBILITY,R3_STATE_CENTRIC_POLICY,0.06400000000000006,0.02200000000000001,0.13200000000000006,Quick Attack,Quick Attack,True,0.06400000000000006,0.02200000000000001,0.13200000000000006,421,True,4WE,17,V01,PLAYER
4WE_PAIR_018_V01__PLAYER,R2_REMOVE_SIGNATURE_AND_COMPATIBILITY,R3_STATE_CENTRIC_POLICY,0.06400000000000006,0.02200000000000001,0.13200000000000006,Quick Attack,Quick Attack,True,0.06400000000000006,0.02200000000000001,0.13200000000000006,422,True,4WE,18,V01,PLAYER
4WE_PAIR_019_V01__OPPONENT,R2_REMOVE_SIGNATURE_AND_COMPATIBILITY,R3_STATE_CENTRIC_POLICY,0.06400000000000006,0.02200000000000001,0.13200000000000006,Quick Attack,Quick Attack,True,0.06400000000000006,0.02200000000000001,0.13200000000000006,423,True,4WE,19,V01,OPPONENT
4WE_PAIR_019_V04__OPPONENT,R2_REMOVE_SIGNATURE_AND_COMPATIBILITY,R3_STATE_CENTRIC_POLICY,0.06400000000000006,0.02200000000000001,0.13200000000000006,Quick Attack,Quick Attack,True,0.06400000000000006,0.02200000000000001,0.13200000000000006,424,True,4WE,19,V04,OPPONENT
4WE_PAIR_020_V03__PLAYER,R0_CURRENT_BASELINE,R2_REMOVE_SIGNATURE_AND_COMPATIBILITY,0.06400000000000006,0.021333333333333343,0.12800000000000006,Quick Attack,Quick Attack,True,0.06400000000000006,0.021333333333333343,0.12800000000000006,425,True,4WE,20,V03,PLAYER
4WE_PAIR_015_V03__PLAYER,R0_CURRENT_BASELINE,R2_REMOVE_SIGNATURE_AND_COMPATIBILITY,0.06400000000000002,0.021333333333333343,0.12800000000000006,Quick Attack,Quick Attack,True,0.06400000000000002,0.021333333333333343,0.12800000000000006,426,True,4WE,15,V03,PLAYER
4WE_PAIR_016_V02__OPPONENT,R0_CURRENT_BASELINE,R2_REMOVE_SIGNATURE_AND_COMPATIBILITY,0.06400000000000002,0.021333333333333343,0.12800000000000006,Quick Attack,Quick Attack,True,0.06400000000000002,0.021333333333333343,0.12800000000000006,427,True,4WE,16,V02,OPPONENT
4WE_PAIR_021_V03__PLAYER,R0_CURRENT_BASELINE,R2_REMOVE_SIGNATURE_AND_COMPATIBILITY,0.06400000000000002,0.021333333333333343,0.12800000000000006,Quick Attack,Quick Attack,True,0.06400000000000002,0.021333333333333343,0.12800000000000006,428,True,4WE,21,V03,PLAYER
4WE_PAIR_001_V01__OPPONENT,R1_REMOVE_LEGAL_SIGNATURE,R3_STATE_CENTRIC_POLICY,0.062000000000000055,0.02200000000000001,0.13200000000000006,Quick Attack,Quick Attack,True,0.062000000000000055,0.02200000000000001,0.13200000000000006,429,True,4WE,1,V01,OPPONENT
4WE_PAIR_001_V04__OPPONENT,R1_REMOVE_LEGAL_SIGNATURE,R3_STATE_CENTRIC_POLICY,0.062000000000000055,0.02200000000000001,0.13200000000000006,Quick Attack,Quick Attack,True,0.062000000000000055,0.02200000000000001,0.13200000000000006,430,True,4WE,1,V04,OPPONENT
4WE_PAIR_008_V01__OPPONENT,R1_REMOVE_LEGAL_SIGNATURE,R3_STATE_CENTRIC_POLICY,0.062000000000000055,0.02200000000000001,0.13200000000000006,Quick Attack,Quick Attack,True,0.062000000000000055,0.02200000000000001,0.13200000000000006,431,True,4WE,8,V01,OPPONENT
4WE_PAIR_008_V04__OPPONENT,R1_REMOVE_LEGAL_SIGNATURE,R3_STATE_CENTRIC_POLICY,0.062000000000000055,0.02200000000000001,0.13200000000000006,Quick Attack,Quick Attack,True,0.062000000000000055,0.02200000000000001,0.13200000000000006,432,True,4WE,8,V04,OPPONENT
4WE_PAIR_013_V01__OPPONENT,R1_REMOVE_LEGAL_SIGNATURE,R3_STATE_CENTRIC_POLICY,0.062000000000000055,0.02200000000000001,0.13200000000000006,Quick Attack,Quick Attack,True,0.062000000000000055,0.02200000000000001,0.13200000000000006,433,True,4WE,13,V01,OPPONENT
4WE_PAIR_013_V01__PLAYER,R1_REMOVE_LEGAL_SIGNATURE,R3_STATE_CENTRIC_POLICY,0.062000000000000055,0.02200000000000001,0.13200000000000006,Quick Attack,Quick Attack,True,0.062000000000000055,0.02200000000000001,0.13200000000000006,434,True,4WE,13,V01,PLAYER
4WE_PAIR_013_V04__OPPONENT,R1_REMOVE_LEGAL_SIGNATURE,R3_STATE_CENTRIC_POLICY,0.062000000000000055,0.02200000000000001,0.13200000000000006,Quick Attack,Quick Attack,True,0.062000000000000055,0.02200000000000001,0.13200000000000006,435,True,4WE,13,V04,OPPONENT
4WE_PAIR_018_V01__OPPONENT,R1_REMOVE_LEGAL_SIGNATURE,R3_STATE_CENTRIC_POLICY,0.062000000000000055,0.02200000000000001,0.13200000000000006,Quick Attack,Quick Attack,True,0.062000000000000055,0.02200000000000001,0.13200000000000006,436,True,4WE,18,V01,OPPONENT
4WE_PAIR_018_V01__PLAYER,R1_REMOVE_LEGAL_SIGNATURE,R3_STATE_CENTRIC_POLICY,0.062000000000000055,0.02200000000000001,0.13200000000000006,Quick Attack,Quick Attack,True,0.062000000000000055,0.02200000000000001,0.13200000000000006,437,True,4WE,18,V01,PLAYER
4WE_PAIR_018_V04__OPPONENT,R1_REMOVE_LEGAL_SIGNATURE,R3_STATE_CENTRIC_POLICY,0.062000000000000055,0.02200000000000001,0.13200000000000006,Quick Attack,Quick Attack,True,0.062000000000000055,0.02200000000000001,0.13200000000000006,438,True,4WE,18,V04,OPPONENT
4WE_PAIR_001_V01__OPPONENT,R2_REMOVE_SIGNATURE_AND_COMPATIBILITY,R3_STATE_CENTRIC_POLICY,0.062000000000000055,0.021333333333333343,0.12800000000000006,Quick Attack,Quick Attack,True,0.062000000000000055,0.021333333333333343,0.12800000000000006,439,True,4WE,1,V01,OPPONENT
4WE_PAIR_001_V04__OPPONENT,R2_REMOVE_SIGNATURE_AND_COMPATIBILITY,R3_STATE_CENTRIC_POLICY,0.062000000000000055,0.021333333333333343,0.12800000000000006,Quick Attack,Quick Attack,True,0.062000000000000055,0.021333333333333343,0.12800000000000006,440,True,4WE,1,V04,OPPONENT
4WE_PAIR_004_V01__OPPONENT,R2_REMOVE_SIGNATURE_AND_COMPATIBILITY,R3_STATE_CENTRIC_POLICY,0.062000000000000055,0.021333333333333343,0.12800000000000006,Quick Attack,Quick Attack,True,0.062000000000000055,0.021333333333333343,0.12800000000000006,441,True,4WE,4,V01,OPPONENT
4WE_PAIR_004_V04__OPPONENT,R2_REMOVE_SIGNATURE_AND_COMPATIBILITY,R3_STATE_CENTRIC_POLICY,0.062000000000000055,0.021333333333333343,0.12800000000000006,Quick Attack,Quick Attack,True,0.062000000000000055,0.021333333333333343,0.12800000000000006,442,True,4WE,4,V04,OPPONENT
4WE_PAIR_007_V01__OPPONENT,R2_REMOVE_SIGNATURE_AND_COMPATIBILITY,R3_STATE_CENTRIC_POLICY,0.062000000000000055,0.021333333333333343,0.12800000000000006,Quick Attack,Quick Attack,True,0.062000000000000055,0.021333333333333343,0.12800000000000006,443,True,4WE,7,V01,OPPONENT
4WE_PAIR_007_V04__OPPONENT,R2_REMOVE_SIGNATURE_AND_COMPATIBILITY,R3_STATE_CENTRIC_POLICY,0.062000000000000055,0.021333333333333343,0.12800000000000006,Quick Attack,Quick Attack,True,0.062000000000000055,0.021333333333333343,0.12800000000000006,444,True,4WE,7,V04,OPPONENT
4WE_PAIR_008_V01__OPPONENT,R2_REMOVE_SIGNATURE_AND_COMPATIBILITY,R3_STATE_CENTRIC_POLICY,0.062000000000000055,0.021333333333333343,0.12800000000000006,Quick Attack,Quick Attack,True,0.062000000000000055,0.021333333333333343,0.12800000000000006,445,True,4WE,8,V01,OPPONENT
4WE_PAIR_008_V04__OPPONENT,R2_REMOVE_SIGNATURE_AND_COMPATIBILITY,R3_STATE_CENTRIC_POLICY,0.062000000000000055,0.021333333333333343,0.12800000000000006,Quick Attack,Quick Attack,True,0.062000000000000055,0.021333333333333343,0.12800000000000006,446,True,4WE,8,V04,OPPONENT
4WE_PAIR_013_V01__OPPONENT,R2_REMOVE_SIGNATURE_AND_COMPATIBILITY,R3_STATE_CENTRIC_POLICY,0.062000000000000055,0.021333333333333343,0.12800000000000006,Quick Attack,Quick Attack,True,0.062000000000000055,0.021333333333333343,0.12800000000000006,447,True,4WE,13,V01,OPPONENT
4WE_PAIR_013_V04__OPPONENT,R2_REMOVE_SIGNATURE_AND_COMPATIBILITY,R3_STATE_CENTRIC_POLICY,0.062000000000000055,0.021333333333333343,0.12800000000000006,Quick Attack,Quick Attack,True,0.062000000000000055,0.021333333333333343,0.12800000000000006,448,True,4WE,13,V04,OPPONENT
4WE_PAIR_017_V01__OPPONENT,R2_REMOVE_SIGNATURE_AND_COMPATIBILITY,R3_STATE_CENTRIC_POLICY,0.062000000000000055,0.021333333333333343,0.12800000000000006,Quick Attack,Quick Attack,True,0.062000000000000055,0.021333333333333343,0.12800000000000006,449,True,4WE,17,V01,OPPONENT
4WE_PAIR_017_V04__OPPONENT,R2_REMOVE_SIGNATURE_AND_COMPATIBILITY,R3_STATE_CENTRIC_POLICY,0.062000000000000055,0.021333333333333343,0.12800000000000006,Quick Attack,Quick Attack,True,0.062000000000000055,0.021333333333333343,0.12800000000000006,450,True,4WE,17,V04,OPPONENT
4WE_PAIR_018_V01__OPPONENT,R2_REMOVE_SIGNATURE_AND_COMPATIBILITY,R3_STATE_CENTRIC_POLICY,0.062000000000000055,0.021333333333333343,0.12800000000000006,Quick Attack,Quick Attack,True,0.062000000000000055,0.021333333333333343,0.12800000000000006,451,True,4WE,18,V01,OPPONENT
4WE_PAIR_018_V04__OPPONENT,R2_REMOVE_SIGNATURE_AND_COMPATIBILITY,R3_STATE_CENTRIC_POLICY,0.062000000000000055,0.021333333333333343,0.12800000000000006,Quick Attack,Quick Attack,True,0.062000000000000055,0.021333333333333343,0.12800000000000006,452,True,4WE,18,V04,OPPONENT
4WE_PAIR_022_V03__OPPONENT,R0_CURRENT_BASELINE,R2_REMOVE_SIGNATURE_AND_COMPATIBILITY,0.062000000000000055,0.020666666666666677,0.12400000000000007,Quick Attack,Quick Attack,True,0.062000000000000055,0.020666666666666677,0.12400000000000007,453,True,4WE,22,V03,OPPONENT
4WE_PAIR_011_V03__PLAYER,R0_CURRENT_BASELINE,R2_REMOVE_SIGNATURE_AND_COMPATIBILITY,0.062000000000000055,0.020666666666666677,0.12400000000000005,Quick Attack,Quick Attack,True,0.062000000000000055,0.020666666666666677,0.12400000000000005,454,True,4WE,11,V03,PLAYER
4WE_PAIR_005_V03__PLAYER,R0_CURRENT_BASELINE,R2_REMOVE_SIGNATURE_AND_COMPATIBILITY,0.06200000000000001,0.020666666666666677,0.12400000000000007,Quick Attack,Quick Attack,True,0.06200000000000001,0.020666666666666677,0.12400000000000007,455,True,4WE,5,V03,PLAYER
4WE_PAIR_006_V03__PLAYER,R0_CURRENT_BASELINE,R2_REMOVE_SIGNATURE_AND_COMPATIBILITY,0.06200000000000001,0.020666666666666677,0.12400000000000007,Quick Attack,Quick Attack,True,0.06200000000000001,0.020666666666666677,0.12400000000000007,456,True,4WE,6,V03,PLAYER
4WE_PAIR_012_V03__PLAYER,R0_CURRENT_BASELINE,R2_REMOVE_SIGNATURE_AND_COMPATIBILITY,0.06200000000000001,0.020666666666666677,0.12400000000000007,Quick Attack,Quick Attack,True,0.06200000000000001,0.020666666666666677,0.12400000000000007,457,True,4WE,12,V03,PLAYER
4WE_PAIR_005_V03__OPPONENT,R0_CURRENT_BASELINE,R2_REMOVE_SIGNATURE_AND_COMPATIBILITY,0.06200000000000001,0.020666666666666677,0.12400000000000005,Quick Attack,Quick Attack,True,0.06200000000000001,0.020666666666666677,0.12400000000000005,458,True,4WE,5,V03,OPPONENT
4WE_PAIR_006_V03__OPPONENT,R0_CURRENT_BASELINE,R2_REMOVE_SIGNATURE_AND_COMPATIBILITY,0.06200000000000001,0.020666666666666677,0.12400000000000005,Quick Attack,Quick Attack,True,0.06200000000000001,0.020666666666666677,0.12400000000000005,459,True,4WE,6,V03,OPPONENT
4WE_PAIR_012_V03__OPPONENT,R0_CURRENT_BASELINE,R2_REMOVE_SIGNATURE_AND_COMPATIBILITY,0.06200000000000001,0.020666666666666677,0.12400000000000005,Quick Attack,Quick Attack,True,0.06200000000000001,0.020666666666666677,0.12400000000000005,460,True,4WE,12,V03,OPPONENT
4WE_PAIR_015_V02__OPPONENT,R0_CURRENT_BASELINE,R2_REMOVE_SIGNATURE_AND_COMPATIBILITY,0.06200000000000001,0.020666666666666677,0.12400000000000005,Quick Attack,Quick Attack,True,0.06200000000000001,0.020666666666666677,0.12400000000000005,461,True,4WE,15,V02,OPPONENT
4WE_PAIR_021_V02__OPPONENT,R0_CURRENT_BASELINE,R2_REMOVE_SIGNATURE_AND_COMPATIBILITY,0.06200000000000001,0.020666666666666677,0.12400000000000005,Quick Attack,Quick Attack,True,0.06200000000000001,0.020666666666666677,0.12400000000000005,462,True,4WE,21,V02,OPPONENT
4WE_PAIR_022_V03__PLAYER,R0_CURRENT_BASELINE,R2_REMOVE_SIGNATURE_AND_COMPATIBILITY,0.06000000000000005,0.02000000000000001,0.12000000000000006,Quick Attack,Quick Attack,True,0.06000000000000005,0.02000000000000001,0.12000000000000006,463,True,4WE,22,V03,PLAYER
4WE_PAIR_011_V02__PLAYER,R0_CURRENT_BASELINE,R2_REMOVE_SIGNATURE_AND_COMPATIBILITY,0.06000000000000005,0.020000000000000007,0.12000000000000005,Quick Attack,Quick Attack,True,0.06000000000000005,0.020000000000000007,0.12000000000000005,464,True,4WE,11,V02,PLAYER
4WE_PAIR_005_V02__PLAYER,R0_CURRENT_BASELINE,R2_REMOVE_SIGNATURE_AND_COMPATIBILITY,0.06000000000000001,0.02000000000000001,0.12000000000000006,Quick Attack,Quick Attack,True,0.06000000000000001,0.02000000000000001,0.12000000000000006,465,True,4WE,5,V02,PLAYER
4WE_PAIR_006_V02__PLAYER,R0_CURRENT_BASELINE,R2_REMOVE_SIGNATURE_AND_COMPATIBILITY,0.06000000000000001,0.02000000000000001,0.12000000000000006,Quick Attack,Quick Attack,True,0.06000000000000001,0.02000000000000001,0.12000000000000006,466,True,4WE,6,V02,PLAYER
4WE_PAIR_012_V02__PLAYER,R0_CURRENT_BASELINE,R2_REMOVE_SIGNATURE_AND_COMPATIBILITY,0.06000000000000001,0.02000000000000001,0.12000000000000006,Quick Attack,Quick Attack,True,0.06000000000000001,0.02000000000000001,0.12000000000000006,467,True,4WE,12,V02,PLAYER
4WE_PAIR_016_V02__PLAYER,R0_CURRENT_BASELINE,R2_REMOVE_SIGNATURE_AND_COMPATIBILITY,0.06000000000000001,0.02000000000000001,0.12000000000000006,Quick Attack,Quick Attack,True,0.06000000000000001,0.02000000000000001,0.12000000000000006,468,True,4WE,16,V02,PLAYER
4WE_PAIR_015_V03__OPPONENT,R2_REMOVE_SIGNATURE_AND_COMPATIBILITY,R3_STATE_CENTRIC_POLICY,0.06,0.01999999999999999,0.11999999999999994,Quick Attack,Quick Attack,True,0.06,0.01999999999999999,0.11999999999999994,469,True,4WE,15,V03,OPPONENT
4WE_PAIR_021_V03__OPPONENT,R2_REMOVE_SIGNATURE_AND_COMPATIBILITY,R3_STATE_CENTRIC_POLICY,0.06,0.01999999999999999,0.11999999999999994,Quick Attack,Quick Attack,True,0.06,0.01999999999999999,0.11999999999999994,470,True,4WE,21,V03,OPPONENT
4WE_PAIR_020_V03__OPPONENT,R2_REMOVE_SIGNATURE_AND_COMPATIBILITY,R3_STATE_CENTRIC_POLICY,0.05999999999999994,0.01999999999999999,0.11999999999999994,Quick Attack,Quick Attack,True,0.05999999999999994,0.01999999999999999,0.11999999999999994,471,True,4WE,20,V03,OPPONENT
4WE_PAIR_020_V03__PLAYER,R2_REMOVE_SIGNATURE_AND_COMPATIBILITY,R3_STATE_CENTRIC_POLICY,0.05999999999999994,0.01999999999999999,0.11999999999999994,Quick Attack,Quick Attack,True,0.05999999999999994,0.01999999999999999,0.11999999999999994,472,True,4WE,20,V03,PLAYER
4WE_PAIR_020_V03__OPPONENT,R0_CURRENT_BASELINE,R2_REMOVE_SIGNATURE_AND_COMPATIBILITY,0.05800000000000005,0.019333333333333345,0.11600000000000006,Quick Attack,Quick Attack,True,0.05800000000000005,0.019333333333333345,0.11600000000000006,473,True,4WE,20,V03,OPPONENT
4WE_PAIR_023_V03__OPPONENT,R0_CURRENT_BASELINE,R2_REMOVE_SIGNATURE_AND_COMPATIBILITY,0.05800000000000005,0.019333333333333345,0.11600000000000006,Quick Attack,Quick Attack,True,0.05800000000000005,0.019333333333333345,0.11600000000000006,474,True,4WE,23,V03,OPPONENT
4WE_PAIR_020_V02__PLAYER,R0_CURRENT_BASELINE,R2_REMOVE_SIGNATURE_AND_COMPATIBILITY,0.05800000000000005,0.01933333333333334,0.11600000000000005,Quick Attack,Quick Attack,True,0.05800000000000005,0.01933333333333334,0.11600000000000005,475,True,4WE,20,V02,PLAYER
4WE_PAIR_022_V02__OPPONENT,R0_CURRENT_BASELINE,R2_REMOVE_SIGNATURE_AND_COMPATIBILITY,0.05800000000000005,0.01933333333333334,0.11600000000000005,Quick Attack,Quick Attack,True,0.05800000000000005,0.01933333333333334,0.11600000000000005,476,True,4WE,22,V02,OPPONENT
4WE_PAIR_015_V02__PLAYER,R0_CURRENT_BASELINE,R2_REMOVE_SIGNATURE_AND_COMPATIBILITY,0.05800000000000001,0.019333333333333345,0.11600000000000006,Quick Attack,Quick Attack,True,0.05800000000000001,0.019333333333333345,0.11600000000000006,477,True,4WE,15,V02,PLAYER
4WE_PAIR_021_V02__PLAYER,R0_CURRENT_BASELINE,R2_REMOVE_SIGNATURE_AND_COMPATIBILITY,0.05800000000000001,0.019333333333333345,0.11600000000000006,Quick Attack,Quick Attack,True,0.05800000000000001,0.019333333333333345,0.11600000000000006,478,True,4WE,21,V02,PLAYER
4WE_PAIR_005_V02__OPPONENT,R0_CURRENT_BASELINE,R2_REMOVE_SIGNATURE_AND_COMPATIBILITY,0.05800000000000001,0.01933333333333334,0.11600000000000005,Quick Attack,Quick Attack,True,0.05800000000000001,0.01933333333333334,0.11600000000000005,479,True,4WE,5,V02,OPPONENT
4WE_PAIR_006_V02__OPPONENT,R0_CURRENT_BASELINE,R2_REMOVE_SIGNATURE_AND_COMPATIBILITY,0.05800000000000001,0.01933333333333334,0.11600000000000005,Quick Attack,Quick Attack,True,0.05800000000000001,0.01933333333333334,0.11600000000000005,480,True,4WE,6,V02,OPPONENT
4WE_PAIR_012_V02__OPPONENT,R0_CURRENT_BASELINE,R2_REMOVE_SIGNATURE_AND_COMPATIBILITY,0.05800000000000001,0.01933333333333334,0.11600000000000005,Quick Attack,Quick Attack,True,0.05800000000000001,0.01933333333333334,0.11600000000000005,481,True,4WE,12,V02,OPPONENT
4WE_PAIR_005_V03__OPPONENT,R2_REMOVE_SIGNATURE_AND_COMPATIBILITY,R3_STATE_CENTRIC_POLICY,0.057999999999999996,0.019333333333333324,0.11599999999999994,Quick Attack,Quick Attack,True,0.057999999999999996,0.019333333333333324,0.11599999999999994,482,True,4WE,5,V03,OPPONENT
4WE_PAIR_006_V03__OPPONENT,R2_REMOVE_SIGNATURE_AND_COMPATIBILITY,R3_STATE_CENTRIC_POLICY,0.057999999999999996,0.019333333333333324,0.11599999999999994,Quick Attack,Quick Attack,True,0.057999999999999996,0.019333333333333324,0.11599999999999994,483,True,4WE,6,V03,OPPONENT
4WE_PAIR_012_V03__OPPONENT,R2_REMOVE_SIGNATURE_AND_COMPATIBILITY,R3_STATE_CENTRIC_POLICY,0.057999999999999996,0.019333333333333324,0.11599999999999994,Quick Attack,Quick Attack,True,0.057999999999999996,0.019333333333333324,0.11599999999999994,484,True,4WE,12,V03,OPPONENT
4WE_PAIR_015_V03__PLAYER,R2_REMOVE_SIGNATURE_AND_COMPATIBILITY,R3_STATE_CENTRIC_POLICY,0.057999999999999996,0.019333333333333324,0.11599999999999994,Quick Attack,Quick Attack,True,0.057999999999999996,0.019333333333333324,0.11599999999999994,485,True,4WE,15,V03,PLAYER
4WE_PAIR_016_V03__OPPONENT,R2_REMOVE_SIGNATURE_AND_COMPATIBILITY,R3_STATE_CENTRIC_POLICY,0.057999999999999996,0.019333333333333324,0.11599999999999994,Quick Attack,Quick Attack,True,0.057999999999999996,0.019333333333333324,0.11599999999999994,486,True,4WE,16,V03,OPPONENT
4WE_PAIR_016_V03__PLAYER,R2_REMOVE_SIGNATURE_AND_COMPATIBILITY,R3_STATE_CENTRIC_POLICY,0.057999999999999996,0.019333333333333324,0.11599999999999994,Quick Attack,Quick Attack,True,0.057999999999999996,0.019333333333333324,0.11599999999999994,487,True,4WE,16,V03,PLAYER
4WE_PAIR_021_V03__PLAYER,R2_REMOVE_SIGNATURE_AND_COMPATIBILITY,R3_STATE_CENTRIC_POLICY,0.057999999999999996,0.019333333333333324,0.11599999999999994,Quick Attack,Quick Attack,True,0.057999999999999996,0.019333333333333324,0.11599999999999994,488,True,4WE,21,V03,PLAYER
4WE_PAIR_011_V03__OPPONENT,R2_REMOVE_SIGNATURE_AND_COMPATIBILITY,R3_STATE_CENTRIC_POLICY,0.05799999999999994,0.019333333333333324,0.11599999999999994,Quick Attack,Quick Attack,True,0.05799999999999994,0.019333333333333324,0.11599999999999994,489,True,4WE,11,V03,OPPONENT
4WE_PAIR_020_V02__OPPONENT,R2_REMOVE_SIGNATURE_AND_COMPATIBILITY,R3_STATE_CENTRIC_POLICY,0.05799999999999994,0.019333333333333324,0.11599999999999994,Quick Attack,Quick Attack,True,0.05799999999999994,0.019333333333333324,0.11599999999999994,490,True,4WE,20,V02,OPPONENT
4WE_PAIR_023_V03__PLAYER,R0_CURRENT_BASELINE,R2_REMOVE_SIGNATURE_AND_COMPATIBILITY,0.05600000000000005,0.018666666666666675,0.11200000000000006,Quick Attack,Quick Attack,True,0.05600000000000005,0.018666666666666675,0.11200000000000006,491,True,4WE,23,V03,PLAYER
4WE_PAIR_015_V02__OPPONENT,R2_REMOVE_SIGNATURE_AND_COMPATIBILITY,R3_STATE_CENTRIC_POLICY,0.055999999999999994,0.018666666666666654,0.11199999999999993,Quick Attack,Quick Attack,True,0.055999999999999994,0.018666666666666654,0.11199999999999993,492,True,4WE,15,V02,OPPONENT
4WE_PAIR_021_V02__OPPONENT,R2_REMOVE_SIGNATURE_AND_COMPATIBILITY,R3_STATE_CENTRIC_POLICY,0.055999999999999994,0.018666666666666654,0.11199999999999993,Quick Attack,Quick Attack,True,0.055999999999999994,0.018666666666666654,0.11199999999999993,493,True,4WE,21,V02,OPPONENT
4WE_PAIR_011_V02__OPPONENT,R2_REMOVE_SIGNATURE_AND_COMPATIBILITY,R3_STATE_CENTRIC_POLICY,0.05599999999999994,0.018666666666666654,0.11199999999999993,Quick Attack,Quick Attack,True,0.05599999999999994,0.018666666666666654,0.11199999999999993,494,True,4WE,11,V02,OPPONENT
4WE_PAIR_011_V03__OPPONENT,R0_CURRENT_BASELINE,R2_REMOVE_SIGNATURE_AND_COMPATIBILITY,0.05400000000000005,0.01800000000000001,0.10800000000000005,Quick Attack,Quick Attack,True,0.05400000000000005,0.01800000000000001,0.10800000000000005,495,True,4WE,11,V03,OPPONENT
4WE_PAIR_020_V02__OPPONENT,R0_CURRENT_BASELINE,R2_REMOVE_SIGNATURE_AND_COMPATIBILITY,0.05400000000000005,0.01800000000000001,0.10800000000000005,Quick Attack,Quick Attack,True,0.05400000000000005,0.01800000000000001,0.10800000000000005,496,True,4WE,20,V02,OPPONENT
4WE_PAIR_022_V02__PLAYER,R0_CURRENT_BASELINE,R2_REMOVE_SIGNATURE_AND_COMPATIBILITY,0.05400000000000005,0.018000000000000006,0.10800000000000004,Quick Attack,Quick Attack,True,0.05400000000000005,0.018000000000000006,0.10800000000000004,497,True,4WE,22,V02,PLAYER
4WE_PAIR_023_V02__OPPONENT,R0_CURRENT_BASELINE,R2_REMOVE_SIGNATURE_AND_COMPATIBILITY,0.05400000000000005,0.018000000000000006,0.10800000000000004,Quick Attack,Quick Attack,True,0.05400000000000005,0.018000000000000006,0.10800000000000004,498,True,4WE,23,V02,OPPONENT
4WE_PAIR_023_V02__PLAYER,R0_CURRENT_BASELINE,R2_REMOVE_SIGNATURE_AND_COMPATIBILITY,0.05400000000000005,0.018000000000000006,0.10800000000000004,Quick Attack,Quick Attack,True,0.05400000000000005,0.018000000000000006,0.10800000000000004,499,True,4WE,23,V02,PLAYER
4WE_PAIR_006_V02__OPPONENT,R2_REMOVE_SIGNATURE_AND_COMPATIBILITY,R3_STATE_CENTRIC_POLICY,0.05400000000000005,0.018000000000000006,0.10800000000000004,Quick Attack,Quick Attack,True,0.05400000000000005,0.018000000000000006,0.10800000000000004,500,True,4WE,6,V02,OPPONENT
4WE_PAIR_005_V02__OPPONENT,R2_REMOVE_SIGNATURE_AND_COMPATIBILITY,R3_STATE_CENTRIC_POLICY,0.05399999999999999,0.017999999999999988,0.10799999999999993,Quick Attack,Quick Attack,True,0.05399999999999999,0.017999999999999988,0.10799999999999993,501,True,4WE,5,V02,OPPONENT
4WE_PAIR_006_V03__PLAYER,R2_REMOVE_SIGNATURE_AND_COMPATIBILITY,R3_STATE_CENTRIC_POLICY,0.05399999999999999,0.017999999999999988,0.10799999999999993,Quick Attack,Quick Attack,True,0.05399999999999999,0.017999999999999988,0.10799999999999993,502,True,4WE,6,V03,PLAYER
4WE_PAIR_012_V02__OPPONENT,R2_REMOVE_SIGNATURE_AND_COMPATIBILITY,R3_STATE_CENTRIC_POLICY,0.05399999999999999,0.017999999999999988,0.10799999999999993,Quick Attack,Quick Attack,True,0.05399999999999999,0.017999999999999988,0.10799999999999993,503,True,4WE,12,V02,OPPONENT
4WE_PAIR_016_V02__OPPONENT,R2_REMOVE_SIGNATURE_AND_COMPATIBILITY,R3_STATE_CENTRIC_POLICY,0.05399999999999999,0.017999999999999988,0.10799999999999993,Quick Attack,Quick Attack,True,0.05399999999999999,0.017999999999999988,0.10799999999999993,504,True,4WE,16,V02,OPPONENT
4WE_PAIR_011_V03__PLAYER,R2_REMOVE_SIGNATURE_AND_COMPATIBILITY,R3_STATE_CENTRIC_POLICY,0.05399999999999994,0.017999999999999988,0.10799999999999993,Quick Attack,Quick Attack,True,0.05399999999999994,0.017999999999999988,0.10799999999999993,505,True,4WE,11,V03,PLAYER
4WE_PAIR_020_V02__PLAYER,R2_REMOVE_SIGNATURE_AND_COMPATIBILITY,R3_STATE_CENTRIC_POLICY,0.05399999999999994,0.017999999999999988,0.10799999999999993,Quick Attack,Quick Attack,True,0.05399999999999994,0.017999999999999988,0.10799999999999993,506,True,4WE,20,V02,PLAYER
4WE_PAIR_022_V03__PLAYER,R2_REMOVE_SIGNATURE_AND_COMPATIBILITY,R3_STATE_CENTRIC_POLICY,0.05399999999999994,0.017999999999999988,0.10799999999999993,Quick Attack,Quick Attack,True,0.05399999999999994,0.017999999999999988,0.10799999999999993,507,True,4WE,22,V03,PLAYER
4WE_PAIR_003_V03__OPPONENT,R1_REMOVE_LEGAL_SIGNATURE,R3_STATE_CENTRIC_POLICY,0.052000000000000046,0.018000000000000006,0.10800000000000004,Quick Attack,Quick Attack,True,0.052000000000000046,0.018000000000000006,0.10800000000000004,508,True,4WE,3,V03,OPPONENT
4WE_PAIR_007_V03__PLAYER,R1_REMOVE_LEGAL_SIGNATURE,R3_STATE_CENTRIC_POLICY,0.052000000000000046,0.018000000000000006,0.10800000000000004,Quick Attack,Quick Attack,True,0.052000000000000046,0.018000000000000006,0.10800000000000004,509,True,4WE,7,V03,PLAYER
4WE_PAIR_010_V03__OPPONENT,R1_REMOVE_LEGAL_SIGNATURE,R3_STATE_CENTRIC_POLICY,0.052000000000000046,0.018000000000000006,0.10800000000000004,Quick Attack,Quick Attack,True,0.052000000000000046,0.018000000000000006,0.10800000000000004,510,True,4WE,10,V03,OPPONENT
4WE_PAIR_017_V03__PLAYER,R1_REMOVE_LEGAL_SIGNATURE,R3_STATE_CENTRIC_POLICY,0.052000000000000046,0.018000000000000006,0.10800000000000004,Quick Attack,Quick Attack,True,0.052000000000000046,0.018000000000000006,0.10800000000000004,511,True,4WE,17,V03,PLAYER
4WE_PAIR_011_V02__OPPONENT,R1_REMOVE_LEGAL_SIGNATURE,R2_REMOVE_SIGNATURE_AND_COMPATIBILITY,0.05199999999999999,0.01733333333333334,0.10400000000000004,Quick Attack,Quick Attack,True,0.05199999999999999,0.01733333333333334,0.10400000000000004,512,True,4WE,11,V02,OPPONENT
4WE_PAIR_020_V02__OPPONENT,R1_REMOVE_LEGAL_SIGNATURE,R2_REMOVE_SIGNATURE_AND_COMPATIBILITY,0.05199999999999999,0.017333333333333322,0.10399999999999993,Quick Attack,Quick Attack,True,0.05199999999999999,0.017333333333333322,0.10399999999999993,513,True,4WE,20,V02,OPPONENT
4WE_PAIR_005_V03__PLAYER,R2_REMOVE_SIGNATURE_AND_COMPATIBILITY,R3_STATE_CENTRIC_POLICY,0.05199999999999999,0.017333333333333322,0.10399999999999993,Quick Attack,Quick Attack,True,0.05199999999999999,0.017333333333333322,0.10399999999999993,514,True,4WE,5,V03,PLAYER
4WE_PAIR_012_V03__PLAYER,R2_REMOVE_SIGNATURE_AND_COMPATIBILITY,R3_STATE_CENTRIC_POLICY,0.05199999999999999,0.017333333333333322,0.10399999999999993,Quick Attack,Quick Attack,True,0.05199999999999999,0.017333333333333322,0.10399999999999993,515,True,4WE,12,V03,PLAYER
4WE_PAIR_022_V03__OPPONENT,R2_REMOVE_SIGNATURE_AND_COMPATIBILITY,R3_STATE_CENTRIC_POLICY,0.051999999999999935,0.017333333333333322,0.10399999999999993,Quick Attack,Quick Attack,True,0.051999999999999935,0.017333333333333322,0.10399999999999993,516,True,4WE,22,V03,OPPONENT
4WE_PAIR_023_V03__PLAYER,R2_REMOVE_SIGNATURE_AND_COMPATIBILITY,R3_STATE_CENTRIC_POLICY,0.051999999999999935,0.017333333333333322,0.10399999999999993,Quick Attack,Quick Attack,True,0.051999999999999935,0.017333333333333322,0.10399999999999993,517,True,4WE,23,V03,PLAYER
4WE_PAIR_002_V03__PLAYER,R1_REMOVE_LEGAL_SIGNATURE,R3_STATE_CENTRIC_POLICY,0.050000000000000044,0.017333333333333343,0.10400000000000006,Quick Attack,Quick Attack,True,0.050000000000000044,0.017333333333333343,0.10400000000000006,518,True,4WE,2,V03,PLAYER
4WE_PAIR_009_V03__PLAYER,R1_REMOVE_LEGAL_SIGNATURE,R3_STATE_CENTRIC_POLICY,0.050000000000000044,0.017333333333333343,0.10400000000000006,Quick Attack,Quick Attack,True,0.050000000000000044,0.017333333333333343,0.10400000000000006,519,True,4WE,9,V03,PLAYER
4WE_PAIR_014_V03__PLAYER,R1_REMOVE_LEGAL_SIGNATURE,R3_STATE_CENTRIC_POLICY,0.050000000000000044,0.017333333333333343,0.10400000000000006,Quick Attack,Quick Attack,True,0.050000000000000044,0.017333333333333343,0.10400000000000006,520,True,4WE,14,V03,PLAYER
4WE_PAIR_019_V03__PLAYER,R1_REMOVE_LEGAL_SIGNATURE,R3_STATE_CENTRIC_POLICY,0.050000000000000044,0.017333333333333343,0.10400000000000006,Quick Attack,Quick Attack,True,0.050000000000000044,0.017333333333333343,0.10400000000000006,521,True,4WE,19,V03,PLAYER
4WE_PAIR_003_V03__PLAYER,R1_REMOVE_LEGAL_SIGNATURE,R3_STATE_CENTRIC_POLICY,0.050000000000000044,0.01733333333333334,0.10400000000000004,Quick Attack,Quick Attack,True,0.050000000000000044,0.01733333333333334,0.10400000000000004,522,True,4WE,3,V03,PLAYER
4WE_PAIR_004_V03__OPPONENT,R1_REMOVE_LEGAL_SIGNATURE,R3_STATE_CENTRIC_POLICY,0.050000000000000044,0.01733333333333334,0.10400000000000004,Quick Attack,Quick Attack,True,0.050000000000000044,0.01733333333333334,0.10400000000000004,523,True,4WE,4,V03,OPPONENT
4WE_PAIR_007_V03__OPPONENT,R1_REMOVE_LEGAL_SIGNATURE,R3_STATE_CENTRIC_POLICY,0.050000000000000044,0.01733333333333334,0.10400000000000004,Quick Attack,Quick Attack,True,0.050000000000000044,0.01733333333333334,0.10400000000000004,524,True,4WE,7,V03,OPPONENT
4WE_PAIR_010_V03__PLAYER,R1_REMOVE_LEGAL_SIGNATURE,R3_STATE_CENTRIC_POLICY,0.050000000000000044,0.01733333333333334,0.10400000000000004,Quick Attack,Quick Attack,True,0.050000000000000044,0.01733333333333334,0.10400000000000004,525,True,4WE,10,V03,PLAYER
4WE_PAIR_017_V03__OPPONENT,R1_REMOVE_LEGAL_SIGNATURE,R3_STATE_CENTRIC_POLICY,0.050000000000000044,0.01733333333333334,0.10400000000000004,Quick Attack,Quick Attack,True,0.050000000000000044,0.01733333333333334,0.10400000000000004,526,True,4WE,17,V03,OPPONENT
4WE_PAIR_011_V02__OPPONENT,R0_CURRENT_BASELINE,R2_REMOVE_SIGNATURE_AND_COMPATIBILITY,0.050000000000000044,0.016666666666666673,0.10000000000000005,Quick Attack,Quick Attack,True,0.050000000000000044,0.016666666666666673,0.10000000000000005,527,True,4WE,11,V02,OPPONENT
4WE_PAIR_020_V04__PLAYER,R0_CURRENT_BASELINE,R3_STATE_CENTRIC_POLICY,0.050000000000000044,0.016666666666666673,0.10000000000000005,Quick Attack,Quick Attack,True,0.050000000000000044,0.016666666666666673,0.10000000000000005,528,True,4WE,20,V04,PLAYER
4WE_PAIR_015_V02__PLAYER,R2_REMOVE_SIGNATURE_AND_COMPATIBILITY,R3_STATE_CENTRIC_POLICY,0.050000000000000044,0.016666666666666673,0.10000000000000003,Quick Attack,Quick Attack,True,0.050000000000000044,0.016666666666666673,0.10000000000000003,529,True,4WE,15,V02,PLAYER
4WE_PAIR_016_V02__PLAYER,R2_REMOVE_SIGNATURE_AND_COMPATIBILITY,R3_STATE_CENTRIC_POLICY,0.050000000000000044,0.016666666666666673,0.10000000000000003,Quick Attack,Quick Attack,True,0.050000000000000044,0.016666666666666673,0.10000000000000003,530,True,4WE,16,V02,PLAYER
4WE_PAIR_021_V02__PLAYER,R2_REMOVE_SIGNATURE_AND_COMPATIBILITY,R3_STATE_CENTRIC_POLICY,0.050000000000000044,0.016666666666666673,0.10000000000000003,Quick Attack,Quick Attack,True,0.050000000000000044,0.016666666666666673,0.10000000000000003,531,True,4WE,21,V02,PLAYER
4WE_PAIR_001_V04__OPPONENT,R0_CURRENT_BASELINE,R2_REMOVE_SIGNATURE_AND_COMPATIBILITY,0.05,0.017999999999999988,0.10799999999999993,Quick Attack,Quick Attack,True,0.05,0.017999999999999988,0.10799999999999993,532,True,4WE,1,V04,OPPONENT
4WE_PAIR_002_V04__OPPONENT,R0_CURRENT_BASELINE,R2_REMOVE_SIGNATURE_AND_COMPATIBILITY,0.05,0.017999999999999988,0.10799999999999993,Quick Attack,Quick Attack,True,0.05,0.017999999999999988,0.10799999999999993,533,True,4WE,2,V04,OPPONENT
4WE_PAIR_004_V04__OPPONENT,R0_CURRENT_BASELINE,R2_REMOVE_SIGNATURE_AND_COMPATIBILITY,0.05,0.017999999999999988,0.10799999999999993,Quick Attack,Quick Attack,True,0.05,0.017999999999999988,0.10799999999999993,534,True,4WE,4,V04,OPPONENT
4WE_PAIR_008_V04__OPPONENT,R0_CURRENT_BASELINE,R2_REMOVE_SIGNATURE_AND_COMPATIBILITY,0.05,0.017999999999999988,0.10799999999999993,Quick Attack,Quick Attack,True,0.05,0.017999999999999988,0.10799999999999993,535,True,4WE,8,V04,OPPONENT
4WE_PAIR_009_V04__OPPONENT,R0_CURRENT_BASELINE,R2_REMOVE_SIGNATURE_AND_COMPATIBILITY,0.05,0.017999999999999988,0.10799999999999993,Quick Attack,Quick Attack,True,0.05,0.017999999999999988,0.10799999999999993,536,True,4WE,9,V04,OPPONENT
4WE_PAIR_013_V04__OPPONENT,R0_CURRENT_BASELINE,R2_REMOVE_SIGNATURE_AND_COMPATIBILITY,0.05,0.017999999999999988,0.10799999999999993,Quick Attack,Quick Attack,True,0.05,0.017999999999999988,0.10799999999999993,537,True,4WE,13,V04,OPPONENT
4WE_PAIR_014_V04__OPPONENT,R0_CURRENT_BASELINE,R2_REMOVE_SIGNATURE_AND_COMPATIBILITY,0.05,0.017999999999999988,0.10799999999999993,Quick Attack,Quick Attack,True,0.05,0.017999999999999988,0.10799999999999993,538,True,4WE,14,V04,OPPONENT
4WE_PAIR_018_V04__OPPONENT,R0_CURRENT_BASELINE,R2_REMOVE_SIGNATURE_AND_COMPATIBILITY,0.05,0.017999999999999988,0.10799999999999993,Quick Attack,Quick Attack,True,0.05,0.017999999999999988,0.10799999999999993,539,True,4WE,18,V04,OPPONENT
4WE_PAIR_019_V04__OPPONENT,R0_CURRENT_BASELINE,R2_REMOVE_SIGNATURE_AND_COMPATIBILITY,0.05,0.017999999999999988,0.10799999999999993,Quick Attack,Quick Attack,True,0.05,0.017999999999999988,0.10799999999999993,540,True,4WE,19,V04,OPPONENT
4WE_PAIR_001_V01__OPPONENT,R0_CURRENT_BASELINE,R2_REMOVE_SIGNATURE_AND_COMPATIBILITY,0.05,0.017333333333333322,0.10399999999999993,Quick Attack,Quick Attack,True,0.05,0.017333333333333322,0.10399999999999993,541,True,4WE,1,V01,OPPONENT
4WE_PAIR_001_V04__PLAYER,R0_CURRENT_BASELINE,R2_REMOVE_SIGNATURE_AND_COMPATIBILITY,0.05,0.017333333333333322,0.10399999999999993,Quick Attack,Quick Attack,True,0.05,0.017333333333333322,0.10399999999999993,542,True,4WE,1,V04,PLAYER
4WE_PAIR_002_V01__OPPONENT,R0_CURRENT_BASELINE,R2_REMOVE_SIGNATURE_AND_COMPATIBILITY,0.05,0.017333333333333322,0.10399999999999993,Quick Attack,Quick Attack,True,0.05,0.017333333333333322,0.10399999999999993,543,True,4WE,2,V01,OPPONENT
4WE_PAIR_002_V04__PLAYER,R0_CURRENT_BASELINE,R2_REMOVE_SIGNATURE_AND_COMPATIBILITY,0.05,0.017333333333333322,0.10399999999999993,Quick Attack,Quick Attack,True,0.05,0.017333333333333322,0.10399999999999993,544,True,4WE,2,V04,PLAYER
4WE_PAIR_004_V01__OPPONENT,R0_CURRENT_BASELINE,R2_REMOVE_SIGNATURE_AND_COMPATIBILITY,0.05,0.017333333333333322,0.10399999999999993,Quick Attack,Quick Attack,True,0.05,0.017333333333333322,0.10399999999999993,545,True,4WE,4,V01,OPPONENT
4WE_PAIR_004_V04__PLAYER,R0_CURRENT_BASELINE,R2_REMOVE_SIGNATURE_AND_COMPATIBILITY,0.05,0.017333333333333322,0.10399999999999993,Quick Attack,Quick Attack,True,0.05,0.017333333333333322,0.10399999999999993,546,True,4WE,4,V04,PLAYER
4WE_PAIR_008_V01__OPPONENT,R0_CURRENT_BASELINE,R2_REMOVE_SIGNATURE_AND_COMPATIBILITY,0.05,0.017333333333333322,0.10399999999999993,Quick Attack,Quick Attack,True,0.05,0.017333333333333322,0.10399999999999993,547,True,4WE,8,V01,OPPONENT
4WE_PAIR_008_V04__PLAYER,R0_CURRENT_BASELINE,R2_REMOVE_SIGNATURE_AND_COMPATIBILITY,0.05,0.017333333333333322,0.10399999999999993,Quick Attack,Quick Attack,True,0.05,0.017333333333333322,0.10399999999999993,548,True,4WE,8,V04,PLAYER
4WE_PAIR_009_V01__OPPONENT,R0_CURRENT_BASELINE,R2_REMOVE_SIGNATURE_AND_COMPATIBILITY,0.05,0.017333333333333322,0.10399999999999993,Quick Attack,Quick Attack,True,0.05,0.017333333333333322,0.10399999999999993,549,True,4WE,9,V01,OPPONENT
4WE_PAIR_009_V04__PLAYER,R0_CURRENT_BASELINE,R2_REMOVE_SIGNATURE_AND_COMPATIBILITY,0.05,0.017333333333333322,0.10399999999999993,Quick Attack,Quick Attack,True,0.05,0.017333333333333322,0.10399999999999993,550,True,4WE,9,V04,PLAYER
4WE_PAIR_013_V01__OPPONENT,R0_CURRENT_BASELINE,R2_REMOVE_SIGNATURE_AND_COMPATIBILITY,0.05,0.017333333333333322,0.10399999999999993,Quick Attack,Quick Attack,True,0.05,0.017333333333333322,0.10399999999999993,551,True,4WE,13,V01,OPPONENT
4WE_PAIR_014_V01__OPPONENT,R0_CURRENT_BASELINE,R2_REMOVE_SIGNATURE_AND_COMPATIBILITY,0.05,0.017333333333333322,0.10399999999999993,Quick Attack,Quick Attack,True,0.05,0.017333333333333322,0.10399999999999993,552,True,4WE,14,V01,OPPONENT
4WE_PAIR_018_V01__OPPONENT,R0_CURRENT_BASELINE,R2_REMOVE_SIGNATURE_AND_COMPATIBILITY,0.05,0.017333333333333322,0.10399999999999993,Quick Attack,Quick Attack,True,0.05,0.017333333333333322,0.10399999999999993,553,True,4WE,18,V01,OPPONENT
4WE_PAIR_019_V01__OPPONENT,R0_CURRENT_BASELINE,R2_REMOVE_SIGNATURE_AND_COMPATIBILITY,0.05,0.017333333333333322,0.10399999999999993,Quick Attack,Quick Attack,True,0.05,0.017333333333333322,0.10399999999999993,554,True,4WE,19,V01,OPPONENT
4WE_PAIR_023_V02__OPPONENT,R1_REMOVE_LEGAL_SIGNATURE,R2_REMOVE_SIGNATURE_AND_COMPATIBILITY,0.04999999999999999,0.016666666666666673,0.10000000000000003,Quick Attack,Quick Attack,True,0.04999999999999999,0.016666666666666673,0.10000000000000003,555,True,4WE,23,V02,OPPONENT
4WE_PAIR_011_V03__OPPONENT,R1_REMOVE_LEGAL_SIGNATURE,R2_REMOVE_SIGNATURE_AND_COMPATIBILITY,0.04999999999999999,0.016666666666666653,0.09999999999999992,Quick Attack,Quick Attack,True,0.04999999999999999,0.016666666666666653,0.09999999999999992,556,True,4WE,11,V03,OPPONENT
4WE_PAIR_020_V03__OPPONENT,R1_REMOVE_LEGAL_SIGNATURE,R2_REMOVE_SIGNATURE_AND_COMPATIBILITY,0.04999999999999999,0.016666666666666653,0.09999999999999992,Quick Attack,Quick Attack,True,0.04999999999999999,0.016666666666666653,0.09999999999999992,557,True,4WE,20,V03,OPPONENT
4WE_PAIR_011_V02__PLAYER,R2_REMOVE_SIGNATURE_AND_COMPATIBILITY,R3_STATE_CENTRIC_POLICY,0.04999999999999993,0.016666666666666653,0.09999999999999992,Quick Attack,Quick Attack,True,0.04999999999999993,0.016666666666666653,0.09999999999999992,558,True,4WE,11,V02,PLAYER
4WE_PAIR_023_V03__OPPONENT,R2_REMOVE_SIGNATURE_AND_COMPATIBILITY,R3_STATE_CENTRIC_POLICY,0.04999999999999993,0.016666666666666653,0.09999999999999992,Quick Attack,Quick Attack,True,0.04999999999999993,0.016666666666666653,0.09999999999999992,559,True,4WE,23,V03,OPPONENT
4WE_PAIR_001_V03__PLAYER,R1_REMOVE_LEGAL_SIGNATURE,R3_STATE_CENTRIC_POLICY,0.04800000000000004,0.016666666666666677,0.10000000000000006,Quick Attack,Quick Attack,True,0.04800000000000004,0.016666666666666677,0.10000000000000006,560,True,4WE,1,V03,PLAYER
4WE_PAIR_002_V03__OPPONENT,R1_REMOVE_LEGAL_SIGNATURE,R3_STATE_CENTRIC_POLICY,0.04800000000000004,0.016666666666666677,0.10000000000000006,Quick Attack,Quick Attack,True,0.04800000000000004,0.016666666666666677,0.10000000000000006,561,True,4WE,2,V03,OPPONENT
4WE_PAIR_003_V02__OPPONENT,R1_REMOVE_LEGAL_SIGNATURE,R3_STATE_CENTRIC_POLICY,0.04800000000000004,0.016666666666666677,0.10000000000000006,Quick Attack,Quick Attack,True,0.04800000000000004,0.016666666666666677,0.10000000000000006,562,True,4WE,3,V02,OPPONENT
4WE_PAIR_003_V02__PLAYER,R1_REMOVE_LEGAL_SIGNATURE,R3_STATE_CENTRIC_POLICY,0.04800000000000004,0.016666666666666677,0.10000000000000006,Quick Attack,Quick Attack,True,0.04800000000000004,0.016666666666666677,0.10000000000000006,563,True,4WE,3,V02,PLAYER
4WE_PAIR_008_V03__PLAYER,R1_REMOVE_LEGAL_SIGNATURE,R3_STATE_CENTRIC_POLICY,0.04800000000000004,0.016666666666666677,0.10000000000000006,Quick Attack,Quick Attack,True,0.04800000000000004,0.016666666666666677,0.10000000000000006,564,True,4WE,8,V03,PLAYER
4WE_PAIR_009_V03__OPPONENT,R1_REMOVE_LEGAL_SIGNATURE,R3_STATE_CENTRIC_POLICY,0.04800000000000004,0.016666666666666677,0.10000000000000006,Quick Attack,Quick Attack,True,0.04800000000000004,0.016666666666666677,0.10000000000000006,565,True,4WE,9,V03,OPPONENT
4WE_PAIR_010_V02__OPPONENT,R1_REMOVE_LEGAL_SIGNATURE,R3_STATE_CENTRIC_POLICY,0.04800000000000004,0.016666666666666677,0.10000000000000006,Quick Attack,Quick Attack,True,0.04800000000000004,0.016666666666666677,0.10000000000000006,566,True,4WE,10,V02,OPPONENT
4WE_PAIR_010_V02__PLAYER,R1_REMOVE_LEGAL_SIGNATURE,R3_STATE_CENTRIC_POLICY,0.04800000000000004,0.016666666666666677,0.10000000000000006,Quick Attack,Quick Attack,True,0.04800000000000004,0.016666666666666677,0.10000000000000006,567,True,4WE,10,V02,PLAYER
4WE_PAIR_013_V03__PLAYER,R1_REMOVE_LEGAL_SIGNATURE,R3_STATE_CENTRIC_POLICY,0.04800000000000004,0.016666666666666677,0.10000000000000006,Quick Attack,Quick Attack,True,0.04800000000000004,0.016666666666666677,0.10000000000000006,568,True,4WE,13,V03,PLAYER
4WE_PAIR_014_V03__OPPONENT,R1_REMOVE_LEGAL_SIGNATURE,R3_STATE_CENTRIC_POLICY,0.04800000000000004,0.016666666666666677,0.10000000000000006,Quick Attack,Quick Attack,True,0.04800000000000004,0.016666666666666677,0.10000000000000006,569,True,4WE,14,V03,OPPONENT
4WE_PAIR_018_V03__PLAYER,R1_REMOVE_LEGAL_SIGNATURE,R3_STATE_CENTRIC_POLICY,0.04800000000000004,0.016666666666666677,0.10000000000000006,Quick Attack,Quick Attack,True,0.04800000000000004,0.016666666666666677,0.10000000000000006,570,True,4WE,18,V03,PLAYER
4WE_PAIR_019_V03__OPPONENT,R1_REMOVE_LEGAL_SIGNATURE,R3_STATE_CENTRIC_POLICY,0.04800000000000004,0.016666666666666677,0.10000000000000006,Quick Attack,Quick Attack,True,0.04800000000000004,0.016666666666666677,0.10000000000000006,571,True,4WE,19,V03,OPPONENT
4WE_PAIR_004_V03__PLAYER,R1_REMOVE_LEGAL_SIGNATURE,R3_STATE_CENTRIC_POLICY,0.04800000000000004,0.016666666666666673,0.10000000000000003,Quick Attack,Quick Attack,True,0.04800000000000004,0.016666666666666673,0.10000000000000003,572,True,4WE,4,V03,PLAYER
4WE_PAIR_007_V02__OPPONENT,R1_REMOVE_LEGAL_SIGNATURE,R3_STATE_CENTRIC_POLICY,0.04800000000000004,0.016666666666666673,0.10000000000000003,Quick Attack,Quick Attack,True,0.04800000000000004,0.016666666666666673,0.10000000000000003,573,True,4WE,7,V02,OPPONENT
4WE_PAIR_007_V02__PLAYER,R1_REMOVE_LEGAL_SIGNATURE,R3_STATE_CENTRIC_POLICY,0.04800000000000004,0.016666666666666673,0.10000000000000003,Quick Attack,Quick Attack,True,0.04800000000000004,0.016666666666666673,0.10000000000000003,574,True,4WE,7,V02,PLAYER
4WE_PAIR_017_V02__OPPONENT,R1_REMOVE_LEGAL_SIGNATURE,R3_STATE_CENTRIC_POLICY,0.04800000000000004,0.016666666666666673,0.10000000000000003,Quick Attack,Quick Attack,True,0.04800000000000004,0.016666666666666673,0.10000000000000003,575,True,4WE,17,V02,OPPONENT
4WE_PAIR_017_V02__PLAYER,R1_REMOVE_LEGAL_SIGNATURE,R3_STATE_CENTRIC_POLICY,0.04800000000000004,0.016666666666666673,0.10000000000000003,Quick Attack,Quick Attack,True,0.04800000000000004,0.016666666666666673,0.10000000000000003,576,True,4WE,17,V02,PLAYER
4WE_PAIR_022_V02__PLAYER,R2_REMOVE_SIGNATURE_AND_COMPATIBILITY,R3_STATE_CENTRIC_POLICY,0.04800000000000004,0.01600000000000001,0.09600000000000006,Quick Attack,Quick Attack,True,0.04800000000000004,0.01600000000000001,0.09600000000000006,577,True,4WE,22,V02,PLAYER
4WE_PAIR_023_V02__OPPONENT,R2_REMOVE_SIGNATURE_AND_COMPATIBILITY,R3_STATE_CENTRIC_POLICY,0.04800000000000004,0.01600000000000001,0.09600000000000006,Quick Attack,Quick Attack,True,0.04800000000000004,0.01600000000000001,0.09600000000000006,578,True,4WE,23,V02,OPPONENT
4WE_PAIR_023_V02__PLAYER,R2_REMOVE_SIGNATURE_AND_COMPATIBILITY,R3_STATE_CENTRIC_POLICY,0.04800000000000004,0.01600000000000001,0.09600000000000006,Quick Attack,Quick Attack,True,0.04800000000000004,0.01600000000000001,0.09600000000000006,579,True,4WE,23,V02,PLAYER
4WE_PAIR_005_V02__OPPONENT,R1_REMOVE_LEGAL_SIGNATURE,R2_REMOVE_SIGNATURE_AND_COMPATIBILITY,0.04800000000000004,0.016000000000000004,0.09600000000000003,Quick Attack,Quick Attack,True,0.04800000000000004,0.016000000000000004,0.09600000000000003,580,True,4WE,5,V02,OPPONENT
4WE_PAIR_005_V03__OPPONENT,R1_REMOVE_LEGAL_SIGNATURE,R2_REMOVE_SIGNATURE_AND_COMPATIBILITY,0.04800000000000004,0.016000000000000004,0.09600000000000003,Quick Attack,Quick Attack,True,0.04800000000000004,0.016000000000000004,0.09600000000000003,581,True,4WE,5,V03,OPPONENT
4WE_PAIR_006_V02__OPPONENT,R1_REMOVE_LEGAL_SIGNATURE,R2_REMOVE_SIGNATURE_AND_COMPATIBILITY,0.04800000000000004,0.016000000000000004,0.09600000000000003,Quick Attack,Quick Attack,True,0.04800000000000004,0.016000000000000004,0.09600000000000003,582,True,4WE,6,V02,OPPONENT
4WE_PAIR_006_V03__OPPONENT,R1_REMOVE_LEGAL_SIGNATURE,R2_REMOVE_SIGNATURE_AND_COMPATIBILITY,0.04800000000000004,0.016000000000000004,0.09600000000000003,Quick Attack,Quick Attack,True,0.04800000000000004,0.016000000000000004,0.09600000000000003,583,True,4WE,6,V03,OPPONENT
4WE_PAIR_012_V02__OPPONENT,R1_REMOVE_LEGAL_SIGNATURE,R2_REMOVE_SIGNATURE_AND_COMPATIBILITY,0.04800000000000004,0.016000000000000004,0.09600000000000003,Quick Attack,Quick Attack,True,0.04800000000000004,0.016000000000000004,0.09600000000000003,584,True,4WE,12,V02,OPPONENT
4WE_PAIR_012_V03__OPPONENT,R1_REMOVE_LEGAL_SIGNATURE,R2_REMOVE_SIGNATURE_AND_COMPATIBILITY,0.04800000000000004,0.016000000000000004,0.09600000000000003,Quick Attack,Quick Attack,True,0.04800000000000004,0.016000000000000004,0.09600000000000003,585,True,4WE,12,V03,OPPONENT
4WE_PAIR_015_V02__OPPONENT,R1_REMOVE_LEGAL_SIGNATURE,R2_REMOVE_SIGNATURE_AND_COMPATIBILITY,0.04800000000000004,0.016000000000000004,0.09600000000000003,Quick Attack,Quick Attack,True,0.04800000000000004,0.016000000000000004,0.09600000000000003,586,True,4WE,15,V02,OPPONENT
4WE_PAIR_021_V02__OPPONENT,R1_REMOVE_LEGAL_SIGNATURE,R2_REMOVE_SIGNATURE_AND_COMPATIBILITY,0.04800000000000004,0.016000000000000004,0.09600000000000003,Quick Attack,Quick Attack,True,0.04800000000000004,0.016000000000000004,0.09600000000000003,587,True,4WE,21,V02,OPPONENT
4WE_PAIR_006_V02__PLAYER,R2_REMOVE_SIGNATURE_AND_COMPATIBILITY,R3_STATE_CENTRIC_POLICY,0.04800000000000004,0.016000000000000004,0.09600000000000003,Quick Attack,Quick Attack,True,0.04800000000000004,0.016000000000000004,0.09600000000000003,588,True,4WE,6,V02,PLAYER
4WE_PAIR_003_V04__OPPONENT,R0_CURRENT_BASELINE,R2_REMOVE_SIGNATURE_AND_COMPATIBILITY,0.048,0.017333333333333322,0.10399999999999993,Quick Attack,Quick Attack,True,0.048,0.017333333333333322,0.10399999999999993,589,True,4WE,3,V04,OPPONENT
4WE_PAIR_010_V04__OPPONENT,R0_CURRENT_BASELINE,R2_REMOVE_SIGNATURE_AND_COMPATIBILITY,0.048,0.017333333333333322,0.10399999999999993,Quick Attack,Quick Attack,True,0.048,0.017333333333333322,0.10399999999999993,590,True,4WE,10,V04,OPPONENT
4WE_PAIR_001_V01__PLAYER,R0_CURRENT_BASELINE,R2_REMOVE_SIGNATURE_AND_COMPATIBILITY,0.048,0.016666666666666653,0.09999999999999992,Quick Attack,Quick Attack,True,0.048,0.016666666666666653,0.09999999999999992,591,True,4WE,1,V01,PLAYER
4WE_PAIR_002_V01__PLAYER,R0_CURRENT_BASELINE,R2_REMOVE_SIGNATURE_AND_COMPATIBILITY,0.048,0.016666666666666653,0.09999999999999992,Quick Attack,Quick Attack,True,0.048,0.016666666666666653,0.09999999999999992,592,True,4WE,2,V01,PLAYER
4WE_PAIR_003_V01__OPPONENT,R0_CURRENT_BASELINE,R2_REMOVE_SIGNATURE_AND_COMPATIBILITY,0.048,0.016666666666666653,0.09999999999999992,Quick Attack,Quick Attack,True,0.048,0.016666666666666653,0.09999999999999992,593,True,4WE,3,V01,OPPONENT
4WE_PAIR_003_V04__PLAYER,R0_CURRENT_BASELINE,R2_REMOVE_SIGNATURE_AND_COMPATIBILITY,0.048,0.016666666666666653,0.09999999999999992,Quick Attack,Quick Attack,True,0.048,0.016666666666666653,0.09999999999999992,594,True,4WE,3,V04,PLAYER
4WE_PAIR_004_V01__PLAYER,R0_CURRENT_BASELINE,R2_REMOVE_SIGNATURE_AND_COMPATIBILITY,0.048,0.016666666666666653,0.09999999999999992,Quick Attack,Quick Attack,True,0.048,0.016666666666666653,0.09999999999999992,595,True,4WE,4,V01,PLAYER
4WE_PAIR_008_V01__PLAYER,R0_CURRENT_BASELINE,R2_REMOVE_SIGNATURE_AND_COMPATIBILITY,0.048,0.016666666666666653,0.09999999999999992,Quick Attack,Quick Attack,True,0.048,0.016666666666666653,0.09999999999999992,596,True,4WE,8,V01,PLAYER
4WE_PAIR_009_V01__PLAYER,R0_CURRENT_BASELINE,R2_REMOVE_SIGNATURE_AND_COMPATIBILITY,0.048,0.016666666666666653,0.09999999999999992,Quick Attack,Quick Attack,True,0.048,0.016666666666666653,0.09999999999999992,597,True,4WE,9,V01,PLAYER
4WE_PAIR_010_V01__OPPONENT,R0_CURRENT_BASELINE,R2_REMOVE_SIGNATURE_AND_COMPATIBILITY,0.048,0.016666666666666653,0.09999999999999992,Quick Attack,Quick Attack,True,0.048,0.016666666666666653,0.09999999999999992,598,True,4WE,10,V01,OPPONENT
4WE_PAIR_010_V04__PLAYER,R0_CURRENT_BASELINE,R2_REMOVE_SIGNATURE_AND_COMPATIBILITY,0.048,0.016666666666666653,0.09999999999999992,Quick Attack,Quick Attack,True,0.048,0.016666666666666653,0.09999999999999992,599,True,4WE,10,V04,PLAYER
4WE_PAIR_013_V01__PLAYER,R0_CURRENT_BASELINE,R2_REMOVE_SIGNATURE_AND_COMPATIBILITY,0.048,0.016666666666666653,0.09999999999999992,Quick Attack,Quick Attack,True,0.048,0.016666666666666653,0.09999999999999992,600,True,4WE,13,V01,PLAYER
4WE_PAIR_013_V04__PLAYER,R0_CURRENT_BASELINE,R2_REMOVE_SIGNATURE_AND_COMPATIBILITY,0.048,0.016666666666666653,0.09999999999999992,Quick Attack,Quick Attack,True,0.048,0.016666666666666653,0.09999999999999992,601,True,4WE,13,V04,PLAYER
4WE_PAIR_014_V01__PLAYER,R0_CURRENT_BASELINE,R2_REMOVE_SIGNATURE_AND_COMPATIBILITY,0.048,0.016666666666666653,0.09999999999999992,Quick Attack,Quick Attack,True,0.048,0.016666666666666653,0.09999999999999992,602,True,4WE,14,V01,PLAYER
4WE_PAIR_014_V04__PLAYER,R0_CURRENT_BASELINE,R2_REMOVE_SIGNATURE_AND_COMPATIBILITY,0.048,0.016666666666666653,0.09999999999999992,Quick Attack,Quick Attack,True,0.048,0.016666666666666653,0.09999999999999992,603,True,4WE,14,V04,PLAYER
4WE_PAIR_018_V01__PLAYER,R0_CURRENT_BASELINE,R2_REMOVE_SIGNATURE_AND_COMPATIBILITY,0.048,0.016666666666666653,0.09999999999999992,Quick Attack,Quick Attack,True,0.048,0.016666666666666653,0.09999999999999992,604,True,4WE,18,V01,PLAYER
4WE_PAIR_018_V04__PLAYER,R0_CURRENT_BASELINE,R2_REMOVE_SIGNATURE_AND_COMPATIBILITY,0.048,0.016666666666666653,0.09999999999999992,Quick Attack,Quick Attack,True,0.048,0.016666666666666653,0.09999999999999992,605,True,4WE,18,V04,PLAYER
4WE_PAIR_019_V01__PLAYER,R0_CURRENT_BASELINE,R2_REMOVE_SIGNATURE_AND_COMPATIBILITY,0.048,0.016666666666666653,0.09999999999999992,Quick Attack,Quick Attack,True,0.048,0.016666666666666653,0.09999999999999992,606,True,4WE,19,V01,PLAYER
4WE_PAIR_019_V04__PLAYER,R0_CURRENT_BASELINE,R2_REMOVE_SIGNATURE_AND_COMPATIBILITY,0.048,0.016666666666666653,0.09999999999999992,Quick Attack,Quick Attack,True,0.048,0.016666666666666653,0.09999999999999992,607,True,4WE,19,V04,PLAYER
4WE_PAIR_020_V02__PLAYER,R1_REMOVE_LEGAL_SIGNATURE,R2_REMOVE_SIGNATURE_AND_COMPATIBILITY,0.04799999999999999,0.016000000000000004,0.09600000000000003,Quick Attack,Quick Attack,True,0.04799999999999999,0.016000000000000004,0.09600000000000003,608,True,4WE,20,V02,PLAYER
4WE_PAIR_023_V03__OPPONENT,R1_REMOVE_LEGAL_SIGNATURE,R2_REMOVE_SIGNATURE_AND_COMPATIBILITY,0.04799999999999999,0.016000000000000004,0.09600000000000003,Quick Attack,Quick Attack,True,0.04799999999999999,0.016000000000000004,0.09600000000000003,609,True,4WE,23,V03,OPPONENT
4WE_PAIR_023_V03__PLAYER,R1_REMOVE_LEGAL_SIGNATURE,R2_REMOVE_SIGNATURE_AND_COMPATIBILITY,0.04799999999999999,0.016000000000000004,0.09600000000000003,Quick Attack,Quick Attack,True,0.04799999999999999,0.016000000000000004,0.09600000000000003,610,True,4WE,23,V03,PLAYER
4WE_PAIR_015_V03__OPPONENT,R1_REMOVE_LEGAL_SIGNATURE,R2_REMOVE_SIGNATURE_AND_COMPATIBILITY,0.04799999999999999,0.015999999999999986,0.09599999999999992,Quick Attack,Quick Attack,True,0.04799999999999999,0.015999999999999986,0.09599999999999992,611,True,4WE,15,V03,OPPONENT
4WE_PAIR_021_V03__OPPONENT,R1_REMOVE_LEGAL_SIGNATURE,R2_REMOVE_SIGNATURE_AND_COMPATIBILITY,0.04799999999999999,0.015999999999999986,0.09599999999999992,Quick Attack,Quick Attack,True,0.04799999999999999,0.015999999999999986,0.09599999999999992,612,True,4WE,21,V03,OPPONENT
4WE_PAIR_007_V01__OPPONENT,R0_CURRENT_BASELINE,R2_REMOVE_SIGNATURE_AND_COMPATIBILITY,0.04799999999999993,0.017999999999999988,0.10799999999999993,Quick Attack,Quick Attack,True,0.04799999999999993,0.017999999999999988,0.10799999999999993,613,True,4WE,7,V01,OPPONENT
4WE_PAIR_007_V04__OPPONENT,R0_CURRENT_BASELINE,R2_REMOVE_SIGNATURE_AND_COMPATIBILITY,0.04799999999999993,0.017999999999999988,0.10799999999999993,Quick Attack,Quick Attack,True,0.04799999999999993,0.017999999999999988,0.10799999999999993,614,True,4WE,7,V04,OPPONENT
4WE_PAIR_007_V04__PLAYER,R0_CURRENT_BASELINE,R2_REMOVE_SIGNATURE_AND_COMPATIBILITY,0.04799999999999993,0.017999999999999988,0.10799999999999993,Quick Attack,Quick Attack,True,0.04799999999999993,0.017999999999999988,0.10799999999999993,615,True,4WE,7,V04,PLAYER
4WE_PAIR_017_V01__OPPONENT,R0_CURRENT_BASELINE,R2_REMOVE_SIGNATURE_AND_COMPATIBILITY,0.04799999999999993,0.017999999999999988,0.10799999999999993,Quick Attack,Quick Attack,True,0.04799999999999993,0.017999999999999988,0.10799999999999993,616,True,4WE,17,V01,OPPONENT
4WE_PAIR_017_V04__OPPONENT,R0_CURRENT_BASELINE,R2_REMOVE_SIGNATURE_AND_COMPATIBILITY,0.04799999999999993,0.017999999999999988,0.10799999999999993,Quick Attack,Quick Attack,True,0.04799999999999993,0.017999999999999988,0.10799999999999993,617,True,4WE,17,V04,OPPONENT
4WE_PAIR_022_V02__OPPONENT,R2_REMOVE_SIGNATURE_AND_COMPATIBILITY,R3_STATE_CENTRIC_POLICY,0.04799999999999993,0.01599999999999999,0.09599999999999995,Quick Attack,Quick Attack,True,0.04799999999999993,0.01599999999999999,0.09599999999999995,618,True,4WE,22,V02,OPPONENT
4WE_PAIR_001_V03__OPPONENT,R1_REMOVE_LEGAL_SIGNATURE,R3_STATE_CENTRIC_POLICY,0.04600000000000004,0.01600000000000001,0.09600000000000006,Quick Attack,Quick Attack,True,0.04600000000000004,0.01600000000000001,0.09600000000000006,619,True,4WE,1,V03,OPPONENT
4WE_PAIR_002_V02__OPPONENT,R1_REMOVE_LEGAL_SIGNATURE,R3_STATE_CENTRIC_POLICY,0.04600000000000004,0.01600000000000001,0.09600000000000006,Quick Attack,Quick Attack,True,0.04600000000000004,0.01600000000000001,0.09600000000000006,620,True,4WE,2,V02,OPPONENT
4WE_PAIR_002_V02__PLAYER,R1_REMOVE_LEGAL_SIGNATURE,R3_STATE_CENTRIC_POLICY,0.04600000000000004,0.01600000000000001,0.09600000000000006,Quick Attack,Quick Attack,True,0.04600000000000004,0.01600000000000001,0.09600000000000006,621,True,4WE,2,V02,PLAYER
4WE_PAIR_008_V03__OPPONENT,R1_REMOVE_LEGAL_SIGNATURE,R3_STATE_CENTRIC_POLICY,0.04600000000000004,0.01600000000000001,0.09600000000000006,Quick Attack,Quick Attack,True,0.04600000000000004,0.01600000000000001,0.09600000000000006,622,True,4WE,8,V03,OPPONENT
4WE_PAIR_009_V02__OPPONENT,R1_REMOVE_LEGAL_SIGNATURE,R3_STATE_CENTRIC_POLICY,0.04600000000000004,0.01600000000000001,0.09600000000000006,Quick Attack,Quick Attack,True,0.04600000000000004,0.01600000000000001,0.09600000000000006,623,True,4WE,9,V02,OPPONENT
4WE_PAIR_009_V02__PLAYER,R1_REMOVE_LEGAL_SIGNATURE,R3_STATE_CENTRIC_POLICY,0.04600000000000004,0.01600000000000001,0.09600000000000006,Quick Attack,Quick Attack,True,0.04600000000000004,0.01600000000000001,0.09600000000000006,624,True,4WE,9,V02,PLAYER
4WE_PAIR_013_V03__OPPONENT,R1_REMOVE_LEGAL_SIGNATURE,R3_STATE_CENTRIC_POLICY,0.04600000000000004,0.01600000000000001,0.09600000000000006,Quick Attack,Quick Attack,True,0.04600000000000004,0.01600000000000001,0.09600000000000006,625,True,4WE,13,V03,OPPONENT
4WE_PAIR_014_V02__OPPONENT,R1_REMOVE_LEGAL_SIGNATURE,R3_STATE_CENTRIC_POLICY,0.04600000000000004,0.01600000000000001,0.09600000000000006,Quick Attack,Quick Attack,True,0.04600000000000004,0.01600000000000001,0.09600000000000006,626,True,4WE,14,V02,OPPONENT
4WE_PAIR_014_V02__PLAYER,R1_REMOVE_LEGAL_SIGNATURE,R3_STATE_CENTRIC_POLICY,0.04600000000000004,0.01600000000000001,0.09600000000000006,Quick Attack,Quick Attack,True,0.04600000000000004,0.01600000000000001,0.09600000000000006,627,True,4WE,14,V02,PLAYER
4WE_PAIR_018_V03__OPPONENT,R1_REMOVE_LEGAL_SIGNATURE,R3_STATE_CENTRIC_POLICY,0.04600000000000004,0.01600000000000001,0.09600000000000006,Quick Attack,Quick Attack,True,0.04600000000000004,0.01600000000000001,0.09600000000000006,628,True,4WE,18,V03,OPPONENT
4WE_PAIR_019_V02__OPPONENT,R1_REMOVE_LEGAL_SIGNATURE,R3_STATE_CENTRIC_POLICY,0.04600000000000004,0.01600000000000001,0.09600000000000006,Quick Attack,Quick Attack,True,0.04600000000000004,0.01600000000000001,0.09600000000000006,629,True,4WE,19,V02,OPPONENT
4WE_PAIR_019_V02__PLAYER,R1_REMOVE_LEGAL_SIGNATURE,R3_STATE_CENTRIC_POLICY,0.04600000000000004,0.01600000000000001,0.09600000000000006,Quick Attack,Quick Attack,True,0.04600000000000004,0.01600000000000001,0.09600000000000006,630,True,4WE,19,V02,PLAYER
4WE_PAIR_004_V02__OPPONENT,R1_REMOVE_LEGAL_SIGNATURE,R3_STATE_CENTRIC_POLICY,0.04600000000000004,0.016000000000000004,0.09600000000000003,Quick Attack,Quick Attack,True,0.04600000000000004,0.016000000000000004,0.09600000000000003,631,True,4WE,4,V02,OPPONENT
4WE_PAIR_004_V02__PLAYER,R1_REMOVE_LEGAL_SIGNATURE,R3_STATE_CENTRIC_POLICY,0.04600000000000004,0.016000000000000004,0.09600000000000003,Quick Attack,Quick Attack,True,0.04600000000000004,0.016000000000000004,0.09600000000000003,632,True,4WE,4,V02,PLAYER
4WE_PAIR_011_V01__PLAYER,R0_CURRENT_BASELINE,R3_STATE_CENTRIC_POLICY,0.04600000000000004,0.01533333333333334,0.09200000000000004,Quick Attack,Quick Attack,True,0.04600000000000004,0.01533333333333334,0.09200000000000004,633,True,4WE,11,V01,PLAYER
4WE_PAIR_020_V01__PLAYER,R0_CURRENT_BASELINE,R3_STATE_CENTRIC_POLICY,0.04600000000000004,0.01533333333333334,0.09200000000000004,Quick Attack,Quick Attack,True,0.04600000000000004,0.01533333333333334,0.09200000000000004,634,True,4WE,20,V01,PLAYER
4WE_PAIR_016_V02__OPPONENT,R1_REMOVE_LEGAL_SIGNATURE,R2_REMOVE_SIGNATURE_AND_COMPATIBILITY,0.04600000000000004,0.015333333333333338,0.09200000000000003,Quick Attack,Quick Attack,True,0.04600000000000004,0.015333333333333338,0.09200000000000003,635,True,4WE,16,V02,OPPONENT
4WE_PAIR_016_V03__OPPONENT,R1_REMOVE_LEGAL_SIGNATURE,R2_REMOVE_SIGNATURE_AND_COMPATIBILITY,0.04600000000000004,0.015333333333333338,0.09200000000000003,Quick Attack,Quick Attack,True,0.04600000000000004,0.015333333333333338,0.09200000000000003,636,True,4WE,16,V03,OPPONENT
4WE_PAIR_005_V02__PLAYER,R2_REMOVE_SIGNATURE_AND_COMPATIBILITY,R3_STATE_CENTRIC_POLICY,0.04600000000000004,0.015333333333333338,0.09200000000000003,Quick Attack,Quick Attack,True,0.04600000000000004,0.015333333333333338,0.09200000000000003,637,True,4WE,5,V02,PLAYER
4WE_PAIR_012_V02__PLAYER,R2_REMOVE_SIGNATURE_AND_COMPATIBILITY,R3_STATE_CENTRIC_POLICY,0.04600000000000004,0.015333333333333338,0.09200000000000003,Quick Attack,Quick Attack,True,0.04600000000000004,0.015333333333333338,0.09200000000000003,638,True,4WE,12,V02,PLAYER
4WE_PAIR_022_V02__PLAYER,R1_REMOVE_LEGAL_SIGNATURE,R2_REMOVE_SIGNATURE_AND_COMPATIBILITY,0.04600000000000001,0.015333333333333343,0.09200000000000005,Quick Attack,Quick Attack,True,0.04600000000000001,0.015333333333333343,0.09200000000000005,639,True,4WE,22,V02,PLAYER
4WE_PAIR_023_V02__PLAYER,R1_REMOVE_LEGAL_SIGNATURE,R2_REMOVE_SIGNATURE_AND_COMPATIBILITY,0.04600000000000001,0.015333333333333343,0.09200000000000005,Quick Attack,Quick Attack,True,0.04600000000000001,0.015333333333333343,0.09200000000000005,640,True,4WE,23,V02,PLAYER
4WE_PAIR_002_V04__OPPONENT,R0_CURRENT_BASELINE,R1_REMOVE_LEGAL_SIGNATURE,0.046,0.016666666666666653,0.09999999999999992,Quick Attack,Quick Attack,True,0.046,0.016666666666666653,0.09999999999999992,641,True,4WE,2,V04,OPPONENT
4WE_PAIR_009_V04__OPPONENT,R0_CURRENT_BASELINE,R1_REMOVE_LEGAL_SIGNATURE,0.046,0.016666666666666653,0.09999999999999992,Quick Attack,Quick Attack,True,0.046,0.016666666666666653,0.09999999999999992,642,True,4WE,9,V04,OPPONENT
4WE_PAIR_014_V04__OPPONENT,R0_CURRENT_BASELINE,R1_REMOVE_LEGAL_SIGNATURE,0.046,0.016666666666666653,0.09999999999999992,Quick Attack,Quick Attack,True,0.046,0.016666666666666653,0.09999999999999992,643,True,4WE,14,V04,OPPONENT
4WE_PAIR_019_V04__OPPONENT,R0_CURRENT_BASELINE,R1_REMOVE_LEGAL_SIGNATURE,0.046,0.016666666666666653,0.09999999999999992,Quick Attack,Quick Attack,True,0.046,0.016666666666666653,0.09999999999999992,644,True,4WE,19,V04,OPPONENT
4WE_PAIR_002_V01__OPPONENT,R0_CURRENT_BASELINE,R1_REMOVE_LEGAL_SIGNATURE,0.046,0.015999999999999986,0.09599999999999992,Quick Attack,Quick Attack,True,0.046,0.015999999999999986,0.09599999999999992,645,True,4WE,2,V01,OPPONENT
4WE_PAIR_002_V01__PLAYER,R0_CURRENT_BASELINE,R1_REMOVE_LEGAL_SIGNATURE,0.046,0.015999999999999986,0.09599999999999992,Quick Attack,Quick Attack,True,0.046,0.015999999999999986,0.09599999999999992,646,True,4WE,2,V01,PLAYER
4WE_PAIR_009_V01__OPPONENT,R0_CURRENT_BASELINE,R1_REMOVE_LEGAL_SIGNATURE,0.046,0.015999999999999986,0.09599999999999992,Quick Attack,Quick Attack,True,0.046,0.015999999999999986,0.09599999999999992,647,True,4WE,9,V01,OPPONENT
4WE_PAIR_009_V01__PLAYER,R0_CURRENT_BASELINE,R1_REMOVE_LEGAL_SIGNATURE,0.046,0.015999999999999986,0.09599999999999992,Quick Attack,Quick Attack,True,0.046,0.015999999999999986,0.09599999999999992,648,True,4WE,9,V01,PLAYER
4WE_PAIR_014_V01__OPPONENT,R0_CURRENT_BASELINE,R1_REMOVE_LEGAL_SIGNATURE,0.046,0.015999999999999986,0.09599999999999992,Quick Attack,Quick Attack,True,0.046,0.015999999999999986,0.09599999999999992,649,True,4WE,14,V01,OPPONENT
4WE_PAIR_014_V01__PLAYER,R0_CURRENT_BASELINE,R1_REMOVE_LEGAL_SIGNATURE,0.046,0.015999999999999986,0.09599999999999992,Quick Attack,Quick Attack,True,0.046,0.015999999999999986,0.09599999999999992,650,True,4WE,14,V01,PLAYER
4WE_PAIR_019_V01__OPPONENT,R0_CURRENT_BASELINE,R1_REMOVE_LEGAL_SIGNATURE,0.046,0.015999999999999986,0.09599999999999992,Quick Attack,Quick Attack,True,0.046,0.015999999999999986,0.09599999999999992,651,True,4WE,19,V01,OPPONENT
4WE_PAIR_019_V01__PLAYER,R0_CURRENT_BASELINE,R1_REMOVE_LEGAL_SIGNATURE,0.046,0.015999999999999986,0.09599999999999992,Quick Attack,Quick Attack,True,0.046,0.015999999999999986,0.09599999999999992,652,True,4WE,19,V01,PLAYER
4WE_PAIR_003_V01__PLAYER,R0_CURRENT_BASELINE,R2_REMOVE_SIGNATURE_AND_COMPATIBILITY,0.046,0.015999999999999986,0.09599999999999992,Quick Attack,Quick Attack,True,0.046,0.015999999999999986,0.09599999999999992,653,True,4WE,3,V01,PLAYER
4WE_PAIR_010_V01__PLAYER,R0_CURRENT_BASELINE,R2_REMOVE_SIGNATURE_AND_COMPATIBILITY,0.046,0.015999999999999986,0.09599999999999992,Quick Attack,Quick Attack,True,0.046,0.015999999999999986,0.09599999999999992,654,True,4WE,10,V01,PLAYER
4WE_PAIR_020_V03__PLAYER,R1_REMOVE_LEGAL_SIGNATURE,R2_REMOVE_SIGNATURE_AND_COMPATIBILITY,0.045999999999999985,0.015333333333333338,0.09200000000000003,Quick Attack,Quick Attack,True,0.045999999999999985,0.015333333333333338,0.09200000000000003,655,True,4WE,20,V03,PLAYER
4WE_PAIR_022_V02__OPPONENT,R1_REMOVE_LEGAL_SIGNATURE,R2_REMOVE_SIGNATURE_AND_COMPATIBILITY,0.045999999999999985,0.015333333333333338,0.09200000000000003,Quick Attack,Quick Attack,True,0.045999999999999985,0.015333333333333338,0.09200000000000003,656,True,4WE,22,V02,OPPONENT
4WE_PAIR_007_V01__PLAYER,R0_CURRENT_BASELINE,R2_REMOVE_SIGNATURE_AND_COMPATIBILITY,0.04599999999999993,0.017333333333333322,0.10399999999999994,Quick Attack,Quick Attack,True,0.04599999999999993,0.017333333333333322,0.10399999999999994,657,True,4WE,7,V01,PLAYER
4WE_PAIR_017_V01__PLAYER,R0_CURRENT_BASELINE,R2_REMOVE_SIGNATURE_AND_COMPATIBILITY,0.04599999999999993,0.017333333333333322,0.10399999999999994,Quick Attack,Quick Attack,True,0.04599999999999993,0.017333333333333322,0.10399999999999994,658,True,4WE,17,V01,PLAYER
4WE_PAIR_017_V04__PLAYER,R0_CURRENT_BASELINE,R2_REMOVE_SIGNATURE_AND_COMPATIBILITY,0.04599999999999993,0.017333333333333322,0.10399999999999994,Quick Attack,Quick Attack,True,0.04599999999999993,0.017333333333333322,0.10399999999999994,659,True,4WE,17,V04,PLAYER
4WE_PAIR_001_V02__OPPONENT,R1_REMOVE_LEGAL_SIGNATURE,R3_STATE_CENTRIC_POLICY,0.04400000000000004,0.015333333333333343,0.09200000000000005,Quick Attack,Quick Attack,True,0.04400000000000004,0.015333333333333343,0.09200000000000005,660,True,4WE,1,V02,OPPONENT
4WE_PAIR_001_V02__PLAYER,R1_REMOVE_LEGAL_SIGNATURE,R3_STATE_CENTRIC_POLICY,0.04400000000000004,0.015333333333333343,0.09200000000000005,Quick Attack,Quick Attack,True,0.04400000000000004,0.015333333333333343,0.09200000000000005,661,True,4WE,1,V02,PLAYER
4WE_PAIR_008_V02__OPPONENT,R1_REMOVE_LEGAL_SIGNATURE,R3_STATE_CENTRIC_POLICY,0.04400000000000004,0.015333333333333343,0.09200000000000005,Quick Attack,Quick Attack,True,0.04400000000000004,0.015333333333333343,0.09200000000000005,662,True,4WE,8,V02,OPPONENT
4WE_PAIR_008_V02__PLAYER,R1_REMOVE_LEGAL_SIGNATURE,R3_STATE_CENTRIC_POLICY,0.04400000000000004,0.015333333333333343,0.09200000000000005,Quick Attack,Quick Attack,True,0.04400000000000004,0.015333333333333343,0.09200000000000005,663,True,4WE,8,V02,PLAYER
4WE_PAIR_013_V02__OPPONENT,R1_REMOVE_LEGAL_SIGNATURE,R3_STATE_CENTRIC_POLICY,0.04400000000000004,0.015333333333333343,0.09200000000000005,Quick Attack,Quick Attack,True,0.04400000000000004,0.015333333333333343,0.09200000000000005,664,True,4WE,13,V02,OPPONENT
4WE_PAIR_013_V02__PLAYER,R1_REMOVE_LEGAL_SIGNATURE,R3_STATE_CENTRIC_POLICY,0.04400000000000004,0.015333333333333343,0.09200000000000005,Quick Attack,Quick Attack,True,0.04400000000000004,0.015333333333333343,0.09200000000000005,665,True,4WE,13,V02,PLAYER
4WE_PAIR_018_V02__OPPONENT,R1_REMOVE_LEGAL_SIGNATURE,R3_STATE_CENTRIC_POLICY,0.04400000000000004,0.015333333333333343,0.09200000000000005,Quick Attack,Quick Attack,True,0.04400000000000004,0.015333333333333343,0.09200000000000005,666,True,4WE,18,V02,OPPONENT
4WE_PAIR_018_V02__PLAYER,R1_REMOVE_LEGAL_SIGNATURE,R3_STATE_CENTRIC_POLICY,0.04400000000000004,0.015333333333333343,0.09200000000000005,Quick Attack,Quick Attack,True,0.04400000000000004,0.015333333333333343,0.09200000000000005,667,True,4WE,18,V02,PLAYER
4WE_PAIR_020_V01__OPPONENT,R0_CURRENT_BASELINE,R3_STATE_CENTRIC_POLICY,0.04400000000000004,0.014666666666666675,0.08800000000000005,Quick Attack,Quick Attack,True,0.04400000000000004,0.014666666666666675,0.08800000000000005,668,True,4WE,20,V01,OPPONENT
4WE_PAIR_011_V04__PLAYER,R0_CURRENT_BASELINE,R3_STATE_CENTRIC_POLICY,0.04400000000000004,0.014666666666666673,0.08800000000000004,Quick Attack,Quick Attack,True,0.04400000000000004,0.014666666666666673,0.08800000000000004,669,True,4WE,11,V04,PLAYER
4WE_PAIR_022_V04__PLAYER,R0_CURRENT_BASELINE,R3_STATE_CENTRIC_POLICY,0.04400000000000004,0.014666666666666673,0.08800000000000004,Quick Attack,Quick Attack,True,0.04400000000000004,0.014666666666666673,0.08800000000000004,670,True,4WE,22,V04,PLAYER
4WE_PAIR_015_V02__PLAYER,R1_REMOVE_LEGAL_SIGNATURE,R2_REMOVE_SIGNATURE_AND_COMPATIBILITY,0.04400000000000004,0.01466666666666667,0.08800000000000002,Quick Attack,Quick Attack,True,0.04400000000000004,0.01466666666666667,0.08800000000000002,671,True,4WE,15,V02,PLAYER
4WE_PAIR_015_V03__PLAYER,R1_REMOVE_LEGAL_SIGNATURE,R2_REMOVE_SIGNATURE_AND_COMPATIBILITY,0.04400000000000004,0.01466666666666667,0.08800000000000002,Quick Attack,Quick Attack,True,0.04400000000000004,0.01466666666666667,0.08800000000000002,672,True,4WE,15,V03,PLAYER
4WE_PAIR_021_V02__PLAYER,R1_REMOVE_LEGAL_SIGNATURE,R2_REMOVE_SIGNATURE_AND_COMPATIBILITY,0.04400000000000004,0.01466666666666667,0.08800000000000002,Quick Attack,Quick Attack,True,0.04400000000000004,0.01466666666666667,0.08800000000000002,673,True,4WE,21,V02,PLAYER
4WE_PAIR_021_V03__PLAYER,R1_REMOVE_LEGAL_SIGNATURE,R2_REMOVE_SIGNATURE_AND_COMPATIBILITY,0.04400000000000004,0.01466666666666667,0.08800000000000002,Quick Attack,Quick Attack,True,0.04400000000000004,0.01466666666666667,0.08800000000000002,674,True,4WE,21,V03,PLAYER
4WE_PAIR_001_V04__OPPONENT,R0_CURRENT_BASELINE,R1_REMOVE_LEGAL_SIGNATURE,0.044,0.015999999999999986,0.09599999999999992,Quick Attack,Quick Attack,True,0.044,0.015999999999999986,0.09599999999999992,675,True,4WE,1,V04,OPPONENT
4WE_PAIR_007_V01__OPPONENT,R0_CURRENT_BASELINE,R1_REMOVE_LEGAL_SIGNATURE,0.044,0.015999999999999986,0.09599999999999992,Quick Attack,Quick Attack,True,0.044,0.015999999999999986,0.09599999999999992,676,True,4WE,7,V01,OPPONENT
4WE_PAIR_007_V01__PLAYER,R0_CURRENT_BASELINE,R1_REMOVE_LEGAL_SIGNATURE,0.044,0.015999999999999986,0.09599999999999992,Quick Attack,Quick Attack,True,0.044,0.015999999999999986,0.09599999999999992,677,True,4WE,7,V01,PLAYER
4WE_PAIR_007_V04__OPPONENT,R0_CURRENT_BASELINE,R1_REMOVE_LEGAL_SIGNATURE,0.044,0.015999999999999986,0.09599999999999992,Quick Attack,Quick Attack,True,0.044,0.015999999999999986,0.09599999999999992,678,True,4WE,7,V04,OPPONENT
4WE_PAIR_008_V04__OPPONENT,R0_CURRENT_BASELINE,R1_REMOVE_LEGAL_SIGNATURE,0.044,0.015999999999999986,0.09599999999999992,Quick Attack,Quick Attack,True,0.044,0.015999999999999986,0.09599999999999992,679,True,4WE,8,V04,OPPONENT
4WE_PAIR_013_V04__OPPONENT,R0_CURRENT_BASELINE,R1_REMOVE_LEGAL_SIGNATURE,0.044,0.015999999999999986,0.09599999999999992,Quick Attack,Quick Attack,True,0.044,0.015999999999999986,0.09599999999999992,680,True,4WE,13,V04,OPPONENT
4WE_PAIR_017_V01__OPPONENT,R0_CURRENT_BASELINE,R1_REMOVE_LEGAL_SIGNATURE,0.044,0.015999999999999986,0.09599999999999992,Quick Attack,Quick Attack,True,0.044,0.015999999999999986,0.09599999999999992,681,True,4WE,17,V01,OPPONENT
4WE_PAIR_017_V01__PLAYER,R0_CURRENT_BASELINE,R1_REMOVE_LEGAL_SIGNATURE,0.044,0.015999999999999986,0.09599999999999992,Quick Attack,Quick Attack,True,0.044,0.015999999999999986,0.09599999999999992,682,True,4WE,17,V01,PLAYER
4WE_PAIR_017_V04__OPPONENT,R0_CURRENT_BASELINE,R1_REMOVE_LEGAL_SIGNATURE,0.044,0.015999999999999986,0.09599999999999992,Quick Attack,Quick Attack,True,0.044,0.015999999999999986,0.09599999999999992,683,True,4WE,17,V04,OPPONENT
4WE_PAIR_018_V04__OPPONENT,R0_CURRENT_BASELINE,R1_REMOVE_LEGAL_SIGNATURE,0.044,0.015999999999999986,0.09599999999999992,Quick Attack,Quick Attack,True,0.044,0.015999999999999986,0.09599999999999992,684,True,4WE,18,V04,OPPONENT
4WE_PAIR_001_V01__OPPONENT,R0_CURRENT_BASELINE,R1_REMOVE_LEGAL_SIGNATURE,0.044,0.015333333333333319,0.09199999999999992,Quick Attack,Quick Attack,True,0.044,0.015333333333333319,0.09199999999999992,685,True,4WE,1,V01,OPPONENT
4WE_PAIR_001_V01__PLAYER,R0_CURRENT_BASELINE,R1_REMOVE_LEGAL_SIGNATURE,0.044,0.015333333333333319,0.09199999999999992,Quick Attack,Quick Attack,True,0.044,0.015333333333333319,0.09199999999999992,686,True,4WE,1,V01,PLAYER
4WE_PAIR_002_V04__PLAYER,R0_CURRENT_BASELINE,R1_REMOVE_LEGAL_SIGNATURE,0.044,0.015333333333333319,0.09199999999999992,Quick Attack,Quick Attack,True,0.044,0.015333333333333319,0.09199999999999992,687,True,4WE,2,V04,PLAYER
4WE_PAIR_008_V01__OPPONENT,R0_CURRENT_BASELINE,R1_REMOVE_LEGAL_SIGNATURE,0.044,0.015333333333333319,0.09199999999999992,Quick Attack,Quick Attack,True,0.044,0.015333333333333319,0.09199999999999992,688,True,4WE,8,V01,OPPONENT
4WE_PAIR_008_V01__PLAYER,R0_CURRENT_BASELINE,R1_REMOVE_LEGAL_SIGNATURE,0.044,0.015333333333333319,0.09199999999999992,Quick Attack,Quick Attack,True,0.044,0.015333333333333319,0.09199999999999992,689,True,4WE,8,V01,PLAYER
4WE_PAIR_009_V04__PLAYER,R0_CURRENT_BASELINE,R1_REMOVE_LEGAL_SIGNATURE,0.044,0.015333333333333319,0.09199999999999992,Quick Attack,Quick Attack,True,0.044,0.015333333333333319,0.09199999999999992,690,True,4WE,9,V04,PLAYER
4WE_PAIR_013_V01__OPPONENT,R0_CURRENT_BASELINE,R1_REMOVE_LEGAL_SIGNATURE,0.044,0.015333333333333319,0.09199999999999992,Quick Attack,Quick Attack,True,0.044,0.015333333333333319,0.09199999999999992,691,True,4WE,13,V01,OPPONENT
4WE_PAIR_013_V01__PLAYER,R0_CURRENT_BASELINE,R1_REMOVE_LEGAL_SIGNATURE,0.044,0.015333333333333319,0.09199999999999992,Quick Attack,Quick Attack,True,0.044,0.015333333333333319,0.09199999999999992,692,True,4WE,13,V01,PLAYER
4WE_PAIR_014_V04__PLAYER,R0_CURRENT_BASELINE,R1_REMOVE_LEGAL_SIGNATURE,0.044,0.015333333333333319,0.09199999999999992,Quick Attack,Quick Attack,True,0.044,0.015333333333333319,0.09199999999999992,693,True,4WE,14,V04,PLAYER
4WE_PAIR_018_V01__OPPONENT,R0_CURRENT_BASELINE,R1_REMOVE_LEGAL_SIGNATURE,0.044,0.015333333333333319,0.09199999999999992,Quick Attack,Quick Attack,True,0.044,0.015333333333333319,0.09199999999999992,694,True,4WE,18,V01,OPPONENT
4WE_PAIR_018_V01__PLAYER,R0_CURRENT_BASELINE,R1_REMOVE_LEGAL_SIGNATURE,0.044,0.015333333333333319,0.09199999999999992,Quick Attack,Quick Attack,True,0.044,0.015333333333333319,0.09199999999999992,695,True,4WE,18,V01,PLAYER
4WE_PAIR_019_V04__PLAYER,R0_CURRENT_BASELINE,R1_REMOVE_LEGAL_SIGNATURE,0.044,0.015333333333333319,0.09199999999999992,Quick Attack,Quick Attack,True,0.044,0.015333333333333319,0.09199999999999992,696,True,4WE,19,V04,PLAYER
4WE_PAIR_011_V03__PLAYER,R1_REMOVE_LEGAL_SIGNATURE,R2_REMOVE_SIGNATURE_AND_COMPATIBILITY,0.043999999999999984,0.01466666666666667,0.08800000000000002,Quick Attack,Quick Attack,True,0.043999999999999984,0.01466666666666667,0.08800000000000002,697,True,4WE,11,V03,PLAYER
4WE_PAIR_022_V03__OPPONENT,R1_REMOVE_LEGAL_SIGNATURE,R2_REMOVE_SIGNATURE_AND_COMPATIBILITY,0.043999999999999984,0.01466666666666667,0.08800000000000002,Quick Attack,Quick Attack,True,0.043999999999999984,0.01466666666666667,0.08800000000000002,698,True,4WE,22,V03,OPPONENT
4WE_PAIR_022_V03__PLAYER,R1_REMOVE_LEGAL_SIGNATURE,R2_REMOVE_SIGNATURE_AND_COMPATIBILITY,0.043999999999999984,0.01466666666666667,0.08800000000000002,Quick Attack,Quick Attack,True,0.043999999999999984,0.01466666666666667,0.08800000000000002,699,True,4WE,22,V03,PLAYER
4WE_PAIR_020_V04__OPPONENT,R0_CURRENT_BASELINE,R3_STATE_CENTRIC_POLICY,0.04200000000000004,0.014000000000000007,0.08400000000000005,Quick Attack,Quick Attack,True,0.04200000000000004,0.014000000000000007,0.08400000000000005,700,True,4WE,20,V04,OPPONENT
4WE_PAIR_005_V03__PLAYER,R1_REMOVE_LEGAL_SIGNATURE,R2_REMOVE_SIGNATURE_AND_COMPATIBILITY,0.04200000000000004,0.014000000000000004,0.08400000000000002,Quick Attack,Quick Attack,True,0.04200000000000004,0.014000000000000004,0.08400000000000002,701,True,4WE,5,V03,PLAYER
4WE_PAIR_006_V03__PLAYER,R1_REMOVE_LEGAL_SIGNATURE,R2_REMOVE_SIGNATURE_AND_COMPATIBILITY,0.04200000000000004,0.014000000000000004,0.08400000000000002,Quick Attack,Quick Attack,True,0.04200000000000004,0.014000000000000004,0.08400000000000002,702,True,4WE,6,V03,PLAYER
4WE_PAIR_012_V03__PLAYER,R1_REMOVE_LEGAL_SIGNATURE,R2_REMOVE_SIGNATURE_AND_COMPATIBILITY,0.04200000000000004,0.014000000000000004,0.08400000000000002,Quick Attack,Quick Attack,True,0.04200000000000004,0.014000000000000004,0.08400000000000002,703,True,4WE,12,V03,PLAYER
4WE_PAIR_016_V02__PLAYER,R1_REMOVE_LEGAL_SIGNATURE,R2_REMOVE_SIGNATURE_AND_COMPATIBILITY,0.04200000000000004,0.014000000000000004,0.08400000000000002,Quick Attack,Quick Attack,True,0.04200000000000004,0.014000000000000004,0.08400000000000002,704,True,4WE,16,V02,PLAYER
4WE_PAIR_016_V03__PLAYER,R1_REMOVE_LEGAL_SIGNATURE,R2_REMOVE_SIGNATURE_AND_COMPATIBILITY,0.04200000000000004,0.014000000000000004,0.08400000000000002,Quick Attack,Quick Attack,True,0.04200000000000004,0.014000000000000004,0.08400000000000002,705,True,4WE,16,V03,PLAYER
4WE_PAIR_007_V04__PLAYER,R0_CURRENT_BASELINE,R1_REMOVE_LEGAL_SIGNATURE,0.04200000000000001,0.015333333333333324,0.09199999999999994,Quick Attack,Quick Attack,True,0.04200000000000001,0.015333333333333324,0.09199999999999994,706,True,4WE,7,V04,PLAYER
4WE_PAIR_017_V04__PLAYER,R0_CURRENT_BASELINE,R1_REMOVE_LEGAL_SIGNATURE,0.04200000000000001,0.015333333333333324,0.09199999999999994,Quick Attack,Quick Attack,True,0.04200000000000001,0.015333333333333324,0.09199999999999994,707,True,4WE,17,V04,PLAYER
4WE_PAIR_011_V02__PLAYER,R1_REMOVE_LEGAL_SIGNATURE,R2_REMOVE_SIGNATURE_AND_COMPATIBILITY,0.04200000000000001,0.014000000000000007,0.08400000000000005,Quick Attack,Quick Attack,True,0.04200000000000001,0.014000000000000007,0.08400000000000005,708,True,4WE,11,V02,PLAYER
4WE_PAIR_001_V04__PLAYER,R0_CURRENT_BASELINE,R1_REMOVE_LEGAL_SIGNATURE,0.041999999999999996,0.014666666666666653,0.08799999999999991,Quick Attack,Quick Attack,True,0.041999999999999996,0.014666666666666653,0.08799999999999991,709,True,4WE,1,V04,PLAYER
4WE_PAIR_008_V04__PLAYER,R0_CURRENT_BASELINE,R1_REMOVE_LEGAL_SIGNATURE,0.041999999999999996,0.014666666666666653,0.08799999999999991,Quick Attack,Quick Attack,True,0.041999999999999996,0.014666666666666653,0.08799999999999991,710,True,4WE,8,V04,PLAYER
4WE_PAIR_013_V04__PLAYER,R0_CURRENT_BASELINE,R1_REMOVE_LEGAL_SIGNATURE,0.041999999999999996,0.014666666666666653,0.08799999999999991,Quick Attack,Quick Attack,True,0.041999999999999996,0.014666666666666653,0.08799999999999991,711,True,4WE,13,V04,PLAYER
4WE_PAIR_018_V04__PLAYER,R0_CURRENT_BASELINE,R1_REMOVE_LEGAL_SIGNATURE,0.041999999999999996,0.014666666666666653,0.08799999999999991,Quick Attack,Quick Attack,True,0.041999999999999996,0.014666666666666653,0.08799999999999991,712,True,4WE,18,V04,PLAYER
4WE_PAIR_011_V01__OPPONENT,R0_CURRENT_BASELINE,R3_STATE_CENTRIC_POLICY,0.040000000000000036,0.013333333333333341,0.08000000000000004,Quick Attack,Quick Attack,True,0.040000000000000036,0.013333333333333341,0.08000000000000004,713,True,4WE,11,V01,OPPONENT
4WE_PAIR_022_V01__PLAYER,R0_CURRENT_BASELINE,R3_STATE_CENTRIC_POLICY,0.040000000000000036,0.013333333333333341,0.08000000000000004,Quick Attack,Quick Attack,True,0.040000000000000036,0.013333333333333341,0.08000000000000004,714,True,4WE,22,V01,PLAYER
4WE_PAIR_023_V01__PLAYER,R0_CURRENT_BASELINE,R3_STATE_CENTRIC_POLICY,0.040000000000000036,0.013333333333333341,0.08000000000000004,Quick Attack,Quick Attack,True,0.040000000000000036,0.013333333333333341,0.08000000000000004,715,True,4WE,23,V01,PLAYER
4WE_PAIR_015_V04__PLAYER,R0_CURRENT_BASELINE,R3_STATE_CENTRIC_POLICY,0.040000000000000036,0.013333333333333338,0.08000000000000003,Quick Attack,Quick Attack,True,0.040000000000000036,0.013333333333333338,0.08000000000000003,716,True,4WE,15,V04,PLAYER
4WE_PAIR_016_V04__PLAYER,R0_CURRENT_BASELINE,R3_STATE_CENTRIC_POLICY,0.040000000000000036,0.013333333333333338,0.08000000000000003,Quick Attack,Quick Attack,True,0.040000000000000036,0.013333333333333338,0.08000000000000003,717,True,4WE,16,V04,PLAYER
4WE_PAIR_021_V04__PLAYER,R0_CURRENT_BASELINE,R3_STATE_CENTRIC_POLICY,0.040000000000000036,0.013333333333333338,0.08000000000000003,Quick Attack,Quick Attack,True,0.040000000000000036,0.013333333333333338,0.08000000000000003,718,True,4WE,21,V04,PLAYER
4WE_PAIR_003_V04__OPPONENT,R0_CURRENT_BASELINE,R1_REMOVE_LEGAL_SIGNATURE,0.04000000000000001,0.014666666666666654,0.08799999999999993,Quick Attack,Quick Attack,True,0.04000000000000001,0.014666666666666654,0.08799999999999993,719,True,4WE,3,V04,OPPONENT
4WE_PAIR_010_V04__OPPONENT,R0_CURRENT_BASELINE,R1_REMOVE_LEGAL_SIGNATURE,0.04000000000000001,0.014666666666666654,0.08799999999999993,Quick Attack,Quick Attack,True,0.04000000000000001,0.014666666666666654,0.08799999999999993,720,True,4WE,10,V04,OPPONENT
4WE_PAIR_003_V01__OPPONENT,R0_CURRENT_BASELINE,R1_REMOVE_LEGAL_SIGNATURE,0.04000000000000001,0.013999999999999986,0.08399999999999992,Quick Attack,Quick Attack,True,0.04000000000000001,0.013999999999999986,0.08399999999999992,721,True,4WE,3,V01,OPPONENT
4WE_PAIR_003_V01__PLAYER,R0_CURRENT_BASELINE,R1_REMOVE_LEGAL_SIGNATURE,0.04000000000000001,0.013999999999999986,0.08399999999999992,Quick Attack,Quick Attack,True,0.04000000000000001,0.013999999999999986,0.08399999999999992,722,True,4WE,3,V01,PLAYER
4WE_PAIR_010_V01__OPPONENT,R0_CURRENT_BASELINE,R1_REMOVE_LEGAL_SIGNATURE,0.04000000000000001,0.013999999999999986,0.08399999999999992,Quick Attack,Quick Attack,True,0.04000000000000001,0.013999999999999986,0.08399999999999992,723,True,4WE,10,V01,OPPONENT
4WE_PAIR_010_V01__PLAYER,R0_CURRENT_BASELINE,R1_REMOVE_LEGAL_SIGNATURE,0.04000000000000001,0.013999999999999986,0.08399999999999992,Quick Attack,Quick Attack,True,0.04000000000000001,0.013999999999999986,0.08399999999999992,724,True,4WE,10,V01,PLAYER
4WE_PAIR_011_V04__OPPONENT,R0_CURRENT_BASELINE,R3_STATE_CENTRIC_POLICY,0.038000000000000034,0.012666666666666673,0.07600000000000004,Quick Attack,Quick Attack,True,0.038000000000000034,0.012666666666666673,0.07600000000000004,725,True,4WE,11,V04,OPPONENT
4WE_PAIR_023_V04__PLAYER,R0_CURRENT_BASELINE,R3_STATE_CENTRIC_POLICY,0.038000000000000034,0.012666666666666673,0.07600000000000004,Quick Attack,Quick Attack,True,0.038000000000000034,0.012666666666666673,0.07600000000000004,726,True,4WE,23,V04,PLAYER
4WE_PAIR_005_V02__PLAYER,R1_REMOVE_LEGAL_SIGNATURE,R2_REMOVE_SIGNATURE_AND_COMPATIBILITY,0.038000000000000034,0.012666666666666668,0.07600000000000001,Quick Attack,Quick Attack,True,0.038000000000000034,0.012666666666666668,0.07600000000000001,727,True,4WE,5,V02,PLAYER
4WE_PAIR_006_V02__PLAYER,R1_REMOVE_LEGAL_SIGNATURE,R2_REMOVE_SIGNATURE_AND_COMPATIBILITY,0.038000000000000034,0.012666666666666668,0.07600000000000001,Quick Attack,Quick Attack,True,0.038000000000000034,0.012666666666666668,0.07600000000000001,728,True,4WE,6,V02,PLAYER
4WE_PAIR_012_V02__PLAYER,R1_REMOVE_LEGAL_SIGNATURE,R2_REMOVE_SIGNATURE_AND_COMPATIBILITY,0.038000000000000034,0.012666666666666668,0.07600000000000001,Quick Attack,Quick Attack,True,0.038000000000000034,0.012666666666666668,0.07600000000000001,729,True,4WE,12,V02,PLAYER
4WE_PAIR_004_V04__OPPONENT,R0_CURRENT_BASELINE,R1_REMOVE_LEGAL_SIGNATURE,0.038000000000000006,0.013999999999999986,0.08399999999999992,Quick Attack,Quick Attack,True,0.038000000000000006,0.013999999999999986,0.08399999999999992,730,True,4WE,4,V04,OPPONENT
4WE_PAIR_003_V04__PLAYER,R0_CURRENT_BASELINE,R1_REMOVE_LEGAL_SIGNATURE,0.038000000000000006,0.01333333333333332,0.07999999999999992,Quick Attack,Quick Attack,True,0.038000000000000006,0.01333333333333332,0.07999999999999992,731,True,4WE,3,V04,PLAYER
4WE_PAIR_004_V01__OPPONENT,R0_CURRENT_BASELINE,R1_REMOVE_LEGAL_SIGNATURE,0.038000000000000006,0.01333333333333332,0.07999999999999992,Quick Attack,Quick Attack,True,0.038000000000000006,0.01333333333333332,0.07999999999999992,732,True,4WE,4,V01,OPPONENT
4WE_PAIR_004_V01__PLAYER,R0_CURRENT_BASELINE,R1_REMOVE_LEGAL_SIGNATURE,0.038000000000000006,0.01333333333333332,0.07999999999999992,Quick Attack,Quick Attack,True,0.038000000000000006,0.01333333333333332,0.07999999999999992,733,True,4WE,4,V01,PLAYER
4WE_PAIR_010_V04__PLAYER,R0_CURRENT_BASELINE,R1_REMOVE_LEGAL_SIGNATURE,0.038000000000000006,0.01333333333333332,0.07999999999999992,Quick Attack,Quick Attack,True,0.038000000000000006,0.01333333333333332,0.07999999999999992,734,True,4WE,10,V04,PLAYER
4WE_PAIR_004_V04__PLAYER,R0_CURRENT_BASELINE,R1_REMOVE_LEGAL_SIGNATURE,0.036000000000000004,0.012666666666666652,0.07599999999999991,Quick Attack,Quick Attack,True,0.036000000000000004,0.012666666666666652,0.07599999999999991,735,True,4WE,4,V04,PLAYER
4WE_PAIR_005_V01__PLAYER,R0_CURRENT_BASELINE,R3_STATE_CENTRIC_POLICY,0.03400000000000003,0.01133333333333334,0.06800000000000003,Quick Attack,Quick Attack,True,0.03400000000000003,0.01133333333333334,0.06800000000000003,736,True,4WE,5,V01,PLAYER
4WE_PAIR_005_V04__PLAYER,R0_CURRENT_BASELINE,R3_STATE_CENTRIC_POLICY,0.03400000000000003,0.01133333333333334,0.06800000000000003,Quick Attack,Quick Attack,True,0.03400000000000003,0.01133333333333334,0.06800000000000003,737,True,4WE,5,V04,PLAYER
4WE_PAIR_006_V01__PLAYER,R0_CURRENT_BASELINE,R3_STATE_CENTRIC_POLICY,0.03400000000000003,0.01133333333333334,0.06800000000000003,Quick Attack,Quick Attack,True,0.03400000000000003,0.01133333333333334,0.06800000000000003,738,True,4WE,6,V01,PLAYER
4WE_PAIR_006_V04__PLAYER,R0_CURRENT_BASELINE,R3_STATE_CENTRIC_POLICY,0.03400000000000003,0.01133333333333334,0.06800000000000003,Quick Attack,Quick Attack,True,0.03400000000000003,0.01133333333333334,0.06800000000000003,739,True,4WE,6,V04,PLAYER
4WE_PAIR_012_V01__PLAYER,R0_CURRENT_BASELINE,R3_STATE_CENTRIC_POLICY,0.03400000000000003,0.01133333333333334,0.06800000000000003,Quick Attack,Quick Attack,True,0.03400000000000003,0.01133333333333334,0.06800000000000003,740,True,4WE,12,V01,PLAYER
4WE_PAIR_012_V04__PLAYER,R0_CURRENT_BASELINE,R3_STATE_CENTRIC_POLICY,0.03400000000000003,0.01133333333333334,0.06800000000000003,Quick Attack,Quick Attack,True,0.03400000000000003,0.01133333333333334,0.06800000000000003,741,True,4WE,12,V04,PLAYER
4WE_PAIR_015_V01__PLAYER,R0_CURRENT_BASELINE,R3_STATE_CENTRIC_POLICY,0.03400000000000003,0.01133333333333334,0.06800000000000003,Quick Attack,Quick Attack,True,0.03400000000000003,0.01133333333333334,0.06800000000000003,742,True,4WE,15,V01,PLAYER
4WE_PAIR_016_V01__PLAYER,R0_CURRENT_BASELINE,R3_STATE_CENTRIC_POLICY,0.03400000000000003,0.01133333333333334,0.06800000000000003,Quick Attack,Quick Attack,True,0.03400000000000003,0.01133333333333334,0.06800000000000003,743,True,4WE,16,V01,PLAYER
4WE_PAIR_021_V01__PLAYER,R0_CURRENT_BASELINE,R3_STATE_CENTRIC_POLICY,0.03400000000000003,0.01133333333333334,0.06800000000000003,Quick Attack,Quick Attack,True,0.03400000000000003,0.01133333333333334,0.06800000000000003,744,True,4WE,21,V01,PLAYER
4WE_PAIR_022_V01__OPPONENT,R0_CURRENT_BASELINE,R3_STATE_CENTRIC_POLICY,0.03400000000000003,0.01133333333333334,0.06800000000000003,Quick Attack,Quick Attack,True,0.03400000000000003,0.01133333333333334,0.06800000000000003,745,True,4WE,22,V01,OPPONENT
4WE_PAIR_022_V04__OPPONENT,R0_CURRENT_BASELINE,R3_STATE_CENTRIC_POLICY,0.03400000000000003,0.01133333333333334,0.06800000000000003,Quick Attack,Quick Attack,True,0.03400000000000003,0.01133333333333334,0.06800000000000003,746,True,4WE,22,V04,OPPONENT
4WE_PAIR_023_V01__OPPONENT,R0_CURRENT_BASELINE,R3_STATE_CENTRIC_POLICY,0.03400000000000003,0.01133333333333334,0.06800000000000003,Quick Attack,Quick Attack,True,0.03400000000000003,0.01133333333333334,0.06800000000000003,747,True,4WE,23,V01,OPPONENT
4WE_PAIR_007_V02__OPPONENT,R1_REMOVE_LEGAL_SIGNATURE,R2_REMOVE_SIGNATURE_AND_COMPATIBILITY,0.034,0.011999999999999988,0.07199999999999993,Quick Attack,Quick Attack,True,0.034,0.011999999999999988,0.07199999999999993,748,True,4WE,7,V02,OPPONENT
4WE_PAIR_015_V01__OPPONENT,R0_CURRENT_BASELINE,R3_STATE_CENTRIC_POLICY,0.03200000000000003,0.010666666666666672,0.06400000000000003,Quick Attack,Quick Attack,True,0.03200000000000003,0.010666666666666672,0.06400000000000003,749,True,4WE,15,V01,OPPONENT
4WE_PAIR_016_V01__OPPONENT,R0_CURRENT_BASELINE,R3_STATE_CENTRIC_POLICY,0.03200000000000003,0.010666666666666672,0.06400000000000003,Quick Attack,Quick Attack,True,0.03200000000000003,0.010666666666666672,0.06400000000000003,750,True,4WE,16,V01,OPPONENT
4WE_PAIR_021_V01__OPPONENT,R0_CURRENT_BASELINE,R3_STATE_CENTRIC_POLICY,0.03200000000000003,0.010666666666666672,0.06400000000000003,Quick Attack,Quick Attack,True,0.03200000000000003,0.010666666666666672,0.06400000000000003,751,True,4WE,21,V01,OPPONENT
4WE_PAIR_023_V04__OPPONENT,R0_CURRENT_BASELINE,R3_STATE_CENTRIC_POLICY,0.03200000000000003,0.010666666666666672,0.06400000000000003,Quick Attack,Quick Attack,True,0.03200000000000003,0.010666666666666672,0.06400000000000003,752,True,4WE,23,V04,OPPONENT
4WE_PAIR_007_V02__PLAYER,R1_REMOVE_LEGAL_SIGNATURE,R2_REMOVE_SIGNATURE_AND_COMPATIBILITY,0.032,0.01133333333333334,0.06800000000000003,Quick Attack,Quick Attack,True,0.032,0.01133333333333334,0.06800000000000003,753,True,4WE,7,V02,PLAYER
4WE_PAIR_007_V03__OPPONENT,R1_REMOVE_LEGAL_SIGNATURE,R2_REMOVE_SIGNATURE_AND_COMPATIBILITY,0.032,0.01133333333333334,0.06800000000000003,Quick Attack,Quick Attack,True,0.032,0.01133333333333334,0.06800000000000003,754,True,4WE,7,V03,OPPONENT
4WE_PAIR_017_V02__OPPONENT,R1_REMOVE_LEGAL_SIGNATURE,R2_REMOVE_SIGNATURE_AND_COMPATIBILITY,0.032,0.01133333333333334,0.06800000000000003,Quick Attack,Quick Attack,True,0.032,0.01133333333333334,0.06800000000000003,755,True,4WE,17,V02,OPPONENT
4WE_PAIR_017_V02__PLAYER,R1_REMOVE_LEGAL_SIGNATURE,R2_REMOVE_SIGNATURE_AND_COMPATIBILITY,0.032,0.01133333333333334,0.06800000000000003,Quick Attack,Quick Attack,True,0.032,0.01133333333333334,0.06800000000000003,756,True,4WE,17,V02,PLAYER
4WE_PAIR_020_V04__PLAYER,R0_CURRENT_BASELINE,R1_REMOVE_LEGAL_SIGNATURE,0.030000000000000027,0.010000000000000004,0.060000000000000026,Quick Attack,Quick Attack,True,0.030000000000000027,0.010000000000000004,0.060000000000000026,757,True,4WE,20,V04,PLAYER
4WE_PAIR_020_V04__PLAYER,R0_CURRENT_BASELINE,R2_REMOVE_SIGNATURE_AND_COMPATIBILITY,0.030000000000000027,0.010000000000000004,0.060000000000000026,Quick Attack,Quick Attack,True,0.030000000000000027,0.010000000000000004,0.060000000000000026,758,True,4WE,20,V04,PLAYER
4WE_PAIR_022_V04__PLAYER,R0_CURRENT_BASELINE,R2_REMOVE_SIGNATURE_AND_COMPATIBILITY,0.030000000000000027,0.010000000000000004,0.060000000000000026,Quick Attack,Quick Attack,True,0.030000000000000027,0.010000000000000004,0.060000000000000026,759,True,4WE,22,V04,PLAYER
4WE_PAIR_015_V04__OPPONENT,R0_CURRENT_BASELINE,R3_STATE_CENTRIC_POLICY,0.030000000000000027,0.010000000000000004,0.060000000000000026,Quick Attack,Quick Attack,True,0.030000000000000027,0.010000000000000004,0.060000000000000026,760,True,4WE,15,V04,OPPONENT
4WE_PAIR_016_V04__OPPONENT,R0_CURRENT_BASELINE,R3_STATE_CENTRIC_POLICY,0.030000000000000027,0.010000000000000004,0.060000000000000026,Quick Attack,Quick Attack,True,0.030000000000000027,0.010000000000000004,0.060000000000000026,761,True,4WE,16,V04,OPPONENT
4WE_PAIR_021_V04__OPPONENT,R0_CURRENT_BASELINE,R3_STATE_CENTRIC_POLICY,0.030000000000000027,0.010000000000000004,0.060000000000000026,Quick Attack,Quick Attack,True,0.030000000000000027,0.010000000000000004,0.060000000000000026,762,True,4WE,21,V04,OPPONENT
4WE_PAIR_007_V03__PLAYER,R1_REMOVE_LEGAL_SIGNATURE,R2_REMOVE_SIGNATURE_AND_COMPATIBILITY,0.03,0.01066666666666667,0.06400000000000002,Quick Attack,Quick Attack,True,0.03,0.01066666666666667,0.06400000000000002,763,True,4WE,7,V03,PLAYER
4WE_PAIR_017_V03__OPPONENT,R1_REMOVE_LEGAL_SIGNATURE,R2_REMOVE_SIGNATURE_AND_COMPATIBILITY,0.03,0.01066666666666667,0.06400000000000002,Quick Attack,Quick Attack,True,0.03,0.01066666666666667,0.06400000000000002,764,True,4WE,17,V03,OPPONENT
4WE_PAIR_017_V03__PLAYER,R1_REMOVE_LEGAL_SIGNATURE,R2_REMOVE_SIGNATURE_AND_COMPATIBILITY,0.03,0.01066666666666667,0.06400000000000002,Quick Attack,Quick Attack,True,0.03,0.01066666666666667,0.06400000000000002,765,True,4WE,17,V03,PLAYER
4WE_PAIR_020_V01__PLAYER,R0_CURRENT_BASELINE,R1_REMOVE_LEGAL_SIGNATURE,0.028000000000000025,0.009333333333333338,0.05600000000000003,Quick Attack,Quick Attack,True,0.028000000000000025,0.009333333333333338,0.05600000000000003,766,True,4WE,20,V01,PLAYER
4WE_PAIR_011_V04__PLAYER,R0_CURRENT_BASELINE,R2_REMOVE_SIGNATURE_AND_COMPATIBILITY,0.028000000000000025,0.009333333333333338,0.05600000000000002,Quick Attack,Quick Attack,True,0.028000000000000025,0.009333333333333338,0.05600000000000002,767,True,4WE,11,V04,PLAYER
4WE_PAIR_005_V01__OPPONENT,R0_CURRENT_BASELINE,R3_STATE_CENTRIC_POLICY,0.028000000000000025,0.009333333333333338,0.05600000000000002,Quick Attack,Quick Attack,True,0.028000000000000025,0.009333333333333338,0.05600000000000002,768,True,4WE,5,V01,OPPONENT
4WE_PAIR_006_V01__OPPONENT,R0_CURRENT_BASELINE,R3_STATE_CENTRIC_POLICY,0.028000000000000025,0.009333333333333338,0.05600000000000002,Quick Attack,Quick Attack,True,0.028000000000000025,0.009333333333333338,0.05600000000000002,769,True,4WE,6,V01,OPPONENT
4WE_PAIR_012_V01__OPPONENT,R0_CURRENT_BASELINE,R3_STATE_CENTRIC_POLICY,0.028000000000000025,0.009333333333333338,0.05600000000000002,Quick Attack,Quick Attack,True,0.028000000000000025,0.009333333333333338,0.05600000000000002,770,True,4WE,12,V01,OPPONENT
4WE_PAIR_001_V02__OPPONENT,R1_REMOVE_LEGAL_SIGNATURE,R2_REMOVE_SIGNATURE_AND_COMPATIBILITY,0.027999999999999997,0.009999999999999986,0.059999999999999915,Quick Attack,Quick Attack,True,0.027999999999999997,0.009999999999999986,0.059999999999999915,771,True,4WE,1,V02,OPPONENT
4WE_PAIR_001_V03__OPPONENT,R1_REMOVE_LEGAL_SIGNATURE,R2_REMOVE_SIGNATURE_AND_COMPATIBILITY,0.027999999999999997,0.009999999999999986,0.059999999999999915,Quick Attack,Quick Attack,True,0.027999999999999997,0.009999999999999986,0.059999999999999915,772,True,4WE,1,V03,OPPONENT
4WE_PAIR_008_V02__OPPONENT,R1_REMOVE_LEGAL_SIGNATURE,R2_REMOVE_SIGNATURE_AND_COMPATIBILITY,0.027999999999999997,0.009999999999999986,0.059999999999999915,Quick Attack,Quick Attack,True,0.027999999999999997,0.009999999999999986,0.059999999999999915,773,True,4WE,8,V02,OPPONENT
4WE_PAIR_008_V03__OPPONENT,R1_REMOVE_LEGAL_SIGNATURE,R2_REMOVE_SIGNATURE_AND_COMPATIBILITY,0.027999999999999997,0.009999999999999986,0.059999999999999915,Quick Attack,Quick Attack,True,0.027999999999999997,0.009999999999999986,0.059999999999999915,774,True,4WE,8,V03,OPPONENT
4WE_PAIR_011_V04__PLAYER,R0_CURRENT_BASELINE,R1_REMOVE_LEGAL_SIGNATURE,0.026000000000000023,0.008666666666666671,0.052000000000000025,Quick Attack,Quick Attack,True,0.026000000000000023,0.008666666666666671,0.052000000000000025,775,True,4WE,11,V04,PLAYER
4WE_PAIR_011_V01__PLAYER,R0_CURRENT_BASELINE,R2_REMOVE_SIGNATURE_AND_COMPATIBILITY,0.026000000000000023,0.008666666666666671,0.052000000000000025,Quick Attack,Quick Attack,True,0.026000000000000023,0.008666666666666671,0.052000000000000025,776,True,4WE,11,V01,PLAYER
4WE_PAIR_020_V01__PLAYER,R0_CURRENT_BASELINE,R2_REMOVE_SIGNATURE_AND_COMPATIBILITY,0.026000000000000023,0.008666666666666671,0.052000000000000025,Quick Attack,Quick Attack,True,0.026000000000000023,0.008666666666666671,0.052000000000000025,777,True,4WE,20,V01,PLAYER
4WE_PAIR_022_V01__OPPONENT,R0_CURRENT_BASELINE,R2_REMOVE_SIGNATURE_AND_COMPATIBILITY,0.026000000000000023,0.008666666666666671,0.052000000000000025,Quick Attack,Quick Attack,True,0.026000000000000023,0.008666666666666671,0.052000000000000025,778,True,4WE,22,V01,OPPONENT
4WE_PAIR_022_V04__OPPONENT,R0_CURRENT_BASELINE,R2_REMOVE_SIGNATURE_AND_COMPATIBILITY,0.026000000000000023,0.008666666666666671,0.052000000000000025,Quick Attack,Quick Attack,True,0.026000000000000023,0.008666666666666671,0.052000000000000025,779,True,4WE,22,V04,OPPONENT
4WE_PAIR_023_V01__OPPONENT,R0_CURRENT_BASELINE,R2_REMOVE_SIGNATURE_AND_COMPATIBILITY,0.026000000000000023,0.008666666666666671,0.052000000000000025,Quick Attack,Quick Attack,True,0.026000000000000023,0.008666666666666671,0.052000000000000025,780,True,4WE,23,V01,OPPONENT
4WE_PAIR_023_V04__OPPONENT,R0_CURRENT_BASELINE,R2_REMOVE_SIGNATURE_AND_COMPATIBILITY,0.026000000000000023,0.008666666666666671,0.052000000000000025,Quick Attack,Quick Attack,True,0.026000000000000023,0.008666666666666671,0.052000000000000025,781,True,4WE,23,V04,OPPONENT
4WE_PAIR_023_V04__PLAYER,R0_CURRENT_BASELINE,R2_REMOVE_SIGNATURE_AND_COMPATIBILITY,0.026000000000000023,0.008666666666666671,0.052000000000000025,Quick Attack,Quick Attack,True,0.026000000000000023,0.008666666666666671,0.052000000000000025,782,True,4WE,23,V04,PLAYER
4WE_PAIR_006_V04__OPPONENT,R0_CURRENT_BASELINE,R3_STATE_CENTRIC_POLICY,0.026000000000000023,0.008666666666666671,0.052000000000000025,Quick Attack,Quick Attack,True,0.026000000000000023,0.008666666666666671,0.052000000000000025,783,True,4WE,6,V04,OPPONENT
4WE_PAIR_015_V04__PLAYER,R0_CURRENT_BASELINE,R1_REMOVE_LEGAL_SIGNATURE,0.026000000000000023,0.00866666666666667,0.05200000000000002,Quick Attack,Quick Attack,True,0.026000000000000023,0.00866666666666667,0.05200000000000002,784,True,4WE,15,V04,PLAYER
4WE_PAIR_021_V04__PLAYER,R0_CURRENT_BASELINE,R1_REMOVE_LEGAL_SIGNATURE,0.026000000000000023,0.00866666666666667,0.05200000000000002,Quick Attack,Quick Attack,True,0.026000000000000023,0.00866666666666667,0.05200000000000002,785,True,4WE,21,V04,PLAYER
4WE_PAIR_005_V04__OPPONENT,R0_CURRENT_BASELINE,R3_STATE_CENTRIC_POLICY,0.026000000000000023,0.00866666666666667,0.05200000000000002,Quick Attack,Quick Attack,True,0.026000000000000023,0.00866666666666667,0.05200000000000002,786,True,4WE,5,V04,OPPONENT
4WE_PAIR_012_V04__OPPONENT,R0_CURRENT_BASELINE,R3_STATE_CENTRIC_POLICY,0.026000000000000023,0.00866666666666667,0.05200000000000002,Quick Attack,Quick Attack,True,0.026000000000000023,0.00866666666666667,0.05200000000000002,787,True,4WE,12,V04,OPPONENT
4WE_PAIR_001_V02__PLAYER,R1_REMOVE_LEGAL_SIGNATURE,R2_REMOVE_SIGNATURE_AND_COMPATIBILITY,0.025999999999999995,0.009333333333333318,0.05599999999999991,Quick Attack,Quick Attack,True,0.025999999999999995,0.009333333333333318,0.05599999999999991,788,True,4WE,1,V02,PLAYER
4WE_PAIR_001_V03__PLAYER,R1_REMOVE_LEGAL_SIGNATURE,R2_REMOVE_SIGNATURE_AND_COMPATIBILITY,0.025999999999999995,0.009333333333333318,0.05599999999999991,Quick Attack,Quick Attack,True,0.025999999999999995,0.009333333333333318,0.05599999999999991,789,True,4WE,1,V03,PLAYER
4WE_PAIR_002_V02__OPPONENT,R1_REMOVE_LEGAL_SIGNATURE,R2_REMOVE_SIGNATURE_AND_COMPATIBILITY,0.025999999999999995,0.009333333333333318,0.05599999999999991,Quick Attack,Quick Attack,True,0.025999999999999995,0.009333333333333318,0.05599999999999991,790,True,4WE,2,V02,OPPONENT
4WE_PAIR_002_V03__OPPONENT,R1_REMOVE_LEGAL_SIGNATURE,R2_REMOVE_SIGNATURE_AND_COMPATIBILITY,0.025999999999999995,0.009333333333333318,0.05599999999999991,Quick Attack,Quick Attack,True,0.025999999999999995,0.009333333333333318,0.05599999999999991,791,True,4WE,2,V03,OPPONENT
4WE_PAIR_003_V02__OPPONENT,R1_REMOVE_LEGAL_SIGNATURE,R2_REMOVE_SIGNATURE_AND_COMPATIBILITY,0.025999999999999995,0.009333333333333318,0.05599999999999991,Quick Attack,Quick Attack,True,0.025999999999999995,0.009333333333333318,0.05599999999999991,792,True,4WE,3,V02,OPPONENT
4WE_PAIR_008_V02__PLAYER,R1_REMOVE_LEGAL_SIGNATURE,R2_REMOVE_SIGNATURE_AND_COMPATIBILITY,0.025999999999999995,0.009333333333333318,0.05599999999999991,Quick Attack,Quick Attack,True,0.025999999999999995,0.009333333333333318,0.05599999999999991,793,True,4WE,8,V02,PLAYER
4WE_PAIR_008_V03__PLAYER,R1_REMOVE_LEGAL_SIGNATURE,R2_REMOVE_SIGNATURE_AND_COMPATIBILITY,0.025999999999999995,0.009333333333333318,0.05599999999999991,Quick Attack,Quick Attack,True,0.025999999999999995,0.009333333333333318,0.05599999999999991,794,True,4WE,8,V03,PLAYER
4WE_PAIR_009_V02__OPPONENT,R1_REMOVE_LEGAL_SIGNATURE,R2_REMOVE_SIGNATURE_AND_COMPATIBILITY,0.025999999999999995,0.009333333333333318,0.05599999999999991,Quick Attack,Quick Attack,True,0.025999999999999995,0.009333333333333318,0.05599999999999991,795,True,4WE,9,V02,OPPONENT
4WE_PAIR_009_V03__OPPONENT,R1_REMOVE_LEGAL_SIGNATURE,R2_REMOVE_SIGNATURE_AND_COMPATIBILITY,0.025999999999999995,0.009333333333333318,0.05599999999999991,Quick Attack,Quick Attack,True,0.025999999999999995,0.009333333333333318,0.05599999999999991,796,True,4WE,9,V03,OPPONENT
4WE_PAIR_010_V02__OPPONENT,R1_REMOVE_LEGAL_SIGNATURE,R2_REMOVE_SIGNATURE_AND_COMPATIBILITY,0.025999999999999995,0.009333333333333318,0.05599999999999991,Quick Attack,Quick Attack,True,0.025999999999999995,0.009333333333333318,0.05599999999999991,797,True,4WE,10,V02,OPPONENT
4WE_PAIR_013_V02__OPPONENT,R1_REMOVE_LEGAL_SIGNATURE,R2_REMOVE_SIGNATURE_AND_COMPATIBILITY,0.025999999999999995,0.009333333333333318,0.05599999999999991,Quick Attack,Quick Attack,True,0.025999999999999995,0.009333333333333318,0.05599999999999991,798,True,4WE,13,V02,OPPONENT
4WE_PAIR_013_V02__PLAYER,R1_REMOVE_LEGAL_SIGNATURE,R2_REMOVE_SIGNATURE_AND_COMPATIBILITY,0.025999999999999995,0.009333333333333318,0.05599999999999991,Quick Attack,Quick Attack,True,0.025999999999999995,0.009333333333333318,0.05599999999999991,799,True,4WE,13,V02,PLAYER
4WE_PAIR_013_V03__OPPONENT,R1_REMOVE_LEGAL_SIGNATURE,R2_REMOVE_SIGNATURE_AND_COMPATIBILITY,0.025999999999999995,0.009333333333333318,0.05599999999999991,Quick Attack,Quick Attack,True,0.025999999999999995,0.009333333333333318,0.05599999999999991,800,True,4WE,13,V03,OPPONENT
4WE_PAIR_013_V03__PLAYER,R1_REMOVE_LEGAL_SIGNATURE,R2_REMOVE_SIGNATURE_AND_COMPATIBILITY,0.025999999999999995,0.009333333333333318,0.05599999999999991,Quick Attack,Quick Attack,True,0.025999999999999995,0.009333333333333318,0.05599999999999991,801,True,4WE,13,V03,PLAYER
4WE_PAIR_018_V02__OPPONENT,R1_REMOVE_LEGAL_SIGNATURE,R2_REMOVE_SIGNATURE_AND_COMPATIBILITY,0.025999999999999995,0.009333333333333318,0.05599999999999991,Quick Attack,Quick Attack,True,0.025999999999999995,0.009333333333333318,0.05599999999999991,802,True,4WE,18,V02,OPPONENT
4WE_PAIR_018_V02__PLAYER,R1_REMOVE_LEGAL_SIGNATURE,R2_REMOVE_SIGNATURE_AND_COMPATIBILITY,0.025999999999999995,0.009333333333333318,0.05599999999999991,Quick Attack,Quick Attack,True,0.025999999999999995,0.009333333333333318,0.05599999999999991,803,True,4WE,18,V02,PLAYER
4WE_PAIR_018_V03__OPPONENT,R1_REMOVE_LEGAL_SIGNATURE,R2_REMOVE_SIGNATURE_AND_COMPATIBILITY,0.025999999999999995,0.009333333333333318,0.05599999999999991,Quick Attack,Quick Attack,True,0.025999999999999995,0.009333333333333318,0.05599999999999991,804,True,4WE,18,V03,OPPONENT
4WE_PAIR_018_V03__PLAYER,R1_REMOVE_LEGAL_SIGNATURE,R2_REMOVE_SIGNATURE_AND_COMPATIBILITY,0.025999999999999995,0.009333333333333318,0.05599999999999991,Quick Attack,Quick Attack,True,0.025999999999999995,0.009333333333333318,0.05599999999999991,805,True,4WE,18,V03,PLAYER
4WE_PAIR_004_V02__OPPONENT,R1_REMOVE_LEGAL_SIGNATURE,R2_REMOVE_SIGNATURE_AND_COMPATIBILITY,0.02400000000000002,0.008666666666666656,0.051999999999999935,Quick Attack,Quick Attack,True,0.02400000000000002,0.008666666666666656,0.051999999999999935,806,True,4WE,4,V02,OPPONENT
4WE_PAIR_011_V01__PLAYER,R0_CURRENT_BASELINE,R1_REMOVE_LEGAL_SIGNATURE,0.02400000000000002,0.008000000000000004,0.04800000000000002,Quick Attack,Quick Attack,True,0.02400000000000002,0.008000000000000004,0.04800000000000002,807,True,4WE,11,V01,PLAYER
4WE_PAIR_015_V01__PLAYER,R0_CURRENT_BASELINE,R1_REMOVE_LEGAL_SIGNATURE,0.02400000000000002,0.008000000000000004,0.04800000000000002,Quick Attack,Quick Attack,True,0.02400000000000002,0.008000000000000004,0.04800000000000002,808,True,4WE,15,V01,PLAYER
4WE_PAIR_016_V04__PLAYER,R0_CURRENT_BASELINE,R1_REMOVE_LEGAL_SIGNATURE,0.02400000000000002,0.008000000000000004,0.04800000000000002,Quick Attack,Quick Attack,True,0.02400000000000002,0.008000000000000004,0.04800000000000002,809,True,4WE,16,V04,PLAYER
4WE_PAIR_020_V01__OPPONENT,R0_CURRENT_BASELINE,R1_REMOVE_LEGAL_SIGNATURE,0.02400000000000002,0.008000000000000004,0.04800000000000002,Quick Attack,Quick Attack,True,0.02400000000000002,0.008000000000000004,0.04800000000000002,810,True,4WE,20,V01,OPPONENT
4WE_PAIR_020_V04__OPPONENT,R0_CURRENT_BASELINE,R1_REMOVE_LEGAL_SIGNATURE,0.02400000000000002,0.008000000000000004,0.04800000000000002,Quick Attack,Quick Attack,True,0.02400000000000002,0.008000000000000004,0.04800000000000002,811,True,4WE,20,V04,OPPONENT
4WE_PAIR_021_V01__PLAYER,R0_CURRENT_BASELINE,R1_REMOVE_LEGAL_SIGNATURE,0.02400000000000002,0.008000000000000004,0.04800000000000002,Quick Attack,Quick Attack,True,0.02400000000000002,0.008000000000000004,0.04800000000000002,812,True,4WE,21,V01,PLAYER
4WE_PAIR_022_V04__PLAYER,R0_CURRENT_BASELINE,R1_REMOVE_LEGAL_SIGNATURE,0.02400000000000002,0.008000000000000004,0.04800000000000002,Quick Attack,Quick Attack,True,0.02400000000000002,0.008000000000000004,0.04800000000000002,813,True,4WE,22,V04,PLAYER
4WE_PAIR_023_V04__PLAYER,R0_CURRENT_BASELINE,R1_REMOVE_LEGAL_SIGNATURE,0.02400000000000002,0.008000000000000004,0.04800000000000002,Quick Attack,Quick Attack,True,0.02400000000000002,0.008000000000000004,0.04800000000000002,814,True,4WE,23,V04,PLAYER
4WE_PAIR_022_V01__PLAYER,R0_CURRENT_BASELINE,R2_REMOVE_SIGNATURE_AND_COMPATIBILITY,0.02400000000000002,0.008000000000000004,0.04800000000000002,Quick Attack,Quick Attack,True,0.02400000000000002,0.008000000000000004,0.04800000000000002,815,True,4WE,22,V01,PLAYER
4WE_PAIR_023_V01__PLAYER,R0_CURRENT_BASELINE,R2_REMOVE_SIGNATURE_AND_COMPATIBILITY,0.02400000000000002,0.008000000000000004,0.04800000000000002,Quick Attack,Quick Attack,True,0.02400000000000002,0.008000000000000004,0.04800000000000002,816,True,4WE,23,V01,PLAYER
4WE_PAIR_020_V01__OPPONENT,R2_REMOVE_SIGNATURE_AND_COMPATIBILITY,R3_STATE_CENTRIC_POLICY,0.02400000000000002,0.008000000000000004,0.04800000000000002,Quick Attack,Quick Attack,True,0.02400000000000002,0.008000000000000004,0.04800000000000002,817,True,4WE,20,V01,OPPONENT
4WE_PAIR_016_V01__OPPONENT,R0_CURRENT_BASELINE,R1_REMOVE_LEGAL_SIGNATURE,0.024,0.008000000000000002,0.048000000000000015,Quick Attack,Quick Attack,True,0.024,0.008000000000000002,0.048000000000000015,818,True,4WE,16,V01,OPPONENT
4WE_PAIR_016_V04__OPPONENT,R0_CURRENT_BASELINE,R1_REMOVE_LEGAL_SIGNATURE,0.024,0.008000000000000002,0.048000000000000015,Quick Attack,Quick Attack,True,0.024,0.008000000000000002,0.048000000000000015,819,True,4WE,16,V04,OPPONENT
4WE_PAIR_002_V02__PLAYER,R1_REMOVE_LEGAL_SIGNATURE,R2_REMOVE_SIGNATURE_AND_COMPATIBILITY,0.023999999999999994,0.00866666666666665,0.05199999999999991,Quick Attack,Quick Attack,True,0.023999999999999994,0.00866666666666665,0.05199999999999991,820,True,4WE,2,V02,PLAYER
4WE_PAIR_002_V03__PLAYER,R1_REMOVE_LEGAL_SIGNATURE,R2_REMOVE_SIGNATURE_AND_COMPATIBILITY,0.023999999999999994,0.00866666666666665,0.05199999999999991,Quick Attack,Quick Attack,True,0.023999999999999994,0.00866666666666665,0.05199999999999991,821,True,4WE,2,V03,PLAYER
4WE_PAIR_003_V02__PLAYER,R1_REMOVE_LEGAL_SIGNATURE,R2_REMOVE_SIGNATURE_AND_COMPATIBILITY,0.023999999999999994,0.00866666666666665,0.05199999999999991,Quick Attack,Quick Attack,True,0.023999999999999994,0.00866666666666665,0.05199999999999991,822,True,4WE,3,V02,PLAYER
4WE_PAIR_009_V02__PLAYER,R1_REMOVE_LEGAL_SIGNATURE,R2_REMOVE_SIGNATURE_AND_COMPATIBILITY,0.023999999999999994,0.00866666666666665,0.05199999999999991,Quick Attack,Quick Attack,True,0.023999999999999994,0.00866666666666665,0.05199999999999991,823,True,4WE,9,V02,PLAYER
4WE_PAIR_009_V03__PLAYER,R1_REMOVE_LEGAL_SIGNATURE,R2_REMOVE_SIGNATURE_AND_COMPATIBILITY,0.023999999999999994,0.00866666666666665,0.05199999999999991,Quick Attack,Quick Attack,True,0.023999999999999994,0.00866666666666665,0.05199999999999991,824,True,4WE,9,V03,PLAYER
4WE_PAIR_010_V02__PLAYER,R1_REMOVE_LEGAL_SIGNATURE,R2_REMOVE_SIGNATURE_AND_COMPATIBILITY,0.023999999999999994,0.00866666666666665,0.05199999999999991,Quick Attack,Quick Attack,True,0.023999999999999994,0.00866666666666665,0.05199999999999991,825,True,4WE,10,V02,PLAYER
4WE_PAIR_014_V02__OPPONENT,R1_REMOVE_LEGAL_SIGNATURE,R2_REMOVE_SIGNATURE_AND_COMPATIBILITY,0.023999999999999994,0.00866666666666665,0.05199999999999991,Quick Attack,Quick Attack,True,0.023999999999999994,0.00866666666666665,0.05199999999999991,826,True,4WE,14,V02,OPPONENT
4WE_PAIR_014_V02__PLAYER,R1_REMOVE_LEGAL_SIGNATURE,R2_REMOVE_SIGNATURE_AND_COMPATIBILITY,0.023999999999999994,0.00866666666666665,0.05199999999999991,Quick Attack,Quick Attack,True,0.023999999999999994,0.00866666666666665,0.05199999999999991,827,True,4WE,14,V02,PLAYER
4WE_PAIR_014_V03__OPPONENT,R1_REMOVE_LEGAL_SIGNATURE,R2_REMOVE_SIGNATURE_AND_COMPATIBILITY,0.023999999999999994,0.00866666666666665,0.05199999999999991,Quick Attack,Quick Attack,True,0.023999999999999994,0.00866666666666665,0.05199999999999991,828,True,4WE,14,V03,OPPONENT
4WE_PAIR_014_V03__PLAYER,R1_REMOVE_LEGAL_SIGNATURE,R2_REMOVE_SIGNATURE_AND_COMPATIBILITY,0.023999999999999994,0.00866666666666665,0.05199999999999991,Quick Attack,Quick Attack,True,0.023999999999999994,0.00866666666666665,0.05199999999999991,829,True,4WE,14,V03,PLAYER
4WE_PAIR_019_V02__OPPONENT,R1_REMOVE_LEGAL_SIGNATURE,R2_REMOVE_SIGNATURE_AND_COMPATIBILITY,0.023999999999999994,0.00866666666666665,0.05199999999999991,Quick Attack,Quick Attack,True,0.023999999999999994,0.00866666666666665,0.05199999999999991,830,True,4WE,19,V02,OPPONENT
4WE_PAIR_019_V02__PLAYER,R1_REMOVE_LEGAL_SIGNATURE,R2_REMOVE_SIGNATURE_AND_COMPATIBILITY,0.023999999999999994,0.00866666666666665,0.05199999999999991,Quick Attack,Quick Attack,True,0.023999999999999994,0.00866666666666665,0.05199999999999991,831,True,4WE,19,V02,PLAYER
4WE_PAIR_019_V03__OPPONENT,R1_REMOVE_LEGAL_SIGNATURE,R2_REMOVE_SIGNATURE_AND_COMPATIBILITY,0.023999999999999994,0.00866666666666665,0.05199999999999991,Quick Attack,Quick Attack,True,0.023999999999999994,0.00866666666666665,0.05199999999999991,832,True,4WE,19,V03,OPPONENT
4WE_PAIR_019_V03__PLAYER,R1_REMOVE_LEGAL_SIGNATURE,R2_REMOVE_SIGNATURE_AND_COMPATIBILITY,0.023999999999999994,0.00866666666666665,0.05199999999999991,Quick Attack,Quick Attack,True,0.023999999999999994,0.00866666666666665,0.05199999999999991,833,True,4WE,19,V03,PLAYER
4WE_PAIR_003_V03__OPPONENT,R1_REMOVE_LEGAL_SIGNATURE,R2_REMOVE_SIGNATURE_AND_COMPATIBILITY,0.02200000000000002,0.007999999999999988,0.04799999999999993,Quick Attack,Quick Attack,True,0.02200000000000002,0.007999999999999988,0.04799999999999993,834,True,4WE,3,V03,OPPONENT
4WE_PAIR_004_V02__PLAYER,R1_REMOVE_LEGAL_SIGNATURE,R2_REMOVE_SIGNATURE_AND_COMPATIBILITY,0.02200000000000002,0.007999999999999988,0.04799999999999993,Quick Attack,Quick Attack,True,0.02200000000000002,0.007999999999999988,0.04799999999999993,835,True,4WE,4,V02,PLAYER
4WE_PAIR_010_V03__OPPONENT,R1_REMOVE_LEGAL_SIGNATURE,R2_REMOVE_SIGNATURE_AND_COMPATIBILITY,0.02200000000000002,0.007999999999999988,0.04799999999999993,Quick Attack,Quick Attack,True,0.02200000000000002,0.007999999999999988,0.04799999999999993,836,True,4WE,10,V03,OPPONENT
4WE_PAIR_016_V01__OPPONENT,R2_REMOVE_SIGNATURE_AND_COMPATIBILITY,R3_STATE_CENTRIC_POLICY,0.02200000000000002,0.0073333333333333375,0.044000000000000025,Quick Attack,Quick Attack,True,0.02200000000000002,0.0073333333333333375,0.044000000000000025,837,True,4WE,16,V01,OPPONENT
4WE_PAIR_005_V04__PLAYER,R0_CURRENT_BASELINE,R1_REMOVE_LEGAL_SIGNATURE,0.02200000000000002,0.007333333333333337,0.04400000000000002,Quick Attack,Quick Attack,True,0.02200000000000002,0.007333333333333337,0.04400000000000002,838,True,4WE,5,V04,PLAYER
4WE_PAIR_012_V04__PLAYER,R0_CURRENT_BASELINE,R1_REMOVE_LEGAL_SIGNATURE,0.02200000000000002,0.007333333333333337,0.04400000000000002,Quick Attack,Quick Attack,True,0.02200000000000002,0.007333333333333337,0.04400000000000002,839,True,4WE,12,V04,PLAYER
4WE_PAIR_016_V01__PLAYER,R0_CURRENT_BASELINE,R1_REMOVE_LEGAL_SIGNATURE,0.02200000000000002,0.007333333333333337,0.04400000000000002,Quick Attack,Quick Attack,True,0.02200000000000002,0.007333333333333337,0.04400000000000002,840,True,4WE,16,V01,PLAYER
4WE_PAIR_022_V01__OPPONENT,R0_CURRENT_BASELINE,R1_REMOVE_LEGAL_SIGNATURE,0.02200000000000002,0.007333333333333337,0.04400000000000002,Quick Attack,Quick Attack,True,0.02200000000000002,0.007333333333333337,0.04400000000000002,841,True,4WE,22,V01,OPPONENT
4WE_PAIR_022_V01__PLAYER,R0_CURRENT_BASELINE,R1_REMOVE_LEGAL_SIGNATURE,0.02200000000000002,0.007333333333333337,0.04400000000000002,Quick Attack,Quick Attack,True,0.02200000000000002,0.007333333333333337,0.04400000000000002,842,True,4WE,22,V01,PLAYER
4WE_PAIR_022_V04__OPPONENT,R0_CURRENT_BASELINE,R1_REMOVE_LEGAL_SIGNATURE,0.02200000000000002,0.007333333333333337,0.04400000000000002,Quick Attack,Quick Attack,True,0.02200000000000002,0.007333333333333337,0.04400000000000002,843,True,4WE,22,V04,OPPONENT
4WE_PAIR_023_V01__OPPONENT,R0_CURRENT_BASELINE,R1_REMOVE_LEGAL_SIGNATURE,0.02200000000000002,0.007333333333333337,0.04400000000000002,Quick Attack,Quick Attack,True,0.02200000000000002,0.007333333333333337,0.04400000000000002,844,True,4WE,23,V01,OPPONENT
4WE_PAIR_023_V01__PLAYER,R0_CURRENT_BASELINE,R1_REMOVE_LEGAL_SIGNATURE,0.02200000000000002,0.007333333333333337,0.04400000000000002,Quick Attack,Quick Attack,True,0.02200000000000002,0.007333333333333337,0.04400000000000002,845,True,4WE,23,V01,PLAYER
4WE_PAIR_023_V04__OPPONENT,R0_CURRENT_BASELINE,R1_REMOVE_LEGAL_SIGNATURE,0.02200000000000002,0.007333333333333337,0.04400000000000002,Quick Attack,Quick Attack,True,0.02200000000000002,0.007333333333333337,0.04400000000000002,846,True,4WE,23,V04,OPPONENT
4WE_PAIR_011_V01__PLAYER,R1_REMOVE_LEGAL_SIGNATURE,R3_STATE_CENTRIC_POLICY,0.02200000000000002,0.007333333333333337,0.04400000000000002,Quick Attack,Quick Attack,True,0.02200000000000002,0.007333333333333337,0.04400000000000002,847,True,4WE,11,V01,PLAYER
4WE_PAIR_015_V01__OPPONENT,R2_REMOVE_SIGNATURE_AND_COMPATIBILITY,R3_STATE_CENTRIC_POLICY,0.02200000000000002,0.007333333333333337,0.04400000000000002,Quick Attack,Quick Attack,True,0.02200000000000002,0.007333333333333337,0.04400000000000002,848,True,4WE,15,V01,OPPONENT
4WE_PAIR_020_V04__OPPONENT,R2_REMOVE_SIGNATURE_AND_COMPATIBILITY,R3_STATE_CENTRIC_POLICY,0.02200000000000002,0.007333333333333337,0.04400000000000002,Quick Attack,Quick Attack,True,0.02200000000000002,0.007333333333333337,0.04400000000000002,849,True,4WE,20,V04,OPPONENT
4WE_PAIR_021_V01__OPPONENT,R2_REMOVE_SIGNATURE_AND_COMPATIBILITY,R3_STATE_CENTRIC_POLICY,0.02200000000000002,0.007333333333333337,0.04400000000000002,Quick Attack,Quick Attack,True,0.02200000000000002,0.007333333333333337,0.04400000000000002,850,True,4WE,21,V01,OPPONENT
4WE_PAIR_015_V01__OPPONENT,R0_CURRENT_BASELINE,R1_REMOVE_LEGAL_SIGNATURE,0.022,0.007333333333333337,0.04400000000000002,Quick Attack,Quick Attack,True,0.022,0.007333333333333337,0.04400000000000002,851,True,4WE,15,V01,OPPONENT
4WE_PAIR_015_V04__OPPONENT,R0_CURRENT_BASELINE,R1_REMOVE_LEGAL_SIGNATURE,0.022,0.007333333333333337,0.04400000000000002,Quick Attack,Quick Attack,True,0.022,0.007333333333333337,0.04400000000000002,852,True,4WE,15,V04,OPPONENT
4WE_PAIR_021_V01__OPPONENT,R0_CURRENT_BASELINE,R1_REMOVE_LEGAL_SIGNATURE,0.022,0.007333333333333337,0.04400000000000002,Quick Attack,Quick Attack,True,0.022,0.007333333333333337,0.04400000000000002,853,True,4WE,21,V01,OPPONENT
4WE_PAIR_021_V04__OPPONENT,R0_CURRENT_BASELINE,R1_REMOVE_LEGAL_SIGNATURE,0.022,0.007333333333333337,0.04400000000000002,Quick Attack,Quick Attack,True,0.022,0.007333333333333337,0.04400000000000002,854,True,4WE,21,V04,OPPONENT
4WE_PAIR_003_V03__PLAYER,R1_REMOVE_LEGAL_SIGNATURE,R2_REMOVE_SIGNATURE_AND_COMPATIBILITY,0.020000000000000018,0.007333333333333321,0.04399999999999993,Quick Attack,Quick Attack,True,0.020000000000000018,0.007333333333333321,0.04399999999999993,855,True,4WE,3,V03,PLAYER
4WE_PAIR_004_V03__OPPONENT,R1_REMOVE_LEGAL_SIGNATURE,R2_REMOVE_SIGNATURE_AND_COMPATIBILITY,0.020000000000000018,0.007333333333333321,0.04399999999999993,Quick Attack,Quick Attack,True,0.020000000000000018,0.007333333333333321,0.04399999999999993,856,True,4WE,4,V03,OPPONENT
4WE_PAIR_010_V03__PLAYER,R1_REMOVE_LEGAL_SIGNATURE,R2_REMOVE_SIGNATURE_AND_COMPATIBILITY,0.020000000000000018,0.007333333333333321,0.04399999999999993,Quick Attack,Quick Attack,True,0.020000000000000018,0.007333333333333321,0.04399999999999993,857,True,4WE,10,V03,PLAYER
4WE_PAIR_005_V01__PLAYER,R0_CURRENT_BASELINE,R1_REMOVE_LEGAL_SIGNATURE,0.020000000000000018,0.0066666666666666706,0.04000000000000002,Quick Attack,Quick Attack,True,0.020000000000000018,0.0066666666666666706,0.04000000000000002,858,True,4WE,5,V01,PLAYER
4WE_PAIR_012_V01__PLAYER,R0_CURRENT_BASELINE,R1_REMOVE_LEGAL_SIGNATURE,0.020000000000000018,0.0066666666666666706,0.04000000000000002,Quick Attack,Quick Attack,True,0.020000000000000018,0.0066666666666666706,0.04000000000000002,859,True,4WE,12,V01,PLAYER
4WE_PAIR_011_V01__OPPONENT,R0_CURRENT_BASELINE,R2_REMOVE_SIGNATURE_AND_COMPATIBILITY,0.020000000000000018,0.0066666666666666706,0.04000000000000002,Quick Attack,Quick Attack,True,0.020000000000000018,0.0066666666666666706,0.04000000000000002,860,True,4WE,11,V01,OPPONENT
4WE_PAIR_011_V04__OPPONENT,R0_CURRENT_BASELINE,R2_REMOVE_SIGNATURE_AND_COMPATIBILITY,0.020000000000000018,0.0066666666666666706,0.04000000000000002,Quick Attack,Quick Attack,True,0.020000000000000018,0.0066666666666666706,0.04000000000000002,861,True,4WE,11,V04,OPPONENT
4WE_PAIR_016_V04__PLAYER,R0_CURRENT_BASELINE,R2_REMOVE_SIGNATURE_AND_COMPATIBILITY,0.020000000000000018,0.0066666666666666706,0.04000000000000002,Quick Attack,Quick Attack,True,0.020000000000000018,0.0066666666666666706,0.04000000000000002,862,True,4WE,16,V04,PLAYER
4WE_PAIR_020_V01__OPPONENT,R0_CURRENT_BASELINE,R2_REMOVE_SIGNATURE_AND_COMPATIBILITY,0.020000000000000018,0.0066666666666666706,0.04000000000000002,Quick Attack,Quick Attack,True,0.020000000000000018,0.0066666666666666706,0.04000000000000002,863,True,4WE,20,V01,OPPONENT
4WE_PAIR_020_V04__OPPONENT,R0_CURRENT_BASELINE,R2_REMOVE_SIGNATURE_AND_COMPATIBILITY,0.020000000000000018,0.0066666666666666706,0.04000000000000002,Quick Attack,Quick Attack,True,0.020000000000000018,0.0066666666666666706,0.04000000000000002,864,True,4WE,20,V04,OPPONENT
4WE_PAIR_011_V01__OPPONENT,R1_REMOVE_LEGAL_SIGNATURE,R3_STATE_CENTRIC_POLICY,0.020000000000000018,0.0066666666666666706,0.04000000000000002,Quick Attack,Quick Attack,True,0.020000000000000018,0.0066666666666666706,0.04000000000000002,865,True,4WE,11,V01,OPPONENT
4WE_PAIR_020_V01__OPPONENT,R1_REMOVE_LEGAL_SIGNATURE,R3_STATE_CENTRIC_POLICY,0.020000000000000018,0.0066666666666666706,0.04000000000000002,Quick Attack,Quick Attack,True,0.020000000000000018,0.0066666666666666706,0.04000000000000002,866,True,4WE,20,V01,OPPONENT
4WE_PAIR_020_V04__PLAYER,R1_REMOVE_LEGAL_SIGNATURE,R3_STATE_CENTRIC_POLICY,0.020000000000000018,0.0066666666666666706,0.04000000000000002,Quick Attack,Quick Attack,True,0.020000000000000018,0.0066666666666666706,0.04000000000000002,867,True,4WE,20,V04,PLAYER
4WE_PAIR_022_V04__PLAYER,R1_REMOVE_LEGAL_SIGNATURE,R3_STATE_CENTRIC_POLICY,0.020000000000000018,0.0066666666666666706,0.04000000000000002,Quick Attack,Quick Attack,True,0.020000000000000018,0.0066666666666666706,0.04000000000000002,868,True,4WE,22,V04,PLAYER
4WE_PAIR_006_V01__PLAYER,R2_REMOVE_SIGNATURE_AND_COMPATIBILITY,R3_STATE_CENTRIC_POLICY,0.020000000000000018,0.0066666666666666706,0.04000000000000002,Quick Attack,Quick Attack,True,0.020000000000000018,0.0066666666666666706,0.04000000000000002,869,True,4WE,6,V01,PLAYER
4WE_PAIR_015_V04__OPPONENT,R2_REMOVE_SIGNATURE_AND_COMPATIBILITY,R3_STATE_CENTRIC_POLICY,0.020000000000000018,0.0066666666666666706,0.04000000000000002,Quick Attack,Quick Attack,True,0.020000000000000018,0.0066666666666666706,0.04000000000000002,870,True,4WE,15,V04,OPPONENT
4WE_PAIR_015_V04__PLAYER,R2_REMOVE_SIGNATURE_AND_COMPATIBILITY,R3_STATE_CENTRIC_POLICY,0.020000000000000018,0.0066666666666666706,0.04000000000000002,Quick Attack,Quick Attack,True,0.020000000000000018,0.0066666666666666706,0.04000000000000002,871,True,4WE,15,V04,PLAYER
4WE_PAIR_016_V04__OPPONENT,R2_REMOVE_SIGNATURE_AND_COMPATIBILITY,R3_STATE_CENTRIC_POLICY,0.020000000000000018,0.0066666666666666706,0.04000000000000002,Quick Attack,Quick Attack,True,0.020000000000000018,0.0066666666666666706,0.04000000000000002,872,True,4WE,16,V04,OPPONENT
4WE_PAIR_020_V04__PLAYER,R2_REMOVE_SIGNATURE_AND_COMPATIBILITY,R3_STATE_CENTRIC_POLICY,0.020000000000000018,0.0066666666666666706,0.04000000000000002,Quick Attack,Quick Attack,True,0.020000000000000018,0.0066666666666666706,0.04000000000000002,873,True,4WE,20,V04,PLAYER
4WE_PAIR_021_V04__OPPONENT,R2_REMOVE_SIGNATURE_AND_COMPATIBILITY,R3_STATE_CENTRIC_POLICY,0.020000000000000018,0.0066666666666666706,0.04000000000000002,Quick Attack,Quick Attack,True,0.020000000000000018,0.0066666666666666706,0.04000000000000002,874,True,4WE,21,V04,OPPONENT
4WE_PAIR_021_V04__PLAYER,R2_REMOVE_SIGNATURE_AND_COMPATIBILITY,R3_STATE_CENTRIC_POLICY,0.020000000000000018,0.0066666666666666706,0.04000000000000002,Quick Attack,Quick Attack,True,0.020000000000000018,0.0066666666666666706,0.04000000000000002,875,True,4WE,21,V04,PLAYER
4WE_PAIR_006_V04__PLAYER,R0_CURRENT_BASELINE,R1_REMOVE_LEGAL_SIGNATURE,0.020000000000000018,0.006666666666666669,0.040000000000000015,Quick Attack,Quick Attack,True,0.020000000000000018,0.006666666666666669,0.040000000000000015,876,True,4WE,6,V04,PLAYER
4WE_PAIR_011_V01__OPPONENT,R0_CURRENT_BASELINE,R1_REMOVE_LEGAL_SIGNATURE,0.020000000000000018,0.006666666666666669,0.040000000000000015,Quick Attack,Quick Attack,True,0.020000000000000018,0.006666666666666669,0.040000000000000015,877,True,4WE,11,V01,OPPONENT
4WE_PAIR_011_V04__OPPONENT,R0_CURRENT_BASELINE,R1_REMOVE_LEGAL_SIGNATURE,0.020000000000000018,0.006666666666666669,0.040000000000000015,Quick Attack,Quick Attack,True,0.020000000000000018,0.006666666666666669,0.040000000000000015,878,True,4WE,11,V04,OPPONENT
4WE_PAIR_015_V04__PLAYER,R0_CURRENT_BASELINE,R2_REMOVE_SIGNATURE_AND_COMPATIBILITY,0.020000000000000018,0.006666666666666669,0.040000000000000015,Quick Attack,Quick Attack,True,0.020000000000000018,0.006666666666666669,0.040000000000000015,879,True,4WE,15,V04,PLAYER
4WE_PAIR_021_V04__PLAYER,R0_CURRENT_BASELINE,R2_REMOVE_SIGNATURE_AND_COMPATIBILITY,0.020000000000000018,0.006666666666666669,0.040000000000000015,Quick Attack,Quick Attack,True,0.020000000000000018,0.006666666666666669,0.040000000000000015,880,True,4WE,21,V04,PLAYER
4WE_PAIR_006_V01__OPPONENT,R2_REMOVE_SIGNATURE_AND_COMPATIBILITY,R3_STATE_CENTRIC_POLICY,0.020000000000000018,0.006666666666666669,0.040000000000000015,Quick Attack,Quick Attack,True,0.020000000000000018,0.006666666666666669,0.040000000000000015,881,True,4WE,6,V01,OPPONENT
4WE_PAIR_011_V01__OPPONENT,R2_REMOVE_SIGNATURE_AND_COMPATIBILITY,R3_STATE_CENTRIC_POLICY,0.020000000000000018,0.006666666666666669,0.040000000000000015,Quick Attack,Quick Attack,True,0.020000000000000018,0.006666666666666669,0.040000000000000015,882,True,4WE,11,V01,OPPONENT
4WE_PAIR_011_V01__PLAYER,R2_REMOVE_SIGNATURE_AND_COMPATIBILITY,R3_STATE_CENTRIC_POLICY,0.020000000000000018,0.006666666666666669,0.040000000000000015,Quick Attack,Quick Attack,True,0.020000000000000018,0.006666666666666669,0.040000000000000015,883,True,4WE,11,V01,PLAYER
4WE_PAIR_016_V04__PLAYER,R2_REMOVE_SIGNATURE_AND_COMPATIBILITY,R3_STATE_CENTRIC_POLICY,0.020000000000000018,0.006666666666666669,0.040000000000000015,Quick Attack,Quick Attack,True,0.020000000000000018,0.006666666666666669,0.040000000000000015,884,True,4WE,16,V04,PLAYER
4WE_PAIR_020_V01__PLAYER,R2_REMOVE_SIGNATURE_AND_COMPATIBILITY,R3_STATE_CENTRIC_POLICY,0.020000000000000018,0.006666666666666669,0.040000000000000015,Quick Attack,Quick Attack,True,0.020000000000000018,0.006666666666666669,0.040000000000000015,885,True,4WE,20,V01,PLAYER
4WE_PAIR_006_V01__OPPONENT,R0_CURRENT_BASELINE,R1_REMOVE_LEGAL_SIGNATURE,0.019999999999999997,0.006666666666666668,0.04000000000000001,Quick Attack,Quick Attack,True,0.019999999999999997,0.006666666666666668,0.04000000000000001,886,True,4WE,6,V01,OPPONENT
4WE_PAIR_006_V04__OPPONENT,R0_CURRENT_BASELINE,R1_REMOVE_LEGAL_SIGNATURE,0.019999999999999997,0.006666666666666668,0.04000000000000001,Quick Attack,Quick Attack,True,0.019999999999999997,0.006666666666666668,0.04000000000000001,887,True,4WE,6,V04,OPPONENT
4WE_PAIR_004_V03__PLAYER,R1_REMOVE_LEGAL_SIGNATURE,R2_REMOVE_SIGNATURE_AND_COMPATIBILITY,0.018000000000000016,0.006666666666666654,0.039999999999999925,Quick Attack,Quick Attack,True,0.018000000000000016,0.006666666666666654,0.039999999999999925,888,True,4WE,4,V03,PLAYER
4WE_PAIR_006_V01__PLAYER,R0_CURRENT_BASELINE,R1_REMOVE_LEGAL_SIGNATURE,0.018000000000000016,0.006000000000000003,0.03600000000000002,Quick Attack,Quick Attack,True,0.018000000000000016,0.006000000000000003,0.03600000000000002,889,True,4WE,6,V01,PLAYER
4WE_PAIR_005_V04__PLAYER,R0_CURRENT_BASELINE,R2_REMOVE_SIGNATURE_AND_COMPATIBILITY,0.018000000000000016,0.006000000000000003,0.03600000000000002,Quick Attack,Quick Attack,True,0.018000000000000016,0.006000000000000003,0.03600000000000002,890,True,4WE,5,V04,PLAYER
4WE_PAIR_012_V04__PLAYER,R0_CURRENT_BASELINE,R2_REMOVE_SIGNATURE_AND_COMPATIBILITY,0.018000000000000016,0.006000000000000003,0.03600000000000002,Quick Attack,Quick Attack,True,0.018000000000000016,0.006000000000000003,0.03600000000000002,891,True,4WE,12,V04,PLAYER
4WE_PAIR_011_V04__OPPONENT,R1_REMOVE_LEGAL_SIGNATURE,R3_STATE_CENTRIC_POLICY,0.018000000000000016,0.006000000000000003,0.03600000000000002,Quick Attack,Quick Attack,True,0.018000000000000016,0.006000000000000003,0.03600000000000002,892,True,4WE,11,V04,OPPONENT
4WE_PAIR_011_V04__PLAYER,R1_REMOVE_LEGAL_SIGNATURE,R3_STATE_CENTRIC_POLICY,0.018000000000000016,0.006000000000000003,0.03600000000000002,Quick Attack,Quick Attack,True,0.018000000000000016,0.006000000000000003,0.03600000000000002,893,True,4WE,11,V04,PLAYER
4WE_PAIR_020_V04__OPPONENT,R1_REMOVE_LEGAL_SIGNATURE,R3_STATE_CENTRIC_POLICY,0.018000000000000016,0.006000000000000003,0.03600000000000002,Quick Attack,Quick Attack,True,0.018000000000000016,0.006000000000000003,0.03600000000000002,894,True,4WE,20,V04,OPPONENT
4WE_PAIR_022_V01__PLAYER,R1_REMOVE_LEGAL_SIGNATURE,R3_STATE_CENTRIC_POLICY,0.018000000000000016,0.006000000000000003,0.03600000000000002,Quick Attack,Quick Attack,True,0.018000000000000016,0.006000000000000003,0.03600000000000002,895,True,4WE,22,V01,PLAYER
4WE_PAIR_023_V01__PLAYER,R1_REMOVE_LEGAL_SIGNATURE,R3_STATE_CENTRIC_POLICY,0.018000000000000016,0.006000000000000003,0.03600000000000002,Quick Attack,Quick Attack,True,0.018000000000000016,0.006000000000000003,0.03600000000000002,896,True,4WE,23,V01,PLAYER
4WE_PAIR_005_V01__OPPONENT,R2_REMOVE_SIGNATURE_AND_COMPATIBILITY,R3_STATE_CENTRIC_POLICY,0.018000000000000016,0.006000000000000003,0.03600000000000002,Quick Attack,Quick Attack,True,0.018000000000000016,0.006000000000000003,0.03600000000000002,897,True,4WE,5,V01,OPPONENT
4WE_PAIR_005_V01__PLAYER,R2_REMOVE_SIGNATURE_AND_COMPATIBILITY,R3_STATE_CENTRIC_POLICY,0.018000000000000016,0.006000000000000003,0.03600000000000002,Quick Attack,Quick Attack,True,0.018000000000000016,0.006000000000000003,0.03600000000000002,898,True,4WE,5,V01,PLAYER
4WE_PAIR_006_V04__OPPONENT,R2_REMOVE_SIGNATURE_AND_COMPATIBILITY,R3_STATE_CENTRIC_POLICY,0.018000000000000016,0.006000000000000003,0.03600000000000002,Quick Attack,Quick Attack,True,0.018000000000000016,0.006000000000000003,0.03600000000000002,899,True,4WE,6,V04,OPPONENT
4WE_PAIR_006_V04__PLAYER,R2_REMOVE_SIGNATURE_AND_COMPATIBILITY,R3_STATE_CENTRIC_POLICY,0.018000000000000016,0.006000000000000003,0.03600000000000002,Quick Attack,Quick Attack,True,0.018000000000000016,0.006000000000000003,0.03600000000000002,900,True,4WE,6,V04,PLAYER
4WE_PAIR_011_V04__OPPONENT,R2_REMOVE_SIGNATURE_AND_COMPATIBILITY,R3_STATE_CENTRIC_POLICY,0.018000000000000016,0.006000000000000003,0.03600000000000002,Quick Attack,Quick Attack,True,0.018000000000000016,0.006000000000000003,0.03600000000000002,901,True,4WE,11,V04,OPPONENT
4WE_PAIR_012_V01__OPPONENT,R2_REMOVE_SIGNATURE_AND_COMPATIBILITY,R3_STATE_CENTRIC_POLICY,0.018000000000000016,0.006000000000000003,0.03600000000000002,Quick Attack,Quick Attack,True,0.018000000000000016,0.006000000000000003,0.03600000000000002,902,True,4WE,12,V01,OPPONENT
4WE_PAIR_012_V01__PLAYER,R2_REMOVE_SIGNATURE_AND_COMPATIBILITY,R3_STATE_CENTRIC_POLICY,0.018000000000000016,0.006000000000000003,0.03600000000000002,Quick Attack,Quick Attack,True,0.018000000000000016,0.006000000000000003,0.03600000000000002,903,True,4WE,12,V01,PLAYER
4WE_PAIR_015_V01__PLAYER,R2_REMOVE_SIGNATURE_AND_COMPATIBILITY,R3_STATE_CENTRIC_POLICY,0.018000000000000016,0.006000000000000003,0.03600000000000002,Quick Attack,Quick Attack,True,0.018000000000000016,0.006000000000000003,0.03600000000000002,904,True,4WE,15,V01,PLAYER
4WE_PAIR_016_V01__PLAYER,R2_REMOVE_SIGNATURE_AND_COMPATIBILITY,R3_STATE_CENTRIC_POLICY,0.018000000000000016,0.006000000000000003,0.03600000000000002,Quick Attack,Quick Attack,True,0.018000000000000016,0.006000000000000003,0.03600000000000002,905,True,4WE,16,V01,PLAYER
4WE_PAIR_021_V01__PLAYER,R2_REMOVE_SIGNATURE_AND_COMPATIBILITY,R3_STATE_CENTRIC_POLICY,0.018000000000000016,0.006000000000000003,0.03600000000000002,Quick Attack,Quick Attack,True,0.018000000000000016,0.006000000000000003,0.03600000000000002,906,True,4WE,21,V01,PLAYER
4WE_PAIR_020_V01__PLAYER,R1_REMOVE_LEGAL_SIGNATURE,R3_STATE_CENTRIC_POLICY,0.018000000000000016,0.006000000000000002,0.03600000000000001,Quick Attack,Quick Attack,True,0.018000000000000016,0.006000000000000002,0.03600000000000001,907,True,4WE,20,V01,PLAYER
4WE_PAIR_005_V01__OPPONENT,R0_CURRENT_BASELINE,R1_REMOVE_LEGAL_SIGNATURE,0.018,0.006000000000000002,0.03600000000000001,Quick Attack,Quick Attack,True,0.018,0.006000000000000002,0.03600000000000001,908,True,4WE,5,V01,OPPONENT
4WE_PAIR_005_V04__OPPONENT,R0_CURRENT_BASELINE,R1_REMOVE_LEGAL_SIGNATURE,0.018,0.006000000000000002,0.03600000000000001,Quick Attack,Quick Attack,True,0.018,0.006000000000000002,0.03600000000000001,909,True,4WE,5,V04,OPPONENT
4WE_PAIR_012_V01__OPPONENT,R0_CURRENT_BASELINE,R1_REMOVE_LEGAL_SIGNATURE,0.018,0.006000000000000002,0.03600000000000001,Quick Attack,Quick Attack,True,0.018,0.006000000000000002,0.03600000000000001,910,True,4WE,12,V01,OPPONENT
4WE_PAIR_012_V04__OPPONENT,R0_CURRENT_BASELINE,R1_REMOVE_LEGAL_SIGNATURE,0.018,0.006000000000000002,0.03600000000000001,Quick Attack,Quick Attack,True,0.018,0.006000000000000002,0.03600000000000001,911,True,4WE,12,V04,OPPONENT
4WE_PAIR_020_V03__PLAYER,R1_REMOVE_LEGAL_SIGNATURE,R3_STATE_CENTRIC_POLICY,0.017999999999999905,0.005999999999999985,0.035999999999999914,Quick Attack,Quick Attack,True,0.017999999999999905,0.005999999999999985,0.035999999999999914,912,True,4WE,20,V03,PLAYER
4WE_PAIR_005_V01__PLAYER,R0_CURRENT_BASELINE,R2_REMOVE_SIGNATURE_AND_COMPATIBILITY,0.016000000000000014,0.005333333333333336,0.032000000000000015,Quick Attack,Quick Attack,True,0.016000000000000014,0.005333333333333336,0.032000000000000015,913,True,4WE,5,V01,PLAYER
4WE_PAIR_006_V04__PLAYER,R0_CURRENT_BASELINE,R2_REMOVE_SIGNATURE_AND_COMPATIBILITY,0.016000000000000014,0.005333333333333336,0.032000000000000015,Quick Attack,Quick Attack,True,0.016000000000000014,0.005333333333333336,0.032000000000000015,914,True,4WE,6,V04,PLAYER
4WE_PAIR_012_V01__PLAYER,R0_CURRENT_BASELINE,R2_REMOVE_SIGNATURE_AND_COMPATIBILITY,0.016000000000000014,0.005333333333333336,0.032000000000000015,Quick Attack,Quick Attack,True,0.016000000000000014,0.005333333333333336,0.032000000000000015,915,True,4WE,12,V01,PLAYER
4WE_PAIR_015_V01__PLAYER,R0_CURRENT_BASELINE,R2_REMOVE_SIGNATURE_AND_COMPATIBILITY,0.016000000000000014,0.005333333333333336,0.032000000000000015,Quick Attack,Quick Attack,True,0.016000000000000014,0.005333333333333336,0.032000000000000015,916,True,4WE,15,V01,PLAYER
4WE_PAIR_016_V01__PLAYER,R0_CURRENT_BASELINE,R2_REMOVE_SIGNATURE_AND_COMPATIBILITY,0.016000000000000014,0.005333333333333336,0.032000000000000015,Quick Attack,Quick Attack,True,0.016000000000000014,0.005333333333333336,0.032000000000000015,917,True,4WE,16,V01,PLAYER
4WE_PAIR_021_V01__PLAYER,R0_CURRENT_BASELINE,R2_REMOVE_SIGNATURE_AND_COMPATIBILITY,0.016000000000000014,0.005333333333333336,0.032000000000000015,Quick Attack,Quick Attack,True,0.016000000000000014,0.005333333333333336,0.032000000000000015,918,True,4WE,21,V01,PLAYER
4WE_PAIR_006_V01__PLAYER,R1_REMOVE_LEGAL_SIGNATURE,R3_STATE_CENTRIC_POLICY,0.016000000000000014,0.005333333333333336,0.032000000000000015,Quick Attack,Quick Attack,True,0.016000000000000014,0.005333333333333336,0.032000000000000015,919,True,4WE,6,V01,PLAYER
4WE_PAIR_016_V04__PLAYER,R1_REMOVE_LEGAL_SIGNATURE,R3_STATE_CENTRIC_POLICY,0.016000000000000014,0.005333333333333336,0.032000000000000015,Quick Attack,Quick Attack,True,0.016000000000000014,0.005333333333333336,0.032000000000000015,920,True,4WE,16,V04,PLAYER
4WE_PAIR_005_V04__OPPONENT,R2_REMOVE_SIGNATURE_AND_COMPATIBILITY,R3_STATE_CENTRIC_POLICY,0.016000000000000014,0.005333333333333336,0.032000000000000015,Quick Attack,Quick Attack,True,0.016000000000000014,0.005333333333333336,0.032000000000000015,921,True,4WE,5,V04,OPPONENT
4WE_PAIR_005_V04__PLAYER,R2_REMOVE_SIGNATURE_AND_COMPATIBILITY,R3_STATE_CENTRIC_POLICY,0.016000000000000014,0.005333333333333336,0.032000000000000015,Quick Attack,Quick Attack,True,0.016000000000000014,0.005333333333333336,0.032000000000000015,922,True,4WE,5,V04,PLAYER
4WE_PAIR_011_V04__PLAYER,R2_REMOVE_SIGNATURE_AND_COMPATIBILITY,R3_STATE_CENTRIC_POLICY,0.016000000000000014,0.005333333333333336,0.032000000000000015,Quick Attack,Quick Attack,True,0.016000000000000014,0.005333333333333336,0.032000000000000015,923,True,4WE,11,V04,PLAYER
4WE_PAIR_012_V04__OPPONENT,R2_REMOVE_SIGNATURE_AND_COMPATIBILITY,R3_STATE_CENTRIC_POLICY,0.016000000000000014,0.005333333333333336,0.032000000000000015,Quick Attack,Quick Attack,True,0.016000000000000014,0.005333333333333336,0.032000000000000015,924,True,4WE,12,V04,OPPONENT
4WE_PAIR_012_V04__PLAYER,R2_REMOVE_SIGNATURE_AND_COMPATIBILITY,R3_STATE_CENTRIC_POLICY,0.016000000000000014,0.005333333333333336,0.032000000000000015,Quick Attack,Quick Attack,True,0.016000000000000014,0.005333333333333336,0.032000000000000015,925,True,4WE,12,V04,PLAYER
4WE_PAIR_022_V01__PLAYER,R2_REMOVE_SIGNATURE_AND_COMPATIBILITY,R3_STATE_CENTRIC_POLICY,0.016000000000000014,0.005333333333333336,0.032000000000000015,Quick Attack,Quick Attack,True,0.016000000000000014,0.005333333333333336,0.032000000000000015,926,True,4WE,22,V01,PLAYER
4WE_PAIR_023_V01__PLAYER,R2_REMOVE_SIGNATURE_AND_COMPATIBILITY,R3_STATE_CENTRIC_POLICY,0.016000000000000014,0.005333333333333336,0.032000000000000015,Quick Attack,Quick Attack,True,0.016000000000000014,0.005333333333333336,0.032000000000000015,927,True,4WE,23,V01,PLAYER
4WE_PAIR_016_V03__PLAYER,R1_REMOVE_LEGAL_SIGNATURE,R3_STATE_CENTRIC_POLICY,0.016000000000000014,0.005333333333333319,0.03199999999999992,Quick Attack,Quick Attack,True,0.016000000000000014,0.005333333333333319,0.03199999999999992,928,True,4WE,16,V03,PLAYER
4WE_PAIR_015_V04__PLAYER,R1_REMOVE_LEGAL_SIGNATURE,R3_STATE_CENTRIC_POLICY,0.016,0.005333333333333336,0.032000000000000015,Quick Attack,Quick Attack,True,0.016,0.005333333333333336,0.032000000000000015,929,True,4WE,15,V04,PLAYER
4WE_PAIR_021_V04__PLAYER,R1_REMOVE_LEGAL_SIGNATURE,R3_STATE_CENTRIC_POLICY,0.016,0.005333333333333336,0.032000000000000015,Quick Attack,Quick Attack,True,0.016,0.005333333333333336,0.032000000000000015,930,True,4WE,21,V04,PLAYER
4WE_PAIR_005_V01__OPPONENT,R0_CURRENT_BASELINE,R2_REMOVE_SIGNATURE_AND_COMPATIBILITY,0.016,0.005333333333333335,0.03200000000000001,Quick Attack,Quick Attack,True,0.016,0.005333333333333335,0.03200000000000001,931,True,4WE,5,V01,OPPONENT
4WE_PAIR_005_V04__OPPONENT,R0_CURRENT_BASELINE,R2_REMOVE_SIGNATURE_AND_COMPATIBILITY,0.016,0.005333333333333335,0.03200000000000001,Quick Attack,Quick Attack,True,0.016,0.005333333333333335,0.03200000000000001,932,True,4WE,5,V04,OPPONENT
4WE_PAIR_012_V01__OPPONENT,R0_CURRENT_BASELINE,R2_REMOVE_SIGNATURE_AND_COMPATIBILITY,0.016,0.005333333333333335,0.03200000000000001,Quick Attack,Quick Attack,True,0.016,0.005333333333333335,0.03200000000000001,933,True,4WE,12,V01,OPPONENT
4WE_PAIR_012_V04__OPPONENT,R0_CURRENT_BASELINE,R2_REMOVE_SIGNATURE_AND_COMPATIBILITY,0.016,0.005333333333333335,0.03200000000000001,Quick Attack,Quick Attack,True,0.016,0.005333333333333335,0.03200000000000001,934,True,4WE,12,V04,OPPONENT
4WE_PAIR_015_V01__OPPONENT,R0_CURRENT_BASELINE,R2_REMOVE_SIGNATURE_AND_COMPATIBILITY,0.016,0.005333333333333335,0.03200000000000001,Quick Attack,Quick Attack,True,0.016,0.005333333333333335,0.03200000000000001,935,True,4WE,15,V01,OPPONENT
4WE_PAIR_015_V04__OPPONENT,R0_CURRENT_BASELINE,R2_REMOVE_SIGNATURE_AND_COMPATIBILITY,0.016,0.005333333333333335,0.03200000000000001,Quick Attack,Quick Attack,True,0.016,0.005333333333333335,0.03200000000000001,936,True,4WE,15,V04,OPPONENT
4WE_PAIR_016_V01__OPPONENT,R0_CURRENT_BASELINE,R2_REMOVE_SIGNATURE_AND_COMPATIBILITY,0.016,0.005333333333333335,0.03200000000000001,Quick Attack,Quick Attack,True,0.016,0.005333333333333335,0.03200000000000001,937,True,4WE,16,V01,OPPONENT
4WE_PAIR_016_V04__OPPONENT,R0_CURRENT_BASELINE,R2_REMOVE_SIGNATURE_AND_COMPATIBILITY,0.016,0.005333333333333335,0.03200000000000001,Quick Attack,Quick Attack,True,0.016,0.005333333333333335,0.03200000000000001,938,True,4WE,16,V04,OPPONENT
4WE_PAIR_021_V01__OPPONENT,R0_CURRENT_BASELINE,R2_REMOVE_SIGNATURE_AND_COMPATIBILITY,0.016,0.005333333333333335,0.03200000000000001,Quick Attack,Quick Attack,True,0.016,0.005333333333333335,0.03200000000000001,939,True,4WE,21,V01,OPPONENT
4WE_PAIR_021_V04__OPPONENT,R0_CURRENT_BASELINE,R2_REMOVE_SIGNATURE_AND_COMPATIBILITY,0.016,0.005333333333333335,0.03200000000000001,Quick Attack,Quick Attack,True,0.016,0.005333333333333335,0.03200000000000001,940,True,4WE,21,V04,OPPONENT
4WE_PAIR_005_V01__PLAYER,R1_REMOVE_LEGAL_SIGNATURE,R3_STATE_CENTRIC_POLICY,0.014000000000000012,0.005333333333333336,0.032000000000000015,Quick Attack,Quick Attack,True,0.014000000000000012,0.005333333333333336,0.032000000000000015,941,True,4WE,5,V01,PLAYER
4WE_PAIR_012_V01__PLAYER,R1_REMOVE_LEGAL_SIGNATURE,R3_STATE_CENTRIC_POLICY,0.014000000000000012,0.005333333333333336,0.032000000000000015,Quick Attack,Quick Attack,True,0.014000000000000012,0.005333333333333336,0.032000000000000015,942,True,4WE,12,V01,PLAYER
4WE_PAIR_016_V01__OPPONENT,R1_REMOVE_LEGAL_SIGNATURE,R3_STATE_CENTRIC_POLICY,0.014000000000000012,0.00466666666666667,0.028000000000000018,Quick Attack,Quick Attack,True,0.014000000000000012,0.00466666666666667,0.028000000000000018,943,True,4WE,16,V01,OPPONENT
4WE_PAIR_020_V03__OPPONENT,R1_REMOVE_LEGAL_SIGNATURE,R3_STATE_CENTRIC_POLICY,0.014000000000000012,0.00466666666666667,0.028000000000000018,Quick Attack,Quick Attack,True,0.014000000000000012,0.00466666666666667,0.028000000000000018,944,True,4WE,20,V03,OPPONENT
4WE_PAIR_006_V04__PLAYER,R1_REMOVE_LEGAL_SIGNATURE,R3_STATE_CENTRIC_POLICY,0.014000000000000012,0.004666666666666669,0.028000000000000014,Quick Attack,Quick Attack,True,0.014000000000000012,0.004666666666666669,0.028000000000000014,945,True,4WE,6,V04,PLAYER
4WE_PAIR_023_V04__PLAYER,R1_REMOVE_LEGAL_SIGNATURE,R3_STATE_CENTRIC_POLICY,0.014000000000000012,0.004666666666666669,0.028000000000000014,Quick Attack,Quick Attack,True,0.014000000000000012,0.004666666666666669,0.028000000000000014,946,True,4WE,23,V04,PLAYER
4WE_PAIR_006_V01__PLAYER,R0_CURRENT_BASELINE,R2_REMOVE_SIGNATURE_AND_COMPATIBILITY,0.014000000000000012,0.004666666666666669,0.02800000000000001,Quick Attack,Quick Attack,True,0.014000000000000012,0.004666666666666669,0.02800000000000001,947,True,4WE,6,V01,PLAYER
4WE_PAIR_006_V01__OPPONENT,R1_REMOVE_LEGAL_SIGNATURE,R3_STATE_CENTRIC_POLICY,0.014000000000000012,0.004666666666666669,0.02800000000000001,Quick Attack,Quick Attack,True,0.014000000000000012,0.004666666666666669,0.02800000000000001,948,True,4WE,6,V01,OPPONENT
4WE_PAIR_022_V04__PLAYER,R2_REMOVE_SIGNATURE_AND_COMPATIBILITY,R3_STATE_CENTRIC_POLICY,0.014000000000000012,0.004666666666666669,0.02800000000000001,Quick Attack,Quick Attack,True,0.014000000000000012,0.004666666666666669,0.02800000000000001,949,True,4WE,22,V04,PLAYER
4WE_PAIR_015_V03__PLAYER,R1_REMOVE_LEGAL_SIGNATURE,R3_STATE_CENTRIC_POLICY,0.014000000000000012,0.004666666666666652,0.027999999999999914,Quick Attack,Quick Attack,True,0.014000000000000012,0.004666666666666652,0.027999999999999914,950,True,4WE,15,V03,PLAYER
4WE_PAIR_021_V03__PLAYER,R1_REMOVE_LEGAL_SIGNATURE,R3_STATE_CENTRIC_POLICY,0.014000000000000012,0.004666666666666652,0.027999999999999914,Quick Attack,Quick Attack,True,0.014000000000000012,0.004666666666666652,0.027999999999999914,951,True,4WE,21,V03,PLAYER
4WE_PAIR_006_V01__OPPONENT,R0_CURRENT_BASELINE,R2_REMOVE_SIGNATURE_AND_COMPATIBILITY,0.014,0.004666666666666668,0.028000000000000008,Quick Attack,Quick Attack,True,0.014,0.004666666666666668,0.028000000000000008,952,True,4WE,6,V01,OPPONENT
4WE_PAIR_006_V04__OPPONENT,R0_CURRENT_BASELINE,R2_REMOVE_SIGNATURE_AND_COMPATIBILITY,0.014,0.004666666666666668,0.028000000000000008,Quick Attack,Quick Attack,True,0.014,0.004666666666666668,0.028000000000000008,953,True,4WE,6,V04,OPPONENT
4WE_PAIR_004_V04__PLAYER,R1_REMOVE_LEGAL_SIGNATURE,R2_REMOVE_SIGNATURE_AND_COMPATIBILITY,0.013999999999999999,0.005333333333333336,0.032000000000000015,Quick Attack,Quick Attack,True,0.013999999999999999,0.005333333333333336,0.032000000000000015,954,True,4WE,4,V04,PLAYER
4WE_PAIR_011_V03__PLAYER,R1_REMOVE_LEGAL_SIGNATURE,R3_STATE_CENTRIC_POLICY,0.013999999999999901,0.0046666666666666514,0.027999999999999907,Quick Attack,Quick Attack,True,0.013999999999999901,0.0046666666666666514,0.027999999999999907,955,True,4WE,11,V03,PLAYER
4WE_PAIR_005_V04__PLAYER,R1_REMOVE_LEGAL_SIGNATURE,R3_STATE_CENTRIC_POLICY,0.01200000000000001,0.004666666666666669,0.02800000000000001,Quick Attack,Quick Attack,True,0.01200000000000001,0.004666666666666669,0.02800000000000001,956,True,4WE,5,V04,PLAYER
4WE_PAIR_012_V04__PLAYER,R1_REMOVE_LEGAL_SIGNATURE,R3_STATE_CENTRIC_POLICY,0.01200000000000001,0.004666666666666669,0.02800000000000001,Quick Attack,Quick Attack,True,0.01200000000000001,0.004666666666666669,0.02800000000000001,957,True,4WE,12,V04,PLAYER
4WE_PAIR_015_V03__OPPONENT,R1_REMOVE_LEGAL_SIGNATURE,R3_STATE_CENTRIC_POLICY,0.01200000000000001,0.0040000000000000036,0.02400000000000002,Quick Attack,Quick Attack,True,0.01200000000000001,0.0040000000000000036,0.02400000000000002,958,True,4WE,15,V03,OPPONENT
4WE_PAIR_021_V03__OPPONENT,R1_REMOVE_LEGAL_SIGNATURE,R3_STATE_CENTRIC_POLICY,0.01200000000000001,0.0040000000000000036,0.02400000000000002,Quick Attack,Quick Attack,True,0.01200000000000001,0.0040000000000000036,0.02400000000000002,959,True,4WE,21,V03,OPPONENT
4WE_PAIR_005_V01__OPPONENT,R1_REMOVE_LEGAL_SIGNATURE,R3_STATE_CENTRIC_POLICY,0.01200000000000001,0.004000000000000003,0.024000000000000014,Quick Attack,Quick Attack,True,0.01200000000000001,0.004000000000000003,0.024000000000000014,960,True,4WE,5,V01,OPPONENT
4WE_PAIR_006_V04__OPPONENT,R1_REMOVE_LEGAL_SIGNATURE,R3_STATE_CENTRIC_POLICY,0.01200000000000001,0.004000000000000003,0.024000000000000014,Quick Attack,Quick Attack,True,0.01200000000000001,0.004000000000000003,0.024000000000000014,961,True,4WE,6,V04,OPPONENT
4WE_PAIR_011_V03__OPPONENT,R1_REMOVE_LEGAL_SIGNATURE,R3_STATE_CENTRIC_POLICY,0.01200000000000001,0.004000000000000003,0.024000000000000014,Quick Attack,Quick Attack,True,0.01200000000000001,0.004000000000000003,0.024000000000000014,962,True,4WE,11,V03,OPPONENT
4WE_PAIR_012_V01__OPPONENT,R1_REMOVE_LEGAL_SIGNATURE,R3_STATE_CENTRIC_POLICY,0.01200000000000001,0.004000000000000003,0.024000000000000014,Quick Attack,Quick Attack,True,0.01200000000000001,0.004000000000000003,0.024000000000000014,963,True,4WE,12,V01,OPPONENT
4WE_PAIR_016_V04__OPPONENT,R1_REMOVE_LEGAL_SIGNATURE,R3_STATE_CENTRIC_POLICY,0.01200000000000001,0.004000000000000003,0.024000000000000014,Quick Attack,Quick Attack,True,0.01200000000000001,0.004000000000000003,0.024000000000000014,964,True,4WE,16,V04,OPPONENT
4WE_PAIR_023_V04__PLAYER,R2_REMOVE_SIGNATURE_AND_COMPATIBILITY,R3_STATE_CENTRIC_POLICY,0.01200000000000001,0.004000000000000002,0.02400000000000001,Quick Attack,Quick Attack,True,0.01200000000000001,0.004000000000000002,0.02400000000000001,965,True,4WE,23,V04,PLAYER
4WE_PAIR_015_V01__OPPONENT,R1_REMOVE_LEGAL_SIGNATURE,R3_STATE_CENTRIC_POLICY,0.01200000000000001,0.004000000000000001,0.024000000000000007,Quick Attack,Quick Attack,True,0.01200000000000001,0.004000000000000001,0.024000000000000007,966,True,4WE,15,V01,OPPONENT
4WE_PAIR_016_V01__PLAYER,R1_REMOVE_LEGAL_SIGNATURE,R3_STATE_CENTRIC_POLICY,0.01200000000000001,0.004000000000000001,0.024000000000000007,Quick Attack,Quick Attack,True,0.01200000000000001,0.004000000000000001,0.024000000000000007,967,True,4WE,16,V01,PLAYER
4WE_PAIR_021_V01__OPPONENT,R1_REMOVE_LEGAL_SIGNATURE,R3_STATE_CENTRIC_POLICY,0.01200000000000001,0.004000000000000001,0.024000000000000007,Quick Attack,Quick Attack,True,0.01200000000000001,0.004000000000000001,0.024000000000000007,968,True,4WE,21,V01,OPPONENT
4WE_PAIR_022_V01__OPPONENT,R1_REMOVE_LEGAL_SIGNATURE,R3_STATE_CENTRIC_POLICY,0.01200000000000001,0.004000000000000001,0.024000000000000007,Quick Attack,Quick Attack,True,0.01200000000000001,0.004000000000000001,0.024000000000000007,969,True,4WE,22,V01,OPPONENT
4WE_PAIR_022_V04__OPPONENT,R1_REMOVE_LEGAL_SIGNATURE,R3_STATE_CENTRIC_POLICY,0.01200000000000001,0.004000000000000001,0.024000000000000007,Quick Attack,Quick Attack,True,0.01200000000000001,0.004000000000000001,0.024000000000000007,970,True,4WE,22,V04,OPPONENT
4WE_PAIR_023_V01__OPPONENT,R1_REMOVE_LEGAL_SIGNATURE,R3_STATE_CENTRIC_POLICY,0.01200000000000001,0.004000000000000001,0.024000000000000007,Quick Attack,Quick Attack,True,0.01200000000000001,0.004000000000000001,0.024000000000000007,971,True,4WE,23,V01,OPPONENT
4WE_PAIR_006_V03__PLAYER,R1_REMOVE_LEGAL_SIGNATURE,R3_STATE_CENTRIC_POLICY,0.01200000000000001,0.003999999999999985,0.02399999999999991,Quick Attack,Quick Attack,True,0.01200000000000001,0.003999999999999985,0.02399999999999991,972,True,4WE,6,V03,PLAYER
4WE_PAIR_016_V03__OPPONENT,R1_REMOVE_LEGAL_SIGNATURE,R3_STATE_CENTRIC_POLICY,0.01200000000000001,0.003999999999999985,0.02399999999999991,Quick Attack,Quick Attack,True,0.01200000000000001,0.003999999999999985,0.02399999999999991,973,True,4WE,16,V03,OPPONENT
4WE_PAIR_015_V01__PLAYER,R1_REMOVE_LEGAL_SIGNATURE,R3_STATE_CENTRIC_POLICY,0.012,0.004000000000000001,0.024000000000000007,Quick Attack,Quick Attack,True,0.012,0.004000000000000001,0.024000000000000007,974,True,4WE,15,V01,PLAYER
4WE_PAIR_021_V01__PLAYER,R1_REMOVE_LEGAL_SIGNATURE,R3_STATE_CENTRIC_POLICY,0.012,0.004000000000000001,0.024000000000000007,Quick Attack,Quick Attack,True,0.012,0.004000000000000001,0.024000000000000007,975,True,4WE,21,V01,PLAYER
4WE_PAIR_004_V01__OPPONENT,R1_REMOVE_LEGAL_SIGNATURE,R2_REMOVE_SIGNATURE_AND_COMPATIBILITY,0.011999999999999997,0.004666666666666667,0.028000000000000004,Quick Attack,Quick Attack,True,0.011999999999999997,0.004666666666666667,0.028000000000000004,976,True,4WE,4,V01,OPPONENT
4WE_PAIR_004_V04__OPPONENT,R1_REMOVE_LEGAL_SIGNATURE,R2_REMOVE_SIGNATURE_AND_COMPATIBILITY,0.011999999999999997,0.004666666666666667,0.028000000000000004,Quick Attack,Quick Attack,True,0.011999999999999997,0.004666666666666667,0.028000000000000004,977,True,4WE,4,V04,OPPONENT
4WE_PAIR_022_V03__PLAYER,R1_REMOVE_LEGAL_SIGNATURE,R3_STATE_CENTRIC_POLICY,0.0119999999999999,0.003999999999999984,0.023999999999999903,Quick Attack,Quick Attack,True,0.0119999999999999,0.003999999999999984,0.023999999999999903,978,True,4WE,22,V03,PLAYER
4WE_PAIR_011_V02__PLAYER,R1_REMOVE_LEGAL_SIGNATURE,R3_STATE_CENTRIC_POLICY,0.0119999999999999,0.003999999999999979,0.023999999999999876,Quick Attack,Quick Attack,True,0.0119999999999999,0.003999999999999979,0.023999999999999876,979,True,4WE,11,V02,PLAYER
4WE_PAIR_006_V02__PLAYER,R1_REMOVE_LEGAL_SIGNATURE,R3_STATE_CENTRIC_POLICY,0.010000000000000009,0.003333333333333336,0.020000000000000018,Quick Attack,Quick Attack,True,0.010000000000000009,0.003333333333333336,0.020000000000000018,980,True,4WE,6,V02,PLAYER
4WE_PAIR_005_V04__OPPONENT,R1_REMOVE_LEGAL_SIGNATURE,R3_STATE_CENTRIC_POLICY,0.010000000000000009,0.0033333333333333353,0.02000000000000001,Quick Attack,Quick Attack,True,0.010000000000000009,0.0033333333333333353,0.02000000000000001,981,True,4WE,5,V04,OPPONENT
4WE_PAIR_012_V04__OPPONENT,R1_REMOVE_LEGAL_SIGNATURE,R3_STATE_CENTRIC_POLICY,0.010000000000000009,0.0033333333333333353,0.02000000000000001,Quick Attack,Quick Attack,True,0.010000000000000009,0.0033333333333333353,0.02000000000000001,982,True,4WE,12,V04,OPPONENT
4WE_PAIR_015_V04__OPPONENT,R1_REMOVE_LEGAL_SIGNATURE,R3_STATE_CENTRIC_POLICY,0.010000000000000009,0.0033333333333333353,0.02000000000000001,Quick Attack,Quick Attack,True,0.010000000000000009,0.0033333333333333353,0.02000000000000001,983,True,4WE,15,V04,OPPONENT
4WE_PAIR_020_V02__OPPONENT,R1_REMOVE_LEGAL_SIGNATURE,R3_STATE_CENTRIC_POLICY,0.010000000000000009,0.0033333333333333353,0.02000000000000001,Quick Attack,Quick Attack,True,0.010000000000000009,0.0033333333333333353,0.02000000000000001,984,True,4WE,20,V02,OPPONENT
4WE_PAIR_021_V04__OPPONENT,R1_REMOVE_LEGAL_SIGNATURE,R3_STATE_CENTRIC_POLICY,0.010000000000000009,0.0033333333333333353,0.02000000000000001,Quick Attack,Quick Attack,True,0.010000000000000009,0.0033333333333333353,0.02000000000000001,985,True,4WE,21,V04,OPPONENT
4WE_PAIR_023_V04__OPPONENT,R1_REMOVE_LEGAL_SIGNATURE,R3_STATE_CENTRIC_POLICY,0.010000000000000009,0.0033333333333333353,0.02000000000000001,Quick Attack,Quick Attack,True,0.010000000000000009,0.0033333333333333353,0.02000000000000001,986,True,4WE,23,V04,OPPONENT
4WE_PAIR_015_V01__OPPONENT,R1_REMOVE_LEGAL_SIGNATURE,R2_REMOVE_SIGNATURE_AND_COMPATIBILITY,0.010000000000000009,0.0033333333333333344,0.020000000000000007,Quick Attack,Quick Attack,True,0.010000000000000009,0.0033333333333333344,0.020000000000000007,987,True,4WE,15,V01,OPPONENT
4WE_PAIR_015_V04__OPPONENT,R1_REMOVE_LEGAL_SIGNATURE,R2_REMOVE_SIGNATURE_AND_COMPATIBILITY,0.010000000000000009,0.0033333333333333344,0.020000000000000007,Quick Attack,Quick Attack,True,0.010000000000000009,0.0033333333333333344,0.020000000000000007,988,True,4WE,15,V04,OPPONENT
4WE_PAIR_021_V01__OPPONENT,R1_REMOVE_LEGAL_SIGNATURE,R2_REMOVE_SIGNATURE_AND_COMPATIBILITY,0.010000000000000009,0.0033333333333333344,0.020000000000000007,Quick Attack,Quick Attack,True,0.010000000000000009,0.0033333333333333344,0.020000000000000007,989,True,4WE,21,V01,OPPONENT
4WE_PAIR_021_V04__OPPONENT,R1_REMOVE_LEGAL_SIGNATURE,R2_REMOVE_SIGNATURE_AND_COMPATIBILITY,0.010000000000000009,0.0033333333333333344,0.020000000000000007,Quick Attack,Quick Attack,True,0.010000000000000009,0.0033333333333333344,0.020000000000000007,990,True,4WE,21,V04,OPPONENT
4WE_PAIR_005_V03__OPPONENT,R1_REMOVE_LEGAL_SIGNATURE,R3_STATE_CENTRIC_POLICY,0.010000000000000009,0.003333333333333318,0.019999999999999907,Quick Attack,Quick Attack,True,0.010000000000000009,0.003333333333333318,0.019999999999999907,991,True,4WE,5,V03,OPPONENT
4WE_PAIR_005_V03__PLAYER,R1_REMOVE_LEGAL_SIGNATURE,R3_STATE_CENTRIC_POLICY,0.010000000000000009,0.003333333333333318,0.019999999999999907,Quick Attack,Quick Attack,True,0.010000000000000009,0.003333333333333318,0.019999999999999907,992,True,4WE,5,V03,PLAYER
4WE_PAIR_006_V03__OPPONENT,R1_REMOVE_LEGAL_SIGNATURE,R3_STATE_CENTRIC_POLICY,0.010000000000000009,0.003333333333333318,0.019999999999999907,Quick Attack,Quick Attack,True,0.010000000000000009,0.003333333333333318,0.019999999999999907,993,True,4WE,6,V03,OPPONENT
4WE_PAIR_012_V03__OPPONENT,R1_REMOVE_LEGAL_SIGNATURE,R3_STATE_CENTRIC_POLICY,0.010000000000000009,0.003333333333333318,0.019999999999999907,Quick Attack,Quick Attack,True,0.010000000000000009,0.003333333333333318,0.019999999999999907,994,True,4WE,12,V03,OPPONENT
4WE_PAIR_012_V03__PLAYER,R1_REMOVE_LEGAL_SIGNATURE,R3_STATE_CENTRIC_POLICY,0.010000000000000009,0.003333333333333318,0.019999999999999907,Quick Attack,Quick Attack,True,0.010000000000000009,0.003333333333333318,0.019999999999999907,995,True,4WE,12,V03,PLAYER
4WE_PAIR_020_V01__OPPONENT,R1_REMOVE_LEGAL_SIGNATURE,R2_REMOVE_SIGNATURE_AND_COMPATIBILITY,0.009999999999999998,0.003333333333333334,0.020000000000000004,Quick Attack,Quick Attack,True,0.009999999999999998,0.003333333333333334,0.020000000000000004,996,True,4WE,20,V01,OPPONENT
4WE_PAIR_020_V04__OPPONENT,R1_REMOVE_LEGAL_SIGNATURE,R2_REMOVE_SIGNATURE_AND_COMPATIBILITY,0.009999999999999998,0.003333333333333334,0.020000000000000004,Quick Attack,Quick Attack,True,0.009999999999999998,0.003333333333333334,0.020000000000000004,997,True,4WE,20,V04,OPPONENT
4WE_PAIR_003_V04__PLAYER,R1_REMOVE_LEGAL_SIGNATURE,R2_REMOVE_SIGNATURE_AND_COMPATIBILITY,0.009999999999999995,0.004,0.024,Quick Attack,Quick Attack,True,0.009999999999999995,0.004,0.024,998,True,4WE,3,V04,PLAYER
4WE_PAIR_004_V01__PLAYER,R1_REMOVE_LEGAL_SIGNATURE,R2_REMOVE_SIGNATURE_AND_COMPATIBILITY,0.009999999999999995,0.004,0.024,Quick Attack,Quick Attack,True,0.009999999999999995,0.004,0.024,999,True,4WE,4,V01,PLAYER
4WE_PAIR_010_V04__PLAYER,R1_REMOVE_LEGAL_SIGNATURE,R2_REMOVE_SIGNATURE_AND_COMPATIBILITY,0.009999999999999995,0.004,0.024,Quick Attack,Quick Attack,True,0.009999999999999995,0.004,0.024,1000,True,4WE,10,V04,PLAYER
4WE_PAIR_020_V02__PLAYER,R1_REMOVE_LEGAL_SIGNATURE,R3_STATE_CENTRIC_POLICY,0.009999999999999898,0.0033333333333333166,0.0199999999999999,Quick Attack,Quick Attack,True,0.009999999999999898,0.0033333333333333166,0.0199999999999999,1001,True,4WE,20,V02,PLAYER
4WE_PAIR_022_V03__OPPONENT,R1_REMOVE_LEGAL_SIGNATURE,R3_STATE_CENTRIC_POLICY,0.009999999999999898,0.0033333333333333166,0.0199999999999999,Quick Attack,Quick Attack,True,0.009999999999999898,0.0033333333333333166,0.0199999999999999,1002,True,4WE,22,V03,OPPONENT
4WE_PAIR_001_V04__PLAYER,R1_REMOVE_LEGAL_SIGNATURE,R2_REMOVE_SIGNATURE_AND_COMPATIBILITY,0.008000000000000007,0.0033333333333333353,0.02000000000000001,Quick Attack,Quick Attack,True,0.008000000000000007,0.0033333333333333353,0.02000000000000001,1003,True,4WE,1,V04,PLAYER
4WE_PAIR_008_V04__PLAYER,R1_REMOVE_LEGAL_SIGNATURE,R2_REMOVE_SIGNATURE_AND_COMPATIBILITY,0.008000000000000007,0.0033333333333333353,0.02000000000000001,Quick Attack,Quick Attack,True,0.008000000000000007,0.0033333333333333353,0.02000000000000001,1004,True,4WE,8,V04,PLAYER
4WE_PAIR_007_V04__PLAYER,R1_REMOVE_LEGAL_SIGNATURE,R2_REMOVE_SIGNATURE_AND_COMPATIBILITY,0.008000000000000007,0.0033333333333333327,0.019999999999999997,Quick Attack,Quick Attack,True,0.008000000000000007,0.0033333333333333327,0.019999999999999997,1005,True,4WE,7,V04,PLAYER
4WE_PAIR_005_V02__PLAYER,R1_REMOVE_LEGAL_SIGNATURE,R3_STATE_CENTRIC_POLICY,0.008000000000000007,0.002666666666666669,0.016000000000000014,Quick Attack,Quick Attack,True,0.008000000000000007,0.002666666666666669,0.016000000000000014,1006,True,4WE,5,V02,PLAYER
4WE_PAIR_012_V02__PLAYER,R1_REMOVE_LEGAL_SIGNATURE,R3_STATE_CENTRIC_POLICY,0.008000000000000007,0.002666666666666669,0.016000000000000014,Quick Attack,Quick Attack,True,0.008000000000000007,0.002666666666666669,0.016000000000000014,1007,True,4WE,12,V02,PLAYER
4WE_PAIR_016_V02__PLAYER,R1_REMOVE_LEGAL_SIGNATURE,R3_STATE_CENTRIC_POLICY,0.008000000000000007,0.002666666666666669,0.016000000000000014,Quick Attack,Quick Attack,True,0.008000000000000007,0.002666666666666669,0.016000000000000014,1008,True,4WE,16,V02,PLAYER
4WE_PAIR_015_V01__PLAYER,R1_REMOVE_LEGAL_SIGNATURE,R2_REMOVE_SIGNATURE_AND_COMPATIBILITY,0.008000000000000007,0.002666666666666668,0.016000000000000007,Quick Attack,Quick Attack,True,0.008000000000000007,0.002666666666666668,0.016000000000000007,1009,True,4WE,15,V01,PLAYER
4WE_PAIR_016_V01__OPPONENT,R1_REMOVE_LEGAL_SIGNATURE,R2_REMOVE_SIGNATURE_AND_COMPATIBILITY,0.008000000000000007,0.002666666666666668,0.016000000000000007,Quick Attack,Quick Attack,True,0.008000000000000007,0.002666666666666668,0.016000000000000007,1010,True,4WE,16,V01,OPPONENT
4WE_PAIR_016_V04__OPPONENT,R1_REMOVE_LEGAL_SIGNATURE,R2_REMOVE_SIGNATURE_AND_COMPATIBILITY,0.008000000000000007,0.002666666666666668,0.016000000000000007,Quick Attack,Quick Attack,True,0.008000000000000007,0.002666666666666668,0.016000000000000007,1011,True,4WE,16,V04,OPPONENT
4WE_PAIR_021_V01__PLAYER,R1_REMOVE_LEGAL_SIGNATURE,R2_REMOVE_SIGNATURE_AND_COMPATIBILITY,0.008000000000000007,0.002666666666666668,0.016000000000000007,Quick Attack,Quick Attack,True,0.008000000000000007,0.002666666666666668,0.016000000000000007,1012,True,4WE,21,V01,PLAYER
4WE_PAIR_022_V01__OPPONENT,R2_REMOVE_SIGNATURE_AND_COMPATIBILITY,R3_STATE_CENTRIC_POLICY,0.008000000000000007,0.002666666666666668,0.016000000000000007,Quick Attack,Quick Attack,True,0.008000000000000007,0.002666666666666668,0.016000000000000007,1013,True,4WE,22,V01,OPPONENT
4WE_PAIR_022_V04__OPPONENT,R2_REMOVE_SIGNATURE_AND_COMPATIBILITY,R3_STATE_CENTRIC_POLICY,0.008000000000000007,0.002666666666666668,0.016000000000000007,Quick Attack,Quick Attack,True,0.008000000000000007,0.002666666666666668,0.016000000000000007,1014,True,4WE,22,V04,OPPONENT
4WE_PAIR_023_V01__OPPONENT,R2_REMOVE_SIGNATURE_AND_COMPATIBILITY,R3_STATE_CENTRIC_POLICY,0.008000000000000007,0.002666666666666668,0.016000000000000007,Quick Attack,Quick Attack,True,0.008000000000000007,0.002666666666666668,0.016000000000000007,1015,True,4WE,23,V01,OPPONENT
4WE_PAIR_015_V02__OPPONENT,R1_REMOVE_LEGAL_SIGNATURE,R3_STATE_CENTRIC_POLICY,0.008000000000000007,0.0026666666666666505,0.015999999999999903,Quick Attack,Quick Attack,True,0.008000000000000007,0.0026666666666666505,0.015999999999999903,1016,True,4WE,15,V02,OPPONENT
4WE_PAIR_016_V02__OPPONENT,R1_REMOVE_LEGAL_SIGNATURE,R3_STATE_CENTRIC_POLICY,0.008000000000000007,0.0026666666666666505,0.015999999999999903,Quick Attack,Quick Attack,True,0.008000000000000007,0.0026666666666666505,0.015999999999999903,1017,True,4WE,16,V02,OPPONENT
4WE_PAIR_021_V02__OPPONENT,R1_REMOVE_LEGAL_SIGNATURE,R3_STATE_CENTRIC_POLICY,0.008000000000000007,0.0026666666666666505,0.015999999999999903,Quick Attack,Quick Attack,True,0.008000000000000007,0.0026666666666666505,0.015999999999999903,1018,True,4WE,21,V02,OPPONENT
4WE_PAIR_022_V02__PLAYER,R1_REMOVE_LEGAL_SIGNATURE,R3_STATE_CENTRIC_POLICY,0.007999999999999998,0.002666666666666668,0.016000000000000007,Quick Attack,Quick Attack,True,0.007999999999999998,0.002666666666666668,0.016000000000000007,1019,True,4WE,22,V02,PLAYER
4WE_PAIR_023_V02__PLAYER,R1_REMOVE_LEGAL_SIGNATURE,R3_STATE_CENTRIC_POLICY,0.007999999999999998,0.002666666666666668,0.016000000000000007,Quick Attack,Quick Attack,True,0.007999999999999998,0.002666666666666668,0.016000000000000007,1020,True,4WE,23,V02,PLAYER
4WE_PAIR_023_V02__OPPONENT,R1_REMOVE_LEGAL_SIGNATURE,R3_STATE_CENTRIC_POLICY,0.007999999999999998,0.002666666666666663,0.01599999999999998,Quick Attack,Quick Attack,True,0.007999999999999998,0.002666666666666663,0.01599999999999998,1021,True,4WE,23,V02,OPPONENT
4WE_PAIR_011_V02__OPPONENT,R1_REMOVE_LEGAL_SIGNATURE,R3_STATE_CENTRIC_POLICY,0.007999999999999998,0.0026666666666666492,0.015999999999999896,Quick Attack,Quick Attack,True,0.007999999999999998,0.0026666666666666492,0.015999999999999896,1022,True,4WE,11,V02,OPPONENT
4WE_PAIR_023_V03__OPPONENT,R1_REMOVE_LEGAL_SIGNATURE,R3_STATE_CENTRIC_POLICY,0.007999999999999998,0.0026666666666666492,0.015999999999999896,Quick Attack,Quick Attack,True,0.007999999999999998,0.0026666666666666492,0.015999999999999896,1023,True,4WE,23,V03,OPPONENT
4WE_PAIR_023_V03__PLAYER,R1_REMOVE_LEGAL_SIGNATURE,R3_STATE_CENTRIC_POLICY,0.007999999999999998,0.0026666666666666492,0.015999999999999896,Quick Attack,Quick Attack,True,0.007999999999999998,0.0026666666666666492,0.015999999999999896,1024,True,4WE,23,V03,PLAYER
4WE_PAIR_022_V02__OPPONENT,R1_REMOVE_LEGAL_SIGNATURE,R3_STATE_CENTRIC_POLICY,0.007999999999999998,0.002666666666666645,0.01599999999999987,Quick Attack,Quick Attack,True,0.007999999999999998,0.002666666666666645,0.01599999999999987,1025,True,4WE,22,V02,OPPONENT
4WE_PAIR_003_V01__OPPONENT,R1_REMOVE_LEGAL_SIGNATURE,R2_REMOVE_SIGNATURE_AND_COMPATIBILITY,0.007999999999999993,0.0033333333333333327,0.019999999999999997,Quick Attack,Quick Attack,True,0.007999999999999993,0.0033333333333333327,0.019999999999999997,1026,True,4WE,3,V01,OPPONENT
4WE_PAIR_003_V04__OPPONENT,R1_REMOVE_LEGAL_SIGNATURE,R2_REMOVE_SIGNATURE_AND_COMPATIBILITY,0.007999999999999993,0.0033333333333333327,0.019999999999999997,Quick Attack,Quick Attack,True,0.007999999999999993,0.0033333333333333327,0.019999999999999997,1027,True,4WE,3,V04,OPPONENT
4WE_PAIR_010_V01__OPPONENT,R1_REMOVE_LEGAL_SIGNATURE,R2_REMOVE_SIGNATURE_AND_COMPATIBILITY,0.007999999999999993,0.0033333333333333327,0.019999999999999997,Quick Attack,Quick Attack,True,0.007999999999999993,0.0033333333333333327,0.019999999999999997,1028,True,4WE,10,V01,OPPONENT
4WE_PAIR_010_V04__OPPONENT,R1_REMOVE_LEGAL_SIGNATURE,R2_REMOVE_SIGNATURE_AND_COMPATIBILITY,0.007999999999999993,0.0033333333333333327,0.019999999999999997,Quick Attack,Quick Attack,True,0.007999999999999993,0.0033333333333333327,0.019999999999999997,1029,True,4WE,10,V04,OPPONENT
4WE_PAIR_001_V01__OPPONENT,R1_REMOVE_LEGAL_SIGNATURE,R2_REMOVE_SIGNATURE_AND_COMPATIBILITY,0.006000000000000005,0.002666666666666668,0.016000000000000007,Quick Attack,Quick Attack,True,0.006000000000000005,0.002666666666666668,0.016000000000000007,1030,True,4WE,1,V01,OPPONENT
4WE_PAIR_001_V04__OPPONENT,R1_REMOVE_LEGAL_SIGNATURE,R2_REMOVE_SIGNATURE_AND_COMPATIBILITY,0.006000000000000005,0.002666666666666668,0.016000000000000007,Quick Attack,Quick Attack,True,0.006000000000000005,0.002666666666666668,0.016000000000000007,1031,True,4WE,1,V04,OPPONENT
4WE_PAIR_002_V04__PLAYER,R1_REMOVE_LEGAL_SIGNATURE,R2_REMOVE_SIGNATURE_AND_COMPATIBILITY,0.006000000000000005,0.002666666666666668,0.016000000000000007,Quick Attack,Quick Attack,True,0.006000000000000005,0.002666666666666668,0.016000000000000007,1032,True,4WE,2,V04,PLAYER
4WE_PAIR_008_V01__OPPONENT,R1_REMOVE_LEGAL_SIGNATURE,R2_REMOVE_SIGNATURE_AND_COMPATIBILITY,0.006000000000000005,0.002666666666666668,0.016000000000000007,Quick Attack,Quick Attack,True,0.006000000000000005,0.002666666666666668,0.016000000000000007,1033,True,4WE,8,V01,OPPONENT
4WE_PAIR_008_V04__OPPONENT,R1_REMOVE_LEGAL_SIGNATURE,R2_REMOVE_SIGNATURE_AND_COMPATIBILITY,0.006000000000000005,0.002666666666666668,0.016000000000000007,Quick Attack,Quick Attack,True,0.006000000000000005,0.002666666666666668,0.016000000000000007,1034,True,4WE,8,V04,OPPONENT
4WE_PAIR_009_V04__PLAYER,R1_REMOVE_LEGAL_SIGNATURE,R2_REMOVE_SIGNATURE_AND_COMPATIBILITY,0.006000000000000005,0.002666666666666668,0.016000000000000007,Quick Attack,Quick Attack,True,0.006000000000000005,0.002666666666666668,0.016000000000000007,1035,True,4WE,9,V04,PLAYER
4WE_PAIR_013_V01__OPPONENT,R1_REMOVE_LEGAL_SIGNATURE,R2_REMOVE_SIGNATURE_AND_COMPATIBILITY,0.006000000000000005,0.002666666666666668,0.016000000000000007,Quick Attack,Quick Attack,True,0.006000000000000005,0.002666666666666668,0.016000000000000007,1036,True,4WE,13,V01,OPPONENT
4WE_PAIR_013_V04__OPPONENT,R1_REMOVE_LEGAL_SIGNATURE,R2_REMOVE_SIGNATURE_AND_COMPATIBILITY,0.006000000000000005,0.002666666666666668,0.016000000000000007,Quick Attack,Quick Attack,True,0.006000000000000005,0.002666666666666668,0.016000000000000007,1037,True,4WE,13,V04,OPPONENT
4WE_PAIR_013_V04__PLAYER,R1_REMOVE_LEGAL_SIGNATURE,R2_REMOVE_SIGNATURE_AND_COMPATIBILITY,0.006000000000000005,0.002666666666666668,0.016000000000000007,Quick Attack,Quick Attack,True,0.006000000000000005,0.002666666666666668,0.016000000000000007,1038,True,4WE,13,V04,PLAYER
4WE_PAIR_018_V01__OPPONENT,R1_REMOVE_LEGAL_SIGNATURE,R2_REMOVE_SIGNATURE_AND_COMPATIBILITY,0.006000000000000005,0.002666666666666668,0.016000000000000007,Quick Attack,Quick Attack,True,0.006000000000000005,0.002666666666666668,0.016000000000000007,1039,True,4WE,18,V01,OPPONENT
4WE_PAIR_018_V04__OPPONENT,R1_REMOVE_LEGAL_SIGNATURE,R2_REMOVE_SIGNATURE_AND_COMPATIBILITY,0.006000000000000005,0.002666666666666668,0.016000000000000007,Quick Attack,Quick Attack,True,0.006000000000000005,0.002666666666666668,0.016000000000000007,1040,True,4WE,18,V04,OPPONENT
4WE_PAIR_018_V04__PLAYER,R1_REMOVE_LEGAL_SIGNATURE,R2_REMOVE_SIGNATURE_AND_COMPATIBILITY,0.006000000000000005,0.002666666666666668,0.016000000000000007,Quick Attack,Quick Attack,True,0.006000000000000005,0.002666666666666668,0.016000000000000007,1041,True,4WE,18,V04,PLAYER
4WE_PAIR_007_V01__OPPONENT,R1_REMOVE_LEGAL_SIGNATURE,R2_REMOVE_SIGNATURE_AND_COMPATIBILITY,0.006000000000000005,0.0026666666666666674,0.016000000000000004,Quick Attack,Quick Attack,True,0.006000000000000005,0.0026666666666666674,0.016000000000000004,1042,True,4WE,7,V01,OPPONENT
4WE_PAIR_007_V04__OPPONENT,R1_REMOVE_LEGAL_SIGNATURE,R2_REMOVE_SIGNATURE_AND_COMPATIBILITY,0.006000000000000005,0.0026666666666666674,0.016000000000000004,Quick Attack,Quick Attack,True,0.006000000000000005,0.0026666666666666674,0.016000000000000004,1043,True,4WE,7,V04,OPPONENT
4WE_PAIR_017_V01__OPPONENT,R1_REMOVE_LEGAL_SIGNATURE,R2_REMOVE_SIGNATURE_AND_COMPATIBILITY,0.006000000000000005,0.0026666666666666674,0.016000000000000004,Quick Attack,Quick Attack,True,0.006000000000000005,0.0026666666666666674,0.016000000000000004,1044,True,4WE,17,V01,OPPONENT
4WE_PAIR_017_V04__OPPONENT,R1_REMOVE_LEGAL_SIGNATURE,R2_REMOVE_SIGNATURE_AND_COMPATIBILITY,0.006000000000000005,0.0026666666666666674,0.016000000000000004,Quick Attack,Quick Attack,True,0.006000000000000005,0.0026666666666666674,0.016000000000000004,1045,True,4WE,17,V04,OPPONENT
4WE_PAIR_017_V04__PLAYER,R1_REMOVE_LEGAL_SIGNATURE,R2_REMOVE_SIGNATURE_AND_COMPATIBILITY,0.006000000000000005,0.0026666666666666674,0.016000000000000004,Quick Attack,Quick Attack,True,0.006000000000000005,0.0026666666666666674,0.016000000000000004,1046,True,4WE,17,V04,PLAYER
4WE_PAIR_006_V02__OPPONENT,R1_REMOVE_LEGAL_SIGNATURE,R3_STATE_CENTRIC_POLICY,0.006000000000000005,0.0020000000000000018,0.01200000000000001,Quick Attack,Quick Attack,True,0.006000000000000005,0.0020000000000000018,0.01200000000000001,1047,True,4WE,6,V02,OPPONENT
4WE_PAIR_015_V02__PLAYER,R1_REMOVE_LEGAL_SIGNATURE,R3_STATE_CENTRIC_POLICY,0.006000000000000005,0.0020000000000000018,0.01200000000000001,Quick Attack,Quick Attack,True,0.006000000000000005,0.0020000000000000018,0.01200000000000001,1048,True,4WE,15,V02,PLAYER
4WE_PAIR_021_V02__PLAYER,R1_REMOVE_LEGAL_SIGNATURE,R3_STATE_CENTRIC_POLICY,0.006000000000000005,0.0020000000000000018,0.01200000000000001,Quick Attack,Quick Attack,True,0.006000000000000005,0.0020000000000000018,0.01200000000000001,1049,True,4WE,21,V02,PLAYER
4WE_PAIR_022_V04__PLAYER,R1_REMOVE_LEGAL_SIGNATURE,R2_REMOVE_SIGNATURE_AND_COMPATIBILITY,0.006000000000000005,0.0020000000000000013,0.012000000000000007,Quick Attack,Quick Attack,True,0.006000000000000005,0.0020000000000000013,0.012000000000000007,1050,True,4WE,22,V04,PLAYER
4WE_PAIR_015_V04__PLAYER,R1_REMOVE_LEGAL_SIGNATURE,R2_REMOVE_SIGNATURE_AND_COMPATIBILITY,0.006000000000000005,0.002000000000000001,0.012000000000000005,Quick Attack,Quick Attack,True,0.006000000000000005,0.002000000000000001,0.012000000000000005,1051,True,4WE,15,V04,PLAYER
4WE_PAIR_016_V01__PLAYER,R1_REMOVE_LEGAL_SIGNATURE,R2_REMOVE_SIGNATURE_AND_COMPATIBILITY,0.006000000000000005,0.002000000000000001,0.012000000000000005,Quick Attack,Quick Attack,True,0.006000000000000005,0.002000000000000001,0.012000000000000005,1052,True,4WE,16,V01,PLAYER
4WE_PAIR_021_V04__PLAYER,R1_REMOVE_LEGAL_SIGNATURE,R2_REMOVE_SIGNATURE_AND_COMPATIBILITY,0.006000000000000005,0.002000000000000001,0.012000000000000005,Quick Attack,Quick Attack,True,0.006000000000000005,0.002000000000000001,0.012000000000000005,1053,True,4WE,21,V04,PLAYER
4WE_PAIR_023_V04__OPPONENT,R2_REMOVE_SIGNATURE_AND_COMPATIBILITY,R3_STATE_CENTRIC_POLICY,0.006000000000000005,0.002000000000000001,0.012000000000000005,Quick Attack,Quick Attack,True,0.006000000000000005,0.002000000000000001,0.012000000000000005,1054,True,4WE,23,V04,OPPONENT
4WE_PAIR_005_V01__OPPONENT,R1_REMOVE_LEGAL_SIGNATURE,R2_REMOVE_SIGNATURE_AND_COMPATIBILITY,0.006000000000000005,0.0020000000000000005,0.012000000000000004,Quick Attack,Quick Attack,True,0.006000000000000005,0.0020000000000000005,0.012000000000000004,1055,True,4WE,5,V01,OPPONENT
4WE_PAIR_005_V04__OPPONENT,R1_REMOVE_LEGAL_SIGNATURE,R2_REMOVE_SIGNATURE_AND_COMPATIBILITY,0.006000000000000005,0.0020000000000000005,0.012000000000000004,Quick Attack,Quick Attack,True,0.006000000000000005,0.0020000000000000005,0.012000000000000004,1056,True,4WE,5,V04,OPPONENT
4WE_PAIR_006_V01__OPPONENT,R1_REMOVE_LEGAL_SIGNATURE,R2_REMOVE_SIGNATURE_AND_COMPATIBILITY,0.006000000000000005,0.0020000000000000005,0.012000000000000004,Quick Attack,Quick Attack,True,0.006000000000000005,0.0020000000000000005,0.012000000000000004,1057,True,4WE,6,V01,OPPONENT
4WE_PAIR_006_V04__OPPONENT,R1_REMOVE_LEGAL_SIGNATURE,R2_REMOVE_SIGNATURE_AND_COMPATIBILITY,0.006000000000000005,0.0020000000000000005,0.012000000000000004,Quick Attack,Quick Attack,True,0.006000000000000005,0.0020000000000000005,0.012000000000000004,1058,True,4WE,6,V04,OPPONENT
4WE_PAIR_012_V01__OPPONENT,R1_REMOVE_LEGAL_SIGNATURE,R2_REMOVE_SIGNATURE_AND_COMPATIBILITY,0.006000000000000005,0.0020000000000000005,0.012000000000000004,Quick Attack,Quick Attack,True,0.006000000000000005,0.0020000000000000005,0.012000000000000004,1059,True,4WE,12,V01,OPPONENT
4WE_PAIR_012_V04__OPPONENT,R1_REMOVE_LEGAL_SIGNATURE,R2_REMOVE_SIGNATURE_AND_COMPATIBILITY,0.006000000000000005,0.0020000000000000005,0.012000000000000004,Quick Attack,Quick Attack,True,0.006000000000000005,0.0020000000000000005,0.012000000000000004,1060,True,4WE,12,V04,OPPONENT
4WE_PAIR_005_V02__OPPONENT,R1_REMOVE_LEGAL_SIGNATURE,R3_STATE_CENTRIC_POLICY,0.006000000000000005,0.001999999999999983,0.0119999999999999,Quick Attack,Quick Attack,True,0.006000000000000005,0.001999999999999983,0.0119999999999999,1061,True,4WE,5,V02,OPPONENT
4WE_PAIR_012_V02__OPPONENT,R1_REMOVE_LEGAL_SIGNATURE,R3_STATE_CENTRIC_POLICY,0.006000000000000005,0.001999999999999983,0.0119999999999999,Quick Attack,Quick Attack,True,0.006000000000000005,0.001999999999999983,0.0119999999999999,1062,True,4WE,12,V02,OPPONENT
4WE_PAIR_001_V01__PLAYER,R1_REMOVE_LEGAL_SIGNATURE,R2_REMOVE_SIGNATURE_AND_COMPATIBILITY,0.006,0.002666666666666668,0.016000000000000007,Quick Attack,Quick Attack,True,0.006,0.002666666666666668,0.016000000000000007,1063,True,4WE,1,V01,PLAYER
4WE_PAIR_008_V01__PLAYER,R1_REMOVE_LEGAL_SIGNATURE,R2_REMOVE_SIGNATURE_AND_COMPATIBILITY,0.006,0.002666666666666668,0.016000000000000007,Quick Attack,Quick Attack,True,0.006,0.002666666666666668,0.016000000000000007,1064,True,4WE,8,V01,PLAYER
4WE_PAIR_013_V01__PLAYER,R1_REMOVE_LEGAL_SIGNATURE,R2_REMOVE_SIGNATURE_AND_COMPATIBILITY,0.006,0.002666666666666668,0.016000000000000007,Quick Attack,Quick Attack,True,0.006,0.002666666666666668,0.016000000000000007,1065,True,4WE,13,V01,PLAYER
4WE_PAIR_018_V01__PLAYER,R1_REMOVE_LEGAL_SIGNATURE,R2_REMOVE_SIGNATURE_AND_COMPATIBILITY,0.006,0.002666666666666668,0.016000000000000007,Quick Attack,Quick Attack,True,0.006,0.002666666666666668,0.016000000000000007,1066,True,4WE,18,V01,PLAYER
4WE_PAIR_005_V04__PLAYER,R1_REMOVE_LEGAL_SIGNATURE,R2_REMOVE_SIGNATURE_AND_COMPATIBILITY,0.006,0.002000000000000001,0.012000000000000005,Quick Attack,Quick Attack,True,0.006,0.002000000000000001,0.012000000000000005,1067,True,4WE,5,V04,PLAYER
4WE_PAIR_012_V04__PLAYER,R1_REMOVE_LEGAL_SIGNATURE,R2_REMOVE_SIGNATURE_AND_COMPATIBILITY,0.006,0.002000000000000001,0.012000000000000005,Quick Attack,Quick Attack,True,0.006,0.002000000000000001,0.012000000000000005,1068,True,4WE,12,V04,PLAYER
4WE_PAIR_005_V01__PLAYER,R1_REMOVE_LEGAL_SIGNATURE,R2_REMOVE_SIGNATURE_AND_COMPATIBILITY,0.006,0.0020000000000000005,0.012000000000000002,Quick Attack,Quick Attack,True,0.006,0.0020000000000000005,0.012000000000000002,1069,True,4WE,5,V01,PLAYER
4WE_PAIR_012_V01__PLAYER,R1_REMOVE_LEGAL_SIGNATURE,R2_REMOVE_SIGNATURE_AND_COMPATIBILITY,0.006,0.0020000000000000005,0.012000000000000002,Quick Attack,Quick Attack,True,0.006,0.0020000000000000005,0.012000000000000002,1070,True,4WE,12,V01,PLAYER
4WE_PAIR_020_V01__PLAYER,R1_REMOVE_LEGAL_SIGNATURE,R2_REMOVE_SIGNATURE_AND_COMPATIBILITY,0.006,0.0020000000000000005,0.012000000000000002,Quick Attack,Quick Attack,True,0.006,0.0020000000000000005,0.012000000000000002,1071,True,4WE,20,V01,PLAYER
4WE_PAIR_011_V01__OPPONENT,R1_REMOVE_LEGAL_SIGNATURE,R2_REMOVE_SIGNATURE_AND_COMPATIBILITY,0.006,0.0019999999999999996,0.011999999999999999,Quick Attack,Quick Attack,True,0.006,0.0019999999999999996,0.011999999999999999,1072,True,4WE,11,V01,OPPONENT
4WE_PAIR_011_V04__OPPONENT,R1_REMOVE_LEGAL_SIGNATURE,R2_REMOVE_SIGNATURE_AND_COMPATIBILITY,0.006,0.0019999999999999996,0.011999999999999999,Quick Attack,Quick Attack,True,0.006,0.0019999999999999996,0.011999999999999999,1073,True,4WE,11,V04,OPPONENT
4WE_PAIR_007_V01__PLAYER,R1_REMOVE_LEGAL_SIGNATURE,R2_REMOVE_SIGNATURE_AND_COMPATIBILITY,0.005999999999999998,0.002666666666666665,0.01599999999999999,Quick Attack,Quick Attack,True,0.005999999999999998,0.002666666666666665,0.01599999999999999,1074,True,4WE,7,V01,PLAYER
4WE_PAIR_017_V01__PLAYER,R1_REMOVE_LEGAL_SIGNATURE,R2_REMOVE_SIGNATURE_AND_COMPATIBILITY,0.005999999999999998,0.002666666666666665,0.01599999999999999,Quick Attack,Quick Attack,True,0.005999999999999998,0.002666666666666665,0.01599999999999999,1075,True,4WE,17,V01,PLAYER
4WE_PAIR_003_V01__PLAYER,R1_REMOVE_LEGAL_SIGNATURE,R2_REMOVE_SIGNATURE_AND_COMPATIBILITY,0.0059999999999999915,0.0026666666666666657,0.015999999999999993,Quick Attack,Quick Attack,True,0.0059999999999999915,0.0026666666666666657,0.015999999999999993,1076,True,4WE,3,V01,PLAYER
4WE_PAIR_010_V01__PLAYER,R1_REMOVE_LEGAL_SIGNATURE,R2_REMOVE_SIGNATURE_AND_COMPATIBILITY,0.0059999999999999915,0.0026666666666666657,0.015999999999999993,Quick Attack,Quick Attack,True,0.0059999999999999915,0.0026666666666666657,0.015999999999999993,1077,True,4WE,10,V01,PLAYER
4WE_PAIR_002_V01__OPPONENT,R1_REMOVE_LEGAL_SIGNATURE,R2_REMOVE_SIGNATURE_AND_COMPATIBILITY,0.0040000000000000036,0.002000000000000001,0.012000000000000005,Quick Attack,Quick Attack,True,0.0040000000000000036,0.002000000000000001,0.012000000000000005,1078,True,4WE,2,V01,OPPONENT
4WE_PAIR_002_V04__OPPONENT,R1_REMOVE_LEGAL_SIGNATURE,R2_REMOVE_SIGNATURE_AND_COMPATIBILITY,0.0040000000000000036,0.002000000000000001,0.012000000000000005,Quick Attack,Quick Attack,True,0.0040000000000000036,0.002000000000000001,0.012000000000000005,1079,True,4WE,2,V04,OPPONENT
4WE_PAIR_009_V01__OPPONENT,R1_REMOVE_LEGAL_SIGNATURE,R2_REMOVE_SIGNATURE_AND_COMPATIBILITY,0.0040000000000000036,0.002000000000000001,0.012000000000000005,Quick Attack,Quick Attack,True,0.0040000000000000036,0.002000000000000001,0.012000000000000005,1080,True,4WE,9,V01,OPPONENT
4WE_PAIR_009_V04__OPPONENT,R1_REMOVE_LEGAL_SIGNATURE,R2_REMOVE_SIGNATURE_AND_COMPATIBILITY,0.0040000000000000036,0.002000000000000001,0.012000000000000005,Quick Attack,Quick Attack,True,0.0040000000000000036,0.002000000000000001,0.012000000000000005,1081,True,4WE,9,V04,OPPONENT
4WE_PAIR_014_V01__OPPONENT,R1_REMOVE_LEGAL_SIGNATURE,R2_REMOVE_SIGNATURE_AND_COMPATIBILITY,0.0040000000000000036,0.002000000000000001,0.012000000000000005,Quick Attack,Quick Attack,True,0.0040000000000000036,0.002000000000000001,0.012000000000000005,1082,True,4WE,14,V01,OPPONENT
4WE_PAIR_014_V04__OPPONENT,R1_REMOVE_LEGAL_SIGNATURE,R2_REMOVE_SIGNATURE_AND_COMPATIBILITY,0.0040000000000000036,0.002000000000000001,0.012000000000000005,Quick Attack,Quick Attack,True,0.0040000000000000036,0.002000000000000001,0.012000000000000005,1083,True,4WE,14,V04,OPPONENT
4WE_PAIR_014_V04__PLAYER,R1_REMOVE_LEGAL_SIGNATURE,R2_REMOVE_SIGNATURE_AND_COMPATIBILITY,0.0040000000000000036,0.002000000000000001,0.012000000000000005,Quick Attack,Quick Attack,True,0.0040000000000000036,0.002000000000000001,0.012000000000000005,1084,True,4WE,14,V04,PLAYER
4WE_PAIR_019_V01__OPPONENT,R1_REMOVE_LEGAL_SIGNATURE,R2_REMOVE_SIGNATURE_AND_COMPATIBILITY,0.0040000000000000036,0.002000000000000001,0.012000000000000005,Quick Attack,Quick Attack,True,0.0040000000000000036,0.002000000000000001,0.012000000000000005,1085,True,4WE,19,V01,OPPONENT
4WE_PAIR_019_V04__OPPONENT,R1_REMOVE_LEGAL_SIGNATURE,R2_REMOVE_SIGNATURE_AND_COMPATIBILITY,0.0040000000000000036,0.002000000000000001,0.012000000000000005,Quick Attack,Quick Attack,True,0.0040000000000000036,0.002000000000000001,0.012000000000000005,1086,True,4WE,19,V04,OPPONENT
4WE_PAIR_019_V04__PLAYER,R1_REMOVE_LEGAL_SIGNATURE,R2_REMOVE_SIGNATURE_AND_COMPATIBILITY,0.0040000000000000036,0.002000000000000001,0.012000000000000005,Quick Attack,Quick Attack,True,0.0040000000000000036,0.002000000000000001,0.012000000000000005,1087,True,4WE,19,V04,PLAYER
4WE_PAIR_006_V01__PLAYER,R1_REMOVE_LEGAL_SIGNATURE,R2_REMOVE_SIGNATURE_AND_COMPATIBILITY,0.0040000000000000036,0.001333333333333334,0.008000000000000004,Quick Attack,Quick Attack,True,0.0040000000000000036,0.001333333333333334,0.008000000000000004,1088,True,4WE,6,V01,PLAYER
4WE_PAIR_022_V01__OPPONENT,R1_REMOVE_LEGAL_SIGNATURE,R2_REMOVE_SIGNATURE_AND_COMPATIBILITY,0.0040000000000000036,0.001333333333333334,0.008000000000000004,Quick Attack,Quick Attack,True,0.0040000000000000036,0.001333333333333334,0.008000000000000004,1089,True,4WE,22,V01,OPPONENT
4WE_PAIR_022_V04__OPPONENT,R1_REMOVE_LEGAL_SIGNATURE,R2_REMOVE_SIGNATURE_AND_COMPATIBILITY,0.0040000000000000036,0.001333333333333334,0.008000000000000004,Quick Attack,Quick Attack,True,0.0040000000000000036,0.001333333333333334,0.008000000000000004,1090,True,4WE,22,V04,OPPONENT
4WE_PAIR_023_V01__OPPONENT,R1_REMOVE_LEGAL_SIGNATURE,R2_REMOVE_SIGNATURE_AND_COMPATIBILITY,0.0040000000000000036,0.001333333333333334,0.008000000000000004,Quick Attack,Quick Attack,True,0.0040000000000000036,0.001333333333333334,0.008000000000000004,1091,True,4WE,23,V01,OPPONENT
4WE_PAIR_023_V04__OPPONENT,R1_REMOVE_LEGAL_SIGNATURE,R2_REMOVE_SIGNATURE_AND_COMPATIBILITY,0.0040000000000000036,0.001333333333333334,0.008000000000000004,Quick Attack,Quick Attack,True,0.0040000000000000036,0.001333333333333334,0.008000000000000004,1092,True,4WE,23,V04,OPPONENT
4WE_PAIR_006_V04__PLAYER,R1_REMOVE_LEGAL_SIGNATURE,R2_REMOVE_SIGNATURE_AND_COMPATIBILITY,0.0040000000000000036,0.0013333333333333337,0.008000000000000002,Quick Attack,Quick Attack,True,0.0040000000000000036,0.0013333333333333337,0.008000000000000002,1093,True,4WE,6,V04,PLAYER
4WE_PAIR_016_V04__PLAYER,R1_REMOVE_LEGAL_SIGNATURE,R2_REMOVE_SIGNATURE_AND_COMPATIBILITY,0.0040000000000000036,0.0013333333333333337,0.008000000000000002,Quick Attack,Quick Attack,True,0.0040000000000000036,0.0013333333333333337,0.008000000000000002,1094,True,4WE,16,V04,PLAYER
4WE_PAIR_011_V01__PLAYER,R1_REMOVE_LEGAL_SIGNATURE,R2_REMOVE_SIGNATURE_AND_COMPATIBILITY,0.004,0.0013333333333333337,0.008000000000000002,Quick Attack,Quick Attack,True,0.004,0.0013333333333333337,0.008000000000000002,1095,True,4WE,11,V01,PLAYER
4WE_PAIR_022_V01__PLAYER,R1_REMOVE_LEGAL_SIGNATURE,R2_REMOVE_SIGNATURE_AND_COMPATIBILITY,0.004,0.0013333333333333337,0.008000000000000002,Quick Attack,Quick Attack,True,0.004,0.0013333333333333337,0.008000000000000002,1096,True,4WE,22,V01,PLAYER
4WE_PAIR_023_V01__PLAYER,R1_REMOVE_LEGAL_SIGNATURE,R2_REMOVE_SIGNATURE_AND_COMPATIBILITY,0.004,0.0013333333333333337,0.008000000000000002,Quick Attack,Quick Attack,True,0.004,0.0013333333333333337,0.008000000000000002,1097,True,4WE,23,V01,PLAYER
4WE_PAIR_011_V04__PLAYER,R1_REMOVE_LEGAL_SIGNATURE,R2_REMOVE_SIGNATURE_AND_COMPATIBILITY,0.004,0.0013333333333333333,0.008,Quick Attack,Quick Attack,True,0.004,0.0013333333333333333,0.008,1098,True,4WE,11,V04,PLAYER
4WE_PAIR_020_V04__PLAYER,R1_REMOVE_LEGAL_SIGNATURE,R2_REMOVE_SIGNATURE_AND_COMPATIBILITY,0.004,0.0013333333333333333,0.008,Quick Attack,Quick Attack,True,0.004,0.0013333333333333333,0.008,1099,True,4WE,20,V04,PLAYER
4WE_PAIR_023_V04__PLAYER,R1_REMOVE_LEGAL_SIGNATURE,R2_REMOVE_SIGNATURE_AND_COMPATIBILITY,0.004,0.0013333333333333333,0.008,Quick Attack,Quick Attack,True,0.004,0.0013333333333333333,0.008,1100,True,4WE,23,V04,PLAYER
4WE_PAIR_002_V01__PLAYER,R1_REMOVE_LEGAL_SIGNATURE,R2_REMOVE_SIGNATURE_AND_COMPATIBILITY,0.0020000000000000018,0.0013333333333333337,0.008000000000000002,Quick Attack,Quick Attack,True,0.0020000000000000018,0.0013333333333333337,0.008000000000000002,1101,True,4WE,2,V01,PLAYER
4WE_PAIR_009_V01__PLAYER,R1_REMOVE_LEGAL_SIGNATURE,R2_REMOVE_SIGNATURE_AND_COMPATIBILITY,0.0020000000000000018,0.0013333333333333337,0.008000000000000002,Quick Attack,Quick Attack,True,0.0020000000000000018,0.0013333333333333337,0.008000000000000002,1102,True,4WE,9,V01,PLAYER
4WE_PAIR_014_V01__PLAYER,R1_REMOVE_LEGAL_SIGNATURE,R2_REMOVE_SIGNATURE_AND_COMPATIBILITY,0.0020000000000000018,0.0013333333333333337,0.008000000000000002,Quick Attack,Quick Attack,True,0.0020000000000000018,0.0013333333333333337,0.008000000000000002,1103,True,4WE,14,V01,PLAYER
4WE_PAIR_019_V01__PLAYER,R1_REMOVE_LEGAL_SIGNATURE,R2_REMOVE_SIGNATURE_AND_COMPATIBILITY,0.0020000000000000018,0.0013333333333333337,0.008000000000000002,Quick Attack,Quick Attack,True,0.0020000000000000018,0.0013333333333333337,0.008000000000000002,1104,True,4WE,19,V01,PLAYER
