game_index,turn,actor,pokemon_name,move_name,policy_index,is_training_agent_turn,search_score,search_depth,nodes_searched,player_hp,opponent_hp,next_side,winner,opponent,final_score
0,1,Player,Eevee ex,Evolution Burst,0,True,633.0,6,17,200.0,10.0,Opponent,TrainingAgent,Random,170.0
0,2,Opponent,Electrike,Thunder Jolt,1,False,0.0,6,1,170.0,10.0,Player,TrainingAgent,Random,170.0
0,3,Player,Eevee ex,Evolution Burst,0,True,633.0,6,10,170.0,0.0,Opponent,TrainingAgent,Random,170.0
1,1,Opponent,Electrike,Thunder Jolt,1,False,30.0,6,1,170.0,70.0,Player,TrainingAgent,Greedy,140.0
1,2,Player,Eevee ex,Evolution Burst,0,True,618.0,6,17,170.0,10.0,Opponent,TrainingAgent,Greedy,140.0
1,3,Opponent,Electrike,Thunder Jolt,1,False,30.0,6,1,140.0,10.0,Player,TrainingAgent,Greedy,140.0
1,4,Player,Eevee ex,Evolution Burst,0,True,618.0,6,10,140.0,0.0,Opponent,TrainingAgent,Greedy,140.0
2,1,Player,Eevee ex,Evolution Burst,0,True,633.0,6,17,200.0,10.0,Opponent,TrainingAgent,Heuristic,170.0
2,2,Opponent,Electrike,Thunder Jolt,1,False,30.0,6,1,170.0,10.0,Player,TrainingAgent,Heuristic,170.0
2,3,Player,Eevee ex,Evolution Burst,0,True,633.0,6,10,170.0,0.0,Opponent,TrainingAgent,Heuristic,170.0
3,1,Opponent,Electrike,Thunder Jolt,1,False,30.0,6,1,170.0,70.0,Player,TrainingAgent,Search,140.0
3,2,Player,Eevee ex,Evolution Burst,0,True,618.0,6,17,170.0,10.0,Opponent,TrainingAgent,Search,140.0
3,3,Opponent,Electrike,Thunder Jolt,1,False,30.0,6,1,140.0,10.0,Player,TrainingAgent,Search,140.0
3,4,Player,Eevee ex,Evolution Burst,0,True,618.0,6,10,140.0,0.0,Opponent,TrainingAgent,Search,140.0
4,1,Player,Eevee ex,Evolution Burst,0,True,633.0,6,17,200.0,10.0,Opponent,TrainingAgent,Aggressive,170.0
4,2,Opponent,Electrike,Thunder Jolt,1,False,45.0,6,1,170.0,10.0,Player,TrainingAgent,Aggressive,170.0
4,3,Player,Eevee ex,Evolution Burst,0,True,633.0,6,10,170.0,0.0,Opponent,TrainingAgent,Aggressive,170.0
5,1,Opponent,Electrike,Thunder Jolt,1,False,0.0,6,1,170.0,70.0,Player,TrainingAgent,Defensive,140.0
5,2,Player,Eevee ex,Evolution Burst,0,True,618.0,6,17,170.0,10.0,Opponent,TrainingAgent,Defensive,140.0
5,3,Opponent,Electrike,Thunder Jolt,1,False,0.0,6,1,140.0,10.0,Player,TrainingAgent,Defensive,140.0
5,4,Player,Eevee ex,Evolution Burst,0,True,618.0,6,10,140.0,0.0,Opponent,TrainingAgent,Defensive,140.0
6,1,Player,Eevee ex,Evolution Burst,0,True,633.0,6,17,200.0,10.0,Opponent,TrainingAgent,Random,170.0
6,2,Opponent,Electrike,Thunder Jolt,1,False,0.0,6,1,170.0,10.0,Player,TrainingAgent,Random,170.0
6,3,Player,Eevee ex,Evolution Burst,0,True,633.0,6,10,170.0,0.0,Opponent,TrainingAgent,Random,170.0
7,1,Opponent,Electrike,Thunder Jolt,1,False,30.0,6,1,170.0,70.0,Player,TrainingAgent,Greedy,140.0
7,2,Player,Eevee ex,Evolution Burst,0,True,618.0,6,17,170.0,10.0,Opponent,TrainingAgent,Greedy,140.0
7,3,Opponent,Electrike,Thunder Jolt,1,False,30.0,6,1,140.0,10.0,Player,TrainingAgent,Greedy,140.0
7,4,Player,Eevee ex,Evolution Burst,0,True,618.0,6,10,140.0,0.0,Opponent,TrainingAgent,Greedy,140.0
8,1,Player,Eevee ex,Evolution Burst,0,True,633.0,6,17,200.0,10.0,Opponent,TrainingAgent,Heuristic,170.0
8,2,Opponent,Electrike,Thunder Jolt,1,False,30.0,6,1,170.0,10.0,Player,TrainingAgent,Heuristic,170.0
8,3,Player,Eevee ex,Evolution Burst,0,True,633.0,6,10,170.0,0.0,Opponent,TrainingAgent,Heuristic,170.0
9,1,Opponent,Electrike,Thunder Jolt,1,False,30.0,6,1,170.0,70.0,Player,TrainingAgent,Search,140.0
9,2,Player,Eevee ex,Evolution Burst,0,True,618.0,6,17,170.0,10.0,Opponent,TrainingAgent,Search,140.0
9,3,Opponent,Electrike,Thunder Jolt,1,False,30.0,6,1,140.0,10.0,Player,TrainingAgent,Search,140.0
9,4,Player,Eevee ex,Evolution Burst,0,True,618.0,6,10,140.0,0.0,Opponent,TrainingAgent,Search,140.0
10,1,Player,Eevee ex,Evolution Burst,0,True,633.0,6,17,200.0,10.0,Opponent,TrainingAgent,Aggressive,170.0
10,2,Opponent,Electrike,Thunder Jolt,1,False,45.0,6,1,170.0,10.0,Player,TrainingAgent,Aggressive,170.0
10,3,Player,Eevee ex,Evolution Burst,0,True,633.0,6,10,170.0,0.0,Opponent,TrainingAgent,Aggressive,170.0
11,1,Opponent,Electrike,Thunder Jolt,1,False,0.0,6,1,170.0,70.0,Player,TrainingAgent,Defensive,140.0
11,2,Player,Eevee ex,Evolution Burst,0,True,618.0,6,17,170.0,10.0,Opponent,TrainingAgent,Defensive,140.0
11,3,Opponent,Electrike,Thunder Jolt,1,False,0.0,6,1,140.0,10.0,Player,TrainingAgent,Defensive,140.0
11,4,Player,Eevee ex,Evolution Burst,0,True,618.0,6,10,140.0,0.0,Opponent,TrainingAgent,Defensive,140.0
12,1,Player,Eevee ex,Evolution Burst,0,True,633.0,6,17,200.0,10.0,Opponent,TrainingAgent,Random,170.0
12,2,Opponent,Electrike,Thunder Jolt,1,False,0.0,6,1,170.0,10.0,Player,TrainingAgent,Random,170.0
12,3,Player,Eevee ex,Evolution Burst,0,True,633.0,6,10,170.0,0.0,Opponent,TrainingAgent,Random,170.0
13,1,Opponent,Electrike,Thunder Jolt,1,False,30.0,6,1,170.0,70.0,Player,TrainingAgent,Greedy,140.0
13,2,Player,Eevee ex,Evolution Burst,0,True,618.0,6,17,170.0,10.0,Opponent,TrainingAgent,Greedy,140.0
13,3,Opponent,Electrike,Thunder Jolt,1,False,30.0,6,1,140.0,10.0,Player,TrainingAgent,Greedy,140.0
13,4,Player,Eevee ex,Evolution Burst,0,True,618.0,6,10,140.0,0.0,Opponent,TrainingAgent,Greedy,140.0
14,1,Player,Eevee ex,Evolution Burst,0,True,633.0,6,17,200.0,10.0,Opponent,TrainingAgent,Heuristic,170.0
14,2,Opponent,Electrike,Thunder Jolt,1,False,30.0,6,1,170.0,10.0,Player,TrainingAgent,Heuristic,170.0
14,3,Player,Eevee ex,Evolution Burst,0,True,633.0,6,10,170.0,0.0,Opponent,TrainingAgent,Heuristic,170.0
15,1,Opponent,Electrike,Thunder Jolt,1,False,30.0,6,1,170.0,70.0,Player,TrainingAgent,Search,140.0
15,2,Player,Eevee ex,Evolution Burst,0,True,618.0,6,17,170.0,10.0,Opponent,TrainingAgent,Search,140.0
15,3,Opponent,Electrike,Thunder Jolt,1,False,30.0,6,1,140.0,10.0,Player,TrainingAgent,Search,140.0
15,4,Player,Eevee ex,Evolution Burst,0,True,618.0,6,10,140.0,0.0,Opponent,TrainingAgent,Search,140.0
16,1,Player,Eevee ex,Evolution Burst,0,True,633.0,6,17,200.0,10.0,Opponent,TrainingAgent,Aggressive,170.0
16,2,Opponent,Electrike,Thunder Jolt,1,False,45.0,6,1,170.0,10.0,Player,TrainingAgent,Aggressive,170.0
16,3,Player,Eevee ex,Evolution Burst,0,True,633.0,6,10,170.0,0.0,Opponent,TrainingAgent,Aggressive,170.0
17,1,Opponent,Electrike,Thunder Jolt,1,False,0.0,6,1,170.0,70.0,Player,TrainingAgent,Defensive,140.0
17,2,Player,Eevee ex,Evolution Burst,0,True,618.0,6,17,170.0,10.0,Opponent,TrainingAgent,Defensive,140.0
17,3,Opponent,Electrike,Thunder Jolt,1,False,0.0,6,1,140.0,10.0,Player,TrainingAgent,Defensive,140.0
17,4,Player,Eevee ex,Evolution Burst,0,True,618.0,6,10,140.0,0.0,Opponent,TrainingAgent,Defensive,140.0
18,1,Player,Eevee ex,Evolution Burst,0,True,633.0,6,17,200.0,10.0,Opponent,TrainingAgent,Random,170.0
18,2,Opponent,Electrike,Thunder Jolt,1,False,0.0,6,1,170.0,10.0,Player,TrainingAgent,Random,170.0
18,3,Player,Eevee ex,Evolution Burst,0,True,633.0,6,10,170.0,0.0,Opponent,TrainingAgent,Random,170.0
19,1,Opponent,Electrike,Thunder Jolt,1,False,30.0,6,1,170.0,70.0,Player,TrainingAgent,Greedy,140.0
19,2,Player,Eevee ex,Evolution Burst,0,True,618.0,6,17,170.0,10.0,Opponent,TrainingAgent,Greedy,140.0
19,3,Opponent,Electrike,Thunder Jolt,1,False,30.0,6,1,140.0,10.0,Player,TrainingAgent,Greedy,140.0
19,4,Player,Eevee ex,Evolution Burst,0,True,618.0,6,10,140.0,0.0,Opponent,TrainingAgent,Greedy,140.0
20,1,Player,Eevee ex,Evolution Burst,0,True,633.0,6,17,200.0,10.0,Opponent,TrainingAgent,Heuristic,170.0
20,2,Opponent,Electrike,Thunder Jolt,1,False,30.0,6,1,170.0,10.0,Player,TrainingAgent,Heuristic,170.0
20,3,Player,Eevee ex,Evolution Burst,0,True,633.0,6,10,170.0,0.0,Opponent,TrainingAgent,Heuristic,170.0
21,1,Opponent,Electrike,Thunder Jolt,1,False,30.0,6,1,170.0,70.0,Player,TrainingAgent,Search,140.0
21,2,Player,Eevee ex,Evolution Burst,0,True,618.0,6,17,170.0,10.0,Opponent,TrainingAgent,Search,140.0
21,3,Opponent,Electrike,Thunder Jolt,1,False,30.0,6,1,140.0,10.0,Player,TrainingAgent,Search,140.0
21,4,Player,Eevee ex,Evolution Burst,0,True,618.0,6,10,140.0,0.0,Opponent,TrainingAgent,Search,140.0
22,1,Player,Eevee ex,Evolution Burst,0,True,633.0,6,17,200.0,10.0,Opponent,TrainingAgent,Aggressive,170.0
22,2,Opponent,Electrike,Thunder Jolt,1,False,45.0,6,1,170.0,10.0,Player,TrainingAgent,Aggressive,170.0
22,3,Player,Eevee ex,Evolution Burst,0,True,633.0,6,10,170.0,0.0,Opponent,TrainingAgent,Aggressive,170.0
23,1,Opponent,Electrike,Thunder Jolt,1,False,0.0,6,1,170.0,70.0,Player,TrainingAgent,Defensive,140.0
23,2,Player,Eevee ex,Evolution Burst,0,True,618.0,6,17,170.0,10.0,Opponent,TrainingAgent,Defensive,140.0
23,3,Opponent,Electrike,Thunder Jolt,1,False,0.0,6,1,140.0,10.0,Player,TrainingAgent,Defensive,140.0
23,4,Player,Eevee ex,Evolution Burst,0,True,618.0,6,10,140.0,0.0,Opponent,TrainingAgent,Defensive,140.0
24,1,Player,Eevee ex,Evolution Burst,0,True,633.0,6,17,200.0,10.0,Opponent,TrainingAgent,Random,170.0
24,2,Opponent,Electrike,Thunder Jolt,1,False,0.0,6,1,170.0,10.0,Player,TrainingAgent,Random,170.0
24,3,Player,Eevee ex,Evolution Burst,0,True,633.0,6,10,170.0,0.0,Opponent,TrainingAgent,Random,170.0
25,1,Opponent,Electrike,Thunder Jolt,1,False,30.0,6,1,170.0,70.0,Player,TrainingAgent,Greedy,140.0
25,2,Player,Eevee ex,Evolution Burst,0,True,618.0,6,17,170.0,10.0,Opponent,TrainingAgent,Greedy,140.0
25,3,Opponent,Electrike,Thunder Jolt,1,False,30.0,6,1,140.0,10.0,Player,TrainingAgent,Greedy,140.0
25,4,Player,Eevee ex,Evolution Burst,0,True,618.0,6,10,140.0,0.0,Opponent,TrainingAgent,Greedy,140.0
26,1,Player,Eevee ex,Evolution Burst,0,True,633.0,6,17,200.0,10.0,Opponent,TrainingAgent,Heuristic,170.0
26,2,Opponent,Electrike,Thunder Jolt,1,False,30.0,6,1,170.0,10.0,Player,TrainingAgent,Heuristic,170.0
26,3,Player,Eevee ex,Evolution Burst,0,True,633.0,6,10,170.0,0.0,Opponent,TrainingAgent,Heuristic,170.0
27,1,Opponent,Electrike,Thunder Jolt,1,False,30.0,6,1,170.0,70.0,Player,TrainingAgent,Search,140.0
27,2,Player,Eevee ex,Evolution Burst,0,True,618.0,6,17,170.0,10.0,Opponent,TrainingAgent,Search,140.0
27,3,Opponent,Electrike,Thunder Jolt,1,False,30.0,6,1,140.0,10.0,Player,TrainingAgent,Search,140.0
27,4,Player,Eevee ex,Evolution Burst,0,True,618.0,6,10,140.0,0.0,Opponent,TrainingAgent,Search,140.0
28,1,Player,Eevee ex,Evolution Burst,0,True,633.0,6,17,200.0,10.0,Opponent,TrainingAgent,Aggressive,170.0
28,2,Opponent,Electrike,Thunder Jolt,1,False,45.0,6,1,170.0,10.0,Player,TrainingAgent,Aggressive,170.0
28,3,Player,Eevee ex,Evolution Burst,0,True,633.0,6,10,170.0,0.0,Opponent,TrainingAgent,Aggressive,170.0
29,1,Opponent,Electrike,Thunder Jolt,1,False,0.0,6,1,170.0,70.0,Player,TrainingAgent,Defensive,140.0
29,2,Player,Eevee ex,Evolution Burst,0,True,618.0,6,17,170.0,10.0,Opponent,TrainingAgent,Defensive,140.0
29,3,Opponent,Electrike,Thunder Jolt,1,False,0.0,6,1,140.0,10.0,Player,TrainingAgent,Defensive,140.0
29,4,Player,Eevee ex,Evolution Burst,0,True,618.0,6,10,140.0,0.0,Opponent,TrainingAgent,Defensive,140.0
30,1,Player,Eevee ex,Evolution Burst,0,True,633.0,6,17,200.0,10.0,Opponent,TrainingAgent,Random,170.0
30,2,Opponent,Electrike,Thunder Jolt,1,False,0.0,6,1,170.0,10.0,Player,TrainingAgent,Random,170.0
30,3,Player,Eevee ex,Evolution Burst,0,True,633.0,6,10,170.0,0.0,Opponent,TrainingAgent,Random,170.0
31,1,Opponent,Electrike,Thunder Jolt,1,False,30.0,6,1,170.0,70.0,Player,TrainingAgent,Greedy,140.0
31,2,Player,Eevee ex,Evolution Burst,0,True,618.0,6,17,170.0,10.0,Opponent,TrainingAgent,Greedy,140.0
31,3,Opponent,Electrike,Thunder Jolt,1,False,30.0,6,1,140.0,10.0,Player,TrainingAgent,Greedy,140.0
31,4,Player,Eevee ex,Evolution Burst,0,True,618.0,6,10,140.0,0.0,Opponent,TrainingAgent,Greedy,140.0
32,1,Player,Eevee ex,Evolution Burst,0,True,633.0,6,17,200.0,10.0,Opponent,TrainingAgent,Heuristic,170.0
32,2,Opponent,Electrike,Thunder Jolt,1,False,30.0,6,1,170.0,10.0,Player,TrainingAgent,Heuristic,170.0
32,3,Player,Eevee ex,Evolution Burst,0,True,633.0,6,10,170.0,0.0,Opponent,TrainingAgent,Heuristic,170.0
33,1,Opponent,Electrike,Thunder Jolt,1,False,30.0,6,1,170.0,70.0,Player,TrainingAgent,Search,140.0
33,2,Player,Eevee ex,Evolution Burst,0,True,618.0,6,17,170.0,10.0,Opponent,TrainingAgent,Search,140.0
33,3,Opponent,Electrike,Thunder Jolt,1,False,30.0,6,1,140.0,10.0,Player,TrainingAgent,Search,140.0
33,4,Player,Eevee ex,Evolution Burst,0,True,618.0,6,10,140.0,0.0,Opponent,TrainingAgent,Search,140.0
34,1,Player,Eevee ex,Evolution Burst,0,True,633.0,6,17,200.0,10.0,Opponent,TrainingAgent,Aggressive,170.0
34,2,Opponent,Electrike,Thunder Jolt,1,False,45.0,6,1,170.0,10.0,Player,TrainingAgent,Aggressive,170.0
34,3,Player,Eevee ex,Evolution Burst,0,True,633.0,6,10,170.0,0.0,Opponent,TrainingAgent,Aggressive,170.0
35,1,Opponent,Electrike,Thunder Jolt,1,False,0.0,6,1,170.0,70.0,Player,TrainingAgent,Defensive,140.0
35,2,Player,Eevee ex,Evolution Burst,0,True,618.0,6,17,170.0,10.0,Opponent,TrainingAgent,Defensive,140.0
35,3,Opponent,Electrike,Thunder Jolt,1,False,0.0,6,1,140.0,10.0,Player,TrainingAgent,Defensive,140.0
35,4,Player,Eevee ex,Evolution Burst,0,True,618.0,6,10,140.0,0.0,Opponent,TrainingAgent,Defensive,140.0
36,1,Player,Eevee ex,Evolution Burst,0,True,633.0,6,17,200.0,10.0,Opponent,TrainingAgent,Random,170.0
36,2,Opponent,Electrike,Thunder Jolt,1,False,0.0,6,1,170.0,10.0,Player,TrainingAgent,Random,170.0
36,3,Player,Eevee ex,Evolution Burst,0,True,633.0,6,10,170.0,0.0,Opponent,TrainingAgent,Random,170.0
37,1,Opponent,Electrike,Thunder Jolt,1,False,30.0,6,1,170.0,70.0,Player,TrainingAgent,Greedy,140.0
37,2,Player,Eevee ex,Evolution Burst,0,True,618.0,6,17,170.0,10.0,Opponent,TrainingAgent,Greedy,140.0
37,3,Opponent,Electrike,Thunder Jolt,1,False,30.0,6,1,140.0,10.0,Player,TrainingAgent,Greedy,140.0
37,4,Player,Eevee ex,Evolution Burst,0,True,618.0,6,10,140.0,0.0,Opponent,TrainingAgent,Greedy,140.0
38,1,Player,Eevee ex,Evolution Burst,0,True,633.0,6,17,200.0,10.0,Opponent,TrainingAgent,Heuristic,170.0
38,2,Opponent,Electrike,Thunder Jolt,1,False,30.0,6,1,170.0,10.0,Player,TrainingAgent,Heuristic,170.0
38,3,Player,Eevee ex,Evolution Burst,0,True,633.0,6,10,170.0,0.0,Opponent,TrainingAgent,Heuristic,170.0
39,1,Opponent,Electrike,Thunder Jolt,1,False,30.0,6,1,170.0,70.0,Player,TrainingAgent,Search,140.0
39,2,Player,Eevee ex,Evolution Burst,0,True,618.0,6,17,170.0,10.0,Opponent,TrainingAgent,Search,140.0
39,3,Opponent,Electrike,Thunder Jolt,1,False,30.0,6,1,140.0,10.0,Player,TrainingAgent,Search,140.0
39,4,Player,Eevee ex,Evolution Burst,0,True,618.0,6,10,140.0,0.0,Opponent,TrainingAgent,Search,140.0
40,1,Player,Eevee ex,Evolution Burst,0,True,633.0,6,17,200.0,10.0,Opponent,TrainingAgent,Aggressive,170.0
40,2,Opponent,Electrike,Thunder Jolt,1,False,45.0,6,1,170.0,10.0,Player,TrainingAgent,Aggressive,170.0
40,3,Player,Eevee ex,Evolution Burst,0,True,633.0,6,10,170.0,0.0,Opponent,TrainingAgent,Aggressive,170.0
41,1,Opponent,Electrike,Thunder Jolt,1,False,0.0,6,1,170.0,70.0,Player,TrainingAgent,Defensive,140.0
41,2,Player,Eevee ex,Evolution Burst,0,True,618.0,6,17,170.0,10.0,Opponent,TrainingAgent,Defensive,140.0
41,3,Opponent,Electrike,Thunder Jolt,1,False,0.0,6,1,140.0,10.0,Player,TrainingAgent,Defensive,140.0
41,4,Player,Eevee ex,Evolution Burst,0,True,618.0,6,10,140.0,0.0,Opponent,TrainingAgent,Defensive,140.0
42,1,Player,Eevee ex,Evolution Burst,0,True,633.0,6,17,200.0,10.0,Opponent,TrainingAgent,Random,170.0
42,2,Opponent,Electrike,Thunder Jolt,1,False,0.0,6,1,170.0,10.0,Player,TrainingAgent,Random,170.0
42,3,Player,Eevee ex,Evolution Burst,0,True,633.0,6,10,170.0,0.0,Opponent,TrainingAgent,Random,170.0
43,1,Opponent,Electrike,Thunder Jolt,1,False,30.0,6,1,170.0,70.0,Player,TrainingAgent,Greedy,140.0
43,2,Player,Eevee ex,Evolution Burst,0,True,618.0,6,17,170.0,10.0,Opponent,TrainingAgent,Greedy,140.0
43,3,Opponent,Electrike,Thunder Jolt,1,False,30.0,6,1,140.0,10.0,Player,TrainingAgent,Greedy,140.0
43,4,Player,Eevee ex,Evolution Burst,0,True,618.0,6,10,140.0,0.0,Opponent,TrainingAgent,Greedy,140.0
44,1,Player,Eevee ex,Evolution Burst,0,True,633.0,6,17,200.0,10.0,Opponent,TrainingAgent,Heuristic,170.0
44,2,Opponent,Electrike,Thunder Jolt,1,False,30.0,6,1,170.0,10.0,Player,TrainingAgent,Heuristic,170.0
44,3,Player,Eevee ex,Evolution Burst,0,True,633.0,6,10,170.0,0.0,Opponent,TrainingAgent,Heuristic,170.0
45,1,Opponent,Electrike,Thunder Jolt,1,False,30.0,6,1,170.0,70.0,Player,TrainingAgent,Search,140.0
45,2,Player,Eevee ex,Evolution Burst,0,True,618.0,6,17,170.0,10.0,Opponent,TrainingAgent,Search,140.0
45,3,Opponent,Electrike,Thunder Jolt,1,False,30.0,6,1,140.0,10.0,Player,TrainingAgent,Search,140.0
45,4,Player,Eevee ex,Evolution Burst,0,True,618.0,6,10,140.0,0.0,Opponent,TrainingAgent,Search,140.0
46,1,Player,Eevee ex,Evolution Burst,0,True,633.0,6,17,200.0,10.0,Opponent,TrainingAgent,Aggressive,170.0
46,2,Opponent,Electrike,Thunder Jolt,1,False,45.0,6,1,170.0,10.0,Player,TrainingAgent,Aggressive,170.0
46,3,Player,Eevee ex,Evolution Burst,0,True,633.0,6,10,170.0,0.0,Opponent,TrainingAgent,Aggressive,170.0
47,1,Opponent,Electrike,Thunder Jolt,1,False,0.0,6,1,170.0,70.0,Player,TrainingAgent,Defensive,140.0
47,2,Player,Eevee ex,Evolution Burst,0,True,618.0,6,17,170.0,10.0,Opponent,TrainingAgent,Defensive,140.0
47,3,Opponent,Electrike,Thunder Jolt,1,False,0.0,6,1,140.0,10.0,Player,TrainingAgent,Defensive,140.0
47,4,Player,Eevee ex,Evolution Burst,0,True,618.0,6,10,140.0,0.0,Opponent,TrainingAgent,Defensive,140.0
48,1,Player,Eevee ex,Evolution Burst,0,True,633.0,6,17,200.0,10.0,Opponent,TrainingAgent,Random,170.0
48,2,Opponent,Electrike,Thunder Jolt,1,False,0.0,6,1,170.0,10.0,Player,TrainingAgent,Random,170.0
48,3,Player,Eevee ex,Evolution Burst,0,True,633.0,6,10,170.0,0.0,Opponent,TrainingAgent,Random,170.0
49,1,Opponent,Electrike,Thunder Jolt,1,False,30.0,6,1,170.0,70.0,Player,TrainingAgent,Greedy,140.0
49,2,Player,Eevee ex,Evolution Burst,0,True,618.0,6,17,170.0,10.0,Opponent,TrainingAgent,Greedy,140.0
49,3,Opponent,Electrike,Thunder Jolt,1,False,30.0,6,1,140.0,10.0,Player,TrainingAgent,Greedy,140.0
49,4,Player,Eevee ex,Evolution Burst,0,True,618.0,6,10,140.0,0.0,Opponent,TrainingAgent,Greedy,140.0
50,1,Player,Eevee ex,Evolution Burst,0,True,633.0,6,17,200.0,10.0,Opponent,TrainingAgent,Heuristic,170.0
50,2,Opponent,Electrike,Thunder Jolt,1,False,30.0,6,1,170.0,10.0,Player,TrainingAgent,Heuristic,170.0
50,3,Player,Eevee ex,Evolution Burst,0,True,633.0,6,10,170.0,0.0,Opponent,TrainingAgent,Heuristic,170.0
51,1,Opponent,Electrike,Thunder Jolt,1,False,30.0,6,1,170.0,70.0,Player,TrainingAgent,Search,140.0
51,2,Player,Eevee ex,Evolution Burst,0,True,618.0,6,17,170.0,10.0,Opponent,TrainingAgent,Search,140.0
51,3,Opponent,Electrike,Thunder Jolt,1,False,30.0,6,1,140.0,10.0,Player,TrainingAgent,Search,140.0
51,4,Player,Eevee ex,Evolution Burst,0,True,618.0,6,10,140.0,0.0,Opponent,TrainingAgent,Search,140.0
52,1,Player,Eevee ex,Evolution Burst,0,True,633.0,6,17,200.0,10.0,Opponent,TrainingAgent,Aggressive,170.0
52,2,Opponent,Electrike,Thunder Jolt,1,False,45.0,6,1,170.0,10.0,Player,TrainingAgent,Aggressive,170.0
52,3,Player,Eevee ex,Evolution Burst,0,True,633.0,6,10,170.0,0.0,Opponent,TrainingAgent,Aggressive,170.0
53,1,Opponent,Electrike,Thunder Jolt,1,False,0.0,6,1,170.0,70.0,Player,TrainingAgent,Defensive,140.0
53,2,Player,Eevee ex,Evolution Burst,0,True,618.0,6,17,170.0,10.0,Opponent,TrainingAgent,Defensive,140.0
53,3,Opponent,Electrike,Thunder Jolt,1,False,0.0,6,1,140.0,10.0,Player,TrainingAgent,Defensive,140.0
53,4,Player,Eevee ex,Evolution Burst,0,True,618.0,6,10,140.0,0.0,Opponent,TrainingAgent,Defensive,140.0
54,1,Player,Eevee ex,Evolution Burst,0,True,633.0,6,17,200.0,10.0,Opponent,TrainingAgent,Random,170.0
54,2,Opponent,Electrike,Thunder Jolt,1,False,0.0,6,1,170.0,10.0,Player,TrainingAgent,Random,170.0
54,3,Player,Eevee ex,Evolution Burst,0,True,633.0,6,10,170.0,0.0,Opponent,TrainingAgent,Random,170.0
55,1,Opponent,Electrike,Thunder Jolt,1,False,30.0,6,1,170.0,70.0,Player,TrainingAgent,Greedy,140.0
55,2,Player,Eevee ex,Evolution Burst,0,True,618.0,6,17,170.0,10.0,Opponent,TrainingAgent,Greedy,140.0
55,3,Opponent,Electrike,Thunder Jolt,1,False,30.0,6,1,140.0,10.0,Player,TrainingAgent,Greedy,140.0
55,4,Player,Eevee ex,Evolution Burst,0,True,618.0,6,10,140.0,0.0,Opponent,TrainingAgent,Greedy,140.0
56,1,Player,Eevee ex,Evolution Burst,0,True,633.0,6,17,200.0,10.0,Opponent,TrainingAgent,Heuristic,170.0
56,2,Opponent,Electrike,Thunder Jolt,1,False,30.0,6,1,170.0,10.0,Player,TrainingAgent,Heuristic,170.0
56,3,Player,Eevee ex,Evolution Burst,0,True,633.0,6,10,170.0,0.0,Opponent,TrainingAgent,Heuristic,170.0
57,1,Opponent,Electrike,Thunder Jolt,1,False,30.0,6,1,170.0,70.0,Player,TrainingAgent,Search,140.0
57,2,Player,Eevee ex,Evolution Burst,0,True,618.0,6,17,170.0,10.0,Opponent,TrainingAgent,Search,140.0
57,3,Opponent,Electrike,Thunder Jolt,1,False,30.0,6,1,140.0,10.0,Player,TrainingAgent,Search,140.0
57,4,Player,Eevee ex,Evolution Burst,0,True,618.0,6,10,140.0,0.0,Opponent,TrainingAgent,Search,140.0
58,1,Player,Eevee ex,Evolution Burst,0,True,633.0,6,17,200.0,10.0,Opponent,TrainingAgent,Aggressive,170.0
58,2,Opponent,Electrike,Thunder Jolt,1,False,45.0,6,1,170.0,10.0,Player,TrainingAgent,Aggressive,170.0
58,3,Player,Eevee ex,Evolution Burst,0,True,633.0,6,10,170.0,0.0,Opponent,TrainingAgent,Aggressive,170.0
59,1,Opponent,Electrike,Thunder Jolt,1,False,0.0,6,1,170.0,70.0,Player,TrainingAgent,Defensive,140.0
59,2,Player,Eevee ex,Evolution Burst,0,True,618.0,6,17,170.0,10.0,Opponent,TrainingAgent,Defensive,140.0
59,3,Opponent,Electrike,Thunder Jolt,1,False,0.0,6,1,140.0,10.0,Player,TrainingAgent,Defensive,140.0
59,4,Player,Eevee ex,Evolution Burst,0,True,618.0,6,10,140.0,0.0,Opponent,TrainingAgent,Defensive,140.0
60,1,Player,Eevee ex,Evolution Burst,0,True,633.0,6,17,200.0,10.0,Opponent,TrainingAgent,Random,170.0
60,2,Opponent,Electrike,Thunder Jolt,1,False,0.0,6,1,170.0,10.0,Player,TrainingAgent,Random,170.0
60,3,Player,Eevee ex,Evolution Burst,0,True,633.0,6,10,170.0,0.0,Opponent,TrainingAgent,Random,170.0
61,1,Opponent,Electrike,Thunder Jolt,1,False,30.0,6,1,170.0,70.0,Player,TrainingAgent,Greedy,140.0
61,2,Player,Eevee ex,Evolution Burst,0,True,618.0,6,17,170.0,10.0,Opponent,TrainingAgent,Greedy,140.0
61,3,Opponent,Electrike,Thunder Jolt,1,False,30.0,6,1,140.0,10.0,Player,TrainingAgent,Greedy,140.0
61,4,Player,Eevee ex,Evolution Burst,0,True,618.0,6,10,140.0,0.0,Opponent,TrainingAgent,Greedy,140.0
62,1,Player,Eevee ex,Evolution Burst,0,True,633.0,6,17,200.0,10.0,Opponent,TrainingAgent,Heuristic,170.0
62,2,Opponent,Electrike,Thunder Jolt,1,False,30.0,6,1,170.0,10.0,Player,TrainingAgent,Heuristic,170.0
62,3,Player,Eevee ex,Evolution Burst,0,True,633.0,6,10,170.0,0.0,Opponent,TrainingAgent,Heuristic,170.0
63,1,Opponent,Electrike,Thunder Jolt,1,False,30.0,6,1,170.0,70.0,Player,TrainingAgent,Search,140.0
63,2,Player,Eevee ex,Evolution Burst,0,True,618.0,6,17,170.0,10.0,Opponent,TrainingAgent,Search,140.0
63,3,Opponent,Electrike,Thunder Jolt,1,False,30.0,6,1,140.0,10.0,Player,TrainingAgent,Search,140.0
63,4,Player,Eevee ex,Evolution Burst,0,True,618.0,6,10,140.0,0.0,Opponent,TrainingAgent,Search,140.0
64,1,Player,Eevee ex,Evolution Burst,0,True,633.0,6,17,200.0,10.0,Opponent,TrainingAgent,Aggressive,170.0
64,2,Opponent,Electrike,Thunder Jolt,1,False,45.0,6,1,170.0,10.0,Player,TrainingAgent,Aggressive,170.0
64,3,Player,Eevee ex,Evolution Burst,0,True,633.0,6,10,170.0,0.0,Opponent,TrainingAgent,Aggressive,170.0
65,1,Opponent,Electrike,Thunder Jolt,1,False,0.0,6,1,170.0,70.0,Player,TrainingAgent,Defensive,140.0
65,2,Player,Eevee ex,Evolution Burst,0,True,618.0,6,17,170.0,10.0,Opponent,TrainingAgent,Defensive,140.0
65,3,Opponent,Electrike,Thunder Jolt,1,False,0.0,6,1,140.0,10.0,Player,TrainingAgent,Defensive,140.0
65,4,Player,Eevee ex,Evolution Burst,0,True,618.0,6,10,140.0,0.0,Opponent,TrainingAgent,Defensive,140.0
66,1,Player,Eevee ex,Evolution Burst,0,True,633.0,6,17,200.0,10.0,Opponent,TrainingAgent,Random,170.0
66,2,Opponent,Electrike,Thunder Jolt,1,False,0.0,6,1,170.0,10.0,Player,TrainingAgent,Random,170.0
66,3,Player,Eevee ex,Evolution Burst,0,True,633.0,6,10,170.0,0.0,Opponent,TrainingAgent,Random,170.0
67,1,Opponent,Electrike,Thunder Jolt,1,False,30.0,6,1,170.0,70.0,Player,TrainingAgent,Greedy,140.0
67,2,Player,Eevee ex,Evolution Burst,0,True,618.0,6,17,170.0,10.0,Opponent,TrainingAgent,Greedy,140.0
67,3,Opponent,Electrike,Thunder Jolt,1,False,30.0,6,1,140.0,10.0,Player,TrainingAgent,Greedy,140.0
67,4,Player,Eevee ex,Evolution Burst,0,True,618.0,6,10,140.0,0.0,Opponent,TrainingAgent,Greedy,140.0
68,1,Player,Eevee ex,Evolution Burst,0,True,633.0,6,17,200.0,10.0,Opponent,TrainingAgent,Heuristic,170.0
68,2,Opponent,Electrike,Thunder Jolt,1,False,30.0,6,1,170.0,10.0,Player,TrainingAgent,Heuristic,170.0
68,3,Player,Eevee ex,Evolution Burst,0,True,633.0,6,10,170.0,0.0,Opponent,TrainingAgent,Heuristic,170.0
69,1,Opponent,Electrike,Thunder Jolt,1,False,30.0,6,1,170.0,70.0,Player,TrainingAgent,Search,140.0
69,2,Player,Eevee ex,Evolution Burst,0,True,618.0,6,17,170.0,10.0,Opponent,TrainingAgent,Search,140.0
69,3,Opponent,Electrike,Thunder Jolt,1,False,30.0,6,1,140.0,10.0,Player,TrainingAgent,Search,140.0
69,4,Player,Eevee ex,Evolution Burst,0,True,618.0,6,10,140.0,0.0,Opponent,TrainingAgent,Search,140.0
70,1,Player,Eevee ex,Evolution Burst,0,True,633.0,6,17,200.0,10.0,Opponent,TrainingAgent,Aggressive,170.0
70,2,Opponent,Electrike,Thunder Jolt,1,False,45.0,6,1,170.0,10.0,Player,TrainingAgent,Aggressive,170.0
70,3,Player,Eevee ex,Evolution Burst,0,True,633.0,6,10,170.0,0.0,Opponent,TrainingAgent,Aggressive,170.0
71,1,Opponent,Electrike,Thunder Jolt,1,False,0.0,6,1,170.0,70.0,Player,TrainingAgent,Defensive,140.0
71,2,Player,Eevee ex,Evolution Burst,0,True,618.0,6,17,170.0,10.0,Opponent,TrainingAgent,Defensive,140.0
71,3,Opponent,Electrike,Thunder Jolt,1,False,0.0,6,1,140.0,10.0,Player,TrainingAgent,Defensive,140.0
71,4,Player,Eevee ex,Evolution Burst,0,True,618.0,6,10,140.0,0.0,Opponent,TrainingAgent,Defensive,140.0
72,1,Player,Eevee ex,Evolution Burst,0,True,633.0,6,17,200.0,10.0,Opponent,TrainingAgent,Random,170.0
72,2,Opponent,Electrike,Thunder Jolt,1,False,0.0,6,1,170.0,10.0,Player,TrainingAgent,Random,170.0
72,3,Player,Eevee ex,Evolution Burst,0,True,633.0,6,10,170.0,0.0,Opponent,TrainingAgent,Random,170.0
73,1,Opponent,Electrike,Thunder Jolt,1,False,30.0,6,1,170.0,70.0,Player,TrainingAgent,Greedy,140.0
73,2,Player,Eevee ex,Evolution Burst,0,True,618.0,6,17,170.0,10.0,Opponent,TrainingAgent,Greedy,140.0
73,3,Opponent,Electrike,Thunder Jolt,1,False,30.0,6,1,140.0,10.0,Player,TrainingAgent,Greedy,140.0
73,4,Player,Eevee ex,Evolution Burst,0,True,618.0,6,10,140.0,0.0,Opponent,TrainingAgent,Greedy,140.0
74,1,Player,Eevee ex,Evolution Burst,0,True,633.0,6,17,200.0,10.0,Opponent,TrainingAgent,Heuristic,170.0
74,2,Opponent,Electrike,Thunder Jolt,1,False,30.0,6,1,170.0,10.0,Player,TrainingAgent,Heuristic,170.0
74,3,Player,Eevee ex,Evolution Burst,0,True,633.0,6,10,170.0,0.0,Opponent,TrainingAgent,Heuristic,170.0
75,1,Opponent,Electrike,Thunder Jolt,1,False,30.0,6,1,170.0,70.0,Player,TrainingAgent,Search,140.0
75,2,Player,Eevee ex,Evolution Burst,0,True,618.0,6,17,170.0,10.0,Opponent,TrainingAgent,Search,140.0
75,3,Opponent,Electrike,Thunder Jolt,1,False,30.0,6,1,140.0,10.0,Player,TrainingAgent,Search,140.0
75,4,Player,Eevee ex,Evolution Burst,0,True,618.0,6,10,140.0,0.0,Opponent,TrainingAgent,Search,140.0
76,1,Player,Eevee ex,Evolution Burst,0,True,633.0,6,17,200.0,10.0,Opponent,TrainingAgent,Aggressive,170.0
76,2,Opponent,Electrike,Thunder Jolt,1,False,45.0,6,1,170.0,10.0,Player,TrainingAgent,Aggressive,170.0
76,3,Player,Eevee ex,Evolution Burst,0,True,633.0,6,10,170.0,0.0,Opponent,TrainingAgent,Aggressive,170.0
77,1,Opponent,Electrike,Thunder Jolt,1,False,0.0,6,1,170.0,70.0,Player,TrainingAgent,Defensive,140.0
77,2,Player,Eevee ex,Evolution Burst,0,True,618.0,6,17,170.0,10.0,Opponent,TrainingAgent,Defensive,140.0
77,3,Opponent,Electrike,Thunder Jolt,1,False,0.0,6,1,140.0,10.0,Player,TrainingAgent,Defensive,140.0
77,4,Player,Eevee ex,Evolution Burst,0,True,618.0,6,10,140.0,0.0,Opponent,TrainingAgent,Defensive,140.0
78,1,Player,Eevee ex,Evolution Burst,0,True,633.0,6,17,200.0,10.0,Opponent,TrainingAgent,Random,170.0
78,2,Opponent,Electrike,Thunder Jolt,1,False,0.0,6,1,170.0,10.0,Player,TrainingAgent,Random,170.0
78,3,Player,Eevee ex,Evolution Burst,0,True,633.0,6,10,170.0,0.0,Opponent,TrainingAgent,Random,170.0
79,1,Opponent,Electrike,Thunder Jolt,1,False,30.0,6,1,170.0,70.0,Player,TrainingAgent,Greedy,140.0
79,2,Player,Eevee ex,Evolution Burst,0,True,618.0,6,17,170.0,10.0,Opponent,TrainingAgent,Greedy,140.0
79,3,Opponent,Electrike,Thunder Jolt,1,False,30.0,6,1,140.0,10.0,Player,TrainingAgent,Greedy,140.0
79,4,Player,Eevee ex,Evolution Burst,0,True,618.0,6,10,140.0,0.0,Opponent,TrainingAgent,Greedy,140.0
80,1,Player,Eevee ex,Evolution Burst,0,True,633.0,6,17,200.0,10.0,Opponent,TrainingAgent,Heuristic,170.0
80,2,Opponent,Electrike,Thunder Jolt,1,False,30.0,6,1,170.0,10.0,Player,TrainingAgent,Heuristic,170.0
80,3,Player,Eevee ex,Evolution Burst,0,True,633.0,6,10,170.0,0.0,Opponent,TrainingAgent,Heuristic,170.0
81,1,Opponent,Electrike,Thunder Jolt,1,False,30.0,6,1,170.0,70.0,Player,TrainingAgent,Search,140.0
81,2,Player,Eevee ex,Evolution Burst,0,True,618.0,6,17,170.0,10.0,Opponent,TrainingAgent,Search,140.0
81,3,Opponent,Electrike,Thunder Jolt,1,False,30.0,6,1,140.0,10.0,Player,TrainingAgent,Search,140.0
81,4,Player,Eevee ex,Evolution Burst,0,True,618.0,6,10,140.0,0.0,Opponent,TrainingAgent,Search,140.0
82,1,Player,Eevee ex,Evolution Burst,0,True,633.0,6,17,200.0,10.0,Opponent,TrainingAgent,Aggressive,170.0
82,2,Opponent,Electrike,Thunder Jolt,1,False,45.0,6,1,170.0,10.0,Player,TrainingAgent,Aggressive,170.0
82,3,Player,Eevee ex,Evolution Burst,0,True,633.0,6,10,170.0,0.0,Opponent,TrainingAgent,Aggressive,170.0
83,1,Opponent,Electrike,Thunder Jolt,1,False,0.0,6,1,170.0,70.0,Player,TrainingAgent,Defensive,140.0
83,2,Player,Eevee ex,Evolution Burst,0,True,618.0,6,17,170.0,10.0,Opponent,TrainingAgent,Defensive,140.0
83,3,Opponent,Electrike,Thunder Jolt,1,False,0.0,6,1,140.0,10.0,Player,TrainingAgent,Defensive,140.0
83,4,Player,Eevee ex,Evolution Burst,0,True,618.0,6,10,140.0,0.0,Opponent,TrainingAgent,Defensive,140.0
84,1,Player,Eevee ex,Evolution Burst,0,True,633.0,6,17,200.0,10.0,Opponent,TrainingAgent,Random,170.0
84,2,Opponent,Electrike,Thunder Jolt,1,False,0.0,6,1,170.0,10.0,Player,TrainingAgent,Random,170.0
84,3,Player,Eevee ex,Evolution Burst,0,True,633.0,6,10,170.0,0.0,Opponent,TrainingAgent,Random,170.0
85,1,Opponent,Electrike,Thunder Jolt,1,False,30.0,6,1,170.0,70.0,Player,TrainingAgent,Greedy,140.0
85,2,Player,Eevee ex,Evolution Burst,0,True,618.0,6,17,170.0,10.0,Opponent,TrainingAgent,Greedy,140.0
85,3,Opponent,Electrike,Thunder Jolt,1,False,30.0,6,1,140.0,10.0,Player,TrainingAgent,Greedy,140.0
85,4,Player,Eevee ex,Evolution Burst,0,True,618.0,6,10,140.0,0.0,Opponent,TrainingAgent,Greedy,140.0
86,1,Player,Eevee ex,Evolution Burst,0,True,633.0,6,17,200.0,10.0,Opponent,TrainingAgent,Heuristic,170.0
86,2,Opponent,Electrike,Thunder Jolt,1,False,30.0,6,1,170.0,10.0,Player,TrainingAgent,Heuristic,170.0
86,3,Player,Eevee ex,Evolution Burst,0,True,633.0,6,10,170.0,0.0,Opponent,TrainingAgent,Heuristic,170.0
87,1,Opponent,Electrike,Thunder Jolt,1,False,30.0,6,1,170.0,70.0,Player,TrainingAgent,Search,140.0
87,2,Player,Eevee ex,Evolution Burst,0,True,618.0,6,17,170.0,10.0,Opponent,TrainingAgent,Search,140.0
87,3,Opponent,Electrike,Thunder Jolt,1,False,30.0,6,1,140.0,10.0,Player,TrainingAgent,Search,140.0
87,4,Player,Eevee ex,Evolution Burst,0,True,618.0,6,10,140.0,0.0,Opponent,TrainingAgent,Search,140.0
88,1,Player,Eevee ex,Evolution Burst,0,True,633.0,6,17,200.0,10.0,Opponent,TrainingAgent,Aggressive,170.0
88,2,Opponent,Electrike,Thunder Jolt,1,False,45.0,6,1,170.0,10.0,Player,TrainingAgent,Aggressive,170.0
88,3,Player,Eevee ex,Evolution Burst,0,True,633.0,6,10,170.0,0.0,Opponent,TrainingAgent,Aggressive,170.0
89,1,Opponent,Electrike,Thunder Jolt,1,False,0.0,6,1,170.0,70.0,Player,TrainingAgent,Defensive,140.0
89,2,Player,Eevee ex,Evolution Burst,0,True,618.0,6,17,170.0,10.0,Opponent,TrainingAgent,Defensive,140.0
89,3,Opponent,Electrike,Thunder Jolt,1,False,0.0,6,1,140.0,10.0,Player,TrainingAgent,Defensive,140.0
89,4,Player,Eevee ex,Evolution Burst,0,True,618.0,6,10,140.0,0.0,Opponent,TrainingAgent,Defensive,140.0
90,1,Player,Eevee ex,Evolution Burst,0,True,633.0,6,17,200.0,10.0,Opponent,TrainingAgent,Random,170.0
90,2,Opponent,Electrike,Thunder Jolt,1,False,0.0,6,1,170.0,10.0,Player,TrainingAgent,Random,170.0
90,3,Player,Eevee ex,Evolution Burst,0,True,633.0,6,10,170.0,0.0,Opponent,TrainingAgent,Random,170.0
91,1,Opponent,Electrike,Thunder Jolt,1,False,30.0,6,1,170.0,70.0,Player,TrainingAgent,Greedy,140.0
91,2,Player,Eevee ex,Evolution Burst,0,True,618.0,6,17,170.0,10.0,Opponent,TrainingAgent,Greedy,140.0
91,3,Opponent,Electrike,Thunder Jolt,1,False,30.0,6,1,140.0,10.0,Player,TrainingAgent,Greedy,140.0
91,4,Player,Eevee ex,Evolution Burst,0,True,618.0,6,10,140.0,0.0,Opponent,TrainingAgent,Greedy,140.0
92,1,Player,Eevee ex,Evolution Burst,0,True,633.0,6,17,200.0,10.0,Opponent,TrainingAgent,Heuristic,170.0
92,2,Opponent,Electrike,Thunder Jolt,1,False,30.0,6,1,170.0,10.0,Player,TrainingAgent,Heuristic,170.0
92,3,Player,Eevee ex,Evolution Burst,0,True,633.0,6,10,170.0,0.0,Opponent,TrainingAgent,Heuristic,170.0
93,1,Opponent,Electrike,Thunder Jolt,1,False,30.0,6,1,170.0,70.0,Player,TrainingAgent,Search,140.0
93,2,Player,Eevee ex,Evolution Burst,0,True,618.0,6,17,170.0,10.0,Opponent,TrainingAgent,Search,140.0
93,3,Opponent,Electrike,Thunder Jolt,1,False,30.0,6,1,140.0,10.0,Player,TrainingAgent,Search,140.0
93,4,Player,Eevee ex,Evolution Burst,0,True,618.0,6,10,140.0,0.0,Opponent,TrainingAgent,Search,140.0
94,1,Player,Eevee ex,Evolution Burst,0,True,633.0,6,17,200.0,10.0,Opponent,TrainingAgent,Aggressive,170.0
94,2,Opponent,Electrike,Thunder Jolt,1,False,45.0,6,1,170.0,10.0,Player,TrainingAgent,Aggressive,170.0
94,3,Player,Eevee ex,Evolution Burst,0,True,633.0,6,10,170.0,0.0,Opponent,TrainingAgent,Aggressive,170.0
95,1,Opponent,Electrike,Thunder Jolt,1,False,0.0,6,1,170.0,70.0,Player,TrainingAgent,Defensive,140.0
95,2,Player,Eevee ex,Evolution Burst,0,True,618.0,6,17,170.0,10.0,Opponent,TrainingAgent,Defensive,140.0
95,3,Opponent,Electrike,Thunder Jolt,1,False,0.0,6,1,140.0,10.0,Player,TrainingAgent,Defensive,140.0
95,4,Player,Eevee ex,Evolution Burst,0,True,618.0,6,10,140.0,0.0,Opponent,TrainingAgent,Defensive,140.0
96,1,Player,Eevee ex,Evolution Burst,0,True,633.0,6,17,200.0,10.0,Opponent,TrainingAgent,Random,170.0
96,2,Opponent,Electrike,Thunder Jolt,1,False,0.0,6,1,170.0,10.0,Player,TrainingAgent,Random,170.0
96,3,Player,Eevee ex,Evolution Burst,0,True,633.0,6,10,170.0,0.0,Opponent,TrainingAgent,Random,170.0
97,1,Opponent,Electrike,Thunder Jolt,1,False,30.0,6,1,170.0,70.0,Player,TrainingAgent,Greedy,140.0
97,2,Player,Eevee ex,Evolution Burst,0,True,618.0,6,17,170.0,10.0,Opponent,TrainingAgent,Greedy,140.0
97,3,Opponent,Electrike,Thunder Jolt,1,False,30.0,6,1,140.0,10.0,Player,TrainingAgent,Greedy,140.0
97,4,Player,Eevee ex,Evolution Burst,0,True,618.0,6,10,140.0,0.0,Opponent,TrainingAgent,Greedy,140.0
98,1,Player,Eevee ex,Evolution Burst,0,True,633.0,6,17,200.0,10.0,Opponent,TrainingAgent,Heuristic,170.0
98,2,Opponent,Electrike,Thunder Jolt,1,False,30.0,6,1,170.0,10.0,Player,TrainingAgent,Heuristic,170.0
98,3,Player,Eevee ex,Evolution Burst,0,True,633.0,6,10,170.0,0.0,Opponent,TrainingAgent,Heuristic,170.0
99,1,Opponent,Electrike,Thunder Jolt,1,False,30.0,6,1,170.0,70.0,Player,TrainingAgent,Search,140.0
99,2,Player,Eevee ex,Evolution Burst,0,True,618.0,6,17,170.0,10.0,Opponent,TrainingAgent,Search,140.0
99,3,Opponent,Electrike,Thunder Jolt,1,False,30.0,6,1,140.0,10.0,Player,TrainingAgent,Search,140.0
99,4,Player,Eevee ex,Evolution Burst,0,True,618.0,6,10,140.0,0.0,Opponent,TrainingAgent,Search,140.0
100,1,Player,Eevee ex,Evolution Burst,0,True,633.0,6,17,200.0,10.0,Opponent,TrainingAgent,Aggressive,170.0
100,2,Opponent,Electrike,Thunder Jolt,1,False,45.0,6,1,170.0,10.0,Player,TrainingAgent,Aggressive,170.0
100,3,Player,Eevee ex,Evolution Burst,0,True,633.0,6,10,170.0,0.0,Opponent,TrainingAgent,Aggressive,170.0
101,1,Opponent,Electrike,Thunder Jolt,1,False,0.0,6,1,170.0,70.0,Player,TrainingAgent,Defensive,140.0
101,2,Player,Eevee ex,Evolution Burst,0,True,618.0,6,17,170.0,10.0,Opponent,TrainingAgent,Defensive,140.0
101,3,Opponent,Electrike,Thunder Jolt,1,False,0.0,6,1,140.0,10.0,Player,TrainingAgent,Defensive,140.0
101,4,Player,Eevee ex,Evolution Burst,0,True,618.0,6,10,140.0,0.0,Opponent,TrainingAgent,Defensive,140.0
102,1,Player,Eevee ex,Evolution Burst,0,True,633.0,6,17,200.0,10.0,Opponent,TrainingAgent,Random,170.0
102,2,Opponent,Electrike,Thunder Jolt,1,False,0.0,6,1,170.0,10.0,Player,TrainingAgent,Random,170.0
102,3,Player,Eevee ex,Evolution Burst,0,True,633.0,6,10,170.0,0.0,Opponent,TrainingAgent,Random,170.0
103,1,Opponent,Electrike,Thunder Jolt,1,False,30.0,6,1,170.0,70.0,Player,TrainingAgent,Greedy,140.0
103,2,Player,Eevee ex,Evolution Burst,0,True,618.0,6,17,170.0,10.0,Opponent,TrainingAgent,Greedy,140.0
103,3,Opponent,Electrike,Thunder Jolt,1,False,30.0,6,1,140.0,10.0,Player,TrainingAgent,Greedy,140.0
103,4,Player,Eevee ex,Evolution Burst,0,True,618.0,6,10,140.0,0.0,Opponent,TrainingAgent,Greedy,140.0
104,1,Player,Eevee ex,Evolution Burst,0,True,633.0,6,17,200.0,10.0,Opponent,TrainingAgent,Heuristic,170.0
104,2,Opponent,Electrike,Thunder Jolt,1,False,30.0,6,1,170.0,10.0,Player,TrainingAgent,Heuristic,170.0
104,3,Player,Eevee ex,Evolution Burst,0,True,633.0,6,10,170.0,0.0,Opponent,TrainingAgent,Heuristic,170.0
105,1,Opponent,Electrike,Thunder Jolt,1,False,30.0,6,1,170.0,70.0,Player,TrainingAgent,Search,140.0
105,2,Player,Eevee ex,Evolution Burst,0,True,618.0,6,17,170.0,10.0,Opponent,TrainingAgent,Search,140.0
105,3,Opponent,Electrike,Thunder Jolt,1,False,30.0,6,1,140.0,10.0,Player,TrainingAgent,Search,140.0
105,4,Player,Eevee ex,Evolution Burst,0,True,618.0,6,10,140.0,0.0,Opponent,TrainingAgent,Search,140.0
106,1,Player,Eevee ex,Evolution Burst,0,True,633.0,6,17,200.0,10.0,Opponent,TrainingAgent,Aggressive,170.0
106,2,Opponent,Electrike,Thunder Jolt,1,False,45.0,6,1,170.0,10.0,Player,TrainingAgent,Aggressive,170.0
106,3,Player,Eevee ex,Evolution Burst,0,True,633.0,6,10,170.0,0.0,Opponent,TrainingAgent,Aggressive,170.0
107,1,Opponent,Electrike,Thunder Jolt,1,False,0.0,6,1,170.0,70.0,Player,TrainingAgent,Defensive,140.0
107,2,Player,Eevee ex,Evolution Burst,0,True,618.0,6,17,170.0,10.0,Opponent,TrainingAgent,Defensive,140.0
107,3,Opponent,Electrike,Thunder Jolt,1,False,0.0,6,1,140.0,10.0,Player,TrainingAgent,Defensive,140.0
107,4,Player,Eevee ex,Evolution Burst,0,True,618.0,6,10,140.0,0.0,Opponent,TrainingAgent,Defensive,140.0
108,1,Player,Eevee ex,Evolution Burst,0,True,633.0,6,17,200.0,10.0,Opponent,TrainingAgent,Random,170.0
108,2,Opponent,Electrike,Thunder Jolt,1,False,0.0,6,1,170.0,10.0,Player,TrainingAgent,Random,170.0
108,3,Player,Eevee ex,Evolution Burst,0,True,633.0,6,10,170.0,0.0,Opponent,TrainingAgent,Random,170.0
109,1,Opponent,Electrike,Thunder Jolt,1,False,30.0,6,1,170.0,70.0,Player,TrainingAgent,Greedy,140.0
109,2,Player,Eevee ex,Evolution Burst,0,True,618.0,6,17,170.0,10.0,Opponent,TrainingAgent,Greedy,140.0
109,3,Opponent,Electrike,Thunder Jolt,1,False,30.0,6,1,140.0,10.0,Player,TrainingAgent,Greedy,140.0
109,4,Player,Eevee ex,Evolution Burst,0,True,618.0,6,10,140.0,0.0,Opponent,TrainingAgent,Greedy,140.0
110,1,Player,Eevee ex,Evolution Burst,0,True,633.0,6,17,200.0,10.0,Opponent,TrainingAgent,Heuristic,170.0
110,2,Opponent,Electrike,Thunder Jolt,1,False,30.0,6,1,170.0,10.0,Player,TrainingAgent,Heuristic,170.0
110,3,Player,Eevee ex,Evolution Burst,0,True,633.0,6,10,170.0,0.0,Opponent,TrainingAgent,Heuristic,170.0
111,1,Opponent,Electrike,Thunder Jolt,1,False,30.0,6,1,170.0,70.0,Player,TrainingAgent,Search,140.0
111,2,Player,Eevee ex,Evolution Burst,0,True,618.0,6,17,170.0,10.0,Opponent,TrainingAgent,Search,140.0
111,3,Opponent,Electrike,Thunder Jolt,1,False,30.0,6,1,140.0,10.0,Player,TrainingAgent,Search,140.0
111,4,Player,Eevee ex,Evolution Burst,0,True,618.0,6,10,140.0,0.0,Opponent,TrainingAgent,Search,140.0
112,1,Player,Eevee ex,Evolution Burst,0,True,633.0,6,17,200.0,10.0,Opponent,TrainingAgent,Aggressive,170.0
112,2,Opponent,Electrike,Thunder Jolt,1,False,45.0,6,1,170.0,10.0,Player,TrainingAgent,Aggressive,170.0
112,3,Player,Eevee ex,Evolution Burst,0,True,633.0,6,10,170.0,0.0,Opponent,TrainingAgent,Aggressive,170.0
113,1,Opponent,Electrike,Thunder Jolt,1,False,0.0,6,1,170.0,70.0,Player,TrainingAgent,Defensive,140.0
113,2,Player,Eevee ex,Evolution Burst,0,True,618.0,6,17,170.0,10.0,Opponent,TrainingAgent,Defensive,140.0
113,3,Opponent,Electrike,Thunder Jolt,1,False,0.0,6,1,140.0,10.0,Player,TrainingAgent,Defensive,140.0
113,4,Player,Eevee ex,Evolution Burst,0,True,618.0,6,10,140.0,0.0,Opponent,TrainingAgent,Defensive,140.0
114,1,Player,Eevee ex,Evolution Burst,0,True,633.0,6,17,200.0,10.0,Opponent,TrainingAgent,Random,170.0
114,2,Opponent,Electrike,Thunder Jolt,1,False,0.0,6,1,170.0,10.0,Player,TrainingAgent,Random,170.0
114,3,Player,Eevee ex,Evolution Burst,0,True,633.0,6,10,170.0,0.0,Opponent,TrainingAgent,Random,170.0
115,1,Opponent,Electrike,Thunder Jolt,1,False,30.0,6,1,170.0,70.0,Player,TrainingAgent,Greedy,140.0
115,2,Player,Eevee ex,Evolution Burst,0,True,618.0,6,17,170.0,10.0,Opponent,TrainingAgent,Greedy,140.0
115,3,Opponent,Electrike,Thunder Jolt,1,False,30.0,6,1,140.0,10.0,Player,TrainingAgent,Greedy,140.0
115,4,Player,Eevee ex,Evolution Burst,0,True,618.0,6,10,140.0,0.0,Opponent,TrainingAgent,Greedy,140.0
116,1,Player,Eevee ex,Evolution Burst,0,True,633.0,6,17,200.0,10.0,Opponent,TrainingAgent,Heuristic,170.0
116,2,Opponent,Electrike,Thunder Jolt,1,False,30.0,6,1,170.0,10.0,Player,TrainingAgent,Heuristic,170.0
116,3,Player,Eevee ex,Evolution Burst,0,True,633.0,6,10,170.0,0.0,Opponent,TrainingAgent,Heuristic,170.0
117,1,Opponent,Electrike,Thunder Jolt,1,False,30.0,6,1,170.0,70.0,Player,TrainingAgent,Search,140.0
117,2,Player,Eevee ex,Evolution Burst,0,True,618.0,6,17,170.0,10.0,Opponent,TrainingAgent,Search,140.0
117,3,Opponent,Electrike,Thunder Jolt,1,False,30.0,6,1,140.0,10.0,Player,TrainingAgent,Search,140.0
117,4,Player,Eevee ex,Evolution Burst,0,True,618.0,6,10,140.0,0.0,Opponent,TrainingAgent,Search,140.0
118,1,Player,Eevee ex,Evolution Burst,0,True,633.0,6,17,200.0,10.0,Opponent,TrainingAgent,Aggressive,170.0
118,2,Opponent,Electrike,Thunder Jolt,1,False,45.0,6,1,170.0,10.0,Player,TrainingAgent,Aggressive,170.0
118,3,Player,Eevee ex,Evolution Burst,0,True,633.0,6,10,170.0,0.0,Opponent,TrainingAgent,Aggressive,170.0
119,1,Opponent,Electrike,Thunder Jolt,1,False,0.0,6,1,170.0,70.0,Player,TrainingAgent,Defensive,140.0
119,2,Player,Eevee ex,Evolution Burst,0,True,618.0,6,17,170.0,10.0,Opponent,TrainingAgent,Defensive,140.0
119,3,Opponent,Electrike,Thunder Jolt,1,False,0.0,6,1,140.0,10.0,Player,TrainingAgent,Defensive,140.0
119,4,Player,Eevee ex,Evolution Burst,0,True,618.0,6,10,140.0,0.0,Opponent,TrainingAgent,Defensive,140.0
120,1,Player,Eevee ex,Evolution Burst,0,True,633.0,6,17,200.0,10.0,Opponent,TrainingAgent,Random,170.0
120,2,Opponent,Electrike,Thunder Jolt,1,False,0.0,6,1,170.0,10.0,Player,TrainingAgent,Random,170.0
120,3,Player,Eevee ex,Evolution Burst,0,True,633.0,6,10,170.0,0.0,Opponent,TrainingAgent,Random,170.0
121,1,Opponent,Electrike,Thunder Jolt,1,False,30.0,6,1,170.0,70.0,Player,TrainingAgent,Greedy,140.0
121,2,Player,Eevee ex,Evolution Burst,0,True,618.0,6,17,170.0,10.0,Opponent,TrainingAgent,Greedy,140.0
121,3,Opponent,Electrike,Thunder Jolt,1,False,30.0,6,1,140.0,10.0,Player,TrainingAgent,Greedy,140.0
121,4,Player,Eevee ex,Evolution Burst,0,True,618.0,6,10,140.0,0.0,Opponent,TrainingAgent,Greedy,140.0
122,1,Player,Eevee ex,Evolution Burst,0,True,633.0,6,17,200.0,10.0,Opponent,TrainingAgent,Heuristic,170.0
122,2,Opponent,Electrike,Thunder Jolt,1,False,30.0,6,1,170.0,10.0,Player,TrainingAgent,Heuristic,170.0
122,3,Player,Eevee ex,Evolution Burst,0,True,633.0,6,10,170.0,0.0,Opponent,TrainingAgent,Heuristic,170.0
123,1,Opponent,Electrike,Thunder Jolt,1,False,30.0,6,1,170.0,70.0,Player,TrainingAgent,Search,140.0
123,2,Player,Eevee ex,Evolution Burst,0,True,618.0,6,17,170.0,10.0,Opponent,TrainingAgent,Search,140.0
123,3,Opponent,Electrike,Thunder Jolt,1,False,30.0,6,1,140.0,10.0,Player,TrainingAgent,Search,140.0
123,4,Player,Eevee ex,Evolution Burst,0,True,618.0,6,10,140.0,0.0,Opponent,TrainingAgent,Search,140.0
124,1,Player,Eevee ex,Evolution Burst,0,True,633.0,6,17,200.0,10.0,Opponent,TrainingAgent,Aggressive,170.0
124,2,Opponent,Electrike,Thunder Jolt,1,False,45.0,6,1,170.0,10.0,Player,TrainingAgent,Aggressive,170.0
124,3,Player,Eevee ex,Evolution Burst,0,True,633.0,6,10,170.0,0.0,Opponent,TrainingAgent,Aggressive,170.0
125,1,Opponent,Electrike,Thunder Jolt,1,False,0.0,6,1,170.0,70.0,Player,TrainingAgent,Defensive,140.0
125,2,Player,Eevee ex,Evolution Burst,0,True,618.0,6,17,170.0,10.0,Opponent,TrainingAgent,Defensive,140.0
125,3,Opponent,Electrike,Thunder Jolt,1,False,0.0,6,1,140.0,10.0,Player,TrainingAgent,Defensive,140.0
125,4,Player,Eevee ex,Evolution Burst,0,True,618.0,6,10,140.0,0.0,Opponent,TrainingAgent,Defensive,140.0
126,1,Player,Eevee ex,Evolution Burst,0,True,633.0,6,17,200.0,10.0,Opponent,TrainingAgent,Random,170.0
126,2,Opponent,Electrike,Thunder Jolt,1,False,0.0,6,1,170.0,10.0,Player,TrainingAgent,Random,170.0
126,3,Player,Eevee ex,Evolution Burst,0,True,633.0,6,10,170.0,0.0,Opponent,TrainingAgent,Random,170.0
127,1,Opponent,Electrike,Thunder Jolt,1,False,30.0,6,1,170.0,70.0,Player,TrainingAgent,Greedy,140.0
127,2,Player,Eevee ex,Evolution Burst,0,True,618.0,6,17,170.0,10.0,Opponent,TrainingAgent,Greedy,140.0
127,3,Opponent,Electrike,Thunder Jolt,1,False,30.0,6,1,140.0,10.0,Player,TrainingAgent,Greedy,140.0
127,4,Player,Eevee ex,Evolution Burst,0,True,618.0,6,10,140.0,0.0,Opponent,TrainingAgent,Greedy,140.0
128,1,Player,Eevee ex,Evolution Burst,0,True,633.0,6,17,200.0,10.0,Opponent,TrainingAgent,Heuristic,170.0
128,2,Opponent,Electrike,Thunder Jolt,1,False,30.0,6,1,170.0,10.0,Player,TrainingAgent,Heuristic,170.0
128,3,Player,Eevee ex,Evolution Burst,0,True,633.0,6,10,170.0,0.0,Opponent,TrainingAgent,Heuristic,170.0
129,1,Opponent,Electrike,Thunder Jolt,1,False,30.0,6,1,170.0,70.0,Player,TrainingAgent,Search,140.0
129,2,Player,Eevee ex,Evolution Burst,0,True,618.0,6,17,170.0,10.0,Opponent,TrainingAgent,Search,140.0
129,3,Opponent,Electrike,Thunder Jolt,1,False,30.0,6,1,140.0,10.0,Player,TrainingAgent,Search,140.0
129,4,Player,Eevee ex,Evolution Burst,0,True,618.0,6,10,140.0,0.0,Opponent,TrainingAgent,Search,140.0
130,1,Player,Eevee ex,Evolution Burst,0,True,633.0,6,17,200.0,10.0,Opponent,TrainingAgent,Aggressive,170.0
130,2,Opponent,Electrike,Thunder Jolt,1,False,45.0,6,1,170.0,10.0,Player,TrainingAgent,Aggressive,170.0
130,3,Player,Eevee ex,Evolution Burst,0,True,633.0,6,10,170.0,0.0,Opponent,TrainingAgent,Aggressive,170.0
131,1,Opponent,Electrike,Thunder Jolt,1,False,0.0,6,1,170.0,70.0,Player,TrainingAgent,Defensive,140.0
131,2,Player,Eevee ex,Evolution Burst,0,True,618.0,6,17,170.0,10.0,Opponent,TrainingAgent,Defensive,140.0
131,3,Opponent,Electrike,Thunder Jolt,1,False,0.0,6,1,140.0,10.0,Player,TrainingAgent,Defensive,140.0
131,4,Player,Eevee ex,Evolution Burst,0,True,618.0,6,10,140.0,0.0,Opponent,TrainingAgent,Defensive,140.0
132,1,Player,Eevee ex,Evolution Burst,0,True,633.0,6,17,200.0,10.0,Opponent,TrainingAgent,Random,170.0
132,2,Opponent,Electrike,Thunder Jolt,1,False,0.0,6,1,170.0,10.0,Player,TrainingAgent,Random,170.0
132,3,Player,Eevee ex,Evolution Burst,0,True,633.0,6,10,170.0,0.0,Opponent,TrainingAgent,Random,170.0
133,1,Opponent,Electrike,Thunder Jolt,1,False,30.0,6,1,170.0,70.0,Player,TrainingAgent,Greedy,140.0
133,2,Player,Eevee ex,Evolution Burst,0,True,618.0,6,17,170.0,10.0,Opponent,TrainingAgent,Greedy,140.0
133,3,Opponent,Electrike,Thunder Jolt,1,False,30.0,6,1,140.0,10.0,Player,TrainingAgent,Greedy,140.0
133,4,Player,Eevee ex,Evolution Burst,0,True,618.0,6,10,140.0,0.0,Opponent,TrainingAgent,Greedy,140.0
134,1,Player,Eevee ex,Evolution Burst,0,True,633.0,6,17,200.0,10.0,Opponent,TrainingAgent,Heuristic,170.0
134,2,Opponent,Electrike,Thunder Jolt,1,False,30.0,6,1,170.0,10.0,Player,TrainingAgent,Heuristic,170.0
134,3,Player,Eevee ex,Evolution Burst,0,True,633.0,6,10,170.0,0.0,Opponent,TrainingAgent,Heuristic,170.0
135,1,Opponent,Electrike,Thunder Jolt,1,False,30.0,6,1,170.0,70.0,Player,TrainingAgent,Search,140.0
135,2,Player,Eevee ex,Evolution Burst,0,True,618.0,6,17,170.0,10.0,Opponent,TrainingAgent,Search,140.0
135,3,Opponent,Electrike,Thunder Jolt,1,False,30.0,6,1,140.0,10.0,Player,TrainingAgent,Search,140.0
135,4,Player,Eevee ex,Evolution Burst,0,True,618.0,6,10,140.0,0.0,Opponent,TrainingAgent,Search,140.0
136,1,Player,Eevee ex,Evolution Burst,0,True,633.0,6,17,200.0,10.0,Opponent,TrainingAgent,Aggressive,170.0
136,2,Opponent,Electrike,Thunder Jolt,1,False,45.0,6,1,170.0,10.0,Player,TrainingAgent,Aggressive,170.0
136,3,Player,Eevee ex,Evolution Burst,0,True,633.0,6,10,170.0,0.0,Opponent,TrainingAgent,Aggressive,170.0
137,1,Opponent,Electrike,Thunder Jolt,1,False,0.0,6,1,170.0,70.0,Player,TrainingAgent,Defensive,140.0
137,2,Player,Eevee ex,Evolution Burst,0,True,618.0,6,17,170.0,10.0,Opponent,TrainingAgent,Defensive,140.0
137,3,Opponent,Electrike,Thunder Jolt,1,False,0.0,6,1,140.0,10.0,Player,TrainingAgent,Defensive,140.0
137,4,Player,Eevee ex,Evolution Burst,0,True,618.0,6,10,140.0,0.0,Opponent,TrainingAgent,Defensive,140.0
138,1,Player,Eevee ex,Evolution Burst,0,True,633.0,6,17,200.0,10.0,Opponent,TrainingAgent,Random,170.0
138,2,Opponent,Electrike,Thunder Jolt,1,False,0.0,6,1,170.0,10.0,Player,TrainingAgent,Random,170.0
138,3,Player,Eevee ex,Evolution Burst,0,True,633.0,6,10,170.0,0.0,Opponent,TrainingAgent,Random,170.0
139,1,Opponent,Electrike,Thunder Jolt,1,False,30.0,6,1,170.0,70.0,Player,TrainingAgent,Greedy,140.0
139,2,Player,Eevee ex,Evolution Burst,0,True,618.0,6,17,170.0,10.0,Opponent,TrainingAgent,Greedy,140.0
139,3,Opponent,Electrike,Thunder Jolt,1,False,30.0,6,1,140.0,10.0,Player,TrainingAgent,Greedy,140.0
139,4,Player,Eevee ex,Evolution Burst,0,True,618.0,6,10,140.0,0.0,Opponent,TrainingAgent,Greedy,140.0
140,1,Player,Eevee ex,Evolution Burst,0,True,633.0,6,17,200.0,10.0,Opponent,TrainingAgent,Heuristic,170.0
140,2,Opponent,Electrike,Thunder Jolt,1,False,30.0,6,1,170.0,10.0,Player,TrainingAgent,Heuristic,170.0
140,3,Player,Eevee ex,Evolution Burst,0,True,633.0,6,10,170.0,0.0,Opponent,TrainingAgent,Heuristic,170.0
141,1,Opponent,Electrike,Thunder Jolt,1,False,30.0,6,1,170.0,70.0,Player,TrainingAgent,Search,140.0
141,2,Player,Eevee ex,Evolution Burst,0,True,618.0,6,17,170.0,10.0,Opponent,TrainingAgent,Search,140.0
141,3,Opponent,Electrike,Thunder Jolt,1,False,30.0,6,1,140.0,10.0,Player,TrainingAgent,Search,140.0
141,4,Player,Eevee ex,Evolution Burst,0,True,618.0,6,10,140.0,0.0,Opponent,TrainingAgent,Search,140.0
142,1,Player,Eevee ex,Evolution Burst,0,True,633.0,6,17,200.0,10.0,Opponent,TrainingAgent,Aggressive,170.0
142,2,Opponent,Electrike,Thunder Jolt,1,False,45.0,6,1,170.0,10.0,Player,TrainingAgent,Aggressive,170.0
142,3,Player,Eevee ex,Evolution Burst,0,True,633.0,6,10,170.0,0.0,Opponent,TrainingAgent,Aggressive,170.0
143,1,Opponent,Electrike,Thunder Jolt,1,False,0.0,6,1,170.0,70.0,Player,TrainingAgent,Defensive,140.0
143,2,Player,Eevee ex,Evolution Burst,0,True,618.0,6,17,170.0,10.0,Opponent,TrainingAgent,Defensive,140.0
143,3,Opponent,Electrike,Thunder Jolt,1,False,0.0,6,1,140.0,10.0,Player,TrainingAgent,Defensive,140.0
143,4,Player,Eevee ex,Evolution Burst,0,True,618.0,6,10,140.0,0.0,Opponent,TrainingAgent,Defensive,140.0
144,1,Player,Eevee ex,Evolution Burst,0,True,633.0,6,17,200.0,10.0,Opponent,TrainingAgent,Random,170.0
144,2,Opponent,Electrike,Thunder Jolt,1,False,0.0,6,1,170.0,10.0,Player,TrainingAgent,Random,170.0
144,3,Player,Eevee ex,Evolution Burst,0,True,633.0,6,10,170.0,0.0,Opponent,TrainingAgent,Random,170.0
145,1,Opponent,Electrike,Thunder Jolt,1,False,30.0,6,1,170.0,70.0,Player,TrainingAgent,Greedy,140.0
145,2,Player,Eevee ex,Evolution Burst,0,True,618.0,6,17,170.0,10.0,Opponent,TrainingAgent,Greedy,140.0
145,3,Opponent,Electrike,Thunder Jolt,1,False,30.0,6,1,140.0,10.0,Player,TrainingAgent,Greedy,140.0
145,4,Player,Eevee ex,Evolution Burst,0,True,618.0,6,10,140.0,0.0,Opponent,TrainingAgent,Greedy,140.0
146,1,Player,Eevee ex,Evolution Burst,0,True,633.0,6,17,200.0,10.0,Opponent,TrainingAgent,Heuristic,170.0
146,2,Opponent,Electrike,Thunder Jolt,1,False,30.0,6,1,170.0,10.0,Player,TrainingAgent,Heuristic,170.0
146,3,Player,Eevee ex,Evolution Burst,0,True,633.0,6,10,170.0,0.0,Opponent,TrainingAgent,Heuristic,170.0
147,1,Opponent,Electrike,Thunder Jolt,1,False,30.0,6,1,170.0,70.0,Player,TrainingAgent,Search,140.0
147,2,Player,Eevee ex,Evolution Burst,0,True,618.0,6,17,170.0,10.0,Opponent,TrainingAgent,Search,140.0
147,3,Opponent,Electrike,Thunder Jolt,1,False,30.0,6,1,140.0,10.0,Player,TrainingAgent,Search,140.0
147,4,Player,Eevee ex,Evolution Burst,0,True,618.0,6,10,140.0,0.0,Opponent,TrainingAgent,Search,140.0
148,1,Player,Eevee ex,Evolution Burst,0,True,633.0,6,17,200.0,10.0,Opponent,TrainingAgent,Aggressive,170.0
148,2,Opponent,Electrike,Thunder Jolt,1,False,45.0,6,1,170.0,10.0,Player,TrainingAgent,Aggressive,170.0
148,3,Player,Eevee ex,Evolution Burst,0,True,633.0,6,10,170.0,0.0,Opponent,TrainingAgent,Aggressive,170.0
149,1,Opponent,Electrike,Thunder Jolt,1,False,0.0,6,1,170.0,70.0,Player,TrainingAgent,Defensive,140.0
149,2,Player,Eevee ex,Evolution Burst,0,True,618.0,6,17,170.0,10.0,Opponent,TrainingAgent,Defensive,140.0
149,3,Opponent,Electrike,Thunder Jolt,1,False,0.0,6,1,140.0,10.0,Player,TrainingAgent,Defensive,140.0
149,4,Player,Eevee ex,Evolution Burst,0,True,618.0,6,10,140.0,0.0,Opponent,TrainingAgent,Defensive,140.0
150,1,Player,Eevee ex,Evolution Burst,0,True,633.0,6,17,200.0,10.0,Opponent,TrainingAgent,Random,170.0
150,2,Opponent,Electrike,Thunder Jolt,1,False,0.0,6,1,170.0,10.0,Player,TrainingAgent,Random,170.0
150,3,Player,Eevee ex,Evolution Burst,0,True,633.0,6,10,170.0,0.0,Opponent,TrainingAgent,Random,170.0
151,1,Opponent,Electrike,Thunder Jolt,1,False,30.0,6,1,170.0,70.0,Player,TrainingAgent,Greedy,140.0
151,2,Player,Eevee ex,Evolution Burst,0,True,618.0,6,17,170.0,10.0,Opponent,TrainingAgent,Greedy,140.0
151,3,Opponent,Electrike,Thunder Jolt,1,False,30.0,6,1,140.0,10.0,Player,TrainingAgent,Greedy,140.0
151,4,Player,Eevee ex,Evolution Burst,0,True,618.0,6,10,140.0,0.0,Opponent,TrainingAgent,Greedy,140.0
152,1,Player,Eevee ex,Evolution Burst,0,True,633.0,6,17,200.0,10.0,Opponent,TrainingAgent,Heuristic,170.0
152,2,Opponent,Electrike,Thunder Jolt,1,False,30.0,6,1,170.0,10.0,Player,TrainingAgent,Heuristic,170.0
152,3,Player,Eevee ex,Evolution Burst,0,True,633.0,6,10,170.0,0.0,Opponent,TrainingAgent,Heuristic,170.0
153,1,Opponent,Electrike,Thunder Jolt,1,False,30.0,6,1,170.0,70.0,Player,TrainingAgent,Search,140.0
153,2,Player,Eevee ex,Evolution Burst,0,True,618.0,6,17,170.0,10.0,Opponent,TrainingAgent,Search,140.0
153,3,Opponent,Electrike,Thunder Jolt,1,False,30.0,6,1,140.0,10.0,Player,TrainingAgent,Search,140.0
153,4,Player,Eevee ex,Evolution Burst,0,True,618.0,6,10,140.0,0.0,Opponent,TrainingAgent,Search,140.0
154,1,Player,Eevee ex,Evolution Burst,0,True,633.0,6,17,200.0,10.0,Opponent,TrainingAgent,Aggressive,170.0
154,2,Opponent,Electrike,Thunder Jolt,1,False,45.0,6,1,170.0,10.0,Player,TrainingAgent,Aggressive,170.0
154,3,Player,Eevee ex,Evolution Burst,0,True,633.0,6,10,170.0,0.0,Opponent,TrainingAgent,Aggressive,170.0
155,1,Opponent,Electrike,Thunder Jolt,1,False,0.0,6,1,170.0,70.0,Player,TrainingAgent,Defensive,140.0
155,2,Player,Eevee ex,Evolution Burst,0,True,618.0,6,17,170.0,10.0,Opponent,TrainingAgent,Defensive,140.0
155,3,Opponent,Electrike,Thunder Jolt,1,False,0.0,6,1,140.0,10.0,Player,TrainingAgent,Defensive,140.0
155,4,Player,Eevee ex,Evolution Burst,0,True,618.0,6,10,140.0,0.0,Opponent,TrainingAgent,Defensive,140.0
156,1,Player,Eevee ex,Evolution Burst,0,True,633.0,6,17,200.0,10.0,Opponent,TrainingAgent,Random,170.0
156,2,Opponent,Electrike,Thunder Jolt,1,False,0.0,6,1,170.0,10.0,Player,TrainingAgent,Random,170.0
156,3,Player,Eevee ex,Evolution Burst,0,True,633.0,6,10,170.0,0.0,Opponent,TrainingAgent,Random,170.0
157,1,Opponent,Electrike,Thunder Jolt,1,False,30.0,6,1,170.0,70.0,Player,TrainingAgent,Greedy,140.0
157,2,Player,Eevee ex,Evolution Burst,0,True,618.0,6,17,170.0,10.0,Opponent,TrainingAgent,Greedy,140.0
157,3,Opponent,Electrike,Thunder Jolt,1,False,30.0,6,1,140.0,10.0,Player,TrainingAgent,Greedy,140.0
157,4,Player,Eevee ex,Evolution Burst,0,True,618.0,6,10,140.0,0.0,Opponent,TrainingAgent,Greedy,140.0
158,1,Player,Eevee ex,Evolution Burst,0,True,633.0,6,17,200.0,10.0,Opponent,TrainingAgent,Heuristic,170.0
158,2,Opponent,Electrike,Thunder Jolt,1,False,30.0,6,1,170.0,10.0,Player,TrainingAgent,Heuristic,170.0
158,3,Player,Eevee ex,Evolution Burst,0,True,633.0,6,10,170.0,0.0,Opponent,TrainingAgent,Heuristic,170.0
159,1,Opponent,Electrike,Thunder Jolt,1,False,30.0,6,1,170.0,70.0,Player,TrainingAgent,Search,140.0
159,2,Player,Eevee ex,Evolution Burst,0,True,618.0,6,17,170.0,10.0,Opponent,TrainingAgent,Search,140.0
159,3,Opponent,Electrike,Thunder Jolt,1,False,30.0,6,1,140.0,10.0,Player,TrainingAgent,Search,140.0
159,4,Player,Eevee ex,Evolution Burst,0,True,618.0,6,10,140.0,0.0,Opponent,TrainingAgent,Search,140.0
160,1,Player,Eevee ex,Evolution Burst,0,True,633.0,6,17,200.0,10.0,Opponent,TrainingAgent,Aggressive,170.0
160,2,Opponent,Electrike,Thunder Jolt,1,False,45.0,6,1,170.0,10.0,Player,TrainingAgent,Aggressive,170.0
160,3,Player,Eevee ex,Evolution Burst,0,True,633.0,6,10,170.0,0.0,Opponent,TrainingAgent,Aggressive,170.0
161,1,Opponent,Electrike,Thunder Jolt,1,False,0.0,6,1,170.0,70.0,Player,TrainingAgent,Defensive,140.0
161,2,Player,Eevee ex,Evolution Burst,0,True,618.0,6,17,170.0,10.0,Opponent,TrainingAgent,Defensive,140.0
161,3,Opponent,Electrike,Thunder Jolt,1,False,0.0,6,1,140.0,10.0,Player,TrainingAgent,Defensive,140.0
161,4,Player,Eevee ex,Evolution Burst,0,True,618.0,6,10,140.0,0.0,Opponent,TrainingAgent,Defensive,140.0
162,1,Player,Eevee ex,Evolution Burst,0,True,633.0,6,17,200.0,10.0,Opponent,TrainingAgent,Random,170.0
162,2,Opponent,Electrike,Thunder Jolt,1,False,0.0,6,1,170.0,10.0,Player,TrainingAgent,Random,170.0
162,3,Player,Eevee ex,Evolution Burst,0,True,633.0,6,10,170.0,0.0,Opponent,TrainingAgent,Random,170.0
163,1,Opponent,Electrike,Thunder Jolt,1,False,30.0,6,1,170.0,70.0,Player,TrainingAgent,Greedy,140.0
163,2,Player,Eevee ex,Evolution Burst,0,True,618.0,6,17,170.0,10.0,Opponent,TrainingAgent,Greedy,140.0
163,3,Opponent,Electrike,Thunder Jolt,1,False,30.0,6,1,140.0,10.0,Player,TrainingAgent,Greedy,140.0
163,4,Player,Eevee ex,Evolution Burst,0,True,618.0,6,10,140.0,0.0,Opponent,TrainingAgent,Greedy,140.0
164,1,Player,Eevee ex,Evolution Burst,0,True,633.0,6,17,200.0,10.0,Opponent,TrainingAgent,Heuristic,170.0
164,2,Opponent,Electrike,Thunder Jolt,1,False,30.0,6,1,170.0,10.0,Player,TrainingAgent,Heuristic,170.0
164,3,Player,Eevee ex,Evolution Burst,0,True,633.0,6,10,170.0,0.0,Opponent,TrainingAgent,Heuristic,170.0
165,1,Opponent,Electrike,Thunder Jolt,1,False,30.0,6,1,170.0,70.0,Player,TrainingAgent,Search,140.0
165,2,Player,Eevee ex,Evolution Burst,0,True,618.0,6,17,170.0,10.0,Opponent,TrainingAgent,Search,140.0
165,3,Opponent,Electrike,Thunder Jolt,1,False,30.0,6,1,140.0,10.0,Player,TrainingAgent,Search,140.0
165,4,Player,Eevee ex,Evolution Burst,0,True,618.0,6,10,140.0,0.0,Opponent,TrainingAgent,Search,140.0
166,1,Player,Eevee ex,Evolution Burst,0,True,633.0,6,17,200.0,10.0,Opponent,TrainingAgent,Aggressive,170.0
166,2,Opponent,Electrike,Thunder Jolt,1,False,45.0,6,1,170.0,10.0,Player,TrainingAgent,Aggressive,170.0
166,3,Player,Eevee ex,Evolution Burst,0,True,633.0,6,10,170.0,0.0,Opponent,TrainingAgent,Aggressive,170.0
167,1,Opponent,Electrike,Thunder Jolt,1,False,0.0,6,1,170.0,70.0,Player,TrainingAgent,Defensive,140.0
167,2,Player,Eevee ex,Evolution Burst,0,True,618.0,6,17,170.0,10.0,Opponent,TrainingAgent,Defensive,140.0
167,3,Opponent,Electrike,Thunder Jolt,1,False,0.0,6,1,140.0,10.0,Player,TrainingAgent,Defensive,140.0
167,4,Player,Eevee ex,Evolution Burst,0,True,618.0,6,10,140.0,0.0,Opponent,TrainingAgent,Defensive,140.0
168,1,Player,Eevee ex,Evolution Burst,0,True,633.0,6,17,200.0,10.0,Opponent,TrainingAgent,Random,170.0
168,2,Opponent,Electrike,Thunder Jolt,1,False,0.0,6,1,170.0,10.0,Player,TrainingAgent,Random,170.0
168,3,Player,Eevee ex,Evolution Burst,0,True,633.0,6,10,170.0,0.0,Opponent,TrainingAgent,Random,170.0
169,1,Opponent,Electrike,Thunder Jolt,1,False,30.0,6,1,170.0,70.0,Player,TrainingAgent,Greedy,140.0
169,2,Player,Eevee ex,Evolution Burst,0,True,618.0,6,17,170.0,10.0,Opponent,TrainingAgent,Greedy,140.0
169,3,Opponent,Electrike,Thunder Jolt,1,False,30.0,6,1,140.0,10.0,Player,TrainingAgent,Greedy,140.0
169,4,Player,Eevee ex,Evolution Burst,0,True,618.0,6,10,140.0,0.0,Opponent,TrainingAgent,Greedy,140.0
170,1,Player,Eevee ex,Evolution Burst,0,True,633.0,6,17,200.0,10.0,Opponent,TrainingAgent,Heuristic,170.0
170,2,Opponent,Electrike,Thunder Jolt,1,False,30.0,6,1,170.0,10.0,Player,TrainingAgent,Heuristic,170.0
170,3,Player,Eevee ex,Evolution Burst,0,True,633.0,6,10,170.0,0.0,Opponent,TrainingAgent,Heuristic,170.0
171,1,Opponent,Electrike,Thunder Jolt,1,False,30.0,6,1,170.0,70.0,Player,TrainingAgent,Search,140.0
171,2,Player,Eevee ex,Evolution Burst,0,True,618.0,6,17,170.0,10.0,Opponent,TrainingAgent,Search,140.0
171,3,Opponent,Electrike,Thunder Jolt,1,False,30.0,6,1,140.0,10.0,Player,TrainingAgent,Search,140.0
171,4,Player,Eevee ex,Evolution Burst,0,True,618.0,6,10,140.0,0.0,Opponent,TrainingAgent,Search,140.0
172,1,Player,Eevee ex,Evolution Burst,0,True,633.0,6,17,200.0,10.0,Opponent,TrainingAgent,Aggressive,170.0
172,2,Opponent,Electrike,Thunder Jolt,1,False,45.0,6,1,170.0,10.0,Player,TrainingAgent,Aggressive,170.0
172,3,Player,Eevee ex,Evolution Burst,0,True,633.0,6,10,170.0,0.0,Opponent,TrainingAgent,Aggressive,170.0
173,1,Opponent,Electrike,Thunder Jolt,1,False,0.0,6,1,170.0,70.0,Player,TrainingAgent,Defensive,140.0
173,2,Player,Eevee ex,Evolution Burst,0,True,618.0,6,17,170.0,10.0,Opponent,TrainingAgent,Defensive,140.0
173,3,Opponent,Electrike,Thunder Jolt,1,False,0.0,6,1,140.0,10.0,Player,TrainingAgent,Defensive,140.0
173,4,Player,Eevee ex,Evolution Burst,0,True,618.0,6,10,140.0,0.0,Opponent,TrainingAgent,Defensive,140.0
174,1,Player,Eevee ex,Evolution Burst,0,True,633.0,6,17,200.0,10.0,Opponent,TrainingAgent,Random,170.0
174,2,Opponent,Electrike,Thunder Jolt,1,False,0.0,6,1,170.0,10.0,Player,TrainingAgent,Random,170.0
174,3,Player,Eevee ex,Evolution Burst,0,True,633.0,6,10,170.0,0.0,Opponent,TrainingAgent,Random,170.0
175,1,Opponent,Electrike,Thunder Jolt,1,False,30.0,6,1,170.0,70.0,Player,TrainingAgent,Greedy,140.0
175,2,Player,Eevee ex,Evolution Burst,0,True,618.0,6,17,170.0,10.0,Opponent,TrainingAgent,Greedy,140.0
175,3,Opponent,Electrike,Thunder Jolt,1,False,30.0,6,1,140.0,10.0,Player,TrainingAgent,Greedy,140.0
175,4,Player,Eevee ex,Evolution Burst,0,True,618.0,6,10,140.0,0.0,Opponent,TrainingAgent,Greedy,140.0
176,1,Player,Eevee ex,Evolution Burst,0,True,633.0,6,17,200.0,10.0,Opponent,TrainingAgent,Heuristic,170.0
176,2,Opponent,Electrike,Thunder Jolt,1,False,30.0,6,1,170.0,10.0,Player,TrainingAgent,Heuristic,170.0
176,3,Player,Eevee ex,Evolution Burst,0,True,633.0,6,10,170.0,0.0,Opponent,TrainingAgent,Heuristic,170.0
177,1,Opponent,Electrike,Thunder Jolt,1,False,30.0,6,1,170.0,70.0,Player,TrainingAgent,Search,140.0
177,2,Player,Eevee ex,Evolution Burst,0,True,618.0,6,17,170.0,10.0,Opponent,TrainingAgent,Search,140.0
177,3,Opponent,Electrike,Thunder Jolt,1,False,30.0,6,1,140.0,10.0,Player,TrainingAgent,Search,140.0
177,4,Player,Eevee ex,Evolution Burst,0,True,618.0,6,10,140.0,0.0,Opponent,TrainingAgent,Search,140.0
178,1,Player,Eevee ex,Evolution Burst,0,True,633.0,6,17,200.0,10.0,Opponent,TrainingAgent,Aggressive,170.0
178,2,Opponent,Electrike,Thunder Jolt,1,False,45.0,6,1,170.0,10.0,Player,TrainingAgent,Aggressive,170.0
178,3,Player,Eevee ex,Evolution Burst,0,True,633.0,6,10,170.0,0.0,Opponent,TrainingAgent,Aggressive,170.0
179,1,Opponent,Electrike,Thunder Jolt,1,False,0.0,6,1,170.0,70.0,Player,TrainingAgent,Defensive,140.0
179,2,Player,Eevee ex,Evolution Burst,0,True,618.0,6,17,170.0,10.0,Opponent,TrainingAgent,Defensive,140.0
179,3,Opponent,Electrike,Thunder Jolt,1,False,0.0,6,1,140.0,10.0,Player,TrainingAgent,Defensive,140.0
179,4,Player,Eevee ex,Evolution Burst,0,True,618.0,6,10,140.0,0.0,Opponent,TrainingAgent,Defensive,140.0
180,1,Player,Eevee ex,Evolution Burst,0,True,633.0,6,17,200.0,10.0,Opponent,TrainingAgent,Random,170.0
180,2,Opponent,Electrike,Thunder Jolt,1,False,0.0,6,1,170.0,10.0,Player,TrainingAgent,Random,170.0
180,3,Player,Eevee ex,Evolution Burst,0,True,633.0,6,10,170.0,0.0,Opponent,TrainingAgent,Random,170.0
181,1,Opponent,Electrike,Thunder Jolt,1,False,30.0,6,1,170.0,70.0,Player,TrainingAgent,Greedy,140.0
181,2,Player,Eevee ex,Evolution Burst,0,True,618.0,6,17,170.0,10.0,Opponent,TrainingAgent,Greedy,140.0
181,3,Opponent,Electrike,Thunder Jolt,1,False,30.0,6,1,140.0,10.0,Player,TrainingAgent,Greedy,140.0
181,4,Player,Eevee ex,Evolution Burst,0,True,618.0,6,10,140.0,0.0,Opponent,TrainingAgent,Greedy,140.0
182,1,Player,Eevee ex,Evolution Burst,0,True,633.0,6,17,200.0,10.0,Opponent,TrainingAgent,Heuristic,170.0
182,2,Opponent,Electrike,Thunder Jolt,1,False,30.0,6,1,170.0,10.0,Player,TrainingAgent,Heuristic,170.0
182,3,Player,Eevee ex,Evolution Burst,0,True,633.0,6,10,170.0,0.0,Opponent,TrainingAgent,Heuristic,170.0
183,1,Opponent,Electrike,Thunder Jolt,1,False,30.0,6,1,170.0,70.0,Player,TrainingAgent,Search,140.0
183,2,Player,Eevee ex,Evolution Burst,0,True,618.0,6,17,170.0,10.0,Opponent,TrainingAgent,Search,140.0
183,3,Opponent,Electrike,Thunder Jolt,1,False,30.0,6,1,140.0,10.0,Player,TrainingAgent,Search,140.0
183,4,Player,Eevee ex,Evolution Burst,0,True,618.0,6,10,140.0,0.0,Opponent,TrainingAgent,Search,140.0
184,1,Player,Eevee ex,Evolution Burst,0,True,633.0,6,17,200.0,10.0,Opponent,TrainingAgent,Aggressive,170.0
184,2,Opponent,Electrike,Thunder Jolt,1,False,45.0,6,1,170.0,10.0,Player,TrainingAgent,Aggressive,170.0
184,3,Player,Eevee ex,Evolution Burst,0,True,633.0,6,10,170.0,0.0,Opponent,TrainingAgent,Aggressive,170.0
185,1,Opponent,Electrike,Thunder Jolt,1,False,0.0,6,1,170.0,70.0,Player,TrainingAgent,Defensive,140.0
185,2,Player,Eevee ex,Evolution Burst,0,True,618.0,6,17,170.0,10.0,Opponent,TrainingAgent,Defensive,140.0
185,3,Opponent,Electrike,Thunder Jolt,1,False,0.0,6,1,140.0,10.0,Player,TrainingAgent,Defensive,140.0
185,4,Player,Eevee ex,Evolution Burst,0,True,618.0,6,10,140.0,0.0,Opponent,TrainingAgent,Defensive,140.0
186,1,Player,Eevee ex,Evolution Burst,0,True,633.0,6,17,200.0,10.0,Opponent,TrainingAgent,Random,170.0
186,2,Opponent,Electrike,Thunder Jolt,1,False,0.0,6,1,170.0,10.0,Player,TrainingAgent,Random,170.0
186,3,Player,Eevee ex,Evolution Burst,0,True,633.0,6,10,170.0,0.0,Opponent,TrainingAgent,Random,170.0
187,1,Opponent,Electrike,Thunder Jolt,1,False,30.0,6,1,170.0,70.0,Player,TrainingAgent,Greedy,140.0
187,2,Player,Eevee ex,Evolution Burst,0,True,618.0,6,17,170.0,10.0,Opponent,TrainingAgent,Greedy,140.0
187,3,Opponent,Electrike,Thunder Jolt,1,False,30.0,6,1,140.0,10.0,Player,TrainingAgent,Greedy,140.0
187,4,Player,Eevee ex,Evolution Burst,0,True,618.0,6,10,140.0,0.0,Opponent,TrainingAgent,Greedy,140.0
188,1,Player,Eevee ex,Evolution Burst,0,True,633.0,6,17,200.0,10.0,Opponent,TrainingAgent,Heuristic,170.0
188,2,Opponent,Electrike,Thunder Jolt,1,False,30.0,6,1,170.0,10.0,Player,TrainingAgent,Heuristic,170.0
188,3,Player,Eevee ex,Evolution Burst,0,True,633.0,6,10,170.0,0.0,Opponent,TrainingAgent,Heuristic,170.0
189,1,Opponent,Electrike,Thunder Jolt,1,False,30.0,6,1,170.0,70.0,Player,TrainingAgent,Search,140.0
189,2,Player,Eevee ex,Evolution Burst,0,True,618.0,6,17,170.0,10.0,Opponent,TrainingAgent,Search,140.0
189,3,Opponent,Electrike,Thunder Jolt,1,False,30.0,6,1,140.0,10.0,Player,TrainingAgent,Search,140.0
189,4,Player,Eevee ex,Evolution Burst,0,True,618.0,6,10,140.0,0.0,Opponent,TrainingAgent,Search,140.0
190,1,Player,Eevee ex,Evolution Burst,0,True,633.0,6,17,200.0,10.0,Opponent,TrainingAgent,Aggressive,170.0
190,2,Opponent,Electrike,Thunder Jolt,1,False,45.0,6,1,170.0,10.0,Player,TrainingAgent,Aggressive,170.0
190,3,Player,Eevee ex,Evolution Burst,0,True,633.0,6,10,170.0,0.0,Opponent,TrainingAgent,Aggressive,170.0
191,1,Opponent,Electrike,Thunder Jolt,1,False,0.0,6,1,170.0,70.0,Player,TrainingAgent,Defensive,140.0
191,2,Player,Eevee ex,Evolution Burst,0,True,618.0,6,17,170.0,10.0,Opponent,TrainingAgent,Defensive,140.0
191,3,Opponent,Electrike,Thunder Jolt,1,False,0.0,6,1,140.0,10.0,Player,TrainingAgent,Defensive,140.0
191,4,Player,Eevee ex,Evolution Burst,0,True,618.0,6,10,140.0,0.0,Opponent,TrainingAgent,Defensive,140.0
192,1,Player,Eevee ex,Evolution Burst,0,True,633.0,6,17,200.0,10.0,Opponent,TrainingAgent,Random,170.0
192,2,Opponent,Electrike,Thunder Jolt,1,False,0.0,6,1,170.0,10.0,Player,TrainingAgent,Random,170.0
192,3,Player,Eevee ex,Evolution Burst,0,True,633.0,6,10,170.0,0.0,Opponent,TrainingAgent,Random,170.0
193,1,Opponent,Electrike,Thunder Jolt,1,False,30.0,6,1,170.0,70.0,Player,TrainingAgent,Greedy,140.0
193,2,Player,Eevee ex,Evolution Burst,0,True,618.0,6,17,170.0,10.0,Opponent,TrainingAgent,Greedy,140.0
193,3,Opponent,Electrike,Thunder Jolt,1,False,30.0,6,1,140.0,10.0,Player,TrainingAgent,Greedy,140.0
193,4,Player,Eevee ex,Evolution Burst,0,True,618.0,6,10,140.0,0.0,Opponent,TrainingAgent,Greedy,140.0
194,1,Player,Eevee ex,Evolution Burst,0,True,633.0,6,17,200.0,10.0,Opponent,TrainingAgent,Heuristic,170.0
194,2,Opponent,Electrike,Thunder Jolt,1,False,30.0,6,1,170.0,10.0,Player,TrainingAgent,Heuristic,170.0
194,3,Player,Eevee ex,Evolution Burst,0,True,633.0,6,10,170.0,0.0,Opponent,TrainingAgent,Heuristic,170.0
195,1,Opponent,Electrike,Thunder Jolt,1,False,30.0,6,1,170.0,70.0,Player,TrainingAgent,Search,140.0
195,2,Player,Eevee ex,Evolution Burst,0,True,618.0,6,17,170.0,10.0,Opponent,TrainingAgent,Search,140.0
195,3,Opponent,Electrike,Thunder Jolt,1,False,30.0,6,1,140.0,10.0,Player,TrainingAgent,Search,140.0
195,4,Player,Eevee ex,Evolution Burst,0,True,618.0,6,10,140.0,0.0,Opponent,TrainingAgent,Search,140.0
196,1,Player,Eevee ex,Evolution Burst,0,True,633.0,6,17,200.0,10.0,Opponent,TrainingAgent,Aggressive,170.0
196,2,Opponent,Electrike,Thunder Jolt,1,False,45.0,6,1,170.0,10.0,Player,TrainingAgent,Aggressive,170.0
196,3,Player,Eevee ex,Evolution Burst,0,True,633.0,6,10,170.0,0.0,Opponent,TrainingAgent,Aggressive,170.0
197,1,Opponent,Electrike,Thunder Jolt,1,False,0.0,6,1,170.0,70.0,Player,TrainingAgent,Defensive,140.0
197,2,Player,Eevee ex,Evolution Burst,0,True,618.0,6,17,170.0,10.0,Opponent,TrainingAgent,Defensive,140.0
197,3,Opponent,Electrike,Thunder Jolt,1,False,0.0,6,1,140.0,10.0,Player,TrainingAgent,Defensive,140.0
197,4,Player,Eevee ex,Evolution Burst,0,True,618.0,6,10,140.0,0.0,Opponent,TrainingAgent,Defensive,140.0
198,1,Player,Eevee ex,Evolution Burst,0,True,633.0,6,17,200.0,10.0,Opponent,TrainingAgent,Random,170.0
198,2,Opponent,Electrike,Thunder Jolt,1,False,0.0,6,1,170.0,10.0,Player,TrainingAgent,Random,170.0
198,3,Player,Eevee ex,Evolution Burst,0,True,633.0,6,10,170.0,0.0,Opponent,TrainingAgent,Random,170.0
199,1,Opponent,Electrike,Thunder Jolt,1,False,30.0,6,1,170.0,70.0,Player,TrainingAgent,Greedy,140.0
199,2,Player,Eevee ex,Evolution Burst,0,True,618.0,6,17,170.0,10.0,Opponent,TrainingAgent,Greedy,140.0
199,3,Opponent,Electrike,Thunder Jolt,1,False,30.0,6,1,140.0,10.0,Player,TrainingAgent,Greedy,140.0
199,4,Player,Eevee ex,Evolution Burst,0,True,618.0,6,10,140.0,0.0,Opponent,TrainingAgent,Greedy,140.0
200,1,Player,Eevee ex,Evolution Burst,0,True,633.0,6,17,200.0,10.0,Opponent,TrainingAgent,Heuristic,170.0
200,2,Opponent,Electrike,Thunder Jolt,1,False,30.0,6,1,170.0,10.0,Player,TrainingAgent,Heuristic,170.0
200,3,Player,Eevee ex,Evolution Burst,0,True,633.0,6,10,170.0,0.0,Opponent,TrainingAgent,Heuristic,170.0
201,1,Opponent,Electrike,Thunder Jolt,1,False,30.0,6,1,170.0,70.0,Player,TrainingAgent,Search,140.0
201,2,Player,Eevee ex,Evolution Burst,0,True,618.0,6,17,170.0,10.0,Opponent,TrainingAgent,Search,140.0
201,3,Opponent,Electrike,Thunder Jolt,1,False,30.0,6,1,140.0,10.0,Player,TrainingAgent,Search,140.0
201,4,Player,Eevee ex,Evolution Burst,0,True,618.0,6,10,140.0,0.0,Opponent,TrainingAgent,Search,140.0
202,1,Player,Eevee ex,Evolution Burst,0,True,633.0,6,17,200.0,10.0,Opponent,TrainingAgent,Aggressive,170.0
202,2,Opponent,Electrike,Thunder Jolt,1,False,45.0,6,1,170.0,10.0,Player,TrainingAgent,Aggressive,170.0
202,3,Player,Eevee ex,Evolution Burst,0,True,633.0,6,10,170.0,0.0,Opponent,TrainingAgent,Aggressive,170.0
203,1,Opponent,Electrike,Thunder Jolt,1,False,0.0,6,1,170.0,70.0,Player,TrainingAgent,Defensive,140.0
203,2,Player,Eevee ex,Evolution Burst,0,True,618.0,6,17,170.0,10.0,Opponent,TrainingAgent,Defensive,140.0
203,3,Opponent,Electrike,Thunder Jolt,1,False,0.0,6,1,140.0,10.0,Player,TrainingAgent,Defensive,140.0
203,4,Player,Eevee ex,Evolution Burst,0,True,618.0,6,10,140.0,0.0,Opponent,TrainingAgent,Defensive,140.0
204,1,Player,Eevee ex,Evolution Burst,0,True,633.0,6,17,200.0,10.0,Opponent,TrainingAgent,Random,170.0
204,2,Opponent,Electrike,Thunder Jolt,1,False,0.0,6,1,170.0,10.0,Player,TrainingAgent,Random,170.0
204,3,Player,Eevee ex,Evolution Burst,0,True,633.0,6,10,170.0,0.0,Opponent,TrainingAgent,Random,170.0
205,1,Opponent,Electrike,Thunder Jolt,1,False,30.0,6,1,170.0,70.0,Player,TrainingAgent,Greedy,140.0
205,2,Player,Eevee ex,Evolution Burst,0,True,618.0,6,17,170.0,10.0,Opponent,TrainingAgent,Greedy,140.0
205,3,Opponent,Electrike,Thunder Jolt,1,False,30.0,6,1,140.0,10.0,Player,TrainingAgent,Greedy,140.0
205,4,Player,Eevee ex,Evolution Burst,0,True,618.0,6,10,140.0,0.0,Opponent,TrainingAgent,Greedy,140.0
206,1,Player,Eevee ex,Evolution Burst,0,True,633.0,6,17,200.0,10.0,Opponent,TrainingAgent,Heuristic,170.0
206,2,Opponent,Electrike,Thunder Jolt,1,False,30.0,6,1,170.0,10.0,Player,TrainingAgent,Heuristic,170.0
206,3,Player,Eevee ex,Evolution Burst,0,True,633.0,6,10,170.0,0.0,Opponent,TrainingAgent,Heuristic,170.0
207,1,Opponent,Electrike,Thunder Jolt,1,False,30.0,6,1,170.0,70.0,Player,TrainingAgent,Search,140.0
207,2,Player,Eevee ex,Evolution Burst,0,True,618.0,6,17,170.0,10.0,Opponent,TrainingAgent,Search,140.0
207,3,Opponent,Electrike,Thunder Jolt,1,False,30.0,6,1,140.0,10.0,Player,TrainingAgent,Search,140.0
207,4,Player,Eevee ex,Evolution Burst,0,True,618.0,6,10,140.0,0.0,Opponent,TrainingAgent,Search,140.0
208,1,Player,Eevee ex,Evolution Burst,0,True,633.0,6,17,200.0,10.0,Opponent,TrainingAgent,Aggressive,170.0
208,2,Opponent,Electrike,Thunder Jolt,1,False,45.0,6,1,170.0,10.0,Player,TrainingAgent,Aggressive,170.0
208,3,Player,Eevee ex,Evolution Burst,0,True,633.0,6,10,170.0,0.0,Opponent,TrainingAgent,Aggressive,170.0
209,1,Opponent,Electrike,Thunder Jolt,1,False,0.0,6,1,170.0,70.0,Player,TrainingAgent,Defensive,140.0
209,2,Player,Eevee ex,Evolution Burst,0,True,618.0,6,17,170.0,10.0,Opponent,TrainingAgent,Defensive,140.0
209,3,Opponent,Electrike,Thunder Jolt,1,False,0.0,6,1,140.0,10.0,Player,TrainingAgent,Defensive,140.0
209,4,Player,Eevee ex,Evolution Burst,0,True,618.0,6,10,140.0,0.0,Opponent,TrainingAgent,Defensive,140.0
210,1,Player,Eevee ex,Evolution Burst,0,True,633.0,6,17,200.0,10.0,Opponent,TrainingAgent,Random,170.0
210,2,Opponent,Electrike,Thunder Jolt,1,False,0.0,6,1,170.0,10.0,Player,TrainingAgent,Random,170.0
210,3,Player,Eevee ex,Evolution Burst,0,True,633.0,6,10,170.0,0.0,Opponent,TrainingAgent,Random,170.0
211,1,Opponent,Electrike,Thunder Jolt,1,False,30.0,6,1,170.0,70.0,Player,TrainingAgent,Greedy,140.0
211,2,Player,Eevee ex,Evolution Burst,0,True,618.0,6,17,170.0,10.0,Opponent,TrainingAgent,Greedy,140.0
211,3,Opponent,Electrike,Thunder Jolt,1,False,30.0,6,1,140.0,10.0,Player,TrainingAgent,Greedy,140.0
211,4,Player,Eevee ex,Evolution Burst,0,True,618.0,6,10,140.0,0.0,Opponent,TrainingAgent,Greedy,140.0
212,1,Player,Eevee ex,Evolution Burst,0,True,633.0,6,17,200.0,10.0,Opponent,TrainingAgent,Heuristic,170.0
212,2,Opponent,Electrike,Thunder Jolt,1,False,30.0,6,1,170.0,10.0,Player,TrainingAgent,Heuristic,170.0
212,3,Player,Eevee ex,Evolution Burst,0,True,633.0,6,10,170.0,0.0,Opponent,TrainingAgent,Heuristic,170.0
213,1,Opponent,Electrike,Thunder Jolt,1,False,30.0,6,1,170.0,70.0,Player,TrainingAgent,Search,140.0
213,2,Player,Eevee ex,Evolution Burst,0,True,618.0,6,17,170.0,10.0,Opponent,TrainingAgent,Search,140.0
213,3,Opponent,Electrike,Thunder Jolt,1,False,30.0,6,1,140.0,10.0,Player,TrainingAgent,Search,140.0
213,4,Player,Eevee ex,Evolution Burst,0,True,618.0,6,10,140.0,0.0,Opponent,TrainingAgent,Search,140.0
214,1,Player,Eevee ex,Evolution Burst,0,True,633.0,6,17,200.0,10.0,Opponent,TrainingAgent,Aggressive,170.0
214,2,Opponent,Electrike,Thunder Jolt,1,False,45.0,6,1,170.0,10.0,Player,TrainingAgent,Aggressive,170.0
214,3,Player,Eevee ex,Evolution Burst,0,True,633.0,6,10,170.0,0.0,Opponent,TrainingAgent,Aggressive,170.0
215,1,Opponent,Electrike,Thunder Jolt,1,False,0.0,6,1,170.0,70.0,Player,TrainingAgent,Defensive,140.0
215,2,Player,Eevee ex,Evolution Burst,0,True,618.0,6,17,170.0,10.0,Opponent,TrainingAgent,Defensive,140.0
215,3,Opponent,Electrike,Thunder Jolt,1,False,0.0,6,1,140.0,10.0,Player,TrainingAgent,Defensive,140.0
215,4,Player,Eevee ex,Evolution Burst,0,True,618.0,6,10,140.0,0.0,Opponent,TrainingAgent,Defensive,140.0
216,1,Player,Eevee ex,Evolution Burst,0,True,633.0,6,17,200.0,10.0,Opponent,TrainingAgent,Random,170.0
216,2,Opponent,Electrike,Thunder Jolt,1,False,0.0,6,1,170.0,10.0,Player,TrainingAgent,Random,170.0
216,3,Player,Eevee ex,Evolution Burst,0,True,633.0,6,10,170.0,0.0,Opponent,TrainingAgent,Random,170.0
217,1,Opponent,Electrike,Thunder Jolt,1,False,30.0,6,1,170.0,70.0,Player,TrainingAgent,Greedy,140.0
217,2,Player,Eevee ex,Evolution Burst,0,True,618.0,6,17,170.0,10.0,Opponent,TrainingAgent,Greedy,140.0
217,3,Opponent,Electrike,Thunder Jolt,1,False,30.0,6,1,140.0,10.0,Player,TrainingAgent,Greedy,140.0
217,4,Player,Eevee ex,Evolution Burst,0,True,618.0,6,10,140.0,0.0,Opponent,TrainingAgent,Greedy,140.0
218,1,Player,Eevee ex,Evolution Burst,0,True,633.0,6,17,200.0,10.0,Opponent,TrainingAgent,Heuristic,170.0
218,2,Opponent,Electrike,Thunder Jolt,1,False,30.0,6,1,170.0,10.0,Player,TrainingAgent,Heuristic,170.0
218,3,Player,Eevee ex,Evolution Burst,0,True,633.0,6,10,170.0,0.0,Opponent,TrainingAgent,Heuristic,170.0
219,1,Opponent,Electrike,Thunder Jolt,1,False,30.0,6,1,170.0,70.0,Player,TrainingAgent,Search,140.0
219,2,Player,Eevee ex,Evolution Burst,0,True,618.0,6,17,170.0,10.0,Opponent,TrainingAgent,Search,140.0
219,3,Opponent,Electrike,Thunder Jolt,1,False,30.0,6,1,140.0,10.0,Player,TrainingAgent,Search,140.0
219,4,Player,Eevee ex,Evolution Burst,0,True,618.0,6,10,140.0,0.0,Opponent,TrainingAgent,Search,140.0
220,1,Player,Eevee ex,Evolution Burst,0,True,633.0,6,17,200.0,10.0,Opponent,TrainingAgent,Aggressive,170.0
220,2,Opponent,Electrike,Thunder Jolt,1,False,45.0,6,1,170.0,10.0,Player,TrainingAgent,Aggressive,170.0
220,3,Player,Eevee ex,Evolution Burst,0,True,633.0,6,10,170.0,0.0,Opponent,TrainingAgent,Aggressive,170.0
221,1,Opponent,Electrike,Thunder Jolt,1,False,0.0,6,1,170.0,70.0,Player,TrainingAgent,Defensive,140.0
221,2,Player,Eevee ex,Evolution Burst,0,True,618.0,6,17,170.0,10.0,Opponent,TrainingAgent,Defensive,140.0
221,3,Opponent,Electrike,Thunder Jolt,1,False,0.0,6,1,140.0,10.0,Player,TrainingAgent,Defensive,140.0
221,4,Player,Eevee ex,Evolution Burst,0,True,618.0,6,10,140.0,0.0,Opponent,TrainingAgent,Defensive,140.0
222,1,Player,Eevee ex,Evolution Burst,0,True,633.0,6,17,200.0,10.0,Opponent,TrainingAgent,Random,170.0
222,2,Opponent,Electrike,Thunder Jolt,1,False,0.0,6,1,170.0,10.0,Player,TrainingAgent,Random,170.0
222,3,Player,Eevee ex,Evolution Burst,0,True,633.0,6,10,170.0,0.0,Opponent,TrainingAgent,Random,170.0
223,1,Opponent,Electrike,Thunder Jolt,1,False,30.0,6,1,170.0,70.0,Player,TrainingAgent,Greedy,140.0
223,2,Player,Eevee ex,Evolution Burst,0,True,618.0,6,17,170.0,10.0,Opponent,TrainingAgent,Greedy,140.0
223,3,Opponent,Electrike,Thunder Jolt,1,False,30.0,6,1,140.0,10.0,Player,TrainingAgent,Greedy,140.0
223,4,Player,Eevee ex,Evolution Burst,0,True,618.0,6,10,140.0,0.0,Opponent,TrainingAgent,Greedy,140.0
224,1,Player,Eevee ex,Evolution Burst,0,True,633.0,6,17,200.0,10.0,Opponent,TrainingAgent,Heuristic,170.0
224,2,Opponent,Electrike,Thunder Jolt,1,False,30.0,6,1,170.0,10.0,Player,TrainingAgent,Heuristic,170.0
224,3,Player,Eevee ex,Evolution Burst,0,True,633.0,6,10,170.0,0.0,Opponent,TrainingAgent,Heuristic,170.0
225,1,Opponent,Electrike,Thunder Jolt,1,False,30.0,6,1,170.0,70.0,Player,TrainingAgent,Search,140.0
225,2,Player,Eevee ex,Evolution Burst,0,True,618.0,6,17,170.0,10.0,Opponent,TrainingAgent,Search,140.0
225,3,Opponent,Electrike,Thunder Jolt,1,False,30.0,6,1,140.0,10.0,Player,TrainingAgent,Search,140.0
225,4,Player,Eevee ex,Evolution Burst,0,True,618.0,6,10,140.0,0.0,Opponent,TrainingAgent,Search,140.0
226,1,Player,Eevee ex,Evolution Burst,0,True,633.0,6,17,200.0,10.0,Opponent,TrainingAgent,Aggressive,170.0
226,2,Opponent,Electrike,Thunder Jolt,1,False,45.0,6,1,170.0,10.0,Player,TrainingAgent,Aggressive,170.0
226,3,Player,Eevee ex,Evolution Burst,0,True,633.0,6,10,170.0,0.0,Opponent,TrainingAgent,Aggressive,170.0
227,1,Opponent,Electrike,Thunder Jolt,1,False,0.0,6,1,170.0,70.0,Player,TrainingAgent,Defensive,140.0
227,2,Player,Eevee ex,Evolution Burst,0,True,618.0,6,17,170.0,10.0,Opponent,TrainingAgent,Defensive,140.0
227,3,Opponent,Electrike,Thunder Jolt,1,False,0.0,6,1,140.0,10.0,Player,TrainingAgent,Defensive,140.0
227,4,Player,Eevee ex,Evolution Burst,0,True,618.0,6,10,140.0,0.0,Opponent,TrainingAgent,Defensive,140.0
228,1,Player,Eevee ex,Evolution Burst,0,True,633.0,6,17,200.0,10.0,Opponent,TrainingAgent,Random,170.0
228,2,Opponent,Electrike,Thunder Jolt,1,False,0.0,6,1,170.0,10.0,Player,TrainingAgent,Random,170.0
228,3,Player,Eevee ex,Evolution Burst,0,True,633.0,6,10,170.0,0.0,Opponent,TrainingAgent,Random,170.0
229,1,Opponent,Electrike,Thunder Jolt,1,False,30.0,6,1,170.0,70.0,Player,TrainingAgent,Greedy,140.0
229,2,Player,Eevee ex,Evolution Burst,0,True,618.0,6,17,170.0,10.0,Opponent,TrainingAgent,Greedy,140.0
229,3,Opponent,Electrike,Thunder Jolt,1,False,30.0,6,1,140.0,10.0,Player,TrainingAgent,Greedy,140.0
229,4,Player,Eevee ex,Evolution Burst,0,True,618.0,6,10,140.0,0.0,Opponent,TrainingAgent,Greedy,140.0
230,1,Player,Eevee ex,Evolution Burst,0,True,633.0,6,17,200.0,10.0,Opponent,TrainingAgent,Heuristic,170.0
230,2,Opponent,Electrike,Thunder Jolt,1,False,30.0,6,1,170.0,10.0,Player,TrainingAgent,Heuristic,170.0
230,3,Player,Eevee ex,Evolution Burst,0,True,633.0,6,10,170.0,0.0,Opponent,TrainingAgent,Heuristic,170.0
231,1,Opponent,Electrike,Thunder Jolt,1,False,30.0,6,1,170.0,70.0,Player,TrainingAgent,Search,140.0
231,2,Player,Eevee ex,Evolution Burst,0,True,618.0,6,17,170.0,10.0,Opponent,TrainingAgent,Search,140.0
231,3,Opponent,Electrike,Thunder Jolt,1,False,30.0,6,1,140.0,10.0,Player,TrainingAgent,Search,140.0
231,4,Player,Eevee ex,Evolution Burst,0,True,618.0,6,10,140.0,0.0,Opponent,TrainingAgent,Search,140.0
232,1,Player,Eevee ex,Evolution Burst,0,True,633.0,6,17,200.0,10.0,Opponent,TrainingAgent,Aggressive,170.0
232,2,Opponent,Electrike,Thunder Jolt,1,False,45.0,6,1,170.0,10.0,Player,TrainingAgent,Aggressive,170.0
232,3,Player,Eevee ex,Evolution Burst,0,True,633.0,6,10,170.0,0.0,Opponent,TrainingAgent,Aggressive,170.0
233,1,Opponent,Electrike,Thunder Jolt,1,False,0.0,6,1,170.0,70.0,Player,TrainingAgent,Defensive,140.0
233,2,Player,Eevee ex,Evolution Burst,0,True,618.0,6,17,170.0,10.0,Opponent,TrainingAgent,Defensive,140.0
233,3,Opponent,Electrike,Thunder Jolt,1,False,0.0,6,1,140.0,10.0,Player,TrainingAgent,Defensive,140.0
233,4,Player,Eevee ex,Evolution Burst,0,True,618.0,6,10,140.0,0.0,Opponent,TrainingAgent,Defensive,140.0
234,1,Player,Eevee ex,Evolution Burst,0,True,633.0,6,17,200.0,10.0,Opponent,TrainingAgent,Random,170.0
234,2,Opponent,Electrike,Thunder Jolt,1,False,0.0,6,1,170.0,10.0,Player,TrainingAgent,Random,170.0
234,3,Player,Eevee ex,Evolution Burst,0,True,633.0,6,10,170.0,0.0,Opponent,TrainingAgent,Random,170.0
235,1,Opponent,Electrike,Thunder Jolt,1,False,30.0,6,1,170.0,70.0,Player,TrainingAgent,Greedy,140.0
235,2,Player,Eevee ex,Evolution Burst,0,True,618.0,6,17,170.0,10.0,Opponent,TrainingAgent,Greedy,140.0
235,3,Opponent,Electrike,Thunder Jolt,1,False,30.0,6,1,140.0,10.0,Player,TrainingAgent,Greedy,140.0
235,4,Player,Eevee ex,Evolution Burst,0,True,618.0,6,10,140.0,0.0,Opponent,TrainingAgent,Greedy,140.0
236,1,Player,Eevee ex,Evolution Burst,0,True,633.0,6,17,200.0,10.0,Opponent,TrainingAgent,Heuristic,170.0
236,2,Opponent,Electrike,Thunder Jolt,1,False,30.0,6,1,170.0,10.0,Player,TrainingAgent,Heuristic,170.0
236,3,Player,Eevee ex,Evolution Burst,0,True,633.0,6,10,170.0,0.0,Opponent,TrainingAgent,Heuristic,170.0
237,1,Opponent,Electrike,Thunder Jolt,1,False,30.0,6,1,170.0,70.0,Player,TrainingAgent,Search,140.0
237,2,Player,Eevee ex,Evolution Burst,0,True,618.0,6,17,170.0,10.0,Opponent,TrainingAgent,Search,140.0
237,3,Opponent,Electrike,Thunder Jolt,1,False,30.0,6,1,140.0,10.0,Player,TrainingAgent,Search,140.0
237,4,Player,Eevee ex,Evolution Burst,0,True,618.0,6,10,140.0,0.0,Opponent,TrainingAgent,Search,140.0
238,1,Player,Eevee ex,Evolution Burst,0,True,633.0,6,17,200.0,10.0,Opponent,TrainingAgent,Aggressive,170.0
238,2,Opponent,Electrike,Thunder Jolt,1,False,45.0,6,1,170.0,10.0,Player,TrainingAgent,Aggressive,170.0
238,3,Player,Eevee ex,Evolution Burst,0,True,633.0,6,10,170.0,0.0,Opponent,TrainingAgent,Aggressive,170.0
239,1,Opponent,Electrike,Thunder Jolt,1,False,0.0,6,1,170.0,70.0,Player,TrainingAgent,Defensive,140.0
239,2,Player,Eevee ex,Evolution Burst,0,True,618.0,6,17,170.0,10.0,Opponent,TrainingAgent,Defensive,140.0
239,3,Opponent,Electrike,Thunder Jolt,1,False,0.0,6,1,140.0,10.0,Player,TrainingAgent,Defensive,140.0
239,4,Player,Eevee ex,Evolution Burst,0,True,618.0,6,10,140.0,0.0,Opponent,TrainingAgent,Defensive,140.0
240,1,Player,Eevee ex,Evolution Burst,0,True,633.0,6,17,200.0,10.0,Opponent,TrainingAgent,Random,170.0
240,2,Opponent,Electrike,Thunder Jolt,1,False,0.0,6,1,170.0,10.0,Player,TrainingAgent,Random,170.0
240,3,Player,Eevee ex,Evolution Burst,0,True,633.0,6,10,170.0,0.0,Opponent,TrainingAgent,Random,170.0
241,1,Opponent,Electrike,Thunder Jolt,1,False,30.0,6,1,170.0,70.0,Player,TrainingAgent,Greedy,140.0
241,2,Player,Eevee ex,Evolution Burst,0,True,618.0,6,17,170.0,10.0,Opponent,TrainingAgent,Greedy,140.0
241,3,Opponent,Electrike,Thunder Jolt,1,False,30.0,6,1,140.0,10.0,Player,TrainingAgent,Greedy,140.0
241,4,Player,Eevee ex,Evolution Burst,0,True,618.0,6,10,140.0,0.0,Opponent,TrainingAgent,Greedy,140.0
242,1,Player,Eevee ex,Evolution Burst,0,True,633.0,6,17,200.0,10.0,Opponent,TrainingAgent,Heuristic,170.0
242,2,Opponent,Electrike,Thunder Jolt,1,False,30.0,6,1,170.0,10.0,Player,TrainingAgent,Heuristic,170.0
242,3,Player,Eevee ex,Evolution Burst,0,True,633.0,6,10,170.0,0.0,Opponent,TrainingAgent,Heuristic,170.0
243,1,Opponent,Electrike,Thunder Jolt,1,False,30.0,6,1,170.0,70.0,Player,TrainingAgent,Search,140.0
243,2,Player,Eevee ex,Evolution Burst,0,True,618.0,6,17,170.0,10.0,Opponent,TrainingAgent,Search,140.0
243,3,Opponent,Electrike,Thunder Jolt,1,False,30.0,6,1,140.0,10.0,Player,TrainingAgent,Search,140.0
243,4,Player,Eevee ex,Evolution Burst,0,True,618.0,6,10,140.0,0.0,Opponent,TrainingAgent,Search,140.0
244,1,Player,Eevee ex,Evolution Burst,0,True,633.0,6,17,200.0,10.0,Opponent,TrainingAgent,Aggressive,170.0
244,2,Opponent,Electrike,Thunder Jolt,1,False,45.0,6,1,170.0,10.0,Player,TrainingAgent,Aggressive,170.0
244,3,Player,Eevee ex,Evolution Burst,0,True,633.0,6,10,170.0,0.0,Opponent,TrainingAgent,Aggressive,170.0
245,1,Opponent,Electrike,Thunder Jolt,1,False,0.0,6,1,170.0,70.0,Player,TrainingAgent,Defensive,140.0
245,2,Player,Eevee ex,Evolution Burst,0,True,618.0,6,17,170.0,10.0,Opponent,TrainingAgent,Defensive,140.0
245,3,Opponent,Electrike,Thunder Jolt,1,False,0.0,6,1,140.0,10.0,Player,TrainingAgent,Defensive,140.0
245,4,Player,Eevee ex,Evolution Burst,0,True,618.0,6,10,140.0,0.0,Opponent,TrainingAgent,Defensive,140.0
246,1,Player,Eevee ex,Evolution Burst,0,True,633.0,6,17,200.0,10.0,Opponent,TrainingAgent,Random,170.0
246,2,Opponent,Electrike,Thunder Jolt,1,False,0.0,6,1,170.0,10.0,Player,TrainingAgent,Random,170.0
246,3,Player,Eevee ex,Evolution Burst,0,True,633.0,6,10,170.0,0.0,Opponent,TrainingAgent,Random,170.0
247,1,Opponent,Electrike,Thunder Jolt,1,False,30.0,6,1,170.0,70.0,Player,TrainingAgent,Greedy,140.0
247,2,Player,Eevee ex,Evolution Burst,0,True,618.0,6,17,170.0,10.0,Opponent,TrainingAgent,Greedy,140.0
247,3,Opponent,Electrike,Thunder Jolt,1,False,30.0,6,1,140.0,10.0,Player,TrainingAgent,Greedy,140.0
247,4,Player,Eevee ex,Evolution Burst,0,True,618.0,6,10,140.0,0.0,Opponent,TrainingAgent,Greedy,140.0
248,1,Player,Eevee ex,Evolution Burst,0,True,633.0,6,17,200.0,10.0,Opponent,TrainingAgent,Heuristic,170.0
248,2,Opponent,Electrike,Thunder Jolt,1,False,30.0,6,1,170.0,10.0,Player,TrainingAgent,Heuristic,170.0
248,3,Player,Eevee ex,Evolution Burst,0,True,633.0,6,10,170.0,0.0,Opponent,TrainingAgent,Heuristic,170.0
249,1,Opponent,Electrike,Thunder Jolt,1,False,30.0,6,1,170.0,70.0,Player,TrainingAgent,Search,140.0
249,2,Player,Eevee ex,Evolution Burst,0,True,618.0,6,17,170.0,10.0,Opponent,TrainingAgent,Search,140.0
249,3,Opponent,Electrike,Thunder Jolt,1,False,30.0,6,1,140.0,10.0,Player,TrainingAgent,Search,140.0
249,4,Player,Eevee ex,Evolution Burst,0,True,618.0,6,10,140.0,0.0,Opponent,TrainingAgent,Search,140.0
250,1,Player,Eevee ex,Evolution Burst,0,True,633.0,6,17,200.0,10.0,Opponent,TrainingAgent,Aggressive,170.0
250,2,Opponent,Electrike,Thunder Jolt,1,False,45.0,6,1,170.0,10.0,Player,TrainingAgent,Aggressive,170.0
250,3,Player,Eevee ex,Evolution Burst,0,True,633.0,6,10,170.0,0.0,Opponent,TrainingAgent,Aggressive,170.0
251,1,Opponent,Electrike,Thunder Jolt,1,False,0.0,6,1,170.0,70.0,Player,TrainingAgent,Defensive,140.0
251,2,Player,Eevee ex,Evolution Burst,0,True,618.0,6,17,170.0,10.0,Opponent,TrainingAgent,Defensive,140.0
251,3,Opponent,Electrike,Thunder Jolt,1,False,0.0,6,1,140.0,10.0,Player,TrainingAgent,Defensive,140.0
251,4,Player,Eevee ex,Evolution Burst,0,True,618.0,6,10,140.0,0.0,Opponent,TrainingAgent,Defensive,140.0
252,1,Player,Eevee ex,Evolution Burst,0,True,633.0,6,17,200.0,10.0,Opponent,TrainingAgent,Random,170.0
252,2,Opponent,Electrike,Thunder Jolt,1,False,0.0,6,1,170.0,10.0,Player,TrainingAgent,Random,170.0
252,3,Player,Eevee ex,Evolution Burst,0,True,633.0,6,10,170.0,0.0,Opponent,TrainingAgent,Random,170.0
253,1,Opponent,Electrike,Thunder Jolt,1,False,30.0,6,1,170.0,70.0,Player,TrainingAgent,Greedy,140.0
253,2,Player,Eevee ex,Evolution Burst,0,True,618.0,6,17,170.0,10.0,Opponent,TrainingAgent,Greedy,140.0
253,3,Opponent,Electrike,Thunder Jolt,1,False,30.0,6,1,140.0,10.0,Player,TrainingAgent,Greedy,140.0
253,4,Player,Eevee ex,Evolution Burst,0,True,618.0,6,10,140.0,0.0,Opponent,TrainingAgent,Greedy,140.0
254,1,Player,Eevee ex,Evolution Burst,0,True,633.0,6,17,200.0,10.0,Opponent,TrainingAgent,Heuristic,170.0
254,2,Opponent,Electrike,Thunder Jolt,1,False,30.0,6,1,170.0,10.0,Player,TrainingAgent,Heuristic,170.0
254,3,Player,Eevee ex,Evolution Burst,0,True,633.0,6,10,170.0,0.0,Opponent,TrainingAgent,Heuristic,170.0
255,1,Opponent,Electrike,Thunder Jolt,1,False,30.0,6,1,170.0,70.0,Player,TrainingAgent,Search,140.0
255,2,Player,Eevee ex,Evolution Burst,0,True,618.0,6,17,170.0,10.0,Opponent,TrainingAgent,Search,140.0
255,3,Opponent,Electrike,Thunder Jolt,1,False,30.0,6,1,140.0,10.0,Player,TrainingAgent,Search,140.0
255,4,Player,Eevee ex,Evolution Burst,0,True,618.0,6,10,140.0,0.0,Opponent,TrainingAgent,Search,140.0
256,1,Player,Eevee ex,Evolution Burst,0,True,633.0,6,17,200.0,10.0,Opponent,TrainingAgent,Aggressive,170.0
256,2,Opponent,Electrike,Thunder Jolt,1,False,45.0,6,1,170.0,10.0,Player,TrainingAgent,Aggressive,170.0
256,3,Player,Eevee ex,Evolution Burst,0,True,633.0,6,10,170.0,0.0,Opponent,TrainingAgent,Aggressive,170.0
257,1,Opponent,Electrike,Thunder Jolt,1,False,0.0,6,1,170.0,70.0,Player,TrainingAgent,Defensive,140.0
257,2,Player,Eevee ex,Evolution Burst,0,True,618.0,6,17,170.0,10.0,Opponent,TrainingAgent,Defensive,140.0
257,3,Opponent,Electrike,Thunder Jolt,1,False,0.0,6,1,140.0,10.0,Player,TrainingAgent,Defensive,140.0
257,4,Player,Eevee ex,Evolution Burst,0,True,618.0,6,10,140.0,0.0,Opponent,TrainingAgent,Defensive,140.0
258,1,Player,Eevee ex,Evolution Burst,0,True,633.0,6,17,200.0,10.0,Opponent,TrainingAgent,Random,170.0
258,2,Opponent,Electrike,Thunder Jolt,1,False,0.0,6,1,170.0,10.0,Player,TrainingAgent,Random,170.0
258,3,Player,Eevee ex,Evolution Burst,0,True,633.0,6,10,170.0,0.0,Opponent,TrainingAgent,Random,170.0
259,1,Opponent,Electrike,Thunder Jolt,1,False,30.0,6,1,170.0,70.0,Player,TrainingAgent,Greedy,140.0
259,2,Player,Eevee ex,Evolution Burst,0,True,618.0,6,17,170.0,10.0,Opponent,TrainingAgent,Greedy,140.0
259,3,Opponent,Electrike,Thunder Jolt,1,False,30.0,6,1,140.0,10.0,Player,TrainingAgent,Greedy,140.0
259,4,Player,Eevee ex,Evolution Burst,0,True,618.0,6,10,140.0,0.0,Opponent,TrainingAgent,Greedy,140.0
260,1,Player,Eevee ex,Evolution Burst,0,True,633.0,6,17,200.0,10.0,Opponent,TrainingAgent,Heuristic,170.0
260,2,Opponent,Electrike,Thunder Jolt,1,False,30.0,6,1,170.0,10.0,Player,TrainingAgent,Heuristic,170.0
260,3,Player,Eevee ex,Evolution Burst,0,True,633.0,6,10,170.0,0.0,Opponent,TrainingAgent,Heuristic,170.0
261,1,Opponent,Electrike,Thunder Jolt,1,False,30.0,6,1,170.0,70.0,Player,TrainingAgent,Search,140.0
261,2,Player,Eevee ex,Evolution Burst,0,True,618.0,6,17,170.0,10.0,Opponent,TrainingAgent,Search,140.0
261,3,Opponent,Electrike,Thunder Jolt,1,False,30.0,6,1,140.0,10.0,Player,TrainingAgent,Search,140.0
261,4,Player,Eevee ex,Evolution Burst,0,True,618.0,6,10,140.0,0.0,Opponent,TrainingAgent,Search,140.0
262,1,Player,Eevee ex,Evolution Burst,0,True,633.0,6,17,200.0,10.0,Opponent,TrainingAgent,Aggressive,170.0
262,2,Opponent,Electrike,Thunder Jolt,1,False,45.0,6,1,170.0,10.0,Player,TrainingAgent,Aggressive,170.0
262,3,Player,Eevee ex,Evolution Burst,0,True,633.0,6,10,170.0,0.0,Opponent,TrainingAgent,Aggressive,170.0
263,1,Opponent,Electrike,Thunder Jolt,1,False,0.0,6,1,170.0,70.0,Player,TrainingAgent,Defensive,140.0
263,2,Player,Eevee ex,Evolution Burst,0,True,618.0,6,17,170.0,10.0,Opponent,TrainingAgent,Defensive,140.0
263,3,Opponent,Electrike,Thunder Jolt,1,False,0.0,6,1,140.0,10.0,Player,TrainingAgent,Defensive,140.0
263,4,Player,Eevee ex,Evolution Burst,0,True,618.0,6,10,140.0,0.0,Opponent,TrainingAgent,Defensive,140.0
264,1,Player,Eevee ex,Evolution Burst,0,True,633.0,6,17,200.0,10.0,Opponent,TrainingAgent,Random,170.0
264,2,Opponent,Electrike,Thunder Jolt,1,False,0.0,6,1,170.0,10.0,Player,TrainingAgent,Random,170.0
264,3,Player,Eevee ex,Evolution Burst,0,True,633.0,6,10,170.0,0.0,Opponent,TrainingAgent,Random,170.0
265,1,Opponent,Electrike,Thunder Jolt,1,False,30.0,6,1,170.0,70.0,Player,TrainingAgent,Greedy,140.0
265,2,Player,Eevee ex,Evolution Burst,0,True,618.0,6,17,170.0,10.0,Opponent,TrainingAgent,Greedy,140.0
265,3,Opponent,Electrike,Thunder Jolt,1,False,30.0,6,1,140.0,10.0,Player,TrainingAgent,Greedy,140.0
265,4,Player,Eevee ex,Evolution Burst,0,True,618.0,6,10,140.0,0.0,Opponent,TrainingAgent,Greedy,140.0
266,1,Player,Eevee ex,Evolution Burst,0,True,633.0,6,17,200.0,10.0,Opponent,TrainingAgent,Heuristic,170.0
266,2,Opponent,Electrike,Thunder Jolt,1,False,30.0,6,1,170.0,10.0,Player,TrainingAgent,Heuristic,170.0
266,3,Player,Eevee ex,Evolution Burst,0,True,633.0,6,10,170.0,0.0,Opponent,TrainingAgent,Heuristic,170.0
267,1,Opponent,Electrike,Thunder Jolt,1,False,30.0,6,1,170.0,70.0,Player,TrainingAgent,Search,140.0
267,2,Player,Eevee ex,Evolution Burst,0,True,618.0,6,17,170.0,10.0,Opponent,TrainingAgent,Search,140.0
267,3,Opponent,Electrike,Thunder Jolt,1,False,30.0,6,1,140.0,10.0,Player,TrainingAgent,Search,140.0
267,4,Player,Eevee ex,Evolution Burst,0,True,618.0,6,10,140.0,0.0,Opponent,TrainingAgent,Search,140.0
268,1,Player,Eevee ex,Evolution Burst,0,True,633.0,6,17,200.0,10.0,Opponent,TrainingAgent,Aggressive,170.0
268,2,Opponent,Electrike,Thunder Jolt,1,False,45.0,6,1,170.0,10.0,Player,TrainingAgent,Aggressive,170.0
268,3,Player,Eevee ex,Evolution Burst,0,True,633.0,6,10,170.0,0.0,Opponent,TrainingAgent,Aggressive,170.0
269,1,Opponent,Electrike,Thunder Jolt,1,False,0.0,6,1,170.0,70.0,Player,TrainingAgent,Defensive,140.0
269,2,Player,Eevee ex,Evolution Burst,0,True,618.0,6,17,170.0,10.0,Opponent,TrainingAgent,Defensive,140.0
269,3,Opponent,Electrike,Thunder Jolt,1,False,0.0,6,1,140.0,10.0,Player,TrainingAgent,Defensive,140.0
269,4,Player,Eevee ex,Evolution Burst,0,True,618.0,6,10,140.0,0.0,Opponent,TrainingAgent,Defensive,140.0
270,1,Player,Eevee ex,Evolution Burst,0,True,633.0,6,17,200.0,10.0,Opponent,TrainingAgent,Random,170.0
270,2,Opponent,Electrike,Thunder Jolt,1,False,0.0,6,1,170.0,10.0,Player,TrainingAgent,Random,170.0
270,3,Player,Eevee ex,Evolution Burst,0,True,633.0,6,10,170.0,0.0,Opponent,TrainingAgent,Random,170.0
271,1,Opponent,Electrike,Thunder Jolt,1,False,30.0,6,1,170.0,70.0,Player,TrainingAgent,Greedy,140.0
271,2,Player,Eevee ex,Evolution Burst,0,True,618.0,6,17,170.0,10.0,Opponent,TrainingAgent,Greedy,140.0
271,3,Opponent,Electrike,Thunder Jolt,1,False,30.0,6,1,140.0,10.0,Player,TrainingAgent,Greedy,140.0
271,4,Player,Eevee ex,Evolution Burst,0,True,618.0,6,10,140.0,0.0,Opponent,TrainingAgent,Greedy,140.0
272,1,Player,Eevee ex,Evolution Burst,0,True,633.0,6,17,200.0,10.0,Opponent,TrainingAgent,Heuristic,170.0
272,2,Opponent,Electrike,Thunder Jolt,1,False,30.0,6,1,170.0,10.0,Player,TrainingAgent,Heuristic,170.0
272,3,Player,Eevee ex,Evolution Burst,0,True,633.0,6,10,170.0,0.0,Opponent,TrainingAgent,Heuristic,170.0
273,1,Opponent,Electrike,Thunder Jolt,1,False,30.0,6,1,170.0,70.0,Player,TrainingAgent,Search,140.0
273,2,Player,Eevee ex,Evolution Burst,0,True,618.0,6,17,170.0,10.0,Opponent,TrainingAgent,Search,140.0
273,3,Opponent,Electrike,Thunder Jolt,1,False,30.0,6,1,140.0,10.0,Player,TrainingAgent,Search,140.0
273,4,Player,Eevee ex,Evolution Burst,0,True,618.0,6,10,140.0,0.0,Opponent,TrainingAgent,Search,140.0
274,1,Player,Eevee ex,Evolution Burst,0,True,633.0,6,17,200.0,10.0,Opponent,TrainingAgent,Aggressive,170.0
274,2,Opponent,Electrike,Thunder Jolt,1,False,45.0,6,1,170.0,10.0,Player,TrainingAgent,Aggressive,170.0
274,3,Player,Eevee ex,Evolution Burst,0,True,633.0,6,10,170.0,0.0,Opponent,TrainingAgent,Aggressive,170.0
275,1,Opponent,Electrike,Thunder Jolt,1,False,0.0,6,1,170.0,70.0,Player,TrainingAgent,Defensive,140.0
275,2,Player,Eevee ex,Evolution Burst,0,True,618.0,6,17,170.0,10.0,Opponent,TrainingAgent,Defensive,140.0
275,3,Opponent,Electrike,Thunder Jolt,1,False,0.0,6,1,140.0,10.0,Player,TrainingAgent,Defensive,140.0
275,4,Player,Eevee ex,Evolution Burst,0,True,618.0,6,10,140.0,0.0,Opponent,TrainingAgent,Defensive,140.0
276,1,Player,Eevee ex,Evolution Burst,0,True,633.0,6,17,200.0,10.0,Opponent,TrainingAgent,Random,170.0
276,2,Opponent,Electrike,Thunder Jolt,1,False,0.0,6,1,170.0,10.0,Player,TrainingAgent,Random,170.0
276,3,Player,Eevee ex,Evolution Burst,0,True,633.0,6,10,170.0,0.0,Opponent,TrainingAgent,Random,170.0
277,1,Opponent,Electrike,Thunder Jolt,1,False,30.0,6,1,170.0,70.0,Player,TrainingAgent,Greedy,140.0
277,2,Player,Eevee ex,Evolution Burst,0,True,618.0,6,17,170.0,10.0,Opponent,TrainingAgent,Greedy,140.0
277,3,Opponent,Electrike,Thunder Jolt,1,False,30.0,6,1,140.0,10.0,Player,TrainingAgent,Greedy,140.0
277,4,Player,Eevee ex,Evolution Burst,0,True,618.0,6,10,140.0,0.0,Opponent,TrainingAgent,Greedy,140.0
278,1,Player,Eevee ex,Evolution Burst,0,True,633.0,6,17,200.0,10.0,Opponent,TrainingAgent,Heuristic,170.0
278,2,Opponent,Electrike,Thunder Jolt,1,False,30.0,6,1,170.0,10.0,Player,TrainingAgent,Heuristic,170.0
278,3,Player,Eevee ex,Evolution Burst,0,True,633.0,6,10,170.0,0.0,Opponent,TrainingAgent,Heuristic,170.0
279,1,Opponent,Electrike,Thunder Jolt,1,False,30.0,6,1,170.0,70.0,Player,TrainingAgent,Search,140.0
279,2,Player,Eevee ex,Evolution Burst,0,True,618.0,6,17,170.0,10.0,Opponent,TrainingAgent,Search,140.0
279,3,Opponent,Electrike,Thunder Jolt,1,False,30.0,6,1,140.0,10.0,Player,TrainingAgent,Search,140.0
279,4,Player,Eevee ex,Evolution Burst,0,True,618.0,6,10,140.0,0.0,Opponent,TrainingAgent,Search,140.0
280,1,Player,Eevee ex,Evolution Burst,0,True,633.0,6,17,200.0,10.0,Opponent,TrainingAgent,Aggressive,170.0
280,2,Opponent,Electrike,Thunder Jolt,1,False,45.0,6,1,170.0,10.0,Player,TrainingAgent,Aggressive,170.0
280,3,Player,Eevee ex,Evolution Burst,0,True,633.0,6,10,170.0,0.0,Opponent,TrainingAgent,Aggressive,170.0
281,1,Opponent,Electrike,Thunder Jolt,1,False,0.0,6,1,170.0,70.0,Player,TrainingAgent,Defensive,140.0
281,2,Player,Eevee ex,Evolution Burst,0,True,618.0,6,17,170.0,10.0,Opponent,TrainingAgent,Defensive,140.0
281,3,Opponent,Electrike,Thunder Jolt,1,False,0.0,6,1,140.0,10.0,Player,TrainingAgent,Defensive,140.0
281,4,Player,Eevee ex,Evolution Burst,0,True,618.0,6,10,140.0,0.0,Opponent,TrainingAgent,Defensive,140.0
282,1,Player,Eevee ex,Evolution Burst,0,True,633.0,6,17,200.0,10.0,Opponent,TrainingAgent,Random,170.0
282,2,Opponent,Electrike,Thunder Jolt,1,False,0.0,6,1,170.0,10.0,Player,TrainingAgent,Random,170.0
282,3,Player,Eevee ex,Evolution Burst,0,True,633.0,6,10,170.0,0.0,Opponent,TrainingAgent,Random,170.0
283,1,Opponent,Electrike,Thunder Jolt,1,False,30.0,6,1,170.0,70.0,Player,TrainingAgent,Greedy,140.0
283,2,Player,Eevee ex,Evolution Burst,0,True,618.0,6,17,170.0,10.0,Opponent,TrainingAgent,Greedy,140.0
283,3,Opponent,Electrike,Thunder Jolt,1,False,30.0,6,1,140.0,10.0,Player,TrainingAgent,Greedy,140.0
283,4,Player,Eevee ex,Evolution Burst,0,True,618.0,6,10,140.0,0.0,Opponent,TrainingAgent,Greedy,140.0
284,1,Player,Eevee ex,Evolution Burst,0,True,633.0,6,17,200.0,10.0,Opponent,TrainingAgent,Heuristic,170.0
284,2,Opponent,Electrike,Thunder Jolt,1,False,30.0,6,1,170.0,10.0,Player,TrainingAgent,Heuristic,170.0
284,3,Player,Eevee ex,Evolution Burst,0,True,633.0,6,10,170.0,0.0,Opponent,TrainingAgent,Heuristic,170.0
285,1,Opponent,Electrike,Thunder Jolt,1,False,30.0,6,1,170.0,70.0,Player,TrainingAgent,Search,140.0
285,2,Player,Eevee ex,Evolution Burst,0,True,618.0,6,17,170.0,10.0,Opponent,TrainingAgent,Search,140.0
285,3,Opponent,Electrike,Thunder Jolt,1,False,30.0,6,1,140.0,10.0,Player,TrainingAgent,Search,140.0
285,4,Player,Eevee ex,Evolution Burst,0,True,618.0,6,10,140.0,0.0,Opponent,TrainingAgent,Search,140.0
286,1,Player,Eevee ex,Evolution Burst,0,True,633.0,6,17,200.0,10.0,Opponent,TrainingAgent,Aggressive,170.0
286,2,Opponent,Electrike,Thunder Jolt,1,False,45.0,6,1,170.0,10.0,Player,TrainingAgent,Aggressive,170.0
286,3,Player,Eevee ex,Evolution Burst,0,True,633.0,6,10,170.0,0.0,Opponent,TrainingAgent,Aggressive,170.0
287,1,Opponent,Electrike,Thunder Jolt,1,False,0.0,6,1,170.0,70.0,Player,TrainingAgent,Defensive,140.0
287,2,Player,Eevee ex,Evolution Burst,0,True,618.0,6,17,170.0,10.0,Opponent,TrainingAgent,Defensive,140.0
287,3,Opponent,Electrike,Thunder Jolt,1,False,0.0,6,1,140.0,10.0,Player,TrainingAgent,Defensive,140.0
287,4,Player,Eevee ex,Evolution Burst,0,True,618.0,6,10,140.0,0.0,Opponent,TrainingAgent,Defensive,140.0
288,1,Player,Eevee ex,Evolution Burst,0,True,633.0,6,17,200.0,10.0,Opponent,TrainingAgent,Random,170.0
288,2,Opponent,Electrike,Thunder Jolt,1,False,0.0,6,1,170.0,10.0,Player,TrainingAgent,Random,170.0
288,3,Player,Eevee ex,Evolution Burst,0,True,633.0,6,10,170.0,0.0,Opponent,TrainingAgent,Random,170.0
289,1,Opponent,Electrike,Thunder Jolt,1,False,30.0,6,1,170.0,70.0,Player,TrainingAgent,Greedy,140.0
289,2,Player,Eevee ex,Evolution Burst,0,True,618.0,6,17,170.0,10.0,Opponent,TrainingAgent,Greedy,140.0
289,3,Opponent,Electrike,Thunder Jolt,1,False,30.0,6,1,140.0,10.0,Player,TrainingAgent,Greedy,140.0
289,4,Player,Eevee ex,Evolution Burst,0,True,618.0,6,10,140.0,0.0,Opponent,TrainingAgent,Greedy,140.0
290,1,Player,Eevee ex,Evolution Burst,0,True,633.0,6,17,200.0,10.0,Opponent,TrainingAgent,Heuristic,170.0
290,2,Opponent,Electrike,Thunder Jolt,1,False,30.0,6,1,170.0,10.0,Player,TrainingAgent,Heuristic,170.0
290,3,Player,Eevee ex,Evolution Burst,0,True,633.0,6,10,170.0,0.0,Opponent,TrainingAgent,Heuristic,170.0
291,1,Opponent,Electrike,Thunder Jolt,1,False,30.0,6,1,170.0,70.0,Player,TrainingAgent,Search,140.0
291,2,Player,Eevee ex,Evolution Burst,0,True,618.0,6,17,170.0,10.0,Opponent,TrainingAgent,Search,140.0
291,3,Opponent,Electrike,Thunder Jolt,1,False,30.0,6,1,140.0,10.0,Player,TrainingAgent,Search,140.0
291,4,Player,Eevee ex,Evolution Burst,0,True,618.0,6,10,140.0,0.0,Opponent,TrainingAgent,Search,140.0
292,1,Player,Eevee ex,Evolution Burst,0,True,633.0,6,17,200.0,10.0,Opponent,TrainingAgent,Aggressive,170.0
292,2,Opponent,Electrike,Thunder Jolt,1,False,45.0,6,1,170.0,10.0,Player,TrainingAgent,Aggressive,170.0
292,3,Player,Eevee ex,Evolution Burst,0,True,633.0,6,10,170.0,0.0,Opponent,TrainingAgent,Aggressive,170.0
293,1,Opponent,Electrike,Thunder Jolt,1,False,0.0,6,1,170.0,70.0,Player,TrainingAgent,Defensive,140.0
293,2,Player,Eevee ex,Evolution Burst,0,True,618.0,6,17,170.0,10.0,Opponent,TrainingAgent,Defensive,140.0
293,3,Opponent,Electrike,Thunder Jolt,1,False,0.0,6,1,140.0,10.0,Player,TrainingAgent,Defensive,140.0
293,4,Player,Eevee ex,Evolution Burst,0,True,618.0,6,10,140.0,0.0,Opponent,TrainingAgent,Defensive,140.0
294,1,Player,Eevee ex,Evolution Burst,0,True,633.0,6,17,200.0,10.0,Opponent,TrainingAgent,Random,170.0
294,2,Opponent,Electrike,Thunder Jolt,1,False,0.0,6,1,170.0,10.0,Player,TrainingAgent,Random,170.0
294,3,Player,Eevee ex,Evolution Burst,0,True,633.0,6,10,170.0,0.0,Opponent,TrainingAgent,Random,170.0
295,1,Opponent,Electrike,Thunder Jolt,1,False,30.0,6,1,170.0,70.0,Player,TrainingAgent,Greedy,140.0
295,2,Player,Eevee ex,Evolution Burst,0,True,618.0,6,17,170.0,10.0,Opponent,TrainingAgent,Greedy,140.0
295,3,Opponent,Electrike,Thunder Jolt,1,False,30.0,6,1,140.0,10.0,Player,TrainingAgent,Greedy,140.0
295,4,Player,Eevee ex,Evolution Burst,0,True,618.0,6,10,140.0,0.0,Opponent,TrainingAgent,Greedy,140.0
296,1,Player,Eevee ex,Evolution Burst,0,True,633.0,6,17,200.0,10.0,Opponent,TrainingAgent,Heuristic,170.0
296,2,Opponent,Electrike,Thunder Jolt,1,False,30.0,6,1,170.0,10.0,Player,TrainingAgent,Heuristic,170.0
296,3,Player,Eevee ex,Evolution Burst,0,True,633.0,6,10,170.0,0.0,Opponent,TrainingAgent,Heuristic,170.0
297,1,Opponent,Electrike,Thunder Jolt,1,False,30.0,6,1,170.0,70.0,Player,TrainingAgent,Search,140.0
297,2,Player,Eevee ex,Evolution Burst,0,True,618.0,6,17,170.0,10.0,Opponent,TrainingAgent,Search,140.0
297,3,Opponent,Electrike,Thunder Jolt,1,False,30.0,6,1,140.0,10.0,Player,TrainingAgent,Search,140.0
297,4,Player,Eevee ex,Evolution Burst,0,True,618.0,6,10,140.0,0.0,Opponent,TrainingAgent,Search,140.0
298,1,Player,Eevee ex,Evolution Burst,0,True,633.0,6,17,200.0,10.0,Opponent,TrainingAgent,Aggressive,170.0
298,2,Opponent,Electrike,Thunder Jolt,1,False,45.0,6,1,170.0,10.0,Player,TrainingAgent,Aggressive,170.0
298,3,Player,Eevee ex,Evolution Burst,0,True,633.0,6,10,170.0,0.0,Opponent,TrainingAgent,Aggressive,170.0
299,1,Opponent,Electrike,Thunder Jolt,1,False,0.0,6,1,170.0,70.0,Player,TrainingAgent,Defensive,140.0
299,2,Player,Eevee ex,Evolution Burst,0,True,618.0,6,17,170.0,10.0,Opponent,TrainingAgent,Defensive,140.0
299,3,Opponent,Electrike,Thunder Jolt,1,False,0.0,6,1,140.0,10.0,Player,TrainingAgent,Defensive,140.0
299,4,Player,Eevee ex,Evolution Burst,0,True,618.0,6,10,140.0,0.0,Opponent,TrainingAgent,Defensive,140.0
300,1,Player,Eevee ex,Evolution Burst,0,True,633.0,6,17,200.0,10.0,Opponent,TrainingAgent,Random,170.0
300,2,Opponent,Electrike,Thunder Jolt,1,False,0.0,6,1,170.0,10.0,Player,TrainingAgent,Random,170.0
300,3,Player,Eevee ex,Evolution Burst,0,True,633.0,6,10,170.0,0.0,Opponent,TrainingAgent,Random,170.0
301,1,Opponent,Electrike,Thunder Jolt,1,False,30.0,6,1,170.0,70.0,Player,TrainingAgent,Greedy,140.0
301,2,Player,Eevee ex,Evolution Burst,0,True,618.0,6,17,170.0,10.0,Opponent,TrainingAgent,Greedy,140.0
301,3,Opponent,Electrike,Thunder Jolt,1,False,30.0,6,1,140.0,10.0,Player,TrainingAgent,Greedy,140.0
301,4,Player,Eevee ex,Evolution Burst,0,True,618.0,6,10,140.0,0.0,Opponent,TrainingAgent,Greedy,140.0
302,1,Player,Eevee ex,Evolution Burst,0,True,633.0,6,17,200.0,10.0,Opponent,TrainingAgent,Heuristic,170.0
302,2,Opponent,Electrike,Thunder Jolt,1,False,30.0,6,1,170.0,10.0,Player,TrainingAgent,Heuristic,170.0
302,3,Player,Eevee ex,Evolution Burst,0,True,633.0,6,10,170.0,0.0,Opponent,TrainingAgent,Heuristic,170.0
303,1,Opponent,Electrike,Thunder Jolt,1,False,30.0,6,1,170.0,70.0,Player,TrainingAgent,Search,140.0
303,2,Player,Eevee ex,Evolution Burst,0,True,618.0,6,17,170.0,10.0,Opponent,TrainingAgent,Search,140.0
303,3,Opponent,Electrike,Thunder Jolt,1,False,30.0,6,1,140.0,10.0,Player,TrainingAgent,Search,140.0
303,4,Player,Eevee ex,Evolution Burst,0,True,618.0,6,10,140.0,0.0,Opponent,TrainingAgent,Search,140.0
304,1,Player,Eevee ex,Evolution Burst,0,True,633.0,6,17,200.0,10.0,Opponent,TrainingAgent,Aggressive,170.0
304,2,Opponent,Electrike,Thunder Jolt,1,False,45.0,6,1,170.0,10.0,Player,TrainingAgent,Aggressive,170.0
304,3,Player,Eevee ex,Evolution Burst,0,True,633.0,6,10,170.0,0.0,Opponent,TrainingAgent,Aggressive,170.0
305,1,Opponent,Electrike,Thunder Jolt,1,False,0.0,6,1,170.0,70.0,Player,TrainingAgent,Defensive,140.0
305,2,Player,Eevee ex,Evolution Burst,0,True,618.0,6,17,170.0,10.0,Opponent,TrainingAgent,Defensive,140.0
305,3,Opponent,Electrike,Thunder Jolt,1,False,0.0,6,1,140.0,10.0,Player,TrainingAgent,Defensive,140.0
305,4,Player,Eevee ex,Evolution Burst,0,True,618.0,6,10,140.0,0.0,Opponent,TrainingAgent,Defensive,140.0
306,1,Player,Eevee ex,Evolution Burst,0,True,633.0,6,17,200.0,10.0,Opponent,TrainingAgent,Random,170.0
306,2,Opponent,Electrike,Thunder Jolt,1,False,0.0,6,1,170.0,10.0,Player,TrainingAgent,Random,170.0
306,3,Player,Eevee ex,Evolution Burst,0,True,633.0,6,10,170.0,0.0,Opponent,TrainingAgent,Random,170.0
307,1,Opponent,Electrike,Thunder Jolt,1,False,30.0,6,1,170.0,70.0,Player,TrainingAgent,Greedy,140.0
307,2,Player,Eevee ex,Evolution Burst,0,True,618.0,6,17,170.0,10.0,Opponent,TrainingAgent,Greedy,140.0
307,3,Opponent,Electrike,Thunder Jolt,1,False,30.0,6,1,140.0,10.0,Player,TrainingAgent,Greedy,140.0
307,4,Player,Eevee ex,Evolution Burst,0,True,618.0,6,10,140.0,0.0,Opponent,TrainingAgent,Greedy,140.0
308,1,Player,Eevee ex,Evolution Burst,0,True,633.0,6,17,200.0,10.0,Opponent,TrainingAgent,Heuristic,170.0
308,2,Opponent,Electrike,Thunder Jolt,1,False,30.0,6,1,170.0,10.0,Player,TrainingAgent,Heuristic,170.0
308,3,Player,Eevee ex,Evolution Burst,0,True,633.0,6,10,170.0,0.0,Opponent,TrainingAgent,Heuristic,170.0
309,1,Opponent,Electrike,Thunder Jolt,1,False,30.0,6,1,170.0,70.0,Player,TrainingAgent,Search,140.0
309,2,Player,Eevee ex,Evolution Burst,0,True,618.0,6,17,170.0,10.0,Opponent,TrainingAgent,Search,140.0
309,3,Opponent,Electrike,Thunder Jolt,1,False,30.0,6,1,140.0,10.0,Player,TrainingAgent,Search,140.0
309,4,Player,Eevee ex,Evolution Burst,0,True,618.0,6,10,140.0,0.0,Opponent,TrainingAgent,Search,140.0
310,1,Player,Eevee ex,Evolution Burst,0,True,633.0,6,17,200.0,10.0,Opponent,TrainingAgent,Aggressive,170.0
310,2,Opponent,Electrike,Thunder Jolt,1,False,45.0,6,1,170.0,10.0,Player,TrainingAgent,Aggressive,170.0
310,3,Player,Eevee ex,Evolution Burst,0,True,633.0,6,10,170.0,0.0,Opponent,TrainingAgent,Aggressive,170.0
311,1,Opponent,Electrike,Thunder Jolt,1,False,0.0,6,1,170.0,70.0,Player,TrainingAgent,Defensive,140.0
311,2,Player,Eevee ex,Evolution Burst,0,True,618.0,6,17,170.0,10.0,Opponent,TrainingAgent,Defensive,140.0
311,3,Opponent,Electrike,Thunder Jolt,1,False,0.0,6,1,140.0,10.0,Player,TrainingAgent,Defensive,140.0
311,4,Player,Eevee ex,Evolution Burst,0,True,618.0,6,10,140.0,0.0,Opponent,TrainingAgent,Defensive,140.0
312,1,Player,Eevee ex,Evolution Burst,0,True,633.0,6,17,200.0,10.0,Opponent,TrainingAgent,Random,170.0
312,2,Opponent,Electrike,Thunder Jolt,1,False,0.0,6,1,170.0,10.0,Player,TrainingAgent,Random,170.0
312,3,Player,Eevee ex,Evolution Burst,0,True,633.0,6,10,170.0,0.0,Opponent,TrainingAgent,Random,170.0
313,1,Opponent,Electrike,Thunder Jolt,1,False,30.0,6,1,170.0,70.0,Player,TrainingAgent,Greedy,140.0
313,2,Player,Eevee ex,Evolution Burst,0,True,618.0,6,17,170.0,10.0,Opponent,TrainingAgent,Greedy,140.0
313,3,Opponent,Electrike,Thunder Jolt,1,False,30.0,6,1,140.0,10.0,Player,TrainingAgent,Greedy,140.0
313,4,Player,Eevee ex,Evolution Burst,0,True,618.0,6,10,140.0,0.0,Opponent,TrainingAgent,Greedy,140.0
314,1,Player,Eevee ex,Evolution Burst,0,True,633.0,6,17,200.0,10.0,Opponent,TrainingAgent,Heuristic,170.0
314,2,Opponent,Electrike,Thunder Jolt,1,False,30.0,6,1,170.0,10.0,Player,TrainingAgent,Heuristic,170.0
314,3,Player,Eevee ex,Evolution Burst,0,True,633.0,6,10,170.0,0.0,Opponent,TrainingAgent,Heuristic,170.0
315,1,Opponent,Electrike,Thunder Jolt,1,False,30.0,6,1,170.0,70.0,Player,TrainingAgent,Search,140.0
315,2,Player,Eevee ex,Evolution Burst,0,True,618.0,6,17,170.0,10.0,Opponent,TrainingAgent,Search,140.0
315,3,Opponent,Electrike,Thunder Jolt,1,False,30.0,6,1,140.0,10.0,Player,TrainingAgent,Search,140.0
315,4,Player,Eevee ex,Evolution Burst,0,True,618.0,6,10,140.0,0.0,Opponent,TrainingAgent,Search,140.0
316,1,Player,Eevee ex,Evolution Burst,0,True,633.0,6,17,200.0,10.0,Opponent,TrainingAgent,Aggressive,170.0
316,2,Opponent,Electrike,Thunder Jolt,1,False,45.0,6,1,170.0,10.0,Player,TrainingAgent,Aggressive,170.0
316,3,Player,Eevee ex,Evolution Burst,0,True,633.0,6,10,170.0,0.0,Opponent,TrainingAgent,Aggressive,170.0
317,1,Opponent,Electrike,Thunder Jolt,1,False,0.0,6,1,170.0,70.0,Player,TrainingAgent,Defensive,140.0
317,2,Player,Eevee ex,Evolution Burst,0,True,618.0,6,17,170.0,10.0,Opponent,TrainingAgent,Defensive,140.0
317,3,Opponent,Electrike,Thunder Jolt,1,False,0.0,6,1,140.0,10.0,Player,TrainingAgent,Defensive,140.0
317,4,Player,Eevee ex,Evolution Burst,0,True,618.0,6,10,140.0,0.0,Opponent,TrainingAgent,Defensive,140.0
318,1,Player,Eevee ex,Evolution Burst,0,True,633.0,6,17,200.0,10.0,Opponent,TrainingAgent,Random,170.0
318,2,Opponent,Electrike,Thunder Jolt,1,False,0.0,6,1,170.0,10.0,Player,TrainingAgent,Random,170.0
318,3,Player,Eevee ex,Evolution Burst,0,True,633.0,6,10,170.0,0.0,Opponent,TrainingAgent,Random,170.0
319,1,Opponent,Electrike,Thunder Jolt,1,False,30.0,6,1,170.0,70.0,Player,TrainingAgent,Greedy,140.0
319,2,Player,Eevee ex,Evolution Burst,0,True,618.0,6,17,170.0,10.0,Opponent,TrainingAgent,Greedy,140.0
319,3,Opponent,Electrike,Thunder Jolt,1,False,30.0,6,1,140.0,10.0,Player,TrainingAgent,Greedy,140.0
319,4,Player,Eevee ex,Evolution Burst,0,True,618.0,6,10,140.0,0.0,Opponent,TrainingAgent,Greedy,140.0
320,1,Player,Eevee ex,Evolution Burst,0,True,633.0,6,17,200.0,10.0,Opponent,TrainingAgent,Heuristic,170.0
320,2,Opponent,Electrike,Thunder Jolt,1,False,30.0,6,1,170.0,10.0,Player,TrainingAgent,Heuristic,170.0
320,3,Player,Eevee ex,Evolution Burst,0,True,633.0,6,10,170.0,0.0,Opponent,TrainingAgent,Heuristic,170.0
321,1,Opponent,Electrike,Thunder Jolt,1,False,30.0,6,1,170.0,70.0,Player,TrainingAgent,Search,140.0
321,2,Player,Eevee ex,Evolution Burst,0,True,618.0,6,17,170.0,10.0,Opponent,TrainingAgent,Search,140.0
321,3,Opponent,Electrike,Thunder Jolt,1,False,30.0,6,1,140.0,10.0,Player,TrainingAgent,Search,140.0
321,4,Player,Eevee ex,Evolution Burst,0,True,618.0,6,10,140.0,0.0,Opponent,TrainingAgent,Search,140.0
322,1,Player,Eevee ex,Evolution Burst,0,True,633.0,6,17,200.0,10.0,Opponent,TrainingAgent,Aggressive,170.0
322,2,Opponent,Electrike,Thunder Jolt,1,False,45.0,6,1,170.0,10.0,Player,TrainingAgent,Aggressive,170.0
322,3,Player,Eevee ex,Evolution Burst,0,True,633.0,6,10,170.0,0.0,Opponent,TrainingAgent,Aggressive,170.0
323,1,Opponent,Electrike,Thunder Jolt,1,False,0.0,6,1,170.0,70.0,Player,TrainingAgent,Defensive,140.0
323,2,Player,Eevee ex,Evolution Burst,0,True,618.0,6,17,170.0,10.0,Opponent,TrainingAgent,Defensive,140.0
323,3,Opponent,Electrike,Thunder Jolt,1,False,0.0,6,1,140.0,10.0,Player,TrainingAgent,Defensive,140.0
323,4,Player,Eevee ex,Evolution Burst,0,True,618.0,6,10,140.0,0.0,Opponent,TrainingAgent,Defensive,140.0
324,1,Player,Eevee ex,Evolution Burst,0,True,633.0,6,17,200.0,10.0,Opponent,TrainingAgent,Random,170.0
324,2,Opponent,Electrike,Thunder Jolt,1,False,0.0,6,1,170.0,10.0,Player,TrainingAgent,Random,170.0
324,3,Player,Eevee ex,Evolution Burst,0,True,633.0,6,10,170.0,0.0,Opponent,TrainingAgent,Random,170.0
325,1,Opponent,Electrike,Thunder Jolt,1,False,30.0,6,1,170.0,70.0,Player,TrainingAgent,Greedy,140.0
325,2,Player,Eevee ex,Evolution Burst,0,True,618.0,6,17,170.0,10.0,Opponent,TrainingAgent,Greedy,140.0
325,3,Opponent,Electrike,Thunder Jolt,1,False,30.0,6,1,140.0,10.0,Player,TrainingAgent,Greedy,140.0
325,4,Player,Eevee ex,Evolution Burst,0,True,618.0,6,10,140.0,0.0,Opponent,TrainingAgent,Greedy,140.0
326,1,Player,Eevee ex,Evolution Burst,0,True,633.0,6,17,200.0,10.0,Opponent,TrainingAgent,Heuristic,170.0
326,2,Opponent,Electrike,Thunder Jolt,1,False,30.0,6,1,170.0,10.0,Player,TrainingAgent,Heuristic,170.0
326,3,Player,Eevee ex,Evolution Burst,0,True,633.0,6,10,170.0,0.0,Opponent,TrainingAgent,Heuristic,170.0
327,1,Opponent,Electrike,Thunder Jolt,1,False,30.0,6,1,170.0,70.0,Player,TrainingAgent,Search,140.0
327,2,Player,Eevee ex,Evolution Burst,0,True,618.0,6,17,170.0,10.0,Opponent,TrainingAgent,Search,140.0
327,3,Opponent,Electrike,Thunder Jolt,1,False,30.0,6,1,140.0,10.0,Player,TrainingAgent,Search,140.0
327,4,Player,Eevee ex,Evolution Burst,0,True,618.0,6,10,140.0,0.0,Opponent,TrainingAgent,Search,140.0
328,1,Player,Eevee ex,Evolution Burst,0,True,633.0,6,17,200.0,10.0,Opponent,TrainingAgent,Aggressive,170.0
328,2,Opponent,Electrike,Thunder Jolt,1,False,45.0,6,1,170.0,10.0,Player,TrainingAgent,Aggressive,170.0
328,3,Player,Eevee ex,Evolution Burst,0,True,633.0,6,10,170.0,0.0,Opponent,TrainingAgent,Aggressive,170.0
329,1,Opponent,Electrike,Thunder Jolt,1,False,0.0,6,1,170.0,70.0,Player,TrainingAgent,Defensive,140.0
329,2,Player,Eevee ex,Evolution Burst,0,True,618.0,6,17,170.0,10.0,Opponent,TrainingAgent,Defensive,140.0
329,3,Opponent,Electrike,Thunder Jolt,1,False,0.0,6,1,140.0,10.0,Player,TrainingAgent,Defensive,140.0
329,4,Player,Eevee ex,Evolution Burst,0,True,618.0,6,10,140.0,0.0,Opponent,TrainingAgent,Defensive,140.0
330,1,Player,Eevee ex,Evolution Burst,0,True,633.0,6,17,200.0,10.0,Opponent,TrainingAgent,Random,170.0
330,2,Opponent,Electrike,Thunder Jolt,1,False,0.0,6,1,170.0,10.0,Player,TrainingAgent,Random,170.0
330,3,Player,Eevee ex,Evolution Burst,0,True,633.0,6,10,170.0,0.0,Opponent,TrainingAgent,Random,170.0
331,1,Opponent,Electrike,Thunder Jolt,1,False,30.0,6,1,170.0,70.0,Player,TrainingAgent,Greedy,140.0
331,2,Player,Eevee ex,Evolution Burst,0,True,618.0,6,17,170.0,10.0,Opponent,TrainingAgent,Greedy,140.0
331,3,Opponent,Electrike,Thunder Jolt,1,False,30.0,6,1,140.0,10.0,Player,TrainingAgent,Greedy,140.0
331,4,Player,Eevee ex,Evolution Burst,0,True,618.0,6,10,140.0,0.0,Opponent,TrainingAgent,Greedy,140.0
332,1,Player,Eevee ex,Evolution Burst,0,True,633.0,6,17,200.0,10.0,Opponent,TrainingAgent,Heuristic,170.0
332,2,Opponent,Electrike,Thunder Jolt,1,False,30.0,6,1,170.0,10.0,Player,TrainingAgent,Heuristic,170.0
332,3,Player,Eevee ex,Evolution Burst,0,True,633.0,6,10,170.0,0.0,Opponent,TrainingAgent,Heuristic,170.0
333,1,Opponent,Electrike,Thunder Jolt,1,False,30.0,6,1,170.0,70.0,Player,TrainingAgent,Search,140.0
333,2,Player,Eevee ex,Evolution Burst,0,True,618.0,6,17,170.0,10.0,Opponent,TrainingAgent,Search,140.0
333,3,Opponent,Electrike,Thunder Jolt,1,False,30.0,6,1,140.0,10.0,Player,TrainingAgent,Search,140.0
333,4,Player,Eevee ex,Evolution Burst,0,True,618.0,6,10,140.0,0.0,Opponent,TrainingAgent,Search,140.0
334,1,Player,Eevee ex,Evolution Burst,0,True,633.0,6,17,200.0,10.0,Opponent,TrainingAgent,Aggressive,170.0
334,2,Opponent,Electrike,Thunder Jolt,1,False,45.0,6,1,170.0,10.0,Player,TrainingAgent,Aggressive,170.0
334,3,Player,Eevee ex,Evolution Burst,0,True,633.0,6,10,170.0,0.0,Opponent,TrainingAgent,Aggressive,170.0
335,1,Opponent,Electrike,Thunder Jolt,1,False,0.0,6,1,170.0,70.0,Player,TrainingAgent,Defensive,140.0
335,2,Player,Eevee ex,Evolution Burst,0,True,618.0,6,17,170.0,10.0,Opponent,TrainingAgent,Defensive,140.0
335,3,Opponent,Electrike,Thunder Jolt,1,False,0.0,6,1,140.0,10.0,Player,TrainingAgent,Defensive,140.0
335,4,Player,Eevee ex,Evolution Burst,0,True,618.0,6,10,140.0,0.0,Opponent,TrainingAgent,Defensive,140.0
336,1,Player,Eevee ex,Evolution Burst,0,True,633.0,6,17,200.0,10.0,Opponent,TrainingAgent,Random,170.0
336,2,Opponent,Electrike,Thunder Jolt,1,False,0.0,6,1,170.0,10.0,Player,TrainingAgent,Random,170.0
336,3,Player,Eevee ex,Evolution Burst,0,True,633.0,6,10,170.0,0.0,Opponent,TrainingAgent,Random,170.0
337,1,Opponent,Electrike,Thunder Jolt,1,False,30.0,6,1,170.0,70.0,Player,TrainingAgent,Greedy,140.0
337,2,Player,Eevee ex,Evolution Burst,0,True,618.0,6,17,170.0,10.0,Opponent,TrainingAgent,Greedy,140.0
337,3,Opponent,Electrike,Thunder Jolt,1,False,30.0,6,1,140.0,10.0,Player,TrainingAgent,Greedy,140.0
337,4,Player,Eevee ex,Evolution Burst,0,True,618.0,6,10,140.0,0.0,Opponent,TrainingAgent,Greedy,140.0
338,1,Player,Eevee ex,Evolution Burst,0,True,633.0,6,17,200.0,10.0,Opponent,TrainingAgent,Heuristic,170.0
338,2,Opponent,Electrike,Thunder Jolt,1,False,30.0,6,1,170.0,10.0,Player,TrainingAgent,Heuristic,170.0
338,3,Player,Eevee ex,Evolution Burst,0,True,633.0,6,10,170.0,0.0,Opponent,TrainingAgent,Heuristic,170.0
339,1,Opponent,Electrike,Thunder Jolt,1,False,30.0,6,1,170.0,70.0,Player,TrainingAgent,Search,140.0
339,2,Player,Eevee ex,Evolution Burst,0,True,618.0,6,17,170.0,10.0,Opponent,TrainingAgent,Search,140.0
339,3,Opponent,Electrike,Thunder Jolt,1,False,30.0,6,1,140.0,10.0,Player,TrainingAgent,Search,140.0
339,4,Player,Eevee ex,Evolution Burst,0,True,618.0,6,10,140.0,0.0,Opponent,TrainingAgent,Search,140.0
340,1,Player,Eevee ex,Evolution Burst,0,True,633.0,6,17,200.0,10.0,Opponent,TrainingAgent,Aggressive,170.0
340,2,Opponent,Electrike,Thunder Jolt,1,False,45.0,6,1,170.0,10.0,Player,TrainingAgent,Aggressive,170.0
340,3,Player,Eevee ex,Evolution Burst,0,True,633.0,6,10,170.0,0.0,Opponent,TrainingAgent,Aggressive,170.0
341,1,Opponent,Electrike,Thunder Jolt,1,False,0.0,6,1,170.0,70.0,Player,TrainingAgent,Defensive,140.0
341,2,Player,Eevee ex,Evolution Burst,0,True,618.0,6,17,170.0,10.0,Opponent,TrainingAgent,Defensive,140.0
341,3,Opponent,Electrike,Thunder Jolt,1,False,0.0,6,1,140.0,10.0,Player,TrainingAgent,Defensive,140.0
341,4,Player,Eevee ex,Evolution Burst,0,True,618.0,6,10,140.0,0.0,Opponent,TrainingAgent,Defensive,140.0
342,1,Player,Eevee ex,Evolution Burst,0,True,633.0,6,17,200.0,10.0,Opponent,TrainingAgent,Random,170.0
342,2,Opponent,Electrike,Thunder Jolt,1,False,0.0,6,1,170.0,10.0,Player,TrainingAgent,Random,170.0
342,3,Player,Eevee ex,Evolution Burst,0,True,633.0,6,10,170.0,0.0,Opponent,TrainingAgent,Random,170.0
343,1,Opponent,Electrike,Thunder Jolt,1,False,30.0,6,1,170.0,70.0,Player,TrainingAgent,Greedy,140.0
343,2,Player,Eevee ex,Evolution Burst,0,True,618.0,6,17,170.0,10.0,Opponent,TrainingAgent,Greedy,140.0
343,3,Opponent,Electrike,Thunder Jolt,1,False,30.0,6,1,140.0,10.0,Player,TrainingAgent,Greedy,140.0
343,4,Player,Eevee ex,Evolution Burst,0,True,618.0,6,10,140.0,0.0,Opponent,TrainingAgent,Greedy,140.0
344,1,Player,Eevee ex,Evolution Burst,0,True,633.0,6,17,200.0,10.0,Opponent,TrainingAgent,Heuristic,170.0
344,2,Opponent,Electrike,Thunder Jolt,1,False,30.0,6,1,170.0,10.0,Player,TrainingAgent,Heuristic,170.0
344,3,Player,Eevee ex,Evolution Burst,0,True,633.0,6,10,170.0,0.0,Opponent,TrainingAgent,Heuristic,170.0
345,1,Opponent,Electrike,Thunder Jolt,1,False,30.0,6,1,170.0,70.0,Player,TrainingAgent,Search,140.0
345,2,Player,Eevee ex,Evolution Burst,0,True,618.0,6,17,170.0,10.0,Opponent,TrainingAgent,Search,140.0
345,3,Opponent,Electrike,Thunder Jolt,1,False,30.0,6,1,140.0,10.0,Player,TrainingAgent,Search,140.0
345,4,Player,Eevee ex,Evolution Burst,0,True,618.0,6,10,140.0,0.0,Opponent,TrainingAgent,Search,140.0
346,1,Player,Eevee ex,Evolution Burst,0,True,633.0,6,17,200.0,10.0,Opponent,TrainingAgent,Aggressive,170.0
346,2,Opponent,Electrike,Thunder Jolt,1,False,45.0,6,1,170.0,10.0,Player,TrainingAgent,Aggressive,170.0
346,3,Player,Eevee ex,Evolution Burst,0,True,633.0,6,10,170.0,0.0,Opponent,TrainingAgent,Aggressive,170.0
347,1,Opponent,Electrike,Thunder Jolt,1,False,0.0,6,1,170.0,70.0,Player,TrainingAgent,Defensive,140.0
347,2,Player,Eevee ex,Evolution Burst,0,True,618.0,6,17,170.0,10.0,Opponent,TrainingAgent,Defensive,140.0
347,3,Opponent,Electrike,Thunder Jolt,1,False,0.0,6,1,140.0,10.0,Player,TrainingAgent,Defensive,140.0
347,4,Player,Eevee ex,Evolution Burst,0,True,618.0,6,10,140.0,0.0,Opponent,TrainingAgent,Defensive,140.0
348,1,Player,Eevee ex,Evolution Burst,0,True,633.0,6,17,200.0,10.0,Opponent,TrainingAgent,Random,170.0
348,2,Opponent,Electrike,Thunder Jolt,1,False,0.0,6,1,170.0,10.0,Player,TrainingAgent,Random,170.0
348,3,Player,Eevee ex,Evolution Burst,0,True,633.0,6,10,170.0,0.0,Opponent,TrainingAgent,Random,170.0
349,1,Opponent,Electrike,Thunder Jolt,1,False,30.0,6,1,170.0,70.0,Player,TrainingAgent,Greedy,140.0
349,2,Player,Eevee ex,Evolution Burst,0,True,618.0,6,17,170.0,10.0,Opponent,TrainingAgent,Greedy,140.0
349,3,Opponent,Electrike,Thunder Jolt,1,False,30.0,6,1,140.0,10.0,Player,TrainingAgent,Greedy,140.0
349,4,Player,Eevee ex,Evolution Burst,0,True,618.0,6,10,140.0,0.0,Opponent,TrainingAgent,Greedy,140.0
350,1,Player,Eevee ex,Evolution Burst,0,True,633.0,6,17,200.0,10.0,Opponent,TrainingAgent,Heuristic,170.0
350,2,Opponent,Electrike,Thunder Jolt,1,False,30.0,6,1,170.0,10.0,Player,TrainingAgent,Heuristic,170.0
350,3,Player,Eevee ex,Evolution Burst,0,True,633.0,6,10,170.0,0.0,Opponent,TrainingAgent,Heuristic,170.0
351,1,Opponent,Electrike,Thunder Jolt,1,False,30.0,6,1,170.0,70.0,Player,TrainingAgent,Search,140.0
351,2,Player,Eevee ex,Evolution Burst,0,True,618.0,6,17,170.0,10.0,Opponent,TrainingAgent,Search,140.0
351,3,Opponent,Electrike,Thunder Jolt,1,False,30.0,6,1,140.0,10.0,Player,TrainingAgent,Search,140.0
351,4,Player,Eevee ex,Evolution Burst,0,True,618.0,6,10,140.0,0.0,Opponent,TrainingAgent,Search,140.0
352,1,Player,Eevee ex,Evolution Burst,0,True,633.0,6,17,200.0,10.0,Opponent,TrainingAgent,Aggressive,170.0
352,2,Opponent,Electrike,Thunder Jolt,1,False,45.0,6,1,170.0,10.0,Player,TrainingAgent,Aggressive,170.0
352,3,Player,Eevee ex,Evolution Burst,0,True,633.0,6,10,170.0,0.0,Opponent,TrainingAgent,Aggressive,170.0
353,1,Opponent,Electrike,Thunder Jolt,1,False,0.0,6,1,170.0,70.0,Player,TrainingAgent,Defensive,140.0
353,2,Player,Eevee ex,Evolution Burst,0,True,618.0,6,17,170.0,10.0,Opponent,TrainingAgent,Defensive,140.0
353,3,Opponent,Electrike,Thunder Jolt,1,False,0.0,6,1,140.0,10.0,Player,TrainingAgent,Defensive,140.0
353,4,Player,Eevee ex,Evolution Burst,0,True,618.0,6,10,140.0,0.0,Opponent,TrainingAgent,Defensive,140.0
354,1,Player,Eevee ex,Evolution Burst,0,True,633.0,6,17,200.0,10.0,Opponent,TrainingAgent,Random,170.0
354,2,Opponent,Electrike,Thunder Jolt,1,False,0.0,6,1,170.0,10.0,Player,TrainingAgent,Random,170.0
354,3,Player,Eevee ex,Evolution Burst,0,True,633.0,6,10,170.0,0.0,Opponent,TrainingAgent,Random,170.0
355,1,Opponent,Electrike,Thunder Jolt,1,False,30.0,6,1,170.0,70.0,Player,TrainingAgent,Greedy,140.0
355,2,Player,Eevee ex,Evolution Burst,0,True,618.0,6,17,170.0,10.0,Opponent,TrainingAgent,Greedy,140.0
355,3,Opponent,Electrike,Thunder Jolt,1,False,30.0,6,1,140.0,10.0,Player,TrainingAgent,Greedy,140.0
355,4,Player,Eevee ex,Evolution Burst,0,True,618.0,6,10,140.0,0.0,Opponent,TrainingAgent,Greedy,140.0
356,1,Player,Eevee ex,Evolution Burst,0,True,633.0,6,17,200.0,10.0,Opponent,TrainingAgent,Heuristic,170.0
356,2,Opponent,Electrike,Thunder Jolt,1,False,30.0,6,1,170.0,10.0,Player,TrainingAgent,Heuristic,170.0
356,3,Player,Eevee ex,Evolution Burst,0,True,633.0,6,10,170.0,0.0,Opponent,TrainingAgent,Heuristic,170.0
357,1,Opponent,Electrike,Thunder Jolt,1,False,30.0,6,1,170.0,70.0,Player,TrainingAgent,Search,140.0
357,2,Player,Eevee ex,Evolution Burst,0,True,618.0,6,17,170.0,10.0,Opponent,TrainingAgent,Search,140.0
357,3,Opponent,Electrike,Thunder Jolt,1,False,30.0,6,1,140.0,10.0,Player,TrainingAgent,Search,140.0
357,4,Player,Eevee ex,Evolution Burst,0,True,618.0,6,10,140.0,0.0,Opponent,TrainingAgent,Search,140.0
358,1,Player,Eevee ex,Evolution Burst,0,True,633.0,6,17,200.0,10.0,Opponent,TrainingAgent,Aggressive,170.0
358,2,Opponent,Electrike,Thunder Jolt,1,False,45.0,6,1,170.0,10.0,Player,TrainingAgent,Aggressive,170.0
358,3,Player,Eevee ex,Evolution Burst,0,True,633.0,6,10,170.0,0.0,Opponent,TrainingAgent,Aggressive,170.0
359,1,Opponent,Electrike,Thunder Jolt,1,False,0.0,6,1,170.0,70.0,Player,TrainingAgent,Defensive,140.0
359,2,Player,Eevee ex,Evolution Burst,0,True,618.0,6,17,170.0,10.0,Opponent,TrainingAgent,Defensive,140.0
359,3,Opponent,Electrike,Thunder Jolt,1,False,0.0,6,1,140.0,10.0,Player,TrainingAgent,Defensive,140.0
359,4,Player,Eevee ex,Evolution Burst,0,True,618.0,6,10,140.0,0.0,Opponent,TrainingAgent,Defensive,140.0
360,1,Player,Eevee ex,Evolution Burst,0,True,633.0,6,17,200.0,10.0,Opponent,TrainingAgent,Random,170.0
360,2,Opponent,Electrike,Thunder Jolt,1,False,0.0,6,1,170.0,10.0,Player,TrainingAgent,Random,170.0
360,3,Player,Eevee ex,Evolution Burst,0,True,633.0,6,10,170.0,0.0,Opponent,TrainingAgent,Random,170.0
361,1,Opponent,Electrike,Thunder Jolt,1,False,30.0,6,1,170.0,70.0,Player,TrainingAgent,Greedy,140.0
361,2,Player,Eevee ex,Evolution Burst,0,True,618.0,6,17,170.0,10.0,Opponent,TrainingAgent,Greedy,140.0
361,3,Opponent,Electrike,Thunder Jolt,1,False,30.0,6,1,140.0,10.0,Player,TrainingAgent,Greedy,140.0
361,4,Player,Eevee ex,Evolution Burst,0,True,618.0,6,10,140.0,0.0,Opponent,TrainingAgent,Greedy,140.0
362,1,Player,Eevee ex,Evolution Burst,0,True,633.0,6,17,200.0,10.0,Opponent,TrainingAgent,Heuristic,170.0
362,2,Opponent,Electrike,Thunder Jolt,1,False,30.0,6,1,170.0,10.0,Player,TrainingAgent,Heuristic,170.0
362,3,Player,Eevee ex,Evolution Burst,0,True,633.0,6,10,170.0,0.0,Opponent,TrainingAgent,Heuristic,170.0
363,1,Opponent,Electrike,Thunder Jolt,1,False,30.0,6,1,170.0,70.0,Player,TrainingAgent,Search,140.0
363,2,Player,Eevee ex,Evolution Burst,0,True,618.0,6,17,170.0,10.0,Opponent,TrainingAgent,Search,140.0
363,3,Opponent,Electrike,Thunder Jolt,1,False,30.0,6,1,140.0,10.0,Player,TrainingAgent,Search,140.0
363,4,Player,Eevee ex,Evolution Burst,0,True,618.0,6,10,140.0,0.0,Opponent,TrainingAgent,Search,140.0
364,1,Player,Eevee ex,Evolution Burst,0,True,633.0,6,17,200.0,10.0,Opponent,TrainingAgent,Aggressive,170.0
364,2,Opponent,Electrike,Thunder Jolt,1,False,45.0,6,1,170.0,10.0,Player,TrainingAgent,Aggressive,170.0
364,3,Player,Eevee ex,Evolution Burst,0,True,633.0,6,10,170.0,0.0,Opponent,TrainingAgent,Aggressive,170.0
365,1,Opponent,Electrike,Thunder Jolt,1,False,0.0,6,1,170.0,70.0,Player,TrainingAgent,Defensive,140.0
365,2,Player,Eevee ex,Evolution Burst,0,True,618.0,6,17,170.0,10.0,Opponent,TrainingAgent,Defensive,140.0
365,3,Opponent,Electrike,Thunder Jolt,1,False,0.0,6,1,140.0,10.0,Player,TrainingAgent,Defensive,140.0
365,4,Player,Eevee ex,Evolution Burst,0,True,618.0,6,10,140.0,0.0,Opponent,TrainingAgent,Defensive,140.0
366,1,Player,Eevee ex,Evolution Burst,0,True,633.0,6,17,200.0,10.0,Opponent,TrainingAgent,Random,170.0
366,2,Opponent,Electrike,Thunder Jolt,1,False,0.0,6,1,170.0,10.0,Player,TrainingAgent,Random,170.0
366,3,Player,Eevee ex,Evolution Burst,0,True,633.0,6,10,170.0,0.0,Opponent,TrainingAgent,Random,170.0
367,1,Opponent,Electrike,Thunder Jolt,1,False,30.0,6,1,170.0,70.0,Player,TrainingAgent,Greedy,140.0
367,2,Player,Eevee ex,Evolution Burst,0,True,618.0,6,17,170.0,10.0,Opponent,TrainingAgent,Greedy,140.0
367,3,Opponent,Electrike,Thunder Jolt,1,False,30.0,6,1,140.0,10.0,Player,TrainingAgent,Greedy,140.0
367,4,Player,Eevee ex,Evolution Burst,0,True,618.0,6,10,140.0,0.0,Opponent,TrainingAgent,Greedy,140.0
368,1,Player,Eevee ex,Evolution Burst,0,True,633.0,6,17,200.0,10.0,Opponent,TrainingAgent,Heuristic,170.0
368,2,Opponent,Electrike,Thunder Jolt,1,False,30.0,6,1,170.0,10.0,Player,TrainingAgent,Heuristic,170.0
368,3,Player,Eevee ex,Evolution Burst,0,True,633.0,6,10,170.0,0.0,Opponent,TrainingAgent,Heuristic,170.0
369,1,Opponent,Electrike,Thunder Jolt,1,False,30.0,6,1,170.0,70.0,Player,TrainingAgent,Search,140.0
369,2,Player,Eevee ex,Evolution Burst,0,True,618.0,6,17,170.0,10.0,Opponent,TrainingAgent,Search,140.0
369,3,Opponent,Electrike,Thunder Jolt,1,False,30.0,6,1,140.0,10.0,Player,TrainingAgent,Search,140.0
369,4,Player,Eevee ex,Evolution Burst,0,True,618.0,6,10,140.0,0.0,Opponent,TrainingAgent,Search,140.0
370,1,Player,Eevee ex,Evolution Burst,0,True,633.0,6,17,200.0,10.0,Opponent,TrainingAgent,Aggressive,170.0
370,2,Opponent,Electrike,Thunder Jolt,1,False,45.0,6,1,170.0,10.0,Player,TrainingAgent,Aggressive,170.0
370,3,Player,Eevee ex,Evolution Burst,0,True,633.0,6,10,170.0,0.0,Opponent,TrainingAgent,Aggressive,170.0
371,1,Opponent,Electrike,Thunder Jolt,1,False,0.0,6,1,170.0,70.0,Player,TrainingAgent,Defensive,140.0
371,2,Player,Eevee ex,Evolution Burst,0,True,618.0,6,17,170.0,10.0,Opponent,TrainingAgent,Defensive,140.0
371,3,Opponent,Electrike,Thunder Jolt,1,False,0.0,6,1,140.0,10.0,Player,TrainingAgent,Defensive,140.0
371,4,Player,Eevee ex,Evolution Burst,0,True,618.0,6,10,140.0,0.0,Opponent,TrainingAgent,Defensive,140.0
372,1,Player,Eevee ex,Evolution Burst,0,True,633.0,6,17,200.0,10.0,Opponent,TrainingAgent,Random,170.0
372,2,Opponent,Electrike,Thunder Jolt,1,False,0.0,6,1,170.0,10.0,Player,TrainingAgent,Random,170.0
372,3,Player,Eevee ex,Evolution Burst,0,True,633.0,6,10,170.0,0.0,Opponent,TrainingAgent,Random,170.0
373,1,Opponent,Electrike,Thunder Jolt,1,False,30.0,6,1,170.0,70.0,Player,TrainingAgent,Greedy,140.0
373,2,Player,Eevee ex,Evolution Burst,0,True,618.0,6,17,170.0,10.0,Opponent,TrainingAgent,Greedy,140.0
373,3,Opponent,Electrike,Thunder Jolt,1,False,30.0,6,1,140.0,10.0,Player,TrainingAgent,Greedy,140.0
373,4,Player,Eevee ex,Evolution Burst,0,True,618.0,6,10,140.0,0.0,Opponent,TrainingAgent,Greedy,140.0
374,1,Player,Eevee ex,Evolution Burst,0,True,633.0,6,17,200.0,10.0,Opponent,TrainingAgent,Heuristic,170.0
374,2,Opponent,Electrike,Thunder Jolt,1,False,30.0,6,1,170.0,10.0,Player,TrainingAgent,Heuristic,170.0
374,3,Player,Eevee ex,Evolution Burst,0,True,633.0,6,10,170.0,0.0,Opponent,TrainingAgent,Heuristic,170.0
375,1,Opponent,Electrike,Thunder Jolt,1,False,30.0,6,1,170.0,70.0,Player,TrainingAgent,Search,140.0
375,2,Player,Eevee ex,Evolution Burst,0,True,618.0,6,17,170.0,10.0,Opponent,TrainingAgent,Search,140.0
375,3,Opponent,Electrike,Thunder Jolt,1,False,30.0,6,1,140.0,10.0,Player,TrainingAgent,Search,140.0
375,4,Player,Eevee ex,Evolution Burst,0,True,618.0,6,10,140.0,0.0,Opponent,TrainingAgent,Search,140.0
376,1,Player,Eevee ex,Evolution Burst,0,True,633.0,6,17,200.0,10.0,Opponent,TrainingAgent,Aggressive,170.0
376,2,Opponent,Electrike,Thunder Jolt,1,False,45.0,6,1,170.0,10.0,Player,TrainingAgent,Aggressive,170.0
376,3,Player,Eevee ex,Evolution Burst,0,True,633.0,6,10,170.0,0.0,Opponent,TrainingAgent,Aggressive,170.0
377,1,Opponent,Electrike,Thunder Jolt,1,False,0.0,6,1,170.0,70.0,Player,TrainingAgent,Defensive,140.0
377,2,Player,Eevee ex,Evolution Burst,0,True,618.0,6,17,170.0,10.0,Opponent,TrainingAgent,Defensive,140.0
377,3,Opponent,Electrike,Thunder Jolt,1,False,0.0,6,1,140.0,10.0,Player,TrainingAgent,Defensive,140.0
377,4,Player,Eevee ex,Evolution Burst,0,True,618.0,6,10,140.0,0.0,Opponent,TrainingAgent,Defensive,140.0
378,1,Player,Eevee ex,Evolution Burst,0,True,633.0,6,17,200.0,10.0,Opponent,TrainingAgent,Random,170.0
378,2,Opponent,Electrike,Thunder Jolt,1,False,0.0,6,1,170.0,10.0,Player,TrainingAgent,Random,170.0
378,3,Player,Eevee ex,Evolution Burst,0,True,633.0,6,10,170.0,0.0,Opponent,TrainingAgent,Random,170.0
379,1,Opponent,Electrike,Thunder Jolt,1,False,30.0,6,1,170.0,70.0,Player,TrainingAgent,Greedy,140.0
379,2,Player,Eevee ex,Evolution Burst,0,True,618.0,6,17,170.0,10.0,Opponent,TrainingAgent,Greedy,140.0
379,3,Opponent,Electrike,Thunder Jolt,1,False,30.0,6,1,140.0,10.0,Player,TrainingAgent,Greedy,140.0
379,4,Player,Eevee ex,Evolution Burst,0,True,618.0,6,10,140.0,0.0,Opponent,TrainingAgent,Greedy,140.0
380,1,Player,Eevee ex,Evolution Burst,0,True,633.0,6,17,200.0,10.0,Opponent,TrainingAgent,Heuristic,170.0
380,2,Opponent,Electrike,Thunder Jolt,1,False,30.0,6,1,170.0,10.0,Player,TrainingAgent,Heuristic,170.0
380,3,Player,Eevee ex,Evolution Burst,0,True,633.0,6,10,170.0,0.0,Opponent,TrainingAgent,Heuristic,170.0
381,1,Opponent,Electrike,Thunder Jolt,1,False,30.0,6,1,170.0,70.0,Player,TrainingAgent,Search,140.0
381,2,Player,Eevee ex,Evolution Burst,0,True,618.0,6,17,170.0,10.0,Opponent,TrainingAgent,Search,140.0
381,3,Opponent,Electrike,Thunder Jolt,1,False,30.0,6,1,140.0,10.0,Player,TrainingAgent,Search,140.0
381,4,Player,Eevee ex,Evolution Burst,0,True,618.0,6,10,140.0,0.0,Opponent,TrainingAgent,Search,140.0
382,1,Player,Eevee ex,Evolution Burst,0,True,633.0,6,17,200.0,10.0,Opponent,TrainingAgent,Aggressive,170.0
382,2,Opponent,Electrike,Thunder Jolt,1,False,45.0,6,1,170.0,10.0,Player,TrainingAgent,Aggressive,170.0
382,3,Player,Eevee ex,Evolution Burst,0,True,633.0,6,10,170.0,0.0,Opponent,TrainingAgent,Aggressive,170.0
383,1,Opponent,Electrike,Thunder Jolt,1,False,0.0,6,1,170.0,70.0,Player,TrainingAgent,Defensive,140.0
383,2,Player,Eevee ex,Evolution Burst,0,True,618.0,6,17,170.0,10.0,Opponent,TrainingAgent,Defensive,140.0
383,3,Opponent,Electrike,Thunder Jolt,1,False,0.0,6,1,140.0,10.0,Player,TrainingAgent,Defensive,140.0
383,4,Player,Eevee ex,Evolution Burst,0,True,618.0,6,10,140.0,0.0,Opponent,TrainingAgent,Defensive,140.0
384,1,Player,Eevee ex,Evolution Burst,0,True,633.0,6,17,200.0,10.0,Opponent,TrainingAgent,Random,170.0
384,2,Opponent,Electrike,Thunder Jolt,1,False,0.0,6,1,170.0,10.0,Player,TrainingAgent,Random,170.0
384,3,Player,Eevee ex,Evolution Burst,0,True,633.0,6,10,170.0,0.0,Opponent,TrainingAgent,Random,170.0
385,1,Opponent,Electrike,Thunder Jolt,1,False,30.0,6,1,170.0,70.0,Player,TrainingAgent,Greedy,140.0
385,2,Player,Eevee ex,Evolution Burst,0,True,618.0,6,17,170.0,10.0,Opponent,TrainingAgent,Greedy,140.0
385,3,Opponent,Electrike,Thunder Jolt,1,False,30.0,6,1,140.0,10.0,Player,TrainingAgent,Greedy,140.0
385,4,Player,Eevee ex,Evolution Burst,0,True,618.0,6,10,140.0,0.0,Opponent,TrainingAgent,Greedy,140.0
386,1,Player,Eevee ex,Evolution Burst,0,True,633.0,6,17,200.0,10.0,Opponent,TrainingAgent,Heuristic,170.0
386,2,Opponent,Electrike,Thunder Jolt,1,False,30.0,6,1,170.0,10.0,Player,TrainingAgent,Heuristic,170.0
386,3,Player,Eevee ex,Evolution Burst,0,True,633.0,6,10,170.0,0.0,Opponent,TrainingAgent,Heuristic,170.0
387,1,Opponent,Electrike,Thunder Jolt,1,False,30.0,6,1,170.0,70.0,Player,TrainingAgent,Search,140.0
387,2,Player,Eevee ex,Evolution Burst,0,True,618.0,6,17,170.0,10.0,Opponent,TrainingAgent,Search,140.0
387,3,Opponent,Electrike,Thunder Jolt,1,False,30.0,6,1,140.0,10.0,Player,TrainingAgent,Search,140.0
387,4,Player,Eevee ex,Evolution Burst,0,True,618.0,6,10,140.0,0.0,Opponent,TrainingAgent,Search,140.0
388,1,Player,Eevee ex,Evolution Burst,0,True,633.0,6,17,200.0,10.0,Opponent,TrainingAgent,Aggressive,170.0
388,2,Opponent,Electrike,Thunder Jolt,1,False,45.0,6,1,170.0,10.0,Player,TrainingAgent,Aggressive,170.0
388,3,Player,Eevee ex,Evolution Burst,0,True,633.0,6,10,170.0,0.0,Opponent,TrainingAgent,Aggressive,170.0
389,1,Opponent,Electrike,Thunder Jolt,1,False,0.0,6,1,170.0,70.0,Player,TrainingAgent,Defensive,140.0
389,2,Player,Eevee ex,Evolution Burst,0,True,618.0,6,17,170.0,10.0,Opponent,TrainingAgent,Defensive,140.0
389,3,Opponent,Electrike,Thunder Jolt,1,False,0.0,6,1,140.0,10.0,Player,TrainingAgent,Defensive,140.0
389,4,Player,Eevee ex,Evolution Burst,0,True,618.0,6,10,140.0,0.0,Opponent,TrainingAgent,Defensive,140.0
390,1,Player,Eevee ex,Evolution Burst,0,True,633.0,6,17,200.0,10.0,Opponent,TrainingAgent,Random,170.0
390,2,Opponent,Electrike,Thunder Jolt,1,False,0.0,6,1,170.0,10.0,Player,TrainingAgent,Random,170.0
390,3,Player,Eevee ex,Evolution Burst,0,True,633.0,6,10,170.0,0.0,Opponent,TrainingAgent,Random,170.0
391,1,Opponent,Electrike,Thunder Jolt,1,False,30.0,6,1,170.0,70.0,Player,TrainingAgent,Greedy,140.0
391,2,Player,Eevee ex,Evolution Burst,0,True,618.0,6,17,170.0,10.0,Opponent,TrainingAgent,Greedy,140.0
391,3,Opponent,Electrike,Thunder Jolt,1,False,30.0,6,1,140.0,10.0,Player,TrainingAgent,Greedy,140.0
391,4,Player,Eevee ex,Evolution Burst,0,True,618.0,6,10,140.0,0.0,Opponent,TrainingAgent,Greedy,140.0
392,1,Player,Eevee ex,Evolution Burst,0,True,633.0,6,17,200.0,10.0,Opponent,TrainingAgent,Heuristic,170.0
392,2,Opponent,Electrike,Thunder Jolt,1,False,30.0,6,1,170.0,10.0,Player,TrainingAgent,Heuristic,170.0
392,3,Player,Eevee ex,Evolution Burst,0,True,633.0,6,10,170.0,0.0,Opponent,TrainingAgent,Heuristic,170.0
393,1,Opponent,Electrike,Thunder Jolt,1,False,30.0,6,1,170.0,70.0,Player,TrainingAgent,Search,140.0
393,2,Player,Eevee ex,Evolution Burst,0,True,618.0,6,17,170.0,10.0,Opponent,TrainingAgent,Search,140.0
393,3,Opponent,Electrike,Thunder Jolt,1,False,30.0,6,1,140.0,10.0,Player,TrainingAgent,Search,140.0
393,4,Player,Eevee ex,Evolution Burst,0,True,618.0,6,10,140.0,0.0,Opponent,TrainingAgent,Search,140.0
394,1,Player,Eevee ex,Evolution Burst,0,True,633.0,6,17,200.0,10.0,Opponent,TrainingAgent,Aggressive,170.0
394,2,Opponent,Electrike,Thunder Jolt,1,False,45.0,6,1,170.0,10.0,Player,TrainingAgent,Aggressive,170.0
394,3,Player,Eevee ex,Evolution Burst,0,True,633.0,6,10,170.0,0.0,Opponent,TrainingAgent,Aggressive,170.0
395,1,Opponent,Electrike,Thunder Jolt,1,False,0.0,6,1,170.0,70.0,Player,TrainingAgent,Defensive,140.0
395,2,Player,Eevee ex,Evolution Burst,0,True,618.0,6,17,170.0,10.0,Opponent,TrainingAgent,Defensive,140.0
395,3,Opponent,Electrike,Thunder Jolt,1,False,0.0,6,1,140.0,10.0,Player,TrainingAgent,Defensive,140.0
395,4,Player,Eevee ex,Evolution Burst,0,True,618.0,6,10,140.0,0.0,Opponent,TrainingAgent,Defensive,140.0
396,1,Player,Eevee ex,Evolution Burst,0,True,633.0,6,17,200.0,10.0,Opponent,TrainingAgent,Random,170.0
396,2,Opponent,Electrike,Thunder Jolt,1,False,0.0,6,1,170.0,10.0,Player,TrainingAgent,Random,170.0
396,3,Player,Eevee ex,Evolution Burst,0,True,633.0,6,10,170.0,0.0,Opponent,TrainingAgent,Random,170.0
397,1,Opponent,Electrike,Thunder Jolt,1,False,30.0,6,1,170.0,70.0,Player,TrainingAgent,Greedy,140.0
397,2,Player,Eevee ex,Evolution Burst,0,True,618.0,6,17,170.0,10.0,Opponent,TrainingAgent,Greedy,140.0
397,3,Opponent,Electrike,Thunder Jolt,1,False,30.0,6,1,140.0,10.0,Player,TrainingAgent,Greedy,140.0
397,4,Player,Eevee ex,Evolution Burst,0,True,618.0,6,10,140.0,0.0,Opponent,TrainingAgent,Greedy,140.0
398,1,Player,Eevee ex,Evolution Burst,0,True,633.0,6,17,200.0,10.0,Opponent,TrainingAgent,Heuristic,170.0
398,2,Opponent,Electrike,Thunder Jolt,1,False,30.0,6,1,170.0,10.0,Player,TrainingAgent,Heuristic,170.0
398,3,Player,Eevee ex,Evolution Burst,0,True,633.0,6,10,170.0,0.0,Opponent,TrainingAgent,Heuristic,170.0
399,1,Opponent,Electrike,Thunder Jolt,1,False,30.0,6,1,170.0,70.0,Player,TrainingAgent,Search,140.0
399,2,Player,Eevee ex,Evolution Burst,0,True,618.0,6,17,170.0,10.0,Opponent,TrainingAgent,Search,140.0
399,3,Opponent,Electrike,Thunder Jolt,1,False,30.0,6,1,140.0,10.0,Player,TrainingAgent,Search,140.0
399,4,Player,Eevee ex,Evolution Burst,0,True,618.0,6,10,140.0,0.0,Opponent,TrainingAgent,Search,140.0
400,1,Player,Eevee ex,Evolution Burst,0,True,633.0,6,17,200.0,10.0,Opponent,TrainingAgent,Aggressive,170.0
400,2,Opponent,Electrike,Thunder Jolt,1,False,45.0,6,1,170.0,10.0,Player,TrainingAgent,Aggressive,170.0
400,3,Player,Eevee ex,Evolution Burst,0,True,633.0,6,10,170.0,0.0,Opponent,TrainingAgent,Aggressive,170.0
401,1,Opponent,Electrike,Thunder Jolt,1,False,0.0,6,1,170.0,70.0,Player,TrainingAgent,Defensive,140.0
401,2,Player,Eevee ex,Evolution Burst,0,True,618.0,6,17,170.0,10.0,Opponent,TrainingAgent,Defensive,140.0
401,3,Opponent,Electrike,Thunder Jolt,1,False,0.0,6,1,140.0,10.0,Player,TrainingAgent,Defensive,140.0
401,4,Player,Eevee ex,Evolution Burst,0,True,618.0,6,10,140.0,0.0,Opponent,TrainingAgent,Defensive,140.0
402,1,Player,Eevee ex,Evolution Burst,0,True,633.0,6,17,200.0,10.0,Opponent,TrainingAgent,Random,170.0
402,2,Opponent,Electrike,Thunder Jolt,1,False,0.0,6,1,170.0,10.0,Player,TrainingAgent,Random,170.0
402,3,Player,Eevee ex,Evolution Burst,0,True,633.0,6,10,170.0,0.0,Opponent,TrainingAgent,Random,170.0
403,1,Opponent,Electrike,Thunder Jolt,1,False,30.0,6,1,170.0,70.0,Player,TrainingAgent,Greedy,140.0
403,2,Player,Eevee ex,Evolution Burst,0,True,618.0,6,17,170.0,10.0,Opponent,TrainingAgent,Greedy,140.0
403,3,Opponent,Electrike,Thunder Jolt,1,False,30.0,6,1,140.0,10.0,Player,TrainingAgent,Greedy,140.0
403,4,Player,Eevee ex,Evolution Burst,0,True,618.0,6,10,140.0,0.0,Opponent,TrainingAgent,Greedy,140.0
404,1,Player,Eevee ex,Evolution Burst,0,True,633.0,6,17,200.0,10.0,Opponent,TrainingAgent,Heuristic,170.0
404,2,Opponent,Electrike,Thunder Jolt,1,False,30.0,6,1,170.0,10.0,Player,TrainingAgent,Heuristic,170.0
404,3,Player,Eevee ex,Evolution Burst,0,True,633.0,6,10,170.0,0.0,Opponent,TrainingAgent,Heuristic,170.0
405,1,Opponent,Electrike,Thunder Jolt,1,False,30.0,6,1,170.0,70.0,Player,TrainingAgent,Search,140.0
405,2,Player,Eevee ex,Evolution Burst,0,True,618.0,6,17,170.0,10.0,Opponent,TrainingAgent,Search,140.0
405,3,Opponent,Electrike,Thunder Jolt,1,False,30.0,6,1,140.0,10.0,Player,TrainingAgent,Search,140.0
405,4,Player,Eevee ex,Evolution Burst,0,True,618.0,6,10,140.0,0.0,Opponent,TrainingAgent,Search,140.0
406,1,Player,Eevee ex,Evolution Burst,0,True,633.0,6,17,200.0,10.0,Opponent,TrainingAgent,Aggressive,170.0
406,2,Opponent,Electrike,Thunder Jolt,1,False,45.0,6,1,170.0,10.0,Player,TrainingAgent,Aggressive,170.0
406,3,Player,Eevee ex,Evolution Burst,0,True,633.0,6,10,170.0,0.0,Opponent,TrainingAgent,Aggressive,170.0
407,1,Opponent,Electrike,Thunder Jolt,1,False,0.0,6,1,170.0,70.0,Player,TrainingAgent,Defensive,140.0
407,2,Player,Eevee ex,Evolution Burst,0,True,618.0,6,17,170.0,10.0,Opponent,TrainingAgent,Defensive,140.0
407,3,Opponent,Electrike,Thunder Jolt,1,False,0.0,6,1,140.0,10.0,Player,TrainingAgent,Defensive,140.0
407,4,Player,Eevee ex,Evolution Burst,0,True,618.0,6,10,140.0,0.0,Opponent,TrainingAgent,Defensive,140.0
408,1,Player,Eevee ex,Evolution Burst,0,True,633.0,6,17,200.0,10.0,Opponent,TrainingAgent,Random,170.0
408,2,Opponent,Electrike,Thunder Jolt,1,False,0.0,6,1,170.0,10.0,Player,TrainingAgent,Random,170.0
408,3,Player,Eevee ex,Evolution Burst,0,True,633.0,6,10,170.0,0.0,Opponent,TrainingAgent,Random,170.0
409,1,Opponent,Electrike,Thunder Jolt,1,False,30.0,6,1,170.0,70.0,Player,TrainingAgent,Greedy,140.0
409,2,Player,Eevee ex,Evolution Burst,0,True,618.0,6,17,170.0,10.0,Opponent,TrainingAgent,Greedy,140.0
409,3,Opponent,Electrike,Thunder Jolt,1,False,30.0,6,1,140.0,10.0,Player,TrainingAgent,Greedy,140.0
409,4,Player,Eevee ex,Evolution Burst,0,True,618.0,6,10,140.0,0.0,Opponent,TrainingAgent,Greedy,140.0
410,1,Player,Eevee ex,Evolution Burst,0,True,633.0,6,17,200.0,10.0,Opponent,TrainingAgent,Heuristic,170.0
410,2,Opponent,Electrike,Thunder Jolt,1,False,30.0,6,1,170.0,10.0,Player,TrainingAgent,Heuristic,170.0
410,3,Player,Eevee ex,Evolution Burst,0,True,633.0,6,10,170.0,0.0,Opponent,TrainingAgent,Heuristic,170.0
411,1,Opponent,Electrike,Thunder Jolt,1,False,30.0,6,1,170.0,70.0,Player,TrainingAgent,Search,140.0
411,2,Player,Eevee ex,Evolution Burst,0,True,618.0,6,17,170.0,10.0,Opponent,TrainingAgent,Search,140.0
411,3,Opponent,Electrike,Thunder Jolt,1,False,30.0,6,1,140.0,10.0,Player,TrainingAgent,Search,140.0
411,4,Player,Eevee ex,Evolution Burst,0,True,618.0,6,10,140.0,0.0,Opponent,TrainingAgent,Search,140.0
412,1,Player,Eevee ex,Evolution Burst,0,True,633.0,6,17,200.0,10.0,Opponent,TrainingAgent,Aggressive,170.0
412,2,Opponent,Electrike,Thunder Jolt,1,False,45.0,6,1,170.0,10.0,Player,TrainingAgent,Aggressive,170.0
412,3,Player,Eevee ex,Evolution Burst,0,True,633.0,6,10,170.0,0.0,Opponent,TrainingAgent,Aggressive,170.0
413,1,Opponent,Electrike,Thunder Jolt,1,False,0.0,6,1,170.0,70.0,Player,TrainingAgent,Defensive,140.0
413,2,Player,Eevee ex,Evolution Burst,0,True,618.0,6,17,170.0,10.0,Opponent,TrainingAgent,Defensive,140.0
413,3,Opponent,Electrike,Thunder Jolt,1,False,0.0,6,1,140.0,10.0,Player,TrainingAgent,Defensive,140.0
413,4,Player,Eevee ex,Evolution Burst,0,True,618.0,6,10,140.0,0.0,Opponent,TrainingAgent,Defensive,140.0
414,1,Player,Eevee ex,Evolution Burst,0,True,633.0,6,17,200.0,10.0,Opponent,TrainingAgent,Random,170.0
414,2,Opponent,Electrike,Thunder Jolt,1,False,0.0,6,1,170.0,10.0,Player,TrainingAgent,Random,170.0
414,3,Player,Eevee ex,Evolution Burst,0,True,633.0,6,10,170.0,0.0,Opponent,TrainingAgent,Random,170.0
415,1,Opponent,Electrike,Thunder Jolt,1,False,30.0,6,1,170.0,70.0,Player,TrainingAgent,Greedy,140.0
415,2,Player,Eevee ex,Evolution Burst,0,True,618.0,6,17,170.0,10.0,Opponent,TrainingAgent,Greedy,140.0
415,3,Opponent,Electrike,Thunder Jolt,1,False,30.0,6,1,140.0,10.0,Player,TrainingAgent,Greedy,140.0
415,4,Player,Eevee ex,Evolution Burst,0,True,618.0,6,10,140.0,0.0,Opponent,TrainingAgent,Greedy,140.0
416,1,Player,Eevee ex,Evolution Burst,0,True,633.0,6,17,200.0,10.0,Opponent,TrainingAgent,Heuristic,170.0
416,2,Opponent,Electrike,Thunder Jolt,1,False,30.0,6,1,170.0,10.0,Player,TrainingAgent,Heuristic,170.0
416,3,Player,Eevee ex,Evolution Burst,0,True,633.0,6,10,170.0,0.0,Opponent,TrainingAgent,Heuristic,170.0
417,1,Opponent,Electrike,Thunder Jolt,1,False,30.0,6,1,170.0,70.0,Player,TrainingAgent,Search,140.0
417,2,Player,Eevee ex,Evolution Burst,0,True,618.0,6,17,170.0,10.0,Opponent,TrainingAgent,Search,140.0
417,3,Opponent,Electrike,Thunder Jolt,1,False,30.0,6,1,140.0,10.0,Player,TrainingAgent,Search,140.0
417,4,Player,Eevee ex,Evolution Burst,0,True,618.0,6,10,140.0,0.0,Opponent,TrainingAgent,Search,140.0
418,1,Player,Eevee ex,Evolution Burst,0,True,633.0,6,17,200.0,10.0,Opponent,TrainingAgent,Aggressive,170.0
418,2,Opponent,Electrike,Thunder Jolt,1,False,45.0,6,1,170.0,10.0,Player,TrainingAgent,Aggressive,170.0
418,3,Player,Eevee ex,Evolution Burst,0,True,633.0,6,10,170.0,0.0,Opponent,TrainingAgent,Aggressive,170.0
419,1,Opponent,Electrike,Thunder Jolt,1,False,0.0,6,1,170.0,70.0,Player,TrainingAgent,Defensive,140.0
419,2,Player,Eevee ex,Evolution Burst,0,True,618.0,6,17,170.0,10.0,Opponent,TrainingAgent,Defensive,140.0
419,3,Opponent,Electrike,Thunder Jolt,1,False,0.0,6,1,140.0,10.0,Player,TrainingAgent,Defensive,140.0
419,4,Player,Eevee ex,Evolution Burst,0,True,618.0,6,10,140.0,0.0,Opponent,TrainingAgent,Defensive,140.0
420,1,Player,Eevee ex,Evolution Burst,0,True,633.0,6,17,200.0,10.0,Opponent,TrainingAgent,Random,170.0
420,2,Opponent,Electrike,Thunder Jolt,1,False,0.0,6,1,170.0,10.0,Player,TrainingAgent,Random,170.0
420,3,Player,Eevee ex,Evolution Burst,0,True,633.0,6,10,170.0,0.0,Opponent,TrainingAgent,Random,170.0
421,1,Opponent,Electrike,Thunder Jolt,1,False,30.0,6,1,170.0,70.0,Player,TrainingAgent,Greedy,140.0
421,2,Player,Eevee ex,Evolution Burst,0,True,618.0,6,17,170.0,10.0,Opponent,TrainingAgent,Greedy,140.0
421,3,Opponent,Electrike,Thunder Jolt,1,False,30.0,6,1,140.0,10.0,Player,TrainingAgent,Greedy,140.0
421,4,Player,Eevee ex,Evolution Burst,0,True,618.0,6,10,140.0,0.0,Opponent,TrainingAgent,Greedy,140.0
422,1,Player,Eevee ex,Evolution Burst,0,True,633.0,6,17,200.0,10.0,Opponent,TrainingAgent,Heuristic,170.0
422,2,Opponent,Electrike,Thunder Jolt,1,False,30.0,6,1,170.0,10.0,Player,TrainingAgent,Heuristic,170.0
422,3,Player,Eevee ex,Evolution Burst,0,True,633.0,6,10,170.0,0.0,Opponent,TrainingAgent,Heuristic,170.0
423,1,Opponent,Electrike,Thunder Jolt,1,False,30.0,6,1,170.0,70.0,Player,TrainingAgent,Search,140.0
423,2,Player,Eevee ex,Evolution Burst,0,True,618.0,6,17,170.0,10.0,Opponent,TrainingAgent,Search,140.0
423,3,Opponent,Electrike,Thunder Jolt,1,False,30.0,6,1,140.0,10.0,Player,TrainingAgent,Search,140.0
423,4,Player,Eevee ex,Evolution Burst,0,True,618.0,6,10,140.0,0.0,Opponent,TrainingAgent,Search,140.0
424,1,Player,Eevee ex,Evolution Burst,0,True,633.0,6,17,200.0,10.0,Opponent,TrainingAgent,Aggressive,170.0
424,2,Opponent,Electrike,Thunder Jolt,1,False,45.0,6,1,170.0,10.0,Player,TrainingAgent,Aggressive,170.0
424,3,Player,Eevee ex,Evolution Burst,0,True,633.0,6,10,170.0,0.0,Opponent,TrainingAgent,Aggressive,170.0
425,1,Opponent,Electrike,Thunder Jolt,1,False,0.0,6,1,170.0,70.0,Player,TrainingAgent,Defensive,140.0
425,2,Player,Eevee ex,Evolution Burst,0,True,618.0,6,17,170.0,10.0,Opponent,TrainingAgent,Defensive,140.0
425,3,Opponent,Electrike,Thunder Jolt,1,False,0.0,6,1,140.0,10.0,Player,TrainingAgent,Defensive,140.0
425,4,Player,Eevee ex,Evolution Burst,0,True,618.0,6,10,140.0,0.0,Opponent,TrainingAgent,Defensive,140.0
426,1,Player,Eevee ex,Evolution Burst,0,True,633.0,6,17,200.0,10.0,Opponent,TrainingAgent,Random,170.0
426,2,Opponent,Electrike,Thunder Jolt,1,False,0.0,6,1,170.0,10.0,Player,TrainingAgent,Random,170.0
426,3,Player,Eevee ex,Evolution Burst,0,True,633.0,6,10,170.0,0.0,Opponent,TrainingAgent,Random,170.0
427,1,Opponent,Electrike,Thunder Jolt,1,False,30.0,6,1,170.0,70.0,Player,TrainingAgent,Greedy,140.0
427,2,Player,Eevee ex,Evolution Burst,0,True,618.0,6,17,170.0,10.0,Opponent,TrainingAgent,Greedy,140.0
427,3,Opponent,Electrike,Thunder Jolt,1,False,30.0,6,1,140.0,10.0,Player,TrainingAgent,Greedy,140.0
427,4,Player,Eevee ex,Evolution Burst,0,True,618.0,6,10,140.0,0.0,Opponent,TrainingAgent,Greedy,140.0
428,1,Player,Eevee ex,Evolution Burst,0,True,633.0,6,17,200.0,10.0,Opponent,TrainingAgent,Heuristic,170.0
428,2,Opponent,Electrike,Thunder Jolt,1,False,30.0,6,1,170.0,10.0,Player,TrainingAgent,Heuristic,170.0
428,3,Player,Eevee ex,Evolution Burst,0,True,633.0,6,10,170.0,0.0,Opponent,TrainingAgent,Heuristic,170.0
429,1,Opponent,Electrike,Thunder Jolt,1,False,30.0,6,1,170.0,70.0,Player,TrainingAgent,Search,140.0
429,2,Player,Eevee ex,Evolution Burst,0,True,618.0,6,17,170.0,10.0,Opponent,TrainingAgent,Search,140.0
429,3,Opponent,Electrike,Thunder Jolt,1,False,30.0,6,1,140.0,10.0,Player,TrainingAgent,Search,140.0
429,4,Player,Eevee ex,Evolution Burst,0,True,618.0,6,10,140.0,0.0,Opponent,TrainingAgent,Search,140.0
430,1,Player,Eevee ex,Evolution Burst,0,True,633.0,6,17,200.0,10.0,Opponent,TrainingAgent,Aggressive,170.0
430,2,Opponent,Electrike,Thunder Jolt,1,False,45.0,6,1,170.0,10.0,Player,TrainingAgent,Aggressive,170.0
430,3,Player,Eevee ex,Evolution Burst,0,True,633.0,6,10,170.0,0.0,Opponent,TrainingAgent,Aggressive,170.0
431,1,Opponent,Electrike,Thunder Jolt,1,False,0.0,6,1,170.0,70.0,Player,TrainingAgent,Defensive,140.0
431,2,Player,Eevee ex,Evolution Burst,0,True,618.0,6,17,170.0,10.0,Opponent,TrainingAgent,Defensive,140.0
431,3,Opponent,Electrike,Thunder Jolt,1,False,0.0,6,1,140.0,10.0,Player,TrainingAgent,Defensive,140.0
431,4,Player,Eevee ex,Evolution Burst,0,True,618.0,6,10,140.0,0.0,Opponent,TrainingAgent,Defensive,140.0
432,1,Player,Eevee ex,Evolution Burst,0,True,633.0,6,17,200.0,10.0,Opponent,TrainingAgent,Random,170.0
432,2,Opponent,Electrike,Thunder Jolt,1,False,0.0,6,1,170.0,10.0,Player,TrainingAgent,Random,170.0
432,3,Player,Eevee ex,Evolution Burst,0,True,633.0,6,10,170.0,0.0,Opponent,TrainingAgent,Random,170.0
433,1,Opponent,Electrike,Thunder Jolt,1,False,30.0,6,1,170.0,70.0,Player,TrainingAgent,Greedy,140.0
433,2,Player,Eevee ex,Evolution Burst,0,True,618.0,6,17,170.0,10.0,Opponent,TrainingAgent,Greedy,140.0
433,3,Opponent,Electrike,Thunder Jolt,1,False,30.0,6,1,140.0,10.0,Player,TrainingAgent,Greedy,140.0
433,4,Player,Eevee ex,Evolution Burst,0,True,618.0,6,10,140.0,0.0,Opponent,TrainingAgent,Greedy,140.0
434,1,Player,Eevee ex,Evolution Burst,0,True,633.0,6,17,200.0,10.0,Opponent,TrainingAgent,Heuristic,170.0
434,2,Opponent,Electrike,Thunder Jolt,1,False,30.0,6,1,170.0,10.0,Player,TrainingAgent,Heuristic,170.0
434,3,Player,Eevee ex,Evolution Burst,0,True,633.0,6,10,170.0,0.0,Opponent,TrainingAgent,Heuristic,170.0
435,1,Opponent,Electrike,Thunder Jolt,1,False,30.0,6,1,170.0,70.0,Player,TrainingAgent,Search,140.0
435,2,Player,Eevee ex,Evolution Burst,0,True,618.0,6,17,170.0,10.0,Opponent,TrainingAgent,Search,140.0
435,3,Opponent,Electrike,Thunder Jolt,1,False,30.0,6,1,140.0,10.0,Player,TrainingAgent,Search,140.0
435,4,Player,Eevee ex,Evolution Burst,0,True,618.0,6,10,140.0,0.0,Opponent,TrainingAgent,Search,140.0
436,1,Player,Eevee ex,Evolution Burst,0,True,633.0,6,17,200.0,10.0,Opponent,TrainingAgent,Aggressive,170.0
436,2,Opponent,Electrike,Thunder Jolt,1,False,45.0,6,1,170.0,10.0,Player,TrainingAgent,Aggressive,170.0
436,3,Player,Eevee ex,Evolution Burst,0,True,633.0,6,10,170.0,0.0,Opponent,TrainingAgent,Aggressive,170.0
437,1,Opponent,Electrike,Thunder Jolt,1,False,0.0,6,1,170.0,70.0,Player,TrainingAgent,Defensive,140.0
437,2,Player,Eevee ex,Evolution Burst,0,True,618.0,6,17,170.0,10.0,Opponent,TrainingAgent,Defensive,140.0
437,3,Opponent,Electrike,Thunder Jolt,1,False,0.0,6,1,140.0,10.0,Player,TrainingAgent,Defensive,140.0
437,4,Player,Eevee ex,Evolution Burst,0,True,618.0,6,10,140.0,0.0,Opponent,TrainingAgent,Defensive,140.0
438,1,Player,Eevee ex,Evolution Burst,0,True,633.0,6,17,200.0,10.0,Opponent,TrainingAgent,Random,170.0
438,2,Opponent,Electrike,Thunder Jolt,1,False,0.0,6,1,170.0,10.0,Player,TrainingAgent,Random,170.0
438,3,Player,Eevee ex,Evolution Burst,0,True,633.0,6,10,170.0,0.0,Opponent,TrainingAgent,Random,170.0
439,1,Opponent,Electrike,Thunder Jolt,1,False,30.0,6,1,170.0,70.0,Player,TrainingAgent,Greedy,140.0
439,2,Player,Eevee ex,Evolution Burst,0,True,618.0,6,17,170.0,10.0,Opponent,TrainingAgent,Greedy,140.0
439,3,Opponent,Electrike,Thunder Jolt,1,False,30.0,6,1,140.0,10.0,Player,TrainingAgent,Greedy,140.0
439,4,Player,Eevee ex,Evolution Burst,0,True,618.0,6,10,140.0,0.0,Opponent,TrainingAgent,Greedy,140.0
440,1,Player,Eevee ex,Evolution Burst,0,True,633.0,6,17,200.0,10.0,Opponent,TrainingAgent,Heuristic,170.0
440,2,Opponent,Electrike,Thunder Jolt,1,False,30.0,6,1,170.0,10.0,Player,TrainingAgent,Heuristic,170.0
440,3,Player,Eevee ex,Evolution Burst,0,True,633.0,6,10,170.0,0.0,Opponent,TrainingAgent,Heuristic,170.0
441,1,Opponent,Electrike,Thunder Jolt,1,False,30.0,6,1,170.0,70.0,Player,TrainingAgent,Search,140.0
441,2,Player,Eevee ex,Evolution Burst,0,True,618.0,6,17,170.0,10.0,Opponent,TrainingAgent,Search,140.0
441,3,Opponent,Electrike,Thunder Jolt,1,False,30.0,6,1,140.0,10.0,Player,TrainingAgent,Search,140.0
441,4,Player,Eevee ex,Evolution Burst,0,True,618.0,6,10,140.0,0.0,Opponent,TrainingAgent,Search,140.0
442,1,Player,Eevee ex,Evolution Burst,0,True,633.0,6,17,200.0,10.0,Opponent,TrainingAgent,Aggressive,170.0
442,2,Opponent,Electrike,Thunder Jolt,1,False,45.0,6,1,170.0,10.0,Player,TrainingAgent,Aggressive,170.0
442,3,Player,Eevee ex,Evolution Burst,0,True,633.0,6,10,170.0,0.0,Opponent,TrainingAgent,Aggressive,170.0
443,1,Opponent,Electrike,Thunder Jolt,1,False,0.0,6,1,170.0,70.0,Player,TrainingAgent,Defensive,140.0
443,2,Player,Eevee ex,Evolution Burst,0,True,618.0,6,17,170.0,10.0,Opponent,TrainingAgent,Defensive,140.0
443,3,Opponent,Electrike,Thunder Jolt,1,False,0.0,6,1,140.0,10.0,Player,TrainingAgent,Defensive,140.0
443,4,Player,Eevee ex,Evolution Burst,0,True,618.0,6,10,140.0,0.0,Opponent,TrainingAgent,Defensive,140.0
444,1,Player,Eevee ex,Evolution Burst,0,True,633.0,6,17,200.0,10.0,Opponent,TrainingAgent,Random,170.0
444,2,Opponent,Electrike,Thunder Jolt,1,False,0.0,6,1,170.0,10.0,Player,TrainingAgent,Random,170.0
444,3,Player,Eevee ex,Evolution Burst,0,True,633.0,6,10,170.0,0.0,Opponent,TrainingAgent,Random,170.0
445,1,Opponent,Electrike,Thunder Jolt,1,False,30.0,6,1,170.0,70.0,Player,TrainingAgent,Greedy,140.0
445,2,Player,Eevee ex,Evolution Burst,0,True,618.0,6,17,170.0,10.0,Opponent,TrainingAgent,Greedy,140.0
445,3,Opponent,Electrike,Thunder Jolt,1,False,30.0,6,1,140.0,10.0,Player,TrainingAgent,Greedy,140.0
445,4,Player,Eevee ex,Evolution Burst,0,True,618.0,6,10,140.0,0.0,Opponent,TrainingAgent,Greedy,140.0
446,1,Player,Eevee ex,Evolution Burst,0,True,633.0,6,17,200.0,10.0,Opponent,TrainingAgent,Heuristic,170.0
446,2,Opponent,Electrike,Thunder Jolt,1,False,30.0,6,1,170.0,10.0,Player,TrainingAgent,Heuristic,170.0
446,3,Player,Eevee ex,Evolution Burst,0,True,633.0,6,10,170.0,0.0,Opponent,TrainingAgent,Heuristic,170.0
447,1,Opponent,Electrike,Thunder Jolt,1,False,30.0,6,1,170.0,70.0,Player,TrainingAgent,Search,140.0
447,2,Player,Eevee ex,Evolution Burst,0,True,618.0,6,17,170.0,10.0,Opponent,TrainingAgent,Search,140.0
447,3,Opponent,Electrike,Thunder Jolt,1,False,30.0,6,1,140.0,10.0,Player,TrainingAgent,Search,140.0
447,4,Player,Eevee ex,Evolution Burst,0,True,618.0,6,10,140.0,0.0,Opponent,TrainingAgent,Search,140.0
448,1,Player,Eevee ex,Evolution Burst,0,True,633.0,6,17,200.0,10.0,Opponent,TrainingAgent,Aggressive,170.0
448,2,Opponent,Electrike,Thunder Jolt,1,False,45.0,6,1,170.0,10.0,Player,TrainingAgent,Aggressive,170.0
448,3,Player,Eevee ex,Evolution Burst,0,True,633.0,6,10,170.0,0.0,Opponent,TrainingAgent,Aggressive,170.0
449,1,Opponent,Electrike,Thunder Jolt,1,False,0.0,6,1,170.0,70.0,Player,TrainingAgent,Defensive,140.0
449,2,Player,Eevee ex,Evolution Burst,0,True,618.0,6,17,170.0,10.0,Opponent,TrainingAgent,Defensive,140.0
449,3,Opponent,Electrike,Thunder Jolt,1,False,0.0,6,1,140.0,10.0,Player,TrainingAgent,Defensive,140.0
449,4,Player,Eevee ex,Evolution Burst,0,True,618.0,6,10,140.0,0.0,Opponent,TrainingAgent,Defensive,140.0
450,1,Player,Eevee ex,Evolution Burst,0,True,633.0,6,17,200.0,10.0,Opponent,TrainingAgent,Random,170.0
450,2,Opponent,Electrike,Thunder Jolt,1,False,0.0,6,1,170.0,10.0,Player,TrainingAgent,Random,170.0
450,3,Player,Eevee ex,Evolution Burst,0,True,633.0,6,10,170.0,0.0,Opponent,TrainingAgent,Random,170.0
451,1,Opponent,Electrike,Thunder Jolt,1,False,30.0,6,1,170.0,70.0,Player,TrainingAgent,Greedy,140.0
451,2,Player,Eevee ex,Evolution Burst,0,True,618.0,6,17,170.0,10.0,Opponent,TrainingAgent,Greedy,140.0
451,3,Opponent,Electrike,Thunder Jolt,1,False,30.0,6,1,140.0,10.0,Player,TrainingAgent,Greedy,140.0
451,4,Player,Eevee ex,Evolution Burst,0,True,618.0,6,10,140.0,0.0,Opponent,TrainingAgent,Greedy,140.0
452,1,Player,Eevee ex,Evolution Burst,0,True,633.0,6,17,200.0,10.0,Opponent,TrainingAgent,Heuristic,170.0
452,2,Opponent,Electrike,Thunder Jolt,1,False,30.0,6,1,170.0,10.0,Player,TrainingAgent,Heuristic,170.0
452,3,Player,Eevee ex,Evolution Burst,0,True,633.0,6,10,170.0,0.0,Opponent,TrainingAgent,Heuristic,170.0
453,1,Opponent,Electrike,Thunder Jolt,1,False,30.0,6,1,170.0,70.0,Player,TrainingAgent,Search,140.0
453,2,Player,Eevee ex,Evolution Burst,0,True,618.0,6,17,170.0,10.0,Opponent,TrainingAgent,Search,140.0
453,3,Opponent,Electrike,Thunder Jolt,1,False,30.0,6,1,140.0,10.0,Player,TrainingAgent,Search,140.0
453,4,Player,Eevee ex,Evolution Burst,0,True,618.0,6,10,140.0,0.0,Opponent,TrainingAgent,Search,140.0
454,1,Player,Eevee ex,Evolution Burst,0,True,633.0,6,17,200.0,10.0,Opponent,TrainingAgent,Aggressive,170.0
454,2,Opponent,Electrike,Thunder Jolt,1,False,45.0,6,1,170.0,10.0,Player,TrainingAgent,Aggressive,170.0
454,3,Player,Eevee ex,Evolution Burst,0,True,633.0,6,10,170.0,0.0,Opponent,TrainingAgent,Aggressive,170.0
455,1,Opponent,Electrike,Thunder Jolt,1,False,0.0,6,1,170.0,70.0,Player,TrainingAgent,Defensive,140.0
455,2,Player,Eevee ex,Evolution Burst,0,True,618.0,6,17,170.0,10.0,Opponent,TrainingAgent,Defensive,140.0
455,3,Opponent,Electrike,Thunder Jolt,1,False,0.0,6,1,140.0,10.0,Player,TrainingAgent,Defensive,140.0
455,4,Player,Eevee ex,Evolution Burst,0,True,618.0,6,10,140.0,0.0,Opponent,TrainingAgent,Defensive,140.0
456,1,Player,Eevee ex,Evolution Burst,0,True,633.0,6,17,200.0,10.0,Opponent,TrainingAgent,Random,170.0
456,2,Opponent,Electrike,Thunder Jolt,1,False,0.0,6,1,170.0,10.0,Player,TrainingAgent,Random,170.0
456,3,Player,Eevee ex,Evolution Burst,0,True,633.0,6,10,170.0,0.0,Opponent,TrainingAgent,Random,170.0
457,1,Opponent,Electrike,Thunder Jolt,1,False,30.0,6,1,170.0,70.0,Player,TrainingAgent,Greedy,140.0
457,2,Player,Eevee ex,Evolution Burst,0,True,618.0,6,17,170.0,10.0,Opponent,TrainingAgent,Greedy,140.0
457,3,Opponent,Electrike,Thunder Jolt,1,False,30.0,6,1,140.0,10.0,Player,TrainingAgent,Greedy,140.0
457,4,Player,Eevee ex,Evolution Burst,0,True,618.0,6,10,140.0,0.0,Opponent,TrainingAgent,Greedy,140.0
458,1,Player,Eevee ex,Evolution Burst,0,True,633.0,6,17,200.0,10.0,Opponent,TrainingAgent,Heuristic,170.0
458,2,Opponent,Electrike,Thunder Jolt,1,False,30.0,6,1,170.0,10.0,Player,TrainingAgent,Heuristic,170.0
458,3,Player,Eevee ex,Evolution Burst,0,True,633.0,6,10,170.0,0.0,Opponent,TrainingAgent,Heuristic,170.0
459,1,Opponent,Electrike,Thunder Jolt,1,False,30.0,6,1,170.0,70.0,Player,TrainingAgent,Search,140.0
459,2,Player,Eevee ex,Evolution Burst,0,True,618.0,6,17,170.0,10.0,Opponent,TrainingAgent,Search,140.0
459,3,Opponent,Electrike,Thunder Jolt,1,False,30.0,6,1,140.0,10.0,Player,TrainingAgent,Search,140.0
459,4,Player,Eevee ex,Evolution Burst,0,True,618.0,6,10,140.0,0.0,Opponent,TrainingAgent,Search,140.0
460,1,Player,Eevee ex,Evolution Burst,0,True,633.0,6,17,200.0,10.0,Opponent,TrainingAgent,Aggressive,170.0
460,2,Opponent,Electrike,Thunder Jolt,1,False,45.0,6,1,170.0,10.0,Player,TrainingAgent,Aggressive,170.0
460,3,Player,Eevee ex,Evolution Burst,0,True,633.0,6,10,170.0,0.0,Opponent,TrainingAgent,Aggressive,170.0
461,1,Opponent,Electrike,Thunder Jolt,1,False,0.0,6,1,170.0,70.0,Player,TrainingAgent,Defensive,140.0
461,2,Player,Eevee ex,Evolution Burst,0,True,618.0,6,17,170.0,10.0,Opponent,TrainingAgent,Defensive,140.0
461,3,Opponent,Electrike,Thunder Jolt,1,False,0.0,6,1,140.0,10.0,Player,TrainingAgent,Defensive,140.0
461,4,Player,Eevee ex,Evolution Burst,0,True,618.0,6,10,140.0,0.0,Opponent,TrainingAgent,Defensive,140.0
462,1,Player,Eevee ex,Evolution Burst,0,True,633.0,6,17,200.0,10.0,Opponent,TrainingAgent,Random,170.0
462,2,Opponent,Electrike,Thunder Jolt,1,False,0.0,6,1,170.0,10.0,Player,TrainingAgent,Random,170.0
462,3,Player,Eevee ex,Evolution Burst,0,True,633.0,6,10,170.0,0.0,Opponent,TrainingAgent,Random,170.0
463,1,Opponent,Electrike,Thunder Jolt,1,False,30.0,6,1,170.0,70.0,Player,TrainingAgent,Greedy,140.0
463,2,Player,Eevee ex,Evolution Burst,0,True,618.0,6,17,170.0,10.0,Opponent,TrainingAgent,Greedy,140.0
463,3,Opponent,Electrike,Thunder Jolt,1,False,30.0,6,1,140.0,10.0,Player,TrainingAgent,Greedy,140.0
463,4,Player,Eevee ex,Evolution Burst,0,True,618.0,6,10,140.0,0.0,Opponent,TrainingAgent,Greedy,140.0
464,1,Player,Eevee ex,Evolution Burst,0,True,633.0,6,17,200.0,10.0,Opponent,TrainingAgent,Heuristic,170.0
464,2,Opponent,Electrike,Thunder Jolt,1,False,30.0,6,1,170.0,10.0,Player,TrainingAgent,Heuristic,170.0
464,3,Player,Eevee ex,Evolution Burst,0,True,633.0,6,10,170.0,0.0,Opponent,TrainingAgent,Heuristic,170.0
465,1,Opponent,Electrike,Thunder Jolt,1,False,30.0,6,1,170.0,70.0,Player,TrainingAgent,Search,140.0
465,2,Player,Eevee ex,Evolution Burst,0,True,618.0,6,17,170.0,10.0,Opponent,TrainingAgent,Search,140.0
465,3,Opponent,Electrike,Thunder Jolt,1,False,30.0,6,1,140.0,10.0,Player,TrainingAgent,Search,140.0
465,4,Player,Eevee ex,Evolution Burst,0,True,618.0,6,10,140.0,0.0,Opponent,TrainingAgent,Search,140.0
466,1,Player,Eevee ex,Evolution Burst,0,True,633.0,6,17,200.0,10.0,Opponent,TrainingAgent,Aggressive,170.0
466,2,Opponent,Electrike,Thunder Jolt,1,False,45.0,6,1,170.0,10.0,Player,TrainingAgent,Aggressive,170.0
466,3,Player,Eevee ex,Evolution Burst,0,True,633.0,6,10,170.0,0.0,Opponent,TrainingAgent,Aggressive,170.0
467,1,Opponent,Electrike,Thunder Jolt,1,False,0.0,6,1,170.0,70.0,Player,TrainingAgent,Defensive,140.0
467,2,Player,Eevee ex,Evolution Burst,0,True,618.0,6,17,170.0,10.0,Opponent,TrainingAgent,Defensive,140.0
467,3,Opponent,Electrike,Thunder Jolt,1,False,0.0,6,1,140.0,10.0,Player,TrainingAgent,Defensive,140.0
467,4,Player,Eevee ex,Evolution Burst,0,True,618.0,6,10,140.0,0.0,Opponent,TrainingAgent,Defensive,140.0
468,1,Player,Eevee ex,Evolution Burst,0,True,633.0,6,17,200.0,10.0,Opponent,TrainingAgent,Random,170.0
468,2,Opponent,Electrike,Thunder Jolt,1,False,0.0,6,1,170.0,10.0,Player,TrainingAgent,Random,170.0
468,3,Player,Eevee ex,Evolution Burst,0,True,633.0,6,10,170.0,0.0,Opponent,TrainingAgent,Random,170.0
469,1,Opponent,Electrike,Thunder Jolt,1,False,30.0,6,1,170.0,70.0,Player,TrainingAgent,Greedy,140.0
469,2,Player,Eevee ex,Evolution Burst,0,True,618.0,6,17,170.0,10.0,Opponent,TrainingAgent,Greedy,140.0
469,3,Opponent,Electrike,Thunder Jolt,1,False,30.0,6,1,140.0,10.0,Player,TrainingAgent,Greedy,140.0
469,4,Player,Eevee ex,Evolution Burst,0,True,618.0,6,10,140.0,0.0,Opponent,TrainingAgent,Greedy,140.0
470,1,Player,Eevee ex,Evolution Burst,0,True,633.0,6,17,200.0,10.0,Opponent,TrainingAgent,Heuristic,170.0
470,2,Opponent,Electrike,Thunder Jolt,1,False,30.0,6,1,170.0,10.0,Player,TrainingAgent,Heuristic,170.0
470,3,Player,Eevee ex,Evolution Burst,0,True,633.0,6,10,170.0,0.0,Opponent,TrainingAgent,Heuristic,170.0
471,1,Opponent,Electrike,Thunder Jolt,1,False,30.0,6,1,170.0,70.0,Player,TrainingAgent,Search,140.0
471,2,Player,Eevee ex,Evolution Burst,0,True,618.0,6,17,170.0,10.0,Opponent,TrainingAgent,Search,140.0
471,3,Opponent,Electrike,Thunder Jolt,1,False,30.0,6,1,140.0,10.0,Player,TrainingAgent,Search,140.0
471,4,Player,Eevee ex,Evolution Burst,0,True,618.0,6,10,140.0,0.0,Opponent,TrainingAgent,Search,140.0
472,1,Player,Eevee ex,Evolution Burst,0,True,633.0,6,17,200.0,10.0,Opponent,TrainingAgent,Aggressive,170.0
472,2,Opponent,Electrike,Thunder Jolt,1,False,45.0,6,1,170.0,10.0,Player,TrainingAgent,Aggressive,170.0
472,3,Player,Eevee ex,Evolution Burst,0,True,633.0,6,10,170.0,0.0,Opponent,TrainingAgent,Aggressive,170.0
473,1,Opponent,Electrike,Thunder Jolt,1,False,0.0,6,1,170.0,70.0,Player,TrainingAgent,Defensive,140.0
473,2,Player,Eevee ex,Evolution Burst,0,True,618.0,6,17,170.0,10.0,Opponent,TrainingAgent,Defensive,140.0
473,3,Opponent,Electrike,Thunder Jolt,1,False,0.0,6,1,140.0,10.0,Player,TrainingAgent,Defensive,140.0
473,4,Player,Eevee ex,Evolution Burst,0,True,618.0,6,10,140.0,0.0,Opponent,TrainingAgent,Defensive,140.0
474,1,Player,Eevee ex,Evolution Burst,0,True,633.0,6,17,200.0,10.0,Opponent,TrainingAgent,Random,170.0
474,2,Opponent,Electrike,Thunder Jolt,1,False,0.0,6,1,170.0,10.0,Player,TrainingAgent,Random,170.0
474,3,Player,Eevee ex,Evolution Burst,0,True,633.0,6,10,170.0,0.0,Opponent,TrainingAgent,Random,170.0
475,1,Opponent,Electrike,Thunder Jolt,1,False,30.0,6,1,170.0,70.0,Player,TrainingAgent,Greedy,140.0
475,2,Player,Eevee ex,Evolution Burst,0,True,618.0,6,17,170.0,10.0,Opponent,TrainingAgent,Greedy,140.0
475,3,Opponent,Electrike,Thunder Jolt,1,False,30.0,6,1,140.0,10.0,Player,TrainingAgent,Greedy,140.0
475,4,Player,Eevee ex,Evolution Burst,0,True,618.0,6,10,140.0,0.0,Opponent,TrainingAgent,Greedy,140.0
476,1,Player,Eevee ex,Evolution Burst,0,True,633.0,6,17,200.0,10.0,Opponent,TrainingAgent,Heuristic,170.0
476,2,Opponent,Electrike,Thunder Jolt,1,False,30.0,6,1,170.0,10.0,Player,TrainingAgent,Heuristic,170.0
476,3,Player,Eevee ex,Evolution Burst,0,True,633.0,6,10,170.0,0.0,Opponent,TrainingAgent,Heuristic,170.0
477,1,Opponent,Electrike,Thunder Jolt,1,False,30.0,6,1,170.0,70.0,Player,TrainingAgent,Search,140.0
477,2,Player,Eevee ex,Evolution Burst,0,True,618.0,6,17,170.0,10.0,Opponent,TrainingAgent,Search,140.0
477,3,Opponent,Electrike,Thunder Jolt,1,False,30.0,6,1,140.0,10.0,Player,TrainingAgent,Search,140.0
477,4,Player,Eevee ex,Evolution Burst,0,True,618.0,6,10,140.0,0.0,Opponent,TrainingAgent,Search,140.0
478,1,Player,Eevee ex,Evolution Burst,0,True,633.0,6,17,200.0,10.0,Opponent,TrainingAgent,Aggressive,170.0
478,2,Opponent,Electrike,Thunder Jolt,1,False,45.0,6,1,170.0,10.0,Player,TrainingAgent,Aggressive,170.0
478,3,Player,Eevee ex,Evolution Burst,0,True,633.0,6,10,170.0,0.0,Opponent,TrainingAgent,Aggressive,170.0
479,1,Opponent,Electrike,Thunder Jolt,1,False,0.0,6,1,170.0,70.0,Player,TrainingAgent,Defensive,140.0
479,2,Player,Eevee ex,Evolution Burst,0,True,618.0,6,17,170.0,10.0,Opponent,TrainingAgent,Defensive,140.0
479,3,Opponent,Electrike,Thunder Jolt,1,False,0.0,6,1,140.0,10.0,Player,TrainingAgent,Defensive,140.0
479,4,Player,Eevee ex,Evolution Burst,0,True,618.0,6,10,140.0,0.0,Opponent,TrainingAgent,Defensive,140.0
480,1,Player,Eevee ex,Evolution Burst,0,True,633.0,6,17,200.0,10.0,Opponent,TrainingAgent,Random,170.0
480,2,Opponent,Electrike,Thunder Jolt,1,False,0.0,6,1,170.0,10.0,Player,TrainingAgent,Random,170.0
480,3,Player,Eevee ex,Evolution Burst,0,True,633.0,6,10,170.0,0.0,Opponent,TrainingAgent,Random,170.0
481,1,Opponent,Electrike,Thunder Jolt,1,False,30.0,6,1,170.0,70.0,Player,TrainingAgent,Greedy,140.0
481,2,Player,Eevee ex,Evolution Burst,0,True,618.0,6,17,170.0,10.0,Opponent,TrainingAgent,Greedy,140.0
481,3,Opponent,Electrike,Thunder Jolt,1,False,30.0,6,1,140.0,10.0,Player,TrainingAgent,Greedy,140.0
481,4,Player,Eevee ex,Evolution Burst,0,True,618.0,6,10,140.0,0.0,Opponent,TrainingAgent,Greedy,140.0
482,1,Player,Eevee ex,Evolution Burst,0,True,633.0,6,17,200.0,10.0,Opponent,TrainingAgent,Heuristic,170.0
482,2,Opponent,Electrike,Thunder Jolt,1,False,30.0,6,1,170.0,10.0,Player,TrainingAgent,Heuristic,170.0
482,3,Player,Eevee ex,Evolution Burst,0,True,633.0,6,10,170.0,0.0,Opponent,TrainingAgent,Heuristic,170.0
483,1,Opponent,Electrike,Thunder Jolt,1,False,30.0,6,1,170.0,70.0,Player,TrainingAgent,Search,140.0
483,2,Player,Eevee ex,Evolution Burst,0,True,618.0,6,17,170.0,10.0,Opponent,TrainingAgent,Search,140.0
483,3,Opponent,Electrike,Thunder Jolt,1,False,30.0,6,1,140.0,10.0,Player,TrainingAgent,Search,140.0
483,4,Player,Eevee ex,Evolution Burst,0,True,618.0,6,10,140.0,0.0,Opponent,TrainingAgent,Search,140.0
484,1,Player,Eevee ex,Evolution Burst,0,True,633.0,6,17,200.0,10.0,Opponent,TrainingAgent,Aggressive,170.0
484,2,Opponent,Electrike,Thunder Jolt,1,False,45.0,6,1,170.0,10.0,Player,TrainingAgent,Aggressive,170.0
484,3,Player,Eevee ex,Evolution Burst,0,True,633.0,6,10,170.0,0.0,Opponent,TrainingAgent,Aggressive,170.0
485,1,Opponent,Electrike,Thunder Jolt,1,False,0.0,6,1,170.0,70.0,Player,TrainingAgent,Defensive,140.0
485,2,Player,Eevee ex,Evolution Burst,0,True,618.0,6,17,170.0,10.0,Opponent,TrainingAgent,Defensive,140.0
485,3,Opponent,Electrike,Thunder Jolt,1,False,0.0,6,1,140.0,10.0,Player,TrainingAgent,Defensive,140.0
485,4,Player,Eevee ex,Evolution Burst,0,True,618.0,6,10,140.0,0.0,Opponent,TrainingAgent,Defensive,140.0
486,1,Player,Eevee ex,Evolution Burst,0,True,633.0,6,17,200.0,10.0,Opponent,TrainingAgent,Random,170.0
486,2,Opponent,Electrike,Thunder Jolt,1,False,0.0,6,1,170.0,10.0,Player,TrainingAgent,Random,170.0
486,3,Player,Eevee ex,Evolution Burst,0,True,633.0,6,10,170.0,0.0,Opponent,TrainingAgent,Random,170.0
487,1,Opponent,Electrike,Thunder Jolt,1,False,30.0,6,1,170.0,70.0,Player,TrainingAgent,Greedy,140.0
487,2,Player,Eevee ex,Evolution Burst,0,True,618.0,6,17,170.0,10.0,Opponent,TrainingAgent,Greedy,140.0
487,3,Opponent,Electrike,Thunder Jolt,1,False,30.0,6,1,140.0,10.0,Player,TrainingAgent,Greedy,140.0
487,4,Player,Eevee ex,Evolution Burst,0,True,618.0,6,10,140.0,0.0,Opponent,TrainingAgent,Greedy,140.0
488,1,Player,Eevee ex,Evolution Burst,0,True,633.0,6,17,200.0,10.0,Opponent,TrainingAgent,Heuristic,170.0
488,2,Opponent,Electrike,Thunder Jolt,1,False,30.0,6,1,170.0,10.0,Player,TrainingAgent,Heuristic,170.0
488,3,Player,Eevee ex,Evolution Burst,0,True,633.0,6,10,170.0,0.0,Opponent,TrainingAgent,Heuristic,170.0
489,1,Opponent,Electrike,Thunder Jolt,1,False,30.0,6,1,170.0,70.0,Player,TrainingAgent,Search,140.0
489,2,Player,Eevee ex,Evolution Burst,0,True,618.0,6,17,170.0,10.0,Opponent,TrainingAgent,Search,140.0
489,3,Opponent,Electrike,Thunder Jolt,1,False,30.0,6,1,140.0,10.0,Player,TrainingAgent,Search,140.0
489,4,Player,Eevee ex,Evolution Burst,0,True,618.0,6,10,140.0,0.0,Opponent,TrainingAgent,Search,140.0
490,1,Player,Eevee ex,Evolution Burst,0,True,633.0,6,17,200.0,10.0,Opponent,TrainingAgent,Aggressive,170.0
490,2,Opponent,Electrike,Thunder Jolt,1,False,45.0,6,1,170.0,10.0,Player,TrainingAgent,Aggressive,170.0
490,3,Player,Eevee ex,Evolution Burst,0,True,633.0,6,10,170.0,0.0,Opponent,TrainingAgent,Aggressive,170.0
491,1,Opponent,Electrike,Thunder Jolt,1,False,0.0,6,1,170.0,70.0,Player,TrainingAgent,Defensive,140.0
491,2,Player,Eevee ex,Evolution Burst,0,True,618.0,6,17,170.0,10.0,Opponent,TrainingAgent,Defensive,140.0
491,3,Opponent,Electrike,Thunder Jolt,1,False,0.0,6,1,140.0,10.0,Player,TrainingAgent,Defensive,140.0
491,4,Player,Eevee ex,Evolution Burst,0,True,618.0,6,10,140.0,0.0,Opponent,TrainingAgent,Defensive,140.0
492,1,Player,Eevee ex,Evolution Burst,0,True,633.0,6,17,200.0,10.0,Opponent,TrainingAgent,Random,170.0
492,2,Opponent,Electrike,Thunder Jolt,1,False,0.0,6,1,170.0,10.0,Player,TrainingAgent,Random,170.0
492,3,Player,Eevee ex,Evolution Burst,0,True,633.0,6,10,170.0,0.0,Opponent,TrainingAgent,Random,170.0
493,1,Opponent,Electrike,Thunder Jolt,1,False,30.0,6,1,170.0,70.0,Player,TrainingAgent,Greedy,140.0
493,2,Player,Eevee ex,Evolution Burst,0,True,618.0,6,17,170.0,10.0,Opponent,TrainingAgent,Greedy,140.0
493,3,Opponent,Electrike,Thunder Jolt,1,False,30.0,6,1,140.0,10.0,Player,TrainingAgent,Greedy,140.0
493,4,Player,Eevee ex,Evolution Burst,0,True,618.0,6,10,140.0,0.0,Opponent,TrainingAgent,Greedy,140.0
494,1,Player,Eevee ex,Evolution Burst,0,True,633.0,6,17,200.0,10.0,Opponent,TrainingAgent,Heuristic,170.0
494,2,Opponent,Electrike,Thunder Jolt,1,False,30.0,6,1,170.0,10.0,Player,TrainingAgent,Heuristic,170.0
494,3,Player,Eevee ex,Evolution Burst,0,True,633.0,6,10,170.0,0.0,Opponent,TrainingAgent,Heuristic,170.0
495,1,Opponent,Electrike,Thunder Jolt,1,False,30.0,6,1,170.0,70.0,Player,TrainingAgent,Search,140.0
495,2,Player,Eevee ex,Evolution Burst,0,True,618.0,6,17,170.0,10.0,Opponent,TrainingAgent,Search,140.0
495,3,Opponent,Electrike,Thunder Jolt,1,False,30.0,6,1,140.0,10.0,Player,TrainingAgent,Search,140.0
495,4,Player,Eevee ex,Evolution Burst,0,True,618.0,6,10,140.0,0.0,Opponent,TrainingAgent,Search,140.0
496,1,Player,Eevee ex,Evolution Burst,0,True,633.0,6,17,200.0,10.0,Opponent,TrainingAgent,Aggressive,170.0
496,2,Opponent,Electrike,Thunder Jolt,1,False,45.0,6,1,170.0,10.0,Player,TrainingAgent,Aggressive,170.0
496,3,Player,Eevee ex,Evolution Burst,0,True,633.0,6,10,170.0,0.0,Opponent,TrainingAgent,Aggressive,170.0
497,1,Opponent,Electrike,Thunder Jolt,1,False,0.0,6,1,170.0,70.0,Player,TrainingAgent,Defensive,140.0
497,2,Player,Eevee ex,Evolution Burst,0,True,618.0,6,17,170.0,10.0,Opponent,TrainingAgent,Defensive,140.0
497,3,Opponent,Electrike,Thunder Jolt,1,False,0.0,6,1,140.0,10.0,Player,TrainingAgent,Defensive,140.0
497,4,Player,Eevee ex,Evolution Burst,0,True,618.0,6,10,140.0,0.0,Opponent,TrainingAgent,Defensive,140.0
498,1,Player,Eevee ex,Evolution Burst,0,True,633.0,6,17,200.0,10.0,Opponent,TrainingAgent,Random,170.0
498,2,Opponent,Electrike,Thunder Jolt,1,False,0.0,6,1,170.0,10.0,Player,TrainingAgent,Random,170.0
498,3,Player,Eevee ex,Evolution Burst,0,True,633.0,6,10,170.0,0.0,Opponent,TrainingAgent,Random,170.0
499,1,Opponent,Electrike,Thunder Jolt,1,False,30.0,6,1,170.0,70.0,Player,TrainingAgent,Greedy,140.0
499,2,Player,Eevee ex,Evolution Burst,0,True,618.0,6,17,170.0,10.0,Opponent,TrainingAgent,Greedy,140.0
499,3,Opponent,Electrike,Thunder Jolt,1,False,30.0,6,1,140.0,10.0,Player,TrainingAgent,Greedy,140.0
499,4,Player,Eevee ex,Evolution Burst,0,True,618.0,6,10,140.0,0.0,Opponent,TrainingAgent,Greedy,140.0
500,1,Player,Eevee ex,Evolution Burst,0,True,633.0,6,17,200.0,10.0,Opponent,TrainingAgent,Heuristic,170.0
500,2,Opponent,Electrike,Thunder Jolt,1,False,30.0,6,1,170.0,10.0,Player,TrainingAgent,Heuristic,170.0
500,3,Player,Eevee ex,Evolution Burst,0,True,633.0,6,10,170.0,0.0,Opponent,TrainingAgent,Heuristic,170.0
501,1,Opponent,Electrike,Thunder Jolt,1,False,30.0,6,1,170.0,70.0,Player,TrainingAgent,Search,140.0
501,2,Player,Eevee ex,Evolution Burst,0,True,618.0,6,17,170.0,10.0,Opponent,TrainingAgent,Search,140.0
501,3,Opponent,Electrike,Thunder Jolt,1,False,30.0,6,1,140.0,10.0,Player,TrainingAgent,Search,140.0
501,4,Player,Eevee ex,Evolution Burst,0,True,618.0,6,10,140.0,0.0,Opponent,TrainingAgent,Search,140.0
502,1,Player,Eevee ex,Evolution Burst,0,True,633.0,6,17,200.0,10.0,Opponent,TrainingAgent,Aggressive,170.0
502,2,Opponent,Electrike,Thunder Jolt,1,False,45.0,6,1,170.0,10.0,Player,TrainingAgent,Aggressive,170.0
502,3,Player,Eevee ex,Evolution Burst,0,True,633.0,6,10,170.0,0.0,Opponent,TrainingAgent,Aggressive,170.0
503,1,Opponent,Electrike,Thunder Jolt,1,False,0.0,6,1,170.0,70.0,Player,TrainingAgent,Defensive,140.0
503,2,Player,Eevee ex,Evolution Burst,0,True,618.0,6,17,170.0,10.0,Opponent,TrainingAgent,Defensive,140.0
503,3,Opponent,Electrike,Thunder Jolt,1,False,0.0,6,1,140.0,10.0,Player,TrainingAgent,Defensive,140.0
503,4,Player,Eevee ex,Evolution Burst,0,True,618.0,6,10,140.0,0.0,Opponent,TrainingAgent,Defensive,140.0
504,1,Player,Eevee ex,Evolution Burst,0,True,633.0,6,17,200.0,10.0,Opponent,TrainingAgent,Random,170.0
504,2,Opponent,Electrike,Thunder Jolt,1,False,0.0,6,1,170.0,10.0,Player,TrainingAgent,Random,170.0
504,3,Player,Eevee ex,Evolution Burst,0,True,633.0,6,10,170.0,0.0,Opponent,TrainingAgent,Random,170.0
505,1,Opponent,Electrike,Thunder Jolt,1,False,30.0,6,1,170.0,70.0,Player,TrainingAgent,Greedy,140.0
505,2,Player,Eevee ex,Evolution Burst,0,True,618.0,6,17,170.0,10.0,Opponent,TrainingAgent,Greedy,140.0
505,3,Opponent,Electrike,Thunder Jolt,1,False,30.0,6,1,140.0,10.0,Player,TrainingAgent,Greedy,140.0
505,4,Player,Eevee ex,Evolution Burst,0,True,618.0,6,10,140.0,0.0,Opponent,TrainingAgent,Greedy,140.0
506,1,Player,Eevee ex,Evolution Burst,0,True,633.0,6,17,200.0,10.0,Opponent,TrainingAgent,Heuristic,170.0
506,2,Opponent,Electrike,Thunder Jolt,1,False,30.0,6,1,170.0,10.0,Player,TrainingAgent,Heuristic,170.0
506,3,Player,Eevee ex,Evolution Burst,0,True,633.0,6,10,170.0,0.0,Opponent,TrainingAgent,Heuristic,170.0
507,1,Opponent,Electrike,Thunder Jolt,1,False,30.0,6,1,170.0,70.0,Player,TrainingAgent,Search,140.0
507,2,Player,Eevee ex,Evolution Burst,0,True,618.0,6,17,170.0,10.0,Opponent,TrainingAgent,Search,140.0
507,3,Opponent,Electrike,Thunder Jolt,1,False,30.0,6,1,140.0,10.0,Player,TrainingAgent,Search,140.0
507,4,Player,Eevee ex,Evolution Burst,0,True,618.0,6,10,140.0,0.0,Opponent,TrainingAgent,Search,140.0
508,1,Player,Eevee ex,Evolution Burst,0,True,633.0,6,17,200.0,10.0,Opponent,TrainingAgent,Aggressive,170.0
508,2,Opponent,Electrike,Thunder Jolt,1,False,45.0,6,1,170.0,10.0,Player,TrainingAgent,Aggressive,170.0
508,3,Player,Eevee ex,Evolution Burst,0,True,633.0,6,10,170.0,0.0,Opponent,TrainingAgent,Aggressive,170.0
509,1,Opponent,Electrike,Thunder Jolt,1,False,0.0,6,1,170.0,70.0,Player,TrainingAgent,Defensive,140.0
509,2,Player,Eevee ex,Evolution Burst,0,True,618.0,6,17,170.0,10.0,Opponent,TrainingAgent,Defensive,140.0
509,3,Opponent,Electrike,Thunder Jolt,1,False,0.0,6,1,140.0,10.0,Player,TrainingAgent,Defensive,140.0
509,4,Player,Eevee ex,Evolution Burst,0,True,618.0,6,10,140.0,0.0,Opponent,TrainingAgent,Defensive,140.0
510,1,Player,Eevee ex,Evolution Burst,0,True,633.0,6,17,200.0,10.0,Opponent,TrainingAgent,Random,170.0
510,2,Opponent,Electrike,Thunder Jolt,1,False,0.0,6,1,170.0,10.0,Player,TrainingAgent,Random,170.0
510,3,Player,Eevee ex,Evolution Burst,0,True,633.0,6,10,170.0,0.0,Opponent,TrainingAgent,Random,170.0
511,1,Opponent,Electrike,Thunder Jolt,1,False,30.0,6,1,170.0,70.0,Player,TrainingAgent,Greedy,140.0
511,2,Player,Eevee ex,Evolution Burst,0,True,618.0,6,17,170.0,10.0,Opponent,TrainingAgent,Greedy,140.0
511,3,Opponent,Electrike,Thunder Jolt,1,False,30.0,6,1,140.0,10.0,Player,TrainingAgent,Greedy,140.0
511,4,Player,Eevee ex,Evolution Burst,0,True,618.0,6,10,140.0,0.0,Opponent,TrainingAgent,Greedy,140.0
512,1,Player,Eevee ex,Evolution Burst,0,True,633.0,6,17,200.0,10.0,Opponent,TrainingAgent,Heuristic,170.0
512,2,Opponent,Electrike,Thunder Jolt,1,False,30.0,6,1,170.0,10.0,Player,TrainingAgent,Heuristic,170.0
512,3,Player,Eevee ex,Evolution Burst,0,True,633.0,6,10,170.0,0.0,Opponent,TrainingAgent,Heuristic,170.0
513,1,Opponent,Electrike,Thunder Jolt,1,False,30.0,6,1,170.0,70.0,Player,TrainingAgent,Search,140.0
513,2,Player,Eevee ex,Evolution Burst,0,True,618.0,6,17,170.0,10.0,Opponent,TrainingAgent,Search,140.0
513,3,Opponent,Electrike,Thunder Jolt,1,False,30.0,6,1,140.0,10.0,Player,TrainingAgent,Search,140.0
513,4,Player,Eevee ex,Evolution Burst,0,True,618.0,6,10,140.0,0.0,Opponent,TrainingAgent,Search,140.0
514,1,Player,Eevee ex,Evolution Burst,0,True,633.0,6,17,200.0,10.0,Opponent,TrainingAgent,Aggressive,170.0
514,2,Opponent,Electrike,Thunder Jolt,1,False,45.0,6,1,170.0,10.0,Player,TrainingAgent,Aggressive,170.0
514,3,Player,Eevee ex,Evolution Burst,0,True,633.0,6,10,170.0,0.0,Opponent,TrainingAgent,Aggressive,170.0
515,1,Opponent,Electrike,Thunder Jolt,1,False,0.0,6,1,170.0,70.0,Player,TrainingAgent,Defensive,140.0
515,2,Player,Eevee ex,Evolution Burst,0,True,618.0,6,17,170.0,10.0,Opponent,TrainingAgent,Defensive,140.0
515,3,Opponent,Electrike,Thunder Jolt,1,False,0.0,6,1,140.0,10.0,Player,TrainingAgent,Defensive,140.0
515,4,Player,Eevee ex,Evolution Burst,0,True,618.0,6,10,140.0,0.0,Opponent,TrainingAgent,Defensive,140.0
516,1,Player,Eevee ex,Evolution Burst,0,True,633.0,6,17,200.0,10.0,Opponent,TrainingAgent,Random,170.0
516,2,Opponent,Electrike,Thunder Jolt,1,False,0.0,6,1,170.0,10.0,Player,TrainingAgent,Random,170.0
516,3,Player,Eevee ex,Evolution Burst,0,True,633.0,6,10,170.0,0.0,Opponent,TrainingAgent,Random,170.0
517,1,Opponent,Electrike,Thunder Jolt,1,False,30.0,6,1,170.0,70.0,Player,TrainingAgent,Greedy,140.0
517,2,Player,Eevee ex,Evolution Burst,0,True,618.0,6,17,170.0,10.0,Opponent,TrainingAgent,Greedy,140.0
517,3,Opponent,Electrike,Thunder Jolt,1,False,30.0,6,1,140.0,10.0,Player,TrainingAgent,Greedy,140.0
517,4,Player,Eevee ex,Evolution Burst,0,True,618.0,6,10,140.0,0.0,Opponent,TrainingAgent,Greedy,140.0
518,1,Player,Eevee ex,Evolution Burst,0,True,633.0,6,17,200.0,10.0,Opponent,TrainingAgent,Heuristic,170.0
518,2,Opponent,Electrike,Thunder Jolt,1,False,30.0,6,1,170.0,10.0,Player,TrainingAgent,Heuristic,170.0
518,3,Player,Eevee ex,Evolution Burst,0,True,633.0,6,10,170.0,0.0,Opponent,TrainingAgent,Heuristic,170.0
519,1,Opponent,Electrike,Thunder Jolt,1,False,30.0,6,1,170.0,70.0,Player,TrainingAgent,Search,140.0
519,2,Player,Eevee ex,Evolution Burst,0,True,618.0,6,17,170.0,10.0,Opponent,TrainingAgent,Search,140.0
519,3,Opponent,Electrike,Thunder Jolt,1,False,30.0,6,1,140.0,10.0,Player,TrainingAgent,Search,140.0
519,4,Player,Eevee ex,Evolution Burst,0,True,618.0,6,10,140.0,0.0,Opponent,TrainingAgent,Search,140.0
520,1,Player,Eevee ex,Evolution Burst,0,True,633.0,6,17,200.0,10.0,Opponent,TrainingAgent,Aggressive,170.0
520,2,Opponent,Electrike,Thunder Jolt,1,False,45.0,6,1,170.0,10.0,Player,TrainingAgent,Aggressive,170.0
520,3,Player,Eevee ex,Evolution Burst,0,True,633.0,6,10,170.0,0.0,Opponent,TrainingAgent,Aggressive,170.0
521,1,Opponent,Electrike,Thunder Jolt,1,False,0.0,6,1,170.0,70.0,Player,TrainingAgent,Defensive,140.0
521,2,Player,Eevee ex,Evolution Burst,0,True,618.0,6,17,170.0,10.0,Opponent,TrainingAgent,Defensive,140.0
521,3,Opponent,Electrike,Thunder Jolt,1,False,0.0,6,1,140.0,10.0,Player,TrainingAgent,Defensive,140.0
521,4,Player,Eevee ex,Evolution Burst,0,True,618.0,6,10,140.0,0.0,Opponent,TrainingAgent,Defensive,140.0
522,1,Player,Eevee ex,Evolution Burst,0,True,633.0,6,17,200.0,10.0,Opponent,TrainingAgent,Random,170.0
522,2,Opponent,Electrike,Thunder Jolt,1,False,0.0,6,1,170.0,10.0,Player,TrainingAgent,Random,170.0
522,3,Player,Eevee ex,Evolution Burst,0,True,633.0,6,10,170.0,0.0,Opponent,TrainingAgent,Random,170.0
523,1,Opponent,Electrike,Thunder Jolt,1,False,30.0,6,1,170.0,70.0,Player,TrainingAgent,Greedy,140.0
523,2,Player,Eevee ex,Evolution Burst,0,True,618.0,6,17,170.0,10.0,Opponent,TrainingAgent,Greedy,140.0
523,3,Opponent,Electrike,Thunder Jolt,1,False,30.0,6,1,140.0,10.0,Player,TrainingAgent,Greedy,140.0
523,4,Player,Eevee ex,Evolution Burst,0,True,618.0,6,10,140.0,0.0,Opponent,TrainingAgent,Greedy,140.0
524,1,Player,Eevee ex,Evolution Burst,0,True,633.0,6,17,200.0,10.0,Opponent,TrainingAgent,Heuristic,170.0
524,2,Opponent,Electrike,Thunder Jolt,1,False,30.0,6,1,170.0,10.0,Player,TrainingAgent,Heuristic,170.0
524,3,Player,Eevee ex,Evolution Burst,0,True,633.0,6,10,170.0,0.0,Opponent,TrainingAgent,Heuristic,170.0
525,1,Opponent,Electrike,Thunder Jolt,1,False,30.0,6,1,170.0,70.0,Player,TrainingAgent,Search,140.0
525,2,Player,Eevee ex,Evolution Burst,0,True,618.0,6,17,170.0,10.0,Opponent,TrainingAgent,Search,140.0
525,3,Opponent,Electrike,Thunder Jolt,1,False,30.0,6,1,140.0,10.0,Player,TrainingAgent,Search,140.0
525,4,Player,Eevee ex,Evolution Burst,0,True,618.0,6,10,140.0,0.0,Opponent,TrainingAgent,Search,140.0
526,1,Player,Eevee ex,Evolution Burst,0,True,633.0,6,17,200.0,10.0,Opponent,TrainingAgent,Aggressive,170.0
526,2,Opponent,Electrike,Thunder Jolt,1,False,45.0,6,1,170.0,10.0,Player,TrainingAgent,Aggressive,170.0
526,3,Player,Eevee ex,Evolution Burst,0,True,633.0,6,10,170.0,0.0,Opponent,TrainingAgent,Aggressive,170.0
527,1,Opponent,Electrike,Thunder Jolt,1,False,0.0,6,1,170.0,70.0,Player,TrainingAgent,Defensive,140.0
527,2,Player,Eevee ex,Evolution Burst,0,True,618.0,6,17,170.0,10.0,Opponent,TrainingAgent,Defensive,140.0
527,3,Opponent,Electrike,Thunder Jolt,1,False,0.0,6,1,140.0,10.0,Player,TrainingAgent,Defensive,140.0
527,4,Player,Eevee ex,Evolution Burst,0,True,618.0,6,10,140.0,0.0,Opponent,TrainingAgent,Defensive,140.0
528,1,Player,Eevee ex,Evolution Burst,0,True,633.0,6,17,200.0,10.0,Opponent,TrainingAgent,Random,170.0
528,2,Opponent,Electrike,Thunder Jolt,1,False,0.0,6,1,170.0,10.0,Player,TrainingAgent,Random,170.0
528,3,Player,Eevee ex,Evolution Burst,0,True,633.0,6,10,170.0,0.0,Opponent,TrainingAgent,Random,170.0
529,1,Opponent,Electrike,Thunder Jolt,1,False,30.0,6,1,170.0,70.0,Player,TrainingAgent,Greedy,140.0
529,2,Player,Eevee ex,Evolution Burst,0,True,618.0,6,17,170.0,10.0,Opponent,TrainingAgent,Greedy,140.0
529,3,Opponent,Electrike,Thunder Jolt,1,False,30.0,6,1,140.0,10.0,Player,TrainingAgent,Greedy,140.0
529,4,Player,Eevee ex,Evolution Burst,0,True,618.0,6,10,140.0,0.0,Opponent,TrainingAgent,Greedy,140.0
530,1,Player,Eevee ex,Evolution Burst,0,True,633.0,6,17,200.0,10.0,Opponent,TrainingAgent,Heuristic,170.0
530,2,Opponent,Electrike,Thunder Jolt,1,False,30.0,6,1,170.0,10.0,Player,TrainingAgent,Heuristic,170.0
530,3,Player,Eevee ex,Evolution Burst,0,True,633.0,6,10,170.0,0.0,Opponent,TrainingAgent,Heuristic,170.0
531,1,Opponent,Electrike,Thunder Jolt,1,False,30.0,6,1,170.0,70.0,Player,TrainingAgent,Search,140.0
531,2,Player,Eevee ex,Evolution Burst,0,True,618.0,6,17,170.0,10.0,Opponent,TrainingAgent,Search,140.0
531,3,Opponent,Electrike,Thunder Jolt,1,False,30.0,6,1,140.0,10.0,Player,TrainingAgent,Search,140.0
531,4,Player,Eevee ex,Evolution Burst,0,True,618.0,6,10,140.0,0.0,Opponent,TrainingAgent,Search,140.0
532,1,Player,Eevee ex,Evolution Burst,0,True,633.0,6,17,200.0,10.0,Opponent,TrainingAgent,Aggressive,170.0
532,2,Opponent,Electrike,Thunder Jolt,1,False,45.0,6,1,170.0,10.0,Player,TrainingAgent,Aggressive,170.0
532,3,Player,Eevee ex,Evolution Burst,0,True,633.0,6,10,170.0,0.0,Opponent,TrainingAgent,Aggressive,170.0
533,1,Opponent,Electrike,Thunder Jolt,1,False,0.0,6,1,170.0,70.0,Player,TrainingAgent,Defensive,140.0
533,2,Player,Eevee ex,Evolution Burst,0,True,618.0,6,17,170.0,10.0,Opponent,TrainingAgent,Defensive,140.0
533,3,Opponent,Electrike,Thunder Jolt,1,False,0.0,6,1,140.0,10.0,Player,TrainingAgent,Defensive,140.0
533,4,Player,Eevee ex,Evolution Burst,0,True,618.0,6,10,140.0,0.0,Opponent,TrainingAgent,Defensive,140.0
534,1,Player,Eevee ex,Evolution Burst,0,True,633.0,6,17,200.0,10.0,Opponent,TrainingAgent,Random,170.0
534,2,Opponent,Electrike,Thunder Jolt,1,False,0.0,6,1,170.0,10.0,Player,TrainingAgent,Random,170.0
534,3,Player,Eevee ex,Evolution Burst,0,True,633.0,6,10,170.0,0.0,Opponent,TrainingAgent,Random,170.0
535,1,Opponent,Electrike,Thunder Jolt,1,False,30.0,6,1,170.0,70.0,Player,TrainingAgent,Greedy,140.0
535,2,Player,Eevee ex,Evolution Burst,0,True,618.0,6,17,170.0,10.0,Opponent,TrainingAgent,Greedy,140.0
535,3,Opponent,Electrike,Thunder Jolt,1,False,30.0,6,1,140.0,10.0,Player,TrainingAgent,Greedy,140.0
535,4,Player,Eevee ex,Evolution Burst,0,True,618.0,6,10,140.0,0.0,Opponent,TrainingAgent,Greedy,140.0
536,1,Player,Eevee ex,Evolution Burst,0,True,633.0,6,17,200.0,10.0,Opponent,TrainingAgent,Heuristic,170.0
536,2,Opponent,Electrike,Thunder Jolt,1,False,30.0,6,1,170.0,10.0,Player,TrainingAgent,Heuristic,170.0
536,3,Player,Eevee ex,Evolution Burst,0,True,633.0,6,10,170.0,0.0,Opponent,TrainingAgent,Heuristic,170.0
537,1,Opponent,Electrike,Thunder Jolt,1,False,30.0,6,1,170.0,70.0,Player,TrainingAgent,Search,140.0
537,2,Player,Eevee ex,Evolution Burst,0,True,618.0,6,17,170.0,10.0,Opponent,TrainingAgent,Search,140.0
537,3,Opponent,Electrike,Thunder Jolt,1,False,30.0,6,1,140.0,10.0,Player,TrainingAgent,Search,140.0
537,4,Player,Eevee ex,Evolution Burst,0,True,618.0,6,10,140.0,0.0,Opponent,TrainingAgent,Search,140.0
538,1,Player,Eevee ex,Evolution Burst,0,True,633.0,6,17,200.0,10.0,Opponent,TrainingAgent,Aggressive,170.0
538,2,Opponent,Electrike,Thunder Jolt,1,False,45.0,6,1,170.0,10.0,Player,TrainingAgent,Aggressive,170.0
538,3,Player,Eevee ex,Evolution Burst,0,True,633.0,6,10,170.0,0.0,Opponent,TrainingAgent,Aggressive,170.0
539,1,Opponent,Electrike,Thunder Jolt,1,False,0.0,6,1,170.0,70.0,Player,TrainingAgent,Defensive,140.0
539,2,Player,Eevee ex,Evolution Burst,0,True,618.0,6,17,170.0,10.0,Opponent,TrainingAgent,Defensive,140.0
539,3,Opponent,Electrike,Thunder Jolt,1,False,0.0,6,1,140.0,10.0,Player,TrainingAgent,Defensive,140.0
539,4,Player,Eevee ex,Evolution Burst,0,True,618.0,6,10,140.0,0.0,Opponent,TrainingAgent,Defensive,140.0
540,1,Player,Eevee ex,Evolution Burst,0,True,633.0,6,17,200.0,10.0,Opponent,TrainingAgent,Random,170.0
540,2,Opponent,Electrike,Thunder Jolt,1,False,0.0,6,1,170.0,10.0,Player,TrainingAgent,Random,170.0
540,3,Player,Eevee ex,Evolution Burst,0,True,633.0,6,10,170.0,0.0,Opponent,TrainingAgent,Random,170.0
541,1,Opponent,Electrike,Thunder Jolt,1,False,30.0,6,1,170.0,70.0,Player,TrainingAgent,Greedy,140.0
541,2,Player,Eevee ex,Evolution Burst,0,True,618.0,6,17,170.0,10.0,Opponent,TrainingAgent,Greedy,140.0
541,3,Opponent,Electrike,Thunder Jolt,1,False,30.0,6,1,140.0,10.0,Player,TrainingAgent,Greedy,140.0
541,4,Player,Eevee ex,Evolution Burst,0,True,618.0,6,10,140.0,0.0,Opponent,TrainingAgent,Greedy,140.0
542,1,Player,Eevee ex,Evolution Burst,0,True,633.0,6,17,200.0,10.0,Opponent,TrainingAgent,Heuristic,170.0
542,2,Opponent,Electrike,Thunder Jolt,1,False,30.0,6,1,170.0,10.0,Player,TrainingAgent,Heuristic,170.0
542,3,Player,Eevee ex,Evolution Burst,0,True,633.0,6,10,170.0,0.0,Opponent,TrainingAgent,Heuristic,170.0
543,1,Opponent,Electrike,Thunder Jolt,1,False,30.0,6,1,170.0,70.0,Player,TrainingAgent,Search,140.0
543,2,Player,Eevee ex,Evolution Burst,0,True,618.0,6,17,170.0,10.0,Opponent,TrainingAgent,Search,140.0
543,3,Opponent,Electrike,Thunder Jolt,1,False,30.0,6,1,140.0,10.0,Player,TrainingAgent,Search,140.0
543,4,Player,Eevee ex,Evolution Burst,0,True,618.0,6,10,140.0,0.0,Opponent,TrainingAgent,Search,140.0
544,1,Player,Eevee ex,Evolution Burst,0,True,633.0,6,17,200.0,10.0,Opponent,TrainingAgent,Aggressive,170.0
544,2,Opponent,Electrike,Thunder Jolt,1,False,45.0,6,1,170.0,10.0,Player,TrainingAgent,Aggressive,170.0
544,3,Player,Eevee ex,Evolution Burst,0,True,633.0,6,10,170.0,0.0,Opponent,TrainingAgent,Aggressive,170.0
545,1,Opponent,Electrike,Thunder Jolt,1,False,0.0,6,1,170.0,70.0,Player,TrainingAgent,Defensive,140.0
545,2,Player,Eevee ex,Evolution Burst,0,True,618.0,6,17,170.0,10.0,Opponent,TrainingAgent,Defensive,140.0
545,3,Opponent,Electrike,Thunder Jolt,1,False,0.0,6,1,140.0,10.0,Player,TrainingAgent,Defensive,140.0
545,4,Player,Eevee ex,Evolution Burst,0,True,618.0,6,10,140.0,0.0,Opponent,TrainingAgent,Defensive,140.0
546,1,Player,Eevee ex,Evolution Burst,0,True,633.0,6,17,200.0,10.0,Opponent,TrainingAgent,Random,170.0
546,2,Opponent,Electrike,Thunder Jolt,1,False,0.0,6,1,170.0,10.0,Player,TrainingAgent,Random,170.0
546,3,Player,Eevee ex,Evolution Burst,0,True,633.0,6,10,170.0,0.0,Opponent,TrainingAgent,Random,170.0
547,1,Opponent,Electrike,Thunder Jolt,1,False,30.0,6,1,170.0,70.0,Player,TrainingAgent,Greedy,140.0
547,2,Player,Eevee ex,Evolution Burst,0,True,618.0,6,17,170.0,10.0,Opponent,TrainingAgent,Greedy,140.0
547,3,Opponent,Electrike,Thunder Jolt,1,False,30.0,6,1,140.0,10.0,Player,TrainingAgent,Greedy,140.0
547,4,Player,Eevee ex,Evolution Burst,0,True,618.0,6,10,140.0,0.0,Opponent,TrainingAgent,Greedy,140.0
548,1,Player,Eevee ex,Evolution Burst,0,True,633.0,6,17,200.0,10.0,Opponent,TrainingAgent,Heuristic,170.0
548,2,Opponent,Electrike,Thunder Jolt,1,False,30.0,6,1,170.0,10.0,Player,TrainingAgent,Heuristic,170.0
548,3,Player,Eevee ex,Evolution Burst,0,True,633.0,6,10,170.0,0.0,Opponent,TrainingAgent,Heuristic,170.0
549,1,Opponent,Electrike,Thunder Jolt,1,False,30.0,6,1,170.0,70.0,Player,TrainingAgent,Search,140.0
549,2,Player,Eevee ex,Evolution Burst,0,True,618.0,6,17,170.0,10.0,Opponent,TrainingAgent,Search,140.0
549,3,Opponent,Electrike,Thunder Jolt,1,False,30.0,6,1,140.0,10.0,Player,TrainingAgent,Search,140.0
549,4,Player,Eevee ex,Evolution Burst,0,True,618.0,6,10,140.0,0.0,Opponent,TrainingAgent,Search,140.0
550,1,Player,Eevee ex,Evolution Burst,0,True,633.0,6,17,200.0,10.0,Opponent,TrainingAgent,Aggressive,170.0
550,2,Opponent,Electrike,Thunder Jolt,1,False,45.0,6,1,170.0,10.0,Player,TrainingAgent,Aggressive,170.0
550,3,Player,Eevee ex,Evolution Burst,0,True,633.0,6,10,170.0,0.0,Opponent,TrainingAgent,Aggressive,170.0
551,1,Opponent,Electrike,Thunder Jolt,1,False,0.0,6,1,170.0,70.0,Player,TrainingAgent,Defensive,140.0
551,2,Player,Eevee ex,Evolution Burst,0,True,618.0,6,17,170.0,10.0,Opponent,TrainingAgent,Defensive,140.0
551,3,Opponent,Electrike,Thunder Jolt,1,False,0.0,6,1,140.0,10.0,Player,TrainingAgent,Defensive,140.0
551,4,Player,Eevee ex,Evolution Burst,0,True,618.0,6,10,140.0,0.0,Opponent,TrainingAgent,Defensive,140.0
552,1,Player,Eevee ex,Evolution Burst,0,True,633.0,6,17,200.0,10.0,Opponent,TrainingAgent,Random,170.0
552,2,Opponent,Electrike,Thunder Jolt,1,False,0.0,6,1,170.0,10.0,Player,TrainingAgent,Random,170.0
552,3,Player,Eevee ex,Evolution Burst,0,True,633.0,6,10,170.0,0.0,Opponent,TrainingAgent,Random,170.0
553,1,Opponent,Electrike,Thunder Jolt,1,False,30.0,6,1,170.0,70.0,Player,TrainingAgent,Greedy,140.0
553,2,Player,Eevee ex,Evolution Burst,0,True,618.0,6,17,170.0,10.0,Opponent,TrainingAgent,Greedy,140.0
553,3,Opponent,Electrike,Thunder Jolt,1,False,30.0,6,1,140.0,10.0,Player,TrainingAgent,Greedy,140.0
553,4,Player,Eevee ex,Evolution Burst,0,True,618.0,6,10,140.0,0.0,Opponent,TrainingAgent,Greedy,140.0
554,1,Player,Eevee ex,Evolution Burst,0,True,633.0,6,17,200.0,10.0,Opponent,TrainingAgent,Heuristic,170.0
554,2,Opponent,Electrike,Thunder Jolt,1,False,30.0,6,1,170.0,10.0,Player,TrainingAgent,Heuristic,170.0
554,3,Player,Eevee ex,Evolution Burst,0,True,633.0,6,10,170.0,0.0,Opponent,TrainingAgent,Heuristic,170.0
555,1,Opponent,Electrike,Thunder Jolt,1,False,30.0,6,1,170.0,70.0,Player,TrainingAgent,Search,140.0
555,2,Player,Eevee ex,Evolution Burst,0,True,618.0,6,17,170.0,10.0,Opponent,TrainingAgent,Search,140.0
555,3,Opponent,Electrike,Thunder Jolt,1,False,30.0,6,1,140.0,10.0,Player,TrainingAgent,Search,140.0
555,4,Player,Eevee ex,Evolution Burst,0,True,618.0,6,10,140.0,0.0,Opponent,TrainingAgent,Search,140.0
556,1,Player,Eevee ex,Evolution Burst,0,True,633.0,6,17,200.0,10.0,Opponent,TrainingAgent,Aggressive,170.0
556,2,Opponent,Electrike,Thunder Jolt,1,False,45.0,6,1,170.0,10.0,Player,TrainingAgent,Aggressive,170.0
556,3,Player,Eevee ex,Evolution Burst,0,True,633.0,6,10,170.0,0.0,Opponent,TrainingAgent,Aggressive,170.0
557,1,Opponent,Electrike,Thunder Jolt,1,False,0.0,6,1,170.0,70.0,Player,TrainingAgent,Defensive,140.0
557,2,Player,Eevee ex,Evolution Burst,0,True,618.0,6,17,170.0,10.0,Opponent,TrainingAgent,Defensive,140.0
557,3,Opponent,Electrike,Thunder Jolt,1,False,0.0,6,1,140.0,10.0,Player,TrainingAgent,Defensive,140.0
557,4,Player,Eevee ex,Evolution Burst,0,True,618.0,6,10,140.0,0.0,Opponent,TrainingAgent,Defensive,140.0
558,1,Player,Eevee ex,Evolution Burst,0,True,633.0,6,17,200.0,10.0,Opponent,TrainingAgent,Random,170.0
558,2,Opponent,Electrike,Thunder Jolt,1,False,0.0,6,1,170.0,10.0,Player,TrainingAgent,Random,170.0
558,3,Player,Eevee ex,Evolution Burst,0,True,633.0,6,10,170.0,0.0,Opponent,TrainingAgent,Random,170.0
559,1,Opponent,Electrike,Thunder Jolt,1,False,30.0,6,1,170.0,70.0,Player,TrainingAgent,Greedy,140.0
559,2,Player,Eevee ex,Evolution Burst,0,True,618.0,6,17,170.0,10.0,Opponent,TrainingAgent,Greedy,140.0
559,3,Opponent,Electrike,Thunder Jolt,1,False,30.0,6,1,140.0,10.0,Player,TrainingAgent,Greedy,140.0
559,4,Player,Eevee ex,Evolution Burst,0,True,618.0,6,10,140.0,0.0,Opponent,TrainingAgent,Greedy,140.0
560,1,Player,Eevee ex,Evolution Burst,0,True,633.0,6,17,200.0,10.0,Opponent,TrainingAgent,Heuristic,170.0
560,2,Opponent,Electrike,Thunder Jolt,1,False,30.0,6,1,170.0,10.0,Player,TrainingAgent,Heuristic,170.0
560,3,Player,Eevee ex,Evolution Burst,0,True,633.0,6,10,170.0,0.0,Opponent,TrainingAgent,Heuristic,170.0
561,1,Opponent,Electrike,Thunder Jolt,1,False,30.0,6,1,170.0,70.0,Player,TrainingAgent,Search,140.0
561,2,Player,Eevee ex,Evolution Burst,0,True,618.0,6,17,170.0,10.0,Opponent,TrainingAgent,Search,140.0
561,3,Opponent,Electrike,Thunder Jolt,1,False,30.0,6,1,140.0,10.0,Player,TrainingAgent,Search,140.0
561,4,Player,Eevee ex,Evolution Burst,0,True,618.0,6,10,140.0,0.0,Opponent,TrainingAgent,Search,140.0
562,1,Player,Eevee ex,Evolution Burst,0,True,633.0,6,17,200.0,10.0,Opponent,TrainingAgent,Aggressive,170.0
562,2,Opponent,Electrike,Thunder Jolt,1,False,45.0,6,1,170.0,10.0,Player,TrainingAgent,Aggressive,170.0
562,3,Player,Eevee ex,Evolution Burst,0,True,633.0,6,10,170.0,0.0,Opponent,TrainingAgent,Aggressive,170.0
563,1,Opponent,Electrike,Thunder Jolt,1,False,0.0,6,1,170.0,70.0,Player,TrainingAgent,Defensive,140.0
563,2,Player,Eevee ex,Evolution Burst,0,True,618.0,6,17,170.0,10.0,Opponent,TrainingAgent,Defensive,140.0
563,3,Opponent,Electrike,Thunder Jolt,1,False,0.0,6,1,140.0,10.0,Player,TrainingAgent,Defensive,140.0
563,4,Player,Eevee ex,Evolution Burst,0,True,618.0,6,10,140.0,0.0,Opponent,TrainingAgent,Defensive,140.0
564,1,Player,Eevee ex,Evolution Burst,0,True,633.0,6,17,200.0,10.0,Opponent,TrainingAgent,Random,170.0
564,2,Opponent,Electrike,Thunder Jolt,1,False,0.0,6,1,170.0,10.0,Player,TrainingAgent,Random,170.0
564,3,Player,Eevee ex,Evolution Burst,0,True,633.0,6,10,170.0,0.0,Opponent,TrainingAgent,Random,170.0
565,1,Opponent,Electrike,Thunder Jolt,1,False,30.0,6,1,170.0,70.0,Player,TrainingAgent,Greedy,140.0
565,2,Player,Eevee ex,Evolution Burst,0,True,618.0,6,17,170.0,10.0,Opponent,TrainingAgent,Greedy,140.0
565,3,Opponent,Electrike,Thunder Jolt,1,False,30.0,6,1,140.0,10.0,Player,TrainingAgent,Greedy,140.0
565,4,Player,Eevee ex,Evolution Burst,0,True,618.0,6,10,140.0,0.0,Opponent,TrainingAgent,Greedy,140.0
566,1,Player,Eevee ex,Evolution Burst,0,True,633.0,6,17,200.0,10.0,Opponent,TrainingAgent,Heuristic,170.0
566,2,Opponent,Electrike,Thunder Jolt,1,False,30.0,6,1,170.0,10.0,Player,TrainingAgent,Heuristic,170.0
566,3,Player,Eevee ex,Evolution Burst,0,True,633.0,6,10,170.0,0.0,Opponent,TrainingAgent,Heuristic,170.0
567,1,Opponent,Electrike,Thunder Jolt,1,False,30.0,6,1,170.0,70.0,Player,TrainingAgent,Search,140.0
567,2,Player,Eevee ex,Evolution Burst,0,True,618.0,6,17,170.0,10.0,Opponent,TrainingAgent,Search,140.0
567,3,Opponent,Electrike,Thunder Jolt,1,False,30.0,6,1,140.0,10.0,Player,TrainingAgent,Search,140.0
567,4,Player,Eevee ex,Evolution Burst,0,True,618.0,6,10,140.0,0.0,Opponent,TrainingAgent,Search,140.0
568,1,Player,Eevee ex,Evolution Burst,0,True,633.0,6,17,200.0,10.0,Opponent,TrainingAgent,Aggressive,170.0
568,2,Opponent,Electrike,Thunder Jolt,1,False,45.0,6,1,170.0,10.0,Player,TrainingAgent,Aggressive,170.0
568,3,Player,Eevee ex,Evolution Burst,0,True,633.0,6,10,170.0,0.0,Opponent,TrainingAgent,Aggressive,170.0
569,1,Opponent,Electrike,Thunder Jolt,1,False,0.0,6,1,170.0,70.0,Player,TrainingAgent,Defensive,140.0
569,2,Player,Eevee ex,Evolution Burst,0,True,618.0,6,17,170.0,10.0,Opponent,TrainingAgent,Defensive,140.0
569,3,Opponent,Electrike,Thunder Jolt,1,False,0.0,6,1,140.0,10.0,Player,TrainingAgent,Defensive,140.0
569,4,Player,Eevee ex,Evolution Burst,0,True,618.0,6,10,140.0,0.0,Opponent,TrainingAgent,Defensive,140.0
570,1,Player,Eevee ex,Evolution Burst,0,True,633.0,6,17,200.0,10.0,Opponent,TrainingAgent,Random,170.0
570,2,Opponent,Electrike,Thunder Jolt,1,False,0.0,6,1,170.0,10.0,Player,TrainingAgent,Random,170.0
570,3,Player,Eevee ex,Evolution Burst,0,True,633.0,6,10,170.0,0.0,Opponent,TrainingAgent,Random,170.0
571,1,Opponent,Electrike,Thunder Jolt,1,False,30.0,6,1,170.0,70.0,Player,TrainingAgent,Greedy,140.0
571,2,Player,Eevee ex,Evolution Burst,0,True,618.0,6,17,170.0,10.0,Opponent,TrainingAgent,Greedy,140.0
571,3,Opponent,Electrike,Thunder Jolt,1,False,30.0,6,1,140.0,10.0,Player,TrainingAgent,Greedy,140.0
571,4,Player,Eevee ex,Evolution Burst,0,True,618.0,6,10,140.0,0.0,Opponent,TrainingAgent,Greedy,140.0
572,1,Player,Eevee ex,Evolution Burst,0,True,633.0,6,17,200.0,10.0,Opponent,TrainingAgent,Heuristic,170.0
572,2,Opponent,Electrike,Thunder Jolt,1,False,30.0,6,1,170.0,10.0,Player,TrainingAgent,Heuristic,170.0
572,3,Player,Eevee ex,Evolution Burst,0,True,633.0,6,10,170.0,0.0,Opponent,TrainingAgent,Heuristic,170.0
573,1,Opponent,Electrike,Thunder Jolt,1,False,30.0,6,1,170.0,70.0,Player,TrainingAgent,Search,140.0
573,2,Player,Eevee ex,Evolution Burst,0,True,618.0,6,17,170.0,10.0,Opponent,TrainingAgent,Search,140.0
573,3,Opponent,Electrike,Thunder Jolt,1,False,30.0,6,1,140.0,10.0,Player,TrainingAgent,Search,140.0
573,4,Player,Eevee ex,Evolution Burst,0,True,618.0,6,10,140.0,0.0,Opponent,TrainingAgent,Search,140.0
574,1,Player,Eevee ex,Evolution Burst,0,True,633.0,6,17,200.0,10.0,Opponent,TrainingAgent,Aggressive,170.0
574,2,Opponent,Electrike,Thunder Jolt,1,False,45.0,6,1,170.0,10.0,Player,TrainingAgent,Aggressive,170.0
574,3,Player,Eevee ex,Evolution Burst,0,True,633.0,6,10,170.0,0.0,Opponent,TrainingAgent,Aggressive,170.0
575,1,Opponent,Electrike,Thunder Jolt,1,False,0.0,6,1,170.0,70.0,Player,TrainingAgent,Defensive,140.0
575,2,Player,Eevee ex,Evolution Burst,0,True,618.0,6,17,170.0,10.0,Opponent,TrainingAgent,Defensive,140.0
575,3,Opponent,Electrike,Thunder Jolt,1,False,0.0,6,1,140.0,10.0,Player,TrainingAgent,Defensive,140.0
575,4,Player,Eevee ex,Evolution Burst,0,True,618.0,6,10,140.0,0.0,Opponent,TrainingAgent,Defensive,140.0
576,1,Player,Eevee ex,Evolution Burst,0,True,633.0,6,17,200.0,10.0,Opponent,TrainingAgent,Random,170.0
576,2,Opponent,Electrike,Thunder Jolt,1,False,0.0,6,1,170.0,10.0,Player,TrainingAgent,Random,170.0
576,3,Player,Eevee ex,Evolution Burst,0,True,633.0,6,10,170.0,0.0,Opponent,TrainingAgent,Random,170.0
577,1,Opponent,Electrike,Thunder Jolt,1,False,30.0,6,1,170.0,70.0,Player,TrainingAgent,Greedy,140.0
577,2,Player,Eevee ex,Evolution Burst,0,True,618.0,6,17,170.0,10.0,Opponent,TrainingAgent,Greedy,140.0
577,3,Opponent,Electrike,Thunder Jolt,1,False,30.0,6,1,140.0,10.0,Player,TrainingAgent,Greedy,140.0
577,4,Player,Eevee ex,Evolution Burst,0,True,618.0,6,10,140.0,0.0,Opponent,TrainingAgent,Greedy,140.0
578,1,Player,Eevee ex,Evolution Burst,0,True,633.0,6,17,200.0,10.0,Opponent,TrainingAgent,Heuristic,170.0
578,2,Opponent,Electrike,Thunder Jolt,1,False,30.0,6,1,170.0,10.0,Player,TrainingAgent,Heuristic,170.0
578,3,Player,Eevee ex,Evolution Burst,0,True,633.0,6,10,170.0,0.0,Opponent,TrainingAgent,Heuristic,170.0
579,1,Opponent,Electrike,Thunder Jolt,1,False,30.0,6,1,170.0,70.0,Player,TrainingAgent,Search,140.0
579,2,Player,Eevee ex,Evolution Burst,0,True,618.0,6,17,170.0,10.0,Opponent,TrainingAgent,Search,140.0
579,3,Opponent,Electrike,Thunder Jolt,1,False,30.0,6,1,140.0,10.0,Player,TrainingAgent,Search,140.0
579,4,Player,Eevee ex,Evolution Burst,0,True,618.0,6,10,140.0,0.0,Opponent,TrainingAgent,Search,140.0
580,1,Player,Eevee ex,Evolution Burst,0,True,633.0,6,17,200.0,10.0,Opponent,TrainingAgent,Aggressive,170.0
580,2,Opponent,Electrike,Thunder Jolt,1,False,45.0,6,1,170.0,10.0,Player,TrainingAgent,Aggressive,170.0
580,3,Player,Eevee ex,Evolution Burst,0,True,633.0,6,10,170.0,0.0,Opponent,TrainingAgent,Aggressive,170.0
581,1,Opponent,Electrike,Thunder Jolt,1,False,0.0,6,1,170.0,70.0,Player,TrainingAgent,Defensive,140.0
581,2,Player,Eevee ex,Evolution Burst,0,True,618.0,6,17,170.0,10.0,Opponent,TrainingAgent,Defensive,140.0
581,3,Opponent,Electrike,Thunder Jolt,1,False,0.0,6,1,140.0,10.0,Player,TrainingAgent,Defensive,140.0
581,4,Player,Eevee ex,Evolution Burst,0,True,618.0,6,10,140.0,0.0,Opponent,TrainingAgent,Defensive,140.0
582,1,Player,Eevee ex,Evolution Burst,0,True,633.0,6,17,200.0,10.0,Opponent,TrainingAgent,Random,170.0
582,2,Opponent,Electrike,Thunder Jolt,1,False,0.0,6,1,170.0,10.0,Player,TrainingAgent,Random,170.0
582,3,Player,Eevee ex,Evolution Burst,0,True,633.0,6,10,170.0,0.0,Opponent,TrainingAgent,Random,170.0
583,1,Opponent,Electrike,Thunder Jolt,1,False,30.0,6,1,170.0,70.0,Player,TrainingAgent,Greedy,140.0
583,2,Player,Eevee ex,Evolution Burst,0,True,618.0,6,17,170.0,10.0,Opponent,TrainingAgent,Greedy,140.0
583,3,Opponent,Electrike,Thunder Jolt,1,False,30.0,6,1,140.0,10.0,Player,TrainingAgent,Greedy,140.0
583,4,Player,Eevee ex,Evolution Burst,0,True,618.0,6,10,140.0,0.0,Opponent,TrainingAgent,Greedy,140.0
584,1,Player,Eevee ex,Evolution Burst,0,True,633.0,6,17,200.0,10.0,Opponent,TrainingAgent,Heuristic,170.0
584,2,Opponent,Electrike,Thunder Jolt,1,False,30.0,6,1,170.0,10.0,Player,TrainingAgent,Heuristic,170.0
584,3,Player,Eevee ex,Evolution Burst,0,True,633.0,6,10,170.0,0.0,Opponent,TrainingAgent,Heuristic,170.0
585,1,Opponent,Electrike,Thunder Jolt,1,False,30.0,6,1,170.0,70.0,Player,TrainingAgent,Search,140.0
585,2,Player,Eevee ex,Evolution Burst,0,True,618.0,6,17,170.0,10.0,Opponent,TrainingAgent,Search,140.0
585,3,Opponent,Electrike,Thunder Jolt,1,False,30.0,6,1,140.0,10.0,Player,TrainingAgent,Search,140.0
585,4,Player,Eevee ex,Evolution Burst,0,True,618.0,6,10,140.0,0.0,Opponent,TrainingAgent,Search,140.0
586,1,Player,Eevee ex,Evolution Burst,0,True,633.0,6,17,200.0,10.0,Opponent,TrainingAgent,Aggressive,170.0
586,2,Opponent,Electrike,Thunder Jolt,1,False,45.0,6,1,170.0,10.0,Player,TrainingAgent,Aggressive,170.0
586,3,Player,Eevee ex,Evolution Burst,0,True,633.0,6,10,170.0,0.0,Opponent,TrainingAgent,Aggressive,170.0
587,1,Opponent,Electrike,Thunder Jolt,1,False,0.0,6,1,170.0,70.0,Player,TrainingAgent,Defensive,140.0
587,2,Player,Eevee ex,Evolution Burst,0,True,618.0,6,17,170.0,10.0,Opponent,TrainingAgent,Defensive,140.0
587,3,Opponent,Electrike,Thunder Jolt,1,False,0.0,6,1,140.0,10.0,Player,TrainingAgent,Defensive,140.0
587,4,Player,Eevee ex,Evolution Burst,0,True,618.0,6,10,140.0,0.0,Opponent,TrainingAgent,Defensive,140.0
588,1,Player,Eevee ex,Evolution Burst,0,True,633.0,6,17,200.0,10.0,Opponent,TrainingAgent,Random,170.0
588,2,Opponent,Electrike,Thunder Jolt,1,False,0.0,6,1,170.0,10.0,Player,TrainingAgent,Random,170.0
588,3,Player,Eevee ex,Evolution Burst,0,True,633.0,6,10,170.0,0.0,Opponent,TrainingAgent,Random,170.0
589,1,Opponent,Electrike,Thunder Jolt,1,False,30.0,6,1,170.0,70.0,Player,TrainingAgent,Greedy,140.0
589,2,Player,Eevee ex,Evolution Burst,0,True,618.0,6,17,170.0,10.0,Opponent,TrainingAgent,Greedy,140.0
589,3,Opponent,Electrike,Thunder Jolt,1,False,30.0,6,1,140.0,10.0,Player,TrainingAgent,Greedy,140.0
589,4,Player,Eevee ex,Evolution Burst,0,True,618.0,6,10,140.0,0.0,Opponent,TrainingAgent,Greedy,140.0
590,1,Player,Eevee ex,Evolution Burst,0,True,633.0,6,17,200.0,10.0,Opponent,TrainingAgent,Heuristic,170.0
590,2,Opponent,Electrike,Thunder Jolt,1,False,30.0,6,1,170.0,10.0,Player,TrainingAgent,Heuristic,170.0
590,3,Player,Eevee ex,Evolution Burst,0,True,633.0,6,10,170.0,0.0,Opponent,TrainingAgent,Heuristic,170.0
591,1,Opponent,Electrike,Thunder Jolt,1,False,30.0,6,1,170.0,70.0,Player,TrainingAgent,Search,140.0
591,2,Player,Eevee ex,Evolution Burst,0,True,618.0,6,17,170.0,10.0,Opponent,TrainingAgent,Search,140.0
591,3,Opponent,Electrike,Thunder Jolt,1,False,30.0,6,1,140.0,10.0,Player,TrainingAgent,Search,140.0
591,4,Player,Eevee ex,Evolution Burst,0,True,618.0,6,10,140.0,0.0,Opponent,TrainingAgent,Search,140.0
592,1,Player,Eevee ex,Evolution Burst,0,True,633.0,6,17,200.0,10.0,Opponent,TrainingAgent,Aggressive,170.0
592,2,Opponent,Electrike,Thunder Jolt,1,False,45.0,6,1,170.0,10.0,Player,TrainingAgent,Aggressive,170.0
592,3,Player,Eevee ex,Evolution Burst,0,True,633.0,6,10,170.0,0.0,Opponent,TrainingAgent,Aggressive,170.0
593,1,Opponent,Electrike,Thunder Jolt,1,False,0.0,6,1,170.0,70.0,Player,TrainingAgent,Defensive,140.0
593,2,Player,Eevee ex,Evolution Burst,0,True,618.0,6,17,170.0,10.0,Opponent,TrainingAgent,Defensive,140.0
593,3,Opponent,Electrike,Thunder Jolt,1,False,0.0,6,1,140.0,10.0,Player,TrainingAgent,Defensive,140.0
593,4,Player,Eevee ex,Evolution Burst,0,True,618.0,6,10,140.0,0.0,Opponent,TrainingAgent,Defensive,140.0
594,1,Player,Eevee ex,Evolution Burst,0,True,633.0,6,17,200.0,10.0,Opponent,TrainingAgent,Random,170.0
594,2,Opponent,Electrike,Thunder Jolt,1,False,0.0,6,1,170.0,10.0,Player,TrainingAgent,Random,170.0
594,3,Player,Eevee ex,Evolution Burst,0,True,633.0,6,10,170.0,0.0,Opponent,TrainingAgent,Random,170.0
595,1,Opponent,Electrike,Thunder Jolt,1,False,30.0,6,1,170.0,70.0,Player,TrainingAgent,Greedy,140.0
595,2,Player,Eevee ex,Evolution Burst,0,True,618.0,6,17,170.0,10.0,Opponent,TrainingAgent,Greedy,140.0
595,3,Opponent,Electrike,Thunder Jolt,1,False,30.0,6,1,140.0,10.0,Player,TrainingAgent,Greedy,140.0
595,4,Player,Eevee ex,Evolution Burst,0,True,618.0,6,10,140.0,0.0,Opponent,TrainingAgent,Greedy,140.0
596,1,Player,Eevee ex,Evolution Burst,0,True,633.0,6,17,200.0,10.0,Opponent,TrainingAgent,Heuristic,170.0
596,2,Opponent,Electrike,Thunder Jolt,1,False,30.0,6,1,170.0,10.0,Player,TrainingAgent,Heuristic,170.0
596,3,Player,Eevee ex,Evolution Burst,0,True,633.0,6,10,170.0,0.0,Opponent,TrainingAgent,Heuristic,170.0
597,1,Opponent,Electrike,Thunder Jolt,1,False,30.0,6,1,170.0,70.0,Player,TrainingAgent,Search,140.0
597,2,Player,Eevee ex,Evolution Burst,0,True,618.0,6,17,170.0,10.0,Opponent,TrainingAgent,Search,140.0
597,3,Opponent,Electrike,Thunder Jolt,1,False,30.0,6,1,140.0,10.0,Player,TrainingAgent,Search,140.0
597,4,Player,Eevee ex,Evolution Burst,0,True,618.0,6,10,140.0,0.0,Opponent,TrainingAgent,Search,140.0
598,1,Player,Eevee ex,Evolution Burst,0,True,633.0,6,17,200.0,10.0,Opponent,TrainingAgent,Aggressive,170.0
598,2,Opponent,Electrike,Thunder Jolt,1,False,45.0,6,1,170.0,10.0,Player,TrainingAgent,Aggressive,170.0
598,3,Player,Eevee ex,Evolution Burst,0,True,633.0,6,10,170.0,0.0,Opponent,TrainingAgent,Aggressive,170.0
599,1,Opponent,Electrike,Thunder Jolt,1,False,0.0,6,1,170.0,70.0,Player,TrainingAgent,Defensive,140.0
599,2,Player,Eevee ex,Evolution Burst,0,True,618.0,6,17,170.0,10.0,Opponent,TrainingAgent,Defensive,140.0
599,3,Opponent,Electrike,Thunder Jolt,1,False,0.0,6,1,140.0,10.0,Player,TrainingAgent,Defensive,140.0
599,4,Player,Eevee ex,Evolution Burst,0,True,618.0,6,10,140.0,0.0,Opponent,TrainingAgent,Defensive,140.0
600,1,Player,Eevee ex,Evolution Burst,0,True,633.0,6,17,200.0,10.0,Opponent,TrainingAgent,Random,170.0
600,2,Opponent,Electrike,Thunder Jolt,1,False,0.0,6,1,170.0,10.0,Player,TrainingAgent,Random,170.0
600,3,Player,Eevee ex,Evolution Burst,0,True,633.0,6,10,170.0,0.0,Opponent,TrainingAgent,Random,170.0
601,1,Opponent,Electrike,Thunder Jolt,1,False,30.0,6,1,170.0,70.0,Player,TrainingAgent,Greedy,140.0
601,2,Player,Eevee ex,Evolution Burst,0,True,618.0,6,17,170.0,10.0,Opponent,TrainingAgent,Greedy,140.0
601,3,Opponent,Electrike,Thunder Jolt,1,False,30.0,6,1,140.0,10.0,Player,TrainingAgent,Greedy,140.0
601,4,Player,Eevee ex,Evolution Burst,0,True,618.0,6,10,140.0,0.0,Opponent,TrainingAgent,Greedy,140.0
602,1,Player,Eevee ex,Evolution Burst,0,True,633.0,6,17,200.0,10.0,Opponent,TrainingAgent,Heuristic,170.0
602,2,Opponent,Electrike,Thunder Jolt,1,False,30.0,6,1,170.0,10.0,Player,TrainingAgent,Heuristic,170.0
602,3,Player,Eevee ex,Evolution Burst,0,True,633.0,6,10,170.0,0.0,Opponent,TrainingAgent,Heuristic,170.0
603,1,Opponent,Electrike,Thunder Jolt,1,False,30.0,6,1,170.0,70.0,Player,TrainingAgent,Search,140.0
603,2,Player,Eevee ex,Evolution Burst,0,True,618.0,6,17,170.0,10.0,Opponent,TrainingAgent,Search,140.0
603,3,Opponent,Electrike,Thunder Jolt,1,False,30.0,6,1,140.0,10.0,Player,TrainingAgent,Search,140.0
603,4,Player,Eevee ex,Evolution Burst,0,True,618.0,6,10,140.0,0.0,Opponent,TrainingAgent,Search,140.0
604,1,Player,Eevee ex,Evolution Burst,0,True,633.0,6,17,200.0,10.0,Opponent,TrainingAgent,Aggressive,170.0
604,2,Opponent,Electrike,Thunder Jolt,1,False,45.0,6,1,170.0,10.0,Player,TrainingAgent,Aggressive,170.0
604,3,Player,Eevee ex,Evolution Burst,0,True,633.0,6,10,170.0,0.0,Opponent,TrainingAgent,Aggressive,170.0
605,1,Opponent,Electrike,Thunder Jolt,1,False,0.0,6,1,170.0,70.0,Player,TrainingAgent,Defensive,140.0
605,2,Player,Eevee ex,Evolution Burst,0,True,618.0,6,17,170.0,10.0,Opponent,TrainingAgent,Defensive,140.0
605,3,Opponent,Electrike,Thunder Jolt,1,False,0.0,6,1,140.0,10.0,Player,TrainingAgent,Defensive,140.0
605,4,Player,Eevee ex,Evolution Burst,0,True,618.0,6,10,140.0,0.0,Opponent,TrainingAgent,Defensive,140.0
606,1,Player,Eevee ex,Evolution Burst,0,True,633.0,6,17,200.0,10.0,Opponent,TrainingAgent,Random,170.0
606,2,Opponent,Electrike,Thunder Jolt,1,False,0.0,6,1,170.0,10.0,Player,TrainingAgent,Random,170.0
606,3,Player,Eevee ex,Evolution Burst,0,True,633.0,6,10,170.0,0.0,Opponent,TrainingAgent,Random,170.0
607,1,Opponent,Electrike,Thunder Jolt,1,False,30.0,6,1,170.0,70.0,Player,TrainingAgent,Greedy,140.0
607,2,Player,Eevee ex,Evolution Burst,0,True,618.0,6,17,170.0,10.0,Opponent,TrainingAgent,Greedy,140.0
607,3,Opponent,Electrike,Thunder Jolt,1,False,30.0,6,1,140.0,10.0,Player,TrainingAgent,Greedy,140.0
607,4,Player,Eevee ex,Evolution Burst,0,True,618.0,6,10,140.0,0.0,Opponent,TrainingAgent,Greedy,140.0
608,1,Player,Eevee ex,Evolution Burst,0,True,633.0,6,17,200.0,10.0,Opponent,TrainingAgent,Heuristic,170.0
608,2,Opponent,Electrike,Thunder Jolt,1,False,30.0,6,1,170.0,10.0,Player,TrainingAgent,Heuristic,170.0
608,3,Player,Eevee ex,Evolution Burst,0,True,633.0,6,10,170.0,0.0,Opponent,TrainingAgent,Heuristic,170.0
609,1,Opponent,Electrike,Thunder Jolt,1,False,30.0,6,1,170.0,70.0,Player,TrainingAgent,Search,140.0
609,2,Player,Eevee ex,Evolution Burst,0,True,618.0,6,17,170.0,10.0,Opponent,TrainingAgent,Search,140.0
609,3,Opponent,Electrike,Thunder Jolt,1,False,30.0,6,1,140.0,10.0,Player,TrainingAgent,Search,140.0
609,4,Player,Eevee ex,Evolution Burst,0,True,618.0,6,10,140.0,0.0,Opponent,TrainingAgent,Search,140.0
610,1,Player,Eevee ex,Evolution Burst,0,True,633.0,6,17,200.0,10.0,Opponent,TrainingAgent,Aggressive,170.0
610,2,Opponent,Electrike,Thunder Jolt,1,False,45.0,6,1,170.0,10.0,Player,TrainingAgent,Aggressive,170.0
610,3,Player,Eevee ex,Evolution Burst,0,True,633.0,6,10,170.0,0.0,Opponent,TrainingAgent,Aggressive,170.0
611,1,Opponent,Electrike,Thunder Jolt,1,False,0.0,6,1,170.0,70.0,Player,TrainingAgent,Defensive,140.0
611,2,Player,Eevee ex,Evolution Burst,0,True,618.0,6,17,170.0,10.0,Opponent,TrainingAgent,Defensive,140.0
611,3,Opponent,Electrike,Thunder Jolt,1,False,0.0,6,1,140.0,10.0,Player,TrainingAgent,Defensive,140.0
611,4,Player,Eevee ex,Evolution Burst,0,True,618.0,6,10,140.0,0.0,Opponent,TrainingAgent,Defensive,140.0
612,1,Player,Eevee ex,Evolution Burst,0,True,633.0,6,17,200.0,10.0,Opponent,TrainingAgent,Random,170.0
612,2,Opponent,Electrike,Thunder Jolt,1,False,0.0,6,1,170.0,10.0,Player,TrainingAgent,Random,170.0
612,3,Player,Eevee ex,Evolution Burst,0,True,633.0,6,10,170.0,0.0,Opponent,TrainingAgent,Random,170.0
613,1,Opponent,Electrike,Thunder Jolt,1,False,30.0,6,1,170.0,70.0,Player,TrainingAgent,Greedy,140.0
613,2,Player,Eevee ex,Evolution Burst,0,True,618.0,6,17,170.0,10.0,Opponent,TrainingAgent,Greedy,140.0
613,3,Opponent,Electrike,Thunder Jolt,1,False,30.0,6,1,140.0,10.0,Player,TrainingAgent,Greedy,140.0
613,4,Player,Eevee ex,Evolution Burst,0,True,618.0,6,10,140.0,0.0,Opponent,TrainingAgent,Greedy,140.0
614,1,Player,Eevee ex,Evolution Burst,0,True,633.0,6,17,200.0,10.0,Opponent,TrainingAgent,Heuristic,170.0
614,2,Opponent,Electrike,Thunder Jolt,1,False,30.0,6,1,170.0,10.0,Player,TrainingAgent,Heuristic,170.0
614,3,Player,Eevee ex,Evolution Burst,0,True,633.0,6,10,170.0,0.0,Opponent,TrainingAgent,Heuristic,170.0
615,1,Opponent,Electrike,Thunder Jolt,1,False,30.0,6,1,170.0,70.0,Player,TrainingAgent,Search,140.0
615,2,Player,Eevee ex,Evolution Burst,0,True,618.0,6,17,170.0,10.0,Opponent,TrainingAgent,Search,140.0
615,3,Opponent,Electrike,Thunder Jolt,1,False,30.0,6,1,140.0,10.0,Player,TrainingAgent,Search,140.0
615,4,Player,Eevee ex,Evolution Burst,0,True,618.0,6,10,140.0,0.0,Opponent,TrainingAgent,Search,140.0
616,1,Player,Eevee ex,Evolution Burst,0,True,633.0,6,17,200.0,10.0,Opponent,TrainingAgent,Aggressive,170.0
616,2,Opponent,Electrike,Thunder Jolt,1,False,45.0,6,1,170.0,10.0,Player,TrainingAgent,Aggressive,170.0
616,3,Player,Eevee ex,Evolution Burst,0,True,633.0,6,10,170.0,0.0,Opponent,TrainingAgent,Aggressive,170.0
617,1,Opponent,Electrike,Thunder Jolt,1,False,0.0,6,1,170.0,70.0,Player,TrainingAgent,Defensive,140.0
617,2,Player,Eevee ex,Evolution Burst,0,True,618.0,6,17,170.0,10.0,Opponent,TrainingAgent,Defensive,140.0
617,3,Opponent,Electrike,Thunder Jolt,1,False,0.0,6,1,140.0,10.0,Player,TrainingAgent,Defensive,140.0
617,4,Player,Eevee ex,Evolution Burst,0,True,618.0,6,10,140.0,0.0,Opponent,TrainingAgent,Defensive,140.0
618,1,Player,Eevee ex,Evolution Burst,0,True,633.0,6,17,200.0,10.0,Opponent,TrainingAgent,Random,170.0
618,2,Opponent,Electrike,Thunder Jolt,1,False,0.0,6,1,170.0,10.0,Player,TrainingAgent,Random,170.0
618,3,Player,Eevee ex,Evolution Burst,0,True,633.0,6,10,170.0,0.0,Opponent,TrainingAgent,Random,170.0
619,1,Opponent,Electrike,Thunder Jolt,1,False,30.0,6,1,170.0,70.0,Player,TrainingAgent,Greedy,140.0
619,2,Player,Eevee ex,Evolution Burst,0,True,618.0,6,17,170.0,10.0,Opponent,TrainingAgent,Greedy,140.0
619,3,Opponent,Electrike,Thunder Jolt,1,False,30.0,6,1,140.0,10.0,Player,TrainingAgent,Greedy,140.0
619,4,Player,Eevee ex,Evolution Burst,0,True,618.0,6,10,140.0,0.0,Opponent,TrainingAgent,Greedy,140.0
620,1,Player,Eevee ex,Evolution Burst,0,True,633.0,6,17,200.0,10.0,Opponent,TrainingAgent,Heuristic,170.0
620,2,Opponent,Electrike,Thunder Jolt,1,False,30.0,6,1,170.0,10.0,Player,TrainingAgent,Heuristic,170.0
620,3,Player,Eevee ex,Evolution Burst,0,True,633.0,6,10,170.0,0.0,Opponent,TrainingAgent,Heuristic,170.0
621,1,Opponent,Electrike,Thunder Jolt,1,False,30.0,6,1,170.0,70.0,Player,TrainingAgent,Search,140.0
621,2,Player,Eevee ex,Evolution Burst,0,True,618.0,6,17,170.0,10.0,Opponent,TrainingAgent,Search,140.0
621,3,Opponent,Electrike,Thunder Jolt,1,False,30.0,6,1,140.0,10.0,Player,TrainingAgent,Search,140.0
621,4,Player,Eevee ex,Evolution Burst,0,True,618.0,6,10,140.0,0.0,Opponent,TrainingAgent,Search,140.0
622,1,Player,Eevee ex,Evolution Burst,0,True,633.0,6,17,200.0,10.0,Opponent,TrainingAgent,Aggressive,170.0
622,2,Opponent,Electrike,Thunder Jolt,1,False,45.0,6,1,170.0,10.0,Player,TrainingAgent,Aggressive,170.0
622,3,Player,Eevee ex,Evolution Burst,0,True,633.0,6,10,170.0,0.0,Opponent,TrainingAgent,Aggressive,170.0
623,1,Opponent,Electrike,Thunder Jolt,1,False,0.0,6,1,170.0,70.0,Player,TrainingAgent,Defensive,140.0
623,2,Player,Eevee ex,Evolution Burst,0,True,618.0,6,17,170.0,10.0,Opponent,TrainingAgent,Defensive,140.0
623,3,Opponent,Electrike,Thunder Jolt,1,False,0.0,6,1,140.0,10.0,Player,TrainingAgent,Defensive,140.0
623,4,Player,Eevee ex,Evolution Burst,0,True,618.0,6,10,140.0,0.0,Opponent,TrainingAgent,Defensive,140.0
624,1,Player,Eevee ex,Evolution Burst,0,True,633.0,6,17,200.0,10.0,Opponent,TrainingAgent,Random,170.0
624,2,Opponent,Electrike,Thunder Jolt,1,False,0.0,6,1,170.0,10.0,Player,TrainingAgent,Random,170.0
624,3,Player,Eevee ex,Evolution Burst,0,True,633.0,6,10,170.0,0.0,Opponent,TrainingAgent,Random,170.0
625,1,Opponent,Electrike,Thunder Jolt,1,False,30.0,6,1,170.0,70.0,Player,TrainingAgent,Greedy,140.0
625,2,Player,Eevee ex,Evolution Burst,0,True,618.0,6,17,170.0,10.0,Opponent,TrainingAgent,Greedy,140.0
625,3,Opponent,Electrike,Thunder Jolt,1,False,30.0,6,1,140.0,10.0,Player,TrainingAgent,Greedy,140.0
625,4,Player,Eevee ex,Evolution Burst,0,True,618.0,6,10,140.0,0.0,Opponent,TrainingAgent,Greedy,140.0
626,1,Player,Eevee ex,Evolution Burst,0,True,633.0,6,17,200.0,10.0,Opponent,TrainingAgent,Heuristic,170.0
626,2,Opponent,Electrike,Thunder Jolt,1,False,30.0,6,1,170.0,10.0,Player,TrainingAgent,Heuristic,170.0
626,3,Player,Eevee ex,Evolution Burst,0,True,633.0,6,10,170.0,0.0,Opponent,TrainingAgent,Heuristic,170.0
627,1,Opponent,Electrike,Thunder Jolt,1,False,30.0,6,1,170.0,70.0,Player,TrainingAgent,Search,140.0
627,2,Player,Eevee ex,Evolution Burst,0,True,618.0,6,17,170.0,10.0,Opponent,TrainingAgent,Search,140.0
627,3,Opponent,Electrike,Thunder Jolt,1,False,30.0,6,1,140.0,10.0,Player,TrainingAgent,Search,140.0
627,4,Player,Eevee ex,Evolution Burst,0,True,618.0,6,10,140.0,0.0,Opponent,TrainingAgent,Search,140.0
628,1,Player,Eevee ex,Evolution Burst,0,True,633.0,6,17,200.0,10.0,Opponent,TrainingAgent,Aggressive,170.0
628,2,Opponent,Electrike,Thunder Jolt,1,False,45.0,6,1,170.0,10.0,Player,TrainingAgent,Aggressive,170.0
628,3,Player,Eevee ex,Evolution Burst,0,True,633.0,6,10,170.0,0.0,Opponent,TrainingAgent,Aggressive,170.0
629,1,Opponent,Electrike,Thunder Jolt,1,False,0.0,6,1,170.0,70.0,Player,TrainingAgent,Defensive,140.0
629,2,Player,Eevee ex,Evolution Burst,0,True,618.0,6,17,170.0,10.0,Opponent,TrainingAgent,Defensive,140.0
629,3,Opponent,Electrike,Thunder Jolt,1,False,0.0,6,1,140.0,10.0,Player,TrainingAgent,Defensive,140.0
629,4,Player,Eevee ex,Evolution Burst,0,True,618.0,6,10,140.0,0.0,Opponent,TrainingAgent,Defensive,140.0
630,1,Player,Eevee ex,Evolution Burst,0,True,633.0,6,17,200.0,10.0,Opponent,TrainingAgent,Random,170.0
630,2,Opponent,Electrike,Thunder Jolt,1,False,0.0,6,1,170.0,10.0,Player,TrainingAgent,Random,170.0
630,3,Player,Eevee ex,Evolution Burst,0,True,633.0,6,10,170.0,0.0,Opponent,TrainingAgent,Random,170.0
631,1,Opponent,Electrike,Thunder Jolt,1,False,30.0,6,1,170.0,70.0,Player,TrainingAgent,Greedy,140.0
631,2,Player,Eevee ex,Evolution Burst,0,True,618.0,6,17,170.0,10.0,Opponent,TrainingAgent,Greedy,140.0
631,3,Opponent,Electrike,Thunder Jolt,1,False,30.0,6,1,140.0,10.0,Player,TrainingAgent,Greedy,140.0
631,4,Player,Eevee ex,Evolution Burst,0,True,618.0,6,10,140.0,0.0,Opponent,TrainingAgent,Greedy,140.0
632,1,Player,Eevee ex,Evolution Burst,0,True,633.0,6,17,200.0,10.0,Opponent,TrainingAgent,Heuristic,170.0
632,2,Opponent,Electrike,Thunder Jolt,1,False,30.0,6,1,170.0,10.0,Player,TrainingAgent,Heuristic,170.0
632,3,Player,Eevee ex,Evolution Burst,0,True,633.0,6,10,170.0,0.0,Opponent,TrainingAgent,Heuristic,170.0
633,1,Opponent,Electrike,Thunder Jolt,1,False,30.0,6,1,170.0,70.0,Player,TrainingAgent,Search,140.0
633,2,Player,Eevee ex,Evolution Burst,0,True,618.0,6,17,170.0,10.0,Opponent,TrainingAgent,Search,140.0
633,3,Opponent,Electrike,Thunder Jolt,1,False,30.0,6,1,140.0,10.0,Player,TrainingAgent,Search,140.0
633,4,Player,Eevee ex,Evolution Burst,0,True,618.0,6,10,140.0,0.0,Opponent,TrainingAgent,Search,140.0
634,1,Player,Eevee ex,Evolution Burst,0,True,633.0,6,17,200.0,10.0,Opponent,TrainingAgent,Aggressive,170.0
634,2,Opponent,Electrike,Thunder Jolt,1,False,45.0,6,1,170.0,10.0,Player,TrainingAgent,Aggressive,170.0
634,3,Player,Eevee ex,Evolution Burst,0,True,633.0,6,10,170.0,0.0,Opponent,TrainingAgent,Aggressive,170.0
635,1,Opponent,Electrike,Thunder Jolt,1,False,0.0,6,1,170.0,70.0,Player,TrainingAgent,Defensive,140.0
635,2,Player,Eevee ex,Evolution Burst,0,True,618.0,6,17,170.0,10.0,Opponent,TrainingAgent,Defensive,140.0
635,3,Opponent,Electrike,Thunder Jolt,1,False,0.0,6,1,140.0,10.0,Player,TrainingAgent,Defensive,140.0
635,4,Player,Eevee ex,Evolution Burst,0,True,618.0,6,10,140.0,0.0,Opponent,TrainingAgent,Defensive,140.0
636,1,Player,Eevee ex,Evolution Burst,0,True,633.0,6,17,200.0,10.0,Opponent,TrainingAgent,Random,170.0
636,2,Opponent,Electrike,Thunder Jolt,1,False,0.0,6,1,170.0,10.0,Player,TrainingAgent,Random,170.0
636,3,Player,Eevee ex,Evolution Burst,0,True,633.0,6,10,170.0,0.0,Opponent,TrainingAgent,Random,170.0
637,1,Opponent,Electrike,Thunder Jolt,1,False,30.0,6,1,170.0,70.0,Player,TrainingAgent,Greedy,140.0
637,2,Player,Eevee ex,Evolution Burst,0,True,618.0,6,17,170.0,10.0,Opponent,TrainingAgent,Greedy,140.0
637,3,Opponent,Electrike,Thunder Jolt,1,False,30.0,6,1,140.0,10.0,Player,TrainingAgent,Greedy,140.0
637,4,Player,Eevee ex,Evolution Burst,0,True,618.0,6,10,140.0,0.0,Opponent,TrainingAgent,Greedy,140.0
638,1,Player,Eevee ex,Evolution Burst,0,True,633.0,6,17,200.0,10.0,Opponent,TrainingAgent,Heuristic,170.0
638,2,Opponent,Electrike,Thunder Jolt,1,False,30.0,6,1,170.0,10.0,Player,TrainingAgent,Heuristic,170.0
638,3,Player,Eevee ex,Evolution Burst,0,True,633.0,6,10,170.0,0.0,Opponent,TrainingAgent,Heuristic,170.0
639,1,Opponent,Electrike,Thunder Jolt,1,False,30.0,6,1,170.0,70.0,Player,TrainingAgent,Search,140.0
639,2,Player,Eevee ex,Evolution Burst,0,True,618.0,6,17,170.0,10.0,Opponent,TrainingAgent,Search,140.0
639,3,Opponent,Electrike,Thunder Jolt,1,False,30.0,6,1,140.0,10.0,Player,TrainingAgent,Search,140.0
639,4,Player,Eevee ex,Evolution Burst,0,True,618.0,6,10,140.0,0.0,Opponent,TrainingAgent,Search,140.0
640,1,Player,Eevee ex,Evolution Burst,0,True,633.0,6,17,200.0,10.0,Opponent,TrainingAgent,Aggressive,170.0
640,2,Opponent,Electrike,Thunder Jolt,1,False,45.0,6,1,170.0,10.0,Player,TrainingAgent,Aggressive,170.0
640,3,Player,Eevee ex,Evolution Burst,0,True,633.0,6,10,170.0,0.0,Opponent,TrainingAgent,Aggressive,170.0
641,1,Opponent,Electrike,Thunder Jolt,1,False,0.0,6,1,170.0,70.0,Player,TrainingAgent,Defensive,140.0
641,2,Player,Eevee ex,Evolution Burst,0,True,618.0,6,17,170.0,10.0,Opponent,TrainingAgent,Defensive,140.0
641,3,Opponent,Electrike,Thunder Jolt,1,False,0.0,6,1,140.0,10.0,Player,TrainingAgent,Defensive,140.0
641,4,Player,Eevee ex,Evolution Burst,0,True,618.0,6,10,140.0,0.0,Opponent,TrainingAgent,Defensive,140.0
642,1,Player,Eevee ex,Evolution Burst,0,True,633.0,6,17,200.0,10.0,Opponent,TrainingAgent,Random,170.0
642,2,Opponent,Electrike,Thunder Jolt,1,False,0.0,6,1,170.0,10.0,Player,TrainingAgent,Random,170.0
642,3,Player,Eevee ex,Evolution Burst,0,True,633.0,6,10,170.0,0.0,Opponent,TrainingAgent,Random,170.0
643,1,Opponent,Electrike,Thunder Jolt,1,False,30.0,6,1,170.0,70.0,Player,TrainingAgent,Greedy,140.0
643,2,Player,Eevee ex,Evolution Burst,0,True,618.0,6,17,170.0,10.0,Opponent,TrainingAgent,Greedy,140.0
643,3,Opponent,Electrike,Thunder Jolt,1,False,30.0,6,1,140.0,10.0,Player,TrainingAgent,Greedy,140.0
643,4,Player,Eevee ex,Evolution Burst,0,True,618.0,6,10,140.0,0.0,Opponent,TrainingAgent,Greedy,140.0
644,1,Player,Eevee ex,Evolution Burst,0,True,633.0,6,17,200.0,10.0,Opponent,TrainingAgent,Heuristic,170.0
644,2,Opponent,Electrike,Thunder Jolt,1,False,30.0,6,1,170.0,10.0,Player,TrainingAgent,Heuristic,170.0
644,3,Player,Eevee ex,Evolution Burst,0,True,633.0,6,10,170.0,0.0,Opponent,TrainingAgent,Heuristic,170.0
645,1,Opponent,Electrike,Thunder Jolt,1,False,30.0,6,1,170.0,70.0,Player,TrainingAgent,Search,140.0
645,2,Player,Eevee ex,Evolution Burst,0,True,618.0,6,17,170.0,10.0,Opponent,TrainingAgent,Search,140.0
645,3,Opponent,Electrike,Thunder Jolt,1,False,30.0,6,1,140.0,10.0,Player,TrainingAgent,Search,140.0
645,4,Player,Eevee ex,Evolution Burst,0,True,618.0,6,10,140.0,0.0,Opponent,TrainingAgent,Search,140.0
646,1,Player,Eevee ex,Evolution Burst,0,True,633.0,6,17,200.0,10.0,Opponent,TrainingAgent,Aggressive,170.0
646,2,Opponent,Electrike,Thunder Jolt,1,False,45.0,6,1,170.0,10.0,Player,TrainingAgent,Aggressive,170.0
646,3,Player,Eevee ex,Evolution Burst,0,True,633.0,6,10,170.0,0.0,Opponent,TrainingAgent,Aggressive,170.0
647,1,Opponent,Electrike,Thunder Jolt,1,False,0.0,6,1,170.0,70.0,Player,TrainingAgent,Defensive,140.0
647,2,Player,Eevee ex,Evolution Burst,0,True,618.0,6,17,170.0,10.0,Opponent,TrainingAgent,Defensive,140.0
647,3,Opponent,Electrike,Thunder Jolt,1,False,0.0,6,1,140.0,10.0,Player,TrainingAgent,Defensive,140.0
647,4,Player,Eevee ex,Evolution Burst,0,True,618.0,6,10,140.0,0.0,Opponent,TrainingAgent,Defensive,140.0
648,1,Player,Eevee ex,Evolution Burst,0,True,633.0,6,17,200.0,10.0,Opponent,TrainingAgent,Random,170.0
648,2,Opponent,Electrike,Thunder Jolt,1,False,0.0,6,1,170.0,10.0,Player,TrainingAgent,Random,170.0
648,3,Player,Eevee ex,Evolution Burst,0,True,633.0,6,10,170.0,0.0,Opponent,TrainingAgent,Random,170.0
649,1,Opponent,Electrike,Thunder Jolt,1,False,30.0,6,1,170.0,70.0,Player,TrainingAgent,Greedy,140.0
649,2,Player,Eevee ex,Evolution Burst,0,True,618.0,6,17,170.0,10.0,Opponent,TrainingAgent,Greedy,140.0
649,3,Opponent,Electrike,Thunder Jolt,1,False,30.0,6,1,140.0,10.0,Player,TrainingAgent,Greedy,140.0
649,4,Player,Eevee ex,Evolution Burst,0,True,618.0,6,10,140.0,0.0,Opponent,TrainingAgent,Greedy,140.0
650,1,Player,Eevee ex,Evolution Burst,0,True,633.0,6,17,200.0,10.0,Opponent,TrainingAgent,Heuristic,170.0
650,2,Opponent,Electrike,Thunder Jolt,1,False,30.0,6,1,170.0,10.0,Player,TrainingAgent,Heuristic,170.0
650,3,Player,Eevee ex,Evolution Burst,0,True,633.0,6,10,170.0,0.0,Opponent,TrainingAgent,Heuristic,170.0
651,1,Opponent,Electrike,Thunder Jolt,1,False,30.0,6,1,170.0,70.0,Player,TrainingAgent,Search,140.0
651,2,Player,Eevee ex,Evolution Burst,0,True,618.0,6,17,170.0,10.0,Opponent,TrainingAgent,Search,140.0
651,3,Opponent,Electrike,Thunder Jolt,1,False,30.0,6,1,140.0,10.0,Player,TrainingAgent,Search,140.0
651,4,Player,Eevee ex,Evolution Burst,0,True,618.0,6,10,140.0,0.0,Opponent,TrainingAgent,Search,140.0
652,1,Player,Eevee ex,Evolution Burst,0,True,633.0,6,17,200.0,10.0,Opponent,TrainingAgent,Aggressive,170.0
652,2,Opponent,Electrike,Thunder Jolt,1,False,45.0,6,1,170.0,10.0,Player,TrainingAgent,Aggressive,170.0
652,3,Player,Eevee ex,Evolution Burst,0,True,633.0,6,10,170.0,0.0,Opponent,TrainingAgent,Aggressive,170.0
653,1,Opponent,Electrike,Thunder Jolt,1,False,0.0,6,1,170.0,70.0,Player,TrainingAgent,Defensive,140.0
653,2,Player,Eevee ex,Evolution Burst,0,True,618.0,6,17,170.0,10.0,Opponent,TrainingAgent,Defensive,140.0
653,3,Opponent,Electrike,Thunder Jolt,1,False,0.0,6,1,140.0,10.0,Player,TrainingAgent,Defensive,140.0
653,4,Player,Eevee ex,Evolution Burst,0,True,618.0,6,10,140.0,0.0,Opponent,TrainingAgent,Defensive,140.0
654,1,Player,Eevee ex,Evolution Burst,0,True,633.0,6,17,200.0,10.0,Opponent,TrainingAgent,Random,170.0
654,2,Opponent,Electrike,Thunder Jolt,1,False,0.0,6,1,170.0,10.0,Player,TrainingAgent,Random,170.0
654,3,Player,Eevee ex,Evolution Burst,0,True,633.0,6,10,170.0,0.0,Opponent,TrainingAgent,Random,170.0
655,1,Opponent,Electrike,Thunder Jolt,1,False,30.0,6,1,170.0,70.0,Player,TrainingAgent,Greedy,140.0
655,2,Player,Eevee ex,Evolution Burst,0,True,618.0,6,17,170.0,10.0,Opponent,TrainingAgent,Greedy,140.0
655,3,Opponent,Electrike,Thunder Jolt,1,False,30.0,6,1,140.0,10.0,Player,TrainingAgent,Greedy,140.0
655,4,Player,Eevee ex,Evolution Burst,0,True,618.0,6,10,140.0,0.0,Opponent,TrainingAgent,Greedy,140.0
656,1,Player,Eevee ex,Evolution Burst,0,True,633.0,6,17,200.0,10.0,Opponent,TrainingAgent,Heuristic,170.0
656,2,Opponent,Electrike,Thunder Jolt,1,False,30.0,6,1,170.0,10.0,Player,TrainingAgent,Heuristic,170.0
656,3,Player,Eevee ex,Evolution Burst,0,True,633.0,6,10,170.0,0.0,Opponent,TrainingAgent,Heuristic,170.0
657,1,Opponent,Electrike,Thunder Jolt,1,False,30.0,6,1,170.0,70.0,Player,TrainingAgent,Search,140.0
657,2,Player,Eevee ex,Evolution Burst,0,True,618.0,6,17,170.0,10.0,Opponent,TrainingAgent,Search,140.0
657,3,Opponent,Electrike,Thunder Jolt,1,False,30.0,6,1,140.0,10.0,Player,TrainingAgent,Search,140.0
657,4,Player,Eevee ex,Evolution Burst,0,True,618.0,6,10,140.0,0.0,Opponent,TrainingAgent,Search,140.0
658,1,Player,Eevee ex,Evolution Burst,0,True,633.0,6,17,200.0,10.0,Opponent,TrainingAgent,Aggressive,170.0
658,2,Opponent,Electrike,Thunder Jolt,1,False,45.0,6,1,170.0,10.0,Player,TrainingAgent,Aggressive,170.0
658,3,Player,Eevee ex,Evolution Burst,0,True,633.0,6,10,170.0,0.0,Opponent,TrainingAgent,Aggressive,170.0
659,1,Opponent,Electrike,Thunder Jolt,1,False,0.0,6,1,170.0,70.0,Player,TrainingAgent,Defensive,140.0
659,2,Player,Eevee ex,Evolution Burst,0,True,618.0,6,17,170.0,10.0,Opponent,TrainingAgent,Defensive,140.0
659,3,Opponent,Electrike,Thunder Jolt,1,False,0.0,6,1,140.0,10.0,Player,TrainingAgent,Defensive,140.0
659,4,Player,Eevee ex,Evolution Burst,0,True,618.0,6,10,140.0,0.0,Opponent,TrainingAgent,Defensive,140.0
660,1,Player,Eevee ex,Evolution Burst,0,True,633.0,6,17,200.0,10.0,Opponent,TrainingAgent,Random,170.0
660,2,Opponent,Electrike,Thunder Jolt,1,False,0.0,6,1,170.0,10.0,Player,TrainingAgent,Random,170.0
660,3,Player,Eevee ex,Evolution Burst,0,True,633.0,6,10,170.0,0.0,Opponent,TrainingAgent,Random,170.0
661,1,Opponent,Electrike,Thunder Jolt,1,False,30.0,6,1,170.0,70.0,Player,TrainingAgent,Greedy,140.0
661,2,Player,Eevee ex,Evolution Burst,0,True,618.0,6,17,170.0,10.0,Opponent,TrainingAgent,Greedy,140.0
661,3,Opponent,Electrike,Thunder Jolt,1,False,30.0,6,1,140.0,10.0,Player,TrainingAgent,Greedy,140.0
661,4,Player,Eevee ex,Evolution Burst,0,True,618.0,6,10,140.0,0.0,Opponent,TrainingAgent,Greedy,140.0
662,1,Player,Eevee ex,Evolution Burst,0,True,633.0,6,17,200.0,10.0,Opponent,TrainingAgent,Heuristic,170.0
662,2,Opponent,Electrike,Thunder Jolt,1,False,30.0,6,1,170.0,10.0,Player,TrainingAgent,Heuristic,170.0
662,3,Player,Eevee ex,Evolution Burst,0,True,633.0,6,10,170.0,0.0,Opponent,TrainingAgent,Heuristic,170.0
663,1,Opponent,Electrike,Thunder Jolt,1,False,30.0,6,1,170.0,70.0,Player,TrainingAgent,Search,140.0
663,2,Player,Eevee ex,Evolution Burst,0,True,618.0,6,17,170.0,10.0,Opponent,TrainingAgent,Search,140.0
663,3,Opponent,Electrike,Thunder Jolt,1,False,30.0,6,1,140.0,10.0,Player,TrainingAgent,Search,140.0
663,4,Player,Eevee ex,Evolution Burst,0,True,618.0,6,10,140.0,0.0,Opponent,TrainingAgent,Search,140.0
664,1,Player,Eevee ex,Evolution Burst,0,True,633.0,6,17,200.0,10.0,Opponent,TrainingAgent,Aggressive,170.0
664,2,Opponent,Electrike,Thunder Jolt,1,False,45.0,6,1,170.0,10.0,Player,TrainingAgent,Aggressive,170.0
664,3,Player,Eevee ex,Evolution Burst,0,True,633.0,6,10,170.0,0.0,Opponent,TrainingAgent,Aggressive,170.0
665,1,Opponent,Electrike,Thunder Jolt,1,False,0.0,6,1,170.0,70.0,Player,TrainingAgent,Defensive,140.0
665,2,Player,Eevee ex,Evolution Burst,0,True,618.0,6,17,170.0,10.0,Opponent,TrainingAgent,Defensive,140.0
665,3,Opponent,Electrike,Thunder Jolt,1,False,0.0,6,1,140.0,10.0,Player,TrainingAgent,Defensive,140.0
665,4,Player,Eevee ex,Evolution Burst,0,True,618.0,6,10,140.0,0.0,Opponent,TrainingAgent,Defensive,140.0
666,1,Player,Eevee ex,Evolution Burst,0,True,633.0,6,17,200.0,10.0,Opponent,TrainingAgent,Random,170.0
666,2,Opponent,Electrike,Thunder Jolt,1,False,0.0,6,1,170.0,10.0,Player,TrainingAgent,Random,170.0
666,3,Player,Eevee ex,Evolution Burst,0,True,633.0,6,10,170.0,0.0,Opponent,TrainingAgent,Random,170.0
667,1,Opponent,Electrike,Thunder Jolt,1,False,30.0,6,1,170.0,70.0,Player,TrainingAgent,Greedy,140.0
667,2,Player,Eevee ex,Evolution Burst,0,True,618.0,6,17,170.0,10.0,Opponent,TrainingAgent,Greedy,140.0
667,3,Opponent,Electrike,Thunder Jolt,1,False,30.0,6,1,140.0,10.0,Player,TrainingAgent,Greedy,140.0
667,4,Player,Eevee ex,Evolution Burst,0,True,618.0,6,10,140.0,0.0,Opponent,TrainingAgent,Greedy,140.0
668,1,Player,Eevee ex,Evolution Burst,0,True,633.0,6,17,200.0,10.0,Opponent,TrainingAgent,Heuristic,170.0
668,2,Opponent,Electrike,Thunder Jolt,1,False,30.0,6,1,170.0,10.0,Player,TrainingAgent,Heuristic,170.0
668,3,Player,Eevee ex,Evolution Burst,0,True,633.0,6,10,170.0,0.0,Opponent,TrainingAgent,Heuristic,170.0
669,1,Opponent,Electrike,Thunder Jolt,1,False,30.0,6,1,170.0,70.0,Player,TrainingAgent,Search,140.0
669,2,Player,Eevee ex,Evolution Burst,0,True,618.0,6,17,170.0,10.0,Opponent,TrainingAgent,Search,140.0
669,3,Opponent,Electrike,Thunder Jolt,1,False,30.0,6,1,140.0,10.0,Player,TrainingAgent,Search,140.0
669,4,Player,Eevee ex,Evolution Burst,0,True,618.0,6,10,140.0,0.0,Opponent,TrainingAgent,Search,140.0
670,1,Player,Eevee ex,Evolution Burst,0,True,633.0,6,17,200.0,10.0,Opponent,TrainingAgent,Aggressive,170.0
670,2,Opponent,Electrike,Thunder Jolt,1,False,45.0,6,1,170.0,10.0,Player,TrainingAgent,Aggressive,170.0
670,3,Player,Eevee ex,Evolution Burst,0,True,633.0,6,10,170.0,0.0,Opponent,TrainingAgent,Aggressive,170.0
671,1,Opponent,Electrike,Thunder Jolt,1,False,0.0,6,1,170.0,70.0,Player,TrainingAgent,Defensive,140.0
671,2,Player,Eevee ex,Evolution Burst,0,True,618.0,6,17,170.0,10.0,Opponent,TrainingAgent,Defensive,140.0
671,3,Opponent,Electrike,Thunder Jolt,1,False,0.0,6,1,140.0,10.0,Player,TrainingAgent,Defensive,140.0
671,4,Player,Eevee ex,Evolution Burst,0,True,618.0,6,10,140.0,0.0,Opponent,TrainingAgent,Defensive,140.0
672,1,Player,Eevee ex,Evolution Burst,0,True,633.0,6,17,200.0,10.0,Opponent,TrainingAgent,Random,170.0
672,2,Opponent,Electrike,Thunder Jolt,1,False,0.0,6,1,170.0,10.0,Player,TrainingAgent,Random,170.0
672,3,Player,Eevee ex,Evolution Burst,0,True,633.0,6,10,170.0,0.0,Opponent,TrainingAgent,Random,170.0
673,1,Opponent,Electrike,Thunder Jolt,1,False,30.0,6,1,170.0,70.0,Player,TrainingAgent,Greedy,140.0
673,2,Player,Eevee ex,Evolution Burst,0,True,618.0,6,17,170.0,10.0,Opponent,TrainingAgent,Greedy,140.0
673,3,Opponent,Electrike,Thunder Jolt,1,False,30.0,6,1,140.0,10.0,Player,TrainingAgent,Greedy,140.0
673,4,Player,Eevee ex,Evolution Burst,0,True,618.0,6,10,140.0,0.0,Opponent,TrainingAgent,Greedy,140.0
674,1,Player,Eevee ex,Evolution Burst,0,True,633.0,6,17,200.0,10.0,Opponent,TrainingAgent,Heuristic,170.0
674,2,Opponent,Electrike,Thunder Jolt,1,False,30.0,6,1,170.0,10.0,Player,TrainingAgent,Heuristic,170.0
674,3,Player,Eevee ex,Evolution Burst,0,True,633.0,6,10,170.0,0.0,Opponent,TrainingAgent,Heuristic,170.0
675,1,Opponent,Electrike,Thunder Jolt,1,False,30.0,6,1,170.0,70.0,Player,TrainingAgent,Search,140.0
675,2,Player,Eevee ex,Evolution Burst,0,True,618.0,6,17,170.0,10.0,Opponent,TrainingAgent,Search,140.0
675,3,Opponent,Electrike,Thunder Jolt,1,False,30.0,6,1,140.0,10.0,Player,TrainingAgent,Search,140.0
675,4,Player,Eevee ex,Evolution Burst,0,True,618.0,6,10,140.0,0.0,Opponent,TrainingAgent,Search,140.0
676,1,Player,Eevee ex,Evolution Burst,0,True,633.0,6,17,200.0,10.0,Opponent,TrainingAgent,Aggressive,170.0
676,2,Opponent,Electrike,Thunder Jolt,1,False,45.0,6,1,170.0,10.0,Player,TrainingAgent,Aggressive,170.0
676,3,Player,Eevee ex,Evolution Burst,0,True,633.0,6,10,170.0,0.0,Opponent,TrainingAgent,Aggressive,170.0
677,1,Opponent,Electrike,Thunder Jolt,1,False,0.0,6,1,170.0,70.0,Player,TrainingAgent,Defensive,140.0
677,2,Player,Eevee ex,Evolution Burst,0,True,618.0,6,17,170.0,10.0,Opponent,TrainingAgent,Defensive,140.0
677,3,Opponent,Electrike,Thunder Jolt,1,False,0.0,6,1,140.0,10.0,Player,TrainingAgent,Defensive,140.0
677,4,Player,Eevee ex,Evolution Burst,0,True,618.0,6,10,140.0,0.0,Opponent,TrainingAgent,Defensive,140.0
678,1,Player,Eevee ex,Evolution Burst,0,True,633.0,6,17,200.0,10.0,Opponent,TrainingAgent,Random,170.0
678,2,Opponent,Electrike,Thunder Jolt,1,False,0.0,6,1,170.0,10.0,Player,TrainingAgent,Random,170.0
678,3,Player,Eevee ex,Evolution Burst,0,True,633.0,6,10,170.0,0.0,Opponent,TrainingAgent,Random,170.0
679,1,Opponent,Electrike,Thunder Jolt,1,False,30.0,6,1,170.0,70.0,Player,TrainingAgent,Greedy,140.0
679,2,Player,Eevee ex,Evolution Burst,0,True,618.0,6,17,170.0,10.0,Opponent,TrainingAgent,Greedy,140.0
679,3,Opponent,Electrike,Thunder Jolt,1,False,30.0,6,1,140.0,10.0,Player,TrainingAgent,Greedy,140.0
679,4,Player,Eevee ex,Evolution Burst,0,True,618.0,6,10,140.0,0.0,Opponent,TrainingAgent,Greedy,140.0
680,1,Player,Eevee ex,Evolution Burst,0,True,633.0,6,17,200.0,10.0,Opponent,TrainingAgent,Heuristic,170.0
680,2,Opponent,Electrike,Thunder Jolt,1,False,30.0,6,1,170.0,10.0,Player,TrainingAgent,Heuristic,170.0
680,3,Player,Eevee ex,Evolution Burst,0,True,633.0,6,10,170.0,0.0,Opponent,TrainingAgent,Heuristic,170.0
681,1,Opponent,Electrike,Thunder Jolt,1,False,30.0,6,1,170.0,70.0,Player,TrainingAgent,Search,140.0
681,2,Player,Eevee ex,Evolution Burst,0,True,618.0,6,17,170.0,10.0,Opponent,TrainingAgent,Search,140.0
681,3,Opponent,Electrike,Thunder Jolt,1,False,30.0,6,1,140.0,10.0,Player,TrainingAgent,Search,140.0
681,4,Player,Eevee ex,Evolution Burst,0,True,618.0,6,10,140.0,0.0,Opponent,TrainingAgent,Search,140.0
682,1,Player,Eevee ex,Evolution Burst,0,True,633.0,6,17,200.0,10.0,Opponent,TrainingAgent,Aggressive,170.0
682,2,Opponent,Electrike,Thunder Jolt,1,False,45.0,6,1,170.0,10.0,Player,TrainingAgent,Aggressive,170.0
682,3,Player,Eevee ex,Evolution Burst,0,True,633.0,6,10,170.0,0.0,Opponent,TrainingAgent,Aggressive,170.0
683,1,Opponent,Electrike,Thunder Jolt,1,False,0.0,6,1,170.0,70.0,Player,TrainingAgent,Defensive,140.0
683,2,Player,Eevee ex,Evolution Burst,0,True,618.0,6,17,170.0,10.0,Opponent,TrainingAgent,Defensive,140.0
683,3,Opponent,Electrike,Thunder Jolt,1,False,0.0,6,1,140.0,10.0,Player,TrainingAgent,Defensive,140.0
683,4,Player,Eevee ex,Evolution Burst,0,True,618.0,6,10,140.0,0.0,Opponent,TrainingAgent,Defensive,140.0
684,1,Player,Eevee ex,Evolution Burst,0,True,633.0,6,17,200.0,10.0,Opponent,TrainingAgent,Random,170.0
684,2,Opponent,Electrike,Thunder Jolt,1,False,0.0,6,1,170.0,10.0,Player,TrainingAgent,Random,170.0
684,3,Player,Eevee ex,Evolution Burst,0,True,633.0,6,10,170.0,0.0,Opponent,TrainingAgent,Random,170.0
685,1,Opponent,Electrike,Thunder Jolt,1,False,30.0,6,1,170.0,70.0,Player,TrainingAgent,Greedy,140.0
685,2,Player,Eevee ex,Evolution Burst,0,True,618.0,6,17,170.0,10.0,Opponent,TrainingAgent,Greedy,140.0
685,3,Opponent,Electrike,Thunder Jolt,1,False,30.0,6,1,140.0,10.0,Player,TrainingAgent,Greedy,140.0
685,4,Player,Eevee ex,Evolution Burst,0,True,618.0,6,10,140.0,0.0,Opponent,TrainingAgent,Greedy,140.0
686,1,Player,Eevee ex,Evolution Burst,0,True,633.0,6,17,200.0,10.0,Opponent,TrainingAgent,Heuristic,170.0
686,2,Opponent,Electrike,Thunder Jolt,1,False,30.0,6,1,170.0,10.0,Player,TrainingAgent,Heuristic,170.0
686,3,Player,Eevee ex,Evolution Burst,0,True,633.0,6,10,170.0,0.0,Opponent,TrainingAgent,Heuristic,170.0
687,1,Opponent,Electrike,Thunder Jolt,1,False,30.0,6,1,170.0,70.0,Player,TrainingAgent,Search,140.0
687,2,Player,Eevee ex,Evolution Burst,0,True,618.0,6,17,170.0,10.0,Opponent,TrainingAgent,Search,140.0
687,3,Opponent,Electrike,Thunder Jolt,1,False,30.0,6,1,140.0,10.0,Player,TrainingAgent,Search,140.0
687,4,Player,Eevee ex,Evolution Burst,0,True,618.0,6,10,140.0,0.0,Opponent,TrainingAgent,Search,140.0
688,1,Player,Eevee ex,Evolution Burst,0,True,633.0,6,17,200.0,10.0,Opponent,TrainingAgent,Aggressive,170.0
688,2,Opponent,Electrike,Thunder Jolt,1,False,45.0,6,1,170.0,10.0,Player,TrainingAgent,Aggressive,170.0
688,3,Player,Eevee ex,Evolution Burst,0,True,633.0,6,10,170.0,0.0,Opponent,TrainingAgent,Aggressive,170.0
689,1,Opponent,Electrike,Thunder Jolt,1,False,0.0,6,1,170.0,70.0,Player,TrainingAgent,Defensive,140.0
689,2,Player,Eevee ex,Evolution Burst,0,True,618.0,6,17,170.0,10.0,Opponent,TrainingAgent,Defensive,140.0
689,3,Opponent,Electrike,Thunder Jolt,1,False,0.0,6,1,140.0,10.0,Player,TrainingAgent,Defensive,140.0
689,4,Player,Eevee ex,Evolution Burst,0,True,618.0,6,10,140.0,0.0,Opponent,TrainingAgent,Defensive,140.0
690,1,Player,Eevee ex,Evolution Burst,0,True,633.0,6,17,200.0,10.0,Opponent,TrainingAgent,Random,170.0
690,2,Opponent,Electrike,Thunder Jolt,1,False,0.0,6,1,170.0,10.0,Player,TrainingAgent,Random,170.0
690,3,Player,Eevee ex,Evolution Burst,0,True,633.0,6,10,170.0,0.0,Opponent,TrainingAgent,Random,170.0
691,1,Opponent,Electrike,Thunder Jolt,1,False,30.0,6,1,170.0,70.0,Player,TrainingAgent,Greedy,140.0
691,2,Player,Eevee ex,Evolution Burst,0,True,618.0,6,17,170.0,10.0,Opponent,TrainingAgent,Greedy,140.0
691,3,Opponent,Electrike,Thunder Jolt,1,False,30.0,6,1,140.0,10.0,Player,TrainingAgent,Greedy,140.0
691,4,Player,Eevee ex,Evolution Burst,0,True,618.0,6,10,140.0,0.0,Opponent,TrainingAgent,Greedy,140.0
692,1,Player,Eevee ex,Evolution Burst,0,True,633.0,6,17,200.0,10.0,Opponent,TrainingAgent,Heuristic,170.0
692,2,Opponent,Electrike,Thunder Jolt,1,False,30.0,6,1,170.0,10.0,Player,TrainingAgent,Heuristic,170.0
692,3,Player,Eevee ex,Evolution Burst,0,True,633.0,6,10,170.0,0.0,Opponent,TrainingAgent,Heuristic,170.0
693,1,Opponent,Electrike,Thunder Jolt,1,False,30.0,6,1,170.0,70.0,Player,TrainingAgent,Search,140.0
693,2,Player,Eevee ex,Evolution Burst,0,True,618.0,6,17,170.0,10.0,Opponent,TrainingAgent,Search,140.0
693,3,Opponent,Electrike,Thunder Jolt,1,False,30.0,6,1,140.0,10.0,Player,TrainingAgent,Search,140.0
693,4,Player,Eevee ex,Evolution Burst,0,True,618.0,6,10,140.0,0.0,Opponent,TrainingAgent,Search,140.0
694,1,Player,Eevee ex,Evolution Burst,0,True,633.0,6,17,200.0,10.0,Opponent,TrainingAgent,Aggressive,170.0
694,2,Opponent,Electrike,Thunder Jolt,1,False,45.0,6,1,170.0,10.0,Player,TrainingAgent,Aggressive,170.0
694,3,Player,Eevee ex,Evolution Burst,0,True,633.0,6,10,170.0,0.0,Opponent,TrainingAgent,Aggressive,170.0
695,1,Opponent,Electrike,Thunder Jolt,1,False,0.0,6,1,170.0,70.0,Player,TrainingAgent,Defensive,140.0
695,2,Player,Eevee ex,Evolution Burst,0,True,618.0,6,17,170.0,10.0,Opponent,TrainingAgent,Defensive,140.0
695,3,Opponent,Electrike,Thunder Jolt,1,False,0.0,6,1,140.0,10.0,Player,TrainingAgent,Defensive,140.0
695,4,Player,Eevee ex,Evolution Burst,0,True,618.0,6,10,140.0,0.0,Opponent,TrainingAgent,Defensive,140.0
696,1,Player,Eevee ex,Evolution Burst,0,True,633.0,6,17,200.0,10.0,Opponent,TrainingAgent,Random,170.0
696,2,Opponent,Electrike,Thunder Jolt,1,False,0.0,6,1,170.0,10.0,Player,TrainingAgent,Random,170.0
696,3,Player,Eevee ex,Evolution Burst,0,True,633.0,6,10,170.0,0.0,Opponent,TrainingAgent,Random,170.0
697,1,Opponent,Electrike,Thunder Jolt,1,False,30.0,6,1,170.0,70.0,Player,TrainingAgent,Greedy,140.0
697,2,Player,Eevee ex,Evolution Burst,0,True,618.0,6,17,170.0,10.0,Opponent,TrainingAgent,Greedy,140.0
697,3,Opponent,Electrike,Thunder Jolt,1,False,30.0,6,1,140.0,10.0,Player,TrainingAgent,Greedy,140.0
697,4,Player,Eevee ex,Evolution Burst,0,True,618.0,6,10,140.0,0.0,Opponent,TrainingAgent,Greedy,140.0
698,1,Player,Eevee ex,Evolution Burst,0,True,633.0,6,17,200.0,10.0,Opponent,TrainingAgent,Heuristic,170.0
698,2,Opponent,Electrike,Thunder Jolt,1,False,30.0,6,1,170.0,10.0,Player,TrainingAgent,Heuristic,170.0
698,3,Player,Eevee ex,Evolution Burst,0,True,633.0,6,10,170.0,0.0,Opponent,TrainingAgent,Heuristic,170.0
699,1,Opponent,Electrike,Thunder Jolt,1,False,30.0,6,1,170.0,70.0,Player,TrainingAgent,Search,140.0
699,2,Player,Eevee ex,Evolution Burst,0,True,618.0,6,17,170.0,10.0,Opponent,TrainingAgent,Search,140.0
699,3,Opponent,Electrike,Thunder Jolt,1,False,30.0,6,1,140.0,10.0,Player,TrainingAgent,Search,140.0
699,4,Player,Eevee ex,Evolution Burst,0,True,618.0,6,10,140.0,0.0,Opponent,TrainingAgent,Search,140.0
700,1,Player,Eevee ex,Evolution Burst,0,True,633.0,6,17,200.0,10.0,Opponent,TrainingAgent,Aggressive,170.0
700,2,Opponent,Electrike,Thunder Jolt,1,False,45.0,6,1,170.0,10.0,Player,TrainingAgent,Aggressive,170.0
700,3,Player,Eevee ex,Evolution Burst,0,True,633.0,6,10,170.0,0.0,Opponent,TrainingAgent,Aggressive,170.0
701,1,Opponent,Electrike,Thunder Jolt,1,False,0.0,6,1,170.0,70.0,Player,TrainingAgent,Defensive,140.0
701,2,Player,Eevee ex,Evolution Burst,0,True,618.0,6,17,170.0,10.0,Opponent,TrainingAgent,Defensive,140.0
701,3,Opponent,Electrike,Thunder Jolt,1,False,0.0,6,1,140.0,10.0,Player,TrainingAgent,Defensive,140.0
701,4,Player,Eevee ex,Evolution Burst,0,True,618.0,6,10,140.0,0.0,Opponent,TrainingAgent,Defensive,140.0
702,1,Player,Eevee ex,Evolution Burst,0,True,633.0,6,17,200.0,10.0,Opponent,TrainingAgent,Random,170.0
702,2,Opponent,Electrike,Thunder Jolt,1,False,0.0,6,1,170.0,10.0,Player,TrainingAgent,Random,170.0
702,3,Player,Eevee ex,Evolution Burst,0,True,633.0,6,10,170.0,0.0,Opponent,TrainingAgent,Random,170.0
703,1,Opponent,Electrike,Thunder Jolt,1,False,30.0,6,1,170.0,70.0,Player,TrainingAgent,Greedy,140.0
703,2,Player,Eevee ex,Evolution Burst,0,True,618.0,6,17,170.0,10.0,Opponent,TrainingAgent,Greedy,140.0
703,3,Opponent,Electrike,Thunder Jolt,1,False,30.0,6,1,140.0,10.0,Player,TrainingAgent,Greedy,140.0
703,4,Player,Eevee ex,Evolution Burst,0,True,618.0,6,10,140.0,0.0,Opponent,TrainingAgent,Greedy,140.0
704,1,Player,Eevee ex,Evolution Burst,0,True,633.0,6,17,200.0,10.0,Opponent,TrainingAgent,Heuristic,170.0
704,2,Opponent,Electrike,Thunder Jolt,1,False,30.0,6,1,170.0,10.0,Player,TrainingAgent,Heuristic,170.0
704,3,Player,Eevee ex,Evolution Burst,0,True,633.0,6,10,170.0,0.0,Opponent,TrainingAgent,Heuristic,170.0
705,1,Opponent,Electrike,Thunder Jolt,1,False,30.0,6,1,170.0,70.0,Player,TrainingAgent,Search,140.0
705,2,Player,Eevee ex,Evolution Burst,0,True,618.0,6,17,170.0,10.0,Opponent,TrainingAgent,Search,140.0
705,3,Opponent,Electrike,Thunder Jolt,1,False,30.0,6,1,140.0,10.0,Player,TrainingAgent,Search,140.0
705,4,Player,Eevee ex,Evolution Burst,0,True,618.0,6,10,140.0,0.0,Opponent,TrainingAgent,Search,140.0
706,1,Player,Eevee ex,Evolution Burst,0,True,633.0,6,17,200.0,10.0,Opponent,TrainingAgent,Aggressive,170.0
706,2,Opponent,Electrike,Thunder Jolt,1,False,45.0,6,1,170.0,10.0,Player,TrainingAgent,Aggressive,170.0
706,3,Player,Eevee ex,Evolution Burst,0,True,633.0,6,10,170.0,0.0,Opponent,TrainingAgent,Aggressive,170.0
707,1,Opponent,Electrike,Thunder Jolt,1,False,0.0,6,1,170.0,70.0,Player,TrainingAgent,Defensive,140.0
707,2,Player,Eevee ex,Evolution Burst,0,True,618.0,6,17,170.0,10.0,Opponent,TrainingAgent,Defensive,140.0
707,3,Opponent,Electrike,Thunder Jolt,1,False,0.0,6,1,140.0,10.0,Player,TrainingAgent,Defensive,140.0
707,4,Player,Eevee ex,Evolution Burst,0,True,618.0,6,10,140.0,0.0,Opponent,TrainingAgent,Defensive,140.0
708,1,Player,Eevee ex,Evolution Burst,0,True,633.0,6,17,200.0,10.0,Opponent,TrainingAgent,Random,170.0
708,2,Opponent,Electrike,Thunder Jolt,1,False,0.0,6,1,170.0,10.0,Player,TrainingAgent,Random,170.0
708,3,Player,Eevee ex,Evolution Burst,0,True,633.0,6,10,170.0,0.0,Opponent,TrainingAgent,Random,170.0
709,1,Opponent,Electrike,Thunder Jolt,1,False,30.0,6,1,170.0,70.0,Player,TrainingAgent,Greedy,140.0
709,2,Player,Eevee ex,Evolution Burst,0,True,618.0,6,17,170.0,10.0,Opponent,TrainingAgent,Greedy,140.0
709,3,Opponent,Electrike,Thunder Jolt,1,False,30.0,6,1,140.0,10.0,Player,TrainingAgent,Greedy,140.0
709,4,Player,Eevee ex,Evolution Burst,0,True,618.0,6,10,140.0,0.0,Opponent,TrainingAgent,Greedy,140.0
710,1,Player,Eevee ex,Evolution Burst,0,True,633.0,6,17,200.0,10.0,Opponent,TrainingAgent,Heuristic,170.0
710,2,Opponent,Electrike,Thunder Jolt,1,False,30.0,6,1,170.0,10.0,Player,TrainingAgent,Heuristic,170.0
710,3,Player,Eevee ex,Evolution Burst,0,True,633.0,6,10,170.0,0.0,Opponent,TrainingAgent,Heuristic,170.0
711,1,Opponent,Electrike,Thunder Jolt,1,False,30.0,6,1,170.0,70.0,Player,TrainingAgent,Search,140.0
711,2,Player,Eevee ex,Evolution Burst,0,True,618.0,6,17,170.0,10.0,Opponent,TrainingAgent,Search,140.0
711,3,Opponent,Electrike,Thunder Jolt,1,False,30.0,6,1,140.0,10.0,Player,TrainingAgent,Search,140.0
711,4,Player,Eevee ex,Evolution Burst,0,True,618.0,6,10,140.0,0.0,Opponent,TrainingAgent,Search,140.0
712,1,Player,Eevee ex,Evolution Burst,0,True,633.0,6,17,200.0,10.0,Opponent,TrainingAgent,Aggressive,170.0
712,2,Opponent,Electrike,Thunder Jolt,1,False,45.0,6,1,170.0,10.0,Player,TrainingAgent,Aggressive,170.0
712,3,Player,Eevee ex,Evolution Burst,0,True,633.0,6,10,170.0,0.0,Opponent,TrainingAgent,Aggressive,170.0
713,1,Opponent,Electrike,Thunder Jolt,1,False,0.0,6,1,170.0,70.0,Player,TrainingAgent,Defensive,140.0
713,2,Player,Eevee ex,Evolution Burst,0,True,618.0,6,17,170.0,10.0,Opponent,TrainingAgent,Defensive,140.0
713,3,Opponent,Electrike,Thunder Jolt,1,False,0.0,6,1,140.0,10.0,Player,TrainingAgent,Defensive,140.0
713,4,Player,Eevee ex,Evolution Burst,0,True,618.0,6,10,140.0,0.0,Opponent,TrainingAgent,Defensive,140.0
714,1,Player,Eevee ex,Evolution Burst,0,True,633.0,6,17,200.0,10.0,Opponent,TrainingAgent,Random,170.0
714,2,Opponent,Electrike,Thunder Jolt,1,False,0.0,6,1,170.0,10.0,Player,TrainingAgent,Random,170.0
714,3,Player,Eevee ex,Evolution Burst,0,True,633.0,6,10,170.0,0.0,Opponent,TrainingAgent,Random,170.0
715,1,Opponent,Electrike,Thunder Jolt,1,False,30.0,6,1,170.0,70.0,Player,TrainingAgent,Greedy,140.0
715,2,Player,Eevee ex,Evolution Burst,0,True,618.0,6,17,170.0,10.0,Opponent,TrainingAgent,Greedy,140.0
715,3,Opponent,Electrike,Thunder Jolt,1,False,30.0,6,1,140.0,10.0,Player,TrainingAgent,Greedy,140.0
715,4,Player,Eevee ex,Evolution Burst,0,True,618.0,6,10,140.0,0.0,Opponent,TrainingAgent,Greedy,140.0
716,1,Player,Eevee ex,Evolution Burst,0,True,633.0,6,17,200.0,10.0,Opponent,TrainingAgent,Heuristic,170.0
716,2,Opponent,Electrike,Thunder Jolt,1,False,30.0,6,1,170.0,10.0,Player,TrainingAgent,Heuristic,170.0
716,3,Player,Eevee ex,Evolution Burst,0,True,633.0,6,10,170.0,0.0,Opponent,TrainingAgent,Heuristic,170.0
717,1,Opponent,Electrike,Thunder Jolt,1,False,30.0,6,1,170.0,70.0,Player,TrainingAgent,Search,140.0
717,2,Player,Eevee ex,Evolution Burst,0,True,618.0,6,17,170.0,10.0,Opponent,TrainingAgent,Search,140.0
717,3,Opponent,Electrike,Thunder Jolt,1,False,30.0,6,1,140.0,10.0,Player,TrainingAgent,Search,140.0
717,4,Player,Eevee ex,Evolution Burst,0,True,618.0,6,10,140.0,0.0,Opponent,TrainingAgent,Search,140.0
718,1,Player,Eevee ex,Evolution Burst,0,True,633.0,6,17,200.0,10.0,Opponent,TrainingAgent,Aggressive,170.0
718,2,Opponent,Electrike,Thunder Jolt,1,False,45.0,6,1,170.0,10.0,Player,TrainingAgent,Aggressive,170.0
718,3,Player,Eevee ex,Evolution Burst,0,True,633.0,6,10,170.0,0.0,Opponent,TrainingAgent,Aggressive,170.0
719,1,Opponent,Electrike,Thunder Jolt,1,False,0.0,6,1,170.0,70.0,Player,TrainingAgent,Defensive,140.0
719,2,Player,Eevee ex,Evolution Burst,0,True,618.0,6,17,170.0,10.0,Opponent,TrainingAgent,Defensive,140.0
719,3,Opponent,Electrike,Thunder Jolt,1,False,0.0,6,1,140.0,10.0,Player,TrainingAgent,Defensive,140.0
719,4,Player,Eevee ex,Evolution Burst,0,True,618.0,6,10,140.0,0.0,Opponent,TrainingAgent,Defensive,140.0
720,1,Player,Eevee ex,Evolution Burst,0,True,633.0,6,17,200.0,10.0,Opponent,TrainingAgent,Random,170.0
720,2,Opponent,Electrike,Thunder Jolt,1,False,0.0,6,1,170.0,10.0,Player,TrainingAgent,Random,170.0
720,3,Player,Eevee ex,Evolution Burst,0,True,633.0,6,10,170.0,0.0,Opponent,TrainingAgent,Random,170.0
721,1,Opponent,Electrike,Thunder Jolt,1,False,30.0,6,1,170.0,70.0,Player,TrainingAgent,Greedy,140.0
721,2,Player,Eevee ex,Evolution Burst,0,True,618.0,6,17,170.0,10.0,Opponent,TrainingAgent,Greedy,140.0
721,3,Opponent,Electrike,Thunder Jolt,1,False,30.0,6,1,140.0,10.0,Player,TrainingAgent,Greedy,140.0
721,4,Player,Eevee ex,Evolution Burst,0,True,618.0,6,10,140.0,0.0,Opponent,TrainingAgent,Greedy,140.0
722,1,Player,Eevee ex,Evolution Burst,0,True,633.0,6,17,200.0,10.0,Opponent,TrainingAgent,Heuristic,170.0
722,2,Opponent,Electrike,Thunder Jolt,1,False,30.0,6,1,170.0,10.0,Player,TrainingAgent,Heuristic,170.0
722,3,Player,Eevee ex,Evolution Burst,0,True,633.0,6,10,170.0,0.0,Opponent,TrainingAgent,Heuristic,170.0
723,1,Opponent,Electrike,Thunder Jolt,1,False,30.0,6,1,170.0,70.0,Player,TrainingAgent,Search,140.0
723,2,Player,Eevee ex,Evolution Burst,0,True,618.0,6,17,170.0,10.0,Opponent,TrainingAgent,Search,140.0
723,3,Opponent,Electrike,Thunder Jolt,1,False,30.0,6,1,140.0,10.0,Player,TrainingAgent,Search,140.0
723,4,Player,Eevee ex,Evolution Burst,0,True,618.0,6,10,140.0,0.0,Opponent,TrainingAgent,Search,140.0
724,1,Player,Eevee ex,Evolution Burst,0,True,633.0,6,17,200.0,10.0,Opponent,TrainingAgent,Aggressive,170.0
724,2,Opponent,Electrike,Thunder Jolt,1,False,45.0,6,1,170.0,10.0,Player,TrainingAgent,Aggressive,170.0
724,3,Player,Eevee ex,Evolution Burst,0,True,633.0,6,10,170.0,0.0,Opponent,TrainingAgent,Aggressive,170.0
725,1,Opponent,Electrike,Thunder Jolt,1,False,0.0,6,1,170.0,70.0,Player,TrainingAgent,Defensive,140.0
725,2,Player,Eevee ex,Evolution Burst,0,True,618.0,6,17,170.0,10.0,Opponent,TrainingAgent,Defensive,140.0
725,3,Opponent,Electrike,Thunder Jolt,1,False,0.0,6,1,140.0,10.0,Player,TrainingAgent,Defensive,140.0
725,4,Player,Eevee ex,Evolution Burst,0,True,618.0,6,10,140.0,0.0,Opponent,TrainingAgent,Defensive,140.0
726,1,Player,Eevee ex,Evolution Burst,0,True,633.0,6,17,200.0,10.0,Opponent,TrainingAgent,Random,170.0
726,2,Opponent,Electrike,Thunder Jolt,1,False,0.0,6,1,170.0,10.0,Player,TrainingAgent,Random,170.0
726,3,Player,Eevee ex,Evolution Burst,0,True,633.0,6,10,170.0,0.0,Opponent,TrainingAgent,Random,170.0
727,1,Opponent,Electrike,Thunder Jolt,1,False,30.0,6,1,170.0,70.0,Player,TrainingAgent,Greedy,140.0
727,2,Player,Eevee ex,Evolution Burst,0,True,618.0,6,17,170.0,10.0,Opponent,TrainingAgent,Greedy,140.0
727,3,Opponent,Electrike,Thunder Jolt,1,False,30.0,6,1,140.0,10.0,Player,TrainingAgent,Greedy,140.0
727,4,Player,Eevee ex,Evolution Burst,0,True,618.0,6,10,140.0,0.0,Opponent,TrainingAgent,Greedy,140.0
728,1,Player,Eevee ex,Evolution Burst,0,True,633.0,6,17,200.0,10.0,Opponent,TrainingAgent,Heuristic,170.0
728,2,Opponent,Electrike,Thunder Jolt,1,False,30.0,6,1,170.0,10.0,Player,TrainingAgent,Heuristic,170.0
728,3,Player,Eevee ex,Evolution Burst,0,True,633.0,6,10,170.0,0.0,Opponent,TrainingAgent,Heuristic,170.0
729,1,Opponent,Electrike,Thunder Jolt,1,False,30.0,6,1,170.0,70.0,Player,TrainingAgent,Search,140.0
729,2,Player,Eevee ex,Evolution Burst,0,True,618.0,6,17,170.0,10.0,Opponent,TrainingAgent,Search,140.0
729,3,Opponent,Electrike,Thunder Jolt,1,False,30.0,6,1,140.0,10.0,Player,TrainingAgent,Search,140.0
729,4,Player,Eevee ex,Evolution Burst,0,True,618.0,6,10,140.0,0.0,Opponent,TrainingAgent,Search,140.0
730,1,Player,Eevee ex,Evolution Burst,0,True,633.0,6,17,200.0,10.0,Opponent,TrainingAgent,Aggressive,170.0
730,2,Opponent,Electrike,Thunder Jolt,1,False,45.0,6,1,170.0,10.0,Player,TrainingAgent,Aggressive,170.0
730,3,Player,Eevee ex,Evolution Burst,0,True,633.0,6,10,170.0,0.0,Opponent,TrainingAgent,Aggressive,170.0
731,1,Opponent,Electrike,Thunder Jolt,1,False,0.0,6,1,170.0,70.0,Player,TrainingAgent,Defensive,140.0
731,2,Player,Eevee ex,Evolution Burst,0,True,618.0,6,17,170.0,10.0,Opponent,TrainingAgent,Defensive,140.0
731,3,Opponent,Electrike,Thunder Jolt,1,False,0.0,6,1,140.0,10.0,Player,TrainingAgent,Defensive,140.0
731,4,Player,Eevee ex,Evolution Burst,0,True,618.0,6,10,140.0,0.0,Opponent,TrainingAgent,Defensive,140.0
732,1,Player,Eevee ex,Evolution Burst,0,True,633.0,6,17,200.0,10.0,Opponent,TrainingAgent,Random,170.0
732,2,Opponent,Electrike,Thunder Jolt,1,False,0.0,6,1,170.0,10.0,Player,TrainingAgent,Random,170.0
732,3,Player,Eevee ex,Evolution Burst,0,True,633.0,6,10,170.0,0.0,Opponent,TrainingAgent,Random,170.0
733,1,Opponent,Electrike,Thunder Jolt,1,False,30.0,6,1,170.0,70.0,Player,TrainingAgent,Greedy,140.0
733,2,Player,Eevee ex,Evolution Burst,0,True,618.0,6,17,170.0,10.0,Opponent,TrainingAgent,Greedy,140.0
733,3,Opponent,Electrike,Thunder Jolt,1,False,30.0,6,1,140.0,10.0,Player,TrainingAgent,Greedy,140.0
733,4,Player,Eevee ex,Evolution Burst,0,True,618.0,6,10,140.0,0.0,Opponent,TrainingAgent,Greedy,140.0
734,1,Player,Eevee ex,Evolution Burst,0,True,633.0,6,17,200.0,10.0,Opponent,TrainingAgent,Heuristic,170.0
734,2,Opponent,Electrike,Thunder Jolt,1,False,30.0,6,1,170.0,10.0,Player,TrainingAgent,Heuristic,170.0
734,3,Player,Eevee ex,Evolution Burst,0,True,633.0,6,10,170.0,0.0,Opponent,TrainingAgent,Heuristic,170.0
735,1,Opponent,Electrike,Thunder Jolt,1,False,30.0,6,1,170.0,70.0,Player,TrainingAgent,Search,140.0
735,2,Player,Eevee ex,Evolution Burst,0,True,618.0,6,17,170.0,10.0,Opponent,TrainingAgent,Search,140.0
735,3,Opponent,Electrike,Thunder Jolt,1,False,30.0,6,1,140.0,10.0,Player,TrainingAgent,Search,140.0
735,4,Player,Eevee ex,Evolution Burst,0,True,618.0,6,10,140.0,0.0,Opponent,TrainingAgent,Search,140.0
736,1,Player,Eevee ex,Evolution Burst,0,True,633.0,6,17,200.0,10.0,Opponent,TrainingAgent,Aggressive,170.0
736,2,Opponent,Electrike,Thunder Jolt,1,False,45.0,6,1,170.0,10.0,Player,TrainingAgent,Aggressive,170.0
736,3,Player,Eevee ex,Evolution Burst,0,True,633.0,6,10,170.0,0.0,Opponent,TrainingAgent,Aggressive,170.0
737,1,Opponent,Electrike,Thunder Jolt,1,False,0.0,6,1,170.0,70.0,Player,TrainingAgent,Defensive,140.0
737,2,Player,Eevee ex,Evolution Burst,0,True,618.0,6,17,170.0,10.0,Opponent,TrainingAgent,Defensive,140.0
737,3,Opponent,Electrike,Thunder Jolt,1,False,0.0,6,1,140.0,10.0,Player,TrainingAgent,Defensive,140.0
737,4,Player,Eevee ex,Evolution Burst,0,True,618.0,6,10,140.0,0.0,Opponent,TrainingAgent,Defensive,140.0
738,1,Player,Eevee ex,Evolution Burst,0,True,633.0,6,17,200.0,10.0,Opponent,TrainingAgent,Random,170.0
738,2,Opponent,Electrike,Thunder Jolt,1,False,0.0,6,1,170.0,10.0,Player,TrainingAgent,Random,170.0
738,3,Player,Eevee ex,Evolution Burst,0,True,633.0,6,10,170.0,0.0,Opponent,TrainingAgent,Random,170.0
739,1,Opponent,Electrike,Thunder Jolt,1,False,30.0,6,1,170.0,70.0,Player,TrainingAgent,Greedy,140.0
739,2,Player,Eevee ex,Evolution Burst,0,True,618.0,6,17,170.0,10.0,Opponent,TrainingAgent,Greedy,140.0
739,3,Opponent,Electrike,Thunder Jolt,1,False,30.0,6,1,140.0,10.0,Player,TrainingAgent,Greedy,140.0
739,4,Player,Eevee ex,Evolution Burst,0,True,618.0,6,10,140.0,0.0,Opponent,TrainingAgent,Greedy,140.0
740,1,Player,Eevee ex,Evolution Burst,0,True,633.0,6,17,200.0,10.0,Opponent,TrainingAgent,Heuristic,170.0
740,2,Opponent,Electrike,Thunder Jolt,1,False,30.0,6,1,170.0,10.0,Player,TrainingAgent,Heuristic,170.0
740,3,Player,Eevee ex,Evolution Burst,0,True,633.0,6,10,170.0,0.0,Opponent,TrainingAgent,Heuristic,170.0
741,1,Opponent,Electrike,Thunder Jolt,1,False,30.0,6,1,170.0,70.0,Player,TrainingAgent,Search,140.0
741,2,Player,Eevee ex,Evolution Burst,0,True,618.0,6,17,170.0,10.0,Opponent,TrainingAgent,Search,140.0
741,3,Opponent,Electrike,Thunder Jolt,1,False,30.0,6,1,140.0,10.0,Player,TrainingAgent,Search,140.0
741,4,Player,Eevee ex,Evolution Burst,0,True,618.0,6,10,140.0,0.0,Opponent,TrainingAgent,Search,140.0
742,1,Player,Eevee ex,Evolution Burst,0,True,633.0,6,17,200.0,10.0,Opponent,TrainingAgent,Aggressive,170.0
742,2,Opponent,Electrike,Thunder Jolt,1,False,45.0,6,1,170.0,10.0,Player,TrainingAgent,Aggressive,170.0
742,3,Player,Eevee ex,Evolution Burst,0,True,633.0,6,10,170.0,0.0,Opponent,TrainingAgent,Aggressive,170.0
743,1,Opponent,Electrike,Thunder Jolt,1,False,0.0,6,1,170.0,70.0,Player,TrainingAgent,Defensive,140.0
743,2,Player,Eevee ex,Evolution Burst,0,True,618.0,6,17,170.0,10.0,Opponent,TrainingAgent,Defensive,140.0
743,3,Opponent,Electrike,Thunder Jolt,1,False,0.0,6,1,140.0,10.0,Player,TrainingAgent,Defensive,140.0
743,4,Player,Eevee ex,Evolution Burst,0,True,618.0,6,10,140.0,0.0,Opponent,TrainingAgent,Defensive,140.0
744,1,Player,Eevee ex,Evolution Burst,0,True,633.0,6,17,200.0,10.0,Opponent,TrainingAgent,Random,170.0
744,2,Opponent,Electrike,Thunder Jolt,1,False,0.0,6,1,170.0,10.0,Player,TrainingAgent,Random,170.0
744,3,Player,Eevee ex,Evolution Burst,0,True,633.0,6,10,170.0,0.0,Opponent,TrainingAgent,Random,170.0
745,1,Opponent,Electrike,Thunder Jolt,1,False,30.0,6,1,170.0,70.0,Player,TrainingAgent,Greedy,140.0
745,2,Player,Eevee ex,Evolution Burst,0,True,618.0,6,17,170.0,10.0,Opponent,TrainingAgent,Greedy,140.0
745,3,Opponent,Electrike,Thunder Jolt,1,False,30.0,6,1,140.0,10.0,Player,TrainingAgent,Greedy,140.0
745,4,Player,Eevee ex,Evolution Burst,0,True,618.0,6,10,140.0,0.0,Opponent,TrainingAgent,Greedy,140.0
746,1,Player,Eevee ex,Evolution Burst,0,True,633.0,6,17,200.0,10.0,Opponent,TrainingAgent,Heuristic,170.0
746,2,Opponent,Electrike,Thunder Jolt,1,False,30.0,6,1,170.0,10.0,Player,TrainingAgent,Heuristic,170.0
746,3,Player,Eevee ex,Evolution Burst,0,True,633.0,6,10,170.0,0.0,Opponent,TrainingAgent,Heuristic,170.0
747,1,Opponent,Electrike,Thunder Jolt,1,False,30.0,6,1,170.0,70.0,Player,TrainingAgent,Search,140.0
747,2,Player,Eevee ex,Evolution Burst,0,True,618.0,6,17,170.0,10.0,Opponent,TrainingAgent,Search,140.0
747,3,Opponent,Electrike,Thunder Jolt,1,False,30.0,6,1,140.0,10.0,Player,TrainingAgent,Search,140.0
747,4,Player,Eevee ex,Evolution Burst,0,True,618.0,6,10,140.0,0.0,Opponent,TrainingAgent,Search,140.0
748,1,Player,Eevee ex,Evolution Burst,0,True,633.0,6,17,200.0,10.0,Opponent,TrainingAgent,Aggressive,170.0
748,2,Opponent,Electrike,Thunder Jolt,1,False,45.0,6,1,170.0,10.0,Player,TrainingAgent,Aggressive,170.0
748,3,Player,Eevee ex,Evolution Burst,0,True,633.0,6,10,170.0,0.0,Opponent,TrainingAgent,Aggressive,170.0
749,1,Opponent,Electrike,Thunder Jolt,1,False,0.0,6,1,170.0,70.0,Player,TrainingAgent,Defensive,140.0
749,2,Player,Eevee ex,Evolution Burst,0,True,618.0,6,17,170.0,10.0,Opponent,TrainingAgent,Defensive,140.0
749,3,Opponent,Electrike,Thunder Jolt,1,False,0.0,6,1,140.0,10.0,Player,TrainingAgent,Defensive,140.0
749,4,Player,Eevee ex,Evolution Burst,0,True,618.0,6,10,140.0,0.0,Opponent,TrainingAgent,Defensive,140.0
750,1,Player,Eevee ex,Evolution Burst,0,True,633.0,6,17,200.0,10.0,Opponent,TrainingAgent,Random,170.0
750,2,Opponent,Electrike,Thunder Jolt,1,False,0.0,6,1,170.0,10.0,Player,TrainingAgent,Random,170.0
750,3,Player,Eevee ex,Evolution Burst,0,True,633.0,6,10,170.0,0.0,Opponent,TrainingAgent,Random,170.0
751,1,Opponent,Electrike,Thunder Jolt,1,False,30.0,6,1,170.0,70.0,Player,TrainingAgent,Greedy,140.0
751,2,Player,Eevee ex,Evolution Burst,0,True,618.0,6,17,170.0,10.0,Opponent,TrainingAgent,Greedy,140.0
751,3,Opponent,Electrike,Thunder Jolt,1,False,30.0,6,1,140.0,10.0,Player,TrainingAgent,Greedy,140.0
751,4,Player,Eevee ex,Evolution Burst,0,True,618.0,6,10,140.0,0.0,Opponent,TrainingAgent,Greedy,140.0
752,1,Player,Eevee ex,Evolution Burst,0,True,633.0,6,17,200.0,10.0,Opponent,TrainingAgent,Heuristic,170.0
752,2,Opponent,Electrike,Thunder Jolt,1,False,30.0,6,1,170.0,10.0,Player,TrainingAgent,Heuristic,170.0
752,3,Player,Eevee ex,Evolution Burst,0,True,633.0,6,10,170.0,0.0,Opponent,TrainingAgent,Heuristic,170.0
753,1,Opponent,Electrike,Thunder Jolt,1,False,30.0,6,1,170.0,70.0,Player,TrainingAgent,Search,140.0
753,2,Player,Eevee ex,Evolution Burst,0,True,618.0,6,17,170.0,10.0,Opponent,TrainingAgent,Search,140.0
753,3,Opponent,Electrike,Thunder Jolt,1,False,30.0,6,1,140.0,10.0,Player,TrainingAgent,Search,140.0
753,4,Player,Eevee ex,Evolution Burst,0,True,618.0,6,10,140.0,0.0,Opponent,TrainingAgent,Search,140.0
754,1,Player,Eevee ex,Evolution Burst,0,True,633.0,6,17,200.0,10.0,Opponent,TrainingAgent,Aggressive,170.0
754,2,Opponent,Electrike,Thunder Jolt,1,False,45.0,6,1,170.0,10.0,Player,TrainingAgent,Aggressive,170.0
754,3,Player,Eevee ex,Evolution Burst,0,True,633.0,6,10,170.0,0.0,Opponent,TrainingAgent,Aggressive,170.0
755,1,Opponent,Electrike,Thunder Jolt,1,False,0.0,6,1,170.0,70.0,Player,TrainingAgent,Defensive,140.0
755,2,Player,Eevee ex,Evolution Burst,0,True,618.0,6,17,170.0,10.0,Opponent,TrainingAgent,Defensive,140.0
755,3,Opponent,Electrike,Thunder Jolt,1,False,0.0,6,1,140.0,10.0,Player,TrainingAgent,Defensive,140.0
755,4,Player,Eevee ex,Evolution Burst,0,True,618.0,6,10,140.0,0.0,Opponent,TrainingAgent,Defensive,140.0
756,1,Player,Eevee ex,Evolution Burst,0,True,633.0,6,17,200.0,10.0,Opponent,TrainingAgent,Random,170.0
756,2,Opponent,Electrike,Thunder Jolt,1,False,0.0,6,1,170.0,10.0,Player,TrainingAgent,Random,170.0
756,3,Player,Eevee ex,Evolution Burst,0,True,633.0,6,10,170.0,0.0,Opponent,TrainingAgent,Random,170.0
757,1,Opponent,Electrike,Thunder Jolt,1,False,30.0,6,1,170.0,70.0,Player,TrainingAgent,Greedy,140.0
757,2,Player,Eevee ex,Evolution Burst,0,True,618.0,6,17,170.0,10.0,Opponent,TrainingAgent,Greedy,140.0
757,3,Opponent,Electrike,Thunder Jolt,1,False,30.0,6,1,140.0,10.0,Player,TrainingAgent,Greedy,140.0
757,4,Player,Eevee ex,Evolution Burst,0,True,618.0,6,10,140.0,0.0,Opponent,TrainingAgent,Greedy,140.0
758,1,Player,Eevee ex,Evolution Burst,0,True,633.0,6,17,200.0,10.0,Opponent,TrainingAgent,Heuristic,170.0
758,2,Opponent,Electrike,Thunder Jolt,1,False,30.0,6,1,170.0,10.0,Player,TrainingAgent,Heuristic,170.0
758,3,Player,Eevee ex,Evolution Burst,0,True,633.0,6,10,170.0,0.0,Opponent,TrainingAgent,Heuristic,170.0
759,1,Opponent,Electrike,Thunder Jolt,1,False,30.0,6,1,170.0,70.0,Player,TrainingAgent,Search,140.0
759,2,Player,Eevee ex,Evolution Burst,0,True,618.0,6,17,170.0,10.0,Opponent,TrainingAgent,Search,140.0
759,3,Opponent,Electrike,Thunder Jolt,1,False,30.0,6,1,140.0,10.0,Player,TrainingAgent,Search,140.0
759,4,Player,Eevee ex,Evolution Burst,0,True,618.0,6,10,140.0,0.0,Opponent,TrainingAgent,Search,140.0
760,1,Player,Eevee ex,Evolution Burst,0,True,633.0,6,17,200.0,10.0,Opponent,TrainingAgent,Aggressive,170.0
760,2,Opponent,Electrike,Thunder Jolt,1,False,45.0,6,1,170.0,10.0,Player,TrainingAgent,Aggressive,170.0
760,3,Player,Eevee ex,Evolution Burst,0,True,633.0,6,10,170.0,0.0,Opponent,TrainingAgent,Aggressive,170.0
761,1,Opponent,Electrike,Thunder Jolt,1,False,0.0,6,1,170.0,70.0,Player,TrainingAgent,Defensive,140.0
761,2,Player,Eevee ex,Evolution Burst,0,True,618.0,6,17,170.0,10.0,Opponent,TrainingAgent,Defensive,140.0
761,3,Opponent,Electrike,Thunder Jolt,1,False,0.0,6,1,140.0,10.0,Player,TrainingAgent,Defensive,140.0
761,4,Player,Eevee ex,Evolution Burst,0,True,618.0,6,10,140.0,0.0,Opponent,TrainingAgent,Defensive,140.0
762,1,Player,Eevee ex,Evolution Burst,0,True,633.0,6,17,200.0,10.0,Opponent,TrainingAgent,Random,170.0
762,2,Opponent,Electrike,Thunder Jolt,1,False,0.0,6,1,170.0,10.0,Player,TrainingAgent,Random,170.0
762,3,Player,Eevee ex,Evolution Burst,0,True,633.0,6,10,170.0,0.0,Opponent,TrainingAgent,Random,170.0
763,1,Opponent,Electrike,Thunder Jolt,1,False,30.0,6,1,170.0,70.0,Player,TrainingAgent,Greedy,140.0
763,2,Player,Eevee ex,Evolution Burst,0,True,618.0,6,17,170.0,10.0,Opponent,TrainingAgent,Greedy,140.0
763,3,Opponent,Electrike,Thunder Jolt,1,False,30.0,6,1,140.0,10.0,Player,TrainingAgent,Greedy,140.0
763,4,Player,Eevee ex,Evolution Burst,0,True,618.0,6,10,140.0,0.0,Opponent,TrainingAgent,Greedy,140.0
764,1,Player,Eevee ex,Evolution Burst,0,True,633.0,6,17,200.0,10.0,Opponent,TrainingAgent,Heuristic,170.0
764,2,Opponent,Electrike,Thunder Jolt,1,False,30.0,6,1,170.0,10.0,Player,TrainingAgent,Heuristic,170.0
764,3,Player,Eevee ex,Evolution Burst,0,True,633.0,6,10,170.0,0.0,Opponent,TrainingAgent,Heuristic,170.0
765,1,Opponent,Electrike,Thunder Jolt,1,False,30.0,6,1,170.0,70.0,Player,TrainingAgent,Search,140.0
765,2,Player,Eevee ex,Evolution Burst,0,True,618.0,6,17,170.0,10.0,Opponent,TrainingAgent,Search,140.0
765,3,Opponent,Electrike,Thunder Jolt,1,False,30.0,6,1,140.0,10.0,Player,TrainingAgent,Search,140.0
765,4,Player,Eevee ex,Evolution Burst,0,True,618.0,6,10,140.0,0.0,Opponent,TrainingAgent,Search,140.0
766,1,Player,Eevee ex,Evolution Burst,0,True,633.0,6,17,200.0,10.0,Opponent,TrainingAgent,Aggressive,170.0
766,2,Opponent,Electrike,Thunder Jolt,1,False,45.0,6,1,170.0,10.0,Player,TrainingAgent,Aggressive,170.0
766,3,Player,Eevee ex,Evolution Burst,0,True,633.0,6,10,170.0,0.0,Opponent,TrainingAgent,Aggressive,170.0
767,1,Opponent,Electrike,Thunder Jolt,1,False,0.0,6,1,170.0,70.0,Player,TrainingAgent,Defensive,140.0
767,2,Player,Eevee ex,Evolution Burst,0,True,618.0,6,17,170.0,10.0,Opponent,TrainingAgent,Defensive,140.0
767,3,Opponent,Electrike,Thunder Jolt,1,False,0.0,6,1,140.0,10.0,Player,TrainingAgent,Defensive,140.0
767,4,Player,Eevee ex,Evolution Burst,0,True,618.0,6,10,140.0,0.0,Opponent,TrainingAgent,Defensive,140.0
768,1,Player,Eevee ex,Evolution Burst,0,True,633.0,6,17,200.0,10.0,Opponent,TrainingAgent,Random,170.0
768,2,Opponent,Electrike,Thunder Jolt,1,False,0.0,6,1,170.0,10.0,Player,TrainingAgent,Random,170.0
768,3,Player,Eevee ex,Evolution Burst,0,True,633.0,6,10,170.0,0.0,Opponent,TrainingAgent,Random,170.0
769,1,Opponent,Electrike,Thunder Jolt,1,False,30.0,6,1,170.0,70.0,Player,TrainingAgent,Greedy,140.0
769,2,Player,Eevee ex,Evolution Burst,0,True,618.0,6,17,170.0,10.0,Opponent,TrainingAgent,Greedy,140.0
769,3,Opponent,Electrike,Thunder Jolt,1,False,30.0,6,1,140.0,10.0,Player,TrainingAgent,Greedy,140.0
769,4,Player,Eevee ex,Evolution Burst,0,True,618.0,6,10,140.0,0.0,Opponent,TrainingAgent,Greedy,140.0
770,1,Player,Eevee ex,Evolution Burst,0,True,633.0,6,17,200.0,10.0,Opponent,TrainingAgent,Heuristic,170.0
770,2,Opponent,Electrike,Thunder Jolt,1,False,30.0,6,1,170.0,10.0,Player,TrainingAgent,Heuristic,170.0
770,3,Player,Eevee ex,Evolution Burst,0,True,633.0,6,10,170.0,0.0,Opponent,TrainingAgent,Heuristic,170.0
771,1,Opponent,Electrike,Thunder Jolt,1,False,30.0,6,1,170.0,70.0,Player,TrainingAgent,Search,140.0
771,2,Player,Eevee ex,Evolution Burst,0,True,618.0,6,17,170.0,10.0,Opponent,TrainingAgent,Search,140.0
771,3,Opponent,Electrike,Thunder Jolt,1,False,30.0,6,1,140.0,10.0,Player,TrainingAgent,Search,140.0
771,4,Player,Eevee ex,Evolution Burst,0,True,618.0,6,10,140.0,0.0,Opponent,TrainingAgent,Search,140.0
772,1,Player,Eevee ex,Evolution Burst,0,True,633.0,6,17,200.0,10.0,Opponent,TrainingAgent,Aggressive,170.0
772,2,Opponent,Electrike,Thunder Jolt,1,False,45.0,6,1,170.0,10.0,Player,TrainingAgent,Aggressive,170.0
772,3,Player,Eevee ex,Evolution Burst,0,True,633.0,6,10,170.0,0.0,Opponent,TrainingAgent,Aggressive,170.0
773,1,Opponent,Electrike,Thunder Jolt,1,False,0.0,6,1,170.0,70.0,Player,TrainingAgent,Defensive,140.0
773,2,Player,Eevee ex,Evolution Burst,0,True,618.0,6,17,170.0,10.0,Opponent,TrainingAgent,Defensive,140.0
773,3,Opponent,Electrike,Thunder Jolt,1,False,0.0,6,1,140.0,10.0,Player,TrainingAgent,Defensive,140.0
773,4,Player,Eevee ex,Evolution Burst,0,True,618.0,6,10,140.0,0.0,Opponent,TrainingAgent,Defensive,140.0
774,1,Player,Eevee ex,Evolution Burst,0,True,633.0,6,17,200.0,10.0,Opponent,TrainingAgent,Random,170.0
774,2,Opponent,Electrike,Thunder Jolt,1,False,0.0,6,1,170.0,10.0,Player,TrainingAgent,Random,170.0
774,3,Player,Eevee ex,Evolution Burst,0,True,633.0,6,10,170.0,0.0,Opponent,TrainingAgent,Random,170.0
775,1,Opponent,Electrike,Thunder Jolt,1,False,30.0,6,1,170.0,70.0,Player,TrainingAgent,Greedy,140.0
775,2,Player,Eevee ex,Evolution Burst,0,True,618.0,6,17,170.0,10.0,Opponent,TrainingAgent,Greedy,140.0
775,3,Opponent,Electrike,Thunder Jolt,1,False,30.0,6,1,140.0,10.0,Player,TrainingAgent,Greedy,140.0
775,4,Player,Eevee ex,Evolution Burst,0,True,618.0,6,10,140.0,0.0,Opponent,TrainingAgent,Greedy,140.0
776,1,Player,Eevee ex,Evolution Burst,0,True,633.0,6,17,200.0,10.0,Opponent,TrainingAgent,Heuristic,170.0
776,2,Opponent,Electrike,Thunder Jolt,1,False,30.0,6,1,170.0,10.0,Player,TrainingAgent,Heuristic,170.0
776,3,Player,Eevee ex,Evolution Burst,0,True,633.0,6,10,170.0,0.0,Opponent,TrainingAgent,Heuristic,170.0
777,1,Opponent,Electrike,Thunder Jolt,1,False,30.0,6,1,170.0,70.0,Player,TrainingAgent,Search,140.0
777,2,Player,Eevee ex,Evolution Burst,0,True,618.0,6,17,170.0,10.0,Opponent,TrainingAgent,Search,140.0
777,3,Opponent,Electrike,Thunder Jolt,1,False,30.0,6,1,140.0,10.0,Player,TrainingAgent,Search,140.0
777,4,Player,Eevee ex,Evolution Burst,0,True,618.0,6,10,140.0,0.0,Opponent,TrainingAgent,Search,140.0
778,1,Player,Eevee ex,Evolution Burst,0,True,633.0,6,17,200.0,10.0,Opponent,TrainingAgent,Aggressive,170.0
778,2,Opponent,Electrike,Thunder Jolt,1,False,45.0,6,1,170.0,10.0,Player,TrainingAgent,Aggressive,170.0
778,3,Player,Eevee ex,Evolution Burst,0,True,633.0,6,10,170.0,0.0,Opponent,TrainingAgent,Aggressive,170.0
779,1,Opponent,Electrike,Thunder Jolt,1,False,0.0,6,1,170.0,70.0,Player,TrainingAgent,Defensive,140.0
779,2,Player,Eevee ex,Evolution Burst,0,True,618.0,6,17,170.0,10.0,Opponent,TrainingAgent,Defensive,140.0
779,3,Opponent,Electrike,Thunder Jolt,1,False,0.0,6,1,140.0,10.0,Player,TrainingAgent,Defensive,140.0
779,4,Player,Eevee ex,Evolution Burst,0,True,618.0,6,10,140.0,0.0,Opponent,TrainingAgent,Defensive,140.0
780,1,Player,Eevee ex,Evolution Burst,0,True,633.0,6,17,200.0,10.0,Opponent,TrainingAgent,Random,170.0
780,2,Opponent,Electrike,Thunder Jolt,1,False,0.0,6,1,170.0,10.0,Player,TrainingAgent,Random,170.0
780,3,Player,Eevee ex,Evolution Burst,0,True,633.0,6,10,170.0,0.0,Opponent,TrainingAgent,Random,170.0
781,1,Opponent,Electrike,Thunder Jolt,1,False,30.0,6,1,170.0,70.0,Player,TrainingAgent,Greedy,140.0
781,2,Player,Eevee ex,Evolution Burst,0,True,618.0,6,17,170.0,10.0,Opponent,TrainingAgent,Greedy,140.0
781,3,Opponent,Electrike,Thunder Jolt,1,False,30.0,6,1,140.0,10.0,Player,TrainingAgent,Greedy,140.0
781,4,Player,Eevee ex,Evolution Burst,0,True,618.0,6,10,140.0,0.0,Opponent,TrainingAgent,Greedy,140.0
782,1,Player,Eevee ex,Evolution Burst,0,True,633.0,6,17,200.0,10.0,Opponent,TrainingAgent,Heuristic,170.0
782,2,Opponent,Electrike,Thunder Jolt,1,False,30.0,6,1,170.0,10.0,Player,TrainingAgent,Heuristic,170.0
782,3,Player,Eevee ex,Evolution Burst,0,True,633.0,6,10,170.0,0.0,Opponent,TrainingAgent,Heuristic,170.0
783,1,Opponent,Electrike,Thunder Jolt,1,False,30.0,6,1,170.0,70.0,Player,TrainingAgent,Search,140.0
783,2,Player,Eevee ex,Evolution Burst,0,True,618.0,6,17,170.0,10.0,Opponent,TrainingAgent,Search,140.0
783,3,Opponent,Electrike,Thunder Jolt,1,False,30.0,6,1,140.0,10.0,Player,TrainingAgent,Search,140.0
783,4,Player,Eevee ex,Evolution Burst,0,True,618.0,6,10,140.0,0.0,Opponent,TrainingAgent,Search,140.0
784,1,Player,Eevee ex,Evolution Burst,0,True,633.0,6,17,200.0,10.0,Opponent,TrainingAgent,Aggressive,170.0
784,2,Opponent,Electrike,Thunder Jolt,1,False,45.0,6,1,170.0,10.0,Player,TrainingAgent,Aggressive,170.0
784,3,Player,Eevee ex,Evolution Burst,0,True,633.0,6,10,170.0,0.0,Opponent,TrainingAgent,Aggressive,170.0
785,1,Opponent,Electrike,Thunder Jolt,1,False,0.0,6,1,170.0,70.0,Player,TrainingAgent,Defensive,140.0
785,2,Player,Eevee ex,Evolution Burst,0,True,618.0,6,17,170.0,10.0,Opponent,TrainingAgent,Defensive,140.0
785,3,Opponent,Electrike,Thunder Jolt,1,False,0.0,6,1,140.0,10.0,Player,TrainingAgent,Defensive,140.0
785,4,Player,Eevee ex,Evolution Burst,0,True,618.0,6,10,140.0,0.0,Opponent,TrainingAgent,Defensive,140.0
786,1,Player,Eevee ex,Evolution Burst,0,True,633.0,6,17,200.0,10.0,Opponent,TrainingAgent,Random,170.0
786,2,Opponent,Electrike,Thunder Jolt,1,False,0.0,6,1,170.0,10.0,Player,TrainingAgent,Random,170.0
786,3,Player,Eevee ex,Evolution Burst,0,True,633.0,6,10,170.0,0.0,Opponent,TrainingAgent,Random,170.0
787,1,Opponent,Electrike,Thunder Jolt,1,False,30.0,6,1,170.0,70.0,Player,TrainingAgent,Greedy,140.0
787,2,Player,Eevee ex,Evolution Burst,0,True,618.0,6,17,170.0,10.0,Opponent,TrainingAgent,Greedy,140.0
787,3,Opponent,Electrike,Thunder Jolt,1,False,30.0,6,1,140.0,10.0,Player,TrainingAgent,Greedy,140.0
787,4,Player,Eevee ex,Evolution Burst,0,True,618.0,6,10,140.0,0.0,Opponent,TrainingAgent,Greedy,140.0
788,1,Player,Eevee ex,Evolution Burst,0,True,633.0,6,17,200.0,10.0,Opponent,TrainingAgent,Heuristic,170.0
788,2,Opponent,Electrike,Thunder Jolt,1,False,30.0,6,1,170.0,10.0,Player,TrainingAgent,Heuristic,170.0
788,3,Player,Eevee ex,Evolution Burst,0,True,633.0,6,10,170.0,0.0,Opponent,TrainingAgent,Heuristic,170.0
789,1,Opponent,Electrike,Thunder Jolt,1,False,30.0,6,1,170.0,70.0,Player,TrainingAgent,Search,140.0
789,2,Player,Eevee ex,Evolution Burst,0,True,618.0,6,17,170.0,10.0,Opponent,TrainingAgent,Search,140.0
789,3,Opponent,Electrike,Thunder Jolt,1,False,30.0,6,1,140.0,10.0,Player,TrainingAgent,Search,140.0
789,4,Player,Eevee ex,Evolution Burst,0,True,618.0,6,10,140.0,0.0,Opponent,TrainingAgent,Search,140.0
790,1,Player,Eevee ex,Evolution Burst,0,True,633.0,6,17,200.0,10.0,Opponent,TrainingAgent,Aggressive,170.0
790,2,Opponent,Electrike,Thunder Jolt,1,False,45.0,6,1,170.0,10.0,Player,TrainingAgent,Aggressive,170.0
790,3,Player,Eevee ex,Evolution Burst,0,True,633.0,6,10,170.0,0.0,Opponent,TrainingAgent,Aggressive,170.0
791,1,Opponent,Electrike,Thunder Jolt,1,False,0.0,6,1,170.0,70.0,Player,TrainingAgent,Defensive,140.0
791,2,Player,Eevee ex,Evolution Burst,0,True,618.0,6,17,170.0,10.0,Opponent,TrainingAgent,Defensive,140.0
791,3,Opponent,Electrike,Thunder Jolt,1,False,0.0,6,1,140.0,10.0,Player,TrainingAgent,Defensive,140.0
791,4,Player,Eevee ex,Evolution Burst,0,True,618.0,6,10,140.0,0.0,Opponent,TrainingAgent,Defensive,140.0
792,1,Player,Eevee ex,Evolution Burst,0,True,633.0,6,17,200.0,10.0,Opponent,TrainingAgent,Random,170.0
792,2,Opponent,Electrike,Thunder Jolt,1,False,0.0,6,1,170.0,10.0,Player,TrainingAgent,Random,170.0
792,3,Player,Eevee ex,Evolution Burst,0,True,633.0,6,10,170.0,0.0,Opponent,TrainingAgent,Random,170.0
793,1,Opponent,Electrike,Thunder Jolt,1,False,30.0,6,1,170.0,70.0,Player,TrainingAgent,Greedy,140.0
793,2,Player,Eevee ex,Evolution Burst,0,True,618.0,6,17,170.0,10.0,Opponent,TrainingAgent,Greedy,140.0
793,3,Opponent,Electrike,Thunder Jolt,1,False,30.0,6,1,140.0,10.0,Player,TrainingAgent,Greedy,140.0
793,4,Player,Eevee ex,Evolution Burst,0,True,618.0,6,10,140.0,0.0,Opponent,TrainingAgent,Greedy,140.0
794,1,Player,Eevee ex,Evolution Burst,0,True,633.0,6,17,200.0,10.0,Opponent,TrainingAgent,Heuristic,170.0
794,2,Opponent,Electrike,Thunder Jolt,1,False,30.0,6,1,170.0,10.0,Player,TrainingAgent,Heuristic,170.0
794,3,Player,Eevee ex,Evolution Burst,0,True,633.0,6,10,170.0,0.0,Opponent,TrainingAgent,Heuristic,170.0
795,1,Opponent,Electrike,Thunder Jolt,1,False,30.0,6,1,170.0,70.0,Player,TrainingAgent,Search,140.0
795,2,Player,Eevee ex,Evolution Burst,0,True,618.0,6,17,170.0,10.0,Opponent,TrainingAgent,Search,140.0
795,3,Opponent,Electrike,Thunder Jolt,1,False,30.0,6,1,140.0,10.0,Player,TrainingAgent,Search,140.0
795,4,Player,Eevee ex,Evolution Burst,0,True,618.0,6,10,140.0,0.0,Opponent,TrainingAgent,Search,140.0
796,1,Player,Eevee ex,Evolution Burst,0,True,633.0,6,17,200.0,10.0,Opponent,TrainingAgent,Aggressive,170.0
796,2,Opponent,Electrike,Thunder Jolt,1,False,45.0,6,1,170.0,10.0,Player,TrainingAgent,Aggressive,170.0
796,3,Player,Eevee ex,Evolution Burst,0,True,633.0,6,10,170.0,0.0,Opponent,TrainingAgent,Aggressive,170.0
797,1,Opponent,Electrike,Thunder Jolt,1,False,0.0,6,1,170.0,70.0,Player,TrainingAgent,Defensive,140.0
797,2,Player,Eevee ex,Evolution Burst,0,True,618.0,6,17,170.0,10.0,Opponent,TrainingAgent,Defensive,140.0
797,3,Opponent,Electrike,Thunder Jolt,1,False,0.0,6,1,140.0,10.0,Player,TrainingAgent,Defensive,140.0
797,4,Player,Eevee ex,Evolution Burst,0,True,618.0,6,10,140.0,0.0,Opponent,TrainingAgent,Defensive,140.0
798,1,Player,Eevee ex,Evolution Burst,0,True,633.0,6,17,200.0,10.0,Opponent,TrainingAgent,Random,170.0
798,2,Opponent,Electrike,Thunder Jolt,1,False,0.0,6,1,170.0,10.0,Player,TrainingAgent,Random,170.0
798,3,Player,Eevee ex,Evolution Burst,0,True,633.0,6,10,170.0,0.0,Opponent,TrainingAgent,Random,170.0
799,1,Opponent,Electrike,Thunder Jolt,1,False,30.0,6,1,170.0,70.0,Player,TrainingAgent,Greedy,140.0
799,2,Player,Eevee ex,Evolution Burst,0,True,618.0,6,17,170.0,10.0,Opponent,TrainingAgent,Greedy,140.0
799,3,Opponent,Electrike,Thunder Jolt,1,False,30.0,6,1,140.0,10.0,Player,TrainingAgent,Greedy,140.0
799,4,Player,Eevee ex,Evolution Burst,0,True,618.0,6,10,140.0,0.0,Opponent,TrainingAgent,Greedy,140.0
800,1,Player,Eevee ex,Evolution Burst,0,True,633.0,6,17,200.0,10.0,Opponent,TrainingAgent,Heuristic,170.0
800,2,Opponent,Electrike,Thunder Jolt,1,False,30.0,6,1,170.0,10.0,Player,TrainingAgent,Heuristic,170.0
800,3,Player,Eevee ex,Evolution Burst,0,True,633.0,6,10,170.0,0.0,Opponent,TrainingAgent,Heuristic,170.0
801,1,Opponent,Electrike,Thunder Jolt,1,False,30.0,6,1,170.0,70.0,Player,TrainingAgent,Search,140.0
801,2,Player,Eevee ex,Evolution Burst,0,True,618.0,6,17,170.0,10.0,Opponent,TrainingAgent,Search,140.0
801,3,Opponent,Electrike,Thunder Jolt,1,False,30.0,6,1,140.0,10.0,Player,TrainingAgent,Search,140.0
801,4,Player,Eevee ex,Evolution Burst,0,True,618.0,6,10,140.0,0.0,Opponent,TrainingAgent,Search,140.0
802,1,Player,Eevee ex,Evolution Burst,0,True,633.0,6,17,200.0,10.0,Opponent,TrainingAgent,Aggressive,170.0
802,2,Opponent,Electrike,Thunder Jolt,1,False,45.0,6,1,170.0,10.0,Player,TrainingAgent,Aggressive,170.0
802,3,Player,Eevee ex,Evolution Burst,0,True,633.0,6,10,170.0,0.0,Opponent,TrainingAgent,Aggressive,170.0
803,1,Opponent,Electrike,Thunder Jolt,1,False,0.0,6,1,170.0,70.0,Player,TrainingAgent,Defensive,140.0
803,2,Player,Eevee ex,Evolution Burst,0,True,618.0,6,17,170.0,10.0,Opponent,TrainingAgent,Defensive,140.0
803,3,Opponent,Electrike,Thunder Jolt,1,False,0.0,6,1,140.0,10.0,Player,TrainingAgent,Defensive,140.0
803,4,Player,Eevee ex,Evolution Burst,0,True,618.0,6,10,140.0,0.0,Opponent,TrainingAgent,Defensive,140.0
804,1,Player,Eevee ex,Evolution Burst,0,True,633.0,6,17,200.0,10.0,Opponent,TrainingAgent,Random,170.0
804,2,Opponent,Electrike,Thunder Jolt,1,False,0.0,6,1,170.0,10.0,Player,TrainingAgent,Random,170.0
804,3,Player,Eevee ex,Evolution Burst,0,True,633.0,6,10,170.0,0.0,Opponent,TrainingAgent,Random,170.0
805,1,Opponent,Electrike,Thunder Jolt,1,False,30.0,6,1,170.0,70.0,Player,TrainingAgent,Greedy,140.0
805,2,Player,Eevee ex,Evolution Burst,0,True,618.0,6,17,170.0,10.0,Opponent,TrainingAgent,Greedy,140.0
805,3,Opponent,Electrike,Thunder Jolt,1,False,30.0,6,1,140.0,10.0,Player,TrainingAgent,Greedy,140.0
805,4,Player,Eevee ex,Evolution Burst,0,True,618.0,6,10,140.0,0.0,Opponent,TrainingAgent,Greedy,140.0
806,1,Player,Eevee ex,Evolution Burst,0,True,633.0,6,17,200.0,10.0,Opponent,TrainingAgent,Heuristic,170.0
806,2,Opponent,Electrike,Thunder Jolt,1,False,30.0,6,1,170.0,10.0,Player,TrainingAgent,Heuristic,170.0
806,3,Player,Eevee ex,Evolution Burst,0,True,633.0,6,10,170.0,0.0,Opponent,TrainingAgent,Heuristic,170.0
807,1,Opponent,Electrike,Thunder Jolt,1,False,30.0,6,1,170.0,70.0,Player,TrainingAgent,Search,140.0
807,2,Player,Eevee ex,Evolution Burst,0,True,618.0,6,17,170.0,10.0,Opponent,TrainingAgent,Search,140.0
807,3,Opponent,Electrike,Thunder Jolt,1,False,30.0,6,1,140.0,10.0,Player,TrainingAgent,Search,140.0
807,4,Player,Eevee ex,Evolution Burst,0,True,618.0,6,10,140.0,0.0,Opponent,TrainingAgent,Search,140.0
808,1,Player,Eevee ex,Evolution Burst,0,True,633.0,6,17,200.0,10.0,Opponent,TrainingAgent,Aggressive,170.0
808,2,Opponent,Electrike,Thunder Jolt,1,False,45.0,6,1,170.0,10.0,Player,TrainingAgent,Aggressive,170.0
808,3,Player,Eevee ex,Evolution Burst,0,True,633.0,6,10,170.0,0.0,Opponent,TrainingAgent,Aggressive,170.0
809,1,Opponent,Electrike,Thunder Jolt,1,False,0.0,6,1,170.0,70.0,Player,TrainingAgent,Defensive,140.0
809,2,Player,Eevee ex,Evolution Burst,0,True,618.0,6,17,170.0,10.0,Opponent,TrainingAgent,Defensive,140.0
809,3,Opponent,Electrike,Thunder Jolt,1,False,0.0,6,1,140.0,10.0,Player,TrainingAgent,Defensive,140.0
809,4,Player,Eevee ex,Evolution Burst,0,True,618.0,6,10,140.0,0.0,Opponent,TrainingAgent,Defensive,140.0
810,1,Player,Eevee ex,Evolution Burst,0,True,633.0,6,17,200.0,10.0,Opponent,TrainingAgent,Random,170.0
810,2,Opponent,Electrike,Thunder Jolt,1,False,0.0,6,1,170.0,10.0,Player,TrainingAgent,Random,170.0
810,3,Player,Eevee ex,Evolution Burst,0,True,633.0,6,10,170.0,0.0,Opponent,TrainingAgent,Random,170.0
811,1,Opponent,Electrike,Thunder Jolt,1,False,30.0,6,1,170.0,70.0,Player,TrainingAgent,Greedy,140.0
811,2,Player,Eevee ex,Evolution Burst,0,True,618.0,6,17,170.0,10.0,Opponent,TrainingAgent,Greedy,140.0
811,3,Opponent,Electrike,Thunder Jolt,1,False,30.0,6,1,140.0,10.0,Player,TrainingAgent,Greedy,140.0
811,4,Player,Eevee ex,Evolution Burst,0,True,618.0,6,10,140.0,0.0,Opponent,TrainingAgent,Greedy,140.0
812,1,Player,Eevee ex,Evolution Burst,0,True,633.0,6,17,200.0,10.0,Opponent,TrainingAgent,Heuristic,170.0
812,2,Opponent,Electrike,Thunder Jolt,1,False,30.0,6,1,170.0,10.0,Player,TrainingAgent,Heuristic,170.0
812,3,Player,Eevee ex,Evolution Burst,0,True,633.0,6,10,170.0,0.0,Opponent,TrainingAgent,Heuristic,170.0
813,1,Opponent,Electrike,Thunder Jolt,1,False,30.0,6,1,170.0,70.0,Player,TrainingAgent,Search,140.0
813,2,Player,Eevee ex,Evolution Burst,0,True,618.0,6,17,170.0,10.0,Opponent,TrainingAgent,Search,140.0
813,3,Opponent,Electrike,Thunder Jolt,1,False,30.0,6,1,140.0,10.0,Player,TrainingAgent,Search,140.0
813,4,Player,Eevee ex,Evolution Burst,0,True,618.0,6,10,140.0,0.0,Opponent,TrainingAgent,Search,140.0
814,1,Player,Eevee ex,Evolution Burst,0,True,633.0,6,17,200.0,10.0,Opponent,TrainingAgent,Aggressive,170.0
814,2,Opponent,Electrike,Thunder Jolt,1,False,45.0,6,1,170.0,10.0,Player,TrainingAgent,Aggressive,170.0
814,3,Player,Eevee ex,Evolution Burst,0,True,633.0,6,10,170.0,0.0,Opponent,TrainingAgent,Aggressive,170.0
815,1,Opponent,Electrike,Thunder Jolt,1,False,0.0,6,1,170.0,70.0,Player,TrainingAgent,Defensive,140.0
815,2,Player,Eevee ex,Evolution Burst,0,True,618.0,6,17,170.0,10.0,Opponent,TrainingAgent,Defensive,140.0
815,3,Opponent,Electrike,Thunder Jolt,1,False,0.0,6,1,140.0,10.0,Player,TrainingAgent,Defensive,140.0
815,4,Player,Eevee ex,Evolution Burst,0,True,618.0,6,10,140.0,0.0,Opponent,TrainingAgent,Defensive,140.0
816,1,Player,Eevee ex,Evolution Burst,0,True,633.0,6,17,200.0,10.0,Opponent,TrainingAgent,Random,170.0
816,2,Opponent,Electrike,Thunder Jolt,1,False,0.0,6,1,170.0,10.0,Player,TrainingAgent,Random,170.0
816,3,Player,Eevee ex,Evolution Burst,0,True,633.0,6,10,170.0,0.0,Opponent,TrainingAgent,Random,170.0
817,1,Opponent,Electrike,Thunder Jolt,1,False,30.0,6,1,170.0,70.0,Player,TrainingAgent,Greedy,140.0
817,2,Player,Eevee ex,Evolution Burst,0,True,618.0,6,17,170.0,10.0,Opponent,TrainingAgent,Greedy,140.0
817,3,Opponent,Electrike,Thunder Jolt,1,False,30.0,6,1,140.0,10.0,Player,TrainingAgent,Greedy,140.0
817,4,Player,Eevee ex,Evolution Burst,0,True,618.0,6,10,140.0,0.0,Opponent,TrainingAgent,Greedy,140.0
818,1,Player,Eevee ex,Evolution Burst,0,True,633.0,6,17,200.0,10.0,Opponent,TrainingAgent,Heuristic,170.0
818,2,Opponent,Electrike,Thunder Jolt,1,False,30.0,6,1,170.0,10.0,Player,TrainingAgent,Heuristic,170.0
818,3,Player,Eevee ex,Evolution Burst,0,True,633.0,6,10,170.0,0.0,Opponent,TrainingAgent,Heuristic,170.0
819,1,Opponent,Electrike,Thunder Jolt,1,False,30.0,6,1,170.0,70.0,Player,TrainingAgent,Search,140.0
819,2,Player,Eevee ex,Evolution Burst,0,True,618.0,6,17,170.0,10.0,Opponent,TrainingAgent,Search,140.0
819,3,Opponent,Electrike,Thunder Jolt,1,False,30.0,6,1,140.0,10.0,Player,TrainingAgent,Search,140.0
819,4,Player,Eevee ex,Evolution Burst,0,True,618.0,6,10,140.0,0.0,Opponent,TrainingAgent,Search,140.0
820,1,Player,Eevee ex,Evolution Burst,0,True,633.0,6,17,200.0,10.0,Opponent,TrainingAgent,Aggressive,170.0
820,2,Opponent,Electrike,Thunder Jolt,1,False,45.0,6,1,170.0,10.0,Player,TrainingAgent,Aggressive,170.0
820,3,Player,Eevee ex,Evolution Burst,0,True,633.0,6,10,170.0,0.0,Opponent,TrainingAgent,Aggressive,170.0
821,1,Opponent,Electrike,Thunder Jolt,1,False,0.0,6,1,170.0,70.0,Player,TrainingAgent,Defensive,140.0
821,2,Player,Eevee ex,Evolution Burst,0,True,618.0,6,17,170.0,10.0,Opponent,TrainingAgent,Defensive,140.0
821,3,Opponent,Electrike,Thunder Jolt,1,False,0.0,6,1,140.0,10.0,Player,TrainingAgent,Defensive,140.0
821,4,Player,Eevee ex,Evolution Burst,0,True,618.0,6,10,140.0,0.0,Opponent,TrainingAgent,Defensive,140.0
822,1,Player,Eevee ex,Evolution Burst,0,True,633.0,6,17,200.0,10.0,Opponent,TrainingAgent,Random,170.0
822,2,Opponent,Electrike,Thunder Jolt,1,False,0.0,6,1,170.0,10.0,Player,TrainingAgent,Random,170.0
822,3,Player,Eevee ex,Evolution Burst,0,True,633.0,6,10,170.0,0.0,Opponent,TrainingAgent,Random,170.0
823,1,Opponent,Electrike,Thunder Jolt,1,False,30.0,6,1,170.0,70.0,Player,TrainingAgent,Greedy,140.0
823,2,Player,Eevee ex,Evolution Burst,0,True,618.0,6,17,170.0,10.0,Opponent,TrainingAgent,Greedy,140.0
823,3,Opponent,Electrike,Thunder Jolt,1,False,30.0,6,1,140.0,10.0,Player,TrainingAgent,Greedy,140.0
823,4,Player,Eevee ex,Evolution Burst,0,True,618.0,6,10,140.0,0.0,Opponent,TrainingAgent,Greedy,140.0
824,1,Player,Eevee ex,Evolution Burst,0,True,633.0,6,17,200.0,10.0,Opponent,TrainingAgent,Heuristic,170.0
824,2,Opponent,Electrike,Thunder Jolt,1,False,30.0,6,1,170.0,10.0,Player,TrainingAgent,Heuristic,170.0
824,3,Player,Eevee ex,Evolution Burst,0,True,633.0,6,10,170.0,0.0,Opponent,TrainingAgent,Heuristic,170.0
825,1,Opponent,Electrike,Thunder Jolt,1,False,30.0,6,1,170.0,70.0,Player,TrainingAgent,Search,140.0
825,2,Player,Eevee ex,Evolution Burst,0,True,618.0,6,17,170.0,10.0,Opponent,TrainingAgent,Search,140.0
825,3,Opponent,Electrike,Thunder Jolt,1,False,30.0,6,1,140.0,10.0,Player,TrainingAgent,Search,140.0
825,4,Player,Eevee ex,Evolution Burst,0,True,618.0,6,10,140.0,0.0,Opponent,TrainingAgent,Search,140.0
826,1,Player,Eevee ex,Evolution Burst,0,True,633.0,6,17,200.0,10.0,Opponent,TrainingAgent,Aggressive,170.0
826,2,Opponent,Electrike,Thunder Jolt,1,False,45.0,6,1,170.0,10.0,Player,TrainingAgent,Aggressive,170.0
826,3,Player,Eevee ex,Evolution Burst,0,True,633.0,6,10,170.0,0.0,Opponent,TrainingAgent,Aggressive,170.0
827,1,Opponent,Electrike,Thunder Jolt,1,False,0.0,6,1,170.0,70.0,Player,TrainingAgent,Defensive,140.0
827,2,Player,Eevee ex,Evolution Burst,0,True,618.0,6,17,170.0,10.0,Opponent,TrainingAgent,Defensive,140.0
827,3,Opponent,Electrike,Thunder Jolt,1,False,0.0,6,1,140.0,10.0,Player,TrainingAgent,Defensive,140.0
827,4,Player,Eevee ex,Evolution Burst,0,True,618.0,6,10,140.0,0.0,Opponent,TrainingAgent,Defensive,140.0
828,1,Player,Eevee ex,Evolution Burst,0,True,633.0,6,17,200.0,10.0,Opponent,TrainingAgent,Random,170.0
828,2,Opponent,Electrike,Thunder Jolt,1,False,0.0,6,1,170.0,10.0,Player,TrainingAgent,Random,170.0
828,3,Player,Eevee ex,Evolution Burst,0,True,633.0,6,10,170.0,0.0,Opponent,TrainingAgent,Random,170.0
829,1,Opponent,Electrike,Thunder Jolt,1,False,30.0,6,1,170.0,70.0,Player,TrainingAgent,Greedy,140.0
829,2,Player,Eevee ex,Evolution Burst,0,True,618.0,6,17,170.0,10.0,Opponent,TrainingAgent,Greedy,140.0
829,3,Opponent,Electrike,Thunder Jolt,1,False,30.0,6,1,140.0,10.0,Player,TrainingAgent,Greedy,140.0
829,4,Player,Eevee ex,Evolution Burst,0,True,618.0,6,10,140.0,0.0,Opponent,TrainingAgent,Greedy,140.0
830,1,Player,Eevee ex,Evolution Burst,0,True,633.0,6,17,200.0,10.0,Opponent,TrainingAgent,Heuristic,170.0
830,2,Opponent,Electrike,Thunder Jolt,1,False,30.0,6,1,170.0,10.0,Player,TrainingAgent,Heuristic,170.0
830,3,Player,Eevee ex,Evolution Burst,0,True,633.0,6,10,170.0,0.0,Opponent,TrainingAgent,Heuristic,170.0
831,1,Opponent,Electrike,Thunder Jolt,1,False,30.0,6,1,170.0,70.0,Player,TrainingAgent,Search,140.0
831,2,Player,Eevee ex,Evolution Burst,0,True,618.0,6,17,170.0,10.0,Opponent,TrainingAgent,Search,140.0
831,3,Opponent,Electrike,Thunder Jolt,1,False,30.0,6,1,140.0,10.0,Player,TrainingAgent,Search,140.0
831,4,Player,Eevee ex,Evolution Burst,0,True,618.0,6,10,140.0,0.0,Opponent,TrainingAgent,Search,140.0
832,1,Player,Eevee ex,Evolution Burst,0,True,633.0,6,17,200.0,10.0,Opponent,TrainingAgent,Aggressive,170.0
832,2,Opponent,Electrike,Thunder Jolt,1,False,45.0,6,1,170.0,10.0,Player,TrainingAgent,Aggressive,170.0
832,3,Player,Eevee ex,Evolution Burst,0,True,633.0,6,10,170.0,0.0,Opponent,TrainingAgent,Aggressive,170.0
833,1,Opponent,Electrike,Thunder Jolt,1,False,0.0,6,1,170.0,70.0,Player,TrainingAgent,Defensive,140.0
833,2,Player,Eevee ex,Evolution Burst,0,True,618.0,6,17,170.0,10.0,Opponent,TrainingAgent,Defensive,140.0
833,3,Opponent,Electrike,Thunder Jolt,1,False,0.0,6,1,140.0,10.0,Player,TrainingAgent,Defensive,140.0
833,4,Player,Eevee ex,Evolution Burst,0,True,618.0,6,10,140.0,0.0,Opponent,TrainingAgent,Defensive,140.0
834,1,Player,Eevee ex,Evolution Burst,0,True,633.0,6,17,200.0,10.0,Opponent,TrainingAgent,Random,170.0
834,2,Opponent,Electrike,Thunder Jolt,1,False,0.0,6,1,170.0,10.0,Player,TrainingAgent,Random,170.0
834,3,Player,Eevee ex,Evolution Burst,0,True,633.0,6,10,170.0,0.0,Opponent,TrainingAgent,Random,170.0
835,1,Opponent,Electrike,Thunder Jolt,1,False,30.0,6,1,170.0,70.0,Player,TrainingAgent,Greedy,140.0
835,2,Player,Eevee ex,Evolution Burst,0,True,618.0,6,17,170.0,10.0,Opponent,TrainingAgent,Greedy,140.0
835,3,Opponent,Electrike,Thunder Jolt,1,False,30.0,6,1,140.0,10.0,Player,TrainingAgent,Greedy,140.0
835,4,Player,Eevee ex,Evolution Burst,0,True,618.0,6,10,140.0,0.0,Opponent,TrainingAgent,Greedy,140.0
836,1,Player,Eevee ex,Evolution Burst,0,True,633.0,6,17,200.0,10.0,Opponent,TrainingAgent,Heuristic,170.0
836,2,Opponent,Electrike,Thunder Jolt,1,False,30.0,6,1,170.0,10.0,Player,TrainingAgent,Heuristic,170.0
836,3,Player,Eevee ex,Evolution Burst,0,True,633.0,6,10,170.0,0.0,Opponent,TrainingAgent,Heuristic,170.0
837,1,Opponent,Electrike,Thunder Jolt,1,False,30.0,6,1,170.0,70.0,Player,TrainingAgent,Search,140.0
837,2,Player,Eevee ex,Evolution Burst,0,True,618.0,6,17,170.0,10.0,Opponent,TrainingAgent,Search,140.0
837,3,Opponent,Electrike,Thunder Jolt,1,False,30.0,6,1,140.0,10.0,Player,TrainingAgent,Search,140.0
837,4,Player,Eevee ex,Evolution Burst,0,True,618.0,6,10,140.0,0.0,Opponent,TrainingAgent,Search,140.0
838,1,Player,Eevee ex,Evolution Burst,0,True,633.0,6,17,200.0,10.0,Opponent,TrainingAgent,Aggressive,170.0
838,2,Opponent,Electrike,Thunder Jolt,1,False,45.0,6,1,170.0,10.0,Player,TrainingAgent,Aggressive,170.0
838,3,Player,Eevee ex,Evolution Burst,0,True,633.0,6,10,170.0,0.0,Opponent,TrainingAgent,Aggressive,170.0
839,1,Opponent,Electrike,Thunder Jolt,1,False,0.0,6,1,170.0,70.0,Player,TrainingAgent,Defensive,140.0
839,2,Player,Eevee ex,Evolution Burst,0,True,618.0,6,17,170.0,10.0,Opponent,TrainingAgent,Defensive,140.0
839,3,Opponent,Electrike,Thunder Jolt,1,False,0.0,6,1,140.0,10.0,Player,TrainingAgent,Defensive,140.0
839,4,Player,Eevee ex,Evolution Burst,0,True,618.0,6,10,140.0,0.0,Opponent,TrainingAgent,Defensive,140.0
840,1,Player,Eevee ex,Evolution Burst,0,True,633.0,6,17,200.0,10.0,Opponent,TrainingAgent,Random,170.0
840,2,Opponent,Electrike,Thunder Jolt,1,False,0.0,6,1,170.0,10.0,Player,TrainingAgent,Random,170.0
840,3,Player,Eevee ex,Evolution Burst,0,True,633.0,6,10,170.0,0.0,Opponent,TrainingAgent,Random,170.0
841,1,Opponent,Electrike,Thunder Jolt,1,False,30.0,6,1,170.0,70.0,Player,TrainingAgent,Greedy,140.0
841,2,Player,Eevee ex,Evolution Burst,0,True,618.0,6,17,170.0,10.0,Opponent,TrainingAgent,Greedy,140.0
841,3,Opponent,Electrike,Thunder Jolt,1,False,30.0,6,1,140.0,10.0,Player,TrainingAgent,Greedy,140.0
841,4,Player,Eevee ex,Evolution Burst,0,True,618.0,6,10,140.0,0.0,Opponent,TrainingAgent,Greedy,140.0
842,1,Player,Eevee ex,Evolution Burst,0,True,633.0,6,17,200.0,10.0,Opponent,TrainingAgent,Heuristic,170.0
842,2,Opponent,Electrike,Thunder Jolt,1,False,30.0,6,1,170.0,10.0,Player,TrainingAgent,Heuristic,170.0
842,3,Player,Eevee ex,Evolution Burst,0,True,633.0,6,10,170.0,0.0,Opponent,TrainingAgent,Heuristic,170.0
843,1,Opponent,Electrike,Thunder Jolt,1,False,30.0,6,1,170.0,70.0,Player,TrainingAgent,Search,140.0
843,2,Player,Eevee ex,Evolution Burst,0,True,618.0,6,17,170.0,10.0,Opponent,TrainingAgent,Search,140.0
843,3,Opponent,Electrike,Thunder Jolt,1,False,30.0,6,1,140.0,10.0,Player,TrainingAgent,Search,140.0
843,4,Player,Eevee ex,Evolution Burst,0,True,618.0,6,10,140.0,0.0,Opponent,TrainingAgent,Search,140.0
844,1,Player,Eevee ex,Evolution Burst,0,True,633.0,6,17,200.0,10.0,Opponent,TrainingAgent,Aggressive,170.0
844,2,Opponent,Electrike,Thunder Jolt,1,False,45.0,6,1,170.0,10.0,Player,TrainingAgent,Aggressive,170.0
844,3,Player,Eevee ex,Evolution Burst,0,True,633.0,6,10,170.0,0.0,Opponent,TrainingAgent,Aggressive,170.0
845,1,Opponent,Electrike,Thunder Jolt,1,False,0.0,6,1,170.0,70.0,Player,TrainingAgent,Defensive,140.0
845,2,Player,Eevee ex,Evolution Burst,0,True,618.0,6,17,170.0,10.0,Opponent,TrainingAgent,Defensive,140.0
845,3,Opponent,Electrike,Thunder Jolt,1,False,0.0,6,1,140.0,10.0,Player,TrainingAgent,Defensive,140.0
845,4,Player,Eevee ex,Evolution Burst,0,True,618.0,6,10,140.0,0.0,Opponent,TrainingAgent,Defensive,140.0
846,1,Player,Eevee ex,Evolution Burst,0,True,633.0,6,17,200.0,10.0,Opponent,TrainingAgent,Random,170.0
846,2,Opponent,Electrike,Thunder Jolt,1,False,0.0,6,1,170.0,10.0,Player,TrainingAgent,Random,170.0
846,3,Player,Eevee ex,Evolution Burst,0,True,633.0,6,10,170.0,0.0,Opponent,TrainingAgent,Random,170.0
847,1,Opponent,Electrike,Thunder Jolt,1,False,30.0,6,1,170.0,70.0,Player,TrainingAgent,Greedy,140.0
847,2,Player,Eevee ex,Evolution Burst,0,True,618.0,6,17,170.0,10.0,Opponent,TrainingAgent,Greedy,140.0
847,3,Opponent,Electrike,Thunder Jolt,1,False,30.0,6,1,140.0,10.0,Player,TrainingAgent,Greedy,140.0
847,4,Player,Eevee ex,Evolution Burst,0,True,618.0,6,10,140.0,0.0,Opponent,TrainingAgent,Greedy,140.0
848,1,Player,Eevee ex,Evolution Burst,0,True,633.0,6,17,200.0,10.0,Opponent,TrainingAgent,Heuristic,170.0
848,2,Opponent,Electrike,Thunder Jolt,1,False,30.0,6,1,170.0,10.0,Player,TrainingAgent,Heuristic,170.0
848,3,Player,Eevee ex,Evolution Burst,0,True,633.0,6,10,170.0,0.0,Opponent,TrainingAgent,Heuristic,170.0
849,1,Opponent,Electrike,Thunder Jolt,1,False,30.0,6,1,170.0,70.0,Player,TrainingAgent,Search,140.0
849,2,Player,Eevee ex,Evolution Burst,0,True,618.0,6,17,170.0,10.0,Opponent,TrainingAgent,Search,140.0
849,3,Opponent,Electrike,Thunder Jolt,1,False,30.0,6,1,140.0,10.0,Player,TrainingAgent,Search,140.0
849,4,Player,Eevee ex,Evolution Burst,0,True,618.0,6,10,140.0,0.0,Opponent,TrainingAgent,Search,140.0
850,1,Player,Eevee ex,Evolution Burst,0,True,633.0,6,17,200.0,10.0,Opponent,TrainingAgent,Aggressive,170.0
850,2,Opponent,Electrike,Thunder Jolt,1,False,45.0,6,1,170.0,10.0,Player,TrainingAgent,Aggressive,170.0
850,3,Player,Eevee ex,Evolution Burst,0,True,633.0,6,10,170.0,0.0,Opponent,TrainingAgent,Aggressive,170.0
851,1,Opponent,Electrike,Thunder Jolt,1,False,0.0,6,1,170.0,70.0,Player,TrainingAgent,Defensive,140.0
851,2,Player,Eevee ex,Evolution Burst,0,True,618.0,6,17,170.0,10.0,Opponent,TrainingAgent,Defensive,140.0
851,3,Opponent,Electrike,Thunder Jolt,1,False,0.0,6,1,140.0,10.0,Player,TrainingAgent,Defensive,140.0
851,4,Player,Eevee ex,Evolution Burst,0,True,618.0,6,10,140.0,0.0,Opponent,TrainingAgent,Defensive,140.0
852,1,Player,Eevee ex,Evolution Burst,0,True,633.0,6,17,200.0,10.0,Opponent,TrainingAgent,Random,170.0
852,2,Opponent,Electrike,Thunder Jolt,1,False,0.0,6,1,170.0,10.0,Player,TrainingAgent,Random,170.0
852,3,Player,Eevee ex,Evolution Burst,0,True,633.0,6,10,170.0,0.0,Opponent,TrainingAgent,Random,170.0
853,1,Opponent,Electrike,Thunder Jolt,1,False,30.0,6,1,170.0,70.0,Player,TrainingAgent,Greedy,140.0
853,2,Player,Eevee ex,Evolution Burst,0,True,618.0,6,17,170.0,10.0,Opponent,TrainingAgent,Greedy,140.0
853,3,Opponent,Electrike,Thunder Jolt,1,False,30.0,6,1,140.0,10.0,Player,TrainingAgent,Greedy,140.0
853,4,Player,Eevee ex,Evolution Burst,0,True,618.0,6,10,140.0,0.0,Opponent,TrainingAgent,Greedy,140.0
854,1,Player,Eevee ex,Evolution Burst,0,True,633.0,6,17,200.0,10.0,Opponent,TrainingAgent,Heuristic,170.0
854,2,Opponent,Electrike,Thunder Jolt,1,False,30.0,6,1,170.0,10.0,Player,TrainingAgent,Heuristic,170.0
854,3,Player,Eevee ex,Evolution Burst,0,True,633.0,6,10,170.0,0.0,Opponent,TrainingAgent,Heuristic,170.0
855,1,Opponent,Electrike,Thunder Jolt,1,False,30.0,6,1,170.0,70.0,Player,TrainingAgent,Search,140.0
855,2,Player,Eevee ex,Evolution Burst,0,True,618.0,6,17,170.0,10.0,Opponent,TrainingAgent,Search,140.0
855,3,Opponent,Electrike,Thunder Jolt,1,False,30.0,6,1,140.0,10.0,Player,TrainingAgent,Search,140.0
855,4,Player,Eevee ex,Evolution Burst,0,True,618.0,6,10,140.0,0.0,Opponent,TrainingAgent,Search,140.0
856,1,Player,Eevee ex,Evolution Burst,0,True,633.0,6,17,200.0,10.0,Opponent,TrainingAgent,Aggressive,170.0
856,2,Opponent,Electrike,Thunder Jolt,1,False,45.0,6,1,170.0,10.0,Player,TrainingAgent,Aggressive,170.0
856,3,Player,Eevee ex,Evolution Burst,0,True,633.0,6,10,170.0,0.0,Opponent,TrainingAgent,Aggressive,170.0
857,1,Opponent,Electrike,Thunder Jolt,1,False,0.0,6,1,170.0,70.0,Player,TrainingAgent,Defensive,140.0
857,2,Player,Eevee ex,Evolution Burst,0,True,618.0,6,17,170.0,10.0,Opponent,TrainingAgent,Defensive,140.0
857,3,Opponent,Electrike,Thunder Jolt,1,False,0.0,6,1,140.0,10.0,Player,TrainingAgent,Defensive,140.0
857,4,Player,Eevee ex,Evolution Burst,0,True,618.0,6,10,140.0,0.0,Opponent,TrainingAgent,Defensive,140.0
858,1,Player,Eevee ex,Evolution Burst,0,True,633.0,6,17,200.0,10.0,Opponent,TrainingAgent,Random,170.0
858,2,Opponent,Electrike,Thunder Jolt,1,False,0.0,6,1,170.0,10.0,Player,TrainingAgent,Random,170.0
858,3,Player,Eevee ex,Evolution Burst,0,True,633.0,6,10,170.0,0.0,Opponent,TrainingAgent,Random,170.0
859,1,Opponent,Electrike,Thunder Jolt,1,False,30.0,6,1,170.0,70.0,Player,TrainingAgent,Greedy,140.0
859,2,Player,Eevee ex,Evolution Burst,0,True,618.0,6,17,170.0,10.0,Opponent,TrainingAgent,Greedy,140.0
859,3,Opponent,Electrike,Thunder Jolt,1,False,30.0,6,1,140.0,10.0,Player,TrainingAgent,Greedy,140.0
859,4,Player,Eevee ex,Evolution Burst,0,True,618.0,6,10,140.0,0.0,Opponent,TrainingAgent,Greedy,140.0
860,1,Player,Eevee ex,Evolution Burst,0,True,633.0,6,17,200.0,10.0,Opponent,TrainingAgent,Heuristic,170.0
860,2,Opponent,Electrike,Thunder Jolt,1,False,30.0,6,1,170.0,10.0,Player,TrainingAgent,Heuristic,170.0
860,3,Player,Eevee ex,Evolution Burst,0,True,633.0,6,10,170.0,0.0,Opponent,TrainingAgent,Heuristic,170.0
861,1,Opponent,Electrike,Thunder Jolt,1,False,30.0,6,1,170.0,70.0,Player,TrainingAgent,Search,140.0
861,2,Player,Eevee ex,Evolution Burst,0,True,618.0,6,17,170.0,10.0,Opponent,TrainingAgent,Search,140.0
861,3,Opponent,Electrike,Thunder Jolt,1,False,30.0,6,1,140.0,10.0,Player,TrainingAgent,Search,140.0
861,4,Player,Eevee ex,Evolution Burst,0,True,618.0,6,10,140.0,0.0,Opponent,TrainingAgent,Search,140.0
862,1,Player,Eevee ex,Evolution Burst,0,True,633.0,6,17,200.0,10.0,Opponent,TrainingAgent,Aggressive,170.0
862,2,Opponent,Electrike,Thunder Jolt,1,False,45.0,6,1,170.0,10.0,Player,TrainingAgent,Aggressive,170.0
862,3,Player,Eevee ex,Evolution Burst,0,True,633.0,6,10,170.0,0.0,Opponent,TrainingAgent,Aggressive,170.0
863,1,Opponent,Electrike,Thunder Jolt,1,False,0.0,6,1,170.0,70.0,Player,TrainingAgent,Defensive,140.0
863,2,Player,Eevee ex,Evolution Burst,0,True,618.0,6,17,170.0,10.0,Opponent,TrainingAgent,Defensive,140.0
863,3,Opponent,Electrike,Thunder Jolt,1,False,0.0,6,1,140.0,10.0,Player,TrainingAgent,Defensive,140.0
863,4,Player,Eevee ex,Evolution Burst,0,True,618.0,6,10,140.0,0.0,Opponent,TrainingAgent,Defensive,140.0
864,1,Player,Eevee ex,Evolution Burst,0,True,633.0,6,17,200.0,10.0,Opponent,TrainingAgent,Random,170.0
864,2,Opponent,Electrike,Thunder Jolt,1,False,0.0,6,1,170.0,10.0,Player,TrainingAgent,Random,170.0
864,3,Player,Eevee ex,Evolution Burst,0,True,633.0,6,10,170.0,0.0,Opponent,TrainingAgent,Random,170.0
865,1,Opponent,Electrike,Thunder Jolt,1,False,30.0,6,1,170.0,70.0,Player,TrainingAgent,Greedy,140.0
865,2,Player,Eevee ex,Evolution Burst,0,True,618.0,6,17,170.0,10.0,Opponent,TrainingAgent,Greedy,140.0
865,3,Opponent,Electrike,Thunder Jolt,1,False,30.0,6,1,140.0,10.0,Player,TrainingAgent,Greedy,140.0
865,4,Player,Eevee ex,Evolution Burst,0,True,618.0,6,10,140.0,0.0,Opponent,TrainingAgent,Greedy,140.0
866,1,Player,Eevee ex,Evolution Burst,0,True,633.0,6,17,200.0,10.0,Opponent,TrainingAgent,Heuristic,170.0
866,2,Opponent,Electrike,Thunder Jolt,1,False,30.0,6,1,170.0,10.0,Player,TrainingAgent,Heuristic,170.0
866,3,Player,Eevee ex,Evolution Burst,0,True,633.0,6,10,170.0,0.0,Opponent,TrainingAgent,Heuristic,170.0
867,1,Opponent,Electrike,Thunder Jolt,1,False,30.0,6,1,170.0,70.0,Player,TrainingAgent,Search,140.0
867,2,Player,Eevee ex,Evolution Burst,0,True,618.0,6,17,170.0,10.0,Opponent,TrainingAgent,Search,140.0
867,3,Opponent,Electrike,Thunder Jolt,1,False,30.0,6,1,140.0,10.0,Player,TrainingAgent,Search,140.0
867,4,Player,Eevee ex,Evolution Burst,0,True,618.0,6,10,140.0,0.0,Opponent,TrainingAgent,Search,140.0
868,1,Player,Eevee ex,Evolution Burst,0,True,633.0,6,17,200.0,10.0,Opponent,TrainingAgent,Aggressive,170.0
868,2,Opponent,Electrike,Thunder Jolt,1,False,45.0,6,1,170.0,10.0,Player,TrainingAgent,Aggressive,170.0
868,3,Player,Eevee ex,Evolution Burst,0,True,633.0,6,10,170.0,0.0,Opponent,TrainingAgent,Aggressive,170.0
869,1,Opponent,Electrike,Thunder Jolt,1,False,0.0,6,1,170.0,70.0,Player,TrainingAgent,Defensive,140.0
869,2,Player,Eevee ex,Evolution Burst,0,True,618.0,6,17,170.0,10.0,Opponent,TrainingAgent,Defensive,140.0
869,3,Opponent,Electrike,Thunder Jolt,1,False,0.0,6,1,140.0,10.0,Player,TrainingAgent,Defensive,140.0
869,4,Player,Eevee ex,Evolution Burst,0,True,618.0,6,10,140.0,0.0,Opponent,TrainingAgent,Defensive,140.0
870,1,Player,Eevee ex,Evolution Burst,0,True,633.0,6,17,200.0,10.0,Opponent,TrainingAgent,Random,170.0
870,2,Opponent,Electrike,Thunder Jolt,1,False,0.0,6,1,170.0,10.0,Player,TrainingAgent,Random,170.0
870,3,Player,Eevee ex,Evolution Burst,0,True,633.0,6,10,170.0,0.0,Opponent,TrainingAgent,Random,170.0
871,1,Opponent,Electrike,Thunder Jolt,1,False,30.0,6,1,170.0,70.0,Player,TrainingAgent,Greedy,140.0
871,2,Player,Eevee ex,Evolution Burst,0,True,618.0,6,17,170.0,10.0,Opponent,TrainingAgent,Greedy,140.0
871,3,Opponent,Electrike,Thunder Jolt,1,False,30.0,6,1,140.0,10.0,Player,TrainingAgent,Greedy,140.0
871,4,Player,Eevee ex,Evolution Burst,0,True,618.0,6,10,140.0,0.0,Opponent,TrainingAgent,Greedy,140.0
872,1,Player,Eevee ex,Evolution Burst,0,True,633.0,6,17,200.0,10.0,Opponent,TrainingAgent,Heuristic,170.0
872,2,Opponent,Electrike,Thunder Jolt,1,False,30.0,6,1,170.0,10.0,Player,TrainingAgent,Heuristic,170.0
872,3,Player,Eevee ex,Evolution Burst,0,True,633.0,6,10,170.0,0.0,Opponent,TrainingAgent,Heuristic,170.0
873,1,Opponent,Electrike,Thunder Jolt,1,False,30.0,6,1,170.0,70.0,Player,TrainingAgent,Search,140.0
873,2,Player,Eevee ex,Evolution Burst,0,True,618.0,6,17,170.0,10.0,Opponent,TrainingAgent,Search,140.0
873,3,Opponent,Electrike,Thunder Jolt,1,False,30.0,6,1,140.0,10.0,Player,TrainingAgent,Search,140.0
873,4,Player,Eevee ex,Evolution Burst,0,True,618.0,6,10,140.0,0.0,Opponent,TrainingAgent,Search,140.0
874,1,Player,Eevee ex,Evolution Burst,0,True,633.0,6,17,200.0,10.0,Opponent,TrainingAgent,Aggressive,170.0
874,2,Opponent,Electrike,Thunder Jolt,1,False,45.0,6,1,170.0,10.0,Player,TrainingAgent,Aggressive,170.0
874,3,Player,Eevee ex,Evolution Burst,0,True,633.0,6,10,170.0,0.0,Opponent,TrainingAgent,Aggressive,170.0
875,1,Opponent,Electrike,Thunder Jolt,1,False,0.0,6,1,170.0,70.0,Player,TrainingAgent,Defensive,140.0
875,2,Player,Eevee ex,Evolution Burst,0,True,618.0,6,17,170.0,10.0,Opponent,TrainingAgent,Defensive,140.0
875,3,Opponent,Electrike,Thunder Jolt,1,False,0.0,6,1,140.0,10.0,Player,TrainingAgent,Defensive,140.0
875,4,Player,Eevee ex,Evolution Burst,0,True,618.0,6,10,140.0,0.0,Opponent,TrainingAgent,Defensive,140.0
876,1,Player,Eevee ex,Evolution Burst,0,True,633.0,6,17,200.0,10.0,Opponent,TrainingAgent,Random,170.0
876,2,Opponent,Electrike,Thunder Jolt,1,False,0.0,6,1,170.0,10.0,Player,TrainingAgent,Random,170.0
876,3,Player,Eevee ex,Evolution Burst,0,True,633.0,6,10,170.0,0.0,Opponent,TrainingAgent,Random,170.0
877,1,Opponent,Electrike,Thunder Jolt,1,False,30.0,6,1,170.0,70.0,Player,TrainingAgent,Greedy,140.0
877,2,Player,Eevee ex,Evolution Burst,0,True,618.0,6,17,170.0,10.0,Opponent,TrainingAgent,Greedy,140.0
877,3,Opponent,Electrike,Thunder Jolt,1,False,30.0,6,1,140.0,10.0,Player,TrainingAgent,Greedy,140.0
877,4,Player,Eevee ex,Evolution Burst,0,True,618.0,6,10,140.0,0.0,Opponent,TrainingAgent,Greedy,140.0
878,1,Player,Eevee ex,Evolution Burst,0,True,633.0,6,17,200.0,10.0,Opponent,TrainingAgent,Heuristic,170.0
878,2,Opponent,Electrike,Thunder Jolt,1,False,30.0,6,1,170.0,10.0,Player,TrainingAgent,Heuristic,170.0
878,3,Player,Eevee ex,Evolution Burst,0,True,633.0,6,10,170.0,0.0,Opponent,TrainingAgent,Heuristic,170.0
879,1,Opponent,Electrike,Thunder Jolt,1,False,30.0,6,1,170.0,70.0,Player,TrainingAgent,Search,140.0
879,2,Player,Eevee ex,Evolution Burst,0,True,618.0,6,17,170.0,10.0,Opponent,TrainingAgent,Search,140.0
879,3,Opponent,Electrike,Thunder Jolt,1,False,30.0,6,1,140.0,10.0,Player,TrainingAgent,Search,140.0
879,4,Player,Eevee ex,Evolution Burst,0,True,618.0,6,10,140.0,0.0,Opponent,TrainingAgent,Search,140.0
880,1,Player,Eevee ex,Evolution Burst,0,True,633.0,6,17,200.0,10.0,Opponent,TrainingAgent,Aggressive,170.0
880,2,Opponent,Electrike,Thunder Jolt,1,False,45.0,6,1,170.0,10.0,Player,TrainingAgent,Aggressive,170.0
880,3,Player,Eevee ex,Evolution Burst,0,True,633.0,6,10,170.0,0.0,Opponent,TrainingAgent,Aggressive,170.0
881,1,Opponent,Electrike,Thunder Jolt,1,False,0.0,6,1,170.0,70.0,Player,TrainingAgent,Defensive,140.0
881,2,Player,Eevee ex,Evolution Burst,0,True,618.0,6,17,170.0,10.0,Opponent,TrainingAgent,Defensive,140.0
881,3,Opponent,Electrike,Thunder Jolt,1,False,0.0,6,1,140.0,10.0,Player,TrainingAgent,Defensive,140.0
881,4,Player,Eevee ex,Evolution Burst,0,True,618.0,6,10,140.0,0.0,Opponent,TrainingAgent,Defensive,140.0
882,1,Player,Eevee ex,Evolution Burst,0,True,633.0,6,17,200.0,10.0,Opponent,TrainingAgent,Random,170.0
882,2,Opponent,Electrike,Thunder Jolt,1,False,0.0,6,1,170.0,10.0,Player,TrainingAgent,Random,170.0
882,3,Player,Eevee ex,Evolution Burst,0,True,633.0,6,10,170.0,0.0,Opponent,TrainingAgent,Random,170.0
883,1,Opponent,Electrike,Thunder Jolt,1,False,30.0,6,1,170.0,70.0,Player,TrainingAgent,Greedy,140.0
883,2,Player,Eevee ex,Evolution Burst,0,True,618.0,6,17,170.0,10.0,Opponent,TrainingAgent,Greedy,140.0
883,3,Opponent,Electrike,Thunder Jolt,1,False,30.0,6,1,140.0,10.0,Player,TrainingAgent,Greedy,140.0
883,4,Player,Eevee ex,Evolution Burst,0,True,618.0,6,10,140.0,0.0,Opponent,TrainingAgent,Greedy,140.0
884,1,Player,Eevee ex,Evolution Burst,0,True,633.0,6,17,200.0,10.0,Opponent,TrainingAgent,Heuristic,170.0
884,2,Opponent,Electrike,Thunder Jolt,1,False,30.0,6,1,170.0,10.0,Player,TrainingAgent,Heuristic,170.0
884,3,Player,Eevee ex,Evolution Burst,0,True,633.0,6,10,170.0,0.0,Opponent,TrainingAgent,Heuristic,170.0
885,1,Opponent,Electrike,Thunder Jolt,1,False,30.0,6,1,170.0,70.0,Player,TrainingAgent,Search,140.0
885,2,Player,Eevee ex,Evolution Burst,0,True,618.0,6,17,170.0,10.0,Opponent,TrainingAgent,Search,140.0
885,3,Opponent,Electrike,Thunder Jolt,1,False,30.0,6,1,140.0,10.0,Player,TrainingAgent,Search,140.0
885,4,Player,Eevee ex,Evolution Burst,0,True,618.0,6,10,140.0,0.0,Opponent,TrainingAgent,Search,140.0
886,1,Player,Eevee ex,Evolution Burst,0,True,633.0,6,17,200.0,10.0,Opponent,TrainingAgent,Aggressive,170.0
886,2,Opponent,Electrike,Thunder Jolt,1,False,45.0,6,1,170.0,10.0,Player,TrainingAgent,Aggressive,170.0
886,3,Player,Eevee ex,Evolution Burst,0,True,633.0,6,10,170.0,0.0,Opponent,TrainingAgent,Aggressive,170.0
887,1,Opponent,Electrike,Thunder Jolt,1,False,0.0,6,1,170.0,70.0,Player,TrainingAgent,Defensive,140.0
887,2,Player,Eevee ex,Evolution Burst,0,True,618.0,6,17,170.0,10.0,Opponent,TrainingAgent,Defensive,140.0
887,3,Opponent,Electrike,Thunder Jolt,1,False,0.0,6,1,140.0,10.0,Player,TrainingAgent,Defensive,140.0
887,4,Player,Eevee ex,Evolution Burst,0,True,618.0,6,10,140.0,0.0,Opponent,TrainingAgent,Defensive,140.0
888,1,Player,Eevee ex,Evolution Burst,0,True,633.0,6,17,200.0,10.0,Opponent,TrainingAgent,Random,170.0
888,2,Opponent,Electrike,Thunder Jolt,1,False,0.0,6,1,170.0,10.0,Player,TrainingAgent,Random,170.0
888,3,Player,Eevee ex,Evolution Burst,0,True,633.0,6,10,170.0,0.0,Opponent,TrainingAgent,Random,170.0
889,1,Opponent,Electrike,Thunder Jolt,1,False,30.0,6,1,170.0,70.0,Player,TrainingAgent,Greedy,140.0
889,2,Player,Eevee ex,Evolution Burst,0,True,618.0,6,17,170.0,10.0,Opponent,TrainingAgent,Greedy,140.0
889,3,Opponent,Electrike,Thunder Jolt,1,False,30.0,6,1,140.0,10.0,Player,TrainingAgent,Greedy,140.0
889,4,Player,Eevee ex,Evolution Burst,0,True,618.0,6,10,140.0,0.0,Opponent,TrainingAgent,Greedy,140.0
890,1,Player,Eevee ex,Evolution Burst,0,True,633.0,6,17,200.0,10.0,Opponent,TrainingAgent,Heuristic,170.0
890,2,Opponent,Electrike,Thunder Jolt,1,False,30.0,6,1,170.0,10.0,Player,TrainingAgent,Heuristic,170.0
890,3,Player,Eevee ex,Evolution Burst,0,True,633.0,6,10,170.0,0.0,Opponent,TrainingAgent,Heuristic,170.0
891,1,Opponent,Electrike,Thunder Jolt,1,False,30.0,6,1,170.0,70.0,Player,TrainingAgent,Search,140.0
891,2,Player,Eevee ex,Evolution Burst,0,True,618.0,6,17,170.0,10.0,Opponent,TrainingAgent,Search,140.0
891,3,Opponent,Electrike,Thunder Jolt,1,False,30.0,6,1,140.0,10.0,Player,TrainingAgent,Search,140.0
891,4,Player,Eevee ex,Evolution Burst,0,True,618.0,6,10,140.0,0.0,Opponent,TrainingAgent,Search,140.0
892,1,Player,Eevee ex,Evolution Burst,0,True,633.0,6,17,200.0,10.0,Opponent,TrainingAgent,Aggressive,170.0
892,2,Opponent,Electrike,Thunder Jolt,1,False,45.0,6,1,170.0,10.0,Player,TrainingAgent,Aggressive,170.0
892,3,Player,Eevee ex,Evolution Burst,0,True,633.0,6,10,170.0,0.0,Opponent,TrainingAgent,Aggressive,170.0
893,1,Opponent,Electrike,Thunder Jolt,1,False,0.0,6,1,170.0,70.0,Player,TrainingAgent,Defensive,140.0
893,2,Player,Eevee ex,Evolution Burst,0,True,618.0,6,17,170.0,10.0,Opponent,TrainingAgent,Defensive,140.0
893,3,Opponent,Electrike,Thunder Jolt,1,False,0.0,6,1,140.0,10.0,Player,TrainingAgent,Defensive,140.0
893,4,Player,Eevee ex,Evolution Burst,0,True,618.0,6,10,140.0,0.0,Opponent,TrainingAgent,Defensive,140.0
894,1,Player,Eevee ex,Evolution Burst,0,True,633.0,6,17,200.0,10.0,Opponent,TrainingAgent,Random,170.0
894,2,Opponent,Electrike,Thunder Jolt,1,False,0.0,6,1,170.0,10.0,Player,TrainingAgent,Random,170.0
894,3,Player,Eevee ex,Evolution Burst,0,True,633.0,6,10,170.0,0.0,Opponent,TrainingAgent,Random,170.0
895,1,Opponent,Electrike,Thunder Jolt,1,False,30.0,6,1,170.0,70.0,Player,TrainingAgent,Greedy,140.0
895,2,Player,Eevee ex,Evolution Burst,0,True,618.0,6,17,170.0,10.0,Opponent,TrainingAgent,Greedy,140.0
895,3,Opponent,Electrike,Thunder Jolt,1,False,30.0,6,1,140.0,10.0,Player,TrainingAgent,Greedy,140.0
895,4,Player,Eevee ex,Evolution Burst,0,True,618.0,6,10,140.0,0.0,Opponent,TrainingAgent,Greedy,140.0
896,1,Player,Eevee ex,Evolution Burst,0,True,633.0,6,17,200.0,10.0,Opponent,TrainingAgent,Heuristic,170.0
896,2,Opponent,Electrike,Thunder Jolt,1,False,30.0,6,1,170.0,10.0,Player,TrainingAgent,Heuristic,170.0
896,3,Player,Eevee ex,Evolution Burst,0,True,633.0,6,10,170.0,0.0,Opponent,TrainingAgent,Heuristic,170.0
897,1,Opponent,Electrike,Thunder Jolt,1,False,30.0,6,1,170.0,70.0,Player,TrainingAgent,Search,140.0
897,2,Player,Eevee ex,Evolution Burst,0,True,618.0,6,17,170.0,10.0,Opponent,TrainingAgent,Search,140.0
897,3,Opponent,Electrike,Thunder Jolt,1,False,30.0,6,1,140.0,10.0,Player,TrainingAgent,Search,140.0
897,4,Player,Eevee ex,Evolution Burst,0,True,618.0,6,10,140.0,0.0,Opponent,TrainingAgent,Search,140.0
898,1,Player,Eevee ex,Evolution Burst,0,True,633.0,6,17,200.0,10.0,Opponent,TrainingAgent,Aggressive,170.0
898,2,Opponent,Electrike,Thunder Jolt,1,False,45.0,6,1,170.0,10.0,Player,TrainingAgent,Aggressive,170.0
898,3,Player,Eevee ex,Evolution Burst,0,True,633.0,6,10,170.0,0.0,Opponent,TrainingAgent,Aggressive,170.0
899,1,Opponent,Electrike,Thunder Jolt,1,False,0.0,6,1,170.0,70.0,Player,TrainingAgent,Defensive,140.0
899,2,Player,Eevee ex,Evolution Burst,0,True,618.0,6,17,170.0,10.0,Opponent,TrainingAgent,Defensive,140.0
899,3,Opponent,Electrike,Thunder Jolt,1,False,0.0,6,1,140.0,10.0,Player,TrainingAgent,Defensive,140.0
899,4,Player,Eevee ex,Evolution Burst,0,True,618.0,6,10,140.0,0.0,Opponent,TrainingAgent,Defensive,140.0
900,1,Player,Eevee ex,Evolution Burst,0,True,633.0,6,17,200.0,10.0,Opponent,TrainingAgent,Random,170.0
900,2,Opponent,Electrike,Thunder Jolt,1,False,0.0,6,1,170.0,10.0,Player,TrainingAgent,Random,170.0
900,3,Player,Eevee ex,Evolution Burst,0,True,633.0,6,10,170.0,0.0,Opponent,TrainingAgent,Random,170.0
901,1,Opponent,Electrike,Thunder Jolt,1,False,30.0,6,1,170.0,70.0,Player,TrainingAgent,Greedy,140.0
901,2,Player,Eevee ex,Evolution Burst,0,True,618.0,6,17,170.0,10.0,Opponent,TrainingAgent,Greedy,140.0
901,3,Opponent,Electrike,Thunder Jolt,1,False,30.0,6,1,140.0,10.0,Player,TrainingAgent,Greedy,140.0
901,4,Player,Eevee ex,Evolution Burst,0,True,618.0,6,10,140.0,0.0,Opponent,TrainingAgent,Greedy,140.0
902,1,Player,Eevee ex,Evolution Burst,0,True,633.0,6,17,200.0,10.0,Opponent,TrainingAgent,Heuristic,170.0
902,2,Opponent,Electrike,Thunder Jolt,1,False,30.0,6,1,170.0,10.0,Player,TrainingAgent,Heuristic,170.0
902,3,Player,Eevee ex,Evolution Burst,0,True,633.0,6,10,170.0,0.0,Opponent,TrainingAgent,Heuristic,170.0
903,1,Opponent,Electrike,Thunder Jolt,1,False,30.0,6,1,170.0,70.0,Player,TrainingAgent,Search,140.0
903,2,Player,Eevee ex,Evolution Burst,0,True,618.0,6,17,170.0,10.0,Opponent,TrainingAgent,Search,140.0
903,3,Opponent,Electrike,Thunder Jolt,1,False,30.0,6,1,140.0,10.0,Player,TrainingAgent,Search,140.0
903,4,Player,Eevee ex,Evolution Burst,0,True,618.0,6,10,140.0,0.0,Opponent,TrainingAgent,Search,140.0
904,1,Player,Eevee ex,Evolution Burst,0,True,633.0,6,17,200.0,10.0,Opponent,TrainingAgent,Aggressive,170.0
904,2,Opponent,Electrike,Thunder Jolt,1,False,45.0,6,1,170.0,10.0,Player,TrainingAgent,Aggressive,170.0
904,3,Player,Eevee ex,Evolution Burst,0,True,633.0,6,10,170.0,0.0,Opponent,TrainingAgent,Aggressive,170.0
905,1,Opponent,Electrike,Thunder Jolt,1,False,0.0,6,1,170.0,70.0,Player,TrainingAgent,Defensive,140.0
905,2,Player,Eevee ex,Evolution Burst,0,True,618.0,6,17,170.0,10.0,Opponent,TrainingAgent,Defensive,140.0
905,3,Opponent,Electrike,Thunder Jolt,1,False,0.0,6,1,140.0,10.0,Player,TrainingAgent,Defensive,140.0
905,4,Player,Eevee ex,Evolution Burst,0,True,618.0,6,10,140.0,0.0,Opponent,TrainingAgent,Defensive,140.0
906,1,Player,Eevee ex,Evolution Burst,0,True,633.0,6,17,200.0,10.0,Opponent,TrainingAgent,Random,170.0
906,2,Opponent,Electrike,Thunder Jolt,1,False,0.0,6,1,170.0,10.0,Player,TrainingAgent,Random,170.0
906,3,Player,Eevee ex,Evolution Burst,0,True,633.0,6,10,170.0,0.0,Opponent,TrainingAgent,Random,170.0
907,1,Opponent,Electrike,Thunder Jolt,1,False,30.0,6,1,170.0,70.0,Player,TrainingAgent,Greedy,140.0
907,2,Player,Eevee ex,Evolution Burst,0,True,618.0,6,17,170.0,10.0,Opponent,TrainingAgent,Greedy,140.0
907,3,Opponent,Electrike,Thunder Jolt,1,False,30.0,6,1,140.0,10.0,Player,TrainingAgent,Greedy,140.0
907,4,Player,Eevee ex,Evolution Burst,0,True,618.0,6,10,140.0,0.0,Opponent,TrainingAgent,Greedy,140.0
908,1,Player,Eevee ex,Evolution Burst,0,True,633.0,6,17,200.0,10.0,Opponent,TrainingAgent,Heuristic,170.0
908,2,Opponent,Electrike,Thunder Jolt,1,False,30.0,6,1,170.0,10.0,Player,TrainingAgent,Heuristic,170.0
908,3,Player,Eevee ex,Evolution Burst,0,True,633.0,6,10,170.0,0.0,Opponent,TrainingAgent,Heuristic,170.0
909,1,Opponent,Electrike,Thunder Jolt,1,False,30.0,6,1,170.0,70.0,Player,TrainingAgent,Search,140.0
909,2,Player,Eevee ex,Evolution Burst,0,True,618.0,6,17,170.0,10.0,Opponent,TrainingAgent,Search,140.0
909,3,Opponent,Electrike,Thunder Jolt,1,False,30.0,6,1,140.0,10.0,Player,TrainingAgent,Search,140.0
909,4,Player,Eevee ex,Evolution Burst,0,True,618.0,6,10,140.0,0.0,Opponent,TrainingAgent,Search,140.0
910,1,Player,Eevee ex,Evolution Burst,0,True,633.0,6,17,200.0,10.0,Opponent,TrainingAgent,Aggressive,170.0
910,2,Opponent,Electrike,Thunder Jolt,1,False,45.0,6,1,170.0,10.0,Player,TrainingAgent,Aggressive,170.0
910,3,Player,Eevee ex,Evolution Burst,0,True,633.0,6,10,170.0,0.0,Opponent,TrainingAgent,Aggressive,170.0
911,1,Opponent,Electrike,Thunder Jolt,1,False,0.0,6,1,170.0,70.0,Player,TrainingAgent,Defensive,140.0
911,2,Player,Eevee ex,Evolution Burst,0,True,618.0,6,17,170.0,10.0,Opponent,TrainingAgent,Defensive,140.0
911,3,Opponent,Electrike,Thunder Jolt,1,False,0.0,6,1,140.0,10.0,Player,TrainingAgent,Defensive,140.0
911,4,Player,Eevee ex,Evolution Burst,0,True,618.0,6,10,140.0,0.0,Opponent,TrainingAgent,Defensive,140.0
912,1,Player,Eevee ex,Evolution Burst,0,True,633.0,6,17,200.0,10.0,Opponent,TrainingAgent,Random,170.0
912,2,Opponent,Electrike,Thunder Jolt,1,False,0.0,6,1,170.0,10.0,Player,TrainingAgent,Random,170.0
912,3,Player,Eevee ex,Evolution Burst,0,True,633.0,6,10,170.0,0.0,Opponent,TrainingAgent,Random,170.0
913,1,Opponent,Electrike,Thunder Jolt,1,False,30.0,6,1,170.0,70.0,Player,TrainingAgent,Greedy,140.0
913,2,Player,Eevee ex,Evolution Burst,0,True,618.0,6,17,170.0,10.0,Opponent,TrainingAgent,Greedy,140.0
913,3,Opponent,Electrike,Thunder Jolt,1,False,30.0,6,1,140.0,10.0,Player,TrainingAgent,Greedy,140.0
913,4,Player,Eevee ex,Evolution Burst,0,True,618.0,6,10,140.0,0.0,Opponent,TrainingAgent,Greedy,140.0
914,1,Player,Eevee ex,Evolution Burst,0,True,633.0,6,17,200.0,10.0,Opponent,TrainingAgent,Heuristic,170.0
914,2,Opponent,Electrike,Thunder Jolt,1,False,30.0,6,1,170.0,10.0,Player,TrainingAgent,Heuristic,170.0
914,3,Player,Eevee ex,Evolution Burst,0,True,633.0,6,10,170.0,0.0,Opponent,TrainingAgent,Heuristic,170.0
915,1,Opponent,Electrike,Thunder Jolt,1,False,30.0,6,1,170.0,70.0,Player,TrainingAgent,Search,140.0
915,2,Player,Eevee ex,Evolution Burst,0,True,618.0,6,17,170.0,10.0,Opponent,TrainingAgent,Search,140.0
915,3,Opponent,Electrike,Thunder Jolt,1,False,30.0,6,1,140.0,10.0,Player,TrainingAgent,Search,140.0
915,4,Player,Eevee ex,Evolution Burst,0,True,618.0,6,10,140.0,0.0,Opponent,TrainingAgent,Search,140.0
916,1,Player,Eevee ex,Evolution Burst,0,True,633.0,6,17,200.0,10.0,Opponent,TrainingAgent,Aggressive,170.0
916,2,Opponent,Electrike,Thunder Jolt,1,False,45.0,6,1,170.0,10.0,Player,TrainingAgent,Aggressive,170.0
916,3,Player,Eevee ex,Evolution Burst,0,True,633.0,6,10,170.0,0.0,Opponent,TrainingAgent,Aggressive,170.0
917,1,Opponent,Electrike,Thunder Jolt,1,False,0.0,6,1,170.0,70.0,Player,TrainingAgent,Defensive,140.0
917,2,Player,Eevee ex,Evolution Burst,0,True,618.0,6,17,170.0,10.0,Opponent,TrainingAgent,Defensive,140.0
917,3,Opponent,Electrike,Thunder Jolt,1,False,0.0,6,1,140.0,10.0,Player,TrainingAgent,Defensive,140.0
917,4,Player,Eevee ex,Evolution Burst,0,True,618.0,6,10,140.0,0.0,Opponent,TrainingAgent,Defensive,140.0
918,1,Player,Eevee ex,Evolution Burst,0,True,633.0,6,17,200.0,10.0,Opponent,TrainingAgent,Random,170.0
918,2,Opponent,Electrike,Thunder Jolt,1,False,0.0,6,1,170.0,10.0,Player,TrainingAgent,Random,170.0
918,3,Player,Eevee ex,Evolution Burst,0,True,633.0,6,10,170.0,0.0,Opponent,TrainingAgent,Random,170.0
919,1,Opponent,Electrike,Thunder Jolt,1,False,30.0,6,1,170.0,70.0,Player,TrainingAgent,Greedy,140.0
919,2,Player,Eevee ex,Evolution Burst,0,True,618.0,6,17,170.0,10.0,Opponent,TrainingAgent,Greedy,140.0
919,3,Opponent,Electrike,Thunder Jolt,1,False,30.0,6,1,140.0,10.0,Player,TrainingAgent,Greedy,140.0
919,4,Player,Eevee ex,Evolution Burst,0,True,618.0,6,10,140.0,0.0,Opponent,TrainingAgent,Greedy,140.0
920,1,Player,Eevee ex,Evolution Burst,0,True,633.0,6,17,200.0,10.0,Opponent,TrainingAgent,Heuristic,170.0
920,2,Opponent,Electrike,Thunder Jolt,1,False,30.0,6,1,170.0,10.0,Player,TrainingAgent,Heuristic,170.0
920,3,Player,Eevee ex,Evolution Burst,0,True,633.0,6,10,170.0,0.0,Opponent,TrainingAgent,Heuristic,170.0
921,1,Opponent,Electrike,Thunder Jolt,1,False,30.0,6,1,170.0,70.0,Player,TrainingAgent,Search,140.0
921,2,Player,Eevee ex,Evolution Burst,0,True,618.0,6,17,170.0,10.0,Opponent,TrainingAgent,Search,140.0
921,3,Opponent,Electrike,Thunder Jolt,1,False,30.0,6,1,140.0,10.0,Player,TrainingAgent,Search,140.0
921,4,Player,Eevee ex,Evolution Burst,0,True,618.0,6,10,140.0,0.0,Opponent,TrainingAgent,Search,140.0
922,1,Player,Eevee ex,Evolution Burst,0,True,633.0,6,17,200.0,10.0,Opponent,TrainingAgent,Aggressive,170.0
922,2,Opponent,Electrike,Thunder Jolt,1,False,45.0,6,1,170.0,10.0,Player,TrainingAgent,Aggressive,170.0
922,3,Player,Eevee ex,Evolution Burst,0,True,633.0,6,10,170.0,0.0,Opponent,TrainingAgent,Aggressive,170.0
923,1,Opponent,Electrike,Thunder Jolt,1,False,0.0,6,1,170.0,70.0,Player,TrainingAgent,Defensive,140.0
923,2,Player,Eevee ex,Evolution Burst,0,True,618.0,6,17,170.0,10.0,Opponent,TrainingAgent,Defensive,140.0
923,3,Opponent,Electrike,Thunder Jolt,1,False,0.0,6,1,140.0,10.0,Player,TrainingAgent,Defensive,140.0
923,4,Player,Eevee ex,Evolution Burst,0,True,618.0,6,10,140.0,0.0,Opponent,TrainingAgent,Defensive,140.0
924,1,Player,Eevee ex,Evolution Burst,0,True,633.0,6,17,200.0,10.0,Opponent,TrainingAgent,Random,170.0
924,2,Opponent,Electrike,Thunder Jolt,1,False,0.0,6,1,170.0,10.0,Player,TrainingAgent,Random,170.0
924,3,Player,Eevee ex,Evolution Burst,0,True,633.0,6,10,170.0,0.0,Opponent,TrainingAgent,Random,170.0
925,1,Opponent,Electrike,Thunder Jolt,1,False,30.0,6,1,170.0,70.0,Player,TrainingAgent,Greedy,140.0
925,2,Player,Eevee ex,Evolution Burst,0,True,618.0,6,17,170.0,10.0,Opponent,TrainingAgent,Greedy,140.0
925,3,Opponent,Electrike,Thunder Jolt,1,False,30.0,6,1,140.0,10.0,Player,TrainingAgent,Greedy,140.0
925,4,Player,Eevee ex,Evolution Burst,0,True,618.0,6,10,140.0,0.0,Opponent,TrainingAgent,Greedy,140.0
926,1,Player,Eevee ex,Evolution Burst,0,True,633.0,6,17,200.0,10.0,Opponent,TrainingAgent,Heuristic,170.0
926,2,Opponent,Electrike,Thunder Jolt,1,False,30.0,6,1,170.0,10.0,Player,TrainingAgent,Heuristic,170.0
926,3,Player,Eevee ex,Evolution Burst,0,True,633.0,6,10,170.0,0.0,Opponent,TrainingAgent,Heuristic,170.0
927,1,Opponent,Electrike,Thunder Jolt,1,False,30.0,6,1,170.0,70.0,Player,TrainingAgent,Search,140.0
927,2,Player,Eevee ex,Evolution Burst,0,True,618.0,6,17,170.0,10.0,Opponent,TrainingAgent,Search,140.0
927,3,Opponent,Electrike,Thunder Jolt,1,False,30.0,6,1,140.0,10.0,Player,TrainingAgent,Search,140.0
927,4,Player,Eevee ex,Evolution Burst,0,True,618.0,6,10,140.0,0.0,Opponent,TrainingAgent,Search,140.0
928,1,Player,Eevee ex,Evolution Burst,0,True,633.0,6,17,200.0,10.0,Opponent,TrainingAgent,Aggressive,170.0
928,2,Opponent,Electrike,Thunder Jolt,1,False,45.0,6,1,170.0,10.0,Player,TrainingAgent,Aggressive,170.0
928,3,Player,Eevee ex,Evolution Burst,0,True,633.0,6,10,170.0,0.0,Opponent,TrainingAgent,Aggressive,170.0
929,1,Opponent,Electrike,Thunder Jolt,1,False,0.0,6,1,170.0,70.0,Player,TrainingAgent,Defensive,140.0
929,2,Player,Eevee ex,Evolution Burst,0,True,618.0,6,17,170.0,10.0,Opponent,TrainingAgent,Defensive,140.0
929,3,Opponent,Electrike,Thunder Jolt,1,False,0.0,6,1,140.0,10.0,Player,TrainingAgent,Defensive,140.0
929,4,Player,Eevee ex,Evolution Burst,0,True,618.0,6,10,140.0,0.0,Opponent,TrainingAgent,Defensive,140.0
930,1,Player,Eevee ex,Evolution Burst,0,True,633.0,6,17,200.0,10.0,Opponent,TrainingAgent,Random,170.0
930,2,Opponent,Electrike,Thunder Jolt,1,False,0.0,6,1,170.0,10.0,Player,TrainingAgent,Random,170.0
930,3,Player,Eevee ex,Evolution Burst,0,True,633.0,6,10,170.0,0.0,Opponent,TrainingAgent,Random,170.0
931,1,Opponent,Electrike,Thunder Jolt,1,False,30.0,6,1,170.0,70.0,Player,TrainingAgent,Greedy,140.0
931,2,Player,Eevee ex,Evolution Burst,0,True,618.0,6,17,170.0,10.0,Opponent,TrainingAgent,Greedy,140.0
931,3,Opponent,Electrike,Thunder Jolt,1,False,30.0,6,1,140.0,10.0,Player,TrainingAgent,Greedy,140.0
931,4,Player,Eevee ex,Evolution Burst,0,True,618.0,6,10,140.0,0.0,Opponent,TrainingAgent,Greedy,140.0
932,1,Player,Eevee ex,Evolution Burst,0,True,633.0,6,17,200.0,10.0,Opponent,TrainingAgent,Heuristic,170.0
932,2,Opponent,Electrike,Thunder Jolt,1,False,30.0,6,1,170.0,10.0,Player,TrainingAgent,Heuristic,170.0
932,3,Player,Eevee ex,Evolution Burst,0,True,633.0,6,10,170.0,0.0,Opponent,TrainingAgent,Heuristic,170.0
933,1,Opponent,Electrike,Thunder Jolt,1,False,30.0,6,1,170.0,70.0,Player,TrainingAgent,Search,140.0
933,2,Player,Eevee ex,Evolution Burst,0,True,618.0,6,17,170.0,10.0,Opponent,TrainingAgent,Search,140.0
933,3,Opponent,Electrike,Thunder Jolt,1,False,30.0,6,1,140.0,10.0,Player,TrainingAgent,Search,140.0
933,4,Player,Eevee ex,Evolution Burst,0,True,618.0,6,10,140.0,0.0,Opponent,TrainingAgent,Search,140.0
934,1,Player,Eevee ex,Evolution Burst,0,True,633.0,6,17,200.0,10.0,Opponent,TrainingAgent,Aggressive,170.0
934,2,Opponent,Electrike,Thunder Jolt,1,False,45.0,6,1,170.0,10.0,Player,TrainingAgent,Aggressive,170.0
934,3,Player,Eevee ex,Evolution Burst,0,True,633.0,6,10,170.0,0.0,Opponent,TrainingAgent,Aggressive,170.0
935,1,Opponent,Electrike,Thunder Jolt,1,False,0.0,6,1,170.0,70.0,Player,TrainingAgent,Defensive,140.0
935,2,Player,Eevee ex,Evolution Burst,0,True,618.0,6,17,170.0,10.0,Opponent,TrainingAgent,Defensive,140.0
935,3,Opponent,Electrike,Thunder Jolt,1,False,0.0,6,1,140.0,10.0,Player,TrainingAgent,Defensive,140.0
935,4,Player,Eevee ex,Evolution Burst,0,True,618.0,6,10,140.0,0.0,Opponent,TrainingAgent,Defensive,140.0
936,1,Player,Eevee ex,Evolution Burst,0,True,633.0,6,17,200.0,10.0,Opponent,TrainingAgent,Random,170.0
936,2,Opponent,Electrike,Thunder Jolt,1,False,0.0,6,1,170.0,10.0,Player,TrainingAgent,Random,170.0
936,3,Player,Eevee ex,Evolution Burst,0,True,633.0,6,10,170.0,0.0,Opponent,TrainingAgent,Random,170.0
937,1,Opponent,Electrike,Thunder Jolt,1,False,30.0,6,1,170.0,70.0,Player,TrainingAgent,Greedy,140.0
937,2,Player,Eevee ex,Evolution Burst,0,True,618.0,6,17,170.0,10.0,Opponent,TrainingAgent,Greedy,140.0
937,3,Opponent,Electrike,Thunder Jolt,1,False,30.0,6,1,140.0,10.0,Player,TrainingAgent,Greedy,140.0
937,4,Player,Eevee ex,Evolution Burst,0,True,618.0,6,10,140.0,0.0,Opponent,TrainingAgent,Greedy,140.0
938,1,Player,Eevee ex,Evolution Burst,0,True,633.0,6,17,200.0,10.0,Opponent,TrainingAgent,Heuristic,170.0
938,2,Opponent,Electrike,Thunder Jolt,1,False,30.0,6,1,170.0,10.0,Player,TrainingAgent,Heuristic,170.0
938,3,Player,Eevee ex,Evolution Burst,0,True,633.0,6,10,170.0,0.0,Opponent,TrainingAgent,Heuristic,170.0
939,1,Opponent,Electrike,Thunder Jolt,1,False,30.0,6,1,170.0,70.0,Player,TrainingAgent,Search,140.0
939,2,Player,Eevee ex,Evolution Burst,0,True,618.0,6,17,170.0,10.0,Opponent,TrainingAgent,Search,140.0
939,3,Opponent,Electrike,Thunder Jolt,1,False,30.0,6,1,140.0,10.0,Player,TrainingAgent,Search,140.0
939,4,Player,Eevee ex,Evolution Burst,0,True,618.0,6,10,140.0,0.0,Opponent,TrainingAgent,Search,140.0
940,1,Player,Eevee ex,Evolution Burst,0,True,633.0,6,17,200.0,10.0,Opponent,TrainingAgent,Aggressive,170.0
940,2,Opponent,Electrike,Thunder Jolt,1,False,45.0,6,1,170.0,10.0,Player,TrainingAgent,Aggressive,170.0
940,3,Player,Eevee ex,Evolution Burst,0,True,633.0,6,10,170.0,0.0,Opponent,TrainingAgent,Aggressive,170.0
941,1,Opponent,Electrike,Thunder Jolt,1,False,0.0,6,1,170.0,70.0,Player,TrainingAgent,Defensive,140.0
941,2,Player,Eevee ex,Evolution Burst,0,True,618.0,6,17,170.0,10.0,Opponent,TrainingAgent,Defensive,140.0
941,3,Opponent,Electrike,Thunder Jolt,1,False,0.0,6,1,140.0,10.0,Player,TrainingAgent,Defensive,140.0
941,4,Player,Eevee ex,Evolution Burst,0,True,618.0,6,10,140.0,0.0,Opponent,TrainingAgent,Defensive,140.0
942,1,Player,Eevee ex,Evolution Burst,0,True,633.0,6,17,200.0,10.0,Opponent,TrainingAgent,Random,170.0
942,2,Opponent,Electrike,Thunder Jolt,1,False,0.0,6,1,170.0,10.0,Player,TrainingAgent,Random,170.0
942,3,Player,Eevee ex,Evolution Burst,0,True,633.0,6,10,170.0,0.0,Opponent,TrainingAgent,Random,170.0
943,1,Opponent,Electrike,Thunder Jolt,1,False,30.0,6,1,170.0,70.0,Player,TrainingAgent,Greedy,140.0
943,2,Player,Eevee ex,Evolution Burst,0,True,618.0,6,17,170.0,10.0,Opponent,TrainingAgent,Greedy,140.0
943,3,Opponent,Electrike,Thunder Jolt,1,False,30.0,6,1,140.0,10.0,Player,TrainingAgent,Greedy,140.0
943,4,Player,Eevee ex,Evolution Burst,0,True,618.0,6,10,140.0,0.0,Opponent,TrainingAgent,Greedy,140.0
944,1,Player,Eevee ex,Evolution Burst,0,True,633.0,6,17,200.0,10.0,Opponent,TrainingAgent,Heuristic,170.0
944,2,Opponent,Electrike,Thunder Jolt,1,False,30.0,6,1,170.0,10.0,Player,TrainingAgent,Heuristic,170.0
944,3,Player,Eevee ex,Evolution Burst,0,True,633.0,6,10,170.0,0.0,Opponent,TrainingAgent,Heuristic,170.0
945,1,Opponent,Electrike,Thunder Jolt,1,False,30.0,6,1,170.0,70.0,Player,TrainingAgent,Search,140.0
945,2,Player,Eevee ex,Evolution Burst,0,True,618.0,6,17,170.0,10.0,Opponent,TrainingAgent,Search,140.0
945,3,Opponent,Electrike,Thunder Jolt,1,False,30.0,6,1,140.0,10.0,Player,TrainingAgent,Search,140.0
945,4,Player,Eevee ex,Evolution Burst,0,True,618.0,6,10,140.0,0.0,Opponent,TrainingAgent,Search,140.0
946,1,Player,Eevee ex,Evolution Burst,0,True,633.0,6,17,200.0,10.0,Opponent,TrainingAgent,Aggressive,170.0
946,2,Opponent,Electrike,Thunder Jolt,1,False,45.0,6,1,170.0,10.0,Player,TrainingAgent,Aggressive,170.0
946,3,Player,Eevee ex,Evolution Burst,0,True,633.0,6,10,170.0,0.0,Opponent,TrainingAgent,Aggressive,170.0
947,1,Opponent,Electrike,Thunder Jolt,1,False,0.0,6,1,170.0,70.0,Player,TrainingAgent,Defensive,140.0
947,2,Player,Eevee ex,Evolution Burst,0,True,618.0,6,17,170.0,10.0,Opponent,TrainingAgent,Defensive,140.0
947,3,Opponent,Electrike,Thunder Jolt,1,False,0.0,6,1,140.0,10.0,Player,TrainingAgent,Defensive,140.0
947,4,Player,Eevee ex,Evolution Burst,0,True,618.0,6,10,140.0,0.0,Opponent,TrainingAgent,Defensive,140.0
948,1,Player,Eevee ex,Evolution Burst,0,True,633.0,6,17,200.0,10.0,Opponent,TrainingAgent,Random,170.0
948,2,Opponent,Electrike,Thunder Jolt,1,False,0.0,6,1,170.0,10.0,Player,TrainingAgent,Random,170.0
948,3,Player,Eevee ex,Evolution Burst,0,True,633.0,6,10,170.0,0.0,Opponent,TrainingAgent,Random,170.0
949,1,Opponent,Electrike,Thunder Jolt,1,False,30.0,6,1,170.0,70.0,Player,TrainingAgent,Greedy,140.0
949,2,Player,Eevee ex,Evolution Burst,0,True,618.0,6,17,170.0,10.0,Opponent,TrainingAgent,Greedy,140.0
949,3,Opponent,Electrike,Thunder Jolt,1,False,30.0,6,1,140.0,10.0,Player,TrainingAgent,Greedy,140.0
949,4,Player,Eevee ex,Evolution Burst,0,True,618.0,6,10,140.0,0.0,Opponent,TrainingAgent,Greedy,140.0
950,1,Player,Eevee ex,Evolution Burst,0,True,633.0,6,17,200.0,10.0,Opponent,TrainingAgent,Heuristic,170.0
950,2,Opponent,Electrike,Thunder Jolt,1,False,30.0,6,1,170.0,10.0,Player,TrainingAgent,Heuristic,170.0
950,3,Player,Eevee ex,Evolution Burst,0,True,633.0,6,10,170.0,0.0,Opponent,TrainingAgent,Heuristic,170.0
951,1,Opponent,Electrike,Thunder Jolt,1,False,30.0,6,1,170.0,70.0,Player,TrainingAgent,Search,140.0
951,2,Player,Eevee ex,Evolution Burst,0,True,618.0,6,17,170.0,10.0,Opponent,TrainingAgent,Search,140.0
951,3,Opponent,Electrike,Thunder Jolt,1,False,30.0,6,1,140.0,10.0,Player,TrainingAgent,Search,140.0
951,4,Player,Eevee ex,Evolution Burst,0,True,618.0,6,10,140.0,0.0,Opponent,TrainingAgent,Search,140.0
952,1,Player,Eevee ex,Evolution Burst,0,True,633.0,6,17,200.0,10.0,Opponent,TrainingAgent,Aggressive,170.0
952,2,Opponent,Electrike,Thunder Jolt,1,False,45.0,6,1,170.0,10.0,Player,TrainingAgent,Aggressive,170.0
952,3,Player,Eevee ex,Evolution Burst,0,True,633.0,6,10,170.0,0.0,Opponent,TrainingAgent,Aggressive,170.0
953,1,Opponent,Electrike,Thunder Jolt,1,False,0.0,6,1,170.0,70.0,Player,TrainingAgent,Defensive,140.0
953,2,Player,Eevee ex,Evolution Burst,0,True,618.0,6,17,170.0,10.0,Opponent,TrainingAgent,Defensive,140.0
953,3,Opponent,Electrike,Thunder Jolt,1,False,0.0,6,1,140.0,10.0,Player,TrainingAgent,Defensive,140.0
953,4,Player,Eevee ex,Evolution Burst,0,True,618.0,6,10,140.0,0.0,Opponent,TrainingAgent,Defensive,140.0
954,1,Player,Eevee ex,Evolution Burst,0,True,633.0,6,17,200.0,10.0,Opponent,TrainingAgent,Random,170.0
954,2,Opponent,Electrike,Thunder Jolt,1,False,0.0,6,1,170.0,10.0,Player,TrainingAgent,Random,170.0
954,3,Player,Eevee ex,Evolution Burst,0,True,633.0,6,10,170.0,0.0,Opponent,TrainingAgent,Random,170.0
955,1,Opponent,Electrike,Thunder Jolt,1,False,30.0,6,1,170.0,70.0,Player,TrainingAgent,Greedy,140.0
955,2,Player,Eevee ex,Evolution Burst,0,True,618.0,6,17,170.0,10.0,Opponent,TrainingAgent,Greedy,140.0
955,3,Opponent,Electrike,Thunder Jolt,1,False,30.0,6,1,140.0,10.0,Player,TrainingAgent,Greedy,140.0
955,4,Player,Eevee ex,Evolution Burst,0,True,618.0,6,10,140.0,0.0,Opponent,TrainingAgent,Greedy,140.0
956,1,Player,Eevee ex,Evolution Burst,0,True,633.0,6,17,200.0,10.0,Opponent,TrainingAgent,Heuristic,170.0
956,2,Opponent,Electrike,Thunder Jolt,1,False,30.0,6,1,170.0,10.0,Player,TrainingAgent,Heuristic,170.0
956,3,Player,Eevee ex,Evolution Burst,0,True,633.0,6,10,170.0,0.0,Opponent,TrainingAgent,Heuristic,170.0
957,1,Opponent,Electrike,Thunder Jolt,1,False,30.0,6,1,170.0,70.0,Player,TrainingAgent,Search,140.0
957,2,Player,Eevee ex,Evolution Burst,0,True,618.0,6,17,170.0,10.0,Opponent,TrainingAgent,Search,140.0
957,3,Opponent,Electrike,Thunder Jolt,1,False,30.0,6,1,140.0,10.0,Player,TrainingAgent,Search,140.0
957,4,Player,Eevee ex,Evolution Burst,0,True,618.0,6,10,140.0,0.0,Opponent,TrainingAgent,Search,140.0
958,1,Player,Eevee ex,Evolution Burst,0,True,633.0,6,17,200.0,10.0,Opponent,TrainingAgent,Aggressive,170.0
958,2,Opponent,Electrike,Thunder Jolt,1,False,45.0,6,1,170.0,10.0,Player,TrainingAgent,Aggressive,170.0
958,3,Player,Eevee ex,Evolution Burst,0,True,633.0,6,10,170.0,0.0,Opponent,TrainingAgent,Aggressive,170.0
959,1,Opponent,Electrike,Thunder Jolt,1,False,0.0,6,1,170.0,70.0,Player,TrainingAgent,Defensive,140.0
959,2,Player,Eevee ex,Evolution Burst,0,True,618.0,6,17,170.0,10.0,Opponent,TrainingAgent,Defensive,140.0
959,3,Opponent,Electrike,Thunder Jolt,1,False,0.0,6,1,140.0,10.0,Player,TrainingAgent,Defensive,140.0
959,4,Player,Eevee ex,Evolution Burst,0,True,618.0,6,10,140.0,0.0,Opponent,TrainingAgent,Defensive,140.0
960,1,Player,Eevee ex,Evolution Burst,0,True,633.0,6,17,200.0,10.0,Opponent,TrainingAgent,Random,170.0
960,2,Opponent,Electrike,Thunder Jolt,1,False,0.0,6,1,170.0,10.0,Player,TrainingAgent,Random,170.0
960,3,Player,Eevee ex,Evolution Burst,0,True,633.0,6,10,170.0,0.0,Opponent,TrainingAgent,Random,170.0
961,1,Opponent,Electrike,Thunder Jolt,1,False,30.0,6,1,170.0,70.0,Player,TrainingAgent,Greedy,140.0
961,2,Player,Eevee ex,Evolution Burst,0,True,618.0,6,17,170.0,10.0,Opponent,TrainingAgent,Greedy,140.0
961,3,Opponent,Electrike,Thunder Jolt,1,False,30.0,6,1,140.0,10.0,Player,TrainingAgent,Greedy,140.0
961,4,Player,Eevee ex,Evolution Burst,0,True,618.0,6,10,140.0,0.0,Opponent,TrainingAgent,Greedy,140.0
962,1,Player,Eevee ex,Evolution Burst,0,True,633.0,6,17,200.0,10.0,Opponent,TrainingAgent,Heuristic,170.0
962,2,Opponent,Electrike,Thunder Jolt,1,False,30.0,6,1,170.0,10.0,Player,TrainingAgent,Heuristic,170.0
962,3,Player,Eevee ex,Evolution Burst,0,True,633.0,6,10,170.0,0.0,Opponent,TrainingAgent,Heuristic,170.0
963,1,Opponent,Electrike,Thunder Jolt,1,False,30.0,6,1,170.0,70.0,Player,TrainingAgent,Search,140.0
963,2,Player,Eevee ex,Evolution Burst,0,True,618.0,6,17,170.0,10.0,Opponent,TrainingAgent,Search,140.0
963,3,Opponent,Electrike,Thunder Jolt,1,False,30.0,6,1,140.0,10.0,Player,TrainingAgent,Search,140.0
963,4,Player,Eevee ex,Evolution Burst,0,True,618.0,6,10,140.0,0.0,Opponent,TrainingAgent,Search,140.0
964,1,Player,Eevee ex,Evolution Burst,0,True,633.0,6,17,200.0,10.0,Opponent,TrainingAgent,Aggressive,170.0
964,2,Opponent,Electrike,Thunder Jolt,1,False,45.0,6,1,170.0,10.0,Player,TrainingAgent,Aggressive,170.0
964,3,Player,Eevee ex,Evolution Burst,0,True,633.0,6,10,170.0,0.0,Opponent,TrainingAgent,Aggressive,170.0
965,1,Opponent,Electrike,Thunder Jolt,1,False,0.0,6,1,170.0,70.0,Player,TrainingAgent,Defensive,140.0
965,2,Player,Eevee ex,Evolution Burst,0,True,618.0,6,17,170.0,10.0,Opponent,TrainingAgent,Defensive,140.0
965,3,Opponent,Electrike,Thunder Jolt,1,False,0.0,6,1,140.0,10.0,Player,TrainingAgent,Defensive,140.0
965,4,Player,Eevee ex,Evolution Burst,0,True,618.0,6,10,140.0,0.0,Opponent,TrainingAgent,Defensive,140.0
966,1,Player,Eevee ex,Evolution Burst,0,True,633.0,6,17,200.0,10.0,Opponent,TrainingAgent,Random,170.0
966,2,Opponent,Electrike,Thunder Jolt,1,False,0.0,6,1,170.0,10.0,Player,TrainingAgent,Random,170.0
966,3,Player,Eevee ex,Evolution Burst,0,True,633.0,6,10,170.0,0.0,Opponent,TrainingAgent,Random,170.0
967,1,Opponent,Electrike,Thunder Jolt,1,False,30.0,6,1,170.0,70.0,Player,TrainingAgent,Greedy,140.0
967,2,Player,Eevee ex,Evolution Burst,0,True,618.0,6,17,170.0,10.0,Opponent,TrainingAgent,Greedy,140.0
967,3,Opponent,Electrike,Thunder Jolt,1,False,30.0,6,1,140.0,10.0,Player,TrainingAgent,Greedy,140.0
967,4,Player,Eevee ex,Evolution Burst,0,True,618.0,6,10,140.0,0.0,Opponent,TrainingAgent,Greedy,140.0
968,1,Player,Eevee ex,Evolution Burst,0,True,633.0,6,17,200.0,10.0,Opponent,TrainingAgent,Heuristic,170.0
968,2,Opponent,Electrike,Thunder Jolt,1,False,30.0,6,1,170.0,10.0,Player,TrainingAgent,Heuristic,170.0
968,3,Player,Eevee ex,Evolution Burst,0,True,633.0,6,10,170.0,0.0,Opponent,TrainingAgent,Heuristic,170.0
969,1,Opponent,Electrike,Thunder Jolt,1,False,30.0,6,1,170.0,70.0,Player,TrainingAgent,Search,140.0
969,2,Player,Eevee ex,Evolution Burst,0,True,618.0,6,17,170.0,10.0,Opponent,TrainingAgent,Search,140.0
969,3,Opponent,Electrike,Thunder Jolt,1,False,30.0,6,1,140.0,10.0,Player,TrainingAgent,Search,140.0
969,4,Player,Eevee ex,Evolution Burst,0,True,618.0,6,10,140.0,0.0,Opponent,TrainingAgent,Search,140.0
970,1,Player,Eevee ex,Evolution Burst,0,True,633.0,6,17,200.0,10.0,Opponent,TrainingAgent,Aggressive,170.0
970,2,Opponent,Electrike,Thunder Jolt,1,False,45.0,6,1,170.0,10.0,Player,TrainingAgent,Aggressive,170.0
970,3,Player,Eevee ex,Evolution Burst,0,True,633.0,6,10,170.0,0.0,Opponent,TrainingAgent,Aggressive,170.0
971,1,Opponent,Electrike,Thunder Jolt,1,False,0.0,6,1,170.0,70.0,Player,TrainingAgent,Defensive,140.0
971,2,Player,Eevee ex,Evolution Burst,0,True,618.0,6,17,170.0,10.0,Opponent,TrainingAgent,Defensive,140.0
971,3,Opponent,Electrike,Thunder Jolt,1,False,0.0,6,1,140.0,10.0,Player,TrainingAgent,Defensive,140.0
971,4,Player,Eevee ex,Evolution Burst,0,True,618.0,6,10,140.0,0.0,Opponent,TrainingAgent,Defensive,140.0
972,1,Player,Eevee ex,Evolution Burst,0,True,633.0,6,17,200.0,10.0,Opponent,TrainingAgent,Random,170.0
972,2,Opponent,Electrike,Thunder Jolt,1,False,0.0,6,1,170.0,10.0,Player,TrainingAgent,Random,170.0
972,3,Player,Eevee ex,Evolution Burst,0,True,633.0,6,10,170.0,0.0,Opponent,TrainingAgent,Random,170.0
973,1,Opponent,Electrike,Thunder Jolt,1,False,30.0,6,1,170.0,70.0,Player,TrainingAgent,Greedy,140.0
973,2,Player,Eevee ex,Evolution Burst,0,True,618.0,6,17,170.0,10.0,Opponent,TrainingAgent,Greedy,140.0
973,3,Opponent,Electrike,Thunder Jolt,1,False,30.0,6,1,140.0,10.0,Player,TrainingAgent,Greedy,140.0
973,4,Player,Eevee ex,Evolution Burst,0,True,618.0,6,10,140.0,0.0,Opponent,TrainingAgent,Greedy,140.0
974,1,Player,Eevee ex,Evolution Burst,0,True,633.0,6,17,200.0,10.0,Opponent,TrainingAgent,Heuristic,170.0
974,2,Opponent,Electrike,Thunder Jolt,1,False,30.0,6,1,170.0,10.0,Player,TrainingAgent,Heuristic,170.0
974,3,Player,Eevee ex,Evolution Burst,0,True,633.0,6,10,170.0,0.0,Opponent,TrainingAgent,Heuristic,170.0
975,1,Opponent,Electrike,Thunder Jolt,1,False,30.0,6,1,170.0,70.0,Player,TrainingAgent,Search,140.0
975,2,Player,Eevee ex,Evolution Burst,0,True,618.0,6,17,170.0,10.0,Opponent,TrainingAgent,Search,140.0
975,3,Opponent,Electrike,Thunder Jolt,1,False,30.0,6,1,140.0,10.0,Player,TrainingAgent,Search,140.0
975,4,Player,Eevee ex,Evolution Burst,0,True,618.0,6,10,140.0,0.0,Opponent,TrainingAgent,Search,140.0
976,1,Player,Eevee ex,Evolution Burst,0,True,633.0,6,17,200.0,10.0,Opponent,TrainingAgent,Aggressive,170.0
976,2,Opponent,Electrike,Thunder Jolt,1,False,45.0,6,1,170.0,10.0,Player,TrainingAgent,Aggressive,170.0
976,3,Player,Eevee ex,Evolution Burst,0,True,633.0,6,10,170.0,0.0,Opponent,TrainingAgent,Aggressive,170.0
977,1,Opponent,Electrike,Thunder Jolt,1,False,0.0,6,1,170.0,70.0,Player,TrainingAgent,Defensive,140.0
977,2,Player,Eevee ex,Evolution Burst,0,True,618.0,6,17,170.0,10.0,Opponent,TrainingAgent,Defensive,140.0
977,3,Opponent,Electrike,Thunder Jolt,1,False,0.0,6,1,140.0,10.0,Player,TrainingAgent,Defensive,140.0
977,4,Player,Eevee ex,Evolution Burst,0,True,618.0,6,10,140.0,0.0,Opponent,TrainingAgent,Defensive,140.0
978,1,Player,Eevee ex,Evolution Burst,0,True,633.0,6,17,200.0,10.0,Opponent,TrainingAgent,Random,170.0
978,2,Opponent,Electrike,Thunder Jolt,1,False,0.0,6,1,170.0,10.0,Player,TrainingAgent,Random,170.0
978,3,Player,Eevee ex,Evolution Burst,0,True,633.0,6,10,170.0,0.0,Opponent,TrainingAgent,Random,170.0
979,1,Opponent,Electrike,Thunder Jolt,1,False,30.0,6,1,170.0,70.0,Player,TrainingAgent,Greedy,140.0
979,2,Player,Eevee ex,Evolution Burst,0,True,618.0,6,17,170.0,10.0,Opponent,TrainingAgent,Greedy,140.0
979,3,Opponent,Electrike,Thunder Jolt,1,False,30.0,6,1,140.0,10.0,Player,TrainingAgent,Greedy,140.0
979,4,Player,Eevee ex,Evolution Burst,0,True,618.0,6,10,140.0,0.0,Opponent,TrainingAgent,Greedy,140.0
980,1,Player,Eevee ex,Evolution Burst,0,True,633.0,6,17,200.0,10.0,Opponent,TrainingAgent,Heuristic,170.0
980,2,Opponent,Electrike,Thunder Jolt,1,False,30.0,6,1,170.0,10.0,Player,TrainingAgent,Heuristic,170.0
980,3,Player,Eevee ex,Evolution Burst,0,True,633.0,6,10,170.0,0.0,Opponent,TrainingAgent,Heuristic,170.0
981,1,Opponent,Electrike,Thunder Jolt,1,False,30.0,6,1,170.0,70.0,Player,TrainingAgent,Search,140.0
981,2,Player,Eevee ex,Evolution Burst,0,True,618.0,6,17,170.0,10.0,Opponent,TrainingAgent,Search,140.0
981,3,Opponent,Electrike,Thunder Jolt,1,False,30.0,6,1,140.0,10.0,Player,TrainingAgent,Search,140.0
981,4,Player,Eevee ex,Evolution Burst,0,True,618.0,6,10,140.0,0.0,Opponent,TrainingAgent,Search,140.0
982,1,Player,Eevee ex,Evolution Burst,0,True,633.0,6,17,200.0,10.0,Opponent,TrainingAgent,Aggressive,170.0
982,2,Opponent,Electrike,Thunder Jolt,1,False,45.0,6,1,170.0,10.0,Player,TrainingAgent,Aggressive,170.0
982,3,Player,Eevee ex,Evolution Burst,0,True,633.0,6,10,170.0,0.0,Opponent,TrainingAgent,Aggressive,170.0
983,1,Opponent,Electrike,Thunder Jolt,1,False,0.0,6,1,170.0,70.0,Player,TrainingAgent,Defensive,140.0
983,2,Player,Eevee ex,Evolution Burst,0,True,618.0,6,17,170.0,10.0,Opponent,TrainingAgent,Defensive,140.0
983,3,Opponent,Electrike,Thunder Jolt,1,False,0.0,6,1,140.0,10.0,Player,TrainingAgent,Defensive,140.0
983,4,Player,Eevee ex,Evolution Burst,0,True,618.0,6,10,140.0,0.0,Opponent,TrainingAgent,Defensive,140.0
984,1,Player,Eevee ex,Evolution Burst,0,True,633.0,6,17,200.0,10.0,Opponent,TrainingAgent,Random,170.0
984,2,Opponent,Electrike,Thunder Jolt,1,False,0.0,6,1,170.0,10.0,Player,TrainingAgent,Random,170.0
984,3,Player,Eevee ex,Evolution Burst,0,True,633.0,6,10,170.0,0.0,Opponent,TrainingAgent,Random,170.0
985,1,Opponent,Electrike,Thunder Jolt,1,False,30.0,6,1,170.0,70.0,Player,TrainingAgent,Greedy,140.0
985,2,Player,Eevee ex,Evolution Burst,0,True,618.0,6,17,170.0,10.0,Opponent,TrainingAgent,Greedy,140.0
985,3,Opponent,Electrike,Thunder Jolt,1,False,30.0,6,1,140.0,10.0,Player,TrainingAgent,Greedy,140.0
985,4,Player,Eevee ex,Evolution Burst,0,True,618.0,6,10,140.0,0.0,Opponent,TrainingAgent,Greedy,140.0
986,1,Player,Eevee ex,Evolution Burst,0,True,633.0,6,17,200.0,10.0,Opponent,TrainingAgent,Heuristic,170.0
986,2,Opponent,Electrike,Thunder Jolt,1,False,30.0,6,1,170.0,10.0,Player,TrainingAgent,Heuristic,170.0
986,3,Player,Eevee ex,Evolution Burst,0,True,633.0,6,10,170.0,0.0,Opponent,TrainingAgent,Heuristic,170.0
987,1,Opponent,Electrike,Thunder Jolt,1,False,30.0,6,1,170.0,70.0,Player,TrainingAgent,Search,140.0
987,2,Player,Eevee ex,Evolution Burst,0,True,618.0,6,17,170.0,10.0,Opponent,TrainingAgent,Search,140.0
987,3,Opponent,Electrike,Thunder Jolt,1,False,30.0,6,1,140.0,10.0,Player,TrainingAgent,Search,140.0
987,4,Player,Eevee ex,Evolution Burst,0,True,618.0,6,10,140.0,0.0,Opponent,TrainingAgent,Search,140.0
988,1,Player,Eevee ex,Evolution Burst,0,True,633.0,6,17,200.0,10.0,Opponent,TrainingAgent,Aggressive,170.0
988,2,Opponent,Electrike,Thunder Jolt,1,False,45.0,6,1,170.0,10.0,Player,TrainingAgent,Aggressive,170.0
988,3,Player,Eevee ex,Evolution Burst,0,True,633.0,6,10,170.0,0.0,Opponent,TrainingAgent,Aggressive,170.0
989,1,Opponent,Electrike,Thunder Jolt,1,False,0.0,6,1,170.0,70.0,Player,TrainingAgent,Defensive,140.0
989,2,Player,Eevee ex,Evolution Burst,0,True,618.0,6,17,170.0,10.0,Opponent,TrainingAgent,Defensive,140.0
989,3,Opponent,Electrike,Thunder Jolt,1,False,0.0,6,1,140.0,10.0,Player,TrainingAgent,Defensive,140.0
989,4,Player,Eevee ex,Evolution Burst,0,True,618.0,6,10,140.0,0.0,Opponent,TrainingAgent,Defensive,140.0
990,1,Player,Eevee ex,Evolution Burst,0,True,633.0,6,17,200.0,10.0,Opponent,TrainingAgent,Random,170.0
990,2,Opponent,Electrike,Thunder Jolt,1,False,0.0,6,1,170.0,10.0,Player,TrainingAgent,Random,170.0
990,3,Player,Eevee ex,Evolution Burst,0,True,633.0,6,10,170.0,0.0,Opponent,TrainingAgent,Random,170.0
991,1,Opponent,Electrike,Thunder Jolt,1,False,30.0,6,1,170.0,70.0,Player,TrainingAgent,Greedy,140.0
991,2,Player,Eevee ex,Evolution Burst,0,True,618.0,6,17,170.0,10.0,Opponent,TrainingAgent,Greedy,140.0
991,3,Opponent,Electrike,Thunder Jolt,1,False,30.0,6,1,140.0,10.0,Player,TrainingAgent,Greedy,140.0
991,4,Player,Eevee ex,Evolution Burst,0,True,618.0,6,10,140.0,0.0,Opponent,TrainingAgent,Greedy,140.0
992,1,Player,Eevee ex,Evolution Burst,0,True,633.0,6,17,200.0,10.0,Opponent,TrainingAgent,Heuristic,170.0
992,2,Opponent,Electrike,Thunder Jolt,1,False,30.0,6,1,170.0,10.0,Player,TrainingAgent,Heuristic,170.0
992,3,Player,Eevee ex,Evolution Burst,0,True,633.0,6,10,170.0,0.0,Opponent,TrainingAgent,Heuristic,170.0
993,1,Opponent,Electrike,Thunder Jolt,1,False,30.0,6,1,170.0,70.0,Player,TrainingAgent,Search,140.0
993,2,Player,Eevee ex,Evolution Burst,0,True,618.0,6,17,170.0,10.0,Opponent,TrainingAgent,Search,140.0
993,3,Opponent,Electrike,Thunder Jolt,1,False,30.0,6,1,140.0,10.0,Player,TrainingAgent,Search,140.0
993,4,Player,Eevee ex,Evolution Burst,0,True,618.0,6,10,140.0,0.0,Opponent,TrainingAgent,Search,140.0
994,1,Player,Eevee ex,Evolution Burst,0,True,633.0,6,17,200.0,10.0,Opponent,TrainingAgent,Aggressive,170.0
994,2,Opponent,Electrike,Thunder Jolt,1,False,45.0,6,1,170.0,10.0,Player,TrainingAgent,Aggressive,170.0
994,3,Player,Eevee ex,Evolution Burst,0,True,633.0,6,10,170.0,0.0,Opponent,TrainingAgent,Aggressive,170.0
995,1,Opponent,Electrike,Thunder Jolt,1,False,0.0,6,1,170.0,70.0,Player,TrainingAgent,Defensive,140.0
995,2,Player,Eevee ex,Evolution Burst,0,True,618.0,6,17,170.0,10.0,Opponent,TrainingAgent,Defensive,140.0
995,3,Opponent,Electrike,Thunder Jolt,1,False,0.0,6,1,140.0,10.0,Player,TrainingAgent,Defensive,140.0
995,4,Player,Eevee ex,Evolution Burst,0,True,618.0,6,10,140.0,0.0,Opponent,TrainingAgent,Defensive,140.0
996,1,Player,Eevee ex,Evolution Burst,0,True,633.0,6,17,200.0,10.0,Opponent,TrainingAgent,Random,170.0
996,2,Opponent,Electrike,Thunder Jolt,1,False,0.0,6,1,170.0,10.0,Player,TrainingAgent,Random,170.0
996,3,Player,Eevee ex,Evolution Burst,0,True,633.0,6,10,170.0,0.0,Opponent,TrainingAgent,Random,170.0
997,1,Opponent,Electrike,Thunder Jolt,1,False,30.0,6,1,170.0,70.0,Player,TrainingAgent,Greedy,140.0
997,2,Player,Eevee ex,Evolution Burst,0,True,618.0,6,17,170.0,10.0,Opponent,TrainingAgent,Greedy,140.0
997,3,Opponent,Electrike,Thunder Jolt,1,False,30.0,6,1,140.0,10.0,Player,TrainingAgent,Greedy,140.0
997,4,Player,Eevee ex,Evolution Burst,0,True,618.0,6,10,140.0,0.0,Opponent,TrainingAgent,Greedy,140.0
998,1,Player,Eevee ex,Evolution Burst,0,True,633.0,6,17,200.0,10.0,Opponent,TrainingAgent,Heuristic,170.0
998,2,Opponent,Electrike,Thunder Jolt,1,False,30.0,6,1,170.0,10.0,Player,TrainingAgent,Heuristic,170.0
998,3,Player,Eevee ex,Evolution Burst,0,True,633.0,6,10,170.0,0.0,Opponent,TrainingAgent,Heuristic,170.0
999,1,Opponent,Electrike,Thunder Jolt,1,False,30.0,6,1,170.0,70.0,Player,TrainingAgent,Search,140.0
999,2,Player,Eevee ex,Evolution Burst,0,True,618.0,6,17,170.0,10.0,Opponent,TrainingAgent,Search,140.0
999,3,Opponent,Electrike,Thunder Jolt,1,False,30.0,6,1,140.0,10.0,Player,TrainingAgent,Search,140.0
999,4,Player,Eevee ex,Evolution Burst,0,True,618.0,6,10,140.0,0.0,Opponent,TrainingAgent,Search,140.0
